Date,BMOM,Signal,Position,Daily_Return,Equity_Curve,Drawdown
1997-12-11,0.005967696395451877,0,0,0.0,1.0,0.0
1997-12-12,0.01129438245214196,1,0,0.0,1.0,0.0
1997-12-15,0.010104282709081973,1,1,-0.0010482180293500676,0.9989517819706499,-0.0010482180293500676
1997-12-16,0.01154115030499846,1,1,0.0005723552418201994,0.9995235372593865,-0.0004764627406135258
1997-12-17,0.010580253499771708,1,1,-0.0009533797311468417,0.9985706117781592,-0.0014293882218407994
1997-12-18,0.013023786829701366,1,1,0.0015268632503100399,1.0000952925481228,0.0
1997-12-19,0.013634066716735081,1,1,0.0007622677465459748,1.0008576329331047,0.0
1997-12-22,0.013482545380297173,1,1,0.00028563267637826684,1.001143510577473,0.0
1997-12-23,0.009794380127665103,1,1,9.518370454975056e-05,1.0012388031255959,0.0
1997-12-24,0.009808269791305658,1,1,-9.517464547437182e-05,1.0011435105774733,-9.517464547428091e-05
1997-12-26,0.009335012041999867,1,1,9.518370454975056e-05,1.001238803125596,0.0
1997-12-29,0.00899701436864776,1,1,9.517464547448284e-05,1.001334095673719,0.0
1997-12-30,0.008063667218028547,1,1,-0.0007613247049866878,1.000571755288737,-0.0007613247049866896
1997-12-31,0.005512397675048719,1,1,-0.001619047619047631,0.9989517819706505,-0.0023791397030833495
1998-01-02,0.007875349256240382,1,1,0.0026709911284936716,1.001619973318087,0.0
1998-01-05,0.014466255683707173,1,1,0.0049471981733422155,1.0065751858204695,0.0
1998-01-06,0.016225985598761837,1,1,0.0017987314209977345,1.0083857442348014,0.0
1998-01-07,0.015569803220899691,1,1,-0.001417501417501299,1.0069563560129604,-0.0014175014175013864
1998-01-08,0.01863907622996036,1,1,0.0029336613986941096,1.0099104250047652,0.0
1998-01-09,0.020820468437362835,1,1,0.0033968673334592303,1.0133409567371838,0.0
1998-01-12,0.020232259151947242,1,1,0.00028211397404542815,1.013626834381552,0.0
1998-01-13,0.0185977346463293,1,1,-0.0010341261633919352,1.012578616352202,-0.0010341261633918964
1998-01-14,0.018567339479434453,1,1,-0.0009410878976097159,1.0116256908709744,-0.001974240857384689
1998-01-15,0.01663845010270737,1,1,-0.0012245666917859444,1.010386887745379,-0.0031963899595750123
1998-01-16,0.01400836735229658,1,1,-0.002074884466660376,1.0082904516866789,-0.0052646422863588055
1998-01-20,0.01315273280708149,1,1,0.0,1.0082904516866789,-0.0052646422863588055
1998-01-21,0.012897662029267886,1,1,0.0013231263585673503,1.0096245473603973,-0.0039484817147689396
1998-01-22,0.013083923948793841,1,1,0.000566304860783351,1.0101963026491336,-0.0033844128983734393
1998-01-23,0.00913722967622238,1,1,-0.003490236770116062,1.0066704783685922,-0.006862837266146421
1998-01-26,0.01267831082311508,1,1,0.001609238924649814,1.0082904516866789,-0.0052646422863588055
1998-01-27,0.009790238752404144,1,1,-0.0019846895378509144,1.0062893081761013,-0.007238883143743494
1998-01-28,0.008925520136172205,1,1,0.00028409090909087276,1.0065751858204695,-0.006956848735545744
1998-01-29,0.01341727349812689,1,1,0.00350279276720622,1.0101010101010106,-0.0034784243677729817
1998-01-30,0.017433369534853624,1,1,0.0010377358490565314,1.0111492281303607,-0.002444298204381085
1998-02-02,0.015344690286918837,1,1,-0.0017905946659126926,1.0093386697160287,-0.004230516122967128
1998-02-03,0.015482004385929502,1,1,0.0005664652567975992,1.0099104250047652,-0.0036664473065714086
1998-02-04,0.014649121655101228,1,1,0.0003774297037175689,1.010291595197256,-0.0032904014289745543
1998-02-05,0.01279871110788694,1,1,-0.0013205055649877506,1.0089574995235377,-0.004606562000564201
1998-02-06,0.0145145885206097,1,1,-0.00018889308651304226,1.0087669144272922,-0.004794584939362847
1998-02-09,0.013461770104643021,1,1,-0.00037785754770458535,1.0083857442348012,-0.0051706308169599206
1998-02-10,0.013677511652058959,1,1,0.00037800037800050923,1.0087669144272924,-0.004794584939362628
1998-02-11,0.015852746011158023,1,1,0.0014169658038920563,1.0101963026491336,-0.0033844128983734393
1998-02-12,0.01661509909599864,1,1,0.000282992170550056,1.010482180293502,-0.0031023784901754703
1998-02-13,0.020545325391599176,1,1,0.0008487363259146452,1.0113398132266065,-0.00225627526558222
1998-02-17,0.014864458136521352,1,1,-0.005841892019221584,1.005431675242997,-0.008084986368336525
1998-02-18,0.013306433074744866,1,1,-0.0010425552080371991,1.004383457213647,-0.009119112531728422
1998-02-19,0.01262982025089333,1,1,-0.00047438330170790355,1.0039069944730332,-0.009589169878724818
1998-02-20,0.010801873984552256,1,1,-0.00037968675842425803,1.0035258242805423,-0.009965215756321892
1998-02-23,0.011146036532294411,1,1,-0.0008546196942360584,1.0026681913474376,-0.010811318980915361
1998-02-24,0.008068780736385155,1,1,-0.0030412469112335305,0.99961882980751,-0.013819686001691837
1998-02-25,0.010341919605126065,1,1,0.0011439466158245093,1.0007623403849828,-0.012691548368900726
1998-02-26,0.009636440283554404,1,1,-0.0005713197486193478,1.0001905850962463,-0.013255617185296446
1998-02-27,0.010402218453990463,1,1,0.0008574695121952303,1.001048218029351,-0.012409513960702976
1998-03-02,0.005509967858346232,1,1,-0.004188481675392652,0.9968553459119506,-0.01654601861427067
1998-03-03,0.004105431769055239,1,1,-0.0014338973329509619,0.9954259576901096,-0.017956190655259642
1998-03-04,0.0047103828504812695,0,1,0.0005743825387707346,0.9959977129788459,-0.01739212183886414
1998-03-05,0.005784095819158563,0,0,0.0,0.9959977129788459,-0.01739212183886414
1998-03-06,0.006456095353515712,1,0,0.0,0.9959977129788459,-0.01739212183886414
1998-03-09,0.00775694056082934,1,1,0.0017193619256854475,0.9977101935246114,-0.01570266326527537
1998-03-10,0.005843621982708247,1,1,0.00019071231047962378,0.9979004691408075,-0.015514945645987788
1998-03-11,0.0063518178844356454,1,1,0.0010487177042615148,0.9989469850298864,-0.01448249873990582
1998-03-12,0.007637417799553786,1,1,0.0018095238095237054,1.00075460338375,-0.012699181356673313
1998-03-13,0.0072384691590811675,1,1,-0.0002851982127578534,1.0004691899594558,-0.012980757785604738
1998-03-16,0.007976738283167101,1,1,0.001521491061239999,1.001991394889025,-0.011479016831303656
1998-03-17,0.008902605809395264,1,1,-0.0004747436384352488,1.0015157058485347,-0.01194831087952277
1998-03-18,0.007782685777864977,1,1,-0.0004749691270067302,1.0010400168080442,-0.012417604927741887
1998-03-19,0.008031431909648362,1,1,0.0,1.0010400168080442,-0.012417604927741887
1998-03-20,0.007885207210944366,1,1,0.0002851168979280949,1.0013254302323384,-0.012136028498810462
1998-03-23,0.00830860807950936,1,1,0.00047505938242276,1.0018011192728289,-0.011666734450591345
1998-03-24,0.009986251230450948,1,1,0.0,1.0018011192728289,-0.011666734450591345
1998-03-25,0.007704365066905971,1,1,-0.0016144349477682507,1.0001837765351616,-0.013262334214536164
1998-03-26,0.0062609339235755734,1,1,-0.0011414439265670095,0.9990421228379847,-0.014388639930261866
1998-03-27,0.005763278663506116,1,1,-0.00019045805161421736,0.9988518472217884,-0.014576357549549557
1998-03-30,0.006144252289786921,1,1,-0.00028574149919036174,0.9985664337974942,-0.014857933978480982
1998-03-31,0.003449149898616055,1,1,-0.0015243902439023849,0.9970442288679249,-0.016359674932782065
1998-04-01,0.0042825537989724435,0,1,0.0015267175572519776,0.9985664337974943,-0.014857933978480873
1998-04-02,0.005259656978730454,0,0,0.0,0.9985664337974943,-0.014857933978480873
1998-04-03,0.008962570974747446,1,0,0.0,0.9985664337974943,-0.014857933978480873
1998-04-06,0.006798781988374025,1,1,-0.0008537279453614266,0.9977139297276615,-0.01569897729039455
1998-04-07,0.004960688845894396,1,1,0.0,0.9977139297276615,-0.01569897729039455
1998-04-08,-0.011382398383193463,0,1,-0.016804329250925676,0.980948016354283,-0.032239495758029604
1998-04-09,0.004096300902788674,0,0,0.0,0.980948016354283,-0.032239495758029604
1998-04-13,0.002824206231564758,0,0,-0.0,0.980948016354283,-0.032239495758029604
1998-04-14,0.003978350492660559,0,0,0.0,0.980948016354283,-0.032239495758029604
1998-04-15,0.00436514830751536,0,0,-0.0,0.980948016354283,-0.032239495758029604
1998-04-16,0.004843664582984537,0,0,0.0,0.980948016354283,-0.032239495758029604
1998-04-17,0.003372819348410189,0,0,0.0,0.980948016354283,-0.032239495758029604
1998-04-20,0.0019009617300609182,0,0,-0.0,0.980948016354283,-0.032239495758029604
1998-04-21,0.00017065806263332145,0,0,-0.0,0.980948016354283,-0.032239495758029604
1998-04-22,0.0015010403144978478,0,0,0.0,0.980948016354283,-0.032239495758029604
1998-04-23,0.0010937001766248957,0,0,-0.0,0.980948016354283,-0.032239495758029604
1998-04-24,0.0010703895925908815,0,0,0.0,0.980948016354283,-0.032239495758029604
1998-04-27,-0.0023168408226574067,0,0,-0.0,0.980948016354283,-0.032239495758029604
1998-04-28,-0.002227214080378847,0,0,-0.0,0.980948016354283,-0.032239495758029604
1998-04-29,-0.00013675668851397243,0,0,0.0,0.980948016354283,-0.032239495758029604
1998-04-30,0.0009995654688588428,0,0,0.0,0.980948016354283,-0.032239495758029604
1998-05-01,-0.01574504125317858,0,0,-0.0,0.980948016354283,-0.032239495758029604
1998-05-04,0.000873769693041565,0,0,0.0,0.980948016354283,-0.032239495758029604
1998-05-05,0.00047110924629932245,0,0,-0.0,0.980948016354283,-0.032239495758029604
1998-05-06,0.0025139615763366202,0,0,0.0,0.980948016354283,-0.032239495758029604
1998-05-07,0.004344275662899638,0,0,-0.0,0.980948016354283,-0.032239495758029604
1998-05-08,0.00043101403321253425,0,0,-0.0,0.980948016354283,-0.032239495758029604
1998-05-11,-0.0011945136929112426,0,0,-0.0,0.980948016354283,-0.032239495758029604
1998-05-12,0.0027780912298709546,0,0,0.0,0.980948016354283,-0.032239495758029604
1998-05-13,0.005008376837311196,0,0,0.0,0.980948016354283,-0.032239495758029604
1998-05-14,0.004185346857713879,1,0,-0.0,0.980948016354283,-0.032239495758029604
1998-05-15,-0.0023170668624848405,0,1,-0.00675804302303451,0.9743187274564004,-0.038779662881690415
1998-05-18,-0.0005961799542344159,0,0,0.0,0.9743187274564004,-0.038779662881690415
1998-05-19,-0.00020541480513379656,0,0,-0.0,0.9743187274564004,-0.038779662881690415
1998-05-20,0.0015495260799625377,0,0,0.0,0.9743187274564004,-0.038779662881690415
1998-05-21,-0.00019857185726644428,0,0,-0.0,0.9743187274564004,-0.038779662881690415
1998-05-22,0.00047235816239579167,0,0,0.0,0.9743187274564004,-0.038779662881690415
1998-05-26,0.0028981970748926163,0,0,0.0,0.9743187274564004,-0.038779662881690415
1998-05-27,0.004650020983113489,0,0,0.0,0.9743187274564004,-0.038779662881690415
1998-05-28,-0.009813595191164532,0,0,-0.0,0.9743187274564004,-0.038779662881690415
1998-05-29,0.004319131344965959,0,0,0.0,0.9743187274564004,-0.038779662881690415
1998-06-01,0.007166267160795514,0,0,-0.0,0.9743187274564004,-0.038779662881690415
1998-06-02,0.003612028417064694,1,0,-0.0,0.9743187274564004,-0.038779662881690415
1998-06-03,0.0025861142052321425,0,1,-0.00019091256204673002,0.9741327177718916,-0.03896317191894105
1998-06-04,0.0008707156653124383,0,0,-0.0,0.9741327177718916,-0.03896317191894105
1998-06-05,-9.798902999104127e-05,0,0,0.0,0.9741327177718916,-0.03896317191894105
1998-06-08,-0.0009429536501934569,0,0,0.0,0.9741327177718916,-0.03896317191894105
1998-06-09,-7.50833287536121e-06,0,0,0.0,0.9741327177718916,-0.03896317191894105
1998-06-10,0.0009020913277807798,0,0,0.0,0.9741327177718916,-0.03896317191894105
1998-06-11,0.003840633465770643,0,0,0.0,0.9741327177718916,-0.03896317191894105
1998-06-12,0.004696802263861199,0,0,0.0,0.9741327177718916,-0.03896317191894105
1998-06-15,0.006588020014104955,0,0,0.0,0.9741327177718916,-0.03896317191894105
1998-06-16,0.004071152141242096,1,0,-0.0,0.9741327177718916,-0.03896317191894105
1998-06-17,0.0010604182991593382,0,1,-0.0023757483607336205,0.971818423564508,-0.041246353587859316
1998-06-18,0.0016776325109451428,0,0,0.0,0.971818423564508,-0.041246353587859316
1998-06-19,0.0035181368413576327,0,0,0.0,0.971818423564508,-0.041246353587859316
1998-06-22,0.004239282209651818,0,0,0.0,0.971818423564508,-0.041246353587859316
1998-06-23,0.004556426474491659,0,0,0.0,0.971818423564508,-0.041246353587859316
1998-06-24,0.005118970974673787,0,0,0.0,0.971818423564508,-0.041246353587859316
1998-06-25,0.006625959633898071,1,0,-0.0,0.971818423564508,-0.041246353587859316
1998-06-26,0.0026034250294341144,1,1,0.0003800114003418287,0.9721877256445247,-0.04088201627210341
1998-06-29,0.0016218898981981977,0,1,0.00037986704653381054,0.9725570277245417,-0.04051767895634728
1998-06-30,-0.0013949820265900636,0,0,-0.0,0.9725570277245417,-0.04051767895634728
1998-07-01,-0.0009104249729379621,0,0,0.0,0.9725570277245417,-0.04051767895634728
1998-07-02,-0.00138697340918984,0,0,0.0,0.9725570277245417,-0.04051767895634728
1998-07-06,0.0051803086303461865,0,0,0.0,0.9725570277245417,-0.04051767895634728
1998-07-07,-0.0006538610321290496,1,0,-0.0,0.9725570277245417,-0.04051767895634728
1998-07-08,0.0001306027103832152,0,1,-9.495774380408051e-05,0.9724646759034682,-0.040608789232773446
1998-07-09,0.0009376131479361782,0,0,0.0,0.9724646759034682,-0.040608789232773446
1998-07-10,0.001113959670705783,0,0,0.0,0.9724646759034682,-0.040608789232773446
1998-07-13,-0.00028082348404168686,0,0,-0.0,0.9724646759034682,-0.040608789232773446
1998-07-14,-0.0014551150809477332,0,0,-0.0,0.9724646759034682,-0.040608789232773446
1998-07-15,-0.0014784611740725371,0,0,-0.0,0.9724646759034682,-0.040608789232773446
1998-07-16,0.0008444563712302897,0,0,-0.0,0.9724646759034682,-0.040608789232773446
1998-07-17,8.527097517250235e-05,0,0,0.0,0.9724646759034682,-0.040608789232773446
1998-07-20,0.0016999972616029537,0,0,0.0,0.9724646759034682,-0.040608789232773446
1998-07-21,0.0017793158296961487,0,0,0.0,0.9724646759034682,-0.040608789232773446
1998-07-22,0.0015683216514388088,0,0,-0.0,0.9724646759034682,-0.040608789232773446
1998-07-23,0.002345990444568485,0,0,0.0,0.9724646759034682,-0.040608789232773446
1998-07-24,0.0027191452640360327,0,0,-0.0,0.9724646759034682,-0.040608789232773446
1998-07-27,0.002096344971301378,0,0,0.0,0.9724646759034682,-0.040608789232773446
1998-07-28,0.007308932623173009,0,0,-0.0,0.9724646759034682,-0.040608789232773446
1998-07-29,0.00126088261265202,1,0,-0.0,0.9724646759034682,-0.040608789232773446
1998-07-30,0.002780444424662171,0,1,0.00037975885312824254,0.972833977973497,-0.040244451926871164
1998-07-31,-0.0008280750178007888,0,0,-0.0,0.972833977973497,-0.040244451926871164
1998-08-03,0.000772416258154679,0,0,0.0,0.972833977973497,-0.040244451926871164
1998-08-04,0.0019573800902446593,0,0,0.0,0.972833977973497,-0.040244451926871164
1998-08-05,0.0032387173147665205,0,0,0.0,0.972833977973497,-0.040244451926871164
1998-08-06,0.0021524898817374787,0,0,0.0,0.972833977973497,-0.040244451926871164
1998-08-07,0.004962650488867693,0,0,0.0,0.972833977973497,-0.040244451926871164
1998-08-10,0.006383665079578016,0,0,0.0,0.972833977973497,-0.040244451926871164
1998-08-11,0.01032462709694184,1,0,0.0,0.972833977973497,-0.040244451926871164
1998-08-12,0.009399623448193672,1,1,-9.454476694703562e-05,0.9727420016117714,-0.040335191791489845
1998-08-13,0.008714482037499104,1,1,-0.001323751891074143,0.9714543325476106,-0.041605549896153116
1998-08-14,0.010648463497599757,1,1,0.0012308274947925302,0.9726500252500455,-0.04042593165610874
1998-08-17,0.003995574377081567,1,1,-0.0067139479905437005,0.9661197035675156,-0.0468684620440441
1998-08-18,0.0034642791756589295,0,1,-0.0004760091393756216,0.9656598217588866,-0.047322161367138266
1998-08-19,0.002822594750379331,0,0,0.0,0.9656598217588866,-0.047322161367138266
1998-08-20,0.004702107974003306,0,0,0.0,0.9656598217588866,-0.047322161367138266
1998-08-21,0.012672614221587697,0,0,0.0,0.9656598217588866,-0.047322161367138266
1998-08-24,0.008668607794463934,1,0,0.0,0.9656598217588866,-0.047322161367138266
1998-08-25,0.010179549025649215,1,1,0.0014216661927779484,0.9670326676812052,-0.045967771491345184
1998-08-26,0.010936784237003725,1,1,0.0013250047321597958,0.9683139905420359,-0.04470367427393826
1998-08-27,0.012609034084342673,1,1,0.0023629489603025355,0.9706020670792337,-0.04244635781428297
1998-08-28,0.014034443850230215,1,1,0.0016030174446015621,0.9721579591245281,-0.04091138262171747
1998-08-31,0.013091530324514386,1,1,-0.00018828845791751814,0.9719749130015523,-0.04109196793848989
1998-09-01,0.011941653839929721,1,1,-0.00028248587570622874,0.9717003438170885,-0.04136284591364857
1998-09-02,0.010471186585847036,1,1,-0.0013186399171141172,0.9704190209562578,-0.0426269431310555
1998-09-03,0.010892925208473658,1,1,0.001791945675752027,0.9721579591245278,-0.04091138262171769
1998-09-04,0.010472267162073012,1,1,0.0003765769158350363,0.9725240513704795,-0.04055021198817285
1998-09-08,0.010452739243124664,1,1,0.00028232636928282595,0.9727986205549431,-0.04027933401301428
1998-09-09,0.014173227774530749,1,1,0.004045535798287592,0.9767341121989229,-0.036396749702407555
1998-09-10,0.021273946353632278,1,1,0.0066529235382308816,0.9832322495645642,-0.02998597095698687
1998-09-11,0.019339005595531342,1,1,-0.0026994321884018513,0.9805780807814148,-0.03260445805018699
1998-09-14,0.018724554687602098,1,1,-0.0005600149337315896,0.9800289424124874,-0.03314621400050424
1998-09-15,0.019232812330619752,1,1,-0.00037355248412396236,0.9796628501665359,-0.033507384634048974
1998-09-16,0.01986809728720329,1,1,0.0004671150971600202,0.9801204654739755,-0.03305592134211787
1998-09-17,0.02189260807858403,1,1,0.0021477262115976448,0.9822254958881972,-0.030979190199235226
1998-09-18,0.024215371070752507,1,1,0.002609019754006736,0.9847881416098585,-0.028450995764421477
1998-09-21,0.024541439755151447,1,1,9.293680297406404e-05,0.9848796646713465,-0.028360703106035213
1998-09-22,0.02304430456250087,1,1,-0.001115137998327298,0.9837813879334916,-0.029444215006669723
1998-09-23,0.02499735523524501,1,1,0.0026979253884082954,0.9864355567166408,-0.02682572791346971
1998-09-24,0.027019751889131815,1,1,0.0020411950269065837,0.9884490640693747,-0.02483928942897322
1998-09-25,0.027829981060009785,1,1,0.001296296296296351,0.9897303869302054,-0.02357519221156629
1998-09-28,0.027212167959328924,1,1,0.00018494544109493027,0.9899134330531812,-0.023394606894793873
1998-09-29,0.033378356916163726,1,1,9.245562130177909e-05,0.9900049561146692,-0.02330431423640761
1998-09-30,0.030462899440471154,1,1,0.002496070999352895,0.9924760787748427,-0.020866412459980013
1998-10-01,0.03617987103669618,1,1,0.004426410918480395,0.9968691857262623,-0.016532364857441972
1998-10-02,0.03443668839751155,1,1,-0.0004590525156077385,0.9964115704188228,-0.016983828149372965
1998-10-05,0.03866309222956161,1,1,0.004041517406080608,1.0004385851242905,-0.013010951180379978
1998-10-06,0.03617192355317225,1,1,-0.0022870734607995935,0.9981505085870929,-0.015268267640035154
1998-10-07,0.03246642391668116,1,1,-0.002659086741243377,0.9954963398039436,-0.017886754733235165
1998-10-08,0.02771382706419495,1,1,-0.003953295945573143,0.9915608481599637,-0.021769339043841998
1998-10-09,0.021843450563294852,1,1,-0.0056304227432157905,0.9859779414092015,-0.027277191205400595
1998-10-12,0.022887254767489484,1,1,0.0002784739626844335,0.9862525105936651,-0.02700631323024202
1998-10-13,0.024388109850652605,1,1,0.0021343726800295837,0.9883575410078869,-0.024929582087359372
1998-10-14,0.02711648157112046,1,1,0.0034262431706639784,0.9917438942829394,-0.021588753727069688
1998-10-15,0.028383977527619286,1,1,0.0,0.9917438942829394,-0.021588753727069688
1998-10-16,0.03347420194627817,1,1,0.005260243632336792,0.9969607087877501,-0.01644207219905582
1998-10-19,0.03415228033235393,1,1,0.00045901037363438313,0.9974183240951896,-0.015990608907124827
1998-10-20,0.031411089018998604,1,1,-0.002202238942925372,0.9952217706194798,-0.018157632708393847
1998-10-21,0.03556681932014849,1,1,-0.0011035497517012383,0.994123493881625,-0.01924114460902825
1998-10-22,0.028170852377907653,1,1,-0.0011047689191677756,0.9930252171437701,-0.02032465650966276
1998-10-23,0.025696489003590325,1,1,-0.0023041474654378336,0.9907371406065725,-0.022581972969317934
1998-10-26,0.026559024460690882,1,1,0.0006466512702076876,0.9913778020369877,-0.021949924360614635
1998-10-27,0.028670834275416366,1,1,0.0027695716395865766,0.994123493881625,-0.01924114460902825
1998-10-28,0.029465457631110647,1,1,0.0012888970723623494,0.9954048167424556,-0.01797704739162143
1998-10-29,0.03049970839564428,1,1,0.0012872379551305269,0.9966861396032862,-0.016712950174214612
1998-10-30,0.02762453893737244,1,1,-0.0029384756657484523,0.9937574016356732,-0.019602315242573304
1998-11-02,0.021071233646551717,1,1,-0.005249585559034764,0.9885405871308627,-0.024748996770586954
1998-11-03,0.021825178979217628,1,1,0.0004629200999906047,0.988998202438302,-0.024297533478656073
1998-11-04,0.019860629901707203,1,1,-0.004349435498796961,0.9846966185483705,-0.02854128842280774
1998-11-05,0.019505804206816395,1,1,-9.294544102611546e-05,0.9846050954868827,-0.028631581081193895
1998-11-06,0.017246332068379056,1,1,-0.003718163227365623,0.9809441730273666,-0.03224328741664204
1998-11-09,0.018583325525604266,1,1,0.002239223735771567,0.9831407265030763,-0.030076263615373133
1998-11-10,0.022627918005758432,1,1,0.001303295475702848,0.984422049363907,-0.028812166397966205
1998-11-11,0.02203587539907005,1,1,-9.297136481967172e-05,0.984330526302419,-0.02890245905635247
1998-11-12,0.02311818648750545,1,1,0.0016736401673640433,0.9859779414092014,-0.027277191205400703
1998-11-13,0.020679456333200293,1,1,-0.000928246542281741,0.9850627107943222,-0.028180117789262906
1998-11-16,0.017391783273189885,1,1,-0.0073399609774226215,0.9778323889367777,-0.03531323780177316
1998-11-17,0.0109017061290735,1,1,-0.000842381130662706,0.9770086813833865,-0.0361258717272491
1998-11-18,0.012172268854424772,1,1,0.0011241217798594327,0.9781069581212413,-0.035042359826614695
1998-11-19,0.011560555408217882,1,1,-0.0006550014035745511,0.9774662966908259,-0.03567440843531821
1998-11-20,0.011666690524741102,1,1,0.0006554307116104496,0.9781069581212412,-0.035042359826614806
1998-11-23,0.011389777859705828,1,1,0.0004678581454102826,0.9785645734286806,-0.034590896534683814
1998-11-24,0.009825002176932378,1,1,-0.0008417508417508657,0.9777408658752895,-0.03540353046015964
1998-11-25,0.009577306858196837,1,1,0.00037442665917808426,0.978106958121241,-0.03504235982661491
1998-11-27,0.0110187602438559,1,1,0.001029287919902755,0.9791137117976081,-0.034049140584366554
1998-11-30,0.010335865823690976,1,1,0.0002804262478968145,0.9793882809820719,-0.033778262609207875
1998-12-01,0.012822958470172974,1,1,0.00261657788991676,0.9819509267037332,-0.03125006817439413
1998-12-02,0.014986725507158148,1,1,0.002702954609003605,0.9846050954868824,-0.028631581081194225
1998-12-03,0.01405686140773773,1,1,0.00046477040342063347,0.9850627107943218,-0.028180117789263232
1998-12-04,0.01068005996393157,1,1,-0.0016723961720709335,0.9834152956875396,-0.029805385640214888
1998-12-07,0.00953489243811268,1,1,-0.0034434620753839296,0.9800289424124871,-0.033146214000504576
1998-12-08,0.01233506907089018,1,1,0.0032685842360853368,0.9832322495645639,-0.0299859709569872
1998-12-09,0.012447453546491138,1,1,0.0005585032113932797,0.9837813879334911,-0.02944421500667016
1998-12-10,0.01405610623223521,1,1,0.001953670108847394,0.9857033722247371,-0.027548069180559822
1998-12-11,0.010432080170888642,1,1,-0.0025998142989787087,0.9831407265030757,-0.03007626361537368
1998-12-14,0.011848609747069336,1,1,0.001954943213554161,0.9850627107943216,-0.02818011778926345
1998-12-15,0.011239609225542006,1,1,-0.0013936634767257594,0.983689864872003,-0.029534507665056536
1998-12-16,0.012371083539982564,1,1,0.0014886490509862238,0.9851542338558095,-0.028089825130877297
1998-12-17,0.010847896491682905,1,1,0.0,0.9851542338558095,-0.028089825130877297
1998-12-18,0.010806758049621772,1,1,-0.0005574136008918984,0.984605095486882,-0.028631581081194554
1998-12-21,0.007558337959334615,1,1,-0.001859081613682867,0.9827746342571239,-0.030437434248918736
1998-12-22,0.005486590644949018,1,1,-0.001210653753026647,0.9815848344577811,-0.0316112388079394
1998-12-23,0.0013499200075947734,1,1,-0.0037296037296037365,0.9779239119982649,-0.03522294514338766
1998-12-24,-0.0006138042584937888,0,1,-0.0014038371548898976,0.9765510660759464,-0.03657733501918063
1998-12-28,0.0006957868488641219,0,0,0.0,0.9765510660759464,-0.03657733501918063
1998-12-29,0.0026832254596387047,0,0,0.0,0.9765510660759464,-0.03657733501918063
1998-12-30,0.0028063472526995534,0,0,0.0,0.9765510660759464,-0.03657733501918063
1998-12-31,0.0007846704668341697,0,0,-0.0,0.9765510660759464,-0.03657733501918063
1999-01-04,0.002000045046810511,0,0,0.0,0.9765510660759464,-0.03657733501918063
1999-01-05,0.00158134597846521,0,0,-0.0,0.9765510660759464,-0.03657733501918063
1999-01-06,0.00584566319730378,0,0,0.0,0.9765510660759464,-0.03657733501918063
1999-01-07,0.00407723248454353,1,0,-0.0,0.9765510660759464,-0.03657733501918063
1999-01-08,0.0006510761866432124,0,1,-0.002524780250607761,0.9740854892306079,-0.03900976553671214
1999-01-11,-0.0018137753010018791,0,0,-0.0,0.9740854892306079,-0.03900976553671214
1999-01-12,0.0007339961879567535,0,0,0.0,0.9740854892306079,-0.03900976553671214
1999-01-13,0.00020553400051301373,0,0,0.0,0.9740854892306079,-0.03900976553671214
1999-01-14,0.00395892831463579,0,0,0.0,0.9740854892306079,-0.03900976553671214
1999-01-15,0.001853589941952771,0,0,-0.0,0.9740854892306079,-0.03900976553671214
1999-01-19,0.0016501192860403629,0,0,-0.0,0.9740854892306079,-0.03900976553671214
1999-01-20,0.0014885179886748254,0,0,-0.0,0.9740854892306079,-0.03900976553671214
1999-01-21,0.0043309517778968515,0,0,0.0,0.9740854892306079,-0.03900976553671214
1999-01-22,0.00688884209092837,0,0,0.0,0.9740854892306079,-0.03900976553671214
1999-01-25,0.0057899486311596745,1,0,0.0,0.9740854892306079,-0.03900976553671214
1999-01-26,0.004373260782397682,1,1,-0.0005588153115395622,0.9735411553444773,-0.03954678159397028
1999-01-27,0.0038215980033149627,0,1,0.0005591277606933343,0.9740854892306078,-0.03900976553671225
1999-01-28,0.004962237443109186,0,0,0.0,0.9740854892306078,-0.03900976553671225
1999-01-29,0.007762497300203791,0,0,0.0,0.9740854892306078,-0.03900976553671225
1999-02-01,0.00436826859240117,1,0,-0.0,0.9740854892306078,-0.03900976553671225
1999-02-02,0.004008577997821217,0,1,-0.0014002987303958214,0.9727214785567412,-0.04035543894195397
1999-02-03,0.0033275667586987576,0,0,-0.0,0.9727214785567412,-0.04035543894195397
1999-02-04,0.0032685694401129116,0,0,-0.0,0.9727214785567412,-0.04035543894195397
1999-02-05,0.0012494198386267473,0,0,-0.0,0.9727214785567412,-0.04035543894195397
1999-02-08,0.00432666619888169,0,0,0.0,0.9727214785567412,-0.04035543894195397
1999-02-09,0.005387361409765667,0,0,0.0,0.9727214785567412,-0.04035543894195397
1999-02-10,0.004370018039793122,1,0,0.0,0.9727214785567412,-0.04035543894195397
1999-02-11,0.004230131443982094,0,1,-0.0004686035613870043,0.9722656578076518,-0.040805131800931455
1999-02-12,0.0015555045490154352,0,0,-0.0,0.9722656578076518,-0.040805131800931455
1999-02-16,-0.004968204461110981,0,0,-0.0,0.9722656578076518,-0.040805131800931455
1999-02-17,-0.004306615075692532,0,0,0.0,0.9722656578076518,-0.040805131800931455
1999-02-18,-0.005818174512631573,0,0,-0.0,0.9722656578076518,-0.040805131800931455
1999-02-19,-0.007873606140012201,0,0,-0.0,0.9722656578076518,-0.040805131800931455
1999-02-22,-0.007351544193375918,0,0,0.0,0.9722656578076518,-0.040805131800931455
1999-02-23,-0.009032409674537983,0,0,-0.0,0.9722656578076518,-0.040805131800931455
1999-02-24,-0.011696056718629366,0,0,-0.0,0.9722656578076518,-0.040805131800931455
1999-02-25,-0.014450594953384709,0,0,-0.0,0.9722656578076518,-0.040805131800931455
1999-02-26,-0.015193672172647825,0,0,0.0,0.9722656578076518,-0.040805131800931455
1999-03-01,-0.020931927286678486,0,0,-0.0,0.9722656578076518,-0.040805131800931455
1999-03-02,-0.01976641111806631,0,0,0.0,0.9722656578076518,-0.040805131800931455
1999-03-03,-0.02194913231209315,0,0,-0.0,0.9722656578076518,-0.040805131800931455
1999-03-04,-0.024176871745468204,0,0,-0.0,0.9722656578076518,-0.040805131800931455
1999-03-05,-0.019454894609789875,0,0,0.0,0.9722656578076518,-0.040805131800931455
1999-03-08,-0.018766843870712712,0,0,0.0,0.9722656578076518,-0.040805131800931455
1999-03-09,-0.01610571811129143,0,0,0.0,0.9722656578076518,-0.040805131800931455
1999-03-10,-0.01732688652787548,0,0,-0.0,0.9722656578076518,-0.040805131800931455
1999-03-11,-0.017265444109023458,0,0,-0.0,0.9722656578076518,-0.040805131800931455
1999-03-12,-0.017031546504703003,0,0,0.0,0.9722656578076518,-0.040805131800931455
1999-03-15,-0.014901203297200741,0,0,0.0,0.9722656578076518,-0.040805131800931455
1999-03-16,-0.013054885542418003,0,0,0.0,0.9722656578076518,-0.040805131800931455
1999-03-17,-0.015075116105037539,0,0,-0.0,0.9722656578076518,-0.040805131800931455
1999-03-18,-0.014998694527258633,0,0,0.0,0.9722656578076518,-0.040805131800931455
1999-03-19,-0.01609749951757966,0,0,-0.0,0.9722656578076518,-0.040805131800931455
1999-03-22,-0.01671868441243221,0,0,-0.0,0.9722656578076518,-0.040805131800931455
1999-03-23,-0.011587503877404065,0,0,0.0,0.9722656578076518,-0.040805131800931455
1999-03-24,-0.01311715420646825,0,0,0.0,0.9722656578076518,-0.040805131800931455
1999-03-25,-0.016127779475034257,0,0,-0.0,0.9722656578076518,-0.040805131800931455
1999-03-26,-0.016348046268225568,0,0,0.0,0.9722656578076518,-0.040805131800931455
1999-03-29,-0.01842430001387313,0,0,-0.0,0.9722656578076518,-0.040805131800931455
1999-03-30,-0.015028478086376033,0,0,0.0,0.9722656578076518,-0.040805131800931455
1999-03-31,-0.017988035347372828,0,0,-0.0,0.9722656578076518,-0.040805131800931455
1999-04-01,-0.01661502791123614,0,0,-0.0,0.9722656578076518,-0.040805131800931455
1999-04-05,-0.012028872835958057,0,0,0.0,0.9722656578076518,-0.040805131800931455
1999-04-06,-0.010185077996741298,0,0,0.0,0.9722656578076518,-0.040805131800931455
1999-04-07,-0.010710004162200526,0,0,-0.0,0.9722656578076518,-0.040805131800931455
1999-04-08,-0.008929623547025334,0,0,0.0,0.9722656578076518,-0.040805131800931455
1999-04-09,-0.009335437905344524,0,0,0.0,0.9722656578076518,-0.040805131800931455
1999-04-12,-0.012140187818641849,0,0,-0.0,0.9722656578076518,-0.040805131800931455
1999-04-13,-0.014609229058925564,0,0,-0.0,0.9722656578076518,-0.040805131800931455
1999-04-14,-0.013595920955642432,0,0,-0.0,0.9722656578076518,-0.040805131800931455
1999-04-15,-0.011701697760433283,0,0,-0.0,0.9722656578076518,-0.040805131800931455
1999-04-16,-0.015164214318049677,0,0,-0.0,0.9722656578076518,-0.040805131800931455
1999-04-19,-0.012730383070407919,0,0,0.0,0.9722656578076518,-0.040805131800931455
1999-04-20,-0.01282858703627318,0,0,0.0,0.9722656578076518,-0.040805131800931455
1999-04-21,-0.014273397852144508,0,0,-0.0,0.9722656578076518,-0.040805131800931455
1999-04-22,-0.016463258767454192,0,0,-0.0,0.9722656578076518,-0.040805131800931455
1999-04-23,-0.016181427692880918,0,0,0.0,0.9722656578076518,-0.040805131800931455
1999-04-26,-0.01508674655820294,0,0,0.0,0.9722656578076518,-0.040805131800931455
1999-04-27,-0.01280419850092998,0,0,0.0,0.9722656578076518,-0.040805131800931455
1999-04-28,-0.01275526726894654,0,0,-0.0,0.9722656578076518,-0.040805131800931455
1999-04-29,-0.007290287253533729,0,0,0.0,0.9722656578076518,-0.040805131800931455
1999-04-30,-0.012558414595426875,0,0,-0.0,0.9722656578076518,-0.040805131800931455
1999-05-03,-0.011218423023816652,0,0,-0.0,0.9722656578076518,-0.040805131800931455
1999-05-04,-0.01281660923697478,0,0,-0.0,0.9722656578076518,-0.040805131800931455
1999-05-05,-0.012546808712681106,0,0,0.0,0.9722656578076518,-0.040805131800931455
1999-05-06,-0.016133580677782405,0,0,-0.0,0.9722656578076518,-0.040805131800931455
1999-05-07,-0.01761781694671533,0,0,-0.0,0.9722656578076518,-0.040805131800931455
1999-05-10,-0.016035593366636333,0,0,0.0,0.9722656578076518,-0.040805131800931455
1999-05-11,-0.011250777049436072,0,0,-0.0,0.9722656578076518,-0.040805131800931455
1999-05-12,-0.010244529219089343,0,0,0.0,0.9722656578076518,-0.040805131800931455
1999-05-13,-0.007989815158769448,0,0,0.0,0.9722656578076518,-0.040805131800931455
1999-05-14,-0.012583035571720422,0,0,-0.0,0.9722656578076518,-0.040805131800931455
1999-05-17,-0.020844964281500105,0,0,-0.0,0.9722656578076518,-0.040805131800931455
1999-05-18,-0.022414445553453927,0,0,-0.0,0.9722656578076518,-0.040805131800931455
1999-05-19,-0.020208280032053882,0,0,0.0,0.9722656578076518,-0.040805131800931455
1999-05-20,-0.019356800163982984,0,0,-0.0,0.9722656578076518,-0.040805131800931455
1999-05-21,-0.016910773026983243,0,0,0.0,0.9722656578076518,-0.040805131800931455
1999-05-24,-0.015987556723812756,0,0,0.0,0.9722656578076518,-0.040805131800931455
1999-05-25,-0.01636958383511277,0,0,-0.0,0.9722656578076518,-0.040805131800931455
1999-05-26,-0.019306255855465897,0,0,-0.0,0.9722656578076518,-0.040805131800931455
1999-05-27,-0.02191986008505365,0,0,-0.0,0.9722656578076518,-0.040805131800931455
1999-05-28,-0.02001819991508671,0,0,0.0,0.9722656578076518,-0.040805131800931455
1999-06-01,-0.02521876536157972,0,0,-0.0,0.9722656578076518,-0.040805131800931455
1999-06-02,-0.027024788441625796,0,0,-0.0,0.9722656578076518,-0.040805131800931455
1999-06-03,-0.027543420361152635,0,0,0.0,0.9722656578076518,-0.040805131800931455
1999-06-04,-0.027777500148353573,0,0,-0.0,0.9722656578076518,-0.040805131800931455
1999-06-07,-0.02645167749329453,0,0,0.0,0.9722656578076518,-0.040805131800931455
1999-06-08,-0.028173969739161267,0,0,-0.0,0.9722656578076518,-0.040805131800931455
1999-06-09,-0.028756264139318595,0,0,-0.0,0.9722656578076518,-0.040805131800931455
1999-06-10,-0.031055664073409716,0,0,-0.0,0.9722656578076518,-0.040805131800931455
1999-06-11,-0.03376896514148432,0,0,-0.0,0.9722656578076518,-0.040805131800931455
1999-06-14,-0.0307852077063943,0,0,0.0,0.9722656578076518,-0.040805131800931455
1999-06-15,-0.028414195397521158,0,0,0.0,0.9722656578076518,-0.040805131800931455
1999-06-16,-0.025905098472449296,0,0,0.0,0.9722656578076518,-0.040805131800931455
1999-06-17,-0.02092296286745399,0,0,0.0,0.9722656578076518,-0.040805131800931455
1999-06-18,-0.0224411391762383,0,0,-0.0,0.9722656578076518,-0.040805131800931455
1999-06-21,-0.02437652347492139,0,0,-0.0,0.9722656578076518,-0.040805131800931455
1999-06-22,-0.02659083592481299,0,0,-0.0,0.9722656578076518,-0.040805131800931455
1999-06-23,-0.028021056980245762,0,0,-0.0,0.9722656578076518,-0.040805131800931455
1999-06-24,-0.028701910984933,0,0,-0.0,0.9722656578076518,-0.040805131800931455
1999-06-25,-0.026101372291621093,0,0,0.0,0.9722656578076518,-0.040805131800931455
1999-06-28,-0.022977910675579482,0,0,0.0,0.9722656578076518,-0.040805131800931455
1999-06-29,-0.022785170725723704,0,0,0.0,0.9722656578076518,-0.040805131800931455
1999-06-30,-0.021290317065616543,0,0,0.0,0.9722656578076518,-0.040805131800931455
1999-07-01,-0.021475493585577196,0,0,-0.0,0.9722656578076518,-0.040805131800931455
1999-07-02,-0.022229233788280723,0,0,0.0,0.9722656578076518,-0.040805131800931455
1999-07-06,-0.023620906721065225,0,0,-0.0,0.9722656578076518,-0.040805131800931455
1999-07-07,-0.02487255357279588,0,0,-0.0,0.9722656578076518,-0.040805131800931455
1999-07-08,-0.023568333417221216,0,0,0.0,0.9722656578076518,-0.040805131800931455
1999-07-09,-0.022384483747749283,0,0,0.0,0.9722656578076518,-0.040805131800931455
1999-07-12,-0.01825201201242148,0,0,0.0,0.9722656578076518,-0.040805131800931455
1999-07-13,-0.016834672929906567,0,0,0.0,0.9722656578076518,-0.040805131800931455
1999-07-14,-0.019090575947625314,0,0,-0.0,0.9722656578076518,-0.040805131800931455
1999-07-15,-0.019805238889043297,0,0,0.0,0.9722656578076518,-0.040805131800931455
1999-07-16,-0.019211336888831032,0,0,0.0,0.9722656578076518,-0.040805131800931455
1999-07-19,-0.01728228312296246,0,0,0.0,0.9722656578076518,-0.040805131800931455
1999-07-20,-0.016598025080335366,0,0,0.0,0.9722656578076518,-0.040805131800931455
1999-07-21,-0.016996621523404067,0,0,-0.0,0.9722656578076518,-0.040805131800931455
1999-07-22,-0.02021455845805928,0,0,-0.0,0.9722656578076518,-0.040805131800931455
1999-07-23,-0.020144476900608763,0,0,-0.0,0.9722656578076518,-0.040805131800931455
1999-07-26,-0.020770655647618957,0,0,-0.0,0.9722656578076518,-0.040805131800931455
1999-07-27,-0.017623266816542964,0,0,0.0,0.9722656578076518,-0.040805131800931455
1999-07-28,-0.01690788126271655,0,0,0.0,0.9722656578076518,-0.040805131800931455
1999-07-29,-0.018773781415533358,0,0,-0.0,0.9722656578076518,-0.040805131800931455
1999-07-30,-0.018707146898580284,0,0,-0.0,0.9722656578076518,-0.040805131800931455
1999-08-02,-0.019931951162856173,0,0,-0.0,0.9722656578076518,-0.040805131800931455
1999-08-03,-0.02033776096999562,0,0,-0.0,0.9722656578076518,-0.040805131800931455
1999-08-04,-0.0198990369910796,0,0,0.0,0.9722656578076518,-0.040805131800931455
1999-08-05,-0.01650327413604082,0,0,0.0,0.9722656578076518,-0.040805131800931455
1999-08-06,-0.019367842747095475,0,0,-0.0,0.9722656578076518,-0.040805131800931455
1999-08-09,-0.023958949575357342,0,0,-0.0,0.9722656578076518,-0.040805131800931455
1999-08-10,-0.022203415365963163,0,0,-0.0,0.9722656578076518,-0.040805131800931455
1999-08-11,-0.017942406207525685,0,0,0.0,0.9722656578076518,-0.040805131800931455
1999-08-12,-0.018676448825620338,0,0,-0.0,0.9722656578076518,-0.040805131800931455
1999-08-13,-0.015597139067666486,0,0,0.0,0.9722656578076518,-0.040805131800931455
1999-08-16,-0.022085362676589136,0,0,-0.0,0.9722656578076518,-0.040805131800931455
1999-08-17,-0.01924142354785257,0,0,0.0,0.9722656578076518,-0.040805131800931455
1999-08-18,-0.01954263971709893,0,0,0.0,0.9722656578076518,-0.040805131800931455
1999-08-19,-0.017393114724794493,0,0,-0.0,0.9722656578076518,-0.040805131800931455
1999-08-20,-0.016752448477059183,0,0,0.0,0.9722656578076518,-0.040805131800931455
1999-08-23,-0.01603238831042414,0,0,0.0,0.9722656578076518,-0.040805131800931455
1999-08-24,-0.015108865637436755,0,0,0.0,0.9722656578076518,-0.040805131800931455
1999-08-25,-0.010893885848217988,0,0,0.0,0.9722656578076518,-0.040805131800931455
1999-08-26,-0.011577477102916817,0,0,-0.0,0.9722656578076518,-0.040805131800931455
1999-08-27,-0.015164436882452607,0,0,-0.0,0.9722656578076518,-0.040805131800931455
1999-08-30,-0.017304210600642328,0,0,-0.0,0.9722656578076518,-0.040805131800931455
1999-08-31,-0.020310422090262816,0,0,-0.0,0.9722656578076518,-0.040805131800931455
1999-09-01,-0.0209921808833246,0,0,0.0,0.9722656578076518,-0.040805131800931455
1999-09-02,-0.021815345911711446,0,0,-0.0,0.9722656578076518,-0.040805131800931455
1999-09-03,-0.017289601318859937,0,0,0.0,0.9722656578076518,-0.040805131800931455
1999-09-07,-0.017157116778109105,0,0,-0.0,0.9722656578076518,-0.040805131800931455
1999-09-08,-0.017609599931649234,0,0,0.0,0.9722656578076518,-0.040805131800931455
1999-09-09,-0.018440296966158502,0,0,-0.0,0.9722656578076518,-0.040805131800931455
1999-09-10,-0.01670243095466035,0,0,0.0,0.9722656578076518,-0.040805131800931455
1999-09-13,-0.01912531128118867,0,0,0.0,0.9722656578076518,-0.040805131800931455
1999-09-14,-0.01935898071368054,0,0,-0.0,0.9722656578076518,-0.040805131800931455
1999-09-15,-0.01829787659957414,0,0,0.0,0.9722656578076518,-0.040805131800931455
1999-09-16,-0.01693390865214057,0,0,0.0,0.9722656578076518,-0.040805131800931455
1999-09-17,-0.015924548587000476,0,0,0.0,0.9722656578076518,-0.040805131800931455
1999-09-20,-0.01670945358040436,0,0,-0.0,0.9722656578076518,-0.040805131800931455
1999-09-21,-0.015596533541884342,0,0,-0.0,0.9722656578076518,-0.040805131800931455
1999-09-22,-0.015315137673896688,0,0,0.0,0.9722656578076518,-0.040805131800931455
1999-09-23,-0.014399238201457876,0,0,0.0,0.9722656578076518,-0.040805131800931455
1999-09-24,-0.012859696869036319,0,0,0.0,0.9722656578076518,-0.040805131800931455
1999-09-27,-0.013911989831052362,0,0,-0.0,0.9722656578076518,-0.040805131800931455
1999-09-28,-0.016184404284101866,0,0,-0.0,0.9722656578076518,-0.040805131800931455
1999-09-29,-0.017894683359536912,0,0,-0.0,0.9722656578076518,-0.040805131800931455
1999-09-30,-0.01816221191275386,0,0,0.0,0.9722656578076518,-0.040805131800931455
1999-10-01,-0.021418612318382393,0,0,-0.0,0.9722656578076518,-0.040805131800931455
1999-10-04,-0.019725356560915622,0,0,0.0,0.9722656578076518,-0.040805131800931455
1999-10-05,-0.022685950797218364,0,0,-0.0,0.9722656578076518,-0.040805131800931455
1999-10-06,-0.023064855939200934,0,0,-0.0,0.9722656578076518,-0.040805131800931455
1999-10-07,-0.022887715540848348,0,0,0.0,0.9722656578076518,-0.040805131800931455
1999-10-08,-0.022922200045883537,0,0,0.0,0.9722656578076518,-0.040805131800931455
1999-10-11,-0.02320931823756959,0,0,0.0,0.9722656578076518,-0.040805131800931455
1999-10-12,-0.02341492846205931,0,0,-0.0,0.9722656578076518,-0.040805131800931455
1999-10-13,-0.02570778453570865,0,0,-0.0,0.9722656578076518,-0.040805131800931455
1999-10-14,-0.026848253675306417,0,0,-0.0,0.9722656578076518,-0.040805131800931455
1999-10-15,-0.023159908841862892,0,0,0.0,0.9722656578076518,-0.040805131800931455
1999-10-18,-0.02285830295247146,0,0,-0.0,0.9722656578076518,-0.040805131800931455
1999-10-19,-0.023962782286268008,0,0,-0.0,0.9722656578076518,-0.040805131800931455
1999-10-20,-0.022890266595703396,0,0,-0.0,0.9722656578076518,-0.040805131800931455
1999-10-21,-0.022424028190634958,0,0,0.0,0.9722656578076518,-0.040805131800931455
1999-10-22,-0.022484218519293834,0,0,-0.0,0.9722656578076518,-0.040805131800931455
1999-10-25,-0.022436215297268962,0,0,0.0,0.9722656578076518,-0.040805131800931455
1999-10-26,-0.020778055015424107,0,0,-0.0,0.9722656578076518,-0.040805131800931455
1999-10-27,-0.01864171383719733,0,0,0.0,0.9722656578076518,-0.040805131800931455
1999-10-28,-0.017138214243172148,0,0,0.0,0.9722656578076518,-0.040805131800931455
1999-10-29,-0.012776077311563305,0,0,0.0,0.9722656578076518,-0.040805131800931455
1999-11-01,-0.013727765350984933,0,0,-0.0,0.9722656578076518,-0.040805131800931455
1999-11-02,-0.012887151927169847,0,0,0.0,0.9722656578076518,-0.040805131800931455
1999-11-03,-0.009885143070065732,0,0,0.0,0.9722656578076518,-0.040805131800931455
1999-11-04,-0.005916292643362714,0,0,0.0,0.9722656578076518,-0.040805131800931455
1999-11-05,-0.00442744860692345,0,0,0.0,0.9722656578076518,-0.040805131800931455
1999-11-08,-0.006196236879539568,0,0,-0.0,0.9722656578076518,-0.040805131800931455
1999-11-09,-0.003913644955385742,0,0,-0.0,0.9722656578076518,-0.040805131800931455
1999-11-10,-0.006273407462415275,0,0,-0.0,0.9722656578076518,-0.040805131800931455
1999-11-11,-0.006489836696681788,0,0,0.0,0.9722656578076518,-0.040805131800931455
1999-11-12,-0.005411118165936462,0,0,0.0,0.9722656578076518,-0.040805131800931455
1999-11-15,-0.013155981425943807,0,0,-0.0,0.9722656578076518,-0.040805131800931455
1999-11-16,-0.013279443734636447,0,0,-0.0,0.9722656578076518,-0.040805131800931455
1999-11-17,-0.015169009630986184,0,0,-0.0,0.9722656578076518,-0.040805131800931455
1999-11-18,-0.014020572046086015,0,0,-0.0,0.9722656578076518,-0.040805131800931455
1999-11-19,-0.014028529647961568,0,0,0.0,0.9722656578076518,-0.040805131800931455
1999-11-22,-0.01403257249969984,0,0,-0.0,0.9722656578076518,-0.040805131800931455
1999-11-23,-0.013124629682832317,0,0,0.0,0.9722656578076518,-0.040805131800931455
1999-11-24,-0.01208706828336768,0,0,0.0,0.9722656578076518,-0.040805131800931455
1999-11-26,-0.013171160182548517,0,0,-0.0,0.9722656578076518,-0.040805131800931455
1999-11-29,-0.014409972896060906,0,0,-0.0,0.9722656578076518,-0.040805131800931455
1999-11-30,-0.016012184860104965,0,0,-0.0,0.9722656578076518,-0.040805131800931455
1999-12-01,-0.01568533283318587,0,0,-0.0,0.9722656578076518,-0.040805131800931455
1999-12-02,-0.017151774396741298,0,0,-0.0,0.9722656578076518,-0.040805131800931455
1999-12-03,-0.014602523858180522,0,0,0.0,0.9722656578076518,-0.040805131800931455
1999-12-06,-0.015132920312179138,0,0,0.0,0.9722656578076518,-0.040805131800931455
1999-12-07,-0.014683877227986591,0,0,0.0,0.9722656578076518,-0.040805131800931455
1999-12-08,-0.014086964430224384,0,0,-0.0,0.9722656578076518,-0.040805131800931455
1999-12-09,-0.01362439163148155,0,0,0.0,0.9722656578076518,-0.040805131800931455
1999-12-10,-0.012437524132110193,0,0,0.0,0.9722656578076518,-0.040805131800931455
1999-12-13,-0.013078629751378943,0,0,-0.0,0.9722656578076518,-0.040805131800931455
1999-12-14,-0.013998536822652816,0,0,-0.0,0.9722656578076518,-0.040805131800931455
1999-12-15,-0.015190418360600949,0,0,-0.0,0.9722656578076518,-0.040805131800931455
1999-12-16,-0.016941340130810514,0,0,-0.0,0.9722656578076518,-0.040805131800931455
1999-12-17,-0.018160315818760885,0,0,-0.0,0.9722656578076518,-0.040805131800931455
1999-12-20,-0.02060914799631726,0,0,-0.0,0.9722656578076518,-0.040805131800931455
1999-12-21,-0.01963232882922284,0,0,-0.0,0.9722656578076518,-0.040805131800931455
1999-12-22,-0.019410110131567085,0,0,-0.0,0.9722656578076518,-0.040805131800931455
1999-12-23,-0.01902116901097679,0,0,-0.0,0.9722656578076518,-0.040805131800931455
1999-12-27,-0.017967600322747676,0,0,0.0,0.9722656578076518,-0.040805131800931455
1999-12-28,-0.01841223352733821,0,0,-0.0,0.9722656578076518,-0.040805131800931455
1999-12-29,-0.017663934214009025,0,0,0.0,0.9722656578076518,-0.040805131800931455
1999-12-30,-0.01697324650106513,0,0,0.0,0.9722656578076518,-0.040805131800931455
1999-12-31,-0.020648281441172325,0,0,-0.0,0.9722656578076518,-0.040805131800931455
2000-01-03,-0.03869174924432697,0,0,-0.0,0.9722656578076518,-0.040805131800931455
2000-01-04,-0.03695502664475192,0,0,0.0,0.9722656578076518,-0.040805131800931455
2000-01-05,-0.02556535886946921,0,0,0.0,0.9722656578076518,-0.040805131800931455
2000-01-06,-0.024048175322885983,0,0,0.0,0.9722656578076518,-0.040805131800931455
2000-01-07,-0.03806056061743361,0,0,-0.0,0.9722656578076518,-0.040805131800931455
2000-01-10,-0.03939717322273229,0,0,-0.0,0.9722656578076518,-0.040805131800931455
2000-01-11,-0.04186671167939012,0,0,-0.0,0.9722656578076518,-0.040805131800931455
2000-01-12,-0.04096124892106307,0,0,-0.0,0.9722656578076518,-0.040805131800931455
2000-01-13,-0.037773126880761794,0,0,0.0,0.9722656578076518,-0.040805131800931455
2000-01-14,-0.03901171536530529,0,0,-0.0,0.9722656578076518,-0.040805131800931455
2000-01-18,-0.040253530378080264,0,0,-0.0,0.9722656578076518,-0.040805131800931455
2000-01-19,-0.03835716799468569,0,0,0.0,0.9722656578076518,-0.040805131800931455
2000-01-20,-0.03918830149937308,0,0,-0.0,0.9722656578076518,-0.040805131800931455
2000-01-21,-0.038518103315024046,0,0,-0.0,0.9722656578076518,-0.040805131800931455
2000-01-24,-0.036749499529550804,0,0,0.0,0.9722656578076518,-0.040805131800931455
2000-01-25,-0.03823496653643947,0,0,-0.0,0.9722656578076518,-0.040805131800931455
2000-01-26,-0.03963047852793307,0,0,-0.0,0.9722656578076518,-0.040805131800931455
2000-01-27,-0.03745942929958596,0,0,-0.0,0.9722656578076518,-0.040805131800931455
2000-01-28,-0.03760381326719002,0,0,-0.0,0.9722656578076518,-0.040805131800931455
2000-01-31,-0.038085925519510365,0,0,-0.0,0.9722656578076518,-0.040805131800931455
2000-02-01,-0.03578731933014369,0,0,0.0,0.9722656578076518,-0.040805131800931455
2000-02-02,-0.036977799245423944,0,0,-0.0,0.9722656578076518,-0.040805131800931455
2000-02-03,-0.03672262154907712,0,0,0.0,0.9722656578076518,-0.040805131800931455
2000-02-04,-0.03590097571774879,0,0,-0.0,0.9722656578076518,-0.040805131800931455
2000-02-07,-0.03635942221532,0,0,-0.0,0.9722656578076518,-0.040805131800931455
2000-02-08,-0.03582112683555201,0,0,0.0,0.9722656578076518,-0.040805131800931455
2000-02-09,-0.036299027451150864,0,0,-0.0,0.9722656578076518,-0.040805131800931455
2000-02-10,-0.03431184895989106,0,0,-0.0,0.9722656578076518,-0.040805131800931455
2000-02-11,-0.03342120995911176,0,0,0.0,0.9722656578076518,-0.040805131800931455
2000-02-14,-0.031154669220068328,0,0,0.0,0.9722656578076518,-0.040805131800931455
2000-02-15,-0.0329746211727427,0,0,-0.0,0.9722656578076518,-0.040805131800931455
2000-02-16,-0.0329907104493564,0,0,0.0,0.9722656578076518,-0.040805131800931455
2000-02-17,-0.033584064885665774,0,0,-0.0,0.9722656578076518,-0.040805131800931455
2000-02-18,-0.030725180720526227,0,0,0.0,0.9722656578076518,-0.040805131800931455
2000-02-22,-0.027018424616129796,0,0,0.0,0.9722656578076518,-0.040805131800931455
2000-02-23,-0.029678539133887127,0,0,-0.0,0.9722656578076518,-0.040805131800931455
2000-02-24,-0.02608176932081349,0,0,0.0,0.9722656578076518,-0.040805131800931455
2000-02-25,-0.026084426468122084,0,0,0.0,0.9722656578076518,-0.040805131800931455
2000-02-28,-0.02777754757812811,0,0,-0.0,0.9722656578076518,-0.040805131800931455
2000-02-29,-0.027337631041723976,0,0,0.0,0.9722656578076518,-0.040805131800931455
2000-03-01,-0.026954751704239655,0,0,0.0,0.9722656578076518,-0.040805131800931455
2000-03-02,-0.02841681456933277,0,0,-0.0,0.9722656578076518,-0.040805131800931455
2000-03-03,-0.028821181962052442,0,0,0.0,0.9722656578076518,-0.040805131800931455
2000-03-06,-0.02918076934362448,0,0,-0.0,0.9722656578076518,-0.040805131800931455
2000-03-07,-0.028148879700913673,0,0,0.0,0.9722656578076518,-0.040805131800931455
2000-03-08,-0.0293307780432657,0,0,0.0,0.9722656578076518,-0.040805131800931455
2000-03-09,-0.028377122225124066,0,0,0.0,0.9722656578076518,-0.040805131800931455
2000-03-10,-0.028614441718687832,0,0,-0.0,0.9722656578076518,-0.040805131800931455
2000-03-13,-0.02701671868141535,0,0,0.0,0.9722656578076518,-0.040805131800931455
2000-03-14,-0.02526220448061255,0,0,0.0,0.9722656578076518,-0.040805131800931455
2000-03-15,-0.025781628250361913,0,0,0.0,0.9722656578076518,-0.040805131800931455
2000-03-16,-0.0259932303864739,0,0,0.0,0.9722656578076518,-0.040805131800931455
2000-03-17,-0.024527240978765838,0,0,0.0,0.9722656578076518,-0.040805131800931455
2000-03-20,-0.02479090296345004,0,0,-0.0,0.9722656578076518,-0.040805131800931455
2000-03-21,-0.02383187144608702,0,0,0.0,0.9722656578076518,-0.040805131800931455
2000-03-22,-0.023538032355767263,0,0,0.0,0.9722656578076518,-0.040805131800931455
2000-03-23,-0.021735002752404645,0,0,0.0,0.9722656578076518,-0.040805131800931455
2000-03-24,-0.026676233142050247,0,0,-0.0,0.9722656578076518,-0.040805131800931455
2000-03-27,-0.025564737795078507,0,0,-0.0,0.9722656578076518,-0.040805131800931455
2000-03-28,-0.022957425831238998,0,0,0.0,0.9722656578076518,-0.040805131800931455
2000-03-29,-0.016565680171586016,0,0,0.0,0.9722656578076518,-0.040805131800931455
2000-03-30,-0.015011549132850764,0,0,0.0,0.9722656578076518,-0.040805131800931455
2000-03-31,-0.01876145448846593,0,0,0.0,0.9722656578076518,-0.040805131800931455
2000-04-03,-0.01712364505390554,0,0,0.0,0.9722656578076518,-0.040805131800931455
2000-04-04,-0.007683986870792958,0,0,0.0,0.9722656578076518,-0.040805131800931455
2000-04-05,-0.007843056832224337,0,0,-0.0,0.9722656578076518,-0.040805131800931455
2000-04-06,-0.009088927217789786,0,0,-0.0,0.9722656578076518,-0.040805131800931455
2000-04-07,-0.0073782279305434455,0,0,0.0,0.9722656578076518,-0.040805131800931455
2000-04-10,-0.006383762066998355,0,0,0.0,0.9722656578076518,-0.040805131800931455
2000-04-11,-0.007464687119897262,0,0,-0.0,0.9722656578076518,-0.040805131800931455
2000-04-12,-0.00931723808756819,0,0,-0.0,0.9722656578076518,-0.040805131800931455
2000-04-13,-0.008229769976836537,0,0,0.0,0.9722656578076518,-0.040805131800931455
2000-04-14,-0.006658701892557956,0,0,0.0,0.9722656578076518,-0.040805131800931455
2000-04-17,-0.007764373943703317,0,0,-0.0,0.9722656578076518,-0.040805131800931455
2000-04-18,-0.009819819142562318,0,0,-0.0,0.9722656578076518,-0.040805131800931455
2000-04-19,-0.009466438865644572,0,0,0.0,0.9722656578076518,-0.040805131800931455
2000-04-20,-0.010735406769876082,0,0,-0.0,0.9722656578076518,-0.040805131800931455
2000-04-24,-0.009021364050262926,0,0,0.0,0.9722656578076518,-0.040805131800931455
2000-04-25,-0.01330487891337544,0,0,-0.0,0.9722656578076518,-0.040805131800931455
2000-04-26,-0.012903472456006608,0,0,-0.0,0.9722656578076518,-0.040805131800931455
2000-04-27,-0.016350448881404692,0,0,-0.0,0.9722656578076518,-0.040805131800931455
2000-04-28,-0.017344759472440918,0,0,-0.0,0.9722656578076518,-0.040805131800931455
2000-05-01,-0.019180078662101592,0,0,-0.0,0.9722656578076518,-0.040805131800931455
2000-05-02,-0.019637259939392214,0,0,-0.0,0.9722656578076518,-0.040805131800931455
2000-05-03,-0.0207354867740135,0,0,-0.0,0.9722656578076518,-0.040805131800931455
2000-05-04,-0.022372109241288112,0,0,-0.0,0.9722656578076518,-0.040805131800931455
2000-05-05,-0.024007754810063595,0,0,-0.0,0.9722656578076518,-0.040805131800931455
2000-05-08,-0.022411496520447466,0,0,-0.0,0.9722656578076518,-0.040805131800931455
2000-05-09,-0.02155548344321773,0,0,0.0,0.9722656578076518,-0.040805131800931455
2000-05-10,-0.01974633583401714,0,0,0.0,0.9722656578076518,-0.040805131800931455
2000-05-11,-0.017627350072416646,0,0,0.0,0.9722656578076518,-0.040805131800931455
2000-05-12,-0.02042366641854521,0,0,-0.0,0.9722656578076518,-0.040805131800931455
2000-05-15,-0.01911736284027753,0,0,0.0,0.9722656578076518,-0.040805131800931455
2000-05-16,-0.019130710703028724,0,0,0.0,0.9722656578076518,-0.040805131800931455
2000-05-17,-0.02133143989349663,0,0,-0.0,0.9722656578076518,-0.040805131800931455
2000-05-18,-0.02217172315807981,0,0,-0.0,0.9722656578076518,-0.040805131800931455
2000-05-19,-0.020595784963973924,0,0,0.0,0.9722656578076518,-0.040805131800931455
2000-05-22,-0.018396168024175794,0,0,0.0,0.9722656578076518,-0.040805131800931455
2000-05-23,-0.016817961148527183,0,0,-0.0,0.9722656578076518,-0.040805131800931455
2000-05-24,-0.017743533814896538,0,0,-0.0,0.9722656578076518,-0.040805131800931455
2000-05-25,-0.016020248303958734,0,0,0.0,0.9722656578076518,-0.040805131800931455
2000-05-26,-0.01482904856880832,0,0,0.0,0.9722656578076518,-0.040805131800931455
2000-05-30,-0.017431571196480887,0,0,-0.0,0.9722656578076518,-0.040805131800931455
2000-05-31,-0.013797424696842819,0,0,0.0,0.9722656578076518,-0.040805131800931455
2000-06-01,-0.011430259416534033,0,0,0.0,0.9722656578076518,-0.040805131800931455
2000-06-02,-0.009592926293326554,0,0,0.0,0.9722656578076518,-0.040805131800931455
2000-06-05,-0.008276920066243964,0,0,0.0,0.9722656578076518,-0.040805131800931455
2000-06-06,-0.006983700105661766,0,0,-0.0,0.9722656578076518,-0.040805131800931455
2000-06-07,-0.007208783553894226,0,0,0.0,0.9722656578076518,-0.040805131800931455
2000-06-08,-0.008320944698244025,0,0,-0.0,0.9722656578076518,-0.040805131800931455
2000-06-09,-0.008468860547969248,0,0,0.0,0.9722656578076518,-0.040805131800931455
2000-06-12,-0.0071533042323064676,0,0,0.0,0.9722656578076518,-0.040805131800931455
2000-06-13,-0.007190323724409986,0,0,0.0,0.9722656578076518,-0.040805131800931455
2000-06-14,-0.005342871203664689,0,0,0.0,0.9722656578076518,-0.040805131800931455
2000-06-15,-0.005246467554686218,0,0,0.0,0.9722656578076518,-0.040805131800931455
2000-06-16,-0.003348717691244568,0,0,0.0,0.9722656578076518,-0.040805131800931455
2000-06-19,-0.004632630573918289,0,0,-0.0,0.9722656578076518,-0.040805131800931455
2000-06-20,-0.004826613543533686,0,0,-0.0,0.9722656578076518,-0.040805131800931455
2000-06-21,-0.0076973622008363165,0,0,-0.0,0.9722656578076518,-0.040805131800931455
2000-06-22,-0.006957684735961111,0,0,-0.0,0.9722656578076518,-0.040805131800931455
2000-06-23,-0.002600266070684998,0,0,-0.0,0.9722656578076518,-0.040805131800931455
2000-06-26,-0.0023280536416741106,0,0,0.0,0.9722656578076518,-0.040805131800931455
2000-06-27,-0.006974296966588384,0,0,0.0,0.9722656578076518,-0.040805131800931455
2000-06-28,-0.008632092309233385,0,0,-0.0,0.9722656578076518,-0.040805131800931455
2000-06-29,-0.003314169112842935,0,0,0.0,0.9722656578076518,-0.040805131800931455
2000-06-30,-0.0019438649151896806,0,0,0.0,0.9722656578076518,-0.040805131800931455
2000-07-03,0.0012962709830739933,0,0,0.0,0.9722656578076518,-0.040805131800931455
2000-07-05,0.0019972283329109325,0,0,0.0,0.9722656578076518,-0.040805131800931455
2000-07-06,-0.0010348828323767881,0,0,-0.0,0.9722656578076518,-0.040805131800931455
2000-07-07,0.001664339617451215,0,0,0.0,0.9722656578076518,-0.040805131800931455
2000-07-10,0.002092754635201282,0,0,-0.0,0.9722656578076518,-0.040805131800931455
2000-07-11,0.0010816136407495623,0,0,-0.0,0.9722656578076518,-0.040805131800931455
2000-07-12,0.00023808382419245305,0,0,-0.0,0.9722656578076518,-0.040805131800931455
2000-07-13,0.0028015620023370165,0,0,0.0,0.9722656578076518,-0.040805131800931455
2000-07-14,-0.0007453194541067135,0,0,-0.0,0.9722656578076518,-0.040805131800931455
2000-07-17,-0.003142040092918713,0,0,-0.0,0.9722656578076518,-0.040805131800931455
2000-07-18,-0.002917217154590024,0,0,0.0,0.9722656578076518,-0.040805131800931455
2000-07-19,-0.0018697532527523373,0,0,-0.0,0.9722656578076518,-0.040805131800931455
2000-07-20,0.004697997660688763,0,0,0.0,0.9722656578076518,-0.040805131800931455
2000-07-21,0.005521655445487744,0,0,0.0,0.9722656578076518,-0.040805131800931455
2000-07-24,0.005591633268110241,1,0,-0.0,0.9722656578076518,-0.040805131800931455
2000-07-25,0.005837389589263409,1,1,0.00029868578255665135,0.972556059736507,-0.04051863393109912
2000-07-26,0.004543355877313037,1,1,0.0,0.972556059736507,-0.04051863393109912
2000-07-27,0.007752894565972751,0,1,0.000995321986662523,0.9735240661660247,-0.0395636410316577
2000-07-28,0.007729619141108983,1,0,-0.0,0.9735240661660247,-0.0395636410316577
2000-07-31,0.007902329300244426,1,1,0.00019900497512437276,0.9737178022985951,-0.03937250941793267
2000-08-01,0.00982371409904661,1,1,0.0010943095901312372,0.974783351027732,-0.03832128554244498
2000-08-02,0.01130953826159532,1,1,0.000993739441518482,0.9757520316905838,-0.037365627473819704
2000-08-03,0.011292892844443457,1,1,0.00039710116152091857,0.9761395039557245,-0.03698336424636964
2000-08-04,0.011130672352879479,1,1,0.0016870100228243423,0.9777862610825726,-0.03535874552970663
2000-08-07,0.00979407922715934,1,1,-0.0012878937982959693,0.9765269762208654,-0.03660110101891935
2000-08-08,0.011973296904050156,1,1,0.0010911615911119998,0.9775925249500024,-0.03554987714343155
2000-08-09,0.012493152334638297,1,1,-9.908838684113963e-05,0.9774956568837171,-0.03564544295029418
2000-08-10,0.012596320012963536,1,1,0.0008918838569023091,0.9783674694802837,-0.03478535068853142
2000-08-11,0.010609876813674424,1,1,-0.00207920792079197,0.9763332400882951,-0.03679223263264427
2000-08-14,0.012706600674931602,1,1,0.0002976485762475889,0.9766238442871507,-0.036505535212056725
2000-08-15,0.010098691516167612,1,1,-0.000892680023804715,0.9757520316905841,-0.03736562747381937
2000-08-16,0.007752909184835193,1,1,-0.0006949270326616075,0.9750739552265878,-0.0380345881218571
2000-08-17,0.00850761238873175,1,1,0.00019868865487793208,0.9752676913591583,-0.03784345650813196
2000-08-18,0.009537833691982155,1,1,0.001092570520460967,0.9763332400882953,-0.03679223263264416
2000-08-21,0.008403596302053989,1,1,-0.0002976485762476999,0.9760426358894396,-0.037078930053231825
2000-08-22,0.00821991709490727,1,1,0.000496228662167475,0.9765269762208655,-0.03660110101891924
2000-08-23,0.009936100375373935,1,1,0.0014879476242435352,0.9779799972151431,-0.035167613915981485
2000-08-24,0.009956871902532659,1,1,0.0003961965134706702,0.9783674694802837,-0.03478535068853142
2000-08-25,0.00858185631744921,1,1,9.90099009900991e-05,0.9784643375465689,-0.0346897848816689
2000-08-28,0.006223343293061623,1,1,-0.001386001386001423,0.9771081846185764,-0.03602770617774425
2000-08-29,0.0043087842575512,1,1,-0.0009913750371766117,0.9761395039557246,-0.03698336424636953
2000-08-30,0.005319826202473369,0,1,0.00029770765108660946,0.9764301081545801,-0.03669666682578197
2000-08-31,0.0075953389001236875,1,0,0.0,0.9764301081545801,-0.03669666682578197
2000-09-01,0.008982497533518336,1,1,0.0020779734811002815,0.9784591040254732,-0.034694948045190424
2000-09-05,0.00871152498842619,1,1,0.0,0.9784591040254732,-0.034694948045190424
2000-09-06,0.006598169463256852,1,1,-0.0008887133405746095,0.9775895343665191,-0.03555282752258674
2000-09-07,0.005696320202791316,1,1,-0.0008895038545166933,0.9767199647075648,-0.03641070699998317
2000-09-08,0.006042623742913415,1,1,0.0008902957760412722,0.9775895343665192,-0.03555282752258663
2000-09-11,0.005491244464838564,1,1,-0.0009883376161297086,0.9766233458565701,-0.03650602694191596
2000-09-12,0.004423492806841689,1,1,-9.893153937479138e-05,0.9765267270055751,-0.036601346883848966
2000-09-13,0.006386445808211233,0,1,0.0014841199168893482,0.9779760097704988,-0.035171547754854926
2000-09-14,0.007112396350676958,1,0,-0.0,0.9779760097704988,-0.035171547754854926
2000-09-15,0.008418949518597922,1,1,9.887284951548558e-05,0.9780727050453426,-0.03507615241648783
2000-09-18,0.008339881159490742,1,1,0.00019772614928315058,0.9782660955950302,-0.034885361739753644
2000-09-19,0.008759501309543104,1,1,0.0,0.9782660955950302,-0.034885361739753644
2000-09-20,0.005614270741015431,1,1,-0.001186122368291076,0.9771057522969041,-0.036030105800159314
2000-09-21,0.005263383150312079,1,1,0.0002968827313212241,0.9773958381214357,-0.035743919785057816
2000-09-22,0.005790329894583035,1,1,0.0009893153937476917,0.9783627908698742,-0.034789966401386326
2000-09-25,0.0035067080937352443,1,1,-0.00019766752322603054,0.9781694003201865,-0.03498075707812063
2000-09-26,0.004950589803539312,0,1,0.0009885330170027462,0.9791363530686248,-0.03402680369444936
2000-09-27,0.004710624338035629,0,0,0.0,0.9791363530686248,-0.03402680369444936
2000-09-28,0.0039986158207204634,0,0,-0.0,0.9791363530686248,-0.03402680369444936
2000-09-29,0.004240479824340903,0,0,0.0,0.9791363530686248,-0.03402680369444936
2000-10-02,0.004762577401727229,0,0,0.0,0.9791363530686248,-0.03402680369444936
2000-10-03,0.004669209514524996,0,0,-0.0,0.9791363530686248,-0.03402680369444936
2000-10-04,0.003918613634072032,0,0,-0.0,0.9791363530686248,-0.03402680369444936
2000-10-05,0.004748828004987609,0,0,0.0,0.9791363530686248,-0.03402680369444936
2000-10-06,0.005184653531072214,0,0,0.0,0.9791363530686248,-0.03402680369444936
2000-10-09,0.006423822761650361,1,0,0.0,0.9791363530686248,-0.03402680369444936
2000-10-10,0.006894021492347567,1,1,0.0005921831819977186,0.9797161811497946,-0.0334547706133366
2000-10-11,0.007173417918688944,1,1,0.0008877490629315421,0.9805859232715493,-0.03259672099166762
2000-10-12,0.010007207022464475,1,1,0.002365231102788856,0.982905235596228,-0.030308588667217237
2000-10-13,0.009668827107648402,1,1,0.0,0.982905235596228,-0.030308588667217237
2000-10-16,0.008503760955850653,1,1,-0.0010815062432405487,0.9818422174474168,-0.031357315982590395
2000-10-17,0.012191972613194955,1,1,0.0022637795275590733,0.9840648917585675,-0.029164522504991935
2000-10-18,0.012222380993809906,1,1,0.0,0.9840648917585675,-0.029164522504991935
2000-10-19,0.01213850527989548,1,1,-0.00029460866149466636,0.9837749777179826,-0.02945053904554826
2000-10-20,0.012488602368501217,1,1,0.00039292730844797674,0.9841615297720958,-0.029069183658139788
2000-10-23,0.014695046179519613,1,1,0.0012765121759621412,0.9854178239479634,-0.02782977864906256
2000-10-24,0.013758540983931523,1,1,-0.0010787486515642097,0.9843548057991522,-0.028878505964435718
2000-10-25,0.012089154878186154,1,1,-0.0016689573924995038,0.9827119595691713,-0.030499266360921526
2000-10-26,0.01332659138021221,1,1,-9.833808634074348e-05,0.9826153215556431,-0.030594605207773563
2000-10-27,0.011755623113916775,1,1,-0.001180173092053538,0.9814556653933036,-0.03173867136999886
2000-10-30,0.0101060419219195,1,1,-0.0005907837731390364,0.9808758373121339,-0.03231070445111151
2000-10-31,0.010666086624513215,1,1,0.0,0.9808758373121339,-0.03231070445111151
2000-11-01,0.012411571134907278,1,1,0.0010837438423645374,0.9819388554609451,-0.03126197713573836
2000-11-02,0.01230557003678938,1,1,0.0002952465308532215,0.9822287695015299,-0.030975960595182032
2000-11-03,0.009103196268915963,1,1,-0.0025580480125935168,0.9797161811497944,-0.03345477061333682
2000-11-06,0.009024058698694637,1,1,-0.0011836654172420191,0.9785565249874549,-0.03459883677556212
2000-11-07,0.00955812106865973,1,1,0.0,0.9785565249874549,-0.03459883677556212
2000-11-08,0.009481870122372447,1,1,0.00019751135690304622,0.9787498010145116,-0.03440815908185783
2000-11-09,0.010338328394887313,1,1,0.0015797788309637184,0.9802960092309643,-0.03288273753222406
2000-11-10,0.010965489821917805,1,1,0.00039432176656162277,0.9806825612850776,-0.032501382144815474
2000-11-13,0.012066402431015442,1,1,0.0009854158454867257,0.9816489414203604,-0.03154799367629446
2000-11-14,0.010645673298222002,1,1,0.0,0.9816489414203604,-0.03154799367629446
2000-11-15,0.010691635640042767,1,1,0.0008860011813349722,0.982518683542115,-0.03068994405462549
2000-11-16,0.01145518180774021,1,1,0.0009835743090389482,0.9834850636773979,-0.029736555586104475
2000-11-17,0.009775594793314251,1,1,-0.0006878254888473823,0.9828085975826999,-0.030403927514069163
2000-11-20,0.009157017828963098,1,1,0.0006882989183873978,0.9834850636773979,-0.029736555586104475
2000-11-21,0.008808495177489967,1,1,0.0,0.9834850636773979,-0.029736555586104475
2000-11-22,0.01089612222757421,1,1,0.0017686941141790147,0.9852245479209071,-0.028020456342766523
2000-11-24,0.01025006818912954,1,1,-0.001275134870034389,0.9839682537450393,-0.02925986135184397
2000-11-27,0.009665212487021523,1,1,0.0,0.9839682537450393,-0.02925986135184397
2000-11-28,0.011008991558122938,1,1,0.0015714005107052564,0.985514461961492,-0.027734439802210197
2000-11-29,0.012787303535646333,1,1,0.0017650519709746515,0.9872539462050011,-0.026018340558872352
2000-11-30,0.01725257803561895,1,1,0.00450274079874724,0.9916992948273026,-0.021632753603675215
2000-12-01,0.015648847106818565,1,1,-0.001851490937439082,0.9898631725702651,-0.023444191693865205
2000-12-04,0.015518224660229906,1,1,0.0003905105925996466,0.9902497246243781,-0.023062836306456953
2000-12-05,0.01905319255242155,1,1,0.0029276861520444175,0.9931488650302267,-0.020202670900893806
2000-12-06,0.021130099569576268,1,1,0.00291913982679759,0.9960480054360753,-0.017342505495330663
2000-12-07,0.020875838162070035,1,1,0.0,0.9960480054360753,-0.017342505495330663
2000-12-08,0.01980196008356807,1,1,-0.0012612787426020677,0.9947917112602076,-0.018581910504407998
2000-12-11,0.019635533525758097,1,1,-0.0007771517388770466,0.9940186071519812,-0.01934462127922494
2000-12-12,0.020519486083658087,1,1,0.0003888780867198349,0.9944051592060944,-0.01896326589181647
2000-12-13,0.026189698930322833,1,1,0.0022351797862001366,0.996627833517245,-0.016770472414218012
2000-12-14,0.027062465253182455,1,1,0.0017453699214584617,0.9983673177607544,-0.015054373170879948
2000-12-15,0.025906158559786625,1,1,0.001064756557932478,0.9994303359095656,-0.014005645855506682
2000-12-18,0.0266552140683477,1,1,0.0011603171533551837,1.000589992071905,-0.01286157969328149
2000-12-19,0.02713167757957103,1,1,-0.0008692292833687443,0.9997202499501504,-0.013719629314950466
2000-12-20,0.030000355809810482,1,1,0.0031899468342193593,1.0029093043965838,-0.010573447368831104
2000-12-21,0.03162780360237224,1,1,0.0020235112738484773,1.0049387026806778,-0.008571331584936934
2000-12-22,0.03280554800819681,1,1,0.0008654678334456545,1.0058084448024325,-0.007713281963267848
2000-12-26,0.03234063447836388,1,1,-0.0003843197540353005,1.0054218927483194,-0.008094637350676209
2000-12-27,0.029421978944723107,1,1,-0.0021145713187237236,1.0032958564506969,-0.010192091981422742
2000-12-28,0.028948272633109937,1,1,-0.0011558466576766513,1.0021362002883576,-0.011336158143647825
2000-12-29,0.02947563428364427,1,1,0.0008678881388621829,1.0030059424101123,-0.01047810852197874
2001-01-02,0.03733791415020242,1,1,0.007322478080739936,1.0103504314382623,-0.0032323561612185654
2001-01-03,0.03113732226475987,1,1,-0.005069344811095222,1.005228616721263,-0.00828531504438028
2001-01-04,0.03602512509464931,1,1,0.004422226494904979,1.0096739653435645,-0.0038997280891831425
2001-01-05,0.04031497609381981,1,1,0.004115620214395044,1.0138293999252808,0.0
2001-01-08,0.04155440462684972,1,1,0.0015251167667524879,1.0153756081417333,0.0
2001-01-09,0.038116675470700384,1,1,-0.002855239364233375,1.0124764677358846,-0.0028552393642334055
2001-01-10,0.033430228939558965,1,1,-0.003149756609716503,1.0092874132894512,-0.005996002664890043
2001-01-11,0.03317052038789768,1,1,-0.0006702412868632157,1.008610947194753,-0.0066622251832112065
2001-01-12,0.0283129192853317,1,1,-0.0038325189230622447,1.0047454266536215,-0.010469211002189008
2001-01-16,0.028384446974749532,1,1,0.00038472636337405497,1.0051319787077346,-0.010088512420291294
2001-01-17,0.02984565210379805,1,1,0.0019228920296123775,1.0070647389783003,-0.008185019510802503
2001-01-18,0.03284519321856446,1,1,0.0032626427406199365,1.010350431438262,-0.004949081564671382
2001-01-19,0.03099831361754235,1,1,-0.0021042563366809874,1.0082243951406398,-0.00704292376510914
2001-01-22,0.0297317841003907,1,1,-0.0009584970765839085,1.007258015005357,-0.007994670219853535
2001-01-23,0.027631824358978613,1,1,-0.0021107166842559977,1.0051319787077346,-0.010088512420291294
2001-01-24,0.026550736005314796,1,1,-0.0006730122103644209,1.0044555126130366,-0.010754734938612459
2001-01-25,0.02753432394856342,1,1,0.0007696748123917629,1.005228616721263,-0.00999333777481681
2001-01-26,0.02771359694629868,1,1,0.0005768121515092872,1.0058084448024327,-0.00942228990197013
2001-01-29,0.028116877339636647,1,1,-0.0003843197540353005,1.0054218927483196,-0.009802988483867844
2001-01-30,0.029459154299196866,1,1,0.0022106881968473324,1.0076445670594703,-0.007613971637955602
2001-01-31,0.031081914025708358,1,1,0.0024935264217895714,1.0101571554112057,-0.00513943085562013
2001-02-01,0.03459438569934289,1,1,0.0023916578972544844,1.012573105749413,-0.002760064718758922
2001-02-02,0.03144378097035884,1,1,-0.0030540179423554914,1.0094806893165076,-0.005805653373941295
2001-02-05,0.030937300895715336,1,1,-0.00019146084625687454,1.0092874132894512,-0.005996002664890043
2001-02-06,0.02880829480740869,1,1,-0.001627728839525111,1.0076445670594703,-0.007613971637955602
2001-02-07,0.029450701336821254,1,1,0.0006713340366357734,1.0083210331541683,-0.006947749119634438
2001-02-08,0.029611165661937475,1,1,-0.0004792026068621835,1.007837843086527,-0.007423622347006636
2001-02-09,0.03125025896012467,1,1,0.002301275290056415,1.0101571554112057,-0.00513943085562013
2001-02-12,0.031019575773391594,1,1,-0.0007653305271213551,1.0093840513029795,-0.005900828019415559
2001-02-13,0.029374309937519317,1,1,-0.0011488750598372954,1.00822439514064,-0.007042923765108921
2001-02-14,0.025915626368155954,1,1,-0.002108693568484643,1.0060983588430177,-0.009136765965546679
2001-02-15,0.023865531553714528,1,1,-0.0018249927960810597,1.0042622365859801,-0.010945084229561206
2001-02-16,0.027058050428515012,1,1,0.0032717474980754613,1.007547929045942,-0.007709146283430086
2001-02-20,0.027801841120877732,1,1,9.591406100128985e-05,1.0076445670594703,-0.007613971637955602
2001-02-21,0.026930099877826474,1,1,-0.0007672388990122014,1.0068714629512439,-0.00837536880175125
2001-02-22,0.028292075610829723,1,1,0.0006718495057107532,1.007547929045942,-0.007709146283430086
2001-02-23,0.029876738888441855,1,1,0.00268559370803767,1.0102537934247342,-0.005044256210145428
2001-02-26,0.02959883416464828,1,1,0.0013392003061030167,1.0116067256141303,-0.0037118111735030992
2001-02-27,0.030336657765935943,1,1,0.0013374092472295818,1.0129596578035263,-0.002379366136860989
2001-02-28,0.03007693470207432,1,1,0.0014310246136233218,1.0144092280064505,-0.0009517464547443956
2001-03-01,0.03157549202582536,1,1,0.0009526531389920656,1.0153756081417333,0.0
2001-03-02,0.027824772416040415,1,1,-0.002855239364233375,1.0124764677358846,-0.0028552393642334055
2001-03-05,0.027013059451667664,1,1,-0.00047723584995706947,1.0119932776682432,-0.0033311125916056033
2001-03-06,0.02607459174834883,1,1,9.549274255160611e-05,1.0120899156817715,-0.00323593794613112
2001-03-07,0.02740343628923101,1,1,0.0017187052420508664,1.0138293999252805,-0.0015227943275912955
2001-03-08,0.029342368713071283,1,1,0.0006672385854542551,1.0145058660199786,-0.000856571809270131
2001-03-09,0.028102989176668022,1,1,-0.0015240998285388496,1.0129596578035258,-0.0023793661368614267
2001-03-12,0.027893854856387654,1,1,0.0004770082045413293,1.0134428478711675,-0.00190349290948901
2001-03-13,0.026742615742978683,1,1,-0.0003814246209593586,1.0130562958170541,-0.002284191491386943
2001-03-14,0.02972690372779766,1,1,0.0033387389106172005,1.0164386262905443,0.0
2001-03-15,0.03157047562325172,1,1,0.002091652405400213,1.0185646625881666,0.0
2001-03-16,0.031619780973946784,1,1,0.0007590132827324236,1.019337766696393,0.0
2001-03-19,0.028891659261277347,1,1,-0.0018960940462646736,1.0174050064258273,-0.0018960940462645747
2001-03-20,0.02920020238934949,1,1,0.0016147416413374582,1.0190478526558082,-0.0002844141069395991
2001-03-21,0.029823806803059513,1,1,0.0010431484115693834,1.0201108708046194,0.0
2001-03-22,0.031331681410864363,1,1,0.0018946570670708152,1.022043631075185,0.0
2001-03-23,0.02781790229422241,1,1,-0.002647503782148286,1.019337766696393,-0.002647503782148223
2001-03-26,0.027377465025367417,1,1,-0.0011376564277588708,1.0181781105340535,-0.0037821482602117783
2001-03-27,0.023987087210699164,1,1,-0.004271070615034178,1.0138293999252805,-0.008037065052950002
2001-03-28,0.024309152813051016,1,1,0.0007625583833761329,1.0146025040335067,-0.007280635400907776
2001-03-29,0.022069327266314786,1,1,0.0010477188303648077,1.0156655221823179,-0.006240544629349554
2001-03-30,0.026291755906185398,1,1,0.0019029495718363432,1.0175982824528838,-0.004349470499243556
2001-04-02,0.024524461278024802,1,1,-0.0003798670465335885,1.0172117303987707,-0.004727685325264668
2001-04-03,0.024118557679177484,1,1,0.0014250427512825237,1.018661300601695,-0.0033093797276853333
2001-04-04,0.024034615695218264,1,1,0.0009486765961483901,1.0196276807369777,-0.002363842662632443
2001-04-05,0.022415932704133355,1,1,-0.0016112216851483785,1.0179848345069968,-0.003971255673222443
2001-04-06,0.027565493596678016,1,1,0.0031327131194227587,1.0211738889534303,-0.0008509833585477751
2001-04-09,0.0271177773173337,1,1,-0.0010409766253430819,1.0201108708046192,-0.0018910741301059978
2001-04-10,0.02392151035686084,1,1,-0.004262978400909501,1.015762160195846,-0.0061459909228444385
2001-04-11,0.021693526874211694,1,1,-0.0016173532489772713,1.014119313965865,-0.007753403933434439
2001-04-12,0.018667642363370478,1,1,-0.002191728606822929,1.0118966396547144,-0.009928139183056217
2001-04-16,0.013363450902920685,1,1,-0.004011078216025088,1.0078378430865265,-0.013899394856278443
2001-04-17,0.01706407383014455,1,1,0.002876594112570796,1.0107369834923752,-0.011062783661119555
2001-04-18,0.02153476645092208,1,1,0.003728845969978023,1.0145058660199784,-0.007375189107413109
2001-04-19,0.020093741665343307,1,1,-0.0028576871785102043,1.0116067256141297,-0.010211800302571997
2001-04-20,0.020586565404771037,1,1,0.0002865876958348945,1.0118966396547144,-0.009928139183056217
2001-04-23,0.023736967360545796,1,1,0.0026740521440167253,1.0146025040335065,-0.007280635400907994
2001-04-24,0.023643621000030507,1,1,0.0,1.0146025040335065,-0.007280635400907994
2001-04-25,0.02201465445970318,1,1,-0.002285931993523116,1.0122831917088275,-0.009549924357035104
2001-04-26,0.02309946610440669,1,1,0.0019093078758949389,1.0142159519793932,-0.0076588502269293235
2001-04-27,0.017319832849396005,1,1,-0.004383039542639411,1.009770603357092,-0.01200832072617288
2001-04-30,0.016168485111506318,1,1,-0.0008613264427217437,1.0089008612353374,-0.012859304084720437
2001-05-01,0.019261619234817846,1,1,0.001340996168582409,1.0102537934247335,-0.011535552193646216
2001-05-02,0.01911372849622521,1,1,-0.0002869714941649004,1.0099638793841488,-0.011819213313161997
2001-05-03,0.021409851440746933,1,1,0.0022007463400630645,1.0121865536952994,-0.00964447806354022
2001-05-04,0.021967792678333244,1,1,0.0014321176245943867,1.0136361238982239,-0.008226172465960666
2001-05-07,0.021899824404374046,1,1,0.00028601391934413023,1.0139260379388089,-0.00794251134644467
2001-05-08,0.021197466958204965,1,1,0.00019062142584824748,1.0141193139658655,-0.007753403933434004
2001-05-09,0.022904234198692405,1,1,0.0011435105774728616,1.015278970128205,-0.006618759455370449
2001-05-10,0.019680850027971555,1,1,-0.003236245954692629,1.0119932776682432,-0.009833585476550449
2001-05-11,0.014075296901443806,1,1,-0.006398013750954945,1.0055185307618477,-0.016168683812405337
2001-05-14,0.017116977341490966,1,1,0.001922152811148603,1.0074512910324136,-0.014277609682299339
2001-05-15,0.014187670868388822,1,1,-0.0006714628297361802,1.0067748249377155,-0.014939485627836448
2001-05-16,0.014047639796601268,1,1,0.00076790170858132,1.007547929045942,-0.014183055975794006
2001-05-17,0.013175651870217901,1,1,-0.0007673124880107629,1.0067748249377155,-0.014939485627836448
2001-05-18,0.01297762111537235,1,1,-0.00047993856786343603,1.006291634870074,-0.01541225416036311
2001-05-21,0.011546375558406357,1,1,-9.603380389888727e-05,1.0061949968565458,-0.015506807866868226
2001-05-22,0.010985113200944408,1,1,0.00038417210910490773,1.0065815489106589,-0.015128593040847113
2001-05-23,0.010797324801551728,1,1,0.0005760368663594306,1.0071613769918286,-0.014561270801815336
2001-05-24,0.005630929065750356,1,1,-0.002590673575129543,1.0045521506265649,-0.017114220877458227
2001-05-25,0.006984499014146057,1,1,0.0003848003848003767,1.004938702680678,-0.016736006051437113
2001-05-29,0.007298556908094118,1,1,-0.00038465237042017986,1.0045521506265649,-0.017114220877458227
2001-05-30,0.006227891497128962,1,1,0.0,1.0045521506265649,-0.017114220877458227
2001-05-31,0.008458370591910246,1,1,0.00355940355940354,1.0081277571271117,-0.013615733736762227
2001-06-01,0.007624615625995517,1,1,0.0,1.0081277571271117,-0.013615733736762227
2001-06-04,0.008442493919643761,1,1,0.0006710122699387089,1.0088042232218097,-0.012953857791225118
2001-06-05,0.01179063311691388,1,1,0.00220327617587901,1.0110268975329604,-0.01077912254160334
2001-06-06,0.011504264116173822,1,1,0.0,1.0110268975329604,-0.01077912254160334
2001-06-07,0.010054958071031916,1,1,-0.0008602561651692708,1.0101571554112057,-0.011630105900151115
2001-06-08,0.006566131091277527,1,1,-0.0018176600019133016,1.008321033154168,-0.013426626323751781
2001-06-11,0.008051917628032573,1,1,0.0016292888633313574,1.009963879384149,-0.01181921331316178
2001-06-12,0.00874360102077279,1,1,0.0016266385991772214,1.0116067256141301,-0.010211800302571562
2001-06-13,0.00945261636326658,1,1,0.0,1.0116067256141301,-0.010211800302571562
2001-06-14,0.009161197053198417,1,1,0.0016239969430644763,1.013249571844111,-0.008604387291981562
2001-06-15,0.00814317658104518,1,1,0.00019074868860280425,1.0134428478711677,-0.008415279878970897
2001-06-18,0.007478806430966245,1,1,0.0002860684657195467,1.0137327619117527,-0.0081316187594549
2001-06-19,0.00907267885092361,1,1,0.00028598665395618283,1.0140226759523376,-0.007847957639938901
2001-06-20,0.010695402271612753,1,1,0.0007624130372629878,1.014795780060564,-0.007091527987896459
2001-06-21,0.01294388718471674,1,1,0.00028568707742127053,1.015085694101149,-0.006807866868380462
2001-06-22,0.015154370937861348,1,1,0.0022848438690021844,1.0174050064258278,-0.004538577912253569
2001-06-25,0.01129602824519077,1,1,-0.0009498480243160801,1.016438626290545,-0.00548411497730646
2001-06-26,0.009684061969538154,1,1,-0.002471952842745817,1.0139260379388093,-0.007942511346444235
2001-06-27,0.00643887215247233,1,1,-0.002287457110179081,1.0116067256141306,-0.010211800302571128
2001-06-28,0.0010707874356847558,1,1,-0.003152464654184284,1.0084176711676969,-0.013332072617246013
2001-06-29,-0.00144841450754975,0,1,-0.0016291327264014166,1.006774824937716,-0.014939485627836013
2001-07-02,0.001937949522090099,0,0,0.0,1.006774824937716,-0.014939485627836013
2001-07-03,-0.0004962737882465143,0,0,-0.0,1.006774824937716,-0.014939485627836013
2001-07-05,-0.0008926736358654984,0,0,-0.0,1.006774824937716,-0.014939485627836013
2001-07-06,0.0043295410117822845,0,0,0.0,1.006774824937716,-0.014939485627836013
2001-07-09,0.005368715320935596,0,0,0.0,1.006774824937716,-0.014939485627836013
2001-07-10,0.007333661082885223,1,0,0.0,1.006774824937716,-0.014939485627836013
2001-07-11,0.007200137380779603,1,1,0.0,1.006774824937716,-0.014939485627836013
2001-07-12,0.008099205541221278,1,1,0.001051524710830698,1.0078334735443801,-0.013903670155310183
2001-07-13,0.006186962561361864,1,1,-0.0006684491978609097,1.007159788067412,-0.014562825456008557
2001-07-16,0.00917533724880416,1,1,0.0014333492594360564,1.008603399803772,-0.01315034981165527
2001-07-17,0.008921916396366154,1,1,-0.0001908396946564972,1.008410918238924,-0.013338679897569
2001-07-18,0.011265995011269136,1,1,0.0036266463065470766,1.012068067971037,-0.009760408265206643
2001-07-19,0.01001109565840842,1,1,-0.0006656523392923885,1.011394382494069,-0.0104195635659048
2001-07-20,0.010915723568685688,1,1,-0.00019031306499195377,1.0112019009292208,-0.010607893651818745
2001-07-23,0.009146630454943976,1,1,0.0001903492909489657,1.011394382494069,-0.0104195635659048
2001-07-24,0.010546559047376919,1,1,0.0005709391949757503,1.0119718271886131,-0.009854573308163398
2001-07-25,0.00841702896498282,1,1,-0.0018069424631479425,1.0101432523225566,-0.011643709124344575
2001-07-26,0.010650613008605168,1,1,0.000952743902439046,1.011105660146797,-0.0107020586947755
2001-07-27,0.013173640566634979,1,1,0.0019036740909956773,1.0130304757952775,-0.00881875783563735
2001-07-30,0.014035402086057611,1,1,0.0006650199505984222,1.0137041612722455,-0.008159602534939192
2001-07-31,0.014459938728349319,1,1,0.00132915598594896,1.015051532226182,-0.006841291933542443
2001-08-01,0.01346511306576078,1,1,-0.0012325779842609075,1.0138004020546696,-0.008065437491982219
2001-08-02,0.010349923038164843,1,1,-0.0021834061135371785,1.011586864058917,-0.01023123347999107
2001-08-03,0.009177739551320967,1,1,-0.0007611074112834348,1.0108169377995246,-0.010984553823646418
2001-08-06,0.011160492543115673,1,1,0.0005712653527563116,1.0113943824940688,-0.010419563565905017
2001-08-07,0.013424369986415052,1,1,-0.00019031306499195377,1.0112019009292206,-0.010607893651818962
2001-08-08,0.016802277231411,1,1,0.003426287237080272,1.0146665690964858,-0.007217952105370117
2001-08-09,0.014840791612686886,1,1,-0.0008536469695532567,1.0138004020546696,-0.008065437491982219
2001-08-10,0.015913117369808206,1,1,0.001044237706474327,1.014859050661334,-0.007029622019456171
2001-08-13,0.01764903325212389,1,1,0.0012328117591275944,1.0161101808328463,-0.005805476461016396
2001-08-14,0.016792269819006576,1,1,-0.0007577192650123354,1.015340254573454,-0.006558796804671742
2001-08-15,0.01348505299218331,1,1,-0.0014218009478673688,1.0138966428370935,-0.007971272449025464
2001-08-16,0.014095018854765586,1,1,0.0014238253440912452,1.015340254573454,-0.006558796804671742
2001-08-17,0.016138184726289872,1,1,0.002654028436019029,1.0180349964813267,-0.003922175601878462
2001-08-20,0.014456224407311369,1,1,-0.00217432406882212,1.015821458485574,-0.006087971589887314
2001-08-21,0.014710420223675157,1,1,0.0006631927996210152,1.0164951439625423,-0.005428816289188939
2001-08-22,0.015122259023468297,1,1,-0.0008521113425488114,1.015628976920726,-0.006276301675801042
2001-08-23,0.016167697962908824,1,1,0.0008528380555292703,1.0164951439625423,-0.005428816289188939
2001-08-24,0.013448917566613958,1,1,-0.0011361484567317115,1.015340254573454,-0.006558796804671742
2001-08-27,0.011936206291448136,1,1,-0.0005687203791469031,1.0147628098789099,-0.0071237870624131444
2001-08-28,0.014170412872084648,1,1,0.002750379362670863,1.0175537925692066,-0.004393000816662891
2001-08-29,0.015729758001665914,1,1,0.0016078691005392276,1.0191898858704151,-0.002792195086395441
2001-08-30,0.01633972404566699,1,1,0.00047214353163349543,1.0196710897825352,-0.002321369871611012
2001-08-31,0.015551292258247328,1,1,-0.0013213780084946336,1.0183237188285987,-0.0036396804730077607
2001-09-04,0.00965242957213157,1,1,-0.00538701445988099,1.0128379942304293,-0.009007087921551296
2001-09-05,0.009287580005624168,1,1,0.0009502090459903023,1.0138004020546698,-0.008065437491982002
2001-09-06,0.011703806915529923,1,1,0.0038921587241314004,1.0177462741340548,-0.0042046707307489455
2001-09-07,0.015306621225902017,1,1,0.0027423167848701357,1.0205372568243516,-0.0014738844849986918
2001-09-10,0.01327699670663126,1,1,-0.0005658242172764671,1.0199598121298075,-0.002038874742740094
2001-09-17,0.025350035753054265,1,1,0.012549537648612885,1.0327598361922026,0.0
2001-09-18,0.022827606660872565,1,1,-0.0018637592023110772,1.030835020543722,-0.0018637592023111479
2001-09-19,0.026561120340188236,1,1,0.0027074969657361336,1.0336260032340188,0.0
2001-09-20,0.0250602653183251,1,1,-0.0013035381750465813,1.0322786322800823,-0.0013035381750466583
2001-09-21,0.02694079389773003,1,1,0.000652619802349319,1.0329523177570503,-0.000651769087523544
2001-09-24,0.02524255735128983,1,1,-0.0010248765489611067,1.0318936691503862,-0.0016759776536314486
2001-09-25,0.026096477644179415,1,1,0.0011191941801902416,1.0330485585394744,-0.0005586592178772928
2001-09-26,0.028155226790052643,1,1,0.0017700763927706031,1.034877133405531,0.0
2001-09-27,0.03080137628218982,1,1,0.0017669487584859311,1.0367057082715874,0.0
2001-09-28,0.02997816738159524,1,1,-0.001485332343111767,1.035165855752803,-0.0014853323431117977
2001-10-01,0.030844680859810278,1,1,0.00065079955373748,1.0358395412297712,-0.000835499443000346
2001-10-02,0.03127231492312833,1,1,0.001300752578277331,1.0371869121837074,0.0
2001-10-03,0.030906757100250044,1,1,0.0004639510067736552,1.0376681160958274,0.0
2001-10-04,0.03153530110195056,1,1,-0.00018549434242254303,1.0374756345309795,-0.00018549434242247918
2001-10-05,0.0328143031593636,1,1,0.0006493506493507883,1.0381493200079477,0.0
2001-10-08,0.034085791344080095,1,1,0.0,1.0381493200079477,0.0
2001-10-09,0.031907444982131286,1,1,-0.002039491981088326,1.0360320227946191,-0.0020394919810883564
2001-10-10,0.03241214361315845,1,1,-0.00027868091035765374,1.035743300447347,-0.002317604523964032
2001-10-11,0.02760185372388494,1,1,-0.0026946664188812752,1.0329523177570503,-0.005006025771762368
2001-10-12,0.027624925901397902,1,1,0.000838535358240966,1.0338184847988665,-0.004171688143135343
2001-10-15,0.02795058826942018,1,1,0.0013963880096814485,1.0352620965352266,-0.0027811254287571805
2001-10-16,0.029072753868351175,1,1,0.00083666449753661,1.036128263577043,-0.0019467878001299408
2001-10-17,0.026308017372990843,1,1,-0.00027865502507895545,1.035839541229771,-0.002224900343005616
2001-10-18,0.027123014475667992,1,1,0.0002787326953452851,1.0361282635770432,-0.001946787800129727
2001-10-19,0.026578683698748835,1,1,-0.0013003901170350884,1.034780892623107,-0.0032446463335494735
2001-10-22,0.025617231360132574,1,1,-0.00018601190476186247,1.034588411058259,-0.003430054695466519
2001-10-23,0.026203137553316866,1,1,-0.0005581395348837059,1.034010966363715,-0.00398627978121787
2001-10-24,0.029214434210393457,1,1,0.0018615040953089412,1.0359357820121953,-0.0021321961620467725
2001-10-25,0.030319594976536295,1,1,0.0019509476031214223,1.0379568384430997,-0.00018540836191704554
2001-10-26,0.03025046411379448,1,1,0.0002781641168290161,1.0382455607903718,0.0
2001-10-29,0.030806371958596278,1,1,0.0016685205784205959,1.0399778948740044,0.0
2001-10-30,0.031842010097807544,1,1,0.0024060707014621485,1.042480155217029,0.0
2001-10-31,0.03366894000572724,1,1,0.0015694239290990897,1.0441162485182376,0.0
2001-11-01,0.03406820216913683,1,1,-0.00018434878790662967,1.0439237669533896,-0.00018434878790664296
2001-11-02,0.031163459252211312,1,1,-0.0025813589010786897,1.041229025045517,-0.002765231818600708
2001-11-05,0.03322643851429982,1,1,0.0012015897957295962,1.042480155217029,-0.0015669646972072096
2001-11-06,0.03749830123206679,1,1,0.0016617429837519904,1.0442124893006617,0.0
2001-11-07,0.03819811840912178,1,1,0.0023963133640554357,1.0467147496436864,0.0
2001-11-08,0.03570742251596547,1,1,-0.003218094887826539,1.0433463222588455,-0.003218094887826449
2001-11-09,0.03368424492845054,1,1,-0.0011991513697997558,1.0420951920873334,-0.004413387274733222
2001-11-12,0.03302823762052182,1,1,0.0,1.0420951920873334,-0.004413387274733222
2001-11-13,0.031165988305777416,1,1,-0.0023088289619505042,1.0396891725267328,-0.006712026480323512
2001-11-14,0.026882291068092465,1,1,-0.0047209108580950065,1.0347808926231075,-0.011401250459727773
2001-11-15,0.017834725451709353,1,1,-0.007905505952380931,1.0266004261170654,-0.019216623758734803
2001-11-16,0.011843513646615126,1,1,-0.004687353520202442,1.0217883869958642,-0.023813902169915382
2001-11-19,0.01772928815221598,1,1,0.00480361684091557,1.0266966668994895,-0.019124678190511123
2001-11-20,0.015344048374301438,1,1,-0.002343457067866539,1.0242906473388889,-0.021423317396101413
2001-11-21,0.011724764558335425,1,1,-0.0036643803438880518,1.0205372568243518,-0.025009194556822368
2001-11-23,0.008015502400975138,1,1,-0.0026405130139569577,1.0178425149164791,-0.027583670467083484
2001-11-26,0.0063753925007908,1,1,-0.0002836611195159433,1.017553792569207,-0.02785950717175431
2001-11-27,0.009280666993160791,1,1,0.0029319965951006832,1.0205372568243518,-0.025009194556822368
2001-11-28,0.0077281192023906705,1,1,-0.00018860807242560007,1.0203447752595036,-0.025193085693269727
2001-11-29,0.013107136448231336,1,1,0.00679117147707986,1.0272741115940334,-0.01857300478116968
2001-11-30,0.013381830936572341,1,1,0.0004684279557805038,1.0277553155061536,-0.018113276940051496
2001-12-03,0.015235890537482592,1,1,0.0010300589942877636,1.0288139641128178,-0.017101875689591872
2001-12-04,0.018686459447945062,1,1,0.0013096351730590428,1.0301613350667542,-0.015814637734461207
2001-12-05,0.008704228683785275,1,1,-0.008501494768310969,1.021403423866168,-0.024181684442809888
2001-12-06,0.002438266229082736,1,1,-0.0037689625930461546,1.017553792569207,-0.02785950717175431
2001-12-07,-0.00123192136839838,0,1,-0.003310318736404083,1.0141853651843662,-0.03107760205958076
2001-12-10,7.187771292817583e-05,0,0,0.0,1.0141853651843662,-0.03107760205958076
2001-12-11,-0.0019859752239478833,0,0,0.0,1.0141853651843662,-0.03107760205958076
2001-12-12,0.0011235563290854563,0,0,0.0,1.0141853651843662,-0.03107760205958076
2001-12-13,-0.003306035458050006,0,0,-0.0,1.0141853651843662,-0.03107760205958076
2001-12-14,-0.0042725725018687875,0,0,-0.0,1.0141853651843662,-0.03107760205958076
2001-12-17,-0.007031312458077232,0,0,-0.0,1.0141853651843662,-0.03107760205958076
2001-12-18,-0.003504667333062028,0,0,0.0,1.0141853651843662,-0.03107760205958076
2001-12-19,-0.0025244242834150934,0,0,0.0,1.0141853651843662,-0.03107760205958076
2001-12-20,-0.0018852029217786776,0,0,-0.0,1.0141853651843662,-0.03107760205958076
2001-12-21,-0.002903486855928422,0,0,-0.0,1.0141853651843662,-0.03107760205958076
2001-12-24,-0.0032744066863676083,0,0,-0.0,1.0141853651843662,-0.03107760205958076
2001-12-26,-0.005477950836096784,0,0,-0.0,1.0141853651843662,-0.03107760205958076
2001-12-27,-0.003401709759157018,0,0,0.0,1.0141853651843662,-0.03107760205958076
2001-12-28,-0.003769978706756232,0,0,-0.0,1.0141853651843662,-0.03107760205958076
2001-12-31,-0.0011606977134747236,0,0,0.0,1.0141853651843662,-0.03107760205958076
2002-01-02,-0.005950847634248591,0,0,-0.0,1.0141853651843662,-0.03107760205958076
2002-01-03,-0.005393576704275383,0,0,0.0,1.0141853651843662,-0.03107760205958076
2002-01-04,-0.004841571209631978,0,0,-0.0,1.0141853651843662,-0.03107760205958076
2002-01-07,-0.0012734877920654863,0,0,0.0,1.0141853651843662,-0.03107760205958076
2002-01-08,-8.799462445952563e-05,0,0,-0.0,1.0141853651843662,-0.03107760205958076
2002-01-09,0.00017931370552857259,0,0,0.0,1.0141853651843662,-0.03107760205958076
2002-01-10,0.002331532162622817,0,0,0.0,1.0141853651843662,-0.03107760205958076
2002-01-11,0.005733409701615122,0,0,0.0,1.0141853651843662,-0.03107760205958076
2002-01-14,0.00477004674833153,1,0,-0.0,1.0141853651843662,-0.03107760205958076
2002-01-15,0.005789094144526136,0,1,0.000563803796278961,1.0147571667433877,-0.030531319933322268
2002-01-16,0.006020177741648308,1,0,-0.0,1.0147571667433877,-0.030531319933322268
2002-01-17,0.0016388169736397062,1,1,-0.003289782874330238,1.0114188359946314,-0.03372066139420512
2002-01-18,0.0023958858828058865,0,1,0.0014145605431912234,1.01284954917267,-0.03235380076811241
2002-01-22,0.0012282162641642552,0,0,-0.0,1.01284954917267,-0.03235380076811241
2002-01-23,-0.002191049995071871,0,0,-0.0,1.01284954917267,-0.03235380076811241
2002-01-24,-0.004221627393427768,0,0,-0.0,1.01284954917267,-0.03235380076811241
2002-01-25,-0.0058123849353759255,0,0,-0.0,1.01284954917267,-0.03235380076811241
2002-01-28,-0.007800951371938824,0,0,-0.0,1.01284954917267,-0.03235380076811241
2002-01-29,-0.00394412774140933,0,0,0.0,1.01284954917267,-0.03235380076811241
2002-01-30,-0.003976911988578884,0,0,-0.0,1.01284954917267,-0.03235380076811241
2002-01-31,-0.006686176189262537,0,0,-0.0,1.01284954917267,-0.03235380076811241
2002-02-01,-0.005567961786628505,0,0,0.0,1.01284954917267,-0.03235380076811241
2002-02-04,-0.003239321901407992,0,0,0.0,1.01284954917267,-0.03235380076811241
2002-02-05,-0.004741041568226039,0,0,0.0,1.01284954917267,-0.03235380076811241
2002-02-06,-0.004845760087269058,0,0,-0.0,1.01284954917267,-0.03235380076811241
2002-02-07,-0.005452553767022177,0,0,-0.0,1.01284954917267,-0.03235380076811241
2002-02-08,-0.004744465875786419,0,0,0.0,1.01284954917267,-0.03235380076811241
2002-02-11,-0.004835840451325511,0,0,-0.0,1.01284954917267,-0.03235380076811241
2002-02-12,-0.005336939112176636,0,0,-0.0,1.01284954917267,-0.03235380076811241
2002-02-13,-0.004610894131181175,0,0,-0.0,1.01284954917267,-0.03235380076811241
2002-02-14,-0.0031335048698348297,0,0,0.0,1.01284954917267,-0.03235380076811241
2002-02-15,-0.0011171860389580176,0,0,0.0,1.01284954917267,-0.03235380076811241
2002-02-19,-0.0012673181409565248,0,0,-0.0,1.01284954917267,-0.03235380076811241
2002-02-20,0.0008840705564370277,0,0,0.0,1.01284954917267,-0.03235380076811241
2002-02-21,0.002128906529307084,0,0,0.0,1.01284954917267,-0.03235380076811241
2002-02-22,0.003787790253473311,0,0,0.0,1.01284954917267,-0.03235380076811241
2002-02-25,0.0019552442423192264,0,0,-0.0,1.01284954917267,-0.03235380076811241
2002-02-26,-0.0010015050279731264,0,0,-0.0,1.01284954917267,-0.03235380076811241
2002-02-27,-0.0012464910734139964,0,0,0.0,1.01284954917267,-0.03235380076811241
2002-02-28,-0.0037866609504817175,0,0,-0.0,1.01284954917267,-0.03235380076811241
2002-03-01,-0.006701665348583158,0,0,-0.0,1.01284954917267,-0.03235380076811241
2002-03-04,-0.00706216315261604,0,0,-0.0,1.01284954917267,-0.03235380076811241
2002-03-05,-0.0055048790341080895,0,0,-0.0,1.01284954917267,-0.03235380076811241
2002-03-06,-0.006341094150909365,0,0,-0.0,1.01284954917267,-0.03235380076811241
2002-03-07,-0.011566682791452725,0,0,-0.0,1.01284954917267,-0.03235380076811241
2002-03-08,-0.016284432148848546,0,0,-0.0,1.01284954917267,-0.03235380076811241
2002-03-11,-0.02173618569360059,0,0,0.0,1.01284954917267,-0.03235380076811241
2002-03-12,-0.021464531126341245,0,0,0.0,1.01284954917267,-0.03235380076811241
2002-03-13,-0.018343628392791946,0,0,0.0,1.01284954917267,-0.03235380076811241
2002-03-14,-0.02078024941072073,0,0,-0.0,1.01284954917267,-0.03235380076811241
2002-03-15,-0.019060927774937887,0,0,0.0,1.01284954917267,-0.03235380076811241
2002-03-18,-0.02022943148146414,0,0,0.0,1.01284954917267,-0.03235380076811241
2002-03-19,-0.021515946516966013,0,0,-0.0,1.01284954917267,-0.03235380076811241
2002-03-20,-0.024235219274793,0,0,-0.0,1.01284954917267,-0.03235380076811241
2002-03-21,-0.024745087595451493,0,0,-0.0,1.01284954917267,-0.03235380076811241
2002-03-22,-0.024951221321146657,0,0,-0.0,1.01284954917267,-0.03235380076811241
2002-03-25,-0.02517683830882916,0,0,-0.0,1.01284954917267,-0.03235380076811241
2002-03-26,-0.02377280277625751,0,0,0.0,1.01284954917267,-0.03235380076811241
2002-03-27,-0.024300504220684395,0,0,0.0,1.01284954917267,-0.03235380076811241
2002-03-28,-0.02639361316185579,0,0,-0.0,1.01284954917267,-0.03235380076811241
2002-04-01,-0.025369581021837274,0,0,-0.0,1.01284954917267,-0.03235380076811241
2002-04-02,-0.022475904701259982,0,0,0.0,1.01284954917267,-0.03235380076811241
2002-04-03,-0.01882212428589282,0,0,0.0,1.01284954917267,-0.03235380076811241
2002-04-04,-0.019409279525239232,0,0,-0.0,1.01284954917267,-0.03235380076811241
2002-04-05,-0.0157112405048969,0,0,0.0,1.01284954917267,-0.03235380076811241
2002-04-08,-0.01675648487023218,0,0,-0.0,1.01284954917267,-0.03235380076811241
2002-04-09,-0.016886164699488858,0,0,0.0,1.01284954917267,-0.03235380076811241
2002-04-10,-0.018827353994350808,0,0,-0.0,1.01284954917267,-0.03235380076811241
2002-04-11,-0.018758178300694064,0,0,0.0,1.01284954917267,-0.03235380076811241
2002-04-12,-0.01671624753166943,0,0,0.0,1.01284954917267,-0.03235380076811241
2002-04-15,-0.01483714699451577,0,0,0.0,1.01284954917267,-0.03235380076811241
2002-04-16,-0.015439742071984586,0,0,-0.0,1.01284954917267,-0.03235380076811241
2002-04-17,-0.015616665274369989,0,0,-0.0,1.01284954917267,-0.03235380076811241
2002-04-18,-0.014894790522506356,0,0,0.0,1.01284954917267,-0.03235380076811241
2002-04-19,-0.01457651258912712,0,0,0.0,1.01284954917267,-0.03235380076811241
2002-04-22,-0.013406374413764294,0,0,0.0,1.01284954917267,-0.03235380076811241
2002-04-23,-0.014021541351347986,0,0,-0.0,1.01284954917267,-0.03235380076811241
2002-04-24,-0.012786995258272926,0,0,0.0,1.01284954917267,-0.03235380076811241
2002-04-25,-0.01421490526055747,0,0,0.0,1.01284954917267,-0.03235380076811241
2002-04-26,-0.013070383429294168,0,0,0.0,1.01284954917267,-0.03235380076811241
2002-04-29,-0.01157052604223145,0,0,-0.0,1.01284954917267,-0.03235380076811241
2002-04-30,-0.013467201091867902,0,0,-0.0,1.01284954917267,-0.03235380076811241
2002-05-01,-0.012787420199794996,0,0,0.0,1.01284954917267,-0.03235380076811241
2002-05-02,-0.015905656122045538,0,0,-0.0,1.01284954917267,-0.03235380076811241
2002-05-03,-0.013010205666388074,0,0,0.0,1.01284954917267,-0.03235380076811241
2002-05-06,-0.012892595881948264,0,0,-0.0,1.01284954917267,-0.03235380076811241
2002-05-07,-0.012518625384780274,0,0,0.0,1.01284954917267,-0.03235380076811241
2002-05-08,-0.01618255367280201,0,0,-0.0,1.01284954917267,-0.03235380076811241
2002-05-09,-0.012543061381821173,0,0,0.0,1.01284954917267,-0.03235380076811241
2002-05-10,-0.007637207214833319,0,0,0.0,1.01284954917267,-0.03235380076811241
2002-05-13,-0.008808567428906726,0,0,-0.0,1.01284954917267,-0.03235380076811241
2002-05-14,-0.01360671085673883,0,0,-0.0,1.01284954917267,-0.03235380076811241
2002-05-15,-0.011508013782538627,0,0,0.0,1.01284954917267,-0.03235380076811241
2002-05-16,-0.008092254656605789,0,0,0.0,1.01284954917267,-0.03235380076811241
2002-05-17,-0.009600277876371383,0,0,-0.0,1.01284954917267,-0.03235380076811241
2002-05-20,-0.008550073131093098,0,0,0.0,1.01284954917267,-0.03235380076811241
2002-05-21,-0.007769114863529608,0,0,0.0,1.01284954917267,-0.03235380076811241
2002-05-22,-0.005890955839958279,0,0,0.0,1.01284954917267,-0.03235380076811241
2002-05-23,-0.011014586794803797,0,0,-0.0,1.01284954917267,-0.03235380076811241
2002-05-24,-0.010820146283982134,0,0,-0.0,1.01284954917267,-0.03235380076811241
2002-05-28,-0.009285651926474724,0,0,0.0,1.01284954917267,-0.03235380076811241
2002-05-29,-0.006964573498624864,0,0,0.0,1.01284954917267,-0.03235380076811241
2002-05-30,-0.00284715885774347,0,0,0.0,1.01284954917267,-0.03235380076811241
2002-05-31,-0.003020433190386218,0,0,-0.0,1.01284954917267,-0.03235380076811241
2002-06-03,0.0003296690107412792,0,0,0.0,1.01284954917267,-0.03235380076811241
2002-06-04,0.0021587929173083717,0,0,0.0,1.01284954917267,-0.03235380076811241
2002-06-05,0.00017422544496132323,0,0,-0.0,1.01284954917267,-0.03235380076811241
2002-06-06,0.0008438572862581094,0,0,0.0,1.01284954917267,-0.03235380076811241
2002-06-07,-6.638900575697262e-05,0,0,-0.0,1.01284954917267,-0.03235380076811241
2002-06-10,0.0022042068655638842,0,0,0.0,1.01284954917267,-0.03235380076811241
2002-06-11,0.005191344804781416,0,0,0.0,1.01284954917267,-0.03235380076811241
2002-06-12,0.004499304354915162,1,0,0.0,1.01284954917267,-0.03235380076811241
2002-06-13,0.005149416808912206,0,1,0.001235623990115009,1.0141010503740049,-0.031158153910397814
2002-06-14,0.009362249922399568,1,0,0.0,1.0141010503740049,-0.031158153910397814
2002-06-17,0.009072357810572616,1,1,-0.0014196479273139717,1.0126613839197545,-0.032533568229094
2002-06-18,0.010546104393166245,1,1,0.0004738887309259088,1.013141272737838,-0.03207509678952861
2002-06-19,0.01522112778006378,1,1,0.003694581280788256,1.016884405518889,-0.028499019560918517
2002-06-20,0.009442914504268119,1,1,-0.003397829164700328,1.013429206028688,-0.03180001392578937
2002-06-21,0.011670865971303134,1,1,0.001894118761246455,1.0153487613010221,-0.029966128167527573
2002-06-24,0.009490025501620907,1,1,-0.0022686454296247938,1.0130452949742215,-0.03216679107744147
2002-06-25,0.011329146245984979,1,1,0.0001894836570346392,1.0132372505014549,-0.03198340250161531
2002-06-26,0.014192193557229883,1,1,0.004546746234725729,1.0178441831550562,-0.027582076681787516
2002-06-27,0.009632654271495577,1,1,-0.0032060348892032353,1.0145809391920886,-0.030699682470832206
2002-06-28,0.008190774712611005,1,1,-0.0005675905779962687,1.0140050726103886,-0.03124984819831047
2002-07-01,0.006649303853679378,1,1,-0.0005679129200188981,1.0134292060286885,-0.03180001392578894
2002-07-02,0.009305779289584225,1,1,0.002651766265744815,1.016116583409956,-0.029232573864222726
2002-07-03,0.007718889849754035,1,1,0.0,1.016116583409956,-0.029232573864222726
2002-07-05,0.0021293517144792716,1,1,-0.004156040426938623,1.0118935618108214,-0.03326712253239821
2002-07-08,0.0035935499209021116,0,1,0.0018969932656738298,1.0138131170831552,-0.031433236774136626
2002-07-09,0.005407649313579515,0,0,0.0,1.0138131170831552,-0.031433236774136626
2002-07-10,0.008692608740990631,1,0,0.0,1.0138131170831552,-0.031433236774136626
2002-07-11,0.010725934121611535,1,1,0.0005645996047802804,1.0143855155683814,-0.030886384362416034
2002-07-12,0.011016427382060835,1,1,0.0008464215179160295,1.0152441132962209,-0.030066105744834933
2002-07-15,0.010482851567601292,1,1,-0.0004698364968990232,1.0147671145585324,-0.030521816087935427
2002-07-16,0.008727391080604973,1,1,-0.0028203440819780656,1.0119051221324014,-0.0332560781465386
2002-07-17,0.010217395239782656,1,1,0.0015084378240786123,1.0134315180930047,-0.03179780504861681
2002-07-18,0.01222260183464292,1,1,0.0020709780664596167,1.0155303125388342,-0.029792679538974423
2002-07-19,0.013013226823899117,1,1,0.0013151714419914473,1.016865909004362,-0.02851669057829304
2002-07-22,0.01437606434244658,1,1,0.0030021578009193917,1.0199187009255684,-0.025600144382449667
2002-07-23,0.016461993173229095,1,1,0.0015901225329717494,1.0215404966337094,-0.024050729215907774
2002-07-24,0.01933276918130825,1,1,0.0007471049682479247,1.022303694614011,-0.023321592666946982
2002-07-25,0.0193363535332584,1,1,0.0010265024262785527,1.0233530918369258,-0.022319029912125685
2002-07-26,0.01976072358845664,1,1,0.0013051179267269397,1.0246886883024535,-0.0210430409514443
2002-07-29,0.014010283838661196,1,1,-0.005586072060329572,1.0189647034501914,-0.026511565068650655
2002-07-30,0.012745811664311935,1,1,-0.001217114502387373,1.0177245067322014,-0.027696411960711938
2002-07-31,0.015024772617129454,1,1,0.0024371953505810673,1.0202049001681814,-0.02532671817658937
2002-08-01,0.01633193648285368,1,1,0.002337759491303437,1.0225898938566238,-0.0230481664610869
2002-08-02,0.023620852232808475,1,1,0.004571321951674756,1.0272644814859713,-0.01858220509870163
2002-08-05,0.02549113815972494,1,1,0.0015787518573551207,1.0288862771941123,-0.01703278993215974
2002-08-06,0.019814361702326665,1,1,-0.004636068613815492,1.0241162898172271,-0.021589893363165105
2002-08-07,0.022914755547366415,1,1,0.0034466697717745465,1.027646080476122,-0.018217636824221235
2002-08-08,0.01983581141008549,1,1,-0.0033419977720015037,1.0242116895647648,-0.021498751294545006
2002-08-09,0.02179449578780933,1,1,0.0024217585692996035,1.026692083000745,-0.019129057510422227
2002-08-12,0.021675967836322384,1,1,0.0004645976584278788,1.0271690817384338,-0.018673347167321518
2002-08-13,0.02565543746609227,1,1,0.0027862914460852206,1.0300310741645649,-0.015939085108718342
2002-08-14,0.022955583560378606,1,1,-0.0015745114383625136,1.0284092784564238,-0.017488500275260235
2002-08-15,0.01960684243151569,1,1,-0.0028756957328386346,1.025451886282755,-0.02031390440248351
2002-08-16,0.01513066482971631,1,1,-0.003907340217694677,1.0214450968861717,-0.024141871284527872
2002-08-19,0.014314864027901386,1,1,0.0004669842159334969,1.0219220956238602,-0.02368616094142738
2002-08-20,0.019236232591361032,1,1,0.004294249439880549,1.0263104840105945,-0.019493625784902407
2002-08-21,0.01981737131599822,1,1,-0.000743632645473169,1.025547286030293,-0.0202227623338632
2002-08-22,0.017200713586172117,1,1,-0.0028837209302325917,1.0225898938566242,-0.023048166461086473
2002-08-23,0.018063173659780767,1,1,0.0015859688403769834,1.0242116895647653,-0.021498751294544583
2002-08-26,0.01989047087204447,1,1,0.0007451564828613311,1.0249748875450668,-0.02076961474558379
2002-08-27,0.019268764778498607,1,1,-0.0023268801191362876,1.0225898938566242,-0.023048166461086473
2002-08-28,0.021648520984893425,1,1,0.0015859688403769834,1.0242116895647653,-0.021498751294544583
2002-08-29,0.021680686992273476,1,1,0.001956035767511022,1.0262150842630569,-0.019584767853522506
2002-08-30,0.020752135179523127,1,1,9.296272194858624e-05,1.0263104840105945,-0.019493625784902407
2002-09-03,0.02514224991566225,1,1,0.005112474437627856,1.0315574701251682,-0.014480812010796549
2002-09-04,0.02794957773896366,1,1,0.0004624063627116648,1.0320344688628569,-0.014025101667695843
2002-09-05,0.028445740364905547,1,1,0.0017563320391940085,1.0338470640660733,-0.012293402363913753
2002-09-06,0.02379936787699194,1,1,-0.004521546553474254,1.0291724764367258,-0.01675936372629902
2002-09-09,0.021850524543551974,1,1,-0.0010196514645902655,1.0281230792138112,-0.017761926481120106
2002-09-10,0.022467212881442267,1,1,0.0012062726176116367,1.0293632759318014,-0.01657707958905861
2002-09-11,0.019175950162157358,1,1,-0.0031510658016682402,1.0261196845155196,-0.01967590992214218
2002-09-12,0.02309934726997267,1,1,0.003253997768687178,1.0294586756793391,-0.01648593752043851
2002-09-13,0.024069483864680663,1,1,0.0016680567139284452,1.0311758711350179,-0.01484538028527652
2002-09-16,0.025311314241215604,1,1,0.0004625774817281769,1.0316528698727063,-0.014389669942176025
2002-09-17,0.02450681415641877,1,1,0.00018494544109493027,1.0318436693677817,-0.014207385804935828
2002-09-18,0.02578419159881772,1,1,0.00036982248520711636,1.0322252683579325,-0.013842817530455433
2002-09-19,0.02882182803849229,1,1,0.002495378927911185,1.0348010615414502,-0.011381981677712764
2002-09-20,0.02666515377946488,1,1,9.219138932436977e-05,1.0348964612889882,-0.011290839609092454
2002-09-23,0.029336320877754105,1,1,0.0023045722713863626,1.0372814549774307,-0.00901228789358977
2002-09-24,0.03020308369222406,1,1,0.0006437965602867912,1.0379492532101944,-0.008374293413249292
2002-09-25,0.026919382037802794,1,1,-0.003308823529411753,1.0345148622988372,-0.011655407883573062
2002-09-26,0.02594083368339718,1,1,9.221689413507761e-05,1.0346102620463749,-0.011564265814952962
2002-09-27,0.02788488583959745,1,1,0.0027662517289073207,1.037472254472506,-0.008830003756349786
2002-09-30,0.029977031501163282,1,1,0.0006436781609193698,1.0381400527052695,-0.008192009276009306
2002-10-01,0.025329327031496006,1,1,-0.002940635912516032,1.035087260784063,-0.011108555471852681
2002-10-02,0.023768108319201953,1,1,9.216589861749114e-05,1.0351826605316008,-0.011017413403232581
2002-10-03,0.022422285644410032,1,1,0.00027647221454252247,1.0354688597742139,-0.010743987197372285
2002-10-04,0.02298152332772889,1,1,-0.00046065966463981756,1.0349918610365254,-0.01119969754047278
2002-10-07,0.024447377537126565,1,1,0.0012904415153469628,1.0363274575020531,-0.009923708579791395
2002-10-08,0.022999419817851974,1,1,-0.000920556015833518,1.0353734600266762,-0.010835129265992383
2002-10-09,0.02679928980354357,1,1,0.0025799318160877327,1.0380446529577319,-0.008283151344629404
2002-10-10,0.023629889482044506,1,1,-0.0018380663541953668,1.0361366580069777,-0.010105992717031593
2002-10-11,0.01853783105921316,1,1,-0.0038670472332198447,1.0321298686103941,-0.013933959599076168
2002-10-14,0.016706175469467226,1,1,0.0,1.0321298686103941,-0.013933959599076168
2002-10-15,0.008323537188135994,1,1,-0.006747388852943903,1.025165687040142,-0.020587330608343807
2002-10-16,0.006807252980725862,1,1,-0.0006514051740181825,1.0244978888073781,-0.021225325088684497
2002-10-17,0.0044036661675588,1,1,-0.0025142005773348686,1.0219220956238602,-0.02368616094142738
2002-10-18,0.0041949454596780685,0,1,0.0,1.0219220956238602,-0.02368616094142738
2002-10-21,-0.00020197293266638848,0,0,-0.0,1.0219220956238602,-0.02368616094142738
2002-10-22,0.00148419641450876,0,0,-0.0,1.0219220956238602,-0.02368616094142738
2002-10-23,0.002824482349086477,0,0,0.0,1.0219220956238602,-0.02368616094142738
2002-10-24,0.005308769538049407,0,0,0.0,1.0219220956238602,-0.02368616094142738
2002-10-25,0.005988862048836479,1,0,0.0,1.0219220956238602,-0.02368616094142738
2002-10-28,0.00785891636244736,1,1,0.0014898966384206958,1.023444653918858,-0.022231554234570416
2002-10-29,0.012656279264804615,1,1,0.004649000464900022,1.028202648590726,-0.017685908275642467
2002-10-30,0.014528788188324435,1,1,-0.00018509949097633704,1.0280123288038514,-0.017867734113999535
2002-10-31,0.015386154588037953,1,1,0.0005554012774229289,1.0285832881644756,-0.01732225659892812
2002-11-01,0.014593200500856872,1,1,-0.0023128874086409956,1.0262042908285414,-0.019595079578392308
2002-11-04,0.011517436923044676,1,1,-0.0019473293768547117,1.0242059330663567,-0.021504250881142148
2002-11-05,0.010409414391080729,1,1,-0.0008361980860354112,1.0233494940254204,-0.02232246715374916
2002-11-06,0.0111671515188983,1,1,0.0008368978984563125,1.0242059330663567,-0.021504250881142148
2002-11-07,0.013973401919995559,1,1,0.002601505156554884,1.026870410082603,-0.018958689144142362
2002-11-08,0.01487865535899404,1,1,0.00027800945232137053,1.027155889762915,-0.01868595038660676
2002-11-11,0.01570043124616508,1,1,0.0,1.027155889762915,-0.01868595038660676
2002-11-12,0.016380954261930925,1,1,0.00037057624606262607,1.0275365293366645,-0.018322298709892413
2002-11-13,0.01566111029353291,1,1,0.0006482681978143834,1.028202648590726,-0.017685908275642467
2002-11-14,0.010871442060936598,1,1,-0.00509023600185099,1.022968854451671,-0.022686118830463297
2002-11-15,0.009837967000265757,1,1,-0.0011162790697675229,1.0218269357304226,-0.023777073860606124
2002-11-18,0.01082576920788466,1,1,0.0003725088470851734,1.0222075753041722,-0.023413422183891777
2002-11-19,0.012389723931692253,1,1,0.0005585552038727126,1.0227785346647964,-0.022867944668820365
2002-11-20,0.010379389872485177,1,1,-0.003070338667659045,1.0196382581813634,-0.02586807100171282
2002-11-21,0.006559238452834298,1,1,-0.0020531964535697167,1.0175447405257414,-0.027868155223641194
2002-11-22,0.004037643705367517,1,1,-0.001402786869914907,1.016117342124181,-0.029231849011319623
2002-11-25,0.002960127584067257,0,1,-9.365049634768585e-05,1.0160221822307436,-0.029322761930498157
2002-11-26,0.004830940009004452,0,0,0.0,1.0160221822307436,-0.029322761930498157
2002-11-27,2.698208907632644e-05,0,0,-0.0,1.0160221822307436,-0.029322761930498157
2002-11-29,0.0005830999201244364,0,0,0.0,1.0160221822307436,-0.029322761930498157
2002-12-02,0.0012565043674892197,0,0,-0.0,1.0160221822307436,-0.029322761930498157
2002-12-03,0.0009074723092015072,0,0,-0.0,1.0160221822307436,-0.029322761930498157
2002-12-04,0.0017458072454680004,0,0,0.0,1.0160221822307436,-0.029322761930498157
2002-12-05,0.004960068178282623,0,0,0.0,1.0160221822307436,-0.029322761930498157
2002-12-06,0.005084448718359824,0,0,0.0,1.0160221822307436,-0.029322761930498157
2002-12-09,0.004661501160165171,1,0,0.0,1.0160221822307436,-0.029322761930498157
2002-12-10,0.005101915572107856,0,1,-0.0001862717705132244,1.0158329259799788,-0.029503571698230244
2002-12-11,0.005929111225670197,1,0,0.0,1.0158329259799788,-0.029503571698230244
2002-12-12,0.006086249029025109,1,1,-9.300595238082021e-05,1.015738447471238,-0.029593833642826736
2002-12-13,0.00516459265339651,1,1,-0.0013952190493907723,1.0143212698401276,-0.030947762811774544
2002-12-16,0.0016743208530712547,1,1,-0.0018628912071535497,1.0124316996653135,-0.03275300170370502
2002-12-17,0.0030476588360580973,0,1,0.0010265024262785527,1.0134709632614614,-0.03176012031314319
2002-12-18,0.004759260839486057,0,0,0.0,1.0134709632614614,-0.03176012031314319
2002-12-19,0.009596796686968983,0,0,0.0,1.0134709632614614,-0.03176012031314319
2002-12-20,0.008389731417799385,1,0,-0.0,1.0134709632614614,-0.03176012031314319
2002-12-23,0.00659141899284163,1,1,-0.0005566379070415239,1.012906826905624,-0.03229907933328629
2002-12-24,0.008777975265242178,1,1,0.001485194467650608,1.0144111905211899,-0.030861855279571627
2002-12-26,0.009245926795905857,1,1,0.0005561219760867875,1.0149753268770272,-0.03032289625942852
2002-12-27,0.011958834316818294,1,1,0.0029643353404353867,1.0179840541081586,-0.027448448151999403
2002-12-30,0.011292257444144343,1,1,0.0007388935069732039,1.0187362359159413,-0.026729836125142282
2002-12-31,0.009062390120070707,1,1,-0.002676511305952811,1.0160095768627284,-0.029334804722499955
2003-01-02,0.0015151867554406009,1,1,-0.006570423838608286,1.0093339633186553,-0.03571248646085851
2003-01-03,0.0013655119538142186,0,1,-0.0004657661853748607,1.0088638496887912,-0.03616161897764419
2003-01-06,0.0007600268886788723,0,0,-0.0,1.0088638496887912,-0.03616161897764419
2003-01-07,0.0020681975758613633,0,0,0.0,1.0088638496887912,-0.03616161897764419
2003-01-08,0.004008566133843178,0,0,0.0,1.0088638496887912,-0.03616161897764419
2003-01-09,-0.0020950274350457266,0,0,-0.0,1.0088638496887912,-0.03616161897764419
2003-01-10,-0.0007808400929401546,0,0,0.0,1.0088638496887912,-0.03616161897764419
2003-01-13,-0.0004133218791813442,0,0,0.0,1.0088638496887912,-0.03616161897764419
2003-01-14,0.0025219297552754425,0,0,0.0,1.0088638496887912,-0.03616161897764419
2003-01-15,0.0023692037753251737,0,0,0.0,1.0088638496887912,-0.03616161897764419
2003-01-16,0.002275124782235821,0,0,-0.0,1.0088638496887912,-0.03616161897764419
2003-01-17,0.00543685807427891,0,0,0.0,1.0088638496887912,-0.03616161897764419
2003-01-21,0.00631831419554817,1,0,0.0,1.0088638496887912,-0.03616161897764419
2003-01-22,0.0063423996123409595,1,1,0.0017684288905435164,1.0106479536672057,-0.034457139338829615
2003-01-23,0.0035609808188017617,1,1,-0.001022019882932268,1.009615051363913,-0.03544394334024861
2003-01-24,0.002316442567232807,0,1,0.0010230654761904656,1.0106479536672057,-0.034457139338829615
2003-01-27,-0.000986350164305466,0,0,-0.0,1.0106479536672057,-0.034457139338829615
2003-01-28,-0.00010892114468938905,0,0,-0.0,1.0106479536672057,-0.034457139338829615
2003-01-29,-0.003603893302512,0,0,-0.0,1.0106479536672057,-0.034457139338829615
2003-01-30,-0.00042532467137845753,0,0,0.0,1.0106479536672057,-0.034457139338829615
2003-01-31,0.0009180713531757646,0,0,0.0,1.0106479536672057,-0.034457139338829615
2003-02-03,0.0005588044541267156,0,0,-0.0,1.0106479536672057,-0.034457139338829615
2003-02-04,0.0010987008354882643,0,0,0.0,1.0106479536672057,-0.034457139338829615
2003-02-05,-0.0017251371616428036,0,0,-0.0,1.0106479536672057,-0.034457139338829615
2003-02-06,0.0007142417704351254,0,0,0.0,1.0106479536672057,-0.034457139338829615
2003-02-07,0.004273051661963267,0,0,0.0,1.0106479536672057,-0.034457139338829615
2003-02-10,0.001618476418929338,0,0,-0.0,1.0106479536672057,-0.034457139338829615
2003-02-11,0.0008705140435011638,0,0,0.0,1.0106479536672057,-0.034457139338829615
2003-02-12,0.004774336682285718,0,0,0.0,1.0106479536672057,-0.034457139338829615
2003-02-13,0.008555734544934721,0,0,0.0,1.0106479536672057,-0.034457139338829615
2003-02-14,0.0054166648328123675,1,0,-0.0,1.0106479536672057,-0.034457139338829615
2003-02-18,0.004542871380208346,1,1,-0.0002788363230783464,1.0103661483078785,-0.03472636775987091
2003-02-19,0.008989942438489829,0,1,0.0017664559315730965,1.0121509155836177,-0.03302125442660917
2003-02-20,0.010561927605929266,1,0,0.0,1.0121509155836177,-0.03302125442660917
2003-02-21,0.008917558921157743,1,1,-0.001576117188948678,1.0105556471277561,-0.03454532624885549
2003-02-24,0.009877672972401885,1,1,0.0012071687250441165,1.0117755582998855,-0.0333798595612554
2003-02-25,0.007817045406432976,1,1,0.0009274717121128262,1.0127139515092158,-0.03248334672463993
2003-02-26,0.010806349282403194,1,1,0.0006486286137878938,1.0133708267557469,-0.031855787739009295
2003-02-27,0.010151845134963882,1,1,0.00018520233354957227,1.013558505397613,-0.03167648517168607
2003-02-28,0.011387808657329112,1,1,-9.258401999823196e-05,1.01346466607668,-0.031766136455347684
2003-03-03,0.012366917885733075,1,1,0.0005555555555556424,1.014027702002278,-0.031228228753378443
2003-03-04,0.012487387244171632,1,1,0.0008328706274292053,1.0148722558906753,-0.030421367200424584
2003-03-05,0.013950169793702127,1,1,0.0011095700416088317,1.0159983277418716,-0.029345551796486104
2003-03-06,0.011864549881537833,1,1,-0.0008312551953448821,1.0151537738534744,-0.030152413349439963
2003-03-07,0.012027471854574277,1,1,0.0012941393973007198,1.0164675243465366,-0.028897295378178475
2003-03-10,0.013093995135465063,1,1,0.0016617429837519904,1.0181566321233313,-0.027283572272270545
2003-03-11,0.011635215569959678,1,1,-0.0010138248847926246,1.017124399593068,-0.02826973639254741
2003-03-12,0.010514648685231786,1,1,-0.001199372635852014,1.0159044884209387,-0.029435203080147503
2003-03-13,0.0050061666357610005,1,1,-0.005080362091261836,1.0107433257696223,-0.03436602368153227
2003-03-14,0.005683383257043701,1,1,0.0008355770123480433,1.0115878796580196,-0.03355916212857841
2003-03-17,0.0014341465320163054,1,1,-0.003061224489795955,1.0084911820672298,-0.036517654489409225
2003-03-18,-0.002138739554730978,0,1,-0.0026053782450916607,1.005863681081105,-0.039027890431932416
2003-03-19,-0.004137789266534413,0,0,-0.0,1.005863681081105,-0.039027890431932416
2003-03-20,-0.004801350436805234,0,0,-0.0,1.005863681081105,-0.039027890431932416
2003-03-21,-0.008463453034795365,0,0,-0.0,1.005863681081105,-0.039027890431932416
2003-03-24,-0.005817183905199145,0,0,0.0,1.005863681081105,-0.039027890431932416
2003-03-25,-0.005035650851264023,0,0,0.0,1.005863681081105,-0.039027890431932416
2003-03-26,-0.005712090520379619,0,0,0.0,1.005863681081105,-0.039027890431932416
2003-03-27,-0.005202542160338442,0,0,0.0,1.005863681081105,-0.039027890431932416
2003-03-28,-0.002485411831540495,0,0,0.0,1.005863681081105,-0.039027890431932416
2003-03-31,-0.000812030916146872,0,0,-0.0,1.005863681081105,-0.039027890431932416
2003-04-01,-0.0004498088785811153,0,0,0.0,1.005863681081105,-0.039027890431932416
2003-04-02,-0.004450049089265712,0,0,-0.0,1.005863681081105,-0.039027890431932416
2003-04-03,-0.0032737355397226826,0,0,0.0,1.005863681081105,-0.039027890431932416
2003-04-04,-0.0031884561485480013,0,0,-0.0,1.005863681081105,-0.039027890431932416
2003-04-07,-0.004451705649102716,0,0,-0.0,1.005863681081105,-0.039027890431932416
2003-04-08,-1.2943396583754187e-06,0,0,0.0,1.005863681081105,-0.039027890431932416
2003-04-09,0.0011792655651198078,0,0,0.0,1.005863681081105,-0.039027890431932416
2003-04-10,0.0012712885820733543,0,0,-0.0,1.005863681081105,-0.039027890431932416
2003-04-11,-0.0003626692635321114,0,0,-0.0,1.005863681081105,-0.039027890431932416
2003-04-14,-0.000907163917242792,0,0,-0.0,1.005863681081105,-0.039027890431932416
2003-04-15,0.0006216321355607787,0,0,0.0,1.005863681081105,-0.039027890431932416
2003-04-16,0.000717159682448881,0,0,0.0,1.005863681081105,-0.039027890431932416
2003-04-17,-0.0017864241360361689,0,0,-0.0,1.005863681081105,-0.039027890431932416
2003-04-21,-0.0025615941338157475,0,0,-0.0,1.005863681081105,-0.039027890431932416
2003-04-22,-0.0029550387633551223,0,0,0.0,1.005863681081105,-0.039027890431932416
2003-04-23,-0.004590877086307437,0,0,-0.0,1.005863681081105,-0.039027890431932416
2003-04-24,-0.0021535457085466,0,0,0.0,1.005863681081105,-0.039027890431932416
2003-04-25,-0.00047062523302846514,0,0,0.0,1.005863681081105,-0.039027890431932416
2003-04-28,-0.00041743982323042515,0,0,-0.0,1.005863681081105,-0.039027890431932416
2003-04-29,-0.001079790410007098,0,0,-0.0,1.005863681081105,-0.039027890431932416
2003-04-30,0.001297035972251098,0,0,0.0,1.005863681081105,-0.039027890431932416
2003-05-01,0.0017461668232794211,0,0,0.0,1.005863681081105,-0.039027890431932416
2003-05-02,-0.0010876196150229173,0,0,-0.0,1.005863681081105,-0.039027890431932416
2003-05-05,-0.0011112428823485563,0,0,0.0,1.005863681081105,-0.039027890431932416
2003-05-06,0.0016632073743524651,0,0,0.0,1.005863681081105,-0.039027890431932416
2003-05-07,0.004245967331696964,0,0,0.0,1.005863681081105,-0.039027890431932416
2003-05-08,0.004007565716231809,0,0,0.0,1.005863681081105,-0.039027890431932416
2003-05-09,0.00522187260937536,0,0,-0.0,1.005863681081105,-0.039027890431932416
2003-05-12,0.005606492155418069,1,0,0.0,1.005863681081105,-0.039027890431932416
2003-05-13,0.0064808798184538,1,1,9.28677563150071e-05,1.0059570933843258,-0.03893864710823549
2003-05-14,0.008518415611753306,1,1,0.0020429009193054792,1.0080121640551825,-0.036975293986904
2003-05-15,0.007701429646650004,1,1,-0.001112037809285371,1.0068912164165336,-0.03804621387126646
2003-05-16,0.010371866933054141,1,1,0.002319324612672702,1.0092265239970524,-0.035815130778844406
2003-05-19,0.012496811526811112,1,1,0.0008330248056274137,1.010067234726039,-0.035011940865572515
2003-05-20,0.013866870792279218,1,1,0.0019421067233886813,1.0120288930936752,-0.03313783106793773
2003-05-21,0.011088713144472316,1,1,-0.0015691342071256775,1.0104408839389223,-0.03465496757078482
2003-05-22,0.013392926825324156,1,1,0.0012018119626513446,1.011655243880792,-0.03349480436272543
2003-05-23,0.011987386269454902,1,1,-0.0004616805170821747,1.0111881823646882,-0.033941020981209845
2003-05-27,0.011588032049649977,1,1,-0.0003695150115473611,1.0108145331518053,-0.03429799427599733
2003-05-28,0.010898041149568759,1,1,-0.0005544774050456613,1.0102540593324807,-0.03483345421817866
2003-05-29,0.011309108277940638,1,1,0.0022191400832176633,1.0124959546097787,-0.03269161444945354
2003-05-30,0.009852219082407986,1,1,-0.0006458160346896058,1.0118420684872333,-0.0333163177153318
2003-06-02,0.007239172838743318,1,1,-0.002584933530280553,1.0092265239970524,-0.035815130778844406
2003-06-03,0.008846906860628844,1,1,0.00314698259903734,1.0124025423065581,-0.03278085777315025
2003-06-04,0.009704562292269701,1,1,0.001291751245617201,1.0137103145516486,-0.03153145124139394
2003-06-05,0.007197189916630547,1,1,-0.001658680427570891,1.0120288930936752,-0.03313783106793773
2003-06-06,0.007012867914595471,1,1,-0.0009230201218387579,1.0110947700614674,-0.034030264304906764
2003-06-09,0.01180861167101601,1,1,0.0024944567627496195,1.013616902248428,-0.03162069456509065
2003-06-10,0.014053082531725058,1,1,0.002672564740576755,1.0163258590418298,-0.02903263817788112
2003-06-11,0.014694376313084543,1,1,-0.0005514705882353477,1.0157653852225053,-0.029568098120062454
2003-06-12,0.015413051254885735,1,1,0.0008276623137759564,1.016606095951492,-0.02876490820679056
2003-06-13,0.016548437348312406,1,1,0.0013782964256179309,1.0180072804998033,-0.027426258351337326
2003-06-16,0.013607756522155167,1,1,-0.0025692787667461747,1.015391736009622,-0.029925071414850152
2003-06-17,0.011758975940391013,1,1,-0.0029438822447103163,1.0124025423065577,-0.03278085777315067
2003-06-18,0.007992439837015442,1,1,-0.0023066986528880173,1.0100672347260387,-0.03501194086557294
2003-06-19,0.009446016319522287,1,1,0.001757144178303971,1.0118420684872331,-0.03331631771533201
2003-06-20,0.005803633016681375,1,1,-0.001754062038404669,1.0100672347260389,-0.03501194086557272
2003-06-23,0.007041916627629829,1,1,0.002312031813557658,1.0124025423065577,-0.03278085777315067
2003-06-24,0.008943702789278295,1,1,0.00147628713784842,1.01389713915809,-0.031352964594000304
2003-06-25,0.007375516735966847,1,1,-0.003869541182974001,1.0099738224228183,-0.035101184189269434
2003-06-26,0.002215896287220476,1,1,-0.00499445061043291,1.0049295580488975,-0.039920323668901234
2003-06-27,0.0037488944756510264,0,1,-0.00046477040342063347,1.0044624965327937,-0.04036654028738564
2003-06-30,0.0024991504747207734,0,0,-0.0,1.0044624965327937,-0.04036654028738564
2003-07-01,0.0010246738861871662,0,0,-0.0,1.0044624965327937,-0.04036654028738564
2003-07-02,0.004206068656511408,0,0,0.0,1.0044624965327937,-0.04036654028738564
2003-07-03,0.0005480222264119703,0,0,-0.0,1.0044624965327937,-0.04036654028738564
2003-07-07,-0.0019476309971282525,0,0,-0.0,1.0044624965327937,-0.04036654028738564
2003-07-08,-0.0034256623380469254,0,0,-0.0,1.0044624965327937,-0.04036654028738564
2003-07-09,-0.002922603656633155,0,0,0.0,1.0044624965327937,-0.04036654028738564
2003-07-10,-0.0012602166999869215,0,0,0.0,1.0044624965327937,-0.04036654028738564
2003-07-11,-0.00018655901297410214,0,0,0.0,1.0044624965327937,-0.04036654028738564
2003-07-14,-0.0029050558581661446,0,0,-0.0,1.0044624965327937,-0.04036654028738564
2003-07-15,-0.008268188471522636,0,0,-0.0,1.0044624965327937,-0.04036654028738564
2003-07-16,-0.008810886574983407,0,0,-0.0,1.0044624965327937,-0.04036654028738564
2003-07-17,-0.009786003961497713,0,0,-0.0,1.0044624965327937,-0.04036654028738564
2003-07-18,-0.0105357473346391,0,0,-0.0,1.0044624965327937,-0.04036654028738564
2003-07-21,-0.015525318416625106,0,0,-0.0,1.0044624965327937,-0.04036654028738564
2003-07-22,-0.015152778950929228,0,0,0.0,1.0044624965327937,-0.04036654028738564
2003-07-23,-0.01370224567211013,0,0,0.0,1.0044624965327937,-0.04036654028738564
2003-07-24,-0.014319884782784507,0,0,-0.0,1.0044624965327937,-0.04036654028738564
2003-07-25,-0.014421403786519536,0,0,-0.0,1.0044624965327937,-0.04036654028738564
2003-07-28,-0.018664960410024876,0,0,-0.0,1.0044624965327937,-0.04036654028738564
2003-07-29,-0.019812387338708326,0,0,-0.0,1.0044624965327937,-0.04036654028738564
2003-07-30,-0.01835127002571257,0,0,0.0,1.0044624965327937,-0.04036654028738564
2003-07-31,-0.024183385363154227,0,0,-0.0,1.0044624965327937,-0.04036654028738564
2003-08-01,-0.024349420719082242,0,0,-0.0,1.0044624965327937,-0.04036654028738564
2003-08-04,-0.021654615421745665,0,0,0.0,1.0044624965327937,-0.04036654028738564
2003-08-05,-0.026039765784323092,0,0,-0.0,1.0044624965327937,-0.04036654028738564
2003-08-06,-0.022744345626509014,0,0,0.0,1.0044624965327937,-0.04036654028738564
2003-08-07,-0.021201991785572763,0,0,0.0,1.0044624965327937,-0.04036654028738564
2003-08-08,-0.02182690123692637,0,0,0.0,1.0044624965327937,-0.04036654028738564
2003-08-11,-0.02334387434881037,0,0,-0.0,1.0044624965327937,-0.04036654028738564
2003-08-12,-0.022745798610454823,0,0,0.0,1.0044624965327937,-0.04036654028738564
2003-08-13,-0.02779977708120533,0,0,-0.0,1.0044624965327937,-0.04036654028738564
2003-08-14,-0.02987304118633395,0,0,-0.0,1.0044624965327937,-0.04036654028738564
2003-08-15,-0.029066996953790003,0,0,0.0,1.0044624965327937,-0.04036654028738564
2003-08-18,-0.02804971815689184,0,0,0.0,1.0044624965327937,-0.04036654028738564
2003-08-19,-0.02593969510089693,0,0,0.0,1.0044624965327937,-0.04036654028738564
2003-08-20,-0.027096866408595387,0,0,-0.0,1.0044624965327937,-0.04036654028738564
2003-08-21,-0.030229617199103064,0,0,-0.0,1.0044624965327937,-0.04036654028738564
2003-08-22,-0.030293989489347327,0,0,0.0,1.0044624965327937,-0.04036654028738564
2003-08-25,-0.0313695104190341,0,0,-0.0,1.0044624965327937,-0.04036654028738564
2003-08-26,-0.028934270672599238,0,0,0.0,1.0044624965327937,-0.04036654028738564
2003-08-27,-0.032798754500700716,0,0,-0.0,1.0044624965327937,-0.04036654028738564
2003-08-28,-0.029585790356838157,0,0,0.0,1.0044624965327937,-0.04036654028738564
2003-08-29,-0.029779413487306304,0,0,-0.0,1.0044624965327937,-0.04036654028738564
2003-09-02,-0.033075726250488865,0,0,-0.0,1.0044624965327937,-0.04036654028738564
2003-09-03,-0.03126415666819341,0,0,0.0,1.0044624965327937,-0.04036654028738564
2003-09-04,-0.029822226201311544,0,0,0.0,1.0044624965327937,-0.04036654028738564
2003-09-05,-0.023156968390873577,0,0,0.0,1.0044624965327937,-0.04036654028738564
2003-09-08,-0.02369919910759173,0,0,-0.0,1.0044624965327937,-0.04036654028738564
2003-09-09,-0.02194136498347611,0,0,0.0,1.0044624965327937,-0.04036654028738564
2003-09-10,-0.018128867243801243,0,0,0.0,1.0044624965327937,-0.04036654028738564
2003-09-11,-0.017830400169284596,0,0,-0.0,1.0044624965327937,-0.04036654028738564
2003-09-12,-0.0162487822713861,0,0,0.0,1.0044624965327937,-0.04036654028738564
2003-09-15,-0.015460369680684198,0,0,0.0,1.0044624965327937,-0.04036654028738564
2003-09-16,-0.016208449107585288,0,0,-0.0,1.0044624965327937,-0.04036654028738564
2003-09-17,-0.015997447605536078,0,0,0.0,1.0044624965327937,-0.04036654028738564
2003-09-18,-0.017385863636433324,0,0,-0.0,1.0044624965327937,-0.04036654028738564
2003-09-19,-0.016023080225583918,0,0,-0.0,1.0044624965327937,-0.04036654028738564
2003-09-22,-0.015591215469250486,0,0,-0.0,1.0044624965327937,-0.04036654028738564
2003-09-23,-0.013644495471693795,0,0,0.0,1.0044624965327937,-0.04036654028738564
2003-09-24,-0.01190349070641536,0,0,0.0,1.0044624965327937,-0.04036654028738564
2003-09-25,-0.01019119038257807,0,0,0.0,1.0044624965327937,-0.04036654028738564
2003-09-26,-0.007722101853797635,0,0,0.0,1.0044624965327937,-0.04036654028738564
2003-09-29,-0.007773126771252531,0,0,-0.0,1.0044624965327937,-0.04036654028738564
2003-09-30,-0.004286893162280508,0,0,0.0,1.0044624965327937,-0.04036654028738564
2003-10-01,-0.0029876045495856704,0,0,0.0,1.0044624965327937,-0.04036654028738564
2003-10-02,-0.005110981032275125,0,0,-0.0,1.0044624965327937,-0.04036654028738564
2003-10-03,-0.01157792272452725,0,0,-0.0,1.0044624965327937,-0.04036654028738564
2003-10-06,-0.010441323345893367,0,0,0.0,1.0044624965327937,-0.04036654028738564
2003-10-07,-0.01268548023202417,0,0,-0.0,1.0044624965327937,-0.04036654028738564
2003-10-08,-0.01115186311380532,0,0,0.0,1.0044624965327937,-0.04036654028738564
2003-10-09,-0.01200754114024083,0,0,-0.0,1.0044624965327937,-0.04036654028738564
2003-10-10,-0.011241743962932699,0,0,0.0,1.0044624965327937,-0.04036654028738564
2003-10-13,-0.011714765146586242,0,0,0.0,1.0044624965327937,-0.04036654028738564
2003-10-14,-0.013430608191857239,0,0,-0.0,1.0044624965327937,-0.04036654028738564
2003-10-15,-0.016338481735324765,0,0,-0.0,1.0044624965327937,-0.04036654028738564
2003-10-16,-0.019848079591760805,0,0,-0.0,1.0044624965327937,-0.04036654028738564
2003-10-17,-0.01682515373780183,0,0,0.0,1.0044624965327937,-0.04036654028738564
2003-10-20,-0.016846667664122184,0,0,0.0,1.0044624965327937,-0.04036654028738564
2003-10-21,-0.01603065356949211,0,0,0.0,1.0044624965327937,-0.04036654028738564
2003-10-22,-0.011934368875322404,0,0,0.0,1.0044624965327937,-0.04036654028738564
2003-10-23,-0.013966794234737265,0,0,-0.0,1.0044624965327937,-0.04036654028738564
2003-10-24,-0.01056796130553514,0,0,0.0,1.0044624965327937,-0.04036654028738564
2003-10-27,-0.013078276656954907,0,0,-0.0,1.0044624965327937,-0.04036654028738564
2003-10-28,-0.012017667887703564,0,0,0.0,1.0044624965327937,-0.04036654028738564
2003-10-29,-0.01228000829320558,0,0,-0.0,1.0044624965327937,-0.04036654028738564
2003-10-30,-0.01608031293789433,0,0,-0.0,1.0044624965327937,-0.04036654028738564
2003-10-31,-0.014790569448532962,0,0,0.0,1.0044624965327937,-0.04036654028738564
2003-11-03,-0.018187373951128544,0,0,-0.0,1.0044624965327937,-0.04036654028738564
2003-11-04,-0.014497044391970552,0,0,0.0,1.0044624965327937,-0.04036654028738564
2003-11-05,-0.017523295288696925,0,0,-0.0,1.0044624965327937,-0.04036654028738564
2003-11-06,-0.017580894922550782,0,0,-0.0,1.0044624965327937,-0.04036654028738564
2003-11-07,-0.019463663571360777,0,0,-0.0,1.0044624965327937,-0.04036654028738564
2003-11-10,-0.020397117613165212,0,0,-0.0,1.0044624965327937,-0.04036654028738564
2003-11-11,-0.01998509151391823,0,0,0.0,1.0044624965327937,-0.04036654028738564
2003-11-12,-0.019283360964850935,0,0,0.0,1.0044624965327937,-0.04036654028738564
2003-11-13,-0.01334380673461235,0,0,0.0,1.0044624965327937,-0.04036654028738564
2003-11-14,-0.009820269679658393,0,0,0.0,1.0044624965327937,-0.04036654028738564
2003-11-17,-0.00992653169716668,0,0,0.0,1.0044624965327937,-0.04036654028738564
2003-11-18,-0.009375294037652587,0,0,-0.0,1.0044624965327937,-0.04036654028738564
2003-11-19,-0.01181116264386593,0,0,-0.0,1.0044624965327937,-0.04036654028738564
2003-11-20,-0.0100596204086568,0,0,0.0,1.0044624965327937,-0.04036654028738564
2003-11-21,-0.012208947519645269,0,0,0.0,1.0044624965327937,-0.04036654028738564
2003-11-24,-0.013900642766537075,0,0,-0.0,1.0044624965327937,-0.04036654028738564
2003-11-25,-0.011639010956911649,0,0,0.0,1.0044624965327937,-0.04036654028738564
2003-11-26,-0.014389302775735795,0,0,-0.0,1.0044624965327937,-0.04036654028738564
2003-11-28,-0.01843807711902602,0,0,-0.0,1.0044624965327937,-0.04036654028738564
2003-12-01,-0.02553016477283421,0,0,-0.0,1.0044624965327937,-0.04036654028738564
2003-12-02,-0.024692238689145083,0,0,0.0,1.0044624965327937,-0.04036654028738564
2003-12-03,-0.02721256423082158,0,0,-0.0,1.0044624965327937,-0.04036654028738564
2003-12-04,-0.025583597964380422,0,0,0.0,1.0044624965327937,-0.04036654028738564
2003-12-05,-0.01781595678037443,0,0,0.0,1.0044624965327937,-0.04036654028738564
2003-12-08,-0.0195088150724926,0,0,-0.0,1.0044624965327937,-0.04036654028738564
2003-12-09,-0.02305329160067556,0,0,-0.0,1.0044624965327937,-0.04036654028738564
2003-12-10,-0.020874569923792302,0,0,0.0,1.0044624965327937,-0.04036654028738564
2003-12-11,-0.019401793097283897,0,0,0.0,1.0044624965327937,-0.04036654028738564
2003-12-12,-0.020327523076830355,0,0,-0.0,1.0044624965327937,-0.04036654028738564
2003-12-15,-0.019405070280719392,0,0,-0.0,1.0044624965327937,-0.04036654028738564
2003-12-16,-0.016014343023358038,0,0,0.0,1.0044624965327937,-0.04036654028738564
2003-12-17,-0.015122798760648103,0,0,0.0,1.0044624965327937,-0.04036654028738564
2003-12-18,-0.01490507238204876,0,0,0.0,1.0044624965327937,-0.04036654028738564
2003-12-19,-0.014959363004969629,0,0,0.0,1.0044624965327937,-0.04036654028738564
2003-12-22,-0.016102425383672507,0,0,-0.0,1.0044624965327937,-0.04036654028738564
2003-12-23,-0.01797666167762165,0,0,-0.0,1.0044624965327937,-0.04036654028738564
2003-12-24,-0.01582316263024176,0,0,0.0,1.0044624965327937,-0.04036654028738564
2003-12-26,-0.014053312389848653,0,0,0.0,1.0044624965327937,-0.04036654028738564
2003-12-29,-0.01506774974605084,0,0,-0.0,1.0044624965327937,-0.04036654028738564
2003-12-30,-0.013559177350954198,0,0,-0.0,1.0044624965327937,-0.04036654028738564
2003-12-31,-0.016000519463622114,0,0,-0.0,1.0044624965327937,-0.04036654028738564
2004-01-02,-0.018129380539223687,0,0,-0.0,1.0044624965327937,-0.04036654028738564
2004-01-05,-0.017226051271443086,0,0,-0.0,1.0044624965327937,-0.04036654028738564
2004-01-06,-0.013497834745401505,0,0,0.0,1.0044624965327937,-0.04036654028738564
2004-01-07,-0.013016455820464921,0,0,0.0,1.0044624965327937,-0.04036654028738564
2004-01-08,-0.01222768223444048,0,0,-0.0,1.0044624965327937,-0.04036654028738564
2004-01-09,-0.0039026132027165372,0,0,0.0,1.0044624965327937,-0.04036654028738564
2004-01-12,-0.0035901122096321787,0,0,0.0,1.0044624965327937,-0.04036654028738564
2004-01-13,-0.001090150844967319,0,0,0.0,1.0044624965327937,-0.04036654028738564
2004-01-14,-0.0009528758171901302,0,0,0.0,1.0044624965327937,-0.04036654028738564
2004-01-15,-0.0016298486807478758,0,0,-0.0,1.0044624965327937,-0.04036654028738564
2004-01-16,-0.002244550036568721,0,0,-0.0,1.0044624965327937,-0.04036654028738564
2004-01-20,-0.0030214979877052957,0,0,-0.0,1.0044624965327937,-0.04036654028738564
2004-01-21,-0.00292505822281639,0,0,0.0,1.0044624965327937,-0.04036654028738564
2004-01-22,-0.0004286977117221092,0,0,0.0,1.0044624965327937,-0.04036654028738564
2004-01-23,-0.001890374840804032,0,0,-0.0,1.0044624965327937,-0.04036654028738564
2004-01-26,-0.006577356967400161,0,0,-0.0,1.0044624965327937,-0.04036654028738564
2004-01-27,-0.002809922419595173,0,0,0.0,1.0044624965327937,-0.04036654028738564
2004-01-28,-0.00793983798211737,0,0,-0.0,1.0044624965327937,-0.04036654028738564
2004-01-29,-0.00830390282663505,0,0,-0.0,1.0044624965327937,-0.04036654028738564
2004-01-30,-0.005884519205672844,0,0,0.0,1.0044624965327937,-0.04036654028738564
2004-02-02,-0.005693856948436931,0,0,-0.0,1.0044624965327937,-0.04036654028738564
2004-02-03,-0.0035936143287046305,0,0,0.0,1.0044624965327937,-0.04036654028738564
2004-02-04,-0.0018644443585489113,0,0,-0.0,1.0044624965327937,-0.04036654028738564
2004-02-05,-0.0033784801355484896,0,0,-0.0,1.0044624965327937,-0.04036654028738564
2004-02-06,-0.0009678130500708868,0,0,0.0,1.0044624965327937,-0.04036654028738564
2004-02-09,-0.001399399388233863,0,0,0.0,1.0044624965327937,-0.04036654028738564
2004-02-10,-0.0044118436351894726,0,0,-0.0,1.0044624965327937,-0.04036654028738564
2004-02-11,-0.0025464009649991183,0,0,0.0,1.0044624965327937,-0.04036654028738564
2004-02-12,-0.003321121332889226,0,0,-0.0,1.0044624965327937,-0.04036654028738564
2004-02-13,-0.0027560883525060862,0,0,0.0,1.0044624965327937,-0.04036654028738564
2004-02-17,-0.002295570998303315,0,0,-0.0,1.0044624965327937,-0.04036654028738564
2004-02-18,-0.0020080903320937593,0,0,-0.0,1.0044624965327937,-0.04036654028738564
2004-02-19,-0.0021979542769784703,0,0,0.0,1.0044624965327937,-0.04036654028738564
2004-02-20,-0.005790611934915179,0,0,-0.0,1.0044624965327937,-0.04036654028738564
2004-02-23,-0.0022060738292933924,0,0,0.0,1.0044624965327937,-0.04036654028738564
2004-02-24,-0.0002312425818177758,0,0,0.0,1.0044624965327937,-0.04036654028738564
2004-02-25,0.0013770316000403177,0,0,0.0,1.0044624965327937,-0.04036654028738564
2004-02-26,0.0008485750855896142,0,0,-0.0,1.0044624965327937,-0.04036654028738564
2004-02-27,0.0024730773820320177,0,0,0.0,1.0044624965327937,-0.04036654028738564
2004-03-01,0.0016717303919392963,0,0,-0.0,1.0044624965327937,-0.04036654028738564
2004-03-02,-3.8553775958499476e-05,0,0,-0.0,1.0044624965327937,-0.04036654028738564
2004-03-03,-0.0023205344240454563,0,0,-0.0,1.0044624965327937,-0.04036654028738564
2004-03-04,-0.0021045403412568832,0,0,0.0,1.0044624965327937,-0.04036654028738564
2004-03-05,0.004187857826593172,0,0,0.0,1.0044624965327937,-0.04036654028738564
2004-03-08,0.006031902594884497,0,0,0.0,1.0044624965327937,-0.04036654028738564
2004-03-09,0.007030028332730813,1,0,0.0,1.0044624965327937,-0.04036654028738564
2004-03-10,0.00457998501489309,1,1,-0.0007545034424218944,1.003704626121376,-0.04109058703620209
2004-03-11,0.0042023166027332914,0,1,-9.438414346396584e-05,1.0036098923199488,-0.04118109287980414
2004-03-12,0.004263494129671207,0,0,-0.0,1.0036098923199488,-0.04118109287980414
2004-03-15,0.003375302980281003,0,0,-0.0,1.0036098923199488,-0.04118109287980414
2004-03-16,0.0060823298684389735,0,0,0.0,1.0036098923199488,-0.04118109287980414
2004-03-17,0.004901916890513646,1,0,-0.0,1.0036098923199488,-0.04118109287980414
2004-03-18,0.0025520398641294293,0,1,-0.00207410200810787,1.001528303026931,-0.04316978110047392
2004-03-19,0.0015897495696831794,0,0,-0.0,1.001528303026931,-0.04316978110047392
2004-03-22,0.004633993658186652,0,0,0.0,1.001528303026931,-0.04316978110047392
2004-03-23,0.002745882199829974,0,0,0.0,1.001528303026931,-0.04316978110047392
2004-03-24,0.002424298303257532,0,0,0.0,1.001528303026931,-0.04316978110047392
2004-03-25,0.0035884025857873692,0,0,-0.0,1.001528303026931,-0.04316978110047392
2004-03-26,0.002860871895950406,0,0,-0.0,1.001528303026931,-0.04316978110047392
2004-03-29,0.0010589904265924652,0,0,-0.0,1.001528303026931,-0.04316978110047392
2004-03-30,0.003039831062511938,0,0,-0.0,1.001528303026931,-0.04316978110047392
2004-03-31,0.0024239220299504087,0,0,-0.0,1.001528303026931,-0.04316978110047392
2004-04-01,-0.0006282683759413212,0,0,-0.0,1.001528303026931,-0.04316978110047392
2004-04-02,-0.010646570962840067,0,0,-0.0,1.001528303026931,-0.04316978110047392
2004-04-05,-0.013116302977103712,0,0,-0.0,1.001528303026931,-0.04316978110047392
2004-04-06,-0.013204948006419352,0,0,0.0,1.001528303026931,-0.04316978110047392
2004-04-07,-0.012647838112862974,0,0,0.0,1.001528303026931,-0.04316978110047392
2004-04-08,-0.012923646587782122,0,0,-0.0,1.001528303026931,-0.04316978110047392
2004-04-12,-0.01436072145466484,0,0,-0.0,1.001528303026931,-0.04316978110047392
2004-04-13,-0.01817722946482203,0,0,-0.0,1.001528303026931,-0.04316978110047392
2004-04-14,-0.020497323580736165,0,0,-0.0,1.001528303026931,-0.04316978110047392
2004-04-15,-0.02107548600357273,0,0,-0.0,1.001528303026931,-0.04316978110047392
2004-04-16,-0.01885142485909024,0,0,0.0,1.001528303026931,-0.04316978110047392
2004-04-19,-0.02182986498892061,0,0,-0.0,1.001528303026931,-0.04316978110047392
2004-04-20,-0.022224815486570487,0,0,-0.0,1.001528303026931,-0.04316978110047392
2004-04-21,-0.02428596022207267,0,0,-0.0,1.001528303026931,-0.04316978110047392
2004-04-22,-0.022229158838473893,0,0,0.0,1.001528303026931,-0.04316978110047392
2004-04-23,-0.02340996443620911,0,0,-0.0,1.001528303026931,-0.04316978110047392
2004-04-26,-0.022884482150803673,0,0,0.0,1.001528303026931,-0.04316978110047392
2004-04-27,-0.021363652661518434,0,0,0.0,1.001528303026931,-0.04316978110047392
2004-04-28,-0.024068439888422104,0,0,-0.0,1.001528303026931,-0.04316978110047392
2004-04-29,-0.026108093556813948,0,0,-0.0,1.001528303026931,-0.04316978110047392
2004-04-30,-0.024212720281068988,0,0,0.0,1.001528303026931,-0.04316978110047392
2004-05-03,-0.022143466898117116,0,0,-0.0,1.001528303026931,-0.04316978110047392
2004-05-04,-0.022997863278950224,0,0,-0.0,1.001528303026931,-0.04316978110047392
2004-05-05,-0.024451411366830496,0,0,-0.0,1.001528303026931,-0.04316978110047392
2004-05-06,-0.025531394412032702,0,0,-0.0,1.001528303026931,-0.04316978110047392
2004-05-07,-0.03484190293817511,0,0,-0.0,1.001528303026931,-0.04316978110047392
2004-05-10,-0.03489988736938551,0,0,0.0,1.001528303026931,-0.04316978110047392
2004-05-11,-0.035292267012864934,0,0,0.0,1.001528303026931,-0.04316978110047392
2004-05-12,-0.03492011511022155,0,0,-0.0,1.001528303026931,-0.04316978110047392
2004-05-13,-0.035480977714519524,0,0,-0.0,1.001528303026931,-0.04316978110047392
2004-05-14,-0.03463892095473926,0,0,0.0,1.001528303026931,-0.04316978110047392
2004-05-17,-0.031200612559966083,0,0,0.0,1.001528303026931,-0.04316978110047392
2004-05-18,-0.03186997014626483,0,0,-0.0,1.001528303026931,-0.04316978110047392
2004-05-19,-0.034010319405864256,0,0,-0.0,1.001528303026931,-0.04316978110047392
2004-05-20,-0.03186445319582261,0,0,0.0,1.001528303026931,-0.04316978110047392
2004-05-21,-0.032108258304081524,0,0,-0.0,1.001528303026931,-0.04316978110047392
2004-05-24,-0.030218080097776587,0,0,0.0,1.001528303026931,-0.04316978110047392
2004-05-25,-0.030254909402352405,0,0,0.0,1.001528303026931,-0.04316978110047392
2004-05-26,-0.026853025642609482,0,0,0.0,1.001528303026931,-0.04316978110047392
2004-05-27,-0.02411561779021136,0,0,0.0,1.001528303026931,-0.04316978110047392
2004-05-28,-0.02868260243172072,0,0,-0.0,1.001528303026931,-0.04316978110047392
2004-06-01,-0.031653655729974195,0,0,-0.0,1.001528303026931,-0.04316978110047392
2004-06-02,-0.03275808725465716,0,0,-0.0,1.001528303026931,-0.04316978110047392
2004-06-03,-0.03311028475276592,0,0,0.0,1.001528303026931,-0.04316978110047392
2004-06-04,-0.036568524213506176,0,0,-0.0,1.001528303026931,-0.04316978110047392
2004-06-07,-0.03479985057694889,0,0,0.0,1.001528303026931,-0.04316978110047392
2004-06-08,-0.03414871018563291,0,0,-0.0,1.001528303026931,-0.04316978110047392
2004-06-09,-0.03551045243622293,0,0,-0.0,1.001528303026931,-0.04316978110047392
2004-06-10,-0.03662207063678575,0,0,0.0,1.001528303026931,-0.04316978110047392
2004-06-14,-0.039550536277691485,0,0,-0.0,1.001528303026931,-0.04316978110047392
2004-06-15,-0.03342157228394407,0,0,0.0,1.001528303026931,-0.04316978110047392
2004-06-16,-0.03477259694913989,0,0,-0.0,1.001528303026931,-0.04316978110047392
2004-06-17,-0.03275414114412882,0,0,0.0,1.001528303026931,-0.04316978110047392
2004-06-18,-0.033720447829028805,0,0,-0.0,1.001528303026931,-0.04316978110047392
2004-06-21,-0.033712601506976636,0,0,0.0,1.001528303026931,-0.04316978110047392
2004-06-22,-0.03299098712985653,0,0,-0.0,1.001528303026931,-0.04316978110047392
2004-06-23,-0.03149830098857963,0,0,0.0,1.001528303026931,-0.04316978110047392
2004-06-24,-0.029127026839681498,0,0,0.0,1.001528303026931,-0.04316978110047392
2004-06-25,-0.02768926176307219,0,0,0.0,1.001528303026931,-0.04316978110047392
2004-06-28,-0.030373638492958203,0,0,-0.0,1.001528303026931,-0.04316978110047392
2004-06-29,-0.029000103950987764,0,0,0.0,1.001528303026931,-0.04316978110047392
2004-06-30,-0.023554505390907615,0,0,0.0,1.001528303026931,-0.04316978110047392
2004-07-01,-0.020113829364958778,0,0,0.0,1.001528303026931,-0.04316978110047392
2004-07-02,-0.01853340404473079,0,0,0.0,1.001528303026931,-0.04316978110047392
2004-07-06,-0.018924139712229057,0,0,-0.0,1.001528303026931,-0.04316978110047392
2004-07-07,-0.01921195584637951,0,0,0.0,1.001528303026931,-0.04316978110047392
2004-07-08,-0.01852993326771178,0,0,0.0,1.001528303026931,-0.04316978110047392
2004-07-09,-0.016709941945984602,0,0,0.0,1.001528303026931,-0.04316978110047392
2004-07-12,-0.014503240808802841,0,0,0.0,1.001528303026931,-0.04316978110047392
2004-07-13,-0.014440009209591808,0,0,-0.0,1.001528303026931,-0.04316978110047392
2004-07-14,-0.01710493974273651,0,0,-0.0,1.001528303026931,-0.04316978110047392
2004-07-15,-0.016665042934063772,0,0,-0.0,1.001528303026931,-0.04316978110047392
2004-07-16,-0.011345696466731768,0,0,0.0,1.001528303026931,-0.04316978110047392
2004-07-19,-0.010946318183491215,0,0,-0.0,1.001528303026931,-0.04316978110047392
2004-07-20,-0.015070891050799555,0,0,-0.0,1.001528303026931,-0.04316978110047392
2004-07-21,-0.014227192441507358,0,0,-0.0,1.001528303026931,-0.04316978110047392
2004-07-22,-0.013797850400831896,0,0,0.0,1.001528303026931,-0.04316978110047392
2004-07-23,-0.01452339017526334,0,0,0.0,1.001528303026931,-0.04316978110047392
2004-07-26,-0.014769818921520931,0,0,-0.0,1.001528303026931,-0.04316978110047392
2004-07-27,-0.017769259966773428,0,0,-0.0,1.001528303026931,-0.04316978110047392
2004-07-28,-0.016488863678225534,0,0,0.0,1.001528303026931,-0.04316978110047392
2004-07-29,-0.015211306176705994,0,0,0.0,1.001528303026931,-0.04316978110047392
2004-07-30,-0.013748514831851088,0,0,0.0,1.001528303026931,-0.04316978110047392
2004-08-02,-0.01336046540501857,0,0,0.0,1.001528303026931,-0.04316978110047392
2004-08-03,-0.011961822933558597,0,0,0.0,1.001528303026931,-0.04316978110047392
2004-08-04,-0.010527654395654371,0,0,-0.0,1.001528303026931,-0.04316978110047392
2004-08-05,-0.008990919960670515,0,0,0.0,1.001528303026931,-0.04316978110047392
2004-08-06,-0.0025789470451405665,0,0,0.0,1.001528303026931,-0.04316978110047392
2004-08-09,-0.003459108490384682,0,0,-0.0,1.001528303026931,-0.04316978110047392
2004-08-10,-0.004915810601768971,0,0,-0.0,1.001528303026931,-0.04316978110047392
2004-08-11,-0.004997425307943403,0,0,0.0,1.001528303026931,-0.04316978110047392
2004-08-12,-0.005040197910838995,0,0,0.0,1.001528303026931,-0.04316978110047392
2004-08-13,-0.004010867353417019,0,0,0.0,1.001528303026931,-0.04316978110047392
2004-08-16,-0.004022966481465912,0,0,-0.0,1.001528303026931,-0.04316978110047392
2004-08-17,-0.002765765897255074,0,0,0.0,1.001528303026931,-0.04316978110047392
2004-08-18,-0.002830784781232131,0,0,-0.0,1.001528303026931,-0.04316978110047392
2004-08-19,-0.003826127903980419,0,0,0.0,1.001528303026931,-0.04316978110047392
2004-08-20,-0.0047281783220671,0,0,-0.0,1.001528303026931,-0.04316978110047392
2004-08-23,-0.006110567405817313,0,0,-0.0,1.001528303026931,-0.04316978110047392
2004-08-24,-0.006783813524860859,0,0,-0.0,1.001528303026931,-0.04316978110047392
2004-08-25,-0.0057856573550257966,0,0,0.0,1.001528303026931,-0.04316978110047392
2004-08-26,-0.006847336906394818,0,0,0.0,1.001528303026931,-0.04316978110047392
2004-08-27,-0.007795454804788125,0,0,-0.0,1.001528303026931,-0.04316978110047392
2004-08-30,-0.00741349545909476,0,0,0.0,1.001528303026931,-0.04316978110047392
2004-08-31,-0.004976133049434251,0,0,0.0,1.001528303026931,-0.04316978110047392
2004-09-01,-0.004891333164774307,0,0,0.0,1.001528303026931,-0.04316978110047392
2004-09-02,-0.006481088670693835,0,0,-0.0,1.001528303026931,-0.04316978110047392
2004-09-03,-0.010718840581465106,0,0,-0.0,1.001528303026931,-0.04316978110047392
2004-09-07,-0.010413350539379224,0,0,0.0,1.001528303026931,-0.04316978110047392
2004-09-08,-0.006060124983968518,0,0,0.0,1.001528303026931,-0.04316978110047392
2004-09-09,-0.008541986795133509,0,0,-0.0,1.001528303026931,-0.04316978110047392
2004-09-10,-0.007589731700798712,0,0,0.0,1.001528303026931,-0.04316978110047392
2004-09-13,-0.0082708387795535,0,0,0.0,1.001528303026931,-0.04316978110047392
2004-09-14,-0.007454495471726879,0,0,0.0,1.001528303026931,-0.04316978110047392
2004-09-15,-0.009366900894505113,0,0,-0.0,1.001528303026931,-0.04316978110047392
2004-09-16,-0.005697039955730891,0,0,0.0,1.001528303026931,-0.04316978110047392
2004-09-17,-0.00618467614661104,0,0,-0.0,1.001528303026931,-0.04316978110047392
2004-09-20,-0.003863816745147708,0,0,0.0,1.001528303026931,-0.04316978110047392
2004-09-21,-0.003601811667704807,0,0,-0.0,1.001528303026931,-0.04316978110047392
2004-09-22,-0.0013011092249314072,0,0,0.0,1.001528303026931,-0.04316978110047392
2004-09-23,-0.002420917680343643,0,0,-0.0,1.001528303026931,-0.04316978110047392
2004-09-24,-0.0018019252985356066,0,0,-0.0,1.001528303026931,-0.04316978110047392
2004-09-27,-0.0006452314746397798,0,0,0.0,1.001528303026931,-0.04316978110047392
2004-09-28,-0.0020343284047516447,0,0,0.0,1.001528303026931,-0.04316978110047392
2004-09-29,-0.004403391719118799,0,0,-0.0,1.001528303026931,-0.04316978110047392
2004-09-30,-0.004005856709041255,0,0,-0.0,1.001528303026931,-0.04316978110047392
2004-10-01,-0.005653933136631128,0,0,-0.0,1.001528303026931,-0.04316978110047392
2004-10-04,-0.003750146810640104,0,0,0.0,1.001528303026931,-0.04316978110047392
2004-10-05,-0.0032064964876053984,0,0,0.0,1.001528303026931,-0.04316978110047392
2004-10-06,-0.005352834914780053,0,0,-0.0,1.001528303026931,-0.04316978110047392
2004-10-07,-0.006116748860627263,0,0,-0.0,1.001528303026931,-0.04316978110047392
2004-10-08,-0.0023825318236064433,0,0,0.0,1.001528303026931,-0.04316978110047392
2004-10-11,-0.0029804397646948366,0,0,0.0,1.001528303026931,-0.04316978110047392
2004-10-12,-0.0016826144966232194,0,0,0.0,1.001528303026931,-0.04316978110047392
2004-10-13,0.0005097964606019523,0,0,0.0,1.001528303026931,-0.04316978110047392
2004-10-14,0.0041944625574770415,0,0,0.0,1.001528303026931,-0.04316978110047392
2004-10-15,0.0023223495700635866,0,0,-0.0,1.001528303026931,-0.04316978110047392
2004-10-18,0.0016955846071751986,0,0,0.0,1.001528303026931,-0.04316978110047392
2004-10-19,0.002678258795080601,0,0,-0.0,1.001528303026931,-0.04316978110047392
2004-10-20,0.006237141136380735,0,0,0.0,1.001528303026931,-0.04316978110047392
2004-10-21,0.005560046864591588,1,0,-0.0,1.001528303026931,-0.04316978110047392
2004-10-22,0.0061616093900819955,1,1,0.00048430840759405847,1.0020133516045304,-0.042706380180820826
2004-10-25,0.005924254349306513,1,1,0.0005808887598024448,1.0025954098976495,-0.04215029907723723
2004-10-26,0.005414934253395781,1,1,-0.00038703434929843183,1.0022073710355701,-0.04252101981295963
2004-10-27,0.002602311679044355,1,1,-0.003194269673797323,0.9990060504234151,-0.04557946588266947
2004-10-28,0.0050209743841751085,0,1,0.0004855311711011723,0.9994910990010143,-0.04511606496301648
2004-10-29,0.005967309465246399,1,0,0.0,0.9994910990010143,-0.04511606496301648
2004-11-01,0.0008988979667076285,1,1,-0.0021324028302801556,0.9973597813526647,-0.047152262168678426
2004-11-02,0.001992585045599892,0,1,0.0005828071879554475,0.9979410498022147,-0.04659693565804327
2004-11-03,0.004333077361647064,0,0,0.0,0.9979410498022147,-0.04659693565804327
2004-11-04,0.0024706194893301895,0,0,-0.0,0.9979410498022147,-0.04659693565804327
2004-11-05,-0.004307200792400972,0,0,-0.0,0.9979410498022147,-0.04659693565804327
2004-11-08,-0.004732772224906939,0,0,-0.0,0.9979410498022147,-0.04659693565804327
2004-11-09,-0.004009927372155641,0,0,0.0,0.9979410498022147,-0.04659693565804327
2004-11-10,-0.006436955915270687,0,0,-0.0,0.9979410498022147,-0.04659693565804327
2004-11-11,-0.00550934540400691,0,0,0.0,0.9979410498022147,-0.04659693565804327
2004-11-12,-0.0041519304414241055,0,0,0.0,0.9979410498022147,-0.04659693565804327
2004-11-15,-0.004105410453336356,0,0,-0.0,0.9979410498022147,-0.04659693565804327
2004-11-16,-0.005019007953502042,0,0,-0.0,0.9979410498022147,-0.04659693565804327
2004-11-17,-0.0041334500676986465,0,0,0.0,0.9979410498022147,-0.04659693565804327
2004-11-18,-0.0038239734440383916,0,0,0.0,0.9979410498022147,-0.04659693565804327
2004-11-19,-0.006165622721046576,0,0,-0.0,0.9979410498022147,-0.04659693565804327
2004-11-22,-0.004965872474190881,0,0,0.0,0.9979410498022147,-0.04659693565804327
2004-11-23,-0.006254827387391604,0,0,-0.0,0.9979410498022147,-0.04659693565804327
2004-11-24,-0.006899077706976081,0,0,-0.0,0.9979410498022147,-0.04659693565804327
2004-11-26,-0.008329488142713691,0,0,-0.0,0.9979410498022147,-0.04659693565804327
2004-11-29,-0.009757922428561348,0,0,-0.0,0.9979410498022147,-0.04659693565804327
2004-11-30,-0.007384869353823092,0,0,0.0,0.9979410498022147,-0.04659693565804327
2004-12-01,-0.008294044904600829,0,0,-0.0,0.9979410498022147,-0.04659693565804327
2004-12-02,-0.009045297522222051,0,0,-0.0,0.9979410498022147,-0.04659693565804327
2004-12-03,-0.00688767908115438,0,0,0.0,0.9979410498022147,-0.04659693565804327
2004-12-06,-0.004954917505944495,0,0,0.0,0.9979410498022147,-0.04659693565804327
2004-12-07,-0.00489903691245404,0,0,-0.0,0.9979410498022147,-0.04659693565804327
2004-12-08,-0.0029358347835130028,0,0,0.0,0.9979410498022147,-0.04659693565804327
2004-12-09,-0.0035884579120174006,0,0,-0.0,0.9979410498022147,-0.04659693565804327
2004-12-10,-0.004247284937141322,0,0,0.0,0.9979410498022147,-0.04659693565804327
2004-12-13,-0.003717586248257415,0,0,-0.0,0.9979410498022147,-0.04659693565804327
2004-12-14,-0.004641677364876412,0,0,0.0,0.9979410498022147,-0.04659693565804327
2004-12-15,-0.002623930131992519,0,0,0.0,0.9979410498022147,-0.04659693565804327
2004-12-16,-0.004746427617986493,0,0,-0.0,0.9979410498022147,-0.04659693565804327
2004-12-17,-0.005861128585702174,0,0,-0.0,0.9979410498022147,-0.04659693565804327
2004-12-20,-0.006439502052795254,0,0,-0.0,0.9979410498022147,-0.04659693565804327
2004-12-21,-0.007031526803039683,0,0,0.0,0.9979410498022147,-0.04659693565804327
2004-12-22,-0.009302784186852958,0,0,-0.0,0.9979410498022147,-0.04659693565804327
2004-12-23,-0.008363232204854836,0,0,-0.0,0.9979410498022147,-0.04659693565804327
2004-12-27,-0.010471873671763325,0,0,-0.0,0.9979410498022147,-0.04659693565804327
2004-12-28,-0.009844527495771044,0,0,-0.0,0.9979410498022147,-0.04659693565804327
2004-12-29,-0.011039619696601893,0,0,-0.0,0.9979410498022147,-0.04659693565804327
2004-12-30,-0.009450290231311808,0,0,0.0,0.9979410498022147,-0.04659693565804327
2004-12-31,-0.007184746882125236,0,0,0.0,0.9979410498022147,-0.04659693565804327
2005-01-03,-0.008061760760630643,0,0,-0.0,0.9979410498022147,-0.04659693565804327
2005-01-04,-0.012266469332734679,0,0,-0.0,0.9979410498022147,-0.04659693565804327
2005-01-05,-0.013264471923393455,0,0,-0.0,0.9979410498022147,-0.04659693565804327
2005-01-06,-0.013051362255312005,0,0,0.0,0.9979410498022147,-0.04659693565804327
2005-01-07,-0.013252648602735128,0,0,-0.0,0.9979410498022147,-0.04659693565804327
2005-01-10,-0.012936078112106375,0,0,-0.0,0.9979410498022147,-0.04659693565804327
2005-01-11,-0.011934304710740883,0,0,0.0,0.9979410498022147,-0.04659693565804327
2005-01-12,-0.012162097534266836,0,0,0.0,0.9979410498022147,-0.04659693565804327
2005-01-13,-0.010369298420034522,0,0,0.0,0.9979410498022147,-0.04659693565804327
2005-01-14,-0.010886525353168692,0,0,-0.0,0.9979410498022147,-0.04659693565804327
2005-01-18,-0.010742317431523641,0,0,0.0,0.9979410498022147,-0.04659693565804327
2005-01-19,-0.010736196946843572,0,0,0.0,0.9979410498022147,-0.04659693565804327
2005-01-20,-0.011234488266317955,0,0,0.0,0.9979410498022147,-0.04659693565804327
2005-01-21,-0.010489237454691191,0,0,0.0,0.9979410498022147,-0.04659693565804327
2005-01-24,-0.009535468259462037,0,0,-0.0,0.9979410498022147,-0.04659693565804327
2005-01-25,-0.011437030840196942,0,0,-0.0,0.9979410498022147,-0.04659693565804327
2005-01-26,-0.012676205741947498,0,0,-0.0,0.9979410498022147,-0.04659693565804327
2005-01-27,-0.014995659798230976,0,0,-0.0,0.9979410498022147,-0.04659693565804327
2005-01-28,-0.013210413441864636,0,0,0.0,0.9979410498022147,-0.04659693565804327
2005-01-31,-0.013403943953862362,0,0,-0.0,0.9979410498022147,-0.04659693565804327
2005-02-01,-0.013407672676192812,0,0,-0.0,0.9979410498022147,-0.04659693565804327
2005-02-02,-0.01194696365955013,0,0,-0.0,0.9979410498022147,-0.04659693565804327
2005-02-03,-0.013337110426745201,0,0,-0.0,0.9979410498022147,-0.04659693565804327
2005-02-04,-0.010723675730057818,0,0,0.0,0.9979410498022147,-0.04659693565804327
2005-02-07,-0.010805517794096546,0,0,0.0,0.9979410498022147,-0.04659693565804327
2005-02-08,-0.010611500463471302,0,0,-0.0,0.9979410498022147,-0.04659693565804327
2005-02-09,-0.00896980040746648,0,0,0.0,0.9979410498022147,-0.04659693565804327
2005-02-10,-0.010495320020321485,0,0,-0.0,0.9979410498022147,-0.04659693565804327
2005-02-11,-0.011127294517331342,0,0,-0.0,0.9979410498022147,-0.04659693565804327
2005-02-14,-0.011454040524523345,0,0,0.0,0.9979410498022147,-0.04659693565804327
2005-02-15,-0.01221353811390265,0,0,-0.0,0.9979410498022147,-0.04659693565804327
2005-02-16,-0.014567969174472655,0,0,-0.0,0.9979410498022147,-0.04659693565804327
2005-02-17,-0.015071547666026041,0,0,0.0,0.9979410498022147,-0.04659693565804327
2005-02-18,-0.0178462857081866,0,0,-0.0,0.9979410498022147,-0.04659693565804327
2005-02-22,-0.018420481551151842,0,0,-0.0,0.9979410498022147,-0.04659693565804327
2005-02-23,-0.017753447681338297,0,0,0.0,0.9979410498022147,-0.04659693565804327
2005-02-24,-0.016981799451670148,0,0,-0.0,0.9979410498022147,-0.04659693565804327
2005-02-25,-0.01565284923204091,0,0,-0.0,0.9979410498022147,-0.04659693565804327
2005-02-28,-0.016705299169534615,0,0,-0.0,0.9979410498022147,-0.04659693565804327
2005-03-01,-0.017601002372495327,0,0,-0.0,0.9979410498022147,-0.04659693565804327
2005-03-02,-0.01809484710366642,0,0,0.0,0.9979410498022147,-0.04659693565804327
2005-03-03,-0.0186371529673778,0,0,-0.0,0.9979410498022147,-0.04659693565804327
2005-03-04,-0.01741617777953248,0,0,0.0,0.9979410498022147,-0.04659693565804327
2005-03-07,-0.01932762248140726,0,0,-0.0,0.9979410498022147,-0.04659693565804327
2005-03-08,-0.02041349934535065,0,0,-0.0,0.9979410498022147,-0.04659693565804327
2005-03-09,-0.02453177049848126,0,0,-0.0,0.9979410498022147,-0.04659693565804327
2005-03-10,-0.022800645595680655,0,0,0.0,0.9979410498022147,-0.04659693565804327
2005-03-11,-0.02568350926807697,0,0,-0.0,0.9979410498022147,-0.04659693565804327
2005-03-14,-0.025344077516338798,0,0,0.0,0.9979410498022147,-0.04659693565804327
2005-03-15,-0.02510820316732841,0,0,-0.0,0.9979410498022147,-0.04659693565804327
2005-03-16,-0.023038024147587915,0,0,0.0,0.9979410498022147,-0.04659693565804327
2005-03-17,-0.019737006707065383,0,0,0.0,0.9979410498022147,-0.04659693565804327
2005-03-18,-0.021107127652664738,0,0,-0.0,0.9979410498022147,-0.04659693565804327
2005-03-21,-0.021118767759402017,0,0,-0.0,0.9979410498022147,-0.04659693565804327
2005-03-22,-0.022976424676935604,0,0,-0.0,0.9979410498022147,-0.04659693565804327
2005-03-23,-0.02258348813145973,0,0,-0.0,0.9979410498022147,-0.04659693565804327
2005-03-24,-0.021531400780577074,0,0,0.0,0.9979410498022147,-0.04659693565804327
2005-03-28,-0.021674197812009095,0,0,-0.0,0.9979410498022147,-0.04659693565804327
2005-03-29,-0.020820703417063338,0,0,0.0,0.9979410498022147,-0.04659693565804327
2005-03-30,-0.01972158619717411,0,0,0.0,0.9979410498022147,-0.04659693565804327
2005-03-31,-0.017394633118688788,0,0,0.0,0.9979410498022147,-0.04659693565804327
2005-04-01,-0.01599838950283789,0,0,0.0,0.9979410498022147,-0.04659693565804327
2005-04-04,-0.015861655011107156,0,0,0.0,0.9979410498022147,-0.04659693565804327
2005-04-05,-0.016667769360131084,0,0,-0.0,0.9979410498022147,-0.04659693565804327
2005-04-06,-0.015457837900987963,0,0,0.0,0.9979410498022147,-0.04659693565804327
2005-04-07,-0.015996968618276472,0,0,-0.0,0.9979410498022147,-0.04659693565804327
2005-04-08,-0.01674770299425819,0,0,-0.0,0.9979410498022147,-0.04659693565804327
2005-04-11,-0.015633003671262805,0,0,0.0,0.9979410498022147,-0.04659693565804327
2005-04-12,-0.013383192850439152,0,0,0.0,0.9979410498022147,-0.04659693565804327
2005-04-13,-0.012731745383604831,0,0,0.0,0.9979410498022147,-0.04659693565804327
2005-04-14,-0.011477735477049427,0,0,0.0,0.9979410498022147,-0.04659693565804327
2005-04-15,-0.009427217103158725,0,0,0.0,0.9979410498022147,-0.04659693565804327
2005-04-18,-0.00918417137677282,0,0,0.0,0.9979410498022147,-0.04659693565804327
2005-04-19,-0.007716817088303345,0,0,0.0,0.9979410498022147,-0.04659693565804327
2005-04-20,-0.006296406202776005,0,0,-0.0,0.9979410498022147,-0.04659693565804327
2005-04-21,-0.007876604778661579,0,0,-0.0,0.9979410498022147,-0.04659693565804327
2005-04-22,-0.007068565512267432,0,0,0.0,0.9979410498022147,-0.04659693565804327
2005-04-25,-0.0064480951176220545,0,0,-0.0,0.9979410498022147,-0.04659693565804327
2005-04-26,-0.007892675079561023,0,0,-0.0,0.9979410498022147,-0.04659693565804327
2005-04-27,-0.006564089941969914,0,0,0.0,0.9979410498022147,-0.04659693565804327
2005-04-28,-0.004788358065405956,0,0,0.0,0.9979410498022147,-0.04659693565804327
2005-04-29,-0.005152204285124318,0,0,-0.0,0.9979410498022147,-0.04659693565804327
2005-05-02,-0.003499110308280528,0,0,0.0,0.9979410498022147,-0.04659693565804327
2005-05-03,-0.00487276648069877,0,0,-0.0,0.9979410498022147,-0.04659693565804327
2005-05-04,-0.003756306527740133,0,0,0.0,0.9979410498022147,-0.04659693565804327
2005-05-05,-0.0017155317790978673,0,0,0.0,0.9979410498022147,-0.04659693565804327
2005-05-06,-0.0072810562784622335,0,0,-0.0,0.9979410498022147,-0.04659693565804327
2005-05-09,-0.00744398090154475,0,0,-0.0,0.9979410498022147,-0.04659693565804327
2005-05-10,-0.005390696526749283,0,0,0.0,0.9979410498022147,-0.04659693565804327
2005-05-11,-0.006185166871118192,0,0,0.0,0.9979410498022147,-0.04659693565804327
2005-05-12,-0.005194698945257358,0,0,0.0,0.9979410498022147,-0.04659693565804327
2005-05-13,-0.002025091922624289,0,0,0.0,0.9979410498022147,-0.04659693565804327
2005-05-16,-0.002058965790507916,0,0,0.0,0.9979410498022147,-0.04659693565804327
2005-05-17,-0.0011576143194993002,0,0,0.0,0.9979410498022147,-0.04659693565804327
2005-05-18,0.0011780177516228564,0,0,0.0,0.9979410498022147,-0.04659693565804327
2005-05-19,-9.392605068759816e-05,0,0,-0.0,0.9979410498022147,-0.04659693565804327
2005-05-20,-6.99613675695987e-05,0,0,-0.0,0.9979410498022147,-0.04659693565804327
2005-05-23,0.001933869784180775,0,0,0.0,0.9979410498022147,-0.04659693565804327
2005-05-24,0.0035276989379887437,0,0,0.0,0.9979410498022147,-0.04659693565804327
2005-05-25,0.0034754882257213293,0,0,-0.0,0.9979410498022147,-0.04659693565804327
2005-05-26,0.00011241847415550122,0,0,-0.0,0.9979410498022147,-0.04659693565804327
2005-05-27,0.0005852707473130105,0,0,0.0,0.9979410498022147,-0.04659693565804327
2005-05-31,0.001799606284246119,0,0,0.0,0.9979410498022147,-0.04659693565804327
2005-06-01,0.0047684858376968895,0,0,0.0,0.9979410498022147,-0.04659693565804327
2005-06-02,0.005260824564715366,0,0,-0.0,0.9979410498022147,-0.04659693565804327
2005-06-03,0.0035685893797819442,1,0,-0.0,0.9979410498022147,-0.04659693565804327
2005-06-06,0.004177013978368993,0,1,0.00019638648860964558,0.9981370319408247,-0.04640970017800751
2005-06-07,0.006058270388275559,0,0,0.0,0.9981370319408247,-0.04640970017800751
2005-06-08,0.004061703519075948,1,0,-0.0,0.9981370319408247,-0.04640970017800751
2005-06-09,0.004649385361463033,0,1,-0.0010798075979189248,0.9970592359899707,-0.04743939422905713
2005-06-10,0.0017078523063638158,0,0,-0.0,0.9970592359899707,-0.04743939422905713
2005-06-13,-0.0002036242739738962,0,0,-0.0,0.9970592359899707,-0.04743939422905713
2005-06-14,-0.0010974390886195062,0,0,-0.0,0.9970592359899707,-0.04743939422905713
2005-06-15,-0.0015625137807322444,0,0,-0.0,0.9970592359899707,-0.04743939422905713
2005-06-16,0.0005622988094057034,0,0,0.0,0.9970592359899707,-0.04743939422905713
2005-06-17,0.00134809688878118,0,0,-0.0,0.9970592359899707,-0.04743939422905713
2005-06-20,0.0008928280697827749,0,0,-0.0,0.9970592359899707,-0.04743939422905713
2005-06-21,0.002712327710704826,0,0,0.0,0.9970592359899707,-0.04743939422905713
2005-06-22,0.005048264068875174,0,0,0.0,0.9970592359899707,-0.04743939422905713
2005-06-23,0.004122477180586025,1,0,-0.0,0.9970592359899707,-0.04743939422905713
2005-06-24,0.005170063996071411,0,1,0.0014740566037734215,0.998528957741135,-0.046035265977626035
2005-06-27,0.005860087239665961,1,0,0.0,0.998528957741135,-0.046035265977626035
2005-06-28,0.0027128025181776924,1,1,-0.0022562291544045987,0.9962760475951622,-0.048187629022801194
2005-06-29,0.0016202947357597255,0,1,-0.0005899124963129054,0.9956883319049086,-0.04874911503458586
2005-06-30,0.0029827783543675485,0,0,0.0,0.9956883319049086,-0.04874911503458586
2005-07-01,0.0007628271617278359,0,0,-0.0,0.9956883319049086,-0.04874911503458586
2005-07-05,-0.0013946490820887613,0,0,-0.0,0.9956883319049086,-0.04874911503458586
2005-07-06,-0.0011740857639631062,0,0,0.0,0.9956883319049086,-0.04874911503458586
2005-07-07,-0.0008177590224246413,0,0,0.0,0.9956883319049086,-0.04874911503458586
2005-07-08,-0.0021344894510793464,0,0,-0.0,0.9956883319049086,-0.04874911503458586
2005-07-11,-0.00242023413669713,0,0,-0.0,0.9956883319049086,-0.04874911503458586
2005-07-12,-0.004486724460117602,0,0,-0.0,0.9956883319049086,-0.04874911503458586
2005-07-13,-0.006097306468625324,0,0,-0.0,0.9956883319049086,-0.04874911503458586
2005-07-14,-0.007658579370871715,0,0,-0.0,0.9956883319049086,-0.04874911503458586
2005-07-15,-0.007716562654467634,0,0,0.0,0.9956883319049086,-0.04874911503458586
2005-07-18,-0.00712866946588313,0,0,-0.0,0.9956883319049086,-0.04874911503458586
2005-07-19,-0.006508556454075331,0,0,0.0,0.9956883319049086,-0.04874911503458586
2005-07-20,-0.007170976633453379,0,0,0.0,0.9956883319049086,-0.04874911503458586
2005-07-21,-0.010904162218284007,0,0,-0.0,0.9956883319049086,-0.04874911503458586
2005-07-22,-0.009169483452342258,0,0,0.0,0.9956883319049086,-0.04874911503458586
2005-07-25,-0.011099348572779593,0,0,-0.0,0.9956883319049086,-0.04874911503458586
2005-07-26,-0.010518268539778719,0,0,0.0,0.9956883319049086,-0.04874911503458586
2005-07-27,-0.011214532146692546,0,0,-0.0,0.9956883319049086,-0.04874911503458586
2005-07-28,-0.009843140004320855,0,0,0.0,0.9956883319049086,-0.04874911503458586
2005-07-29,-0.013390892109717778,0,0,-0.0,0.9956883319049086,-0.04874911503458586
2005-08-01,-0.014564412804319127,0,0,-0.0,0.9956883319049086,-0.04874911503458586
2005-08-02,-0.014187234660941427,0,0,-0.0,0.9956883319049086,-0.04874911503458586
2005-08-03,-0.011950948101453607,0,0,0.0,0.9956883319049086,-0.04874911503458586
2005-08-04,-0.0127104371229593,0,0,-0.0,0.9956883319049086,-0.04874911503458586
2005-08-05,-0.015171547356773469,0,0,-0.0,0.9956883319049086,-0.04874911503458586
2005-08-08,-0.016435090260620098,0,0,-0.0,0.9956883319049086,-0.04874911503458586
2005-08-09,-0.01524767309758535,0,0,0.0,0.9956883319049086,-0.04874911503458586
2005-08-10,-0.015017989507080342,0,0,0.0,0.9956883319049086,-0.04874911503458586
2005-08-11,-0.012610138513386132,0,0,0.0,0.9956883319049086,-0.04874911503458586
2005-08-12,-0.010989554254228626,0,0,0.0,0.9956883319049086,-0.04874911503458586
2005-08-15,-0.01127623491478452,0,0,-0.0,0.9956883319049086,-0.04874911503458586
2005-08-16,-0.008883579587435797,0,0,0.0,0.9956883319049086,-0.04874911503458586
2005-08-17,-0.01020733696857119,0,0,-0.0,0.9956883319049086,-0.04874911503458586
2005-08-18,-0.008305883329748475,0,0,0.0,0.9956883319049086,-0.04874911503458586
2005-08-19,-0.008678303180569402,0,0,-0.0,0.9956883319049086,-0.04874911503458586
2005-08-22,-0.008216711596831353,0,0,0.0,0.9956883319049086,-0.04874911503458586
2005-08-23,-0.007395253220134573,0,0,0.0,0.9956883319049086,-0.04874911503458586
2005-08-24,-0.00841909690333461,0,0,0.0,0.9956883319049086,-0.04874911503458586
2005-08-25,-0.009735435156479299,0,0,0.0,0.9956883319049086,-0.04874911503458586
2005-08-26,-0.010067171967899413,0,0,-0.0,0.9956883319049086,-0.04874911503458586
2005-08-29,-0.007859375169900817,0,0,0.0,0.9956883319049086,-0.04874911503458586
2005-08-30,-0.004338605105361914,0,0,0.0,0.9956883319049086,-0.04874911503458586
2005-08-31,0.0002769055627206197,0,0,0.0,0.9956883319049086,-0.04874911503458586
2005-09-01,0.0024204180155797837,0,0,0.0,0.9956883319049086,-0.04874911503458586
2005-09-02,0.0028110145318835534,0,0,-0.0,0.9956883319049086,-0.04874911503458586
2005-09-06,0.00203455794539657,0,0,-0.0,0.9956883319049086,-0.04874911503458586
2005-09-07,0.0001642314094071561,0,0,-0.0,0.9956883319049086,-0.04874911503458586
2005-09-08,0.00020902393179221242,0,0,-0.0,0.9956883319049086,-0.04874911503458586
2005-09-09,0.0002249403487272262,0,0,0.0,0.9956883319049086,-0.04874911503458586
2005-09-12,-0.0004298723132358409,0,0,-0.0,0.9956883319049086,-0.04874911503458586
2005-09-13,0.0015273953220952428,0,0,0.0,0.9956883319049086,-0.04874911503458586
2005-09-14,0.0007407666168323165,0,0,-0.0,0.9956883319049086,-0.04874911503458586
2005-09-15,-0.0003102849966349964,0,0,-0.0,0.9956883319049086,-0.04874911503458586
2005-09-16,-0.004037489596549681,0,0,-0.0,0.9956883319049086,-0.04874911503458586
2005-09-19,-0.002868245551631137,0,0,0.0,0.9956883319049086,-0.04874911503458586
2005-09-20,-0.005002860688852262,0,0,-0.0,0.9956883319049086,-0.04874911503458586
2005-09-21,-0.00486239268034862,0,0,0.0,0.9956883319049086,-0.04874911503458586
2005-09-22,-0.003733923515842968,0,0,0.0,0.9956883319049086,-0.04874911503458586
2005-09-23,-0.006219986400017263,0,0,-0.0,0.9956883319049086,-0.04874911503458586
2005-09-26,-0.008212991191513086,0,0,-0.0,0.9956883319049086,-0.04874911503458586
2005-09-27,-0.007773603566856607,0,0,-0.0,0.9956883319049086,-0.04874911503458586
2005-09-28,-0.006245023676995548,0,0,0.0,0.9956883319049086,-0.04874911503458586
2005-09-29,-0.008778089557239938,0,0,-0.0,0.9956883319049086,-0.04874911503458586
2005-09-30,-0.011851377042098786,0,0,-0.0,0.9956883319049086,-0.04874911503458586
2005-10-03,-0.01294869208208197,0,0,-0.0,0.9956883319049086,-0.04874911503458586
2005-10-04,-0.012901880241157893,0,0,0.0,0.9956883319049086,-0.04874911503458586
2005-10-05,-0.01277472768602017,0,0,0.0,0.9956883319049086,-0.04874911503458586
2005-10-06,-0.012666536329356562,0,0,0.0,0.9956883319049086,-0.04874911503458586
2005-10-07,-0.013013389377261764,0,0,0.0,0.9956883319049086,-0.04874911503458586
2005-10-10,-0.012205140146163519,0,0,0.0,0.9956883319049086,-0.04874911503458586
2005-10-11,-0.011665121051349297,0,0,-0.0,0.9956883319049086,-0.04874911503458586
2005-10-12,-0.013847960026343635,0,0,-0.0,0.9956883319049086,-0.04874911503458586
2005-10-13,-0.014018320892927975,0,0,-0.0,0.9956883319049086,-0.04874911503458586
2005-10-14,-0.013326219346489481,0,0,-0.0,0.9956883319049086,-0.04874911503458586
2005-10-17,-0.014423545860784459,0,0,-0.0,0.9956883319049086,-0.04874911503458586
2005-10-18,-0.014283923402194226,0,0,0.0,0.9956883319049086,-0.04874911503458586
2005-10-19,-0.012756976121137359,0,0,0.0,0.9956883319049086,-0.04874911503458586
2005-10-20,-0.01284654640930759,0,0,-0.0,0.9956883319049086,-0.04874911503458586
2005-10-21,-0.010653095789841471,0,0,0.0,0.9956883319049086,-0.04874911503458586
2005-10-24,-0.011577998533031143,0,0,-0.0,0.9956883319049086,-0.04874911503458586
2005-10-25,-0.013544985645058493,0,0,-0.0,0.9956883319049086,-0.04874911503458586
2005-10-26,-0.014551695815071396,0,0,-0.0,0.9956883319049086,-0.04874911503458586
2005-10-27,-0.013512170788131442,0,0,0.0,0.9956883319049086,-0.04874911503458586
2005-10-28,-0.014229009824640891,0,0,-0.0,0.9956883319049086,-0.04874911503458586
2005-10-31,-0.013489575858900087,0,0,0.0,0.9956883319049086,-0.04874911503458586
2005-11-01,-0.014046793165369435,0,0,-0.0,0.9956883319049086,-0.04874911503458586
2005-11-02,-0.015375149406910043,0,0,-0.0,0.9956883319049086,-0.04874911503458586
2005-11-03,-0.016769876532749868,0,0,-0.0,0.9956883319049086,-0.04874911503458586
2005-11-04,-0.01777079493582321,0,0,-0.0,0.9956883319049086,-0.04874911503458586
2005-11-07,-0.018560175852002633,0,0,0.0,0.9956883319049086,-0.04874911503458586
2005-11-08,-0.015167266449543897,0,0,0.0,0.9956883319049086,-0.04874911503458586
2005-11-09,-0.01690734545525871,0,0,-0.0,0.9956883319049086,-0.04874911503458586
2005-11-10,-0.014842878777533718,0,0,0.0,0.9956883319049086,-0.04874911503458586
2005-11-11,-0.015890264233944584,0,0,0.0,0.9956883319049086,-0.04874911503458586
2005-11-14,-0.01723845289351215,0,0,-0.0,0.9956883319049086,-0.04874911503458586
2005-11-15,-0.016432151872165224,0,0,0.0,0.9956883319049086,-0.04874911503458586
2005-11-16,-0.014541234282631163,0,0,0.0,0.9956883319049086,-0.04874911503458586
2005-11-17,-0.014118698489804864,0,0,0.0,0.9956883319049086,-0.04874911503458586
2005-11-18,-0.017365439490891536,0,0,-0.0,0.9956883319049086,-0.04874911503458586
2005-11-21,-0.015114541185493413,0,0,0.0,0.9956883319049086,-0.04874911503458586
2005-11-22,-0.012365329785847472,0,0,0.0,0.9956883319049086,-0.04874911503458586
2005-11-23,-0.014811864785524497,0,0,-0.0,0.9956883319049086,-0.04874911503458586
2005-11-25,-0.015812283129814347,0,0,0.0,0.9956883319049086,-0.04874911503458586
2005-11-28,-0.015573334533039856,0,0,0.0,0.9956883319049086,-0.04874911503458586
2005-11-29,-0.01708289738677475,0,0,-0.0,0.9956883319049086,-0.04874911503458586
2005-11-30,-0.014203229208822676,0,0,0.0,0.9956883319049086,-0.04874911503458586
2005-12-01,-0.01394590256113824,0,0,-0.0,0.9956883319049086,-0.04874911503458586
2005-12-02,-0.013376136016392764,0,0,0.0,0.9956883319049086,-0.04874911503458586
2005-12-05,-0.014592826481384717,0,0,-0.0,0.9956883319049086,-0.04874911503458586
2005-12-06,-0.01221503926948763,0,0,0.0,0.9956883319049086,-0.04874911503458586
2005-12-07,-0.013167429658659063,0,0,-0.0,0.9956883319049086,-0.04874911503458586
2005-12-08,-0.010294573576578175,0,0,0.0,0.9956883319049086,-0.04874911503458586
2005-12-09,-0.0128467778466757,0,0,-0.0,0.9956883319049086,-0.04874911503458586
2005-12-12,-0.01417083407322796,0,0,-0.0,0.9956883319049086,-0.04874911503458586
2005-12-13,-0.013606263501795971,0,0,0.0,0.9956883319049086,-0.04874911503458586
2005-12-14,-0.01134185365846288,0,0,0.0,0.9956883319049086,-0.04874911503458586
2005-12-15,-0.012326880633347574,0,0,-0.0,0.9956883319049086,-0.04874911503458586
2005-12-16,-0.011246451250272361,0,0,0.0,0.9956883319049086,-0.04874911503458586
2005-12-19,-0.010202688350643313,0,0,-0.0,0.9956883319049086,-0.04874911503458586
2005-12-20,-0.011048501830848972,0,0,-0.0,0.9956883319049086,-0.04874911503458586
2005-12-21,-0.010707927027375946,0,0,-0.0,0.9956883319049086,-0.04874911503458586
2005-12-22,-0.008361548264951169,0,0,0.0,0.9956883319049086,-0.04874911503458586
2005-12-23,-0.007073708495555369,0,0,0.0,0.9956883319049086,-0.04874911503458586
2005-12-27,-0.006049252868715842,0,0,0.0,0.9956883319049086,-0.04874911503458586
2005-12-28,-0.005246142309584862,0,0,-0.0,0.9956883319049086,-0.04874911503458586
2005-12-29,-0.00552740327382119,0,0,-0.0,0.9956883319049086,-0.04874911503458586
2005-12-30,-0.005845223871554589,0,0,-0.0,0.9956883319049086,-0.04874911503458586
2006-01-03,-0.003941033745681421,0,0,0.0,0.9956883319049086,-0.04874911503458586
2006-01-04,-0.0031352237237717018,0,0,0.0,0.9956883319049086,-0.04874911503458586
2006-01-05,-0.0035536879991064693,0,0,-0.0,0.9956883319049086,-0.04874911503458586
2006-01-06,-0.0036514572878538765,0,0,-0.0,0.9956883319049086,-0.04874911503458586
2006-01-09,-0.003501916914485181,0,0,0.0,0.9956883319049086,-0.04874911503458586
2006-01-10,-0.004517127207656996,0,0,-0.0,0.9956883319049086,-0.04874911503458586
2006-01-11,-0.004618498842026536,0,0,-0.0,0.9956883319049086,-0.04874911503458586
2006-01-12,-0.0033327699230167817,0,0,0.0,0.9956883319049086,-0.04874911503458586
2006-01-13,-0.0016478103113509001,0,0,0.0,0.9956883319049086,-0.04874911503458586
2006-01-17,-0.0011783392075904286,0,0,0.0,0.9956883319049086,-0.04874911503458586
2006-01-18,-0.0010392704863067868,0,0,-0.0,0.9956883319049086,-0.04874911503458586
2006-01-19,-0.004091260328189561,0,0,-0.0,0.9956883319049086,-0.04874911503458586
2006-01-20,-0.001906813299957699,0,0,0.0,0.9956883319049086,-0.04874911503458586
2006-01-23,-0.0004017210755349668,0,0,0.0,0.9956883319049086,-0.04874911503458586
2006-01-24,-0.0008739958823351214,0,0,-0.0,0.9956883319049086,-0.04874911503458586
2006-01-25,-0.004443978080739946,0,0,-0.0,0.9956883319049086,-0.04874911503458586
2006-01-26,-0.005283255519100904,0,0,-0.0,0.9956883319049086,-0.04874911503458586
2006-01-27,-0.003881465447551974,0,0,0.0,0.9956883319049086,-0.04874911503458586
2006-01-30,-0.004028139028002892,0,0,-0.0,0.9956883319049086,-0.04874911503458586
2006-01-31,-0.003685252830957858,0,0,0.0,0.9956883319049086,-0.04874911503458586
2006-02-01,-0.005043317756704346,0,0,-0.0,0.9956883319049086,-0.04874911503458586
2006-02-02,-0.005380876154222124,0,0,-0.0,0.9956883319049086,-0.04874911503458586
2006-02-03,-0.0056600798391825856,0,0,0.0,0.9956883319049086,-0.04874911503458586
2006-02-06,-0.00637224732119132,0,0,-0.0,0.9956883319049086,-0.04874911503458586
2006-02-07,-0.006366235284882232,0,0,-0.0,0.9956883319049086,-0.04874911503458586
2006-02-08,-0.007356062650148853,0,0,-0.0,0.9956883319049086,-0.04874911503458586
2006-02-09,-0.007785629930009462,0,0,0.0,0.9956883319049086,-0.04874911503458586
2006-02-10,-0.008525238180095518,0,0,-0.0,0.9956883319049086,-0.04874911503458586
2006-02-13,-0.009043608299407545,0,0,0.0,0.9956883319049086,-0.04874911503458586
2006-02-14,-0.011073299721003963,0,0,-0.0,0.9956883319049086,-0.04874911503458586
2006-02-15,-0.011566451763955665,0,0,0.0,0.9956883319049086,-0.04874911503458586
2006-02-16,-0.010730039721385054,0,0,0.0,0.9956883319049086,-0.04874911503458586
2006-02-17,-0.008951537061414888,0,0,0.0,0.9956883319049086,-0.04874911503458586
2006-02-21,-0.010124996810070612,0,0,-0.0,0.9956883319049086,-0.04874911503458586
2006-02-22,-0.009951519600295671,0,0,0.0,0.9956883319049086,-0.04874911503458586
2006-02-23,-0.012727385701293864,0,0,-0.0,0.9956883319049086,-0.04874911503458586
2006-02-24,-0.01332410613032056,0,0,0.0,0.9956883319049086,-0.04874911503458586
2006-02-27,-0.012937456852954232,0,0,-0.0,0.9956883319049086,-0.04874911503458586
2006-02-28,-0.009660357604440582,0,0,0.0,0.9956883319049086,-0.04874911503458586
2006-03-01,-0.010006728280137295,0,0,-0.0,0.9956883319049086,-0.04874911503458586
2006-03-02,-0.010714648874888828,0,0,-0.0,0.9956883319049086,-0.04874911503458586
2006-03-03,-0.011679730061737196,0,0,-0.0,0.9956883319049086,-0.04874911503458586
2006-03-06,-0.012836272979004386,0,0,-0.0,0.9956883319049086,-0.04874911503458586
2006-03-07,-0.01293818275405872,0,0,0.0,0.9956883319049086,-0.04874911503458586
2006-03-08,-0.013064616694368586,0,0,0.0,0.9956883319049086,-0.04874911503458586
2006-03-09,-0.011310003328368106,0,0,0.0,0.9956883319049086,-0.04874911503458586
2006-03-10,-0.011400188978631936,0,0,-0.0,0.9956883319049086,-0.04874911503458586
2006-03-13,-0.012203438847209834,0,0,-0.0,0.9956883319049086,-0.04874911503458586
2006-03-14,-0.010290247254913305,0,0,0.0,0.9956883319049086,-0.04874911503458586
2006-03-15,-0.011361235747137632,0,0,-0.0,0.9956883319049086,-0.04874911503458586
2006-03-16,-0.008744705477366277,0,0,0.0,0.9956883319049086,-0.04874911503458586
2006-03-17,-0.008406157556142024,0,0,-0.0,0.9956883319049086,-0.04874911503458586
2006-03-20,-0.007665134066585621,0,0,0.0,0.9956883319049086,-0.04874911503458586
2006-03-21,-0.009259721523418496,0,0,-0.0,0.9956883319049086,-0.04874911503458586
2006-03-22,-0.00996497646890318,0,0,0.0,0.9956883319049086,-0.04874911503458586
2006-03-23,-0.011240539624819279,0,0,-0.0,0.9956883319049086,-0.04874911503458586
2006-03-24,-0.00926032985497846,0,0,0.0,0.9956883319049086,-0.04874911503458586
2006-03-27,-0.008994071604329423,0,0,-0.0,0.9956883319049086,-0.04874911503458586
2006-03-28,-0.012247658430639612,0,0,-0.0,0.9956883319049086,-0.04874911503458586
2006-03-29,-0.013154999554948003,0,0,-0.0,0.9956883319049086,-0.04874911503458586
2006-03-30,-0.014948434136474262,0,0,-0.0,0.9956883319049086,-0.04874911503458586
2006-03-31,-0.0146755441701972,0,0,0.0,0.9956883319049086,-0.04874911503458586
2006-04-03,-0.015300277502747438,0,0,-0.0,0.9956883319049086,-0.04874911503458586
2006-04-04,-0.013819605031392363,0,0,0.0,0.9956883319049086,-0.04874911503458586
2006-04-05,-0.012326576641035276,0,0,0.0,0.9956883319049086,-0.04874911503458586
2006-04-06,-0.012704074823553263,0,0,-0.0,0.9956883319049086,-0.04874911503458586
2006-04-07,-0.013970194583121164,0,0,-0.0,0.9956883319049086,-0.04874911503458586
2006-04-10,-0.01450576830568609,0,0,0.0,0.9956883319049086,-0.04874911503458586
2006-04-11,-0.015166215054032681,0,0,0.0,0.9956883319049086,-0.04874911503458586
2006-04-12,-0.01648837990091247,0,0,-0.0,0.9956883319049086,-0.04874911503458586
2006-04-13,-0.018478359458706073,0,0,-0.0,0.9956883319049086,-0.04874911503458586
2006-04-17,-0.017389675481696933,0,0,0.0,0.9956883319049086,-0.04874911503458586
2006-04-18,-0.015390862394991194,0,0,0.0,0.9956883319049086,-0.04874911503458586
2006-04-19,-0.01583530048730479,0,0,-0.0,0.9956883319049086,-0.04874911503458586
2006-04-20,-0.0144254093585777,0,0,-0.0,0.9956883319049086,-0.04874911503458586
2006-04-21,-0.013277247050420198,0,0,0.0,0.9956883319049086,-0.04874911503458586
2006-04-24,-0.012436096031445286,0,0,0.0,0.9956883319049086,-0.04874911503458586
2006-04-25,-0.014882383913943868,0,0,-0.0,0.9956883319049086,-0.04874911503458586
2006-04-26,-0.015240509925570203,0,0,-0.0,0.9956883319049086,-0.04874911503458586
2006-04-27,-0.013365685560252603,0,0,0.0,0.9956883319049086,-0.04874911503458586
2006-04-28,-0.011205274407369136,0,0,0.0,0.9956883319049086,-0.04874911503458586
2006-05-01,-0.013143240517459957,0,0,-0.0,0.9956883319049086,-0.04874911503458586
2006-05-02,-0.013083978079894603,0,0,0.0,0.9956883319049086,-0.04874911503458586
2006-05-03,-0.01442094179633404,0,0,-0.0,0.9956883319049086,-0.04874911503458586
2006-05-04,-0.014125163164747285,0,0,-0.0,0.9956883319049086,-0.04874911503458586
2006-05-05,-0.013265847472926244,0,0,0.0,0.9956883319049086,-0.04874911503458586
2006-05-08,-0.013784655002235635,0,0,-0.0,0.9956883319049086,-0.04874911503458586
2006-05-09,-0.012740849806137083,0,0,-0.0,0.9956883319049086,-0.04874911503458586
2006-05-10,-0.013751202362730836,0,0,-0.0,0.9956883319049086,-0.04874911503458586
2006-05-11,-0.014388601081771413,0,0,-0.0,0.9956883319049086,-0.04874911503458586
2006-05-12,-0.015949634116166855,0,0,-0.0,0.9956883319049086,-0.04874911503458586
2006-05-15,-0.015143090555398368,0,0,0.0,0.9956883319049086,-0.04874911503458586
2006-05-16,-0.014971131745700687,0,0,0.0,0.9956883319049086,-0.04874911503458586
2006-05-17,-0.015882312090090545,0,0,-0.0,0.9956883319049086,-0.04874911503458586
2006-05-18,-0.01347105949816818,0,0,0.0,0.9956883319049086,-0.04874911503458586
2006-05-19,-0.013511316709487506,0,0,0.0,0.9956883319049086,-0.04874911503458586
2006-05-22,-0.012933290792566169,0,0,0.0,0.9956883319049086,-0.04874911503458586
2006-05-23,-0.012304629487333501,0,0,-0.0,0.9956883319049086,-0.04874911503458586
2006-05-24,-0.012144100635458871,0,0,0.0,0.9956883319049086,-0.04874911503458586
2006-05-25,-0.012753050167590589,0,0,-0.0,0.9956883319049086,-0.04874911503458586
2006-05-26,-0.011717619476467316,0,0,0.0,0.9956883319049086,-0.04874911503458586
2006-05-30,-0.011663000286884828,0,0,-0.0,0.9956883319049086,-0.04874911503458586
2006-05-31,-0.011553616481577166,0,0,0.0,0.9956883319049086,-0.04874911503458586
2006-06-01,-0.010934889177059925,0,0,0.0,0.9956883319049086,-0.04874911503458586
2006-06-02,-0.0073141277586659835,0,0,0.0,0.9956883319049086,-0.04874911503458586
2006-06-05,-0.008546947444147872,0,0,-0.0,0.9956883319049086,-0.04874911503458586
2006-06-06,-0.008248653764887048,0,0,0.0,0.9956883319049086,-0.04874911503458586
2006-06-07,-0.009070374278395549,0,0,-0.0,0.9956883319049086,-0.04874911503458586
2006-06-08,-0.010140199101250635,0,0,0.0,0.9956883319049086,-0.04874911503458586
2006-06-09,-0.009787774098410812,0,0,0.0,0.9956883319049086,-0.04874911503458586
2006-06-12,-0.010849691601954847,0,0,-0.0,0.9956883319049086,-0.04874911503458586
2006-06-13,-0.009817039418190704,0,0,0.0,0.9956883319049086,-0.04874911503458586
2006-06-14,-0.013211815567591788,0,0,-0.0,0.9956883319049086,-0.04874911503458586
2006-06-15,-0.012846830958023059,0,0,-0.0,0.9956883319049086,-0.04874911503458586
2006-06-16,-0.014375746930084154,0,0,-0.0,0.9956883319049086,-0.04874911503458586
2006-06-19,-0.015231812032948587,0,0,-0.0,0.9956883319049086,-0.04874911503458586
2006-06-20,-0.017204565572003415,0,0,-0.0,0.9956883319049086,-0.04874911503458586
2006-06-21,-0.016019238199870535,0,0,0.0,0.9956883319049086,-0.04874911503458586
2006-06-22,-0.016633610049120617,0,0,-0.0,0.9956883319049086,-0.04874911503458586
2006-06-23,-0.01667863924713601,0,0,-0.0,0.9956883319049086,-0.04874911503458586
2006-06-26,-0.017012296199015193,0,0,-0.0,0.9956883319049086,-0.04874911503458586
2006-06-27,-0.016435131284737177,0,0,0.0,0.9956883319049086,-0.04874911503458586
2006-06-28,-0.017296141430582848,0,0,-0.0,0.9956883319049086,-0.04874911503458586
2006-06-29,-0.015009508783115891,0,0,0.0,0.9956883319049086,-0.04874911503458586
2006-06-30,-0.013806694122661462,0,0,0.0,0.9956883319049086,-0.04874911503458586
2006-07-03,-0.01303857961007448,0,0,-0.0,0.9956883319049086,-0.04874911503458586
2006-07-05,-0.0139100531715596,0,0,-0.0,0.9956883319049086,-0.04874911503458586
2006-07-06,-0.013388145353659401,0,0,0.0,0.9956883319049086,-0.04874911503458586
2006-07-07,-0.012768847226673551,0,0,0.0,0.9956883319049086,-0.04874911503458586
2006-07-10,-0.012479561618177742,0,0,0.0,0.9956883319049086,-0.04874911503458586
2006-07-11,-0.010727154269442069,0,0,0.0,0.9956883319049086,-0.04874911503458586
2006-07-12,-0.011107621084656953,0,0,-0.0,0.9956883319049086,-0.04874911503458586
2006-07-13,-0.009831286961291014,0,0,0.0,0.9956883319049086,-0.04874911503458586
2006-07-14,-0.00836563356980497,0,0,0.0,0.9956883319049086,-0.04874911503458586
2006-07-17,-0.008206686774389616,0,0,-0.0,0.9956883319049086,-0.04874911503458586
2006-07-18,-0.009580031530089843,0,0,-0.0,0.9956883319049086,-0.04874911503458586
2006-07-19,-0.006628069933815595,0,0,0.0,0.9956883319049086,-0.04874911503458586
2006-07-20,-0.004067646442807504,0,0,0.0,0.9956883319049086,-0.04874911503458586
2006-07-21,-0.00333725402592987,0,0,-0.0,0.9956883319049086,-0.04874911503458586
2006-07-24,-0.004054539632900289,0,0,-0.0,0.9956883319049086,-0.04874911503458586
2006-07-25,-0.004595317215695888,0,0,-0.0,0.9956883319049086,-0.04874911503458586
2006-07-26,-0.003007927472259075,0,0,0.0,0.9956883319049086,-0.04874911503458586
2006-07-27,-0.0033772686046512953,0,0,0.0,0.9956883319049086,-0.04874911503458586
2006-07-28,-0.000955947367528753,0,0,0.0,0.9956883319049086,-0.04874911503458586
2006-07-31,-0.0006701090860657232,0,0,0.0,0.9956883319049086,-0.04874911503458586
2006-08-01,-0.0003168675044815828,0,0,0.0,0.9956883319049086,-0.04874911503458586
2006-08-02,0.0004303317420836731,0,0,0.0,0.9956883319049086,-0.04874911503458586
2006-08-03,0.0006158825094028761,0,0,-0.0,0.9956883319049086,-0.04874911503458586
2006-08-04,0.002414527890056528,0,0,0.0,0.9956883319049086,-0.04874911503458586
2006-08-07,0.0018123311551898054,0,0,-0.0,0.9956883319049086,-0.04874911503458586
2006-08-08,0.0025260438224236456,0,0,0.0,0.9956883319049086,-0.04874911503458586
2006-08-09,0.0018428168983069095,0,0,-0.0,0.9956883319049086,-0.04874911503458586
2006-08-10,0.0006602301218073927,0,0,-0.0,0.9956883319049086,-0.04874911503458586
2006-08-11,-0.0001727418427975914,0,0,-0.0,0.9956883319049086,-0.04874911503458586
2006-08-14,-0.0029533021660223258,0,0,-0.0,0.9956883319049086,-0.04874911503458586
2006-08-15,-0.0003986526145601187,0,0,0.0,0.9956883319049086,-0.04874911503458586
2006-08-16,0.000722823939649586,0,0,0.0,0.9956883319049086,-0.04874911503458586
2006-08-17,0.0009846868187323382,0,0,-0.0,0.9956883319049086,-0.04874911503458586
2006-08-18,0.0009278441698387981,0,0,0.0,0.9956883319049086,-0.04874911503458586
2006-08-21,0.0023403793809474716,0,0,0.0,0.9956883319049086,-0.04874911503458586
2006-08-22,0.002778871044054149,0,0,0.0,0.9956883319049086,-0.04874911503458586
2006-08-23,0.0031895374232905945,0,0,-0.0,0.9956883319049086,-0.04874911503458586
2006-08-24,0.0036531822373221117,0,0,0.0,0.9956883319049086,-0.04874911503458586
2006-08-25,0.0035761086223929143,0,0,0.0,0.9956883319049086,-0.04874911503458586
2006-08-28,0.0016531263346741703,0,0,-0.0,0.9956883319049086,-0.04874911503458586
2006-08-29,0.0026003913624180913,0,0,0.0,0.9956883319049086,-0.04874911503458586
2006-08-30,0.003837406179076891,0,0,0.0,0.9956883319049086,-0.04874911503458586
2006-08-31,0.006001427596970222,0,0,0.0,0.9956883319049086,-0.04874911503458586
2006-09-01,0.004942892811130362,1,0,0.0,0.9956883319049086,-0.04874911503458586
2006-09-05,0.0035607824069767255,0,1,-0.0015039101664325871,0.9941909060999585,-0.0501797109113133
2006-09-06,0.0018685955830835374,0,0,-0.0,0.9941909060999585,-0.0501797109113133
2006-09-07,0.0023569453529240715,0,0,0.0,0.9941909060999585,-0.0501797109113133
2006-09-08,0.004492281066571302,0,0,0.0,0.9941909060999585,-0.0501797109113133
2006-09-11,0.005051956081046598,0,0,-0.0,0.9941909060999585,-0.0501797109113133
2006-09-12,0.006345658676202442,1,0,0.0,0.9941909060999585,-0.0501797109113133
2006-09-13,0.007088194062017199,1,1,0.0003011745808654265,0.9944903311294034,-0.049893649183849496
2006-09-14,0.005311304274025602,1,1,-0.001103974307506972,0.9933924393547725,-0.0509425421845497
2006-09-15,0.005473105035041869,1,1,-0.00040188887772540927,0.9929932059821793,-0.05132395782116807
2006-09-18,0.006114613998535595,1,1,-0.0006030756859984887,0.9923943559232898,-0.051896081276095345
2006-09-19,0.009339587858022323,1,1,0.00271547822588758,0.9950891811882933,-0.0493215257289219
2006-09-20,0.009775052606408081,1,1,0.0,0.9950891811882933,-0.0493215257289219
2006-09-21,0.012525152028017222,1,1,0.003109327983951804,0.9981832398258897,-0.046365554545130194
2006-09-22,0.014957466129223768,1,1,0.0016998300169983604,0.9998799816594105,-0.04474453808950239
2006-09-25,0.01526089491913708,1,1,0.0010980235575963615,1.0009778734340415,-0.043695645088802075
2006-09-26,0.013128167629758502,1,1,-0.0010968192242496455,0.9998799816594106,-0.04474453808950228
2006-09-27,0.013663184758153635,1,1,-9.982032341793179e-05,0.9997801733162622,-0.044839891998656956
2006-09-28,0.014452744907885229,1,1,-0.0007986423080762473,0.9989817065710761,-0.04560272327189347
2006-09-29,0.013316647605557617,1,1,-0.0003996403237087609,0.9985824731984829,-0.04598413890851183
2006-10-02,0.013388086867741799,1,1,0.001099450274862468,0.9996803649731139,-0.04493524590781162
2006-10-03,0.01411010017013351,1,1,9.984025559117704e-05,0.9997801733162622,-0.044839891998656956
2006-10-04,0.01650926902432247,1,1,0.0019966057701907847,1.001776340179228,-0.04293281381556535
2006-10-05,0.013993269887811422,1,1,-0.0017933645511607477,0.9999797900025589,-0.04464918418034772
2006-10-06,0.009907924178315661,1,1,-0.003094121169777475,0.9968857313649623,-0.04760515536413953
2006-10-09,0.010554357827461601,1,1,0.0,0.9968857313649623,-0.04760515536413953
2006-10-10,0.009095662523377667,1,1,-0.002002402883459986,0.994889564501997,-0.04951223354723082
2006-10-11,0.008101754538924581,1,1,-0.001504815409309801,0.9933924393547728,-0.05094254218454939
2006-10-12,0.007539404687324746,1,1,0.00040188887772529824,0.9937916727273659,-0.05056112654793113
2006-10-13,0.0070496102762545865,1,1,-0.0009038867128652317,0.9928933976390315,-0.05141931173032221
2006-10-16,0.008429472031457995,1,1,0.0006031363088057073,0.9934922476979211,-0.05084718827539482
2006-10-17,0.008072535814353415,1,1,0.0005023106288928325,0.9939912894136624,-0.050370418729622
2006-10-18,0.008363322561345272,1,1,0.00020082337584081955,0.9941909060999589,-0.05017971091131298
2006-10-19,0.007642260355342022,1,1,-0.0006023491617307419,0.9935920560410693,-0.05075183436624037
2006-10-20,0.007062131493334899,1,1,-0.000100452034153653,0.993492247697921,-0.05084718827539493
2006-10-23,0.004811909708398109,1,1,-0.0014064697609001975,0.9920949308938452,-0.05218214300355894
2006-10-24,0.005259477169783227,0,1,0.0,0.9920949308938452,-0.05218214300355894
2006-10-25,0.006033851287956476,1,0,0.0,0.9920949308938452,-0.05218214300355894
2006-10-26,0.008111843284110985,1,1,0.001908396946564972,0.9939882418306656,-0.050373330299367136
2006-10-27,0.010235125192747906,1,1,0.001704260651629097,0.9956822568793996,-0.04875491893245875
2006-10-30,0.009204479548258027,1,1,-0.00010008006405126668,0.9955826089353564,-0.0488501196011004
2006-10-31,0.011679798263876788,1,1,0.002402161945751269,0.9979741595923928,-0.04656530355370024
2006-11-01,0.013153760845458011,1,1,0.0016974538192708888,0.9996681746411266,-0.04494689218679206
2006-11-02,0.012280095434662198,1,1,-0.0009968102073364404,0.9986716952006949,-0.045898898873208686
2006-11-03,0.007465951165334332,1,1,-0.004589902215126673,0.9940878897747089,-0.05027812963072538
2006-11-06,0.0083455085613236,1,1,0.000200481154771337,0.9942871856627951,-0.050087728293442185
2006-11-07,0.0103098324200957,1,1,0.001703748246141501,0.9959812007115291,-0.0484693169265338
2006-11-08,0.010456986494764753,1,1,0.0010005002501249916,0.9969776801519608,-0.047517310240117176
2006-11-09,0.009255035324064563,1,1,-9.995002498741634e-05,0.9968780322079177,-0.047612510908758725
2006-11-10,0.011412467367433243,1,1,0.0011995201919230425,0.9980738075364356,-0.04647010288505891
2006-11-13,0.00954392988912276,1,1,-0.0007987220447284171,0.9972766239840902,-0.047231708234192225
2006-11-14,0.010954777503498936,1,1,0.0010991207034372064,0.9983727513685651,-0.046184500879133956
2006-11-15,0.008602922978534155,1,1,-0.0019962072063079983,0.9963797924877016,-0.0480885142519673
2006-11-16,0.008016947740161273,1,1,-0.0014001400140014608,0.994984721271097,-0.049421323612950735
2006-11-17,0.009717708481376031,1,1,0.0023034551827743055,0.9972766239840902,-0.047231708234192225
2006-11-20,0.009972756066132881,1,1,0.00019984012789753258,0.9974759198721764,-0.04704130689690903
2006-11-21,0.008803815278001881,1,1,0.0004995004995005381,0.9979741595923923,-0.046565303553700664
2006-11-22,0.00979460971095536,1,1,0.00039940089865186934,0.9983727513685648,-0.046184500879134165
2006-11-24,0.00975998912513638,1,1,0.0005988621618924217,0.9989706390328239,-0.04561329686728415
2006-11-27,0.009518361122478813,1,1,0.00039900249376567665,0.9993692308089966,-0.045232494192717444
2006-11-28,0.009710178571724048,1,1,0.0010968192242497565,1.0004653581934717,-0.04418528683765896
2006-11-29,0.009436934623993762,1,1,-0.0004980079681276006,0.9999671184732557,-0.04466129018086743
2006-11-30,0.014643305924868066,1,1,0.005181863477827786,1.005148811563501,-0.03971085541150051
2006-12-01,0.016610634723474238,1,1,0.002081887578070818,1.0072414183884077,-0.03771164137002541
2006-12-04,0.018087034788826672,1,1,-0.00019786307874947173,1.0070421225003214,-0.03790204270730871
2006-12-05,0.018981628765160533,1,1,-9.895111814772761e-05,1.0069424745562783,-0.03799724337595036
2006-12-06,0.016760306102974395,1,1,-0.0016823354774864185,1.0052484595075444,-0.03961565474285864
2006-12-07,0.016495352295728592,1,1,0.0,1.0052484595075444,-0.03961565474285864
2006-12-08,0.013981296895952343,1,1,-0.002874702616970537,1.0023586691302924,-0.04237647413346695
2006-12-11,0.015131363664989895,1,1,0.0009941346058255363,1.003355148570724,-0.041424467447050445
2006-12-12,0.017406879142782092,1,1,0.001390406197238958,1.0047502197873284,-0.040091658086067114
2006-12-13,0.013490100958653006,1,1,-0.0031736586333431793,1.0015614855779469,-0.04313807948260037
2006-12-14,0.01273548254137039,1,1,-0.000795940702417619,1.0007643020256016,-0.043899684831733586
2006-12-15,0.011607903834813194,1,1,9.957184108322359e-05,1.0008639499696448,-0.043804484163091933
2006-12-18,0.011284716655942672,1,1,0.00019912385503784158,1.001063245857731,-0.04361408282580863
2006-12-19,0.01003598624487788,1,1,-0.0002986263189327376,1.0007643020256018,-0.04389968483173337
2006-12-20,0.009554950154305375,1,1,9.957184108322359e-05,1.000863949969645,-0.04380448416309172
2006-12-21,0.01172609303017038,1,1,0.0017921146953405742,1.0026576129624223,-0.042090872127541576
2006-12-22,0.01035927538294473,1,1,-0.0025839793281654533,1.0000667664172997,-0.04456608951222493
2006-12-26,0.010248095250110577,1,1,0.0004982064567555788,1.0005650061375155,-0.044090086169016676
2006-12-27,0.006819624309750233,1,1,-0.001991833482720917,0.9985720472566519,-0.045994099541850124
2006-12-28,0.005478470065441559,1,1,-0.0012972757209859243,0.9972766239840907,-0.0472317082341918
2006-12-29,0.0032274345297500563,1,1,-0.0004996003197441645,0.9967783842638749,-0.04770771157740006
2007-01-03,0.005295659971297133,0,1,0.0014995501349595042,0.9982731034245225,-0.046279701547775075
2007-01-04,0.007608636504405308,1,0,0.0,0.9982731034245225,-0.046279701547775075
2007-01-05,0.0061352743554007605,1,1,-0.0011958146487293098,0.9970793538240149,-0.047420174251454776
2007-01-08,0.0068033285683732235,1,1,-0.0005986231667165498,0.9964824790237611,-0.047990410603294675
2007-01-09,0.008667364648198877,1,1,9.983028850957254e-05,0.9965819581571368,-0.04789537121132129
2007-01-10,0.0074043026337669345,1,1,-0.0007985625873428992,0.9957861250901315,-0.04865568634710797
2007-01-11,0.005112834796799198,1,1,-0.0018981018981019115,0.9938960215559944,-0.05046143479460096
2007-01-12,0.0039679363507083,1,1,-0.0010009008107295658,0.9929012302222382,-0.05141182871433399
2007-01-16,0.005004757383458013,0,1,0.0007013325318103725,0.9935975841558676,-0.0507465529705208
2007-01-17,0.004222841257905546,1,0,-0.0,0.9935975841558676,-0.0507465529705208
2007-01-18,0.004909129566817632,0,1,0.0009022556390978487,0.9944940631791662,-0.04989008369500542
2007-01-19,0.003998056497912544,0,0,-0.0,0.9944940631791662,-0.04989008369500542
2007-01-22,0.004399193928145117,0,0,0.0,0.9944940631791662,-0.04989008369500542
2007-01-23,0.0029074004158019303,0,0,-0.0,0.9944940631791662,-0.04989008369500542
2007-01-24,0.0021570273749152878,0,0,0.0,0.9944940631791662,-0.04989008369500542
2007-01-25,-0.00012757404816572397,0,0,-0.0,0.9944940631791662,-0.04989008369500542
2007-01-26,-0.0008797973216808084,0,0,-0.0,0.9944940631791662,-0.04989008369500542
2007-01-29,-0.0017048135477421788,0,0,-0.0,0.9944940631791662,-0.04989008369500542
2007-01-30,-0.0012888334038683778,0,0,0.0,0.9944940631791662,-0.04989008369500542
2007-01-31,-0.0004912444730561682,0,0,0.0,0.9944940631791662,-0.04989008369500542
2007-02-01,-0.0008291202115905004,0,0,-0.0,0.9944940631791662,-0.04989008369500542
2007-02-02,0.0008679501237896734,0,0,0.0,0.9944940631791662,-0.04989008369500542
2007-02-05,0.002213630819225415,0,0,0.0,0.9944940631791662,-0.04989008369500542
2007-02-06,0.0033574075772230703,0,0,0.0,0.9944940631791662,-0.04989008369500542
2007-02-07,0.0032679711082763624,0,0,0.0,0.9944940631791662,-0.04989008369500542
2007-02-08,0.0027111395976603617,0,0,0.0,0.9944940631791662,-0.04989008369500542
2007-02-09,0.0011490390470292376,0,0,-0.0,0.9944940631791662,-0.04989008369500542
2007-02-12,0.00011583755404891453,0,0,-0.0,0.9944940631791662,-0.04989008369500542
2007-02-13,-0.000763036505572029,0,0,-0.0,0.9944940631791662,-0.04989008369500542
2007-02-14,0.003085369368498841,0,0,0.0,0.9944940631791662,-0.04989008369500542
2007-02-15,0.004764433518806665,0,0,0.0,0.9944940631791662,-0.04989008369500542
2007-02-16,0.0046287675151731045,0,0,0.0,0.9944940631791662,-0.04989008369500542
2007-02-20,0.004607261733953194,0,0,0.0,0.9944940631791662,-0.04989008369500542
2007-02-21,0.004238069837391695,0,0,-0.0,0.9944940631791662,-0.04989008369500542
2007-02-22,0.0025568056280430903,0,0,-0.0,0.9944940631791662,-0.04989008369500542
2007-02-23,0.004314962908793296,0,0,0.0,0.9944940631791662,-0.04989008369500542
2007-02-26,0.005150510900520421,0,0,0.0,0.9944940631791662,-0.04989008369500542
2007-02-27,0.008814313128968077,1,0,0.0,0.9944940631791662,-0.04989008369500542
2007-02-28,0.008920771572138352,1,1,-0.0005957108816521117,0.993901632243992,-0.050456074510913884
2007-03-01,0.006836127491012389,1,1,0.00019868865487793208,0.9940991092223835,-0.05026741090561092
2007-03-02,0.007956966611943766,1,1,0.001688518077075818,0.9957776635387104,-0.04866377026053708
2007-03-05,0.007368438113742742,1,1,-0.00019831432821015849,0.9955801865603191,-0.048852433865839824
2007-03-06,0.0074715716982289675,1,1,-0.0005950609937518392,0.9949877556251449,-0.049418424681748285
2007-03-07,0.008626553114414992,1,1,0.0010915947206509014,0.9960738790062975,-0.0483807748525829
2007-03-08,0.00826822992926226,1,1,-0.00029738302934179117,0.9957776635387104,-0.04866377026053708
2007-03-09,0.006027308154850031,1,1,-0.0032721864154684477,0.9925192933952521,-0.05177671974803355
2007-03-12,0.007587965238301502,1,1,0.0013927576601671099,0.993901632243992,-0.050456074510913884
2007-03-13,0.01061033420950359,1,1,0.0027816411682892728,0.9966663099414718,-0.04781478403667444
2007-03-14,0.010147217602049573,1,1,-0.0007925500297205623,0.9958764020279062,-0.04856943845788565
2007-03-15,0.00948659789226286,1,1,-0.0006940313305571211,0.9951852326035363,-0.04922976107644543
2007-03-16,0.007726058364111976,1,1,-0.00039686476833022954,0.9947902786467534,-0.04960708828705114
2007-03-19,0.006137341104473981,1,1,-0.0009925558312654514,0.9938028937547964,-0.0505504063135652
2007-03-20,0.006648544870063399,1,1,0.0008941877794335085,0.9946915401575576,-0.04970142008970267
2007-03-21,0.00858838683641374,1,1,0.0016875124081794368,0.9963700944738846,-0.04809777944462872
2007-03-22,0.006094214744580205,1,1,-0.002279258745416568,0.9940991092223834,-0.05026741090561103
2007-03-23,0.006421392018020211,1,1,-0.0008939213349226094,0.993210462819622,-0.051116397129473766
2007-03-26,0.007146544892229366,1,1,0.0009941346058255363,0.9941978477115789,-0.05017307910295981
2007-03-27,0.0061324193484268204,1,1,-0.0004965736418710565,0.9937041552656004,-0.05064473811621684
2007-03-28,0.006945326552210451,1,1,9.936406995225688e-05,0.993802893754796,-0.05055040631356552
2007-03-29,0.005740018201060664,1,1,-0.0008941877794337305,0.9929142473520346,-0.051399392537428264
2007-03-30,0.004919304841549232,1,1,-0.0004972155926810107,0.9924205549060561,-0.0518710515506853
2007-04-02,0.005364330470591327,0,1,0.00019898517560434925,0.9926180318844474,-0.051682387945382546
2007-04-03,0.005158765301537971,1,0,-0.0,0.9926180318844474,-0.051682387945382546
2007-04-04,0.006575086620010839,1,1,0.0005973715651135247,0.9932109936717142,-0.051115889969244724
2007-04-05,0.006283551347010929,1,1,-0.000796019900497491,0.9924203779553586,-0.05187122060409501
2007-04-09,0.0037805354885087792,1,1,-0.002987452698665627,0.9894555690190251,-0.0547037104847839
2007-04-10,0.005932541346783098,0,1,0.0009988014382740218,0.9904438386644695,-0.053759547191221044
2007-04-11,0.005242145661963576,1,0,-0.0,0.9904438386644695,-0.053759547191221044
2007-04-12,0.004572527496895956,1,1,-9.9840255590955e-05,0.9903449524984688,-0.053854020079879966
2007-04-13,0.004004526023920307,0,1,-0.0008986520219670391,0.9894549770044612,-0.05470427607781116
2007-04-16,0.0049718426920499995,0,0,0.0,0.9894549770044612,-0.05470427607781116
2007-04-17,0.007282357488976692,0,0,0.0,0.9894549770044612,-0.05470427607781116
2007-04-18,0.008930882754334872,1,0,0.0,0.9894549770044612,-0.05470427607781116
2007-04-19,0.008915037318319895,1,1,-0.00029865604778500643,0.9891594702915678,-0.05498659436270583
2007-04-20,0.008484836229639647,1,1,0.0,0.9891594702915678,-0.05498659436270583
2007-04-23,0.009481313189473699,1,1,0.0007966540529775745,0.9899474881926167,-0.05423374560298679
2007-04-24,0.009858601446603322,1,1,0.0009950248756218638,0.9909325105689277,-0.05329268465333804
2007-04-25,0.009269589426592834,1,1,-0.0008946322067593382,0.9900459904302479,-0.05413963950802183
2007-04-26,0.0067398009413649485,1,1,-0.0014923888170331745,0.9885684568657812,-0.05555123093249506
2007-04-27,0.005719438138289479,1,1,-0.00019928258270218713,0.988371452390519,-0.055739443122424764
2007-04-30,0.008454395925192502,1,1,0.0022922064979069567,0.9906370038560344,-0.05357500293823271
2007-05-01,0.008945016050671512,1,1,-0.0006960326140995621,0.9899474881926167,-0.05423374560298679
2007-05-02,0.008782945209494063,1,1,-0.00019900497512437276,0.9897504837173545,-0.054421957792916496
2007-05-03,0.005903328817624676,1,1,-0.0013933121019108485,0.988371452390519,-0.055739443122424764
2007-05-04,0.006541353640238067,1,1,0.0011959338249949436,0.9895534792420922,-0.05461016998284631
2007-05-07,0.006917236787359759,1,1,0.0,0.9895534792420922,-0.05461016998284631
2007-05-08,0.007266438849673617,1,1,0.00019908421262204712,0.9897504837173545,-0.054421957792916496
2007-05-09,0.0059733054898318035,1,1,-0.0016918789808917367,0.9880759456776257,-0.05602176140731943
2007-05-10,0.0069181819409448895,1,1,0.0009969095803010752,0.9890609680539367,-0.05508070045767068
2007-05-11,0.005956409125602835,1,1,-0.0006971417189521878,0.988371452390519,-0.055739443122424764
2007-05-14,0.005477153923822387,1,1,-0.0006976280645805133,0.9876819367271013,-0.05639818578717896
2007-05-15,0.0034348569588454393,1,1,-0.0006981150892588772,0.9869924210636837,-0.05705692845193293
2007-05-16,0.003235093173868286,0,1,0.00019960079840308786,0.9871894255389457,-0.05686871626200333
2007-05-17,0.0009298974172254836,0,0,-0.0,0.9871894255389457,-0.05686871626200333
2007-05-18,0.0001254962560508278,0,0,-0.0,0.9871894255389457,-0.05686871626200333
2007-05-21,-0.0004125753552256476,0,0,0.0,0.9871894255389457,-0.05686871626200333
2007-05-22,-0.002483287773817144,0,0,-0.0,0.9871894255389457,-0.05686871626200333
2007-05-23,-0.0050754059979976115,0,0,-0.0,0.9871894255389457,-0.05686871626200333
2007-05-24,-0.004572765599217387,0,0,-0.0,0.9871894255389457,-0.05686871626200333
2007-05-25,-0.00665820969895156,0,0,-0.0,0.9871894255389457,-0.05686871626200333
2007-05-29,-0.009320086221055113,0,0,-0.0,0.9871894255389457,-0.05686871626200333
2007-05-30,-0.008687236535436231,0,0,-0.0,0.9871894255389457,-0.05686871626200333
2007-05-31,-0.0064093201406023705,0,0,0.0,0.9871894255389457,-0.05686871626200333
2007-06-01,-0.00814842621233196,0,0,-0.0,0.9871894255389457,-0.05686871626200333
2007-06-04,-0.007333556504566563,0,0,0.0,0.9871894255389457,-0.05686871626200333
2007-06-05,-0.006721215835731252,0,0,-0.0,0.9871894255389457,-0.05686871626200333
2007-06-06,-0.006778375095348316,0,0,0.0,0.9871894255389457,-0.05686871626200333
2007-06-07,-0.01133728434003462,0,0,-0.0,0.9871894255389457,-0.05686871626200333
2007-06-08,-0.010275410936861105,0,0,-0.0,0.9871894255389457,-0.05686871626200333
2007-06-11,-0.009842078707077678,0,0,-0.0,0.9871894255389457,-0.05686871626200333
2007-06-12,-0.01304047840775519,0,0,-0.0,0.9871894255389457,-0.05686871626200333
2007-06-13,-0.011495184314469957,0,0,0.0,0.9871894255389457,-0.05686871626200333
2007-06-14,-0.012622467421065302,0,0,-0.0,0.9871894255389457,-0.05686871626200333
2007-06-15,-0.0115574642792232,0,0,0.0,0.9871894255389457,-0.05686871626200333
2007-06-18,-0.010221872665069697,0,0,0.0,0.9871894255389457,-0.05686871626200333
2007-06-19,-0.006623810221835884,0,0,0.0,0.9871894255389457,-0.05686871626200333
2007-06-20,-0.0083159462819462,0,0,-0.0,0.9871894255389457,-0.05686871626200333
2007-06-21,-0.008311799565752313,0,0,-0.0,0.9871894255389457,-0.05686871626200333
2007-06-22,-0.006780666920760852,0,0,0.0,0.9871894255389457,-0.05686871626200333
2007-06-25,-0.004290086628368911,0,0,0.0,0.9871894255389457,-0.05686871626200333
2007-06-26,-0.005389053595495557,0,0,-0.0,0.9871894255389457,-0.05686871626200333
2007-06-27,-0.005216095912870605,0,0,0.0,0.9871894255389457,-0.05686871626200333
2007-06-28,-0.006868654332390999,0,0,-0.0,0.9871894255389457,-0.05686871626200333
2007-06-29,-0.0036441999813175527,0,0,0.0,0.9871894255389457,-0.05686871626200333
2007-07-02,-0.0022823923188391715,0,0,0.0,0.9871894255389457,-0.05686871626200333
2007-07-03,-0.002727381687212909,0,0,-0.0,0.9871894255389457,-0.05686871626200333
2007-07-05,-0.006156122207698438,0,0,-0.0,0.9871894255389457,-0.05686871626200333
2007-07-06,-0.006201527611160922,0,0,-0.0,0.9871894255389457,-0.05686871626200333
2007-07-09,-0.005246186208860337,0,0,0.0,0.9871894255389457,-0.05686871626200333
2007-07-10,-0.00022709976608751843,0,0,0.0,0.9871894255389457,-0.05686871626200333
2007-07-11,-0.0015713358773268569,0,0,-0.0,0.9871894255389457,-0.05686871626200333
2007-07-12,-0.0037234804478823826,0,0,-0.0,0.9871894255389457,-0.05686871626200333
2007-07-13,-0.004259630436123012,0,0,0.0,0.9871894255389457,-0.05686871626200333
2007-07-16,-0.00206177794075138,0,0,0.0,0.9871894255389457,-0.05686871626200333
2007-07-17,-0.0035324649250840943,0,0,-0.0,0.9871894255389457,-0.05686871626200333
2007-07-18,-0.0009642600394259074,0,0,0.0,0.9871894255389457,-0.05686871626200333
2007-07-19,-0.00160780968477936,0,0,-0.0,0.9871894255389457,-0.05686871626200333
2007-07-20,0.0011521771012483585,0,0,0.0,0.9871894255389457,-0.05686871626200333
2007-07-23,0.0009281635385102517,0,0,-0.0,0.9871894255389457,-0.05686871626200333
2007-07-24,0.0011769359075755326,0,0,0.0,0.9871894255389457,-0.05686871626200333
2007-07-25,0.0020253361681388526,0,0,0.0,0.9871894255389457,-0.05686871626200333
2007-07-26,0.00747940028202152,0,0,0.0,0.9871894255389457,-0.05686871626200333
2007-07-27,0.007556763837371738,1,0,-0.0,0.9871894255389457,-0.05686871626200333
2007-07-30,0.00655765652996102,1,1,-0.0007956240676280091,0.9864039938726791,-0.05761909421027818
2007-07-31,0.006016024619434601,1,1,0.0006967253906640103,0.9870912465806626,-0.056962513505537486
2007-08-01,0.006152718334662766,1,1,0.00019892580067626398,0.9872876044972292,-0.05677491901846885
2007-08-02,0.007098192313999829,1,1,-9.944311853626875e-05,0.9871894255389457,-0.05686871626200333
2007-08-03,0.010426104340189445,1,1,0.0024863252113376255,0.9896438994960292,-0.05452378517364429
2007-08-06,0.008784871409083083,1,1,-0.0011904761904760752,0.9884657519966292,-0.05564935209605652
2007-08-07,0.006596062842274919,1,1,-0.0007945967421534306,0.9876803203303625,-0.05639973004433148
2007-08-08,0.0025994809396681137,1,1,-0.004075546719681911,0.9836549830407457,-0.060245417029240224
2007-08-09,0.0065357037814419705,0,1,0.00359317297135453,0.987189425538946,-0.05686871626200312
2007-08-10,0.006938549031057228,1,0,0.0,0.987189425538946,-0.05686871626200312
2007-08-13,0.007567235407015249,1,1,9.938382031404736e-05,0.9872875361954296,-0.056774984271967546
2007-08-14,0.010510567841313089,1,1,0.0017887309947333119,0.9890535280121363,-0.055087808451326985
2007-08-15,0.011231355856057688,1,1,0.0020831266739409493,0.9911138517982938,-0.05311943666057992
2007-08-16,0.01642007036334112,1,1,0.005345476143338024,0.9964118272484135,-0.04805790919865855
2007-08-17,0.01245755079723607,1,1,-0.002067743205986683,0.9943515034622558,-0.05002628098940582
2007-08-20,0.014608218351651957,1,1,0.0015786877158363577,0.9959212739659951,-0.0485265691488364
2007-08-21,0.016568367621375535,1,1,0.001970249236528332,0.9978834870956689,-0.046651929348124906
2007-08-22,0.013983057113477092,1,1,-0.002064693737095613,0.9958231633095113,-0.04862030113887207
2007-08-23,0.012319738441976511,1,1,-0.0007881773399014413,0.9950382780576418,-0.04937015705915663
2007-08-24,0.010104726858372014,1,1,-0.0019719976336028955,0.9930760649279678,-0.05124479685986822
2007-08-27,0.011621930052559725,1,1,0.0010867417506421617,0.9941552821492885,-0.05021374496947686
2007-08-28,0.015281349695094969,1,1,0.003947498272969474,0.9980797084086362,-0.04646446536805377
2007-08-29,0.01615423428510565,1,1,-0.0009829942003343195,0.9970986018437992,-0.04740178526840967
2007-08-30,0.017549717129504906,1,1,0.0020663190002951914,0.9991589256299568,-0.045433413477662506
2007-08-31,0.018181825221330647,1,1,0.0005891594658287147,0.9997475895688589,-0.04487102153744909
2007-09-04,0.018135372645748746,1,1,-0.0001962708537782687,0.9995513682558914,-0.045058485517520334
2007-09-05,0.02257324457319153,1,1,0.0039261876717706645,1.0034757945152393,-0.041309205916097144
2007-09-06,0.02266506683527538,1,1,-0.0013687915526007233,1.0021022453244675,-0.042621453776595326
2007-09-07,0.02764703200762579,1,1,0.005678480516937423,1.0077926634005216,-0.03718499835453189
2007-09-10,0.028773259716665944,1,1,0.0014602803738317238,1.009264323247777,-0.035779018503998346
2007-09-11,0.02536540311061314,1,1,-0.002235831632157126,1.007007778148652,-0.03793485427481665
2007-09-12,0.02399284746619443,1,1,-0.001558846453624252,1.005438007644913,-0.03943456611538576
2007-09-13,0.02035677504443597,1,1,-0.0029274004683840227,1.0024946879504022,-0.042246525816453044
2007-09-14,0.020292263716523484,1,1,0.0005871990604813249,1.003083351889304,-0.04168413387623984
2007-09-17,0.020368689781553626,1,1,-0.000489045383411546,1.0025927986068857,-0.04215279382641769
2007-09-18,0.02077764110486858,1,1,0.0010764262648008671,1.0036720158282064,-0.04112174193602622
2007-09-19,0.0188350020787019,1,1,-0.0008797653958945162,1.002789019919853,-0.04196532984634655
2007-09-20,0.015233907015800562,1,1,-0.00459837589276979,0.9981778190651194,-0.04637073337801873
2007-09-21,0.01669211032640044,1,1,0.001277766856693674,0.9994532575994075,-0.04515221750755612
2007-09-24,0.01822934896094982,1,1,0.00019632865416707723,0.9996494789123749,-0.044964753527484976
2007-09-25,0.018248590724274514,1,1,0.0010795956423594877,1.0007286961336956,-0.04393370163709351
2007-09-26,0.01814478682182432,1,1,0.0002941176470587781,1.0010230281031467,-0.0436525056669868
2007-09-27,0.021172253168569487,1,1,0.0012741350583160838,1.0022984666374346,-0.0424339897965244
2007-09-28,0.021676328681403255,1,1,-0.00019577133907588973,1.0021022453244672,-0.042621453776595535
2007-10-01,0.02184519084538958,1,1,-0.0002937145094967786,1.0018079133550162,-0.04290264974670224
2007-10-02,0.022433061689023745,1,1,0.0009793360101850723,1.002789019919853,-0.04196532984634655
2007-10-03,0.019950081927696376,1,1,-0.0006848644946677584,1.0021022453244672,-0.042621453776595535
2007-10-04,0.020895005050800795,1,1,0.0004895241824944829,1.0025927986068857,-0.04215279382641769
2007-10-05,0.01567426148524046,1,1,-0.004207848126039693,0.9983740403780867,-0.04618326939794759
2007-10-08,0.015105750051263417,1,1,0.0,0.9983740403780867,-0.04618326939794759
2007-10-09,0.014025700544463674,1,1,-0.0007861635220125507,0.9975891551262173,-0.04693312531823214
2007-10-10,0.01427929724676296,1,1,-0.00019669551534240437,0.9973929338132497,-0.0471205892983035
2007-10-11,0.012809666163363192,1,1,-0.0003934684241588826,0.9970004911873149,-0.04749551725844577
2007-10-12,0.010930713399247952,1,1,-0.0013776815587482893,0.9956269419965432,-0.048807765118943844
2007-10-15,0.011039340430567729,1,1,0.0005912495072921686,0.9962156059354454,-0.04824537317873032
2007-10-16,0.012714408537833314,1,1,0.001477250344691594,0.9976872657827007,-0.04683939332819679
2007-10-17,0.016745062620900208,1,1,0.0044252138853377865,1.002102245324467,-0.04262145377659575
2007-10-18,0.018399592713517744,1,1,0.002056001566477228,1.0041625691106244,-0.04065308198584879
2007-10-19,0.02078104382353405,1,1,0.003517342452369343,1.0076945527440375,-0.03727873034456788
2007-10-22,0.02060004838313563,1,1,-0.0002920845097846847,1.0074002207745867,-0.03755992631467438
2007-10-23,0.020958112446689034,1,1,0.0,1.0074002207745867,-0.03755992631467438
2007-10-24,0.0229638512939606,1,1,0.0028243085313595095,1.0102454298126138,-0.034841698603642654
2007-10-25,0.022020102905068548,1,1,-0.0006798096532970588,1.009558655217228,-0.03549782253389164
2007-10-26,0.02063746037090145,1,1,-0.0011661807580175543,1.0083813273394235,-0.036622606414318686
2007-10-29,0.020127110172755303,1,1,-0.0003891807744698106,1.0079888847134886,-0.03699753437446117
2007-10-30,0.01977929292168118,1,1,-9.733307377834954e-05,1.0078907740570051,-0.03709126636449653
2007-10-31,0.016849025622960236,1,1,-0.0037963593886888303,1.004064458454141,-0.04074681397588415
2007-11-01,0.02317633024924447,1,1,0.0043971076802813425,1.0084794379959072,-0.03652887442428311
2007-11-02,0.026203807147542023,1,1,0.003696857670979714,1.0122076429422877,-0.03296705880293106
2007-11-05,0.024757396279281415,1,1,-0.0010662014151400223,1.0111284257209672,-0.03399811069332232
2007-11-06,0.02428132602084283,1,1,-0.0010673394139336656,1.0100492084996464,-0.035029162583713795
2007-11-07,0.026104494040036594,1,1,0.0019426906265178623,1.0120114216293206,-0.03315452278300199
2007-11-08,0.028327050874719147,1,1,0.003102278235579181,1.0151509626367987,-0.03015509910186356
2007-11-09,0.028566976094084637,1,1,0.0014496955639315967,1.0166226224840542,-0.028749119251329808
2007-11-12,0.029265110882831104,1,1,0.0,1.0166226224840542,-0.028749119251329808
2007-11-13,0.026206501202605502,1,1,-0.0023161551823973614,1.0142679667284453,-0.030998687012183893
2007-11-14,0.02374999183387589,1,1,-0.0003869220352098468,1.0138755241025106,-0.03137361497232617
2007-11-15,0.029336352785844996,1,1,0.005031933423650159,1.0189772782396629,-0.026499551490475934
2007-11-16,0.02954883133246341,1,1,0.0003851338340072896,1.0193697208655976,-0.02612462353033366
2007-11-19,0.03292884602486393,1,1,0.0031761308950915,1.0226073725295597,-0.023031467859159452
2007-11-20,0.034832727650396966,1,1,0.0011513000095941806,1.0237847004073641,-0.021906683978732407
2007-11-21,0.0354627222534293,1,1,0.0026832774317202546,1.0265317987889078,-0.019282188257736046
2007-11-23,0.035969062484675504,1,1,-0.000955748829207681,1.025550692224071,-0.020219508158091738
2007-11-26,0.04069698738822183,1,1,0.005548646321630102,1.031241110300125,-0.014783052736028299
2007-11-27,0.03829780468556034,1,1,-0.0032347064979545426,1.0279053479796794,-0.017969940397238076
2007-11-28,0.035222950998791566,1,1,-0.0036269924596735725,1.0241771430332989,-0.021531756018590132
2007-11-29,0.03787029726692694,1,1,0.0031612223393044925,1.0274147946972607,-0.018438600347416133
2007-11-30,0.03999944528796268,1,1,0.0010504201680672232,1.0284940119185813,-0.017407548457024875
2007-12-03,0.040958156607342505,1,1,0.0038157016121340703,1.032418438177929,-0.013658268855601681
2007-12-04,0.041168233490437876,1,1,0.0002850898032880078,1.0327127701473802,-0.013377072885494973
2007-12-05,0.04124376065682911,1,1,-0.00019000570017113638,1.0325165488344126,-0.013564536865566324
2007-12-06,0.03742628005061657,1,1,-0.003325731660965392,1.0290826758574831,-0.01684515651681167
2007-12-07,0.03278134611807501,1,1,-0.0046715606826198686,1.0242752536897821,-0.021438024028554985
2007-12-10,0.03163135184314122,1,1,-0.0010536398467433372,1.0231960364684614,-0.02246907591894646
2007-12-11,0.039009042992698736,1,1,0.006424393518074556,1.029769450452869,-0.016189032586562686
2007-12-12,0.034909040099444795,1,1,-0.0037157012195121464,1.0259431348500048,-0.01984458019795031
2007-12-13,0.03131793286137212,1,1,-0.003155780816677778,1.022705483186043,-0.022937735869124305
2007-12-14,0.029435488272033683,1,1,-0.0027820414428241236,1.0198602741480158,-0.025655963580156024
2007-12-17,0.029971399532153983,1,1,0.0016354016354016565,1.0215281553082387,-0.024062519749551137
2007-12-18,0.03292231692165051,1,1,0.002497118709181567,1.0240790323768147,-0.021625488008626126
2007-12-19,0.033101616638109496,1,1,0.0016286644951140072,1.0257469135370376,-0.020032044178021235
2007-12-20,0.034122352322862225,1,1,0.001817312290769868,1.0276110160102276,-0.01825113636734542
2007-12-21,0.029192008001794504,1,1,-0.005155623448539148,1.0223130405601082,-0.023312663829266583
2007-12-24,0.028310120320284883,1,1,-0.0016314779270633073,1.0206451593998853,-0.02490610765987147
2007-12-26,0.026628125710178314,1,1,-0.0027876574065174298,1.017799950361858,-0.0276243353709034
2007-12-27,0.029272810046414684,1,1,0.0028918449971082616,1.020743270056369,-0.024812375669835903
2007-12-28,0.031885951286040715,1,1,0.0040369088811993414,1.024863917628684,-0.020875632088341783
2007-12-31,0.03310247971703002,1,1,0.0012444955006702951,1.0261393561629721,-0.019657116217879172
2008-01-02,0.040801542337650244,1,1,0.005832297542786025,1.0321241062084774,-0.013939464825709024
2008-01-03,0.0408642911141409,1,1,0.00028517110266168544,1.0324184381779287,-0.013658268855602104
2008-01-04,0.04360532640957493,1,1,0.0028508980328803,1.0353617578724394,-0.010846309154534816
2008-01-07,0.04476312489762253,1,1,9.475978394779538e-05,1.0354598685289234,-0.010752577164499035
2008-01-08,0.04522916835573215,1,1,0.0002842524161454918,1.0357542004983744,-0.010471381194392327
2008-01-09,0.04844138814393521,1,1,0.002178649237472907,1.0380107455974996,-0.008315545423573812
2008-01-10,0.04351936097123125,1,1,-0.002741020793950777,1.0351655365594725,-0.01103377313460553
2008-01-11,0.047096567503820914,1,1,0.0033172211164818055,1.0385994095364017,-0.0077531534833603965
2008-01-14,0.04571794198064903,1,1,0.00037785754770447433,1.0389918521623365,-0.007378225523218119
2008-01-15,0.04766067078700555,1,1,0.0025495750708215414,1.0416408398873962,-0.004847461792257538
2008-01-16,0.04432137394465568,1,1,0.0002825656965244061,1.0419351718568473,-0.004566265822150831
2008-01-17,0.04681275648010499,1,1,0.0026365348399246535,1.0446822702383907,-0.0019417701011546808
2008-01-18,0.047731708146646484,1,1,0.0010330578512396382,1.0457614874597112,-0.0009107182107634196
2008-01-22,0.054075377943332475,1,1,0.00769302936485583,1.053806561291374,0.0
2008-01-23,0.05740396662509319,1,1,0.002234428824131829,1.0561612170469827,0.0
2008-01-24,0.049532640119064206,1,1,-0.00836042731072928,1.0473312579634502,-0.008360427310729184
2008-01-25,0.05114703631935492,1,1,0.0017798594847775462,1.0491953604366404,-0.006595448211797435
2008-01-28,0.05114547944569885,1,1,-9.35103796521064e-05,1.0490972497801567,-0.006688341848583306
2008-01-29,0.04880785776264853,1,1,-0.002805573739829925,1.0461539300856457,-0.00947515095215984
2008-01-30,0.04611786956006494,1,1,-0.0021569914658162714,1.0438973849865207,-0.011611704598235071
2008-01-31,0.046521262919573904,1,1,0.0038533834586464977,1.047919921902352,-0.007803065490014171
2008-02-01,0.04861561713320882,1,1,0.0019661080423181154,1.0499802456885097,-0.005852299117510681
2008-02-04,0.04782955400906059,1,1,-0.0007475238273220164,1.0491953604366402,-0.006595448211797645
2008-02-05,0.049900582283152806,1,1,0.0030858425285207325,1.0524330121006022,-0.0035299581978634987
2008-02-06,0.0471634284744547,1,1,-0.00046611354525960547,1.0519424588181838,-0.003994426381792851
2008-02-07,0.04058606051224311,1,1,-0.003357582540570836,1.0484104751847707,-0.007338597306084609
2008-02-08,0.04386055923943439,1,1,0.0027138311809844495,1.0512556842227978,-0.0046446818392941545
2008-02-11,0.04478047657984364,1,1,0.0010265982267849694,1.0523349014441186,-0.003622851834649369
2008-02-12,0.04186576597032154,1,1,-0.002144322207719651,1.0500783563449936,-0.0057594054807246
2008-02-13,0.04083880364538601,1,1,0.0006540222367559245,1.0507651309403794,-0.005109150023223507
2008-02-14,0.03796691232742785,1,1,-0.002894491129785126,1.047723700589385,-0.007988852763585703
2008-02-15,0.03783688468499313,1,1,0.0005618503605204772,1.0483123645282868,-0.007431490942870689
2008-02-19,0.03242540290687684,1,1,-0.004117922321010714,1.0439954956430042,-0.01151881096144941
2008-02-20,0.02631819113710685,1,1,-0.002537355511699979,1.0413465079179445,-0.014026939154668124
2008-02-21,0.03301167652260563,1,1,0.005652911249293346,1.0472331473069663,-0.008453320947515264
2008-02-22,0.031024081996823077,1,1,-0.00028105677346823565,1.0469388153375152,-0.008732001857872877
2008-02-25,0.026518353616688042,1,1,-0.004591884546902736,1.0421313931698142,-0.01328379006038095
2008-02-26,0.03005323650700365,1,1,0.001977028808134218,1.044191716955972,-0.01133302368787725
2008-02-27,0.028704940229364054,1,1,0.0006577092924926475,1.0448784915513578,-0.010682768230376156
2008-02-28,0.03433967219540644,1,1,0.004976525821596356,1.0500783563449938,-0.00575940548072439
2008-02-29,0.03934739626104573,1,1,0.008595720825936626,1.0591045367414937,0.0
2008-03-03,0.038652242143804,1,1,0.00037054191755436783,1.0594969793674285,0.0
2008-03-04,0.038423671254405344,1,1,-0.0009260116677469732,1.0585158728025916,-0.0009260116677469169
2008-03-05,0.036914877121678374,1,1,-0.003058670868477109,1.0552782211386298,-0.003981850171311953
2008-03-06,0.04288855241195446,1,1,0.002882112309408713,1.0583196514896243,-0.0011112140012963004
2008-03-07,0.04659380677370909,1,1,0.0030592379716325446,1.0615573031535863,0.0
2008-03-10,0.04702109849620208,1,1,0.0027726432532346745,1.064500622848097,0.0
2008-03-11,0.03959048627330758,1,1,-0.007834101382488412,1.056161217046983,-0.007834101382488495
2008-03-12,0.04597308227353555,1,1,0.004273107292150469,1.060674307245233,-0.003594470046082991
2008-03-13,0.04809515079808767,1,1,-0.0005549902876700319,1.0600856433063306,-0.0041474654377882106
2008-03-14,0.05392898556560005,1,1,0.006200832947709456,1.0666590572907382,0.0
2008-03-17,0.057169694005053756,1,1,0.003955114054451814,1.070877815519537,0.0
2008-03-18,0.049736023604866425,1,1,-0.00659642693540996,1.063813848252711,-0.00659642693540992
2008-03-19,0.05306710211605164,1,1,0.0034123397583694093,1.0674439425426077,-0.0032065964269354904
2008-03-20,0.05400208065984059,1,1,-9.191176470579876e-05,1.067345831886124,-0.003298213467705064
2008-03-24,0.045537628442427876,1,1,-0.008548579832705294,1.0582215408331401,-0.011818598259276444
2008-03-25,0.04784522020958153,1,1,0.00037085110328205495,1.0586139834590749,-0.01145213009619815
2008-03-26,0.04711871235954757,1,1,0.000926784059314123,1.0595950900239117,-0.010535959688502414
2008-03-27,0.044988337199827644,1,1,-0.0009259259259258856,1.0586139834590749,-0.01145213009619815
2008-03-28,0.045329920448762315,1,1,0.0017608897126968337,1.060478085932265,-0.009711406321576252
2008-03-31,0.04194453533827934,1,1,-0.0012027014524933488,1.0592026473979768,-0.010902427851580916
2008-04-01,0.035692495217421676,1,1,-0.005650240829937037,1.0532178973524713,-0.016491067338525525
2008-04-02,0.03255051496398568,1,1,-0.002515137401024603,1.0505689096274116,-0.018964727439304222
2008-04-03,0.03208138971353705,1,1,-0.0009338812103100169,1.0495878030625747,-0.019880897846999958
2008-04-04,0.03542665322338672,1,1,0.003739016638623971,1.0535122293219226,-0.0162162162162166
2008-04-07,0.030887145974939606,1,1,-0.003538834047308592,1.049784024375542,-0.01969766376546081
2008-04-08,0.03176026019393078,1,1,0.00037383177570093906,1.0501764670014768,-0.019331195602382514
2008-04-09,0.035881877287908044,1,1,0.004297458893871342,1.0546895571997268,-0.015116811726981715
2008-04-10,0.030724122996701395,1,1,-0.0026976744186046897,1.0518443481616995,-0.017773705909299765
2008-04-11,0.031088365748142763,1,1,0.0022385971457887788,1.0541990039173084,-0.015574896930829583
2008-04-14,0.028126741947185202,1,1,-0.0007445323406235493,1.0534141186654389,-0.016307833256986173
2008-04-15,0.025030152897521828,1,1,-0.0016764459346186866,1.0516481268487323,-0.017956939990838704
2008-04-16,0.01983850987076531,1,1,-0.005877413937867337,1.0454671554902595,-0.02372881355932246
2008-04-17,0.012689164453695324,1,1,-0.002721471471471504,1.0426219464522324,-0.026385707741640303
2008-04-18,0.010557155534935535,1,1,-0.0015996988802108314,1.0409540652920095,-0.02794319743472326
2008-04-21,0.015882069681737075,1,1,0.0007540056550425778,1.0417389505438792,-0.027210261108566464
2008-04-22,0.014661705832751686,1,1,-0.0009417969485779887,1.0407578439790421,-0.028126431516262408
2008-04-23,0.014147937386341267,1,1,-0.0002828054298642524,1.040463512009591,-0.02840128263857113
2008-04-24,0.011954748818349747,1,1,-0.0047147571900046925,1.0355579791854064,-0.032982134677050225
2008-04-25,0.009443075078105028,1,1,-0.0015158692562765586,1.0339882086816674,-0.0344480073293634
2008-04-28,0.008510188135670956,1,1,0.001423284941645342,1.035459868528923,-0.03307375171781959
2008-04-29,0.009684668829284381,1,1,0.0006632556376728882,1.0361466431243087,-0.03243243243243257
2008-04-30,0.011924205116308028,1,1,0.0009468800303000791,1.0371277496891456,-0.03151626202473684
2008-05-01,0.009567610115334024,1,1,-0.0009459842966605958,1.0361466431243087,-0.03243243243243257
2008-05-02,0.004362237580707095,1,1,-0.003598144115140589,1.0324184381779282,-0.035913879981676784
2008-05-05,0.006225583979918426,0,1,0.0004751496721466797,1.0329089914603466,-0.03545579477782892
2008-05-06,0.00466387927444995,1,0,-0.0,1.0329089914603466,-0.03545579477782892
2008-05-07,0.005953579851628009,0,1,0.0014257199885943095,1.0343816304558704,-0.03408062482456091
2008-05-08,0.01023948556529875,1,0,0.0,1.0343816304558704,-0.03408062482456091
2008-05-09,0.009084465288808657,1,1,0.0010409766253429709,1.035458397554859,-0.03307512533303747
2008-05-12,0.00912184812903297,1,1,-0.0009453582907921199,1.0344795183739601,-0.0339892157798771
2008-05-13,0.0015627896556502322,1,1,-0.006150643451930393,1.0281168036981172,-0.03993080368433476
2008-05-14,0.001901912234921821,0,1,-0.0019042178425212608,1.0261590453363194,-0.04175898457801401
2008-05-15,0.005555380943399502,0,0,0.0,1.0261590453363194,-0.04175898457801401
2008-05-16,0.004148291956464966,1,0,-0.0,1.0261590453363194,-0.04175898457801401
2008-05-19,0.002920486162357105,0,1,0.0008558387219474994,1.027037271982195,-0.040938884812057534
2008-05-20,0.009138701723049392,0,0,0.0,1.027037271982195,-0.040938884812057534
2008-05-21,0.007147351551368057,1,0,-0.0,1.027037271982195,-0.040938884812057534
2008-05-22,0.0021463456425834804,1,1,-0.004370131103933139,1.0225489844550069,-0.04513010762211323
2008-05-23,0.004171228120134629,0,1,0.0033396946564885344,1.025963985834389,-0.04194113374489707
2008-05-27,-0.0036997058163084854,0,0,-0.0,1.025963985834389,-0.04194113374489707
2008-05-28,-0.007538596722846217,0,0,-0.0,1.025963985834389,-0.04194113374489707
2008-05-29,-0.009772849526611862,0,0,-0.0,1.025963985834389,-0.04194113374489707
2008-05-30,-0.0068207228896096875,0,0,0.0,1.025963985834389,-0.04194113374489707
2008-06-02,-0.0003372580297110791,0,0,0.0,1.025963985834389,-0.04194113374489707
2008-06-03,0.00235551138141667,0,0,0.0,1.025963985834389,-0.04194113374489707
2008-06-04,-0.0015772602383520174,0,0,-0.0,1.025963985834389,-0.04194113374489707
2008-06-05,-0.0009375887331964095,0,0,-0.0,1.025963985834389,-0.04194113374489707
2008-06-06,0.0013791511184184924,0,0,0.0,1.025963985834389,-0.04194113374489707
2008-06-09,-0.0037504984782406586,0,0,-0.0,1.025963985834389,-0.04194113374489707
2008-06-10,-0.01175372702798157,0,0,-0.0,1.025963985834389,-0.04194113374489707
2008-06-11,-0.010718857334345574,0,0,0.0,1.025963985834389,-0.04194113374489707
2008-06-12,-0.01531605099349391,0,0,-0.0,1.025963985834389,-0.04194113374489707
2008-06-13,-0.019816321982332484,0,0,-0.0,1.025963985834389,-0.04194113374489707
2008-06-16,-0.017229555701794217,0,0,0.0,1.025963985834389,-0.04194113374489707
2008-06-17,-0.011573606205670016,0,0,0.0,1.025963985834389,-0.04194113374489707
2008-06-18,-0.007883041469601608,0,0,0.0,1.025963985834389,-0.04194113374489707
2008-06-19,-0.011849942922839894,0,0,-0.0,1.025963985834389,-0.04194113374489707
2008-06-20,-0.009696012831002807,0,0,0.0,1.025963985834389,-0.04194113374489707
2008-06-23,-0.012946712134117187,0,0,-0.0,1.025963985834389,-0.04194113374489707
2008-06-24,-0.010874203955180826,0,0,0.0,1.025963985834389,-0.04194113374489707
2008-06-25,-0.008562831506595509,0,0,0.0,1.025963985834389,-0.04194113374489707
2008-06-26,-0.004101785812251668,0,0,0.0,1.025963985834389,-0.04194113374489707
2008-06-27,-0.0024851847827528414,0,0,0.0,1.025963985834389,-0.04194113374489707
2008-06-30,-0.006163306978249787,0,0,-0.0,1.025963985834389,-0.04194113374489707
2008-07-01,-0.006475519653335814,0,0,-0.0,1.025963985834389,-0.04194113374489707
2008-07-02,-0.00438303358905946,0,0,0.0,1.025963985834389,-0.04194113374489707
2008-07-03,-0.005904094338654729,0,0,0.0,1.025963985834389,-0.04194113374489707
2008-07-07,-0.003709634794980503,0,0,0.0,1.025963985834389,-0.04194113374489707
2008-07-08,-0.003287454838924686,0,0,0.0,1.025963985834389,-0.04194113374489707
2008-07-09,-0.001376247060713048,0,0,0.0,1.025963985834389,-0.04194113374489707
2008-07-10,-0.0014024980175333943,0,0,0.0,1.025963985834389,-0.04194113374489707
2008-07-11,-0.005036289279032101,0,0,-0.0,1.025963985834389,-0.04194113374489707
2008-07-14,-0.003373271152830503,0,0,0.0,1.025963985834389,-0.04194113374489707
2008-07-15,-0.0014083919339420775,0,0,0.0,1.025963985834389,-0.04194113374489707
2008-07-16,-0.0014299582597076567,0,0,-0.0,1.025963985834389,-0.04194113374489707
2008-07-17,-0.007419358912921298,0,0,-0.0,1.025963985834389,-0.04194113374489707
2008-07-18,-0.008570091989767607,0,0,-0.0,1.025963985834389,-0.04194113374489707
2008-07-21,-0.006351351748115429,0,0,0.0,1.025963985834389,-0.04194113374489707
2008-07-22,-0.005785055306182423,0,0,-0.0,1.025963985834389,-0.04194113374489707
2008-07-23,-0.010978487825623495,0,0,-0.0,1.025963985834389,-0.04194113374489707
2008-07-24,-0.006081016254841525,0,0,0.0,1.025963985834389,-0.04194113374489707
2008-07-25,-0.010093799404240131,0,0,-0.0,1.025963985834389,-0.04194113374489707
2008-07-28,-0.007383772533465859,0,0,0.0,1.025963985834389,-0.04194113374489707
2008-07-29,-0.00737604299769538,0,0,-0.0,1.025963985834389,-0.04194113374489707
2008-07-30,-0.007445157543929787,0,0,-0.0,1.025963985834389,-0.04194113374489707
2008-07-31,-0.0057674687364828335,0,0,0.0,1.025963985834389,-0.04194113374489707
2008-08-01,-0.005803536317812551,0,0,0.0,1.025963985834389,-0.04194113374489707
2008-08-04,-0.007657284609758279,0,0,-0.0,1.025963985834389,-0.04194113374489707
2008-08-05,-0.008974748559691052,0,0,-0.0,1.025963985834389,-0.04194113374489707
2008-08-06,-0.009037926985379956,0,0,-0.0,1.025963985834389,-0.04194113374489707
2008-08-07,-0.0018276636542782377,0,0,0.0,1.025963985834389,-0.04194113374489707
2008-08-08,-0.0005734766545422822,0,0,-0.0,1.025963985834389,-0.04194113374489707
2008-08-11,-0.003881476388502735,0,0,-0.0,1.025963985834389,-0.04194113374489707
2008-08-12,-0.002200630994384805,0,0,0.0,1.025963985834389,-0.04194113374489707
2008-08-13,-0.0036964900485143663,0,0,-0.0,1.025963985834389,-0.04194113374489707
2008-08-14,-0.0007143129919279676,0,0,0.0,1.025963985834389,-0.04194113374489707
2008-08-15,0.0012776294506286587,0,0,0.0,1.025963985834389,-0.04194113374489707
2008-08-18,0.0034091144894767946,0,0,0.0,1.025963985834389,-0.04194113374489707
2008-08-19,0.0006045023022994709,0,0,-0.0,1.025963985834389,-0.04194113374489707
2008-08-20,0.00029300706658157497,0,0,0.0,1.025963985834389,-0.04194113374489707
2008-08-21,-0.0016737192396051033,0,0,-0.0,1.025963985834389,-0.04194113374489707
2008-08-22,-0.0018327820965408632,0,0,-0.0,1.025963985834389,-0.04194113374489707
2008-08-25,0.0018208729706833248,0,0,0.0,1.025963985834389,-0.04194113374489707
2008-08-26,-0.000797141214403811,0,0,-0.0,1.025963985834389,-0.04194113374489707
2008-08-27,-0.0021705558303300792,0,0,0.0,1.025963985834389,-0.04194113374489707
2008-08-28,-0.004281338220656243,0,0,-0.0,1.025963985834389,-0.04194113374489707
2008-08-29,-0.0013765223292726064,0,0,-0.0,1.025963985834389,-0.04194113374489707
2008-09-02,0.00031557650674459217,0,0,0.0,1.025963985834389,-0.04194113374489707
2008-09-03,0.005283043832188322,0,0,0.0,1.025963985834389,-0.04194113374489707
2008-09-04,0.006969413061795732,1,0,0.0,1.025963985834389,-0.04194113374489707
2008-09-05,0.002589044685537274,1,1,-0.0015088645794041344,1.0244159451164192,-0.043386714833173454
2008-09-08,0.005884549694101654,0,1,-0.0012278050623346637,1.023158162033069,-0.044561249467397826
2008-09-09,0.008392254066877878,1,0,0.0,1.023158162033069,-0.044561249467397826
2008-09-10,0.006060665658265324,1,1,-0.0014146939545411907,1.0217107063667012,-0.045912902891710745
2008-09-11,0.009620104307243388,1,1,0.0010389119758216214,1.0227721738553708,-0.04492169038054806
2008-09-12,0.005035117667164124,1,1,-0.0031135012737050216,1.019587771389362,-0.04789532791403633
2008-09-15,0.01784712809282038,1,1,0.012398258565209153,1.0322288842089726,-0.036090888008370875
2008-09-16,0.01440362071407432,1,1,-0.0024305880153314696,1.0297199610539354,-0.03843375394384649
2008-09-17,0.020744195525281683,1,1,0.006184987348889726,1.0360887659859532,-0.03248647887686975
2008-09-18,0.02006353586125554,1,1,-0.0003725435410264488,1.035702777808255,-0.03284691979001998
2008-09-19,0.005581015502349056,1,1,-0.016398024783378373,1.0187192979895414,-0.048706319968624
2008-09-22,0.003921267500850333,1,1,-0.0013261343184615138,1.0173683393675985,-0.0499678631646491
2008-09-23,0.0036345500797645976,0,1,0.0002845489898508635,1.0176578305008719,-0.049697532479786685
2008-09-24,0.007198894641719711,0,0,0.0,1.0176578305008719,-0.049697532479786685
2008-09-25,0.0036006737685404084,1,0,-0.0,1.0176578305008719,-0.049697532479786685
2008-09-26,0.005118747788262162,0,1,0.0020874845810798792,1.0197821755308576,-0.047713790731476136
2008-09-29,0.013254788483075586,1,0,0.0,1.0197821755308576,-0.047713790731476136
2008-09-30,0.0005573039000443926,1,1,-0.011438214888430553,1.0081176878677445,-0.058606245028378426
2008-10-01,0.002157266220478515,0,1,0.003414264036418757,1.011559667833909,-0.05539207818666961
2008-10-02,0.007006144982744377,0,0,0.0,1.011559667833909,-0.05539207818666961
2008-10-03,0.007944004716192037,1,0,0.0,1.011559667833909,-0.05539207818666961
2008-10-06,0.022245894354430827,1,1,0.009674086597163623,1.0213455836587322,-0.04625385935068074
2008-10-07,0.01800371292115901,1,1,-0.0031627906976744447,1.0181152813476255,-0.04927035877226926
2008-10-08,0.009334322568305485,1,1,-0.008585293019783502,1.009374463329337,-0.05743265132480292
2008-10-09,0.004993799995114478,1,1,-0.004894578313253017,1.0044340009711736,-0.062046121028409014
2008-10-10,0.009954296748928181,0,1,0.0023647370412409607,1.006809223258752,-0.05982810674782928
2008-10-13,0.008907406683109591,1,0,0.0,1.006809223258752,-0.05982810674782928
2008-10-14,0.0043568724064337256,1,1,-0.007077474757006708,0.9996835563960167,-0.06648214958956868
2008-10-15,0.005978426677202419,0,1,0.002090857251473066,1.0017737520090857,-0.06453029702265847
2008-10-16,0.008017018042679794,1,0,0.0,1.0017737520090857,-0.06453029702265847
2008-10-17,0.007818486107440504,1,1,-0.00047317119333767366,1.0012997415273932,-0.0649729343383475
2008-10-20,0.009675883673836733,1,1,0.0006627532664267299,1.0019633562017627,-0.06435324209638286
2008-10-21,0.015331083323768601,1,1,0.007001608477623433,1.008978711330813,-0.05780220982418394
2008-10-22,0.01763087956086022,1,1,0.0016912524664098871,1.0106851490649065,-0.05620871548770305
2008-10-23,0.020583734350727776,1,1,0.00243879561016791,1.0131500035697079,-0.05390700144611974
2008-10-24,0.015291565595697087,1,1,-0.004304294937774955,1.008789107138136,-0.057979264750459544
2008-10-27,0.011725650728094983,1,1,-0.0015036180810074073,1.00727227359672,-0.059395704160664614
2008-10-28,0.01053056479586606,1,1,-0.0022588235294117576,1.0049970232845955,-0.061520363275972316
2008-10-29,0.00861614503692365,1,1,-0.0005659843410998899,1.0044282107065645,-0.06205152805479914
2008-10-30,0.006999980309594067,1,1,-0.0014157621519584884,1.0030061792614868,-0.0633794400018664
2008-10-31,0.00561349257546424,1,1,-0.0012287334593572563,1.0017737520090861,-0.06453029702265806
2008-11-03,0.009537132543832632,1,1,0.004258540740039729,1.0060398463443192,-0.060546561181456265
2008-11-04,0.013533668261267694,1,1,0.004428948360346796,1.0104955448722295,-0.05638577041397866
2008-11-05,0.015553727328704782,1,1,0.0017825311942958333,1.0122967847026612,-0.05470374861436018
2008-11-06,0.015811929865223315,1,1,0.00018730099269514966,1.0124863888953382,-0.05452669368808457
2008-11-07,0.011892061672696862,1,1,-0.002434456928838813,1.010021534390537,-0.05682840772966768
2008-11-10,0.014306322484130328,1,1,0.0014079219072646865,1.0114435658356145,-0.05550049578260062
2008-11-11,0.015950635765381103,1,1,0.0,1.0114435658356145,-0.05550049578260062
2008-11-12,0.01927089776765034,1,1,0.004780204330302684,1.0162784727488787,-0.0509855951625718
2008-11-13,0.016997569365630082,1,1,-0.0017723880597014796,1.014477232918447,-0.05266761696219028
2008-11-14,0.02074929281349315,1,1,0.001682085786375076,1.0161836706525402,-0.0510741226257096
2008-11-17,0.02412468966711644,1,1,0.0018658456945610524,1.0180797125793106,-0.049303573362953115
2008-11-18,0.026617313212436176,1,1,0.004376571375360738,1.0225354111072207,-0.04514278259547571
2008-11-19,0.028761665731332917,1,1,0.003523085481179189,1.026137890768084,-0.041778738996238754
2008-11-20,0.03381778523639425,1,1,0.006559497413155979,1.0328688396081187,-0.03549328911345344
2008-11-21,0.03180186678173896,1,1,-0.002386415787058338,1.0304039851033173,-0.037795003155036755
2008-11-24,0.02710067340348525,1,1,-0.006532339681663335,1.0236730362632829,-0.044080453037821855
2008-11-25,0.032645892154961074,1,1,0.0072235599185035415,1.0310675997776872,-0.03717531091307171
2008-11-26,0.03731703611926402,1,1,0.0023905847738137087,1.0335324542824884,-0.0348735968714886
2008-11-28,0.04066211791703988,1,1,0.0020179783525957617,1.0356181004019356,-0.03292599268245671
2008-12-01,0.04997700229095354,1,1,0.009337239106554485,1.0452879142284641,-0.023896191442399066
2008-12-02,0.052653244080200765,1,1,0.0008162524941046634,1.0461411330955106,-0.023099444274158835
2008-12-03,0.052747283908987155,1,1,0.001178069777979296,1.0473735603479115,-0.02194858725336697
2008-12-04,0.05686862731663364,1,1,0.003077480086893347,1.0505968316234209,-0.018938653506681224
2008-12-05,0.050885367373877444,1,1,-0.004872766648619353,1.0454775184211411,-0.023719136516123458
2008-12-08,0.04912156211258186,1,1,-0.00244831338411311,1.0429178618200012,-0.02610937802084458
2008-12-09,0.04847644603394785,1,1,0.003272429779110908,1.0463307372881876,-0.022922389347883227
2008-12-10,0.047116020387510865,1,1,-0.0003624173235481365,1.0459515289028334,-0.023276499200434647
2008-12-11,0.04760892262680482,1,1,0.0028097525605004225,1.0488903938893275,-0.020532147843162107
2008-12-12,0.047213944200611216,1,1,0.0011749819233550785,1.0501228211417282,-0.019381290822370452
2008-12-15,0.05483129396691073,1,1,0.001805543017062483,1.0520188630684986,-0.017610741559613962
2008-12-16,0.058937432098237715,1,1,0.005767324502117699,1.0580861972341635,-0.011944983918793482
2008-12-17,0.05909453598861299,1,1,0.0013439655944809115,1.0595082286792414,-0.01061707197172601
2008-12-18,0.06021923602995162,1,1,0.0027738010021474135,1.0624470936657353,-0.007872720614453677
2008-12-19,0.05783787313185043,1,1,-0.0028553582582313553,1.059413426582903,-0.010705599434863813
2008-12-22,0.05568724629104784,1,1,-0.001521252796420569,1.0578017909451483,-0.012210566308206685
2008-12-23,0.05156655184575262,1,1,-0.0007169743681663121,1.0570433741744403,-0.012918786013309116
2008-12-24,0.05233540440265534,1,1,-0.0014349775784753271,1.055526540633024,-0.014335225423514184
2008-12-26,0.051512638046490845,1,1,0.001616669660499337,1.0572329783671173,-0.012741731087033508
2008-12-29,0.05024389820687909,1,1,0.001883070301291312,1.0592238223902262,-0.010882654361139214
2008-12-30,0.04809437051175142,1,1,0.0,1.0592238223902262,-0.010882654361139214
2008-12-31,0.03683113079668395,1,1,-0.009397655061308519,1.0492696022746821,-0.02017803799061027
2009-01-02,0.02852116449874284,1,1,-0.006685941452837074,1.042254247145632,-0.026729070262808997
2009-01-05,0.03018126632843978,1,1,0.0001819174094961351,1.042443851338309,-0.02655201533653339
2009-01-06,0.03438470284246931,1,1,-0.0004547108039286707,1.0419698408566165,-0.02699465265222241
2009-01-07,0.036256869439233105,1,1,0.00081885178782648,1.0428230597236632,-0.026197905483981966
2009-01-08,0.03818556597329336,1,1,0.001636363636363658,1.0445294974577564,-0.024604411147501292
2009-01-09,0.04306420379512695,1,1,0.0017244508985296836,1.046330737288188,-0.02292238934788281
2009-01-12,0.04584232726143173,1,1,0.002899338588384426,1.0493644043710204,-0.020089510527472675
2009-01-13,0.045069632399685956,1,1,-9.034239768712649e-05,1.049269602274682,-0.02017803799061048
2009-01-14,0.04480724231824633,1,1,0.0022587640043367774,1.0516396546831448,-0.01796485141216497
2009-01-15,0.0446578354818714,1,1,-0.0003605877580457051,1.0512604462977906,-0.018318961264716393
2009-01-16,0.036586944234007504,1,1,-0.0032464604563080535,1.047847570829604,-0.02150594993767795
2009-01-20,0.035439895704379935,1,1,-0.0006333122229259525,1.0471839561552343,-0.022125642179642784
2009-01-21,0.02951409366429959,1,1,-0.00588448307079481,1.0410218198932308,-0.02787992728360107
2009-01-22,0.028717582690095052,1,1,-0.0012749294235497866,1.0396945905444916,-0.029119311767530527
2009-01-23,0.02719371971678343,1,1,-0.0015501048600347067,1.0380829549067367,-0.03062427864087361
2009-01-26,0.02767951781076933,1,1,-0.0011872146118721005,1.036850527654336,-0.03177513566166527
2009-01-27,0.031244436394387037,1,1,0.003291579043613435,1.0402634031225226,-0.028588146988703704
2009-01-28,0.027868724917820054,1,1,-0.004374373462134318,1.0357129024982739,-0.032837465219319115
2009-01-29,0.02158517884568794,1,1,-0.004668192219679734,1.0308779955850096,-0.037352365839347944
2009-01-30,0.021910483663114686,1,1,-0.0007356998344675292,1.0301195788143014,-0.038060585544450576
2009-02-02,0.0260753585098838,1,1,0.003589177250137965,1.0338168605715035,-0.03460801448207561
2009-02-03,0.018871811453229463,1,1,-0.004218248509857858,1.0294559641399317,-0.03868027778641541
2009-02-04,0.016958582418012232,1,1,-0.002394327286122211,1.0269911096351303,-0.04098199182799873
2009-02-05,0.01863158485429185,1,1,0.0008307947936860849,1.027844328502177,-0.040185244659758285
2009-02-06,0.014538516668464384,1,1,-0.0024903154399557037,1.0252846719010371,-0.0425754861644794
2009-02-09,0.011797207935836433,1,1,-0.0018492834026815341,1.0233886299742667,-0.04434603542723589
2009-02-10,0.015895566609985323,1,1,0.0067623899953681565,1.0303091830069782,-0.037883530618175176
2009-02-11,0.016107818929198124,1,1,0.00156422524843558,1.0319208186447326,-0.03637856374483251
2009-02-12,0.01780236981914387,1,1,0.0019292604501608412,1.0339116626678415,-0.03451948701893822
2009-02-13,0.012491626789418307,1,1,-0.00550155877498637,1.0282235368875305,-0.039831134807207486
2009-02-17,0.017527893855796783,1,1,0.006730591923289619,1.035144089920242,-0.03336862999814677
2009-02-18,0.012507612331956967,1,1,-0.003480172176939189,1.0315416102593786,-0.036732673597383726
2009-02-19,0.006512245275933181,1,1,-0.0037680360261005408,1.0276547243094996,-0.04036229958603431
2009-02-20,0.01025872419053681,1,1,0.0026752767527673527,1.0304039851033162,-0.03779500315503779
2009-02-23,0.013309269791035949,1,1,-0.0008280430582390252,1.0295507662362695,-0.03859175032327823
2009-02-24,0.007454268369389126,1,1,-0.0013812154696132284,1.0281287347911918,-0.0399196622703455
2009-02-25,0.0005066670419920369,1,1,-0.005071461502996755,1.0229146194925736,-0.044788672742925535
2009-02-26,-0.001787009806150352,0,1,-0.0006487488415199971,1.0222510048182039,-0.04540836498489037
2009-02-27,-0.004152242000431466,0,0,0.0,1.0222510048182039,-0.04540836498489037
2009-03-02,0.0016306849241965289,0,0,0.0,1.0222510048182039,-0.04540836498489037
2009-03-03,-0.0022408168448404195,0,0,-0.0,1.0222510048182039,-0.04540836498489037
2009-03-04,-0.00500177422895091,0,0,-0.0,1.0222510048182039,-0.04540836498489037
2009-03-05,0.003764695852627136,0,0,0.0,1.0222510048182039,-0.04540836498489037
2009-03-06,0.00425072965768274,0,0,-0.0,1.0222510048182039,-0.04540836498489037
2009-03-09,-0.002970727598388312,0,0,-0.0,1.0222510048182039,-0.04540836498489037
2009-03-10,-0.004890578830217214,0,0,-0.0,1.0222510048182039,-0.04540836498489037
2009-03-11,-0.007636927778978991,0,0,0.0,1.0222510048182039,-0.04540836498489037
2009-03-12,-0.006764468098695896,0,0,0.0,1.0222510048182039,-0.04540836498489037
2009-03-13,0.0001724468963772367,0,0,0.0,1.0222510048182039,-0.04540836498489037
2009-03-16,-0.0020439713639192236,0,0,-0.0,1.0222510048182039,-0.04540836498489037
2009-03-17,-0.005487628969114677,0,0,-0.0,1.0222510048182039,-0.04540836498489037
2009-03-18,0.008452324784226188,0,0,0.0,1.0222510048182039,-0.04540836498489037
2009-03-19,0.009596638949273716,1,0,-0.0,1.0222510048182039,-0.04540836498489037
2009-03-20,0.008532084802168643,1,1,-0.00036603221083464366,1.0218768280228823,-0.04575777627149925
2009-03-23,0.003488254337754165,1,1,-0.0011900402782862862,1.0206607534380876,-0.04689336295297765
2009-03-24,0.008558517730770165,0,1,-0.00018330125561361044,1.020473665040427,-0.04706806859628199
2009-03-25,0.0034156258417883164,1,0,-0.0,1.020473665040427,-0.04706806859628199
2009-03-26,0.0028498656017321646,0,1,0.002024291497975783,1.0225394012044764,-0.04513905658939184
2009-03-27,0.0021474470456379507,0,0,-0.0,1.0225394012044764,-0.04513905658939184
2009-03-30,0.004195890739336516,0,0,0.0,1.0225394012044764,-0.04513905658939184
2009-03-31,0.003476139842482157,0,0,-0.0,1.0225394012044764,-0.04513905658939184
2009-04-01,0.0079026975671375,0,0,0.0,1.0225394012044764,-0.04513905658939184
2009-04-02,0.005110998434763498,1,0,-0.0,1.0225394012044764,-0.04513905658939184
2009-04-03,-0.0014339802097678885,1,1,-0.005730659025787954,1.0166795765557401,-0.05061103907312024
2009-04-06,-0.0024962477357430286,0,1,-0.0008366644975363879,1.0158289568486656,-0.05140535911108077
2009-04-07,0.0017815642073706452,0,0,0.0,1.0158289568486656,-0.05140535911108077
2009-04-08,0.0016108266069348007,0,0,0.0,1.0158289568486656,-0.05140535911108077
2009-04-09,-0.0017630831012938552,0,0,-0.0,1.0158289568486656,-0.05140535911108077
2009-04-13,0.0008042962710302472,0,0,0.0,1.0158289568486656,-0.05140535911108077
2009-04-14,0.0029694733236152676,0,0,0.0,1.0158289568486656,-0.05140535911108077
2009-04-15,0.0027844928378088166,0,0,0.0,1.0158289568486656,-0.05140535911108077
2009-04-16,-0.002185294583526104,0,0,-0.0,1.0158289568486656,-0.05140535911108077
2009-04-17,-0.004579734086088414,0,0,-0.0,1.0158289568486656,-0.05140535911108077
2009-04-20,0.0005977341026676851,0,0,0.0,1.0158289568486656,-0.05140535911108077
2009-04-21,-0.0005128211977997684,0,0,-0.0,1.0158289568486656,-0.05140535911108077
2009-04-22,-0.0017690343013472276,0,0,-0.0,1.0158289568486656,-0.05140535911108077
2009-04-23,-0.0012750971504242431,0,0,0.0,1.0158289568486656,-0.05140535911108077
2009-04-24,-0.00165483810249929,0,0,-0.0,1.0158289568486656,-0.05140535911108077
2009-04-27,0.004632198589846436,0,0,0.0,1.0158289568486656,-0.05140535911108077
2009-04-28,0.0004788811568024916,0,0,-0.0,1.0158289568486656,-0.05140535911108077
2009-04-29,-0.0045535619375009495,0,0,-0.0,1.0158289568486656,-0.05140535911108077
2009-04-30,-0.005837163380820521,0,0,-0.0,1.0158289568486656,-0.05140535911108077
2009-05-01,-0.005593333077720946,0,0,-0.0,1.0158289568486656,-0.05140535911108077
2009-05-04,-0.004591356421121046,0,0,0.0,1.0158289568486656,-0.05140535911108077
2009-05-05,-0.003976387254400104,0,0,-0.0,1.0158289568486656,-0.05140535911108077
2009-05-06,-0.0026486593298765794,0,0,0.0,1.0158289568486656,-0.05140535911108077
2009-05-07,-0.011008646940959715,0,0,-0.0,1.0158289568486656,-0.05140535911108077
2009-05-08,-0.0101049399206469,0,0,0.0,1.0158289568486656,-0.05140535911108077
2009-05-11,-0.0071163783823292685,0,0,0.0,1.0158289568486656,-0.05140535911108077
2009-05-12,-0.005568168573935406,0,0,0.0,1.0158289568486656,-0.05140535911108077
2009-05-13,-0.007575279164211085,0,0,0.0,1.0158289568486656,-0.05140535911108077
2009-05-14,-0.008063779276370284,0,0,0.0,1.0158289568486656,-0.05140535911108077
2009-05-15,-0.00948601231723482,0,0,-0.0,1.0158289568486656,-0.05140535911108077
2009-05-18,-0.013230152518156034,0,0,-0.0,1.0158289568486656,-0.05140535911108077
2009-05-19,-0.010665391607131995,0,0,-0.0,1.0158289568486656,-0.05140535911108077
2009-05-20,-0.010937597309663039,0,0,0.0,1.0158289568486656,-0.05140535911108077
2009-05-21,-0.012999220956678187,0,0,-0.0,1.0158289568486656,-0.05140535911108077
2009-05-22,-0.015003185618936607,0,0,-0.0,1.0158289568486656,-0.05140535911108077
2009-05-26,-0.020836869614813958,0,0,-0.0,1.0158289568486656,-0.05140535911108077
2009-05-27,-0.026197648987805296,0,0,-0.0,1.0158289568486656,-0.05140535911108077
2009-05-28,-0.02577524228499558,0,0,-0.0,1.0158289568486656,-0.05140535911108077
2009-05-29,-0.020219535119543476,0,0,0.0,1.0158289568486656,-0.05140535911108077
2009-06-01,-0.030066028540933105,0,0,-0.0,1.0158289568486656,-0.05140535911108077
2009-06-02,-0.027891469989489805,0,0,0.0,1.0158289568486656,-0.05140535911108077
2009-06-03,-0.025063021707066518,0,0,0.0,1.0158289568486656,-0.05140535911108077
2009-06-04,-0.028965625755994436,0,0,-0.0,1.0158289568486656,-0.05140535911108077
2009-06-05,-0.038987150023305,0,0,-0.0,1.0158289568486656,-0.05140535911108077
2009-06-08,-0.04253687374584474,0,0,-0.0,1.0158289568486656,-0.05140535911108077
2009-06-09,-0.04171226010928106,0,0,0.0,1.0158289568486656,-0.05140535911108077
2009-06-10,-0.04596910075728008,0,0,-0.0,1.0158289568486656,-0.05140535911108077
2009-06-11,-0.04380803942589947,0,0,0.0,1.0158289568486656,-0.05140535911108077
2009-06-12,-0.048040447690791466,0,0,0.0,1.0158289568486656,-0.05140535911108077
2009-06-15,-0.043766354066460074,0,0,0.0,1.0158289568486656,-0.05140535911108077
2009-06-16,-0.04177991753755134,0,0,0.0,1.0158289568486656,-0.05140535911108077
2009-06-17,-0.040203280286115174,0,0,0.0,1.0158289568486656,-0.05140535911108077
2009-06-18,-0.04633785061176683,0,0,-0.0,1.0158289568486656,-0.05140535911108077
2009-06-19,-0.04395548068007908,0,0,0.0,1.0158289568486656,-0.05140535911108077
2009-06-22,-0.041620576985648104,0,0,0.0,1.0158289568486656,-0.05140535911108077
2009-06-23,-0.040137930328093416,0,0,0.0,1.0158289568486656,-0.05140535911108077
2009-06-24,-0.03730656358729161,0,0,-0.0,1.0158289568486656,-0.05140535911108077
2009-06-25,-0.029171635777687967,0,0,0.0,1.0158289568486656,-0.05140535911108077
2009-06-26,-0.029254375684313525,0,0,0.0,1.0158289568486656,-0.05140535911108077
2009-06-29,-0.02596884470254403,0,0,0.0,1.0158289568486656,-0.05140535911108077
2009-06-30,-0.028789771798938234,0,0,-0.0,1.0158289568486656,-0.05140535911108077
2009-07-01,-0.028534773848275588,0,0,0.0,1.0158289568486656,-0.05140535911108077
2009-07-02,-0.026172393239798215,0,0,0.0,1.0158289568486656,-0.05140535911108077
2009-07-06,-0.025405955126868864,0,0,0.0,1.0158289568486656,-0.05140535911108077
2009-07-07,-0.022768771885115613,0,0,0.0,1.0158289568486656,-0.05140535911108077
2009-07-08,-0.020772268074795108,0,0,0.0,1.0158289568486656,-0.05140535911108077
2009-07-09,-0.024230076291215322,0,0,-0.0,1.0158289568486656,-0.05140535911108077
2009-07-10,-0.020664217362309167,0,0,0.0,1.0158289568486656,-0.05140535911108077
2009-07-13,-0.02115608138937118,0,0,-0.0,1.0158289568486656,-0.05140535911108077
2009-07-14,-0.021148517987315138,0,0,-0.0,1.0158289568486656,-0.05140535911108077
2009-07-15,-0.02768714115923859,0,0,-0.0,1.0158289568486656,-0.05140535911108077
2009-07-16,-0.024989987106386474,0,0,0.0,1.0158289568486656,-0.05140535911108077
2009-07-17,-0.025504586112547183,0,0,-0.0,1.0158289568486656,-0.05140535911108077
2009-07-20,-0.024411696387020086,0,0,0.0,1.0158289568486656,-0.05140535911108077
2009-07-21,-0.019089481964572046,0,0,0.0,1.0158289568486656,-0.05140535911108077
2009-07-22,-0.022037225414186744,0,0,-0.0,1.0158289568486656,-0.05140535911108077
2009-07-23,-0.026065490510851767,0,0,-0.0,1.0158289568486656,-0.05140535911108077
2009-07-24,-0.025668153955792958,0,0,0.0,1.0158289568486656,-0.05140535911108077
2009-07-27,-0.02544077888404202,0,0,-0.0,1.0158289568486656,-0.05140535911108077
2009-07-28,-0.024693037784248806,0,0,-0.0,1.0158289568486656,-0.05140535911108077
2009-07-29,-0.025302113408949875,0,0,-0.0,1.0158289568486656,-0.05140535911108077
2009-07-30,-0.024305076989517678,0,0,0.0,1.0158289568486656,-0.05140535911108077
2009-07-31,-0.020979366469144046,0,0,0.0,1.0158289568486656,-0.05140535911108077
2009-08-03,-0.02680363459850873,0,0,-0.0,1.0158289568486656,-0.05140535911108077
2009-08-04,-0.02872687881336116,0,0,-0.0,1.0158289568486656,-0.05140535911108077
2009-08-05,-0.033542651120472056,0,0,-0.0,1.0158289568486656,-0.05140535911108077
2009-08-06,-0.030088275172004762,0,0,0.0,1.0158289568486656,-0.05140535911108077
2009-08-07,-0.03797565617125636,0,0,-0.0,1.0158289568486656,-0.05140535911108077
2009-08-10,-0.03347493586712808,0,0,0.0,1.0158289568486656,-0.05140535911108077
2009-08-11,-0.029831581856802947,0,0,0.0,1.0158289568486656,-0.05140535911108077
2009-08-12,-0.027918034974475436,0,0,0.0,1.0158289568486656,-0.05140535911108077
2009-08-13,-0.024025473825804885,0,0,0.0,1.0158289568486656,-0.05140535911108077
2009-08-14,-0.02283224826711954,0,0,0.0,1.0158289568486656,-0.05140535911108077
2009-08-17,-0.01810210014234311,0,0,0.0,1.0158289568486656,-0.05140535911108077
2009-08-18,-0.019250201453434805,0,0,-0.0,1.0158289568486656,-0.05140535911108077
2009-08-19,-0.015984959042911355,0,0,0.0,1.0158289568486656,-0.05140535911108077
2009-08-20,-0.014341255206410696,0,0,0.0,1.0158289568486656,-0.05140535911108077
2009-08-21,-0.0189962803134004,0,0,-0.0,1.0158289568486656,-0.05140535911108077
2009-08-24,-0.017192886086156465,0,0,0.0,1.0158289568486656,-0.05140535911108077
2009-08-25,-0.014862041845682015,0,0,0.0,1.0158289568486656,-0.05140535911108077
2009-08-26,-0.013955584192639885,0,0,0.0,1.0158289568486656,-0.05140535911108077
2009-08-27,-0.016546448582758527,0,0,-0.0,1.0158289568486656,-0.05140535911108077
2009-08-28,-0.013353873740989612,0,0,0.0,1.0158289568486656,-0.05140535911108077
2009-08-31,-0.008792071634546162,0,0,0.0,1.0158289568486656,-0.05140535911108077
2009-09-01,-0.006348256315676615,0,0,0.0,1.0158289568486656,-0.05140535911108077
2009-09-02,-0.002447284765312696,0,0,0.0,1.0158289568486656,-0.05140535911108077
2009-09-03,-0.0018109266734767982,0,0,-0.0,1.0158289568486656,-0.05140535911108077
2009-09-04,-0.0047528696097440025,0,0,-0.0,1.0158289568486656,-0.05140535911108077
2009-09-08,-0.012758454254208839,0,0,-0.0,1.0158289568486656,-0.05140535911108077
2009-09-09,-0.012326424165059623,0,0,-0.0,1.0158289568486656,-0.05140535911108077
2009-09-10,-0.008968709168867788,0,0,0.0,1.0158289568486656,-0.05140535911108077
2009-09-11,-0.011211881189951128,0,0,-0.0,1.0158289568486656,-0.05140535911108077
2009-09-14,-0.009522767512097923,0,0,-0.0,1.0158289568486656,-0.05140535911108077
2009-09-15,-0.011108044142456891,0,0,-0.0,1.0158289568486656,-0.05140535911108077
2009-09-16,-0.015149669370651703,0,0,-0.0,1.0158289568486656,-0.05140535911108077
2009-09-17,-0.013340181065567204,0,0,0.0,1.0158289568486656,-0.05140535911108077
2009-09-18,-0.01802785814429228,0,0,-0.0,1.0158289568486656,-0.05140535911108077
2009-09-21,-0.017039652234198968,0,0,-0.0,1.0158289568486656,-0.05140535911108077
2009-09-22,-0.015657318388604576,0,0,0.0,1.0158289568486656,-0.05140535911108077
2009-09-23,-0.012084466010368573,0,0,0.0,1.0158289568486656,-0.05140535911108077
2009-09-24,-0.007500993346781691,0,0,0.0,1.0158289568486656,-0.05140535911108077
2009-09-25,-0.0070148762273538985,0,0,0.0,1.0158289568486656,-0.05140535911108077
2009-09-28,-0.006417892815256693,0,0,0.0,1.0158289568486656,-0.05140535911108077
2009-09-29,-0.007852785324078364,0,0,-0.0,1.0158289568486656,-0.05140535911108077
2009-09-30,-0.009977301167098065,0,0,-0.0,1.0158289568486656,-0.05140535911108077
2009-10-01,-0.009057499364547765,0,0,0.0,1.0158289568486656,-0.05140535911108077
2009-10-02,-0.009163779311802227,0,0,-0.0,1.0158289568486656,-0.05140535911108077
2009-10-05,-0.011469808037263506,0,0,-0.0,1.0158289568486656,-0.05140535911108077
2009-10-06,-0.01103533826205359,0,0,-0.0,1.0158289568486656,-0.05140535911108077
2009-10-07,-0.006156851803996877,0,0,0.0,1.0158289568486656,-0.05140535911108077
2009-10-08,-0.007780626463172185,0,0,-0.0,1.0158289568486656,-0.05140535911108077
2009-10-09,-0.012048367171887507,0,0,-0.0,1.0158289568486656,-0.05140535911108077
2009-10-12,-0.009729522657520168,0,0,0.0,1.0158289568486656,-0.05140535911108077
2009-10-13,-0.0075879023270407795,0,0,0.0,1.0158289568486656,-0.05140535911108077
2009-10-14,-0.010941141941629666,0,0,-0.0,1.0158289568486656,-0.05140535911108077
2009-10-15,-0.013076690281267416,0,0,-0.0,1.0158289568486656,-0.05140535911108077
2009-10-16,-0.008893839082329817,0,0,0.0,1.0158289568486656,-0.05140535911108077
2009-10-19,-0.00876207962321362,0,0,0.0,1.0158289568486656,-0.05140535911108077
2009-10-20,-0.005921087427366356,0,0,0.0,1.0158289568486656,-0.05140535911108077
2009-10-21,-0.00863407218367793,0,0,-0.0,1.0158289568486656,-0.05140535911108077
2009-10-22,-0.008251286718003386,0,0,-0.0,1.0158289568486656,-0.05140535911108077
2009-10-23,-0.010829374042369793,0,0,-0.0,1.0158289568486656,-0.05140535911108077
2009-10-26,-0.014802194679171715,0,0,-0.0,1.0158289568486656,-0.05140535911108077
2009-10-27,-0.008438089282686962,0,0,0.0,1.0158289568486656,-0.05140535911108077
2009-10-28,-0.0056553661939371495,0,0,0.0,1.0158289568486656,-0.05140535911108077
2009-10-29,-0.010115483362448989,0,0,-0.0,1.0158289568486656,-0.05140535911108077
2009-10-30,-0.006507308723312671,0,0,0.0,1.0158289568486656,-0.05140535911108077
2009-11-02,-0.007425021324741948,0,0,-0.0,1.0158289568486656,-0.05140535911108077
2009-11-03,-0.01017092598061057,0,0,-0.0,1.0158289568486656,-0.05140535911108077
2009-11-04,-0.013446573021799645,0,0,-0.0,1.0158289568486656,-0.05140535911108077
2009-11-05,-0.01057434656132743,0,0,0.0,1.0158289568486656,-0.05140535911108077
2009-11-06,-0.008630238245472072,0,0,0.0,1.0158289568486656,-0.05140535911108077
2009-11-09,-0.010640350966661348,0,0,0.0,1.0158289568486656,-0.05140535911108077
2009-11-10,-0.01078209614849117,0,0,0.0,1.0158289568486656,-0.05140535911108077
2009-11-11,-0.00909154083967989,0,0,0.0,1.0158289568486656,-0.05140535911108077
2009-11-12,-0.008816316690504755,0,0,0.0,1.0158289568486656,-0.05140535911108077
2009-11-13,-0.007426683457756954,0,0,0.0,1.0158289568486656,-0.05140535911108077
2009-11-16,-0.002614765852003648,0,0,0.0,1.0158289568486656,-0.05140535911108077
2009-11-17,-0.005771251187359334,0,0,0.0,1.0158289568486656,-0.05140535911108077
2009-11-18,-0.0026849833478919177,0,0,-0.0,1.0158289568486656,-0.05140535911108077
2009-11-19,-0.0018186346955756825,0,0,0.0,1.0158289568486656,-0.05140535911108077
2009-11-20,-0.0032790705104728925,0,0,-0.0,1.0158289568486656,-0.05140535911108077
2009-11-23,-0.0016508180361707427,0,0,-0.0,1.0158289568486656,-0.05140535911108077
2009-11-24,0.002260885313093235,0,0,0.0,1.0158289568486656,-0.05140535911108077
2009-11-25,0.0031663042817297246,0,0,0.0,1.0158289568486656,-0.05140535911108077
2009-11-27,0.004378582539214381,0,0,0.0,1.0158289568486656,-0.05140535911108077
2009-11-30,0.0014610915051487868,0,0,-0.0,1.0158289568486656,-0.05140535911108077
2009-12-01,9.557976229336226e-05,0,0,-0.0,1.0158289568486656,-0.05140535911108077
2009-12-02,-0.0028390105127960924,0,0,-0.0,1.0158289568486656,-0.05140535911108077
2009-12-03,-0.004645936439965847,0,0,-0.0,1.0158289568486656,-0.05140535911108077
2009-12-04,-0.011000020959715568,0,0,-0.0,1.0158289568486656,-0.05140535911108077
2009-12-07,-0.009160875970753202,0,0,0.0,1.0158289568486656,-0.05140535911108077
2009-12-08,-0.0034764579022432624,0,0,0.0,1.0158289568486656,-0.05140535911108077
2009-12-09,-0.004623996582645279,0,0,-0.0,1.0158289568486656,-0.05140535911108077
2009-12-10,-0.007474040217964305,0,0,-0.0,1.0158289568486656,-0.05140535911108077
2009-12-11,-0.01113176123227152,0,0,-0.0,1.0158289568486656,-0.05140535911108077
2009-12-14,-0.009510350487682312,0,0,-0.0,1.0158289568486656,-0.05140535911108077
2009-12-15,-0.0127965822152224,0,0,-0.0,1.0158289568486656,-0.05140535911108077
2009-12-16,-0.013241201287946026,0,0,0.0,1.0158289568486656,-0.05140535911108077
2009-12-17,-0.009616662867410508,0,0,0.0,1.0158289568486656,-0.05140535911108077
2009-12-18,-0.010805375449555121,0,0,-0.0,1.0158289568486656,-0.05140535911108077
2009-12-21,-0.015879545396724586,0,0,-0.0,1.0158289568486656,-0.05140535911108077
2009-12-22,-0.019326377962856148,0,0,-0.0,1.0158289568486656,-0.05140535911108077
2009-12-23,-0.020883039453879457,0,0,-0.0,1.0158289568486656,-0.05140535911108077
2009-12-24,-0.022948404979609385,0,0,-0.0,1.0158289568486656,-0.05140535911108077
2009-12-28,-0.02875886141216128,0,0,-0.0,1.0158289568486656,-0.05140535911108077
2009-12-29,-0.026191202837449683,0,0,0.0,1.0158289568486656,-0.05140535911108077
2009-12-30,-0.026078583581680182,0,0,0.0,1.0158289568486656,-0.05140535911108077
2009-12-31,-0.02853267268264826,0,0,-0.0,1.0158289568486656,-0.05140535911108077
2010-01-04,-0.026455380054765762,0,0,0.0,1.0158289568486656,-0.05140535911108077
2010-01-05,-0.019496168009598164,0,0,0.0,1.0158289568486656,-0.05140535911108077
2010-01-06,-0.019570047502408993,0,0,-0.0,1.0158289568486656,-0.05140535911108077
2010-01-07,-0.01967631453240791,0,0,-0.0,1.0158289568486656,-0.05140535911108077
2010-01-08,-0.020779550754166307,0,0,0.0,1.0158289568486656,-0.05140535911108077
2010-01-11,-0.019862708814184178,0,0,0.0,1.0158289568486656,-0.05140535911108077
2010-01-12,-0.014488489601285598,0,0,0.0,1.0158289568486656,-0.05140535911108077
2010-01-13,-0.014632832240819566,0,0,-0.0,1.0158289568486656,-0.05140535911108077
2010-01-14,-0.013682507964047842,0,0,0.0,1.0158289568486656,-0.05140535911108077
2010-01-15,-0.011429376368989046,0,0,0.0,1.0158289568486656,-0.05140535911108077
2010-01-19,-0.011709473399546082,0,0,-0.0,1.0158289568486656,-0.05140535911108077
2010-01-20,-0.00981718665285895,0,0,0.0,1.0158289568486656,-0.05140535911108077
2010-01-21,-0.006194204183425588,0,0,0.0,1.0158289568486656,-0.05140535911108077
2010-01-22,-0.005256046496180666,0,0,0.0,1.0158289568486656,-0.05140535911108077
2010-01-25,-0.006807561205031121,0,0,-0.0,1.0158289568486656,-0.05140535911108077
2010-01-26,-0.007024777797488623,0,0,0.0,1.0158289568486656,-0.05140535911108077
2010-01-27,-0.006133011931202054,0,0,-0.0,1.0158289568486656,-0.05140535911108077
2010-01-28,-0.006815746057607613,0,0,0.0,1.0158289568486656,-0.05140535911108077
2010-01-29,-0.0042692394350120335,0,0,0.0,1.0158289568486656,-0.05140535911108077
2010-02-01,-0.006185216391358139,0,0,-0.0,1.0158289568486656,-0.05140535911108077
2010-02-02,-0.005394267975955552,0,0,0.0,1.0158289568486656,-0.05140535911108077
2010-02-03,-0.008870115051534577,0,0,-0.0,1.0158289568486656,-0.05140535911108077
2010-02-04,-0.006914038247042919,0,0,0.0,1.0158289568486656,-0.05140535911108077
2010-02-05,-0.004488738519880703,0,0,0.0,1.0158289568486656,-0.05140535911108077
2010-02-08,-0.006657563280902834,0,0,-0.0,1.0158289568486656,-0.05140535911108077
2010-02-09,-0.007569215259205058,0,0,-0.0,1.0158289568486656,-0.05140535911108077
2010-02-10,-0.011452795568628975,0,0,-0.0,1.0158289568486656,-0.05140535911108077
2010-02-11,-0.012442467579366656,0,0,-0.0,1.0158289568486656,-0.05140535911108077
2010-02-12,-0.01051698891565373,0,0,0.0,1.0158289568486656,-0.05140535911108077
2010-02-16,-0.010247405664926594,0,0,0.0,1.0158289568486656,-0.05140535911108077
2010-02-17,-0.013945558678274583,0,0,-0.0,1.0158289568486656,-0.05140535911108077
2010-02-18,-0.016578238353173496,0,0,-0.0,1.0158289568486656,-0.05140535911108077
2010-02-19,-0.01667131583132342,0,0,-0.0,1.0158289568486656,-0.05140535911108077
2010-02-22,-0.016202664555146656,0,0,0.0,1.0158289568486656,-0.05140535911108077
2010-02-23,-0.014295222711142825,0,0,0.0,1.0158289568486656,-0.05140535911108077
2010-02-24,-0.015582988637682246,0,0,-0.0,1.0158289568486656,-0.05140535911108077
2010-02-25,-0.01528292128675348,0,0,0.0,1.0158289568486656,-0.05140535911108077
2010-02-26,-0.012113181087595576,0,0,0.0,1.0158289568486656,-0.05140535911108077
2010-03-01,-0.011229930330344084,0,0,-0.0,1.0158289568486656,-0.05140535911108077
2010-03-02,-0.012201352825828366,0,0,0.0,1.0158289568486656,-0.05140535911108077
2010-03-03,-0.011491962084364538,0,0,-0.0,1.0158289568486656,-0.05140535911108077
2010-03-04,-0.011169141193230675,0,0,-0.0,1.0158289568486656,-0.05140535911108077
2010-03-05,-0.014746440771355201,0,0,-0.0,1.0158289568486656,-0.05140535911108077
2010-03-08,-0.01596614612489498,0,0,-0.0,1.0158289568486656,-0.05140535911108077
2010-03-09,-0.013727687651861286,0,0,0.0,1.0158289568486656,-0.05140535911108077
2010-03-10,-0.013802267287126595,0,0,-0.0,1.0158289568486656,-0.05140535911108077
2010-03-11,-0.014112242002142117,0,0,-0.0,1.0158289568486656,-0.05140535911108077
2010-03-12,-0.013027133640007866,0,0,-0.0,1.0158289568486656,-0.05140535911108077
2010-03-15,-0.011411226727324936,0,0,0.0,1.0158289568486656,-0.05140535911108077
2010-03-16,-0.010320923916480595,0,0,0.0,1.0158289568486656,-0.05140535911108077
2010-03-17,-0.011772555609530505,0,0,-0.0,1.0158289568486656,-0.05140535911108077
2010-03-18,-0.01177927496239715,0,0,-0.0,1.0158289568486656,-0.05140535911108077
2010-03-19,-0.011271821761643368,0,0,-0.0,1.0158289568486656,-0.05140535911108077
2010-03-22,-0.009938554546477301,0,0,0.0,1.0158289568486656,-0.05140535911108077
2010-03-23,-0.010513573469508146,0,0,-0.0,1.0158289568486656,-0.05140535911108077
2010-03-24,-0.014189123246644182,0,0,-0.0,1.0158289568486656,-0.05140535911108077
2010-03-25,-0.017733258601246287,0,0,-0.0,1.0158289568486656,-0.05140535911108077
2010-03-26,-0.016519441762705554,0,0,0.0,1.0158289568486656,-0.05140535911108077
2010-03-29,-0.016573134993422205,0,0,0.0,1.0158289568486656,-0.05140535911108077
2010-03-30,-0.014778567335865817,0,0,-0.0,1.0158289568486656,-0.05140535911108077
2010-03-31,-0.016556748213833065,0,0,-0.0,1.0158289568486656,-0.05140535911108077
2010-04-01,-0.01822852282554921,0,0,-0.0,1.0158289568486656,-0.05140535911108077
2010-04-05,-0.021148161654567423,0,0,-0.0,1.0158289568486656,-0.05140535911108077
2010-04-06,-0.01940096504089426,0,0,0.0,1.0158289568486656,-0.05140535911108077
2010-04-07,-0.017417490556482722,0,0,0.0,1.0158289568486656,-0.05140535911108077
2010-04-08,-0.016674696266214362,0,0,-0.0,1.0158289568486656,-0.05140535911108077
2010-04-09,-0.017300307723912327,0,0,0.0,1.0158289568486656,-0.05140535911108077
2010-04-12,-0.015082524881525564,0,0,0.0,1.0158289568486656,-0.05140535911108077
2010-04-13,-0.01447386463880515,0,0,0.0,1.0158289568486656,-0.05140535911108077
2010-04-14,-0.017211554972750343,0,0,-0.0,1.0158289568486656,-0.05140535911108077
2010-04-15,-0.014705988292918198,0,0,0.0,1.0158289568486656,-0.05140535911108077
2010-04-16,-0.011849878593468931,0,0,0.0,1.0158289568486656,-0.05140535911108077
2010-04-19,-0.013136976481722427,0,0,-0.0,1.0158289568486656,-0.05140535911108077
2010-04-20,-0.013151563879029842,0,0,-0.0,1.0158289568486656,-0.05140535911108077
2010-04-21,-0.011976026109863789,0,0,0.0,1.0158289568486656,-0.05140535911108077
2010-04-22,-0.013246928643998478,0,0,-0.0,1.0158289568486656,-0.05140535911108077
2010-04-23,-0.014224176570947749,0,0,-0.0,1.0158289568486656,-0.05140535911108077
2010-04-26,-0.015629230571060027,0,0,0.0,1.0158289568486656,-0.05140535911108077
2010-04-27,-0.011528143697106457,0,0,0.0,1.0158289568486656,-0.05140535911108077
2010-04-28,-0.013138316651013015,0,0,-0.0,1.0158289568486656,-0.05140535911108077
2010-04-29,-0.010686509187446711,0,0,0.0,1.0158289568486656,-0.05140535911108077
2010-04-30,-0.00818176825158488,0,0,0.0,1.0158289568486656,-0.05140535911108077
2010-05-03,-0.010801797115254013,0,0,-0.0,1.0158289568486656,-0.05140535911108077
2010-05-04,-0.009348745889307723,0,0,0.0,1.0158289568486656,-0.05140535911108077
2010-05-05,-0.006116933083869841,0,0,0.0,1.0158289568486656,-0.05140535911108077
2010-05-06,0.0002212217364859822,0,0,0.0,1.0158289568486656,-0.05140535911108077
2010-05-07,-0.0008649003508057582,0,0,-0.0,1.0158289568486656,-0.05140535911108077
2010-05-10,-0.003290463354171147,0,0,-0.0,1.0158289568486656,-0.05140535911108077
2010-05-11,-0.0049257434248830435,0,0,0.0,1.0158289568486656,-0.05140535911108077
2010-05-12,-0.006941774553423147,0,0,-0.0,1.0158289568486656,-0.05140535911108077
2010-05-13,-0.003929952245843132,0,0,0.0,1.0158289568486656,-0.05140535911108077
2010-05-14,-4.31295051538552e-05,0,0,0.0,1.0158289568486656,-0.05140535911108077
2010-05-17,-0.0009717464915008466,0,0,-0.0,1.0158289568486656,-0.05140535911108077
2010-05-18,0.0030074803933860354,0,0,0.0,1.0158289568486656,-0.05140535911108077
2010-05-19,0.0018326378160666123,0,0,-0.0,1.0158289568486656,-0.05140535911108077
2010-05-20,0.005030866930415573,0,0,0.0,1.0158289568486656,-0.05140535911108077
2010-05-21,0.0042206442558801235,1,0,0.0,1.0158289568486656,-0.05140535911108077
2010-05-24,0.003865572397540734,0,1,-0.0009531979792202216,1.014860670739764,-0.05230955760587522
2010-05-25,0.005061722360205334,0,0,0.0,1.014860670739764,-0.05230955760587522
2010-05-26,0.0032283585087919788,1,0,-0.0,1.014860670739764,-0.05230955760587522
2010-05-27,-0.00024732597633290705,0,1,-0.0034390523500192893,1.0113705117651144,-0.05556871464888148
2010-05-28,0.0036815838853387125,0,0,0.0,1.0113705117651144,-0.05556871464888148
2010-06-01,0.004072100171118442,0,0,0.0,1.0113705117651144,-0.05556871464888148
2010-06-02,0.00247243793773757,0,0,-0.0,1.0113705117651144,-0.05556871464888148
2010-06-03,0.0010303978156708917,0,0,-0.0,1.0113705117651144,-0.05556871464888148
2010-06-04,0.007150799301610177,0,0,0.0,1.0113705117651144,-0.05556871464888148
2010-06-07,0.008509081392994321,1,0,0.0,1.0113705117651144,-0.05556871464888148
2010-06-08,0.009971969226008338,1,1,0.0002855782960495823,1.011659337232539,-0.05529900557167497
2010-06-09,0.009348706162934851,1,1,-0.00047582794061662437,1.0111779614534981,-0.055748520700352286
2010-06-10,0.003833216300845459,1,1,-0.004474911929924774,1.006653029130513,-0.059973962909919354
2010-06-11,0.006111444324745735,0,1,0.0036342769701607214,1.0103114850512245,-0.05655764793197141
2010-06-14,0.005967984729249431,1,0,-0.0,1.0103114850512245,-0.05655764793197141
2010-06-15,0.006903295372075035,1,1,-0.001145366039896789,1.009154308586529,-0.0576382347626305
2010-06-16,0.007196104749998394,1,1,0.0008600095556616782,1.0100221909350506,-0.056827794639636185
2010-06-17,0.010326138930697847,1,1,0.0028642352491885514,1.0129151320967895,-0.05412632756298807
2010-06-18,0.011203937078407456,1,1,-0.0012376237623763497,1.011661524260036,-0.05529696329620228
2010-06-21,0.011128278533042392,1,1,-0.00047659898961016633,1.0111793673997462,-0.0557472078089769
2010-06-22,0.013516338211565669,1,1,0.0024794964714858203,1.013686583073253,-0.053405936342548685
2010-06-23,0.014383059251278762,1,1,0.0019025875190257224,1.015615210514412,-0.05160495829145022
2010-06-24,0.016336674673486727,1,1,-9.494872768700535e-05,1.0155187791423541,-0.05169500719400514
2010-06-25,0.01802512086444723,1,1,0.0006647042066278974,1.0161937987467597,-0.05106466487612068
2010-06-28,0.020392673357650236,1,1,0.002751945340671913,1.0189903085364407,-0.04845324670202748
2010-06-29,0.024325424068163425,1,1,0.0017980505346835152,1.020822504605542,-0.046742317553483737
2010-06-30,0.022371538250126975,1,1,-0.002456074060079416,1.018315288932035,-0.04908358901991195
2010-07-01,0.020387738338529002,1,1,9.469696969710562e-05,1.0184117203040932,-0.04899354011735682
2010-07-02,0.017911824689728316,1,1,-0.0012309440393901694,1.01715811246734,-0.05016417585057082
2010-07-06,0.018938967220910895,1,1,0.0017064846416381396,1.018893877164383,-0.048543295604582204
2010-07-07,0.01898133483304796,1,1,-0.0009464319515426478,1.0179295634438035,-0.04944378463013144
2010-07-08,0.016895411854516207,1,1,-0.0009473285335355186,1.0169652497232238,-0.05034427365568088
2010-07-09,0.016191648980526163,1,1,-0.001232694860610617,1.0157116418864705,-0.05151490938889488
2010-07-12,0.016152821618343995,1,1,0.0002848191398461264,1.0160009360026443,-0.051244762681230106
2010-07-13,0.01282027361860616,1,1,-0.002088078967350082,1.0138794458173692,-0.05322583853743863
2010-07-14,0.015442250838788142,1,1,0.002568004565341342,1.016483092862934,-0.05079451816845549
2010-07-15,0.017130117655119046,1,1,0.002371691490370864,1.018893877164383,-0.048543295604582204
2010-07-16,0.018891859290396305,1,1,0.0017035775127769437,1.0206296418614262,-0.04692241535859337
2010-07-19,0.019074193902357428,1,1,-0.000661375661375696,1.0199546222570206,-0.04755275767647784
2010-07-20,0.02163759445432666,1,1,0.001039992436418613,1.021015367349658,-0.046562219748373684
2010-07-21,0.022070940467940458,1,1,0.0012278050623348857,1.0222689751864116,-0.04539158401515947
2010-07-22,0.018990704750621555,1,1,-0.0010376379586831685,1.021208230093774,-0.046382121943263833
2010-07-23,0.01825913752203706,1,1,-0.002077431539187935,1.0190867399084989,-0.04836319779947235
2010-07-26,0.016771664986137903,1,1,-0.0001892505677517642,1.018893877164383,-0.048543295604582204
2010-07-27,0.014429256083107384,1,1,-0.0018928639030854066,1.0169652497232238,-0.05034427365568088
2010-07-28,0.015563769026508942,1,1,0.002465389721221456,1.0194724653967309,-0.04800300218925246
2010-07-29,0.014584756910026652,1,1,0.0009458948164964287,1.0204367791173106,-0.047102513163703015
2010-07-30,0.01733874128319942,1,1,0.003402003402003473,1.0239083085113971,-0.04386075267172536
2010-08-02,0.014793970955098566,1,1,-0.0016010548125824364,1.0222689751864118,-0.04539158401515926
2010-08-03,0.01817254230841866,1,1,0.0025469295349493937,1.0248726222319766,-0.042960263646176125
2010-08-04,0.017609849182751925,1,1,-0.0018818216033120727,1.0229439947908174,-0.0447612416972748
2010-08-05,0.01927504995762158,1,1,0.0013197586726998445,1.024294033999629,-0.04350055706150567
2010-08-06,0.021679305798754264,1,1,0.002636038410845476,1.026994112417252,-0.0409791877899674
2010-08-09,0.021996038080248057,1,1,-0.00046948356807507974,1.0265119555569622,-0.041429432302742014
2010-08-10,0.023040335230088062,1,1,0.0015030530765618444,1.0280548575098896,-0.03998864986186303
2010-08-11,0.025817485711728858,1,1,0.0025325954413282226,1.0306585045554544,-0.0375573294928799
2010-08-12,0.022825178390950395,1,1,-0.0013098802395209441,1.0293084653466429,-0.038818014128649034
2010-08-13,0.02183126529464825,1,1,0.0006557991380926609,1.0299834849510487,-0.038187671810764365
2010-08-16,0.02378478936576768,1,1,0.003089598352214118,1.0331657202289612,-0.03521605802645169
2010-08-17,0.019965084371129725,1,1,-0.0021467239126377047,1.0309477986716282,-0.03728718278521513
2010-08-18,0.019357837804677158,1,1,-0.0002806098587596617,1.0306585045554544,-0.0375573294928799
2010-08-19,0.021541401285813253,1,1,0.0016841317365270392,1.0323942692524977,-0.03593644924689107
2010-08-20,0.020954418536846032,1,1,-0.001868111339435874,1.0304656418113385,-0.03773742729798975
2010-08-23,0.02296930384254555,1,1,0.0006550626988583996,1.0311406614157443,-0.03710708498010508
2010-08-24,0.02479739410150389,1,1,0.0029926119891516834,1.034226465321599,-0.034225520098347326
2010-08-25,0.023360641369674882,1,1,-0.001958041958041945,1.0322014065083818,-0.036116547052000916
2010-08-26,0.025443089799559015,1,1,0.0011210762331836932,1.0333585829730771,-0.03503596022134184
2010-08-27,0.020513455760847153,1,1,-0.004665920119447553,1.0285370143701793,-0.03953840534908842
2010-08-30,0.022929756306914538,1,1,0.0037502343896493873,1.0323942692524977,-0.03593644924689107
2010-08-31,0.02326379009374062,1,1,0.0008406501027462543,1.0332621516010194,-0.03512600912389655
2010-09-01,0.02092796131423229,1,1,-0.00298646756882881,1.0301763476951646,-0.038007574005654514
2010-09-02,0.01972269796165501,1,1,-0.0010296733127398427,1.0291156026025272,-0.03899811193375867
2010-09-03,0.01742610760124345,1,1,-0.0025299850074962382,1.0265119555569624,-0.041429432302741806
2010-09-07,0.019217674749298405,1,1,0.0031000469704085543,1.029694190834875,-0.03845781851842913
2010-09-08,0.018120890267511326,1,1,-0.001779359430604921,1.0278619947657737,-0.040168747666972884
2010-09-09,0.014686949809891412,1,1,-0.0037526972511493506,1.0240047398834553,-0.04377070376917023
2010-09-10,0.012967318076637029,1,1,-0.001035879084659519,1.0229439947908179,-0.044761241697274384
2010-09-13,0.014290916871103669,1,1,0.0023567119155354366,1.0253547790922668,-0.0425100191334011
2010-09-14,0.019315719563749365,1,1,0.0027273582243958483,1.0281512888819477,-0.0398986009593079
2010-09-15,0.01880627227100756,1,1,-0.0010317013693490473,1.0270905437893103,-0.04088913888741206
2010-09-16,0.016592057318847792,1,1,-0.0008449910806497263,1.0262226614407886,-0.04169957901040658
2010-09-17,0.016234498679558767,1,1,0.000563803796278961,1.0268012496731365,-0.04115928559507683
2010-09-20,0.017893163314612565,1,1,0.001126972201352272,1.0279584261378318,-0.040078698764417754
2010-09-21,0.021427425380988983,1,1,0.0038461538461540545,1.0319121123922084,-0.03638669375966527
2010-09-22,0.021320663871501458,1,1,0.0005606952621248773,1.032490700624556,-0.035846400344335734
2010-09-23,0.023470823507789073,1,1,-0.00028019052955996493,1.0322014065083822,-0.03611654705200051
2010-09-24,0.02225052455616822,1,1,-0.001494768310911887,1.0306585045554548,-0.03755732949287949
2010-09-27,0.023821871598966544,1,1,0.0027133233532934398,1.0334550143451355,-0.0349459113187865
2010-09-28,0.02653553102717637,1,1,0.0019595035924231397,1.0354800731583524,-0.03305488436513311
2010-09-29,0.024517491162143034,1,1,-0.0014900353883404716,1.033937171205425,-0.03449566680601209
2010-09-30,0.023765004876434057,1,1,-0.0007461294534601981,1.0331657202289615,-0.03521605802645148
2010-10-01,0.023808910701393703,1,1,0.0,1.0331657202289615,-0.03521605802645148
2010-10-04,0.026379238355249378,1,1,0.001586708978906115,1.0348050535539468,-0.03368522668301757
2010-10-05,0.02661522860891935,1,1,0.0006523157208087049,1.0354800731583524,-0.03305488436513311
2010-10-06,0.028425958155626926,1,1,0.001862544235425645,1.0374087005995116,-0.031253906314034435
2010-10-07,0.0296089632482432,1,1,0.000557724484104849,1.0379872888318593,-0.0307136128987049
2010-10-08,0.030264893405547853,1,1,0.0007432181345223832,1.038758739808323,-0.029993221678265514
2010-10-11,0.028023105106747312,1,1,0.0,1.038758739808323,-0.029993221678265514
2010-10-12,0.02674547101311675,1,1,-0.0012996658002227823,1.0374087005995114,-0.031253906314034643
2010-10-13,0.027926387058766447,1,1,0.00018590816136820898,1.0376015633436273,-0.0310738085089248
2010-10-14,0.02478759878848015,1,1,-0.0019516728624534574,1.0355765045304102,-0.0329648354625784
2010-10-15,0.021976611582006086,1,1,-0.0014898966384206958,1.0340336025774828,-0.03440561790345738
2010-10-18,0.026464523866253434,1,1,0.0026112095495662846,1.0367336809951055,-0.03188424863191932
2010-10-19,0.026134949616205085,1,1,0.0006511022230488717,1.0374087005995112,-0.03125390631403485
2010-10-20,0.026126154521103603,1,1,0.00018590816136820898,1.037601563343627,-0.031073808508925008
2010-10-21,0.02416789142378123,1,1,-0.0015799256505575343,1.035962230018642,-0.0326046398523587
2010-10-22,0.022161854274814943,1,1,-0.0007446709485247061,1.0351907790421782,-0.03332503107279829
2010-10-25,0.01916337238235972,1,1,-0.00037261294829993297,1.0348050535539464,-0.03368522668301799
2010-10-26,0.014498012371638738,1,1,-0.0029820147236977457,1.0317192496480916,-0.03656679156477595
2010-10-27,0.012009176398698461,1,1,-0.0021497336199644,1.0295013280907586,-0.03863791632353939
2010-10-28,0.016816595687145476,1,1,0.002903709254402198,1.032490700624555,-0.03584640034433677
2010-10-29,0.017624466566774053,1,1,0.0017745400205473327,1.0343228966936562,-0.03413547119579302
2010-11-01,0.016048795123083014,1,1,-0.0006526198023495411,1.0336478770892503,-0.03476581351367769
2010-11-02,0.016740733851788252,1,1,0.0005597537083683601,1.034226465321598,-0.03422552009834815
2010-11-03,0.014612862930207303,1,1,0.0003729603729605291,1.03461219080983,-0.03386532448812825
2010-11-04,0.01825105109556744,1,1,0.004101034579177876,1.0388551711803802,-0.02990317277571121
2010-11-05,0.015331538461465814,1,1,-0.0021349670472478044,1.0366372496230472,-0.03197429753447465
2010-11-08,0.013865588883142975,1,1,-0.0010232558139534609,1.0355765045304097,-0.03296483546257881
2010-11-09,0.0077819800432378464,1,1,-0.003910978675854326,1.0315263869039755,-0.036746889369886
2010-11-10,0.009256584082690216,1,1,0.0014957464709730584,1.0330692888569026,-0.03530610692900723
2010-11-11,0.010390572365199845,1,1,0.0,1.0330692888569026,-0.03530610692900723
2010-11-12,0.005139657068126907,1,1,-0.004573882199197188,1.0283441516260627,-0.03971850315419889
2010-11-15,0.0016833580476664004,1,1,-0.004969992498124576,1.0232332889069908,-0.044491094989610444
2010-11-16,0.004057379142385692,0,1,0.001225143718782462,1.0244868967437444,-0.043320459256396236
2010-11-17,0.0026404973945685748,0,0,-0.0,1.0244868967437444,-0.043320459256396236
2010-11-18,0.0018642782680054868,0,0,-0.0,1.0244868967437444,-0.043320459256396236
2010-11-19,0.0014222180323076926,0,0,-0.0,1.0244868967437444,-0.043320459256396236
2010-11-22,0.006141043958604691,0,0,0.0,1.0244868967437444,-0.043320459256396236
2010-11-23,0.004886837782753433,1,0,0.0,1.0244868967437444,-0.043320459256396236
2010-11-24,-8.683025652143602e-05,0,1,-0.005258215962441359,1.0190999233899745,-0.048350886888475275
2010-11-26,0.0017407734866611846,0,0,0.0,1.0190999233899745,-0.048350886888475275
2010-11-29,0.003554391938406931,0,0,0.0,1.0190999233899745,-0.048350886888475275
2010-11-30,0.004521470177605473,0,0,-0.0,1.0190999233899745,-0.048350886888475275
2010-12-01,-0.004123711303069949,0,0,-0.0,1.0190999233899745,-0.048350886888475275
2010-12-02,-0.004158057700166789,0,0,-0.0,1.0190999233899745,-0.048350886888475275
2010-12-03,-0.0014075856645153367,0,0,0.0,1.0190999233899745,-0.048350886888475275
2010-12-06,0.0023060234292701432,0,0,0.0,1.0190999233899745,-0.048350886888475275
2010-12-07,-0.007315920991918284,0,0,-0.0,1.0190999233899745,-0.048350886888475275
2010-12-08,-0.010508439692247379,0,0,-0.0,1.0190999233899745,-0.048350886888475275
2010-12-09,-0.010780915157162951,0,0,-0.0,1.0190999233899745,-0.048350886888475275
2010-12-10,-0.013334810909093654,0,0,-0.0,1.0190999233899745,-0.048350886888475275
2010-12-13,-0.012009215879129821,0,0,0.0,1.0190999233899745,-0.048350886888475275
2010-12-14,-0.016173379877748795,0,0,-0.0,1.0190999233899745,-0.048350886888475275
2010-12-15,-0.019926597632390863,0,0,-0.0,1.0190999233899745,-0.048350886888475275
2010-12-16,-0.02004646853451567,0,0,0.0,1.0190999233899745,-0.048350886888475275
2010-12-17,-0.016169304209928417,0,0,0.0,1.0190999233899745,-0.048350886888475275
2010-12-20,-0.014826590676383844,0,0,-0.0,1.0190999233899745,-0.048350886888475275
2010-12-21,-0.016158151872949885,0,0,0.0,1.0190999233899745,-0.048350886888475275
2010-12-22,-0.0177797944989425,0,0,-0.0,1.0190999233899745,-0.048350886888475275
2010-12-23,-0.019789569185213567,0,0,-0.0,1.0190999233899745,-0.048350886888475275
2010-12-27,-0.01803288126868728,0,0,0.0,1.0190999233899745,-0.048350886888475275
2010-12-28,-0.021831511350123196,0,0,-0.0,1.0190999233899745,-0.048350886888475275
2010-12-29,-0.01675169256941345,0,0,0.0,1.0190999233899745,-0.048350886888475275
2010-12-30,-0.01728741512890839,0,0,-0.0,1.0190999233899745,-0.048350886888475275
2010-12-31,-0.016038430952891786,0,0,0.0,1.0190999233899745,-0.048350886888475275
2011-01-03,-0.01801647872938238,0,0,-0.0,1.0190999233899745,-0.048350886888475275
2011-01-04,-0.019917166704748444,0,0,-0.0,1.0190999233899745,-0.048350886888475275
2011-01-05,-0.024065162503913395,0,0,-0.0,1.0190999233899745,-0.048350886888475275
2011-01-06,-0.020407906928695877,0,0,0.0,1.0190999233899745,-0.048350886888475275
2011-01-07,-0.01668516235566218,0,0,0.0,1.0190999233899745,-0.048350886888475275
2011-01-10,-0.015082058772358778,0,0,0.0,1.0190999233899745,-0.048350886888475275
2011-01-11,-0.01615320811731318,0,0,-0.0,1.0190999233899745,-0.048350886888475275
2011-01-12,-0.015386010193679646,0,0,-0.0,1.0190999233899745,-0.048350886888475275
2011-01-13,-0.013257243457434247,0,0,0.0,1.0190999233899745,-0.048350886888475275
2011-01-14,-0.013553934631916786,0,0,-0.0,1.0190999233899745,-0.048350886888475275
2011-01-18,-0.01576673035451029,0,0,-0.0,1.0190999233899745,-0.048350886888475275
2011-01-19,-0.015566442405050888,0,0,0.0,1.0190999233899745,-0.048350886888475275
2011-01-20,-0.020422244673278134,0,0,-0.0,1.0190999233899745,-0.048350886888475275
2011-01-21,-0.017324307567659767,0,0,0.0,1.0190999233899745,-0.048350886888475275
2011-01-24,-0.0166911019045934,0,0,0.0,1.0190999233899745,-0.048350886888475275
2011-01-25,-0.014282049368488012,0,0,0.0,1.0190999233899745,-0.048350886888475275
2011-01-26,-0.01744667206653701,0,0,-0.0,1.0190999233899745,-0.048350886888475275
2011-01-27,-0.017410865897904124,0,0,0.0,1.0190999233899745,-0.048350886888475275
2011-01-28,-0.014901914775661584,0,0,0.0,1.0190999233899745,-0.048350886888475275
2011-01-31,-0.017566777187092743,0,0,-0.0,1.0190999233899745,-0.048350886888475275
2011-02-01,-0.022135108158146476,0,0,-0.0,1.0190999233899745,-0.048350886888475275
2011-02-02,-0.02330930077987388,0,0,-0.0,1.0190999233899745,-0.048350886888475275
2011-02-03,-0.02503056379112557,0,0,-0.0,1.0190999233899745,-0.048350886888475275
2011-02-04,-0.0290719668539034,0,0,-0.0,1.0190999233899745,-0.048350886888475275
2011-02-07,-0.029845828986465567,0,0,-0.0,1.0190999233899745,-0.048350886888475275
2011-02-08,-0.03347441207610992,0,0,-0.0,1.0190999233899745,-0.048350886888475275
2011-02-09,-0.02970667266375142,0,0,0.0,1.0190999233899745,-0.048350886888475275
2011-02-10,-0.029739887814416333,0,0,-0.0,1.0190999233899745,-0.048350886888475275
2011-02-11,-0.029429637091090404,0,0,0.0,1.0190999233899745,-0.048350886888475275
2011-02-14,-0.029664992905291173,0,0,0.0,1.0190999233899745,-0.048350886888475275
2011-02-15,-0.027966611998034012,0,0,0.0,1.0190999233899745,-0.048350886888475275
2011-02-16,-0.028624488840963306,0,0,-0.0,1.0190999233899745,-0.048350886888475275
2011-02-17,-0.025208826836854832,0,0,0.0,1.0190999233899745,-0.048350886888475275
2011-02-18,-0.027012972583335453,0,0,0.0,1.0190999233899745,-0.048350886888475275
2011-02-22,-0.02095926216242688,0,0,0.0,1.0190999233899745,-0.048350886888475275
2011-02-23,-0.021869946322703435,0,0,-0.0,1.0190999233899745,-0.048350886888475275
2011-02-24,-0.02048847462653403,0,0,0.0,1.0190999233899745,-0.048350886888475275
2011-02-25,-0.019199831769335658,0,0,0.0,1.0190999233899745,-0.048350886888475275
2011-02-28,-0.017619766289479397,0,0,0.0,1.0190999233899745,-0.048350886888475275
2011-03-01,-0.01545666143815804,0,0,0.0,1.0190999233899745,-0.048350886888475275
2011-03-02,-0.015665330958298352,0,0,-0.0,1.0190999233899745,-0.048350886888475275
2011-03-03,-0.020727443460557035,0,0,-0.0,1.0190999233899745,-0.048350886888475275
2011-03-04,-0.014523189137964555,0,0,0.0,1.0190999233899745,-0.048350886888475275
2011-03-07,-0.013040507511641323,0,0,-0.0,1.0190999233899745,-0.048350886888475275
2011-03-08,-0.013517273447753895,0,0,-0.0,1.0190999233899745,-0.048350886888475275
2011-03-09,-0.009924057079910686,0,0,0.0,1.0190999233899745,-0.048350886888475275
2011-03-10,-0.008117691013166737,0,0,0.0,1.0190999233899745,-0.048350886888475275
2011-03-11,-0.006196713625158655,0,0,0.0,1.0190999233899745,-0.048350886888475275
2011-03-14,-0.004562110097899757,0,0,0.0,1.0190999233899745,-0.048350886888475275
2011-03-15,-0.004949451030457102,0,0,0.0,1.0190999233899745,-0.048350886888475275
2011-03-16,-0.0016357629169991396,0,0,0.0,1.0190999233899745,-0.048350886888475275
2011-03-17,-0.002595860196842014,0,0,-0.0,1.0190999233899745,-0.048350886888475275
2011-03-18,-0.005747829510520136,0,0,-0.0,1.0190999233899745,-0.048350886888475275
2011-03-21,-0.008261281518566888,0,0,-0.0,1.0190999233899745,-0.048350886888475275
2011-03-22,-0.008222459126479469,0,0,-0.0,1.0190999233899745,-0.048350886888475275
2011-03-23,-0.008878095538358903,0,0,-0.0,1.0190999233899745,-0.048350886888475275
2011-03-24,-0.009999157404180751,0,0,-0.0,1.0190999233899745,-0.048350886888475275
2011-03-25,-0.014493097741124054,0,0,-0.0,1.0190999233899745,-0.048350886888475275
2011-03-28,-0.015317151346971222,0,0,-0.0,1.0190999233899745,-0.048350886888475275
2011-03-29,-0.018214787142927524,0,0,-0.0,1.0190999233899745,-0.048350886888475275
2011-03-30,-0.016110267267244963,0,0,0.0,1.0190999233899745,-0.048350886888475275
2011-03-31,-0.016060338983358978,0,0,-0.0,1.0190999233899745,-0.048350886888475275
2011-04-01,-0.015744704774681813,0,0,-0.0,1.0190999233899745,-0.048350886888475275
2011-04-04,-0.01458662090658193,0,0,0.0,1.0190999233899745,-0.048350886888475275
2011-04-05,-0.018162930306502643,0,0,-0.0,1.0190999233899745,-0.048350886888475275
2011-04-06,-0.01986382927447765,0,0,-0.0,1.0190999233899745,-0.048350886888475275
2011-04-07,-0.019260453809928958,0,0,0.0,1.0190999233899745,-0.048350886888475275
2011-04-08,-0.020410557990485786,0,0,-0.0,1.0190999233899745,-0.048350886888475275
2011-04-11,-0.021895941022877254,0,0,0.0,1.0190999233899745,-0.048350886888475275
2011-04-12,-0.018875112422908943,0,0,0.0,1.0190999233899745,-0.048350886888475275
2011-04-13,-0.01702620476976835,0,0,0.0,1.0190999233899745,-0.048350886888475275
2011-04-14,-0.018479987380375422,0,0,-0.0,1.0190999233899745,-0.048350886888475275
2011-04-15,-0.014185899468468427,0,0,0.0,1.0190999233899745,-0.048350886888475275
2011-04-18,-0.012104428582568943,0,0,0.0,1.0190999233899745,-0.048350886888475275
2011-04-19,-0.010791145799467139,0,0,0.0,1.0190999233899745,-0.048350886888475275
2011-04-20,-0.013963159119831602,0,0,-0.0,1.0190999233899745,-0.048350886888475275
2011-04-21,-0.01358020313747243,0,0,-0.0,1.0190999233899745,-0.048350886888475275
2011-04-25,-0.011975724690642953,0,0,0.0,1.0190999233899745,-0.048350886888475275
2011-04-26,-0.011238299602029028,0,0,0.0,1.0190999233899745,-0.048350886888475275
2011-04-27,-0.012069760744560093,0,0,-0.0,1.0190999233899745,-0.048350886888475275
2011-04-28,-0.010197873814539076,0,0,0.0,1.0190999233899745,-0.048350886888475275
2011-04-29,-0.008346902305190577,0,0,0.0,1.0190999233899745,-0.048350886888475275
2011-05-02,-0.006724568408173464,0,0,0.0,1.0190999233899745,-0.048350886888475275
2011-05-03,-0.003931380846951087,0,0,0.0,1.0190999233899745,-0.048350886888475275
2011-05-04,-0.003373800222504186,0,0,0.0,1.0190999233899745,-0.048350886888475275
2011-05-05,-0.0002551898741992412,0,0,0.0,1.0190999233899745,-0.048350886888475275
2011-05-06,0.0009420960562386555,0,0,0.0,1.0190999233899745,-0.048350886888475275
2011-05-09,0.00490577613493881,0,0,0.0,1.0190999233899745,-0.048350886888475275
2011-05-10,0.0023275102259064546,0,0,-0.0,1.0190999233899745,-0.048350886888475275
2011-05-11,0.0029080974543180924,0,0,0.0,1.0190999233899745,-0.048350886888475275
2011-05-12,0.0019578208873116897,0,0,-0.0,1.0190999233899745,-0.048350886888475275
2011-05-13,0.0037509758962091314,0,0,0.0,1.0190999233899745,-0.048350886888475275
2011-05-16,0.0032041995251093467,0,0,0.0,1.0190999233899745,-0.048350886888475275
2011-05-17,0.002069574244195343,0,0,0.0,1.0190999233899745,-0.048350886888475275
2011-05-18,0.00019368808392450961,0,0,-0.0,1.0190999233899745,-0.048350886888475275
2011-05-19,0.0009113208271746947,0,0,0.0,1.0190999233899745,-0.048350886888475275
2011-05-20,0.0010375817660665198,0,0,0.0,1.0190999233899745,-0.048350886888475275
2011-05-23,0.002304461368162608,0,0,0.0,1.0190999233899745,-0.048350886888475275
2011-05-24,0.0033124130523442593,0,0,0.0,1.0190999233899745,-0.048350886888475275
2011-05-25,0.004457146923099358,0,0,0.0,1.0190999233899745,-0.048350886888475275
2011-05-26,0.007312965926413712,0,0,0.0,1.0190999233899745,-0.048350886888475275
2011-05-27,0.007680869411455154,1,0,0.0,1.0190999233899745,-0.048350886888475275
2011-05-31,0.008791502530113947,1,1,0.00019015021867274662,1.0192937054632565,-0.048169930601517356
2011-06-01,0.01304152830484262,1,1,0.0027566539923953304,1.0221035455258451,-0.045546064440628156
2011-06-02,0.011994473898037115,1,1,-0.0018011185894397652,1.0202626158296662,-0.04726514916672818
2011-06-03,0.012646450151246413,1,1,0.0014245014245015675,1.021715981379281,-0.045907977014543994
2011-06-06,0.010684509209011983,1,1,9.483167377899449e-05,1.0218128724159221,-0.04581749887106503
2011-06-07,0.012470514514532446,1,1,9.482268158556018e-05,1.0219097634525631,-0.045727020727586075
2011-06-08,0.014682091297477981,1,1,0.0020859012041338776,1.024041366258665,-0.04373650157104938
2011-06-09,0.011260323185030634,1,1,-0.002081559277131273,1.0219097634525631,-0.045727020727586075
2011-06-10,0.00920032050888535,1,1,0.0008533232198730811,1.0227817827823322,-0.04491271743627544
2011-06-13,0.00920569555164622,1,1,-0.0007578628268283261,1.0220066544892044,-0.045636542584106904
2011-06-14,0.005712058990842876,1,1,-0.0036025786879030353,1.0183247950968464,-0.04907471203630695
2011-06-15,0.011938040716112552,1,1,0.004852521408182708,1.023266237965537,-0.044460326718880845
2011-06-16,0.014546238081006546,1,1,0.0015150080484802597,1.024816494551793,-0.043012676423217704
2011-06-17,0.013355350479817006,1,1,-0.001039992436418613,1.0237506931487421,-0.04400793600148605
2011-06-20,0.014982742346396915,1,1,-0.0004732159757713239,1.023266237965537,-0.044460326718880845
2011-06-21,0.013393507252516944,1,1,-0.0005681280181800696,1.0226848917456912,-0.04500319557975439
2011-06-22,0.01404203401672086,1,1,0.0,1.0226848917456912,-0.04500319557975439
2011-06-23,0.017353679884192976,1,1,0.0029369966840360195,1.0256885138815621,-0.042198373131907066
2011-06-24,0.017857665143497403,1,1,0.0017003589646704675,1.0274325525411,-0.040569766549286006
2011-06-27,0.01570040411858745,1,1,-0.0020746887966806016,1.025300949734998,-0.0425602857058229
2011-06-28,0.012221270700223451,1,1,-0.005103005103004987,1.0200688337563846,-0.04744610545368568
2011-06-29,0.008612358650942618,1,1,-0.0018996960486322712,1.0181310130235646,-0.04925566832326466
2011-06-30,0.006379387248001017,1,1,-0.0019033117624667195,1.0161931922907446,-0.051065231192843646
2011-07-01,0.004118099835981071,1,1,-0.0020022883295194305,1.0141584805212838,-0.05296527220590138
2011-07-05,0.007654242150278788,0,1,0.0031527658354828514,1.0173558847304365,-0.049979493471096335
2011-07-06,0.009831144016568327,1,0,0.0,1.0173558847304365,-0.049979493471096335
2011-07-07,0.005890341121811149,1,1,-0.002852795739824998,1.0144535761965916,-0.05268970792486838
2011-07-08,0.011278598472894323,1,1,0.005531184436391445,1.0200647060286918,-0.04744995998090899
2011-07-11,0.01382864379102957,1,1,0.003224582701062184,1.023353989033716,-0.04437838359996736
2011-07-12,0.01420451660927938,1,1,0.0001890716581585128,1.0235474762693058,-0.04419770263638246
2011-07-13,0.0152139434969647,1,1,0.0005671077504725286,1.0241279379760746,-0.04365565974562818
2011-07-14,0.011995072746024826,1,1,-0.0016058945777441824,1.0224832964735624,-0.0451914479360991
2011-07-15,0.012877417667602862,1,1,0.0016084776232376807,1.0241279379760744,-0.043655659745628385
2011-07-18,0.013100687376162313,1,1,0.00018892877385212614,1.024321425211664,-0.04347497878204369
2011-07-19,0.013836710548244868,1,1,-9.444654325641011e-05,1.0242246815938691,-0.04356531926383604
2011-07-20,0.011118868288914362,1,1,-0.0012279210352319492,1.0229670145625362,-0.044739745527137366
2011-07-21,0.007380081253222132,1,1,-0.002553432948742107,1.020354936882076,-0.04717893853553216
2011-07-22,0.009117944334749929,1,1,0.0012325779842607965,1.0216126039134086,-0.04600451227223104
2011-07-25,0.0075329177276720494,1,1,-0.0009469696969696129,1.0206451677354604,-0.04690791709015491
2011-07-26,0.010377591977673666,1,1,0.0017061611374409313,1.0223865528557676,-0.04528178841789144
2011-07-27,0.010140113827953295,1,1,-0.0015140045420137804,1.0208386549710502,-0.04672723612657002
2011-07-28,0.012434392590971635,1,1,0.0012319939347991138,1.022096322002383,-0.045552809863268685
2011-07-29,0.017788119807562904,1,1,0.004921911973497339,1.0271269901277142,-0.04085510481006379
2011-08-01,0.02054752321791795,1,1,0.0016953941791466587,1.0288683752480212,-0.03922897613780053
2011-08-02,0.021946673181999537,1,1,0.0032910202162670377,1.0322544018708402,-0.03606705927506655
2011-08-03,0.02247602028536709,1,1,-9.372071227742307e-05,1.0321576582530454,-0.036157399756858895
2011-08-04,0.027357948325781877,1,1,0.004124097853594577,1.036414377436018,-0.032182418557993184
2011-08-05,0.0212509086804954,1,1,-0.003920470456454828,1.032351145488635,-0.0359767187932742
2011-08-08,0.02736496236341077,1,1,0.005810139630775035,1.0383492497919145,-0.030375608922145223
2011-08-09,0.032351247792430815,1,1,0.005310723935526118,1.04386363600622,-0.025226201459978184
2011-08-10,0.03230488285588609,1,1,0.0006487488415198861,1.0445408413307837,-0.024593818087431347
2011-08-11,0.028207209028595904,1,1,-0.0034268778364361374,1.040961327472375,-0.027936415913750224
2011-08-12,0.029377331004732065,1,1,0.0024163568773234445,1.0434766615350406,-0.025587563387147773
2011-08-15,0.0286194266169272,1,1,-0.0013906916373076506,1.0420255072681182,-0.026942670614033794
2011-08-16,0.03015737575065842,1,1,0.0020425215857395873,1.0441538668596044,-0.02495518001460094
2011-08-17,0.03143207273323247,1,1,0.0010191790975633275,1.0452180466553476,-0.02396143471488451
2011-08-18,0.032364056366537074,1,1,0.0013883746760459115,1.04666920092227,-0.022606327487998488
2011-08-19,0.03194083888074706,1,1,-0.00018485996857375842,1.0464757136866805,-0.02278700845158318
2011-08-22,0.031536159310642034,1,1,-0.0007395765924008701,1.0457017647443219,-0.023509732305922366
2011-08-23,0.03208407522618815,1,1,-0.0010176704598020558,1.0446375849485787,-0.024503477605638792
2011-08-24,0.027190674629548172,1,1,-0.0031487312465271478,1.0413483019435545,-0.027575053986580424
2011-08-25,0.02761636107050862,1,1,0.00185804533630618,1.043283174299451,-0.025768244350732467
2011-08-26,0.02934309073892243,1,1,0.001112759643916883,1.044444097712989,-0.02468415856922369
2011-08-29,0.025629581124296162,1,1,-0.002130418673582768,1.042218994503708,-0.026761989650448896
2011-08-30,0.026585280025195723,1,1,0.002599090318388564,1.0449278158019633,-0.024232456160261547
2011-08-31,0.024268635602528264,1,1,-0.0020368484399592157,1.042799456210477,-0.026219946759694402
2011-09-01,0.023377896744193407,1,1,0.001855459690138117,1.0447343285663735,-0.024413137123846445
2011-09-02,0.026806426464248388,1,1,0.002222428002592869,1.0470561753934495,-0.02224496556082869
2011-09-06,0.02408173531889994,1,1,-0.00018479164741758147,1.0468626881578598,-0.02242564652441359
2011-09-07,0.022883054756974254,1,1,-0.0013861935126142644,1.0454115338909373,-0.02378075375129961
2011-09-08,0.0256401732975951,1,1,0.001480658893207476,1.0469594317756545,-0.022335306042621243
2011-09-09,0.02707818297222613,1,1,0.0020328959526889623,1.0490877913671408,-0.020347815443188387
2011-09-12,0.024997578816823837,1,1,-0.0015676872002950981,1.0474431498646286,-0.021883603633659307
2011-09-13,0.024352905992490015,1,1,-0.0014777870139466298,1.0458952519799114,-0.023329051342337672
2011-09-14,0.024420062689211784,1,1,-0.0005549902876700319,1.0453147902731423,-0.023871094233092163
2011-09-15,0.0231453086814021,1,1,-0.0018509949097640366,1.0433799179172456,-0.025677903868940328
2011-09-16,0.02359636881350864,1,1,0.0004636068613816935,1.04386363600622,-0.025226201459978184
2011-09-19,0.026583540333485586,1,1,0.003707136237256714,1.0477333807180131,-0.021612582188282062
2011-09-20,0.025019821470856428,1,1,-0.00036934441366565096,1.0473464062468338,-0.02197394411545165
2011-09-21,0.026300959738958025,1,1,0.0002771106595234052,1.0476366371002184,-0.021702922670074405
2011-09-22,0.032341716921415756,1,1,0.003416751315910904,1.051216150958627,-0.01836032484375553
2011-09-23,0.029310944988654074,1,1,-0.003036996134732184,1.0480236115713977,-0.021341560742904817
2011-09-26,0.028135200122658164,1,1,-0.0025846949136896225,1.0453147902731426,-0.023871094233091954
2011-09-27,0.02718390947930623,1,1,-0.002776492364645944,1.0424124817392977,-0.026581308686863994
2011-09-28,0.025888243201672226,1,1,0.00027842227378194195,1.0427027125926822,-0.02631028724148675
2011-09-29,0.026395387204506102,1,1,0.0008350343291891882,1.0435734051528358,-0.025497222905355013
2011-09-30,0.027106171627260776,1,1,9.270418095841393e-05,1.0436701487706306,-0.025406882423562666
2011-10-03,0.027424176414823163,1,1,0.0037078235076011268,1.0475398934824238,-0.021793263151866544
2011-10-04,0.025564880373261736,1,1,-0.00046176579239010085,1.0470561753934498,-0.022244965560828483
2011-10-05,0.023149953169553282,1,1,-0.003049062182389317,1.0438636360062203,-0.025226201459977768
2011-10-06,0.01951031230741715,1,1,-0.002131603336422705,1.041638532796939,-0.02730403254120318
2011-10-07,0.016783263353887818,1,1,-0.0026934150645491206,1.038832967880889,-0.02992390651318287
2011-10-10,0.01666513074990592,1,1,0.0,1.038832967880889,-0.02992390651318287
2011-10-11,0.0143582232307266,1,1,-0.0026075619295958807,1.0361241465826336,-0.03245344000337022
2011-10-12,0.013047056035872194,1,1,-0.00121381886087768,1.0348664795513007,-0.033627866266671545
2011-10-13,0.015381855715232083,1,1,0.0020566513975881495,1.036994839142787,-0.03164037566723869
2011-10-14,0.01463319843763071,1,1,-0.0009329228472805262,1.0360274029648386,-0.03254378048516277
2011-10-17,0.01586572956275174,1,1,0.0018675880100849085,1.0379622753207352,-0.030736970849314815
2011-10-18,0.015309154515853525,1,1,0.0005592319880696195,1.038542737027504,-0.030194927958560533
2011-10-19,0.014644046070424731,1,1,-9.315323707492773e-05,1.0384459934097092,-0.030285268440352876
2011-10-20,0.014030044252268852,1,1,-0.0006521334078629648,1.0377687880851454,-0.030917651812899714
2011-10-21,0.014011472235591033,1,1,-0.00037289083620761776,1.037381813613966,-0.031279013740069306
2011-10-24,0.011023156172865837,1,1,-0.0011190898069570743,1.036220890200428,-0.03236309952157829
2011-10-25,0.013402167735596715,1,1,0.0030809448230790792,1.0394134295876574,-0.029381863622429002
2011-10-26,0.01022617202526712,1,1,-0.0023268801191362876,1.0369948391427866,-0.0316403756672391
2011-10-27,0.005771168097047597,1,1,-0.004757906521130617,1.0320609146352504,-0.036247740238651446
2011-10-28,0.007746778295926465,1,1,0.0028121484814398467,1.0349632231690953,-0.03353752578487941
2011-10-31,0.010643010706423782,1,1,0.002617311647036935,1.0376720444673506,-0.03100799229469206
2011-11-01,0.013619765021216382,1,1,0.00428864441543908,1.0421222508859127,-0.026852330132241656
2011-11-02,0.012037912335694666,1,1,0.00018566654288898476,1.0423157381215025,-0.026671649168656757
2011-11-03,0.01000825957624876,1,1,-0.0012066085019490913,1.0410580710901698,-0.027846075431957877
2011-11-04,0.011882058625690195,1,1,0.0007434253322182727,1.0418320200325286,-0.027123351577618485
2011-11-07,0.013313066069601349,1,1,0.0007428730615655077,1.0426059689748872,-0.026400627723279304
2011-11-08,0.012155498937259743,1,1,-0.001670223624385181,1.0408645838545805,-0.028026756395542363
2011-11-09,0.013668216612454613,1,1,0.0025095269077051174,1.0434766615350408,-0.025587563387147568
2011-11-10,0.01099342016325041,1,1,-0.002039681068051191,1.0413483019435545,-0.027575053986580424
2011-11-11,0.011434149611051199,1,1,0.0,1.0413483019435545,-0.027575053986580424
2011-11-14,0.011595036544022101,1,1,0.0002787068004459492,1.041638532796939,-0.02730403254120318
2011-11-15,0.010069401943509054,1,1,-0.0005572582892170441,1.04105807109017,-0.02784607543195767
2011-11-16,0.010537779613875952,1,1,0.0005575689991637045,1.041638532796939,-0.02730403254120318
2011-11-17,0.014131878080533199,1,1,0.0012073929599702993,1.042896199828272,-0.02612960627790185
2011-11-18,0.010857500791564417,1,1,-0.002226345083487846,1.0405743530011962,-0.0282977778409194
2011-11-21,0.012449487580093167,1,1,0.0010226850130159448,1.0416385327969393,-0.02730403254120297
2011-11-22,0.013271868761147977,1,1,0.0007430110522894662,1.042412481739298,-0.02658130868686379
2011-11-23,0.013837990049867792,1,1,0.0013921113689094877,1.0438636360062203,-0.025226201459977768
2011-11-25,0.013786352974910793,1,1,-0.0022242817423541172,1.0415417891791443,-0.027394373022995525
2011-11-28,0.01274115944678496,1,1,0.0004644250417982221,1.0420255072681184,-0.026942670614033586
2011-11-29,0.011136758147732007,1,1,-0.0009284189026087519,1.0410580710901702,-0.02784607543195746
2011-11-30,0.009424422790919651,1,1,-0.00018585633305445715,1.0408645838545807,-0.028026756395542154
2011-12-01,0.009241044084357546,1,1,-0.0009294544102612656,1.0398971476766323,-0.028930161213466237
2011-12-02,0.012046524151075039,1,1,0.0018606381989021425,1.0418320200325288,-0.02712335157761828
2011-12-05,0.009300291521041216,1,1,-0.00037143653078275385,1.0414450455613495,-0.02748471350478787
2011-12-06,0.008615623240865466,1,1,-0.0009289363678588458,1.0404776093834012,-0.02838811832271195
2011-12-07,0.012121244339643294,1,1,0.002510460251045954,1.0430896870638615,-0.025948925314317157
2011-12-08,0.014290516204012432,1,1,0.0015767019105916713,1.0447343285663735,-0.024413137123846445
2011-12-09,0.012447381482691228,1,1,-0.0021298268358180827,1.0425092253570925,-0.02649096820507165
2011-12-12,0.013512928959503255,1,1,0.0010207869339271536,1.0435734051528356,-0.02549722290535522
2011-12-13,0.0118890821123735,1,1,0.0009270418095854716,1.0445408413307837,-0.024593818087431347
2011-12-14,0.01232018325608858,1,1,0.0007409465592294051,1.0453147902731423,-0.023871094233092163
2011-12-15,0.012550853626428281,1,1,-0.0003701989819526741,1.0449278158019633,-0.024232456160261547
2011-12-16,0.015391069361958998,1,1,0.0015739283399685,1.0465724573044755,-0.022696667969790627
2011-12-19,0.017738266211964508,1,1,0.0006470696986502489,1.047249662629039,-0.022064284597243997
2011-12-20,0.015833397345831033,1,1,-0.0026789838337183403,1.044444097712989,-0.02468415856922369
2011-12-21,0.01592025025745689,1,1,-0.001296776583920023,1.0430896870638613,-0.025948925314317365
2011-12-22,0.014704325845179682,1,1,0.0,1.0430896870638613,-0.025948925314317365
2011-12-23,0.011501398699755626,1,1,-0.0026896679651270405,1.0402841221478112,-0.028568799286297058
2011-12-27,0.012379210055336808,1,1,0.00027899190923474926,1.0405743530011957,-0.028297777840919813
2011-12-28,0.012124292798176534,1,1,0.0026961695797693697,1.0433799179172458,-0.02567790386894012
2011-12-29,0.011844378615557682,1,1,0.0005563282336578101,1.0439603796240147,-0.025135860978185837
2011-12-30,0.01381840565709097,1,1,0.0009266981744047165,1.044927815801963,-0.024232456160261755
2012-01-03,0.012755277503182505,1,1,-0.0019442644199612058,1.0428961998282715,-0.026129606277902263
2012-01-04,0.013586424497350402,1,1,-0.0005565862708719616,1.0423157381215025,-0.026671649168656757
2012-01-05,0.013514227447532622,1,1,0.0003712641544459938,1.042702712592682,-0.026310287241486957
2012-01-06,0.014387624625567407,1,1,0.0008350343291891882,1.0435734051528356,-0.02549722290535522
2012-01-09,0.015377986920369445,1,1,0.0003708167238340998,1.0439603796240147,-0.025135860978185837
2012-01-10,0.014766528438350001,1,1,-0.00037067926976175336,1.0435734051528354,-0.02549722290535543
2012-01-11,0.017347428212346003,1,1,0.0017613794382127512,1.0454115338909373,-0.02378075375129961
2012-01-12,0.015604947626954323,1,1,-0.0008328706274292053,1.044540841330784,-0.02459381808743114
2012-01-13,0.01800169511312979,1,1,0.0019449847179773272,1.0465724573044755,-0.022696667969790627
2012-01-17,0.018043982358267173,1,1,0.00018487705675718225,1.046765944540065,-0.022515987006205936
2012-01-18,0.01769048599654992,1,1,-0.0012014787430685292,1.045508277508732,-0.023690413269507264
2012-01-19,0.015945432221394204,1,1,-0.0019431849727028494,1.0434766615350406,-0.025587563387147773
2012-01-20,0.013218521545503435,1,1,-0.0017615427405895945,1.0416385327969389,-0.027304032541203387
2012-01-23,0.011326166643215334,1,1,-0.0009287638153617772,1.0406710966189905,-0.02820743735912747
2012-01-24,0.010866685101134765,1,1,0.00027888816584553666,1.040961327472375,-0.027936415913750224
2012-01-25,0.01619063007925706,1,1,0.0027881040892194786,1.0438636360062201,-0.025226201459977976
2012-01-26,0.01575693235492609,1,1,0.002224281742353895,1.046185482833296,-0.023058029896960427
2012-01-27,0.016383771947546154,1,1,0.0006473090438319229,1.0468626881578595,-0.022425646524413798
2012-01-30,0.013849731533644903,1,1,0.0011089548100915447,1.0480236115713977,-0.021341560742904817
2012-01-31,0.010532659265207245,1,1,-0.0012923474568448112,1.04666920092227,-0.022606327487998488
2012-02-01,0.009642360716641185,1,1,-0.0010167298271559488,1.0456050211265269,-0.023600072787714917
2012-02-02,0.01123079628120649,1,1,0.0005551443375277909,1.046185482833296,-0.023058029896960427
2012-02-03,0.005990872874705927,1,1,-0.0033290179397077457,1.042702712592682,-0.026310287241486957
2012-02-06,0.008427931761543783,1,1,0.001298942289849725,1.0440571232418097,-0.025045520496393282
2012-02-07,0.004451811056665289,1,1,-0.002131208302446286,1.0418320200325286,-0.027123351577618485
2012-02-08,0.004417391632096301,0,1,-0.00037143653078275385,1.0414450455613493,-0.027484713504788077
2012-02-09,0.0021218949357359245,0,0,-0.0,1.0414450455613493,-0.027484713504788077
2012-02-10,0.00409582891652997,0,0,0.0,1.0414450455613493,-0.027484713504788077
2012-02-13,0.0033170579313824165,0,0,-0.0,1.0414450455613493,-0.027484713504788077
2012-02-14,0.005482458947718821,0,0,0.0,1.0414450455613493,-0.027484713504788077
2012-02-15,0.005907815121104198,1,0,0.0,1.0414450455613493,-0.027484713504788077
2012-02-16,0.004039911844089711,1,1,-0.0023204009652868507,1.0390284754723356,-0.029741338914327772
2012-02-17,0.00331816318630016,0,1,-0.0004651595497254801,1.038545161454533,-0.030192663996235627
2012-02-21,0.0022569959662454564,0,0,-0.0,1.038545161454533,-0.030192663996235627
2012-02-22,0.0018544451698755795,0,0,0.0,1.038545161454533,-0.030192663996235627
2012-02-23,0.0031907348314404783,0,0,0.0,1.038545161454533,-0.030192663996235627
2012-02-24,0.0012264156923090961,0,0,-0.0,1.038545161454533,-0.030192663996235627
2012-02-27,0.0024072005127807163,0,0,0.0,1.038545161454533,-0.030192663996235627
2012-02-28,0.00177770410423867,0,0,0.0,1.038545161454533,-0.030192663996235627
2012-02-29,0.0006718569936822244,0,0,-0.0,1.038545161454533,-0.030192663996235627
2012-03-01,-0.0015443429562768613,0,0,-0.0,1.038545161454533,-0.030192663996235627
2012-03-02,3.184188002440785e-05,0,0,0.0,1.038545161454533,-0.030192663996235627
2012-03-05,0.00036959851056616536,0,0,-0.0,1.038545161454533,-0.030192663996235627
2012-03-06,0.0017528799706599488,0,0,0.0,1.038545161454533,-0.030192663996235627
2012-03-07,0.0010202562878155012,0,0,-0.0,1.038545161454533,-0.030192663996235627
2012-03-08,0.0015958344408194937,0,0,-0.0,1.038545161454533,-0.030192663996235627
2012-03-09,0.00038136855447798435,0,0,-0.0,1.038545161454533,-0.030192663996235627
2012-03-12,-0.001398174080490604,0,0,-0.0,1.038545161454533,-0.030192663996235627
2012-03-13,-0.00411905241012465,0,0,-0.0,1.038545161454533,-0.030192663996235627
2012-03-14,-0.009500890988185073,0,0,-0.0,1.038545161454533,-0.030192663996235627
2012-03-15,-0.010591913818907764,0,0,0.0,1.038545161454533,-0.030192663996235627
2012-03-16,-0.010473547760473084,0,0,-0.0,1.038545161454533,-0.030192663996235627
2012-03-19,-0.01087919135505081,0,0,-0.0,1.038545161454533,-0.030192663996235627
2012-03-20,-0.009324856838182937,0,0,-0.0,1.038545161454533,-0.030192663996235627
2012-03-21,-0.0074247576941642345,0,0,0.0,1.038545161454533,-0.030192663996235627
2012-03-22,-0.0059557141797934535,0,0,0.0,1.038545161454533,-0.030192663996235627
2012-03-23,-0.0049080151584549045,0,0,0.0,1.038545161454533,-0.030192663996235627
2012-03-26,-0.007857080944854829,0,0,0.0,1.038545161454533,-0.030192663996235627
2012-03-27,-0.0059554942801714975,0,0,0.0,1.038545161454533,-0.030192663996235627
2012-03-28,-0.0049602991464286535,0,0,-0.0,1.038545161454533,-0.030192663996235627
2012-03-29,-0.0026823191320799354,0,0,0.0,1.038545161454533,-0.030192663996235627
2012-03-30,-0.0038110169891018226,0,0,-0.0,1.038545161454533,-0.030192663996235627
2012-04-02,-0.002882665483194019,0,0,0.0,1.038545161454533,-0.030192663996235627
2012-04-03,-0.005453272392611328,0,0,-0.0,1.038545161454533,-0.030192663996235627
2012-04-04,-0.00319897374306442,0,0,0.0,1.038545161454533,-0.030192663996235627
2012-04-05,-0.0019727866845633208,0,0,0.0,1.038545161454533,-0.030192663996235627
2012-04-09,0.001680139915380169,0,0,0.0,1.038545161454533,-0.030192663996235627
2012-04-10,0.0032706783604465823,0,0,0.0,1.038545161454533,-0.030192663996235627
2012-04-11,0.0013645064637473284,0,0,-0.0,1.038545161454533,-0.030192663996235627
2012-04-12,0.00147507390951112,0,0,-0.0,1.038545161454533,-0.030192663996235627
2012-04-13,0.003284650293025854,0,0,0.0,1.038545161454533,-0.030192663996235627
2012-04-16,0.004677724862492039,0,0,0.0,1.038545161454533,-0.030192663996235627
2012-04-17,0.005044041062636289,0,0,-0.0,1.038545161454533,-0.030192663996235627
2012-04-18,0.004660399762534472,1,0,0.0,1.038545161454533,-0.030192663996235627
2012-04-19,0.005543782770223965,0,1,0.0006523157208087049,1.0392226207901196,-0.029560043424804658
2012-04-20,0.005533890724662083,1,0,-0.0,1.0392226207901196,-0.029560043424804658
2012-04-23,0.0050639914977076645,1,1,0.001118047144321288,1.0403845206736082,-0.02847504580262039
2012-04-24,0.0027365692527995646,1,1,-0.0009306654257794644,1.039416270770701,-0.02937921048777391
2012-04-25,0.0003335338317960899,0,1,-0.00037261294829993297,1.0390289708095384,-0.029740876361835197
2012-04-26,0.0013292221444715815,0,0,0.0,1.0390289708095384,-0.029740876361835197
2012-04-27,0.0022736403428709915,0,0,0.0,1.0390289708095384,-0.029740876361835197
2012-04-30,0.0007611247311923421,0,0,-0.0,1.0390289708095384,-0.029740876361835197
2012-05-01,0.0007086523018282223,0,0,-0.0,1.0390289708095384,-0.029740876361835197
2012-05-02,0.0019955254432919233,0,0,0.0,1.0390289708095384,-0.029740876361835197
2012-05-03,0.0014629209221539148,0,0,0.0,1.0390289708095384,-0.029740876361835197
2012-05-04,0.0031616470986293495,0,0,0.0,1.0390289708095384,-0.029740876361835197
2012-05-07,0.0030135353631414005,0,0,0.0,1.0390289708095384,-0.029740876361835197
2012-05-08,0.0028423423142257542,0,0,0.0,1.0390289708095384,-0.029740876361835197
2012-05-09,0.003096314670534445,0,0,-0.0,1.0390289708095384,-0.029740876361835197
2012-05-10,0.002064856921791208,0,0,-0.0,1.0390289708095384,-0.029740876361835197
2012-05-11,0.0022853462800644818,0,0,0.0,1.0390289708095384,-0.029740876361835197
2012-05-14,0.004397702724296803,0,0,0.0,1.0390289708095384,-0.029740876361835197
2012-05-15,0.0043394800280964155,0,0,-0.0,1.0390289708095384,-0.029740876361835197
2012-05-16,0.004234928006669708,0,0,0.0,1.0390289708095384,-0.029740876361835197
2012-05-17,0.0038591902698551167,0,0,0.0,1.0390289708095384,-0.029740876361835197
2012-05-18,0.004502438321243185,0,0,-0.0,1.0390289708095384,-0.029740876361835197
2012-05-21,0.003363607709580124,0,0,-0.0,1.0390289708095384,-0.029740876361835197
2012-05-22,0.002129676224317539,0,0,-0.0,1.0390289708095384,-0.029740876361835197
2012-05-23,0.0037985944451280782,0,0,0.0,1.0390289708095384,-0.029740876361835197
2012-05-24,0.003729956065647122,0,0,-0.0,1.0390289708095384,-0.029740876361835197
2012-05-25,0.004505862478699369,0,0,0.0,1.0390289708095384,-0.029740876361835197
2012-05-29,0.00351580278827005,0,0,0.0,1.0390289708095384,-0.029740876361835197
2012-05-30,0.007156852447838669,0,0,0.0,1.0390289708095384,-0.029740876361835197
2012-05-31,0.005576243151833882,1,0,-0.0,1.0390289708095384,-0.029740876361835197
2012-06-01,0.007879940646724426,1,1,0.00240963855421672,1.0415326550765491,-0.027402902569936174
2012-06-04,0.006720786170594173,1,1,-0.002218934911242587,1.0392215619070007,-0.02956103222399689
2012-06-05,0.006258376218705064,1,1,-0.0004633061527057336,1.0387400841633447,-0.030010642568592864
2012-06-06,0.003047990476063772,1,1,-0.002317604523964012,1.036332695445065,-0.03225869429157294
2012-06-07,0.0037125678243624394,0,1,0.0002787585950567717,1.0366215820912585,-0.03198892808481527
2012-06-08,0.006118294945478492,0,0,0.0,1.0366215820912585,-0.03198892808481527
2012-06-11,0.006947681077871359,1,0,0.0,1.0366215820912585,-0.03198892808481527
2012-06-12,0.005011277750687144,1,1,-0.002134570765661259,1.034408839967073,-0.03405521621976186
2012-06-13,0.00884091147800679,1,1,0.001581101190476275,1.0360443450153842,-0.03252795977219248
2012-06-14,0.009141366976130688,1,1,-0.0005571547961742418,1.0354671079395097,-0.0330669914595699
2012-06-15,0.008831897702138967,1,1,0.0011149307813806963,1.0366215820912588,-0.031988928084815065
2012-06-18,0.009100350661532296,1,1,-0.0001856148491878873,1.036429169732634,-0.0321686053139408
2012-06-19,0.00810931364411716,1,1,-0.0010210711965097374,1.0353709017601975,-0.03315683007413256
2012-06-20,0.005407841352482767,1,1,-0.0011150343802267537,1.0342164276084485,-0.03423489344888739
2012-06-21,0.004269078736449194,1,1,0.0005581395348837059,1.034793664684323,-0.033695861761509974
2012-06-22,0.0027973444026387568,0,1,-0.0013945704722946317,1.0333505719946368,-0.03504344097995341
2012-06-25,0.004697049608715026,0,0,0.0,1.0333505719946368,-0.03504344097995341
2012-06-26,0.005251644504152547,0,0,-0.0,1.0333505719946368,-0.03504344097995341
2012-06-27,0.00419431119128118,1,0,0.0,1.0333505719946368,-0.03504344097995341
2012-06-28,0.006325004836565161,0,1,0.00130159910747496,1.0346955801768538,-0.03378745438398072
2012-06-29,0.0033506985462460614,1,0,-0.0,1.0346955801768538,-0.03378745438398072
2012-07-02,0.006043260480989454,0,1,0.0026976744186046897,1.0374868519745402,-0.03118092751673755
2012-07-03,0.0029790131255246323,1,0,-0.0,1.0374868519745402,-0.03118092751673755
2012-07-05,0.003924357414034457,0,1,0.0011149307813806963,1.0386435780010843,-0.030100761311237283
2012-07-06,0.0050142124643626496,0,0,0.0,1.0386435780010843,-0.030100761311237283
2012-07-09,0.0056307634522162805,1,0,0.0,1.0386435780010843,-0.030100761311237283
2012-07-10,0.005869728730973312,1,1,0.0001852366398074068,1.0388359728474308,-0.029921100435310804
2012-07-11,0.006300054546117406,1,1,-0.00018520233354935023,1.0386435780010845,-0.030100761311237078
2012-07-12,0.006537545744529005,1,1,0.0002778549597111102,1.0389321702706042,-0.029831269997347355
2012-07-13,0.006119680143769601,1,1,-0.0003703703703704653,1.0385473805779113,-0.03019059174920032
2012-07-16,0.00642857372562482,1,1,0.001296776583920023,1.0398941445023362,-0.02893296561771536
2012-07-17,0.004633919068107905,1,1,-0.0010175763182238562,1.038835972847431,-0.029921100435310596
2012-07-18,0.003922107290527066,0,1,0.0009260116677471952,1.0397979470791632,-0.029022796055678392
2012-07-19,0.003951001577258622,0,0,-0.0,1.0397979470791632,-0.029022796055678392
2012-07-20,0.00412696457340021,0,0,0.0,1.0397979470791632,-0.029022796055678392
2012-07-23,0.004285372083815009,0,0,0.0,1.0397979470791632,-0.029022796055678392
2012-07-24,0.00472988203355833,0,0,0.0,1.0397979470791632,-0.029022796055678392
2012-07-25,0.005364295085723336,0,0,-0.0,1.0397979470791632,-0.029022796055678392
2012-07-26,0.00580822417228245,1,0,-0.0,1.0397979470791632,-0.029022796055678392
2012-07-27,0.0016648405000833032,1,1,-0.003420225550009315,1.0362416035737159,-0.0323437570970853
2012-07-30,0.003965520597665284,0,1,0.0015768481587978833,1.0378755992383808,-0.0308179101321146
2012-07-31,0.0017179226752662645,0,0,-0.0,1.0378755992383808,-0.0308179101321146
2012-08-01,0.00036372319368576105,0,0,-0.0,1.0378755992383808,-0.0308179101321146
2012-08-02,0.0007930744852102156,0,0,0.0,1.0378755992383808,-0.0308179101321146
2012-08-03,-0.00162125249525909,0,0,-0.0,1.0378755992383808,-0.0308179101321146
2012-08-06,-0.0010360567437791733,0,0,0.0,1.0378755992383808,-0.0308179101321146
2012-08-07,-0.003303749185623117,0,0,-0.0,1.0378755992383808,-0.0308179101321146
2012-08-08,-0.0036566865110247977,0,0,-0.0,1.0378755992383808,-0.0308179101321146
2012-08-09,-0.0039756862603296415,0,0,-0.0,1.0378755992383808,-0.0308179101321146
2012-08-10,-0.0019381585834915781,0,0,0.0,1.0378755992383808,-0.0308179101321146
2012-08-13,-0.003671022641697763,0,0,-0.0,1.0378755992383808,-0.0308179101321146
2012-08-14,-0.005137577351342781,0,0,-0.0,1.0378755992383808,-0.0308179101321146
2012-08-15,-0.007298425511959278,0,0,-0.0,1.0378755992383808,-0.0308179101321146
2012-08-16,-0.008561984148487477,0,0,-0.0,1.0378755992383808,-0.0308179101321146
2012-08-17,-0.008858032009407074,0,0,0.0,1.0378755992383808,-0.0308179101321146
2012-08-20,-0.007319917815861793,0,0,0.0,1.0378755992383808,-0.0308179101321146
2012-08-21,-0.007216523148601055,0,0,0.0,1.0378755992383808,-0.0308179101321146
2012-08-22,-0.005387547789251374,0,0,0.0,1.0378755992383808,-0.0308179101321146
2012-08-23,-0.00448239727414268,0,0,0.0,1.0378755992383808,-0.0308179101321146
2012-08-24,-0.005020024921915466,0,0,-0.0,1.0378755992383808,-0.0308179101321146
2012-08-27,-0.004816437220535241,0,0,0.0,1.0378755992383808,-0.0308179101321146
2012-08-28,-0.0027649392194261987,0,0,0.0,1.0378755992383808,-0.0308179101321146
2012-08-29,-0.002500310239462583,0,0,-0.0,1.0378755992383808,-0.0308179101321146
2012-08-30,-0.0012372348480796712,0,0,0.0,1.0378755992383808,-0.0308179101321146
2012-08-31,0.002909391077437834,0,0,0.0,1.0378755992383808,-0.0308179101321146
2012-09-04,0.003701997691529707,0,0,-0.0,1.0378755992383808,-0.0308179101321146
2012-09-05,0.002832668005166089,0,0,-0.0,1.0378755992383808,-0.0308179101321146
2012-09-06,0.0019911733587889002,0,0,-0.0,1.0378755992383808,-0.0308179101321146
2012-09-07,0.003782156184407731,0,0,0.0,1.0378755992383808,-0.0308179101321146
2012-09-10,0.003563251328017375,0,0,-0.0,1.0378755992383808,-0.0308179101321146
2012-09-11,0.0021669014006822527,0,0,-0.0,1.0378755992383808,-0.0308179101321146
2012-09-12,0.0007209305126506746,0,0,-0.0,1.0378755992383808,-0.0308179101321146
2012-09-13,0.002108226426660653,0,0,0.0,1.0378755992383808,-0.0308179101321146
2012-09-14,-0.0008995385493708872,0,0,-0.0,1.0378755992383808,-0.0308179101321146
2012-09-17,-0.0014820117425329792,0,0,0.0,1.0378755992383808,-0.0308179101321146
2012-09-18,0.00018261178868592674,0,0,0.0,1.0378755992383808,-0.0308179101321146
2012-09-19,-5.880636407595288e-05,0,0,0.0,1.0378755992383808,-0.0308179101321146
2012-09-20,0.0005859782062668236,0,0,-0.0,1.0378755992383808,-0.0308179101321146
2012-09-21,0.0006948511299091518,0,0,0.0,1.0378755992383808,-0.0308179101321146
2012-09-24,0.0026037042608568813,0,0,0.0,1.0378755992383808,-0.0308179101321146
2012-09-25,0.0034263872065331156,0,0,0.0,1.0378755992383808,-0.0308179101321146
2012-09-26,0.00295061738686353,0,0,0.0,1.0378755992383808,-0.0308179101321146
2012-09-27,0.0017982809033603385,0,0,-0.0,1.0378755992383808,-0.0308179101321146
2012-09-28,0.0005105056866100465,0,0,0.0,1.0378755992383808,-0.0308179101321146
2012-10-01,-0.00028479910801816876,0,0,-0.0,1.0378755992383808,-0.0308179101321146
2012-10-02,8.52900285233882e-05,0,0,0.0,1.0378755992383808,-0.0308179101321146
2012-10-03,-0.000218821114551937,0,0,0.0,1.0378755992383808,-0.0308179101321146
2012-10-04,-0.0010470615725065744,0,0,-0.0,1.0378755992383808,-0.0308179101321146
2012-10-05,-0.002834490840703835,0,0,-0.0,1.0378755992383808,-0.0308179101321146
2012-10-08,-0.003251123578386605,0,0,0.0,1.0378755992383808,-0.0308179101321146
2012-10-09,-0.003366380103265476,0,0,0.0,1.0378755992383808,-0.0308179101321146
2012-10-10,-0.0015505998788647056,0,0,0.0,1.0378755992383808,-0.0308179101321146
2012-10-11,-0.002667835753662489,0,0,0.0,1.0378755992383808,-0.0308179101321146
2012-10-12,-0.0019971992633609492,0,0,0.0,1.0378755992383808,-0.0308179101321146
2012-10-15,-0.0029531425858532077,0,0,0.0,1.0378755992383808,-0.0308179101321146
2012-10-16,-0.0051109947081334145,0,0,-0.0,1.0378755992383808,-0.0308179101321146
2012-10-17,-0.008483164578717256,0,0,-0.0,1.0378755992383808,-0.0308179101321146
2012-10-18,-0.008373198816963929,0,0,-0.0,1.0378755992383808,-0.0308179101321146
2012-10-19,-0.00682114630049262,0,0,0.0,1.0378755992383808,-0.0308179101321146
2012-10-22,-0.0066870218475585655,0,0,-0.0,1.0378755992383808,-0.0308179101321146
2012-10-23,-0.006973503711973683,0,0,0.0,1.0378755992383808,-0.0308179101321146
2012-10-24,-0.006738911075901028,0,0,0.0,1.0378755992383808,-0.0308179101321146
2012-10-25,-0.007977690701239621,0,0,-0.0,1.0378755992383808,-0.0308179101321146
2012-10-26,-0.006873353000806991,0,0,0.0,1.0378755992383808,-0.0308179101321146
2012-10-31,-0.005761617074844321,0,0,0.0,1.0378755992383808,-0.0308179101321146
2012-11-01,-0.0067593018658969155,0,0,-0.0,1.0378755992383808,-0.0308179101321146
2012-11-02,-0.006745834716568205,0,0,-0.0,1.0378755992383808,-0.0308179101321146
2012-11-05,-0.005198730060249224,0,0,0.0,1.0378755992383808,-0.0308179101321146
2012-11-06,-0.00667932485242736,0,0,-0.0,1.0378755992383808,-0.0308179101321146
2012-11-07,-0.003955465044426815,0,0,0.0,1.0378755992383808,-0.0308179101321146
2012-11-08,-0.00338920683205035,0,0,0.0,1.0378755992383808,-0.0308179101321146
2012-11-09,-0.0024282025679592863,0,0,0.0,1.0378755992383808,-0.0308179101321146
2012-11-12,-0.0015456144919129722,0,0,0.0,1.0378755992383808,-0.0308179101321146
2012-11-13,6.0778509120179656e-05,0,0,0.0,1.0378755992383808,-0.0308179101321146
2012-11-14,-0.000673728735445428,0,0,0.0,1.0378755992383808,-0.0308179101321146
2012-11-15,5.896404150750864e-05,0,0,0.0,1.0378755992383808,-0.0308179101321146
2012-11-16,0.00042282928332282885,0,0,0.0,1.0378755992383808,-0.0308179101321146
2012-11-19,-0.0016130999809311985,0,0,-0.0,1.0378755992383808,-0.0308179101321146
2012-11-20,-0.0043103029882897706,0,0,-0.0,1.0378755992383808,-0.0308179101321146
2012-11-21,-0.005213771694637708,0,0,-0.0,1.0378755992383808,-0.0308179101321146
2012-11-23,-0.007058364356054313,0,0,-0.0,1.0378755992383808,-0.0308179101321146
2012-11-26,-0.005372289288090587,0,0,0.0,1.0378755992383808,-0.0308179101321146
2012-11-27,-0.004347219276835068,0,0,0.0,1.0378755992383808,-0.0308179101321146
2012-11-28,-0.003480174551277176,0,0,0.0,1.0378755992383808,-0.0308179101321146
2012-11-29,-0.004691332960913991,0,0,0.0,1.0378755992383808,-0.0308179101321146
2012-11-30,-0.0030850491034870474,0,0,0.0,1.0378755992383808,-0.0308179101321146
2012-12-03,-0.004093098010284917,0,0,-0.0,1.0378755992383808,-0.0308179101321146
2012-12-04,-0.0025044511971453465,0,0,0.0,1.0378755992383808,-0.0308179101321146
2012-12-05,-0.002048486033972263,0,0,0.0,1.0378755992383808,-0.0308179101321146
2012-12-06,-0.0017071853763015454,0,0,0.0,1.0378755992383808,-0.0308179101321146
2012-12-07,-0.0032867893398041467,0,0,-0.0,1.0378755992383808,-0.0308179101321146
2012-12-10,-0.002052015385498035,0,0,0.0,1.0378755992383808,-0.0308179101321146
2012-12-11,-0.0029665010138978597,0,0,-0.0,1.0378755992383808,-0.0308179101321146
2012-12-12,-0.0029644391186002704,0,0,-0.0,1.0378755992383808,-0.0308179101321146
2012-12-13,-0.004582866296122689,0,0,-0.0,1.0378755992383808,-0.0308179101321146
2012-12-14,-0.0041835864577941416,0,0,0.0,1.0378755992383808,-0.0308179101321146
2012-12-17,-0.006310584548089654,0,0,-0.0,1.0378755992383808,-0.0308179101321146
2012-12-18,-0.007635979772641882,0,0,-0.0,1.0378755992383808,-0.0308179101321146
2012-12-19,-0.007024388878402387,0,0,0.0,1.0378755992383808,-0.0308179101321146
2012-12-20,-0.007812024155054025,0,0,-0.0,1.0378755992383808,-0.0308179101321146
2012-12-21,-0.0064944938366928665,0,0,0.0,1.0378755992383808,-0.0308179101321146
2012-12-24,-0.008747316433832548,0,0,-0.0,1.0378755992383808,-0.0308179101321146
2012-12-26,-0.00804384781980249,0,0,0.0,1.0378755992383808,-0.0308179101321146
2012-12-27,-0.007117144722261952,0,0,0.0,1.0378755992383808,-0.0308179101321146
2012-12-28,-0.007698131933661944,0,0,0.0,1.0378755992383808,-0.0308179101321146
2012-12-31,-0.010010178741909098,0,0,-0.0,1.0378755992383808,-0.0308179101321146
2013-01-02,-0.012072875627009814,0,0,-0.0,1.0378755992383808,-0.0308179101321146
2013-01-03,-0.013141131193488016,0,0,-0.0,1.0378755992383808,-0.0308179101321146
2013-01-04,-0.012920693055618888,0,0,-0.0,1.0378755992383808,-0.0308179101321146
2013-01-07,-0.012497383127279436,0,0,0.0,1.0378755992383808,-0.0308179101321146
2013-01-08,-0.011767644137526833,0,0,0.0,1.0378755992383808,-0.0308179101321146
2013-01-09,-0.0112566848963303,0,0,0.0,1.0378755992383808,-0.0308179101321146
2013-01-10,-0.012958108637579695,0,0,-0.0,1.0378755992383808,-0.0308179101321146
2013-01-11,-0.012256043221418777,0,0,0.0,1.0378755992383808,-0.0308179101321146
2013-01-14,-0.012376873664994842,0,0,0.0,1.0378755992383808,-0.0308179101321146
2013-01-15,-0.011125359506957392,0,0,0.0,1.0378755992383808,-0.0308179101321146
2013-01-16,-0.00979265418949402,0,0,0.0,1.0378755992383808,-0.0308179101321146
2013-01-17,-0.011028311239660764,0,0,-0.0,1.0378755992383808,-0.0308179101321146
2013-01-18,-0.010133542185111293,0,0,0.0,1.0378755992383808,-0.0308179101321146
2013-01-22,-0.00833861932487418,0,0,0.0,1.0378755992383808,-0.0308179101321146
2013-01-23,-0.008967795782716746,0,0,0.0,1.0378755992383808,-0.0308179101321146
2013-01-24,-0.00863302174496856,0,0,-0.0,1.0378755992383808,-0.0308179101321146
2013-01-25,-0.010421951002574769,0,0,-0.0,1.0378755992383808,-0.0308179101321146
2013-01-28,-0.013110875585442949,0,0,-0.0,1.0378755992383808,-0.0308179101321146
2013-01-29,-0.011986832265812885,0,0,0.0,1.0378755992383808,-0.0308179101321146
2013-01-30,-0.012035983230806468,0,0,-0.0,1.0378755992383808,-0.0308179101321146
2013-01-31,-0.010454005574480061,0,0,0.0,1.0378755992383808,-0.0308179101321146
2013-02-01,-0.01054003837499075,0,0,-0.0,1.0378755992383808,-0.0308179101321146
2013-02-04,-0.008392462090581941,0,0,0.0,1.0378755992383808,-0.0308179101321146
2013-02-05,-0.010997300381842611,0,0,-0.0,1.0378755992383808,-0.0308179101321146
2013-02-06,-0.010180882423578544,0,0,0.0,1.0378755992383808,-0.0308179101321146
2013-02-07,-0.009315547712657935,0,0,0.0,1.0378755992383808,-0.0308179101321146
2013-02-08,-0.008612472812598044,0,0,-0.0,1.0378755992383808,-0.0308179101321146
2013-02-11,-0.009018044578320844,0,0,-0.0,1.0378755992383808,-0.0308179101321146
2013-02-12,-0.01035811920144216,0,0,-0.0,1.0378755992383808,-0.0308179101321146
2013-02-13,-0.011313027904213856,0,0,-0.0,1.0378755992383808,-0.0308179101321146
2013-02-14,-0.009879683980191177,0,0,0.0,1.0378755992383808,-0.0308179101321146
2013-02-15,-0.010874426763357908,0,0,-0.0,1.0378755992383808,-0.0308179101321146
2013-02-19,-0.011460070367318536,0,0,-0.0,1.0378755992383808,-0.0308179101321146
2013-02-20,-0.01088275988621551,0,0,0.0,1.0378755992383808,-0.0308179101321146
2013-02-21,-0.00977051912200766,0,0,0.0,1.0378755992383808,-0.0308179101321146
2013-02-22,-0.0096571025817747,0,0,0.0,1.0378755992383808,-0.0308179101321146
2013-02-25,-0.007175556323061905,0,0,0.0,1.0378755992383808,-0.0308179101321146
2013-02-26,-0.007296174899517393,0,0,0.0,1.0378755992383808,-0.0308179101321146
2013-02-27,-0.008196264216345011,0,0,-0.0,1.0378755992383808,-0.0308179101321146
2013-02-28,-0.006422814803473776,0,0,0.0,1.0378755992383808,-0.0308179101321146
2013-03-01,-0.0056518096179950855,0,0,0.0,1.0378755992383808,-0.0308179101321146
2013-03-04,-0.0052739705033427444,0,0,-0.0,1.0378755992383808,-0.0308179101321146
2013-03-05,-0.006157966810189318,0,0,-0.0,1.0378755992383808,-0.0308179101321146
2013-03-06,-0.006953336411294119,0,0,-0.0,1.0378755992383808,-0.0308179101321146
2013-03-07,-0.008750971588052919,0,0,-0.0,1.0378755992383808,-0.0308179101321146
2013-03-08,-0.010310865338992418,0,0,-0.0,1.0378755992383808,-0.0308179101321146
2013-03-11,-0.010532835599999884,0,0,0.0,1.0378755992383808,-0.0308179101321146
2013-03-12,-0.008307407146371747,0,0,0.0,1.0378755992383808,-0.0308179101321146
2013-03-13,-0.00826155456765381,0,0,-0.0,1.0378755992383808,-0.0308179101321146
2013-03-14,-0.00856027109519753,0,0,-0.0,1.0378755992383808,-0.0308179101321146
2013-03-15,-0.007238710877205634,0,0,0.0,1.0378755992383808,-0.0308179101321146
2013-03-18,-0.005247295801500956,0,0,0.0,1.0378755992383808,-0.0308179101321146
2013-03-19,-0.004651319211897946,0,0,0.0,1.0378755992383808,-0.0308179101321146
2013-03-20,-0.005018285286818791,0,0,-0.0,1.0378755992383808,-0.0308179101321146
2013-03-21,-0.006227453189555765,0,0,-0.0,1.0378755992383808,-0.0308179101321146
2013-03-22,-0.006522995779051404,0,0,0.0,1.0378755992383808,-0.0308179101321146
2013-03-25,-0.0072815046386015495,0,0,0.0,1.0378755992383808,-0.0308179101321146
2013-03-26,-0.007888463754676155,0,0,0.0,1.0378755992383808,-0.0308179101321146
2013-03-27,-0.006260830834873143,0,0,0.0,1.0378755992383808,-0.0308179101321146
2013-03-28,-0.006369525736258024,0,0,-0.0,1.0378755992383808,-0.0308179101321146
2013-04-01,-0.005627366353499918,0,0,0.0,1.0378755992383808,-0.0308179101321146
2013-04-02,-0.005081910534291151,0,0,-0.0,1.0378755992383808,-0.0308179101321146
2013-04-03,-0.0025448710894595654,0,0,0.0,1.0378755992383808,-0.0308179101321146
2013-04-04,-0.0010110234228410562,0,0,0.0,1.0378755992383808,-0.0308179101321146
2013-04-05,-0.00047079305429440475,0,0,0.0,1.0378755992383808,-0.0308179101321146
2013-04-08,-0.0015545565770700208,0,0,-0.0,1.0378755992383808,-0.0308179101321146
2013-04-09,-0.001670912323106527,0,0,-0.0,1.0378755992383808,-0.0308179101321146
2013-04-10,-0.0031978811336064008,0,0,-0.0,1.0378755992383808,-0.0308179101321146
2013-04-11,-0.0029176422723761085,0,0,0.0,1.0378755992383808,-0.0308179101321146
2013-04-12,-0.0013070964048110367,0,0,0.0,1.0378755992383808,-0.0308179101321146
2013-04-15,-0.0002654480088031653,0,0,0.0,1.0378755992383808,-0.0308179101321146
2013-04-16,-5.167979412800121e-05,0,0,-0.0,1.0378755992383808,-0.0308179101321146
2013-04-17,-0.00039697783729706346,0,0,0.0,1.0378755992383808,-0.0308179101321146
2013-04-18,-0.00016743623580802185,0,0,0.0,1.0378755992383808,-0.0308179101321146
2013-04-19,-0.0009631151845609419,0,0,-0.0,1.0378755992383808,-0.0308179101321146
2013-04-22,-0.0008385497738441826,0,0,0.0,1.0378755992383808,-0.0308179101321146
2013-04-23,0.0008982370128048978,0,0,-0.0,1.0378755992383808,-0.0308179101321146
2013-04-24,0.000517554422171612,0,0,0.0,1.0378755992383808,-0.0308179101321146
2013-04-25,3.763149705586196e-05,0,0,-0.0,1.0378755992383808,-0.0308179101321146
2013-04-26,0.0016127605249586286,0,0,0.0,1.0378755992383808,-0.0308179101321146
2013-04-29,0.0013969098122182883,0,0,0.0,1.0378755992383808,-0.0308179101321146
2013-04-30,-0.0004443502090557825,0,0,-0.0,1.0378755992383808,-0.0308179101321146
2013-05-01,0.0004515499638454046,0,0,0.0,1.0378755992383808,-0.0308179101321146
2013-05-02,-0.0002974359140341112,0,0,0.0,1.0378755992383808,-0.0308179101321146
2013-05-03,-0.0045421279534451076,0,0,-0.0,1.0378755992383808,-0.0308179101321146
2013-05-06,-0.005255634296658645,0,0,-0.0,1.0378755992383808,-0.0308179101321146
2013-05-07,-0.005205557029543828,0,0,-0.0,1.0378755992383808,-0.0308179101321146
2013-05-08,-0.004573772971744444,0,0,0.0,1.0378755992383808,-0.0308179101321146
2013-05-09,-0.004761784280255237,0,0,-0.0,1.0378755992383808,-0.0308179101321146
2013-05-10,-0.006926372966438615,0,0,-0.0,1.0378755992383808,-0.0308179101321146
2013-05-13,-0.008130437527719026,0,0,-0.0,1.0378755992383808,-0.0308179101321146
2013-05-14,-0.008398824173894608,0,0,-0.0,1.0378755992383808,-0.0308179101321146
2013-05-15,-0.007945958532323012,0,0,0.0,1.0378755992383808,-0.0308179101321146
2013-05-16,-0.005598412809166708,0,0,0.0,1.0378755992383808,-0.0308179101321146
2013-05-17,-0.008478508160728305,0,0,-0.0,1.0378755992383808,-0.0308179101321146
2013-05-20,-0.008833160462808288,0,0,-0.0,1.0378755992383808,-0.0308179101321146
2013-05-21,-0.009134321621488334,0,0,0.0,1.0378755992383808,-0.0308179101321146
2013-05-22,-0.01164778218491756,0,0,-0.0,1.0378755992383808,-0.0308179101321146
2013-05-23,-0.011642418631158578,0,0,-0.0,1.0378755992383808,-0.0308179101321146
2013-05-24,-0.012461581410638396,0,0,0.0,1.0378755992383808,-0.0308179101321146
2013-05-28,-0.016468012928899378,0,0,-0.0,1.0378755992383808,-0.0308179101321146
2013-05-29,-0.015927322217563013,0,0,-0.0,1.0378755992383808,-0.0308179101321146
2013-05-30,-0.016219040459825883,0,0,0.0,1.0378755992383808,-0.0308179101321146
2013-05-31,-0.017302448292922656,0,0,-0.0,1.0378755992383808,-0.0308179101321146
2013-06-03,-0.015272147946744707,0,0,0.0,1.0378755992383808,-0.0308179101321146
2013-06-04,-0.014981288898263827,0,0,-0.0,1.0378755992383808,-0.0308179101321146
2013-06-05,-0.01367146521083341,0,0,0.0,1.0378755992383808,-0.0308179101321146
2013-06-06,-0.012975482590879888,0,0,0.0,1.0378755992383808,-0.0308179101321146
2013-06-07,-0.015286242551130001,0,0,-0.0,1.0378755992383808,-0.0308179101321146
2013-06-10,-0.016237817320481483,0,0,-0.0,1.0378755992383808,-0.0308179101321146
2013-06-11,-0.016149651787576533,0,0,0.0,1.0378755992383808,-0.0308179101321146
2013-06-12,-0.016641167723706975,0,0,-0.0,1.0378755992383808,-0.0308179101321146
2013-06-13,-0.015748614904736283,0,0,0.0,1.0378755992383808,-0.0308179101321146
2013-06-14,-0.013687127136272046,0,0,0.0,1.0378755992383808,-0.0308179101321146
2013-06-17,-0.01426041413385806,0,0,-0.0,1.0378755992383808,-0.0308179101321146
2013-06-18,-0.014639660936645569,0,0,-0.0,1.0378755992383808,-0.0308179101321146
2013-06-19,-0.020005089248868256,0,0,-0.0,1.0378755992383808,-0.0308179101321146
2013-06-20,-0.02339728797547591,0,0,-0.0,1.0378755992383808,-0.0308179101321146
2013-06-21,-0.027462288685792115,0,0,-0.0,1.0378755992383808,-0.0308179101321146
2013-06-24,-0.028099049078015494,0,0,-0.0,1.0378755992383808,-0.0308179101321146
2013-06-25,-0.027915240670609295,0,0,-0.0,1.0378755992383808,-0.0308179101321146
2013-06-26,-0.025413401422886443,0,0,0.0,1.0378755992383808,-0.0308179101321146
2013-06-27,-0.023687536155918294,0,0,0.0,1.0378755992383808,-0.0308179101321146
2013-06-28,-0.024267283160701418,0,0,-0.0,1.0378755992383808,-0.0308179101321146
2013-07-01,-0.02599182479606142,0,0,-0.0,1.0378755992383808,-0.0308179101321146
2013-07-02,-0.02522485149780654,0,0,0.0,1.0378755992383808,-0.0308179101321146
2013-07-03,-0.026130663634240762,0,0,-0.0,1.0378755992383808,-0.0308179101321146
2013-07-05,-0.032132689246771325,0,0,-0.0,1.0378755992383808,-0.0308179101321146
2013-07-08,-0.029455291630960317,0,0,0.0,1.0378755992383808,-0.0308179101321146
2013-07-09,-0.029479162197947557,0,0,0.0,1.0378755992383808,-0.0308179101321146
2013-07-10,-0.030760051532210814,0,0,-0.0,1.0378755992383808,-0.0308179101321146
2013-07-11,-0.026038144449676108,0,0,0.0,1.0378755992383808,-0.0308179101321146
2013-07-12,-0.027714170787552332,0,0,-0.0,1.0378755992383808,-0.0308179101321146
2013-07-15,-0.026263338196067063,0,0,0.0,1.0378755992383808,-0.0308179101321146
2013-07-16,-0.02550041414612658,0,0,0.0,1.0378755992383808,-0.0308179101321146
2013-07-17,-0.023580386881075263,0,0,0.0,1.0378755992383808,-0.0308179101321146
2013-07-18,-0.02228127342997948,0,0,-0.0,1.0378755992383808,-0.0308179101321146
2013-07-19,-0.02075487911564375,0,0,0.0,1.0378755992383808,-0.0308179101321146
2013-07-22,-0.01973516496476994,0,0,0.0,1.0378755992383808,-0.0308179101321146
2013-07-23,-0.020664789093523622,0,0,-0.0,1.0378755992383808,-0.0308179101321146
2013-07-24,-0.022371997794189732,0,0,-0.0,1.0378755992383808,-0.0308179101321146
2013-07-25,-0.022351321424876083,0,0,-0.0,1.0378755992383808,-0.0308179101321146
2013-07-26,-0.02162528940510176,0,0,0.0,1.0378755992383808,-0.0308179101321146
2013-07-29,-0.021966803091910722,0,0,-0.0,1.0378755992383808,-0.0308179101321146
2013-07-30,-0.021570691460433406,0,0,-0.0,1.0378755992383808,-0.0308179101321146
2013-07-31,-0.022282566214161907,0,0,-0.0,1.0378755992383808,-0.0308179101321146
2013-08-01,-0.025509035888013926,0,0,-0.0,1.0378755992383808,-0.0308179101321146
2013-08-02,-0.02010242400240824,0,0,0.0,1.0378755992383808,-0.0308179101321146
2013-08-05,-0.02115034713058318,0,0,-0.0,1.0378755992383808,-0.0308179101321146
2013-08-06,-0.020102067843647667,0,0,-0.0,1.0378755992383808,-0.0308179101321146
2013-08-07,-0.019332440301582276,0,0,0.0,1.0378755992383808,-0.0308179101321146
2013-08-08,-0.019441245796823853,0,0,0.0,1.0378755992383808,-0.0308179101321146
2013-08-09,-0.01939389574920342,0,0,-0.0,1.0378755992383808,-0.0308179101321146
2013-08-12,-0.021065480116979545,0,0,-0.0,1.0378755992383808,-0.0308179101321146
2013-08-13,-0.024365632361238097,0,0,-0.0,1.0378755992383808,-0.0308179101321146
2013-08-14,-0.024393859132115735,0,0,0.0,1.0378755992383808,-0.0308179101321146
2013-08-15,-0.02640280218222852,0,0,-0.0,1.0378755992383808,-0.0308179101321146
2013-08-16,-0.028165592487112853,0,0,-0.0,1.0378755992383808,-0.0308179101321146
2013-08-19,-0.030056313029871173,0,0,-0.0,1.0378755992383808,-0.0308179101321146
2013-08-20,-0.028033912218810735,0,0,0.0,1.0378755992383808,-0.0308179101321146
2013-08-21,-0.028475805934115264,0,0,-0.0,1.0378755992383808,-0.0308179101321146
2013-08-22,-0.03010556236694422,0,0,-0.0,1.0378755992383808,-0.0308179101321146
2013-08-23,-0.028540603462249254,0,0,0.0,1.0378755992383808,-0.0308179101321146
2013-08-26,-0.026655722218863517,0,0,0.0,1.0378755992383808,-0.0308179101321146
2013-08-27,-0.02388822722443417,0,0,0.0,1.0378755992383808,-0.0308179101321146
2013-08-28,-0.024589745997847946,0,0,-0.0,1.0378755992383808,-0.0308179101321146
2013-08-29,-0.023693003176416386,0,0,0.0,1.0378755992383808,-0.0308179101321146
2013-08-30,-0.024696274076580378,0,0,-0.0,1.0378755992383808,-0.0308179101321146
2013-09-03,-0.025417115507471923,0,0,-0.0,1.0378755992383808,-0.0308179101321146
2013-09-04,-0.027188505866385236,0,0,-0.0,1.0378755992383808,-0.0308179101321146
2013-09-05,-0.031042752439927428,0,0,-0.0,1.0378755992383808,-0.0308179101321146
2013-09-06,-0.029036799587594756,0,0,0.0,1.0378755992383808,-0.0308179101321146
2013-09-09,-0.02815631601185392,0,0,0.0,1.0378755992383808,-0.0308179101321146
2013-09-10,-0.03068082459154753,0,0,-0.0,1.0378755992383808,-0.0308179101321146
2013-09-11,-0.028256262547647303,0,0,0.0,1.0378755992383808,-0.0308179101321146
2013-09-12,-0.028353275598906373,0,0,0.0,1.0378755992383808,-0.0308179101321146
2013-09-13,-0.02604559532675391,0,0,0.0,1.0378755992383808,-0.0308179101321146
2013-09-16,-0.022984632145037907,0,0,0.0,1.0378755992383808,-0.0308179101321146
2013-09-17,-0.021131402582602776,0,0,0.0,1.0378755992383808,-0.0308179101321146
2013-09-18,-0.01532379019254646,0,0,0.0,1.0378755992383808,-0.0308179101321146
2013-09-19,-0.016102383065456156,0,0,-0.0,1.0378755992383808,-0.0308179101321146
2013-09-20,-0.01593992542188589,0,0,0.0,1.0378755992383808,-0.0308179101321146
2013-09-23,-0.01666562278431381,0,0,0.0,1.0378755992383808,-0.0308179101321146
2013-09-24,-0.01557529424196491,0,0,0.0,1.0378755992383808,-0.0308179101321146
2013-09-25,-0.014845565271956504,0,0,0.0,1.0378755992383808,-0.0308179101321146
2013-09-26,-0.015199377145182153,0,0,-0.0,1.0378755992383808,-0.0308179101321146
2013-09-27,-0.013892548309849434,0,0,0.0,1.0378755992383808,-0.0308179101321146
2013-09-30,-0.011536716039301658,0,0,-0.0,1.0378755992383808,-0.0308179101321146
2013-10-01,-0.01343559059004346,0,0,-0.0,1.0378755992383808,-0.0308179101321146
2013-10-02,-0.012485466286130748,0,0,0.0,1.0378755992383808,-0.0308179101321146
2013-10-03,-0.010696531480747812,0,0,0.0,1.0378755992383808,-0.0308179101321146
2013-10-04,-0.013737879401952324,0,0,-0.0,1.0378755992383808,-0.0308179101321146
2013-10-07,-0.013758546731967847,0,0,0.0,1.0378755992383808,-0.0308179101321146
2013-10-08,-0.014565385288579275,0,0,-0.0,1.0378755992383808,-0.0308179101321146
2013-10-09,-0.01496988755808282,0,0,0.0,1.0378755992383808,-0.0308179101321146
2013-10-10,-0.01637894645393705,0,0,-0.0,1.0378755992383808,-0.0308179101321146
2013-10-11,-0.015375022602903951,0,0,0.0,1.0378755992383808,-0.0308179101321146
2013-10-14,-0.01638639398524762,0,0,0.0,1.0378755992383808,-0.0308179101321146
2013-10-15,-0.01718403666831679,0,0,-0.0,1.0378755992383808,-0.0308179101321146
2013-10-16,-0.016642390881759176,0,0,0.0,1.0378755992383808,-0.0308179101321146
2013-10-17,-0.013184581167448528,0,0,0.0,1.0378755992383808,-0.0308179101321146
2013-10-18,-0.013077024154025927,0,0,-0.0,1.0378755992383808,-0.0308179101321146
2013-10-21,-0.014342987812722908,0,0,-0.0,1.0378755992383808,-0.0308179101321146
2013-10-22,-0.012266028246551108,0,0,0.0,1.0378755992383808,-0.0308179101321146
2013-10-23,-0.010874547089724644,0,0,0.0,1.0378755992383808,-0.0308179101321146
2013-10-24,-0.011175340373838615,0,0,-0.0,1.0378755992383808,-0.0308179101321146
2013-10-25,-0.009194217319133578,0,0,0.0,1.0378755992383808,-0.0308179101321146
2013-10-28,-0.011100604245822931,0,0,-0.0,1.0378755992383808,-0.0308179101321146
2013-10-29,-0.010375896849174636,0,0,0.0,1.0378755992383808,-0.0308179101321146
2013-10-30,-0.009819944345082415,0,0,-0.0,1.0378755992383808,-0.0308179101321146
2013-10-31,-0.010709905301134682,0,0,-0.0,1.0378755992383808,-0.0308179101321146
2013-11-01,-0.012194385374498117,0,0,-0.0,1.0378755992383808,-0.0308179101321146
2013-11-04,-0.011524062438483928,0,0,0.0,1.0378755992383808,-0.0308179101321146
2013-11-05,-0.01303260866431602,0,0,-0.0,1.0378755992383808,-0.0308179101321146
2013-11-06,-0.009579337907108354,0,0,0.0,1.0378755992383808,-0.0308179101321146
2013-11-07,-0.008826997236297256,0,0,0.0,1.0378755992383808,-0.0308179101321146
2013-11-08,-0.012343482963160684,0,0,-0.0,1.0378755992383808,-0.0308179101321146
2013-11-11,-0.010918670003414604,0,0,0.0,1.0378755992383808,-0.0308179101321146
2013-11-12,-0.011241201689625707,0,0,-0.0,1.0378755992383808,-0.0308179101321146
2013-11-13,-0.01071762637775555,0,0,0.0,1.0378755992383808,-0.0308179101321146
2013-11-14,-0.00717071150356478,0,0,0.0,1.0378755992383808,-0.0308179101321146
2013-11-15,-0.006677458744120035,0,0,-0.0,1.0378755992383808,-0.0308179101321146
2013-11-18,-0.006414380336283987,0,0,0.0,1.0378755992383808,-0.0308179101321146
2013-11-19,-0.00784075676875927,0,0,-0.0,1.0378755992383808,-0.0308179101321146
2013-11-20,-0.009539358665536013,0,0,-0.0,1.0378755992383808,-0.0308179101321146
2013-11-21,-0.00854487591211016,0,0,0.0,1.0378755992383808,-0.0308179101321146
2013-11-22,-0.008805820000094704,0,0,0.0,1.0378755992383808,-0.0308179101321146
2013-11-25,-0.008448238531863096,0,0,0.0,1.0378755992383808,-0.0308179101321146
2013-11-26,-0.005434806334015479,0,0,0.0,1.0378755992383808,-0.0308179101321146
2013-11-27,-0.0050508262938174005,0,0,-0.0,1.0378755992383808,-0.0308179101321146
2013-11-29,-0.0039437735034922265,0,0,-0.0,1.0378755992383808,-0.0308179101321146
2013-12-02,-0.005929997177905506,0,0,-0.0,1.0378755992383808,-0.0308179101321146
2013-12-03,-0.006510989649860832,0,0,0.0,1.0378755992383808,-0.0308179101321146
2013-12-04,-0.008265966498349158,0,0,-0.0,1.0378755992383808,-0.0308179101321146
2013-12-05,-0.009822160092962556,0,0,-0.0,1.0378755992383808,-0.0308179101321146
2013-12-06,-0.010695712948998265,0,0,-0.0,1.0378755992383808,-0.0308179101321146
2013-12-09,-0.007995730291925202,0,0,0.0,1.0378755992383808,-0.0308179101321146
2013-12-10,-0.005958691683741163,0,0,0.0,1.0378755992383808,-0.0308179101321146
2013-12-11,-0.0062640129715433816,0,0,-0.0,1.0378755992383808,-0.0308179101321146
2013-12-12,-0.009305035574617804,0,0,-0.0,1.0378755992383808,-0.0308179101321146
2013-12-13,-0.008409743971031412,0,0,0.0,1.0378755992383808,-0.0308179101321146
2013-12-16,-0.008827616476395366,0,0,-0.0,1.0378755992383808,-0.0308179101321146
2013-12-17,-0.00864061884381816,0,0,0.0,1.0378755992383808,-0.0308179101321146
2013-12-18,-0.009627073742503444,0,0,-0.0,1.0378755992383808,-0.0308179101321146
2013-12-19,-0.012421274641034357,0,0,-0.0,1.0378755992383808,-0.0308179101321146
2013-12-20,-0.012731724563695855,0,0,-0.0,1.0378755992383808,-0.0308179101321146
2013-12-23,-0.013603091033402185,0,0,-0.0,1.0378755992383808,-0.0308179101321146
2013-12-24,-0.012885088777533749,0,0,-0.0,1.0378755992383808,-0.0308179101321146
2013-12-26,-0.013927168386775678,0,0,-0.0,1.0378755992383808,-0.0308179101321146
2013-12-27,-0.01455829274057755,0,0,-0.0,1.0378755992383808,-0.0308179101321146
2013-12-30,-0.013397328523883655,0,0,0.0,1.0378755992383808,-0.0308179101321146
2013-12-31,-0.01542121394449298,0,0,-0.0,1.0378755992383808,-0.0308179101321146
2014-01-02,-0.014571486234747275,0,0,0.0,1.0378755992383808,-0.0308179101321146
2014-01-03,-0.015146944058923405,0,0,-0.0,1.0378755992383808,-0.0308179101321146
2014-01-06,-0.01436989658771539,0,0,0.0,1.0378755992383808,-0.0308179101321146
2014-01-07,-0.013985467331233403,0,0,0.0,1.0378755992383808,-0.0308179101321146
2014-01-08,-0.015967026280170275,0,0,-0.0,1.0378755992383808,-0.0308179101321146
2014-01-09,-0.0158915010665207,0,0,0.0,1.0378755992383808,-0.0308179101321146
2014-01-10,-0.011571555753493423,0,0,0.0,1.0378755992383808,-0.0308179101321146
2014-01-13,-0.010442179900128783,0,0,0.0,1.0378755992383808,-0.0308179101321146
2014-01-14,-0.012462258167547147,0,0,-0.0,1.0378755992383808,-0.0308179101321146
2014-01-15,-0.012944768334366474,0,0,-0.0,1.0378755992383808,-0.0308179101321146
2014-01-16,-0.012638774897049475,0,0,0.0,1.0378755992383808,-0.0308179101321146
2014-01-17,-0.012804680806454293,0,0,0.0,1.0378755992383808,-0.0308179101321146
2014-01-21,-0.012842605995096361,0,0,-0.0,1.0378755992383808,-0.0308179101321146
2014-01-22,-0.0138517710058274,0,0,-0.0,1.0378755992383808,-0.0308179101321146
2014-01-23,-0.009230500368365828,0,0,0.0,1.0378755992383808,-0.0308179101321146
2014-01-24,-0.00947266400002673,0,0,0.0,1.0378755992383808,-0.0308179101321146
2014-01-27,-0.009905391993107353,0,0,-0.0,1.0378755992383808,-0.0308179101321146
2014-01-28,-0.0086619866997731,0,0,0.0,1.0378755992383808,-0.0308179101321146
2014-01-29,-0.007129110271152172,0,0,0.0,1.0378755992383808,-0.0308179101321146
2014-01-30,-0.0069465273130051505,0,0,-0.0,1.0378755992383808,-0.0308179101321146
2014-01-31,-0.006254019593437348,0,0,0.0,1.0378755992383808,-0.0308179101321146
2014-02-03,-0.002959630423603776,0,0,0.0,1.0378755992383808,-0.0308179101321146
2014-02-04,-0.003442608401624414,0,0,-0.0,1.0378755992383808,-0.0308179101321146
2014-02-05,-0.005003774558244578,0,0,-0.0,1.0378755992383808,-0.0308179101321146
2014-02-06,-0.0041199659506333365,0,0,-0.0,1.0378755992383808,-0.0308179101321146
2014-02-07,-0.0020787511745956715,0,0,0.0,1.0378755992383808,-0.0308179101321146
2014-02-10,-0.0019636001319908005,0,0,-0.0,1.0378755992383808,-0.0308179101321146
2014-02-11,-0.005229509087663298,0,0,-0.0,1.0378755992383808,-0.0308179101321146
2014-02-12,-0.006452138165827059,0,0,-0.0,1.0378755992383808,-0.0308179101321146
2014-02-13,-0.003156458842935589,0,0,0.0,1.0378755992383808,-0.0308179101321146
2014-02-14,-0.004803094641303729,0,0,-0.0,1.0378755992383808,-0.0308179101321146
2014-02-18,-0.003153555228193782,0,0,0.0,1.0378755992383808,-0.0308179101321146
2014-02-19,-0.004555932447461164,0,0,-0.0,1.0378755992383808,-0.0308179101321146
2014-02-20,-0.00428581859483515,0,0,-0.0,1.0378755992383808,-0.0308179101321146
2014-02-21,-0.004868200352833002,0,0,0.0,1.0378755992383808,-0.0308179101321146
2014-02-24,-0.005716464469353866,0,0,-0.0,1.0378755992383808,-0.0308179101321146
2014-02-25,-0.003895791665206449,0,0,0.0,1.0378755992383808,-0.0308179101321146
2014-02-26,-0.001984597169515218,0,0,0.0,1.0378755992383808,-0.0308179101321146
2014-02-27,-0.0004692655649369934,0,0,0.0,1.0378755992383808,-0.0308179101321146
2014-02-28,-0.0017946096600890355,0,0,-0.0,1.0378755992383808,-0.0308179101321146
2014-03-03,-0.0014397836332873284,0,0,0.0,1.0378755992383808,-0.0308179101321146
2014-03-04,-0.0029319651783836663,0,0,-0.0,1.0378755992383808,-0.0308179101321146
2014-03-05,-0.0031024465914794796,0,0,-0.0,1.0378755992383808,-0.0308179101321146
2014-03-06,-0.004005237504540321,0,0,-0.0,1.0378755992383808,-0.0308179101321146
2014-03-07,-0.006385684181158457,0,0,-0.0,1.0378755992383808,-0.0308179101321146
2014-03-10,-0.007546963833883634,0,0,0.0,1.0378755992383808,-0.0308179101321146
2014-03-11,-0.007155490742882376,0,0,0.0,1.0378755992383808,-0.0308179101321146
2014-03-12,-0.007297253093686273,0,0,0.0,1.0378755992383808,-0.0308179101321146
2014-03-13,-0.004426849998667476,0,0,0.0,1.0378755992383808,-0.0308179101321146
2014-03-14,-0.004775437123069792,0,0,-0.0,1.0378755992383808,-0.0308179101321146
2014-03-17,-0.007013638199665556,0,0,-0.0,1.0378755992383808,-0.0308179101321146
2014-03-18,-0.0069986729097367304,0,0,0.0,1.0378755992383808,-0.0308179101321146
2014-03-19,-0.011171193060275746,0,0,-0.0,1.0378755992383808,-0.0308179101321146
2014-03-20,-0.010908578941442749,0,0,-0.0,1.0378755992383808,-0.0308179101321146
2014-03-21,-0.010871417880775561,0,0,0.0,1.0378755992383808,-0.0308179101321146
2014-03-24,-0.010317063496604944,0,0,-0.0,1.0378755992383808,-0.0308179101321146
2014-03-25,-0.009668888571593703,0,0,0.0,1.0378755992383808,-0.0308179101321146
2014-03-26,-0.008984016408977596,0,0,0.0,1.0378755992383808,-0.0308179101321146
2014-03-27,-0.00949002651060421,0,0,0.0,1.0378755992383808,-0.0308179101321146
2014-03-28,-0.009338397327102866,0,0,-0.0,1.0378755992383808,-0.0308179101321146
2014-03-31,-0.01028374772902103,0,0,-0.0,1.0378755992383808,-0.0308179101321146
2014-04-01,-0.010096338681482785,0,0,-0.0,1.0378755992383808,-0.0308179101321146
2014-04-02,-0.012144592562215402,0,0,-0.0,1.0378755992383808,-0.0308179101321146
2014-04-03,-0.011774001130645672,0,0,0.0,1.0378755992383808,-0.0308179101321146
2014-04-04,-0.008011407627524475,0,0,0.0,1.0378755992383808,-0.0308179101321146
2014-04-07,-0.007335224400618234,0,0,0.0,1.0378755992383808,-0.0308179101321146
2014-04-08,-0.008161602783028021,0,0,0.0,1.0378755992383808,-0.0308179101321146
2014-04-09,-0.008417059934474252,0,0,0.0,1.0378755992383808,-0.0308179101321146
2014-04-10,-0.00694928957988542,0,0,0.0,1.0378755992383808,-0.0308179101321146
2014-04-11,-0.006082075625651561,0,0,0.0,1.0378755992383808,-0.0308179101321146
2014-04-14,-0.007112183812188322,0,0,-0.0,1.0378755992383808,-0.0308179101321146
2014-04-15,-0.008680253260291903,0,0,-0.0,1.0378755992383808,-0.0308179101321146
2014-04-16,-0.008565344784252254,0,0,-0.0,1.0378755992383808,-0.0308179101321146
2014-04-17,-0.010024551605243164,0,0,-0.0,1.0378755992383808,-0.0308179101321146
2014-04-21,-0.011194337131558573,0,0,0.0,1.0378755992383808,-0.0308179101321146
2014-04-22,-0.01202695110602434,0,0,-0.0,1.0378755992383808,-0.0308179101321146
2014-04-23,-0.010595805238727822,0,0,0.0,1.0378755992383808,-0.0308179101321146
2014-04-24,-0.010800666877773278,0,0,-0.0,1.0378755992383808,-0.0308179101321146
2014-04-25,-0.010886074420083661,0,0,0.0,1.0378755992383808,-0.0308179101321146
2014-04-28,-0.009635049741300765,0,0,0.0,1.0378755992383808,-0.0308179101321146
2014-04-29,-0.01070124994155177,0,0,-0.0,1.0378755992383808,-0.0308179101321146
2014-04-30,-0.009955558720337404,0,0,0.0,1.0378755992383808,-0.0308179101321146
2014-05-01,-0.008403926324359228,0,0,0.0,1.0378755992383808,-0.0308179101321146
2014-05-02,-0.008963968090727314,0,0,-0.0,1.0378755992383808,-0.0308179101321146
2014-05-05,-0.0079442066905538,0,0,-0.0,1.0378755992383808,-0.0308179101321146
2014-05-06,-0.008155939793278544,0,0,0.0,1.0378755992383808,-0.0308179101321146
2014-05-07,-0.006748119648714839,0,0,0.0,1.0378755992383808,-0.0308179101321146
2014-05-08,-0.006007154860406021,0,0,0.0,1.0378755992383808,-0.0308179101321146
2014-05-09,-0.006259070511852793,0,0,-0.0,1.0378755992383808,-0.0308179101321146
2014-05-12,-0.00794859022402371,0,0,-0.0,1.0378755992383808,-0.0308179101321146
2014-05-13,-0.006693524101633385,0,0,0.0,1.0378755992383808,-0.0308179101321146
2014-05-14,-0.004421425445271276,0,0,0.0,1.0378755992383808,-0.0308179101321146
2014-05-15,-0.002715379206952689,0,0,0.0,1.0378755992383808,-0.0308179101321146
2014-05-16,-0.0025701412150858473,0,0,-0.0,1.0378755992383808,-0.0308179101321146
2014-05-19,-0.0029287581081976375,0,0,0.0,1.0378755992383808,-0.0308179101321146
2014-05-20,-0.0016608036577413943,0,0,0.0,1.0378755992383808,-0.0308179101321146
2014-05-21,-0.003055159987933309,0,0,-0.0,1.0378755992383808,-0.0308179101321146
2014-05-22,-0.003750753625038499,0,0,-0.0,1.0378755992383808,-0.0308179101321146
2014-05-23,-0.0033312276324462095,0,0,0.0,1.0378755992383808,-0.0308179101321146
2014-05-27,-0.0019107565237701904,0,0,0.0,1.0378755992383808,-0.0308179101321146
2014-05-28,-0.0008156870914848399,0,0,0.0,1.0378755992383808,-0.0308179101321146
2014-05-29,-0.0003451633685814747,0,0,-0.0,1.0378755992383808,-0.0308179101321146
2014-05-30,-0.0005732671918818378,0,0,-0.0,1.0378755992383808,-0.0308179101321146
2014-06-02,-0.0020181255383096394,0,0,-0.0,1.0378755992383808,-0.0308179101321146
2014-06-03,-0.0020541377407300165,0,0,-0.0,1.0378755992383808,-0.0308179101321146
2014-06-04,-0.0026843041740972407,0,0,-0.0,1.0378755992383808,-0.0308179101321146
2014-06-05,-0.0012029624857311794,0,0,0.0,1.0378755992383808,-0.0308179101321146
2014-06-06,-0.0019165618407654072,0,0,-0.0,1.0378755992383808,-0.0308179101321146
2014-06-09,-0.003450544603430788,0,0,-0.0,1.0378755992383808,-0.0308179101321146
2014-06-10,-0.004354139712330318,0,0,-0.0,1.0378755992383808,-0.0308179101321146
2014-06-11,-0.004431577348295407,0,0,0.0,1.0378755992383808,-0.0308179101321146
2014-06-12,-0.003273764040541088,0,0,0.0,1.0378755992383808,-0.0308179101321146
2014-06-13,-0.0019948541443198854,0,0,-0.0,1.0378755992383808,-0.0308179101321146
2014-06-16,-0.0019349779984906166,0,0,-0.0,1.0378755992383808,-0.0308179101321146
2014-06-17,-0.0032365188376808404,0,0,-0.0,1.0378755992383808,-0.0308179101321146
2014-06-18,-0.0006086444875239461,0,0,0.0,1.0378755992383808,-0.0308179101321146
2014-06-19,-0.0002503860876855946,0,0,0.0,1.0378755992383808,-0.0308179101321146
2014-06-20,-0.0010255960628788475,0,0,-0.0,1.0378755992383808,-0.0308179101321146
2014-06-23,-0.0014759154548445062,0,0,-0.0,1.0378755992383808,-0.0308179101321146
2014-06-24,-0.000143790026733748,0,0,0.0,1.0378755992383808,-0.0308179101321146
2014-06-25,0.0005951267968672179,0,0,0.0,1.0378755992383808,-0.0308179101321146
2014-06-26,0.001983110107360791,0,0,0.0,1.0378755992383808,-0.0308179101321146
2014-06-27,0.002314058727781459,0,0,0.0,1.0378755992383808,-0.0308179101321146
2014-06-30,0.0020324819705733964,0,0,-0.0,1.0378755992383808,-0.0308179101321146
2014-07-01,0.0011424347385238177,0,0,-0.0,1.0378755992383808,-0.0308179101321146
2014-07-02,-0.0015635361543911374,0,0,-0.0,1.0378755992383808,-0.0308179101321146
2014-07-03,-0.0042182043182936325,0,0,-0.0,1.0378755992383808,-0.0308179101321146
2014-07-07,-0.004429600039030895,0,0,0.0,1.0378755992383808,-0.0308179101321146
2014-07-08,-0.00277285180473929,0,0,0.0,1.0378755992383808,-0.0308179101321146
2014-07-09,-0.0016497760209617906,0,0,0.0,1.0378755992383808,-0.0308179101321146
2014-07-10,-0.0010159702439082484,0,0,0.0,1.0378755992383808,-0.0308179101321146
2014-07-11,-0.0009211932276259271,0,0,0.0,1.0378755992383808,-0.0308179101321146
2014-07-14,-0.0013346640044765933,0,0,-0.0,1.0378755992383808,-0.0308179101321146
2014-07-15,-0.00019495747989386482,0,0,-0.0,1.0378755992383808,-0.0308179101321146
2014-07-16,-0.0007487567623362056,0,0,-0.0,1.0378755992383808,-0.0308179101321146
2014-07-17,0.0001420523915755035,0,0,0.0,1.0378755992383808,-0.0308179101321146
2014-07-18,-0.0005689689178774382,0,0,-0.0,1.0378755992383808,-0.0308179101321146
2014-07-21,-0.001190761712942101,0,0,-0.0,1.0378755992383808,-0.0308179101321146
2014-07-22,-0.001487679126608149,0,0,0.0,1.0378755992383808,-0.0308179101321146
2014-07-23,-0.0012598322140099038,0,0,0.0,1.0378755992383808,-0.0308179101321146
2014-07-24,-0.0031422579595078216,0,0,-0.0,1.0378755992383808,-0.0308179101321146
2014-07-25,-0.003861697986767848,0,0,0.0,1.0378755992383808,-0.0308179101321146
2014-07-28,-0.004240225098891192,0,0,-0.0,1.0378755992383808,-0.0308179101321146
2014-07-29,-0.002883508424858072,0,0,0.0,1.0378755992383808,-0.0308179101321146
2014-07-30,-0.004564048252700853,0,0,-0.0,1.0378755992383808,-0.0308179101321146
2014-07-31,-0.0045757060240276815,0,0,-0.0,1.0378755992383808,-0.0308179101321146
2014-08-01,-0.0015873700394467005,0,0,0.0,1.0378755992383808,-0.0308179101321146
2014-08-04,-0.0012797592841871652,0,0,0.0,1.0378755992383808,-0.0308179101321146
2014-08-05,-0.0005340191262032445,0,0,0.0,1.0378755992383808,-0.0308179101321146
2014-08-06,-0.0003645835022621779,0,0,0.0,1.0378755992383808,-0.0308179101321146
2014-08-07,0.0005265344463581789,0,0,0.0,1.0378755992383808,-0.0308179101321146
2014-08-08,-0.0011958917104717747,0,0,-0.0,1.0378755992383808,-0.0308179101321146
2014-08-11,-0.0015937918064922118,0,0,-0.0,1.0378755992383808,-0.0308179101321146
2014-08-12,-0.0010121808772877215,0,0,-0.0,1.0378755992383808,-0.0308179101321146
2014-08-13,6.1014351576443924e-05,0,0,0.0,1.0378755992383808,-0.0308179101321146
2014-08-14,0.00010952512262958348,0,0,0.0,1.0378755992383808,-0.0308179101321146
2014-08-15,0.0011881859620546551,0,0,0.0,1.0378755992383808,-0.0308179101321146
2014-08-18,0.0005657296916538101,0,0,-0.0,1.0378755992383808,-0.0308179101321146
2014-08-19,-0.00013982927677581576,0,0,-0.0,1.0378755992383808,-0.0308179101321146
2014-08-20,-0.0015450527572920204,0,0,-0.0,1.0378755992383808,-0.0308179101321146
2014-08-21,-0.0026158623997202535,0,0,0.0,1.0378755992383808,-0.0308179101321146
2014-08-22,-0.0022654425089376146,0,0,-0.0,1.0378755992383808,-0.0308179101321146
2014-08-25,-0.0022446431968021208,0,0,-0.0,1.0378755992383808,-0.0308179101321146
2014-08-26,-0.0007502326336778053,0,0,0.0,1.0378755992383808,-0.0308179101321146
2014-08-27,0.001740577853839298,0,0,0.0,1.0378755992383808,-0.0308179101321146
2014-08-28,0.0022213515658150106,0,0,0.0,1.0378755992383808,-0.0308179101321146
2014-08-29,0.0011579371272900207,0,0,-0.0,1.0378755992383808,-0.0308179101321146
2014-09-02,-0.0020899373673601896,0,0,-0.0,1.0378755992383808,-0.0308179101321146
2014-09-03,-0.002229970225674499,0,0,0.0,1.0378755992383808,-0.0308179101321146
2014-09-04,-0.0029191737210943368,0,0,-0.0,1.0378755992383808,-0.0308179101321146
2014-09-05,-0.0022988230439715098,0,0,0.0,1.0378755992383808,-0.0308179101321146
2014-09-08,-0.004043991798724216,0,0,-0.0,1.0378755992383808,-0.0308179101321146
2014-09-09,-0.003538367597065034,0,0,-0.0,1.0378755992383808,-0.0308179101321146
2014-09-10,-0.003954254599713991,0,0,-0.0,1.0378755992383808,-0.0308179101321146
2014-09-11,-0.0035413913715494016,0,0,0.0,1.0378755992383808,-0.0308179101321146
2014-09-12,-0.005401061391574435,0,0,-0.0,1.0378755992383808,-0.0308179101321146
2014-09-15,-0.005051750091852603,0,0,0.0,1.0378755992383808,-0.0308179101321146
2014-09-16,-0.004904740809639679,0,0,0.0,1.0378755992383808,-0.0308179101321146
2014-09-17,-0.005910212153543026,0,0,-0.0,1.0378755992383808,-0.0308179101321146
2014-09-18,-0.006592726942886894,0,0,-0.0,1.0378755992383808,-0.0308179101321146
2014-09-19,-0.006171877187093821,0,0,0.0,1.0378755992383808,-0.0308179101321146
2014-09-22,-0.004974853955560426,0,0,0.0,1.0378755992383808,-0.0308179101321146
2014-09-23,-0.0034344474324937866,0,0,0.0,1.0378755992383808,-0.0308179101321146
2014-09-24,-0.004594977729621357,0,0,-0.0,1.0378755992383808,-0.0308179101321146
2014-09-25,-0.003499381275668156,0,0,0.0,1.0378755992383808,-0.0308179101321146
2014-09-26,-0.0046044874937335055,0,0,-0.0,1.0378755992383808,-0.0308179101321146
2014-09-29,-0.0030341342075597627,0,0,0.0,1.0378755992383808,-0.0308179101321146
2014-09-30,-0.004511128674774434,0,0,-0.0,1.0378755992383808,-0.0308179101321146
2014-10-01,-0.002552654098848961,0,0,0.0,1.0378755992383808,-0.0308179101321146
2014-10-02,-0.003432993872341977,0,0,-0.0,1.0378755992383808,-0.0308179101321146
2014-10-03,-0.00458721479204553,0,0,-0.0,1.0378755992383808,-0.0308179101321146
2014-10-06,-0.0034424554596453605,0,0,0.0,1.0378755992383808,-0.0308179101321146
2014-10-07,-0.000538330526506753,0,0,0.0,1.0378755992383808,-0.0308179101321146
2014-10-08,0.0029087825481302282,0,0,0.0,1.0378755992383808,-0.0308179101321146
2014-10-09,0.0028909277903159504,0,0,0.0,1.0378755992383808,-0.0308179101321146
2014-10-10,0.003116807434978941,0,0,0.0,1.0378755992383808,-0.0308179101321146
2014-10-13,0.0028110405735267407,0,0,0.0,1.0378755992383808,-0.0308179101321146
2014-10-14,0.006634875613303825,0,0,0.0,1.0378755992383808,-0.0308179101321146
2014-10-15,0.011064921016822748,1,0,0.0,1.0378755992383808,-0.0308179101321146
2014-10-16,0.009158279848275197,1,1,-0.002309691078818177,1.0354784272258968,-0.03305642135883287
2014-10-17,0.008005650188244305,1,1,-0.001736278576251582,1.0336805482165339,-0.03473530477887146
2014-10-20,0.008100073309744726,1,1,0.000869649241472592,1.0345794877212153,-0.033895863068852165
2014-10-21,0.0071118158168354765,1,1,-0.0005792624058699181,1.0339801947180942,-0.03445549087553184
2014-10-22,0.0061666822041889155,1,1,-0.0009659969088098297,1.032981373046226,-0.03538820388666428
2014-10-23,0.005868942590451559,1,1,-0.0015470895378070226,1.0313832583712368,-0.03688054470447638
2014-10-24,0.005978647694202249,1,1,-9.684292078249168e-05,1.0312833762040499,-0.03697381600558973
2014-10-27,0.005108754677311,1,1,0.0004842615012106144,1.031782787039984,-0.03650745950002341
2014-10-28,0.0038313019242375733,1,1,-0.0006776379477250183,1.0310836118696762,-0.03716035860781622
2014-10-29,0.00044155226475067733,0,1,-0.0027123898091639953,1.028286911188445,-0.039771955038987464
2014-10-30,0.001569732150760283,0,0,0.0,1.028286911188445,-0.039771955038987464
2014-10-31,-0.0005518864640021105,0,0,-0.0,1.028286911188445,-0.039771955038987464
2014-11-03,-0.0017303141429817646,0,0,-0.0,1.028286911188445,-0.039771955038987464
2014-11-04,-0.0022409693450673282,0,0,0.0,1.028286911188445,-0.039771955038987464
2014-11-05,-0.0023533379194127955,0,0,-0.0,1.028286911188445,-0.039771955038987464
2014-11-06,-0.0037254528356448656,0,0,-0.0,1.028286911188445,-0.039771955038987464
2014-11-07,-0.0021724929936284107,0,0,0.0,1.028286911188445,-0.039771955038987464
2014-11-10,-0.004205569555923655,0,0,-0.0,1.028286911188445,-0.039771955038987464
2014-11-11,-0.0039009569951760303,0,0,0.0,1.028286911188445,-0.039771955038987464
2014-11-12,-0.0043717468252727374,0,0,0.0,1.028286911188445,-0.039771955038987464
2014-11-13,-0.0025564891133260047,0,0,0.0,1.028286911188445,-0.039771955038987464
2014-11-14,-0.002691182581915996,0,0,0.0,1.028286911188445,-0.039771955038987464
2014-11-17,-0.0027492284801993836,0,0,-0.0,1.028286911188445,-0.039771955038987464
2014-11-18,-0.0016994978636875044,0,0,0.0,1.028286911188445,-0.039771955038987464
2014-11-19,-0.0017191805407761327,0,0,-0.0,1.028286911188445,-0.039771955038987464
2014-11-20,-0.0005952680875538851,0,0,0.0,1.028286911188445,-0.039771955038987464
2014-11-21,-0.0007349110413040981,0,0,0.0,1.028286911188445,-0.039771955038987464
2014-11-24,-0.0005514589922893331,0,0,0.0,1.028286911188445,-0.039771955038987464
2014-11-25,0.0022049918655094813,0,0,0.0,1.028286911188445,-0.039771955038987464
2014-11-26,0.003698111315938401,0,0,0.0,1.028286911188445,-0.039771955038987464
2014-11-28,0.005526889092068365,0,0,0.0,1.028286911188445,-0.039771955038987464
2014-12-01,0.0050579405677373505,1,0,-0.0,1.028286911188445,-0.039771955038987464
2014-12-02,0.002770649470606812,1,1,-0.002226955848179779,1.0259969616379672,-0.041910340499299585
2014-12-03,0.0035393342821793293,0,1,-0.0005822416302765365,1.0253995834943643,-0.04246818018459834
2014-12-04,0.004818627767473504,0,0,0.0,1.0253995834943643,-0.04246818018459834
2014-12-05,0.002411596773012403,0,0,-0.0,1.0253995834943643,-0.04246818018459834
2014-12-08,0.003314531477389909,0,0,0.0,1.0253995834943643,-0.04246818018459834
2014-12-09,0.004325575064568865,0,0,0.0,1.0253995834943643,-0.04246818018459834
2014-12-10,0.0062559934304487145,0,0,0.0,1.0253995834943643,-0.04246818018459834
2014-12-11,0.005385492939391179,1,0,-0.0,1.0253995834943643,-0.04246818018459834
2014-12-12,0.008324927380710521,1,1,0.0026203416149068737,1.0280864806949028,-0.0399591197095385
2014-12-15,0.0059880090004190145,1,1,-0.0015487368115381095,1.026494245316806,-0.041445970361425756
2014-12-16,0.006899434530521242,1,1,0.0015511391177895906,1.0280864806949028,-0.0399591197095385
2014-12-17,0.0033480105847728202,1,1,-0.003000677572355115,1.02500152464984,-0.042839892847570206
2014-12-18,0.0022936359587025167,0,1,-0.0015533980582523865,1.0234092892717432,-0.04432674349945746
2014-12-19,0.0026077997968921296,0,0,0.0,1.0234092892717432,-0.04432674349945746
2014-12-22,0.003576176451245183,0,0,-0.0,1.0234092892717432,-0.04432674349945746
2014-12-23,0.0002766231925720342,0,0,-0.0,1.0234092892717432,-0.04432674349945746
2014-12-24,-7.053617714375963e-05,0,0,-0.0,1.0234092892717432,-0.04432674349945746
2014-12-26,-0.0015834533951344263,0,0,0.0,1.0234092892717432,-0.04432674349945746
2014-12-29,-4.7501560238610906e-05,0,0,0.0,1.0234092892717432,-0.04432674349945746
2014-12-30,0.0007664481903198739,0,0,0.0,1.0234092892717432,-0.04432674349945746
2014-12-31,0.0008004057642390594,0,0,0.0,1.0234092892717432,-0.04432674349945746
2015-01-02,0.0017428212653161465,0,0,0.0,1.0234092892717432,-0.04432674349945746
2015-01-05,0.0032147786849941904,0,0,0.0,1.0234092892717432,-0.04432674349945746
2015-01-06,0.005678449846922629,0,0,0.0,1.0234092892717432,-0.04432674349945746
2015-01-07,0.00520942497649649,1,0,0.0,1.0234092892717432,-0.04432674349945746
2015-01-08,0.004433592602624458,1,1,-0.0009666505558241223,1.022420010113433,-0.045250545584040014
2015-01-09,0.004686480662531134,0,1,0.0018384131591679953,1.0242996405142224,-0.04349532162333315
2015-01-12,0.004554922732180383,0,0,0.0,1.0242996405142224,-0.04349532162333315
2015-01-13,0.00606864286315134,0,0,0.0,1.0242996405142224,-0.04349532162333315
2015-01-14,0.00940333720266656,1,0,0.0,1.0242996405142224,-0.04349532162333315
2015-01-15,0.010710971118434763,1,1,0.002498798654493095,1.0268591590777372,-0.04110520901998912
2015-01-16,0.00959829503737567,1,1,-0.0022049659668297306,1.0245949695792433,-0.043219539399870374
2015-01-20,0.009864781916503884,1,1,-0.00019215987701759474,1.0243980835358961,-0.043403394215512155
2015-01-21,0.009887430282759513,1,1,-0.0015375744762636812,1.022822995189118,-0.04487423274064685
2015-01-22,0.008293509010109256,1,1,-0.0014436958614052475,1.0213463498640132,-0.046253143857960755
2015-01-23,0.009506604240358662,1,1,0.001927710843373509,1.023315210297486,-0.044414595701542284
2015-01-26,0.009172074490694949,1,1,-0.0006734006734007147,1.0226261091457705,-0.045058087556288845
2015-01-27,0.010836713321941447,1,1,0.0004813246053139153,1.0231183242541388,-0.04459845051718407
2015-01-28,0.012848518975851562,1,1,0.0028865582603674333,1.0260716149043478,-0.04184062828255667
2015-01-29,0.011790493086997799,1,1,-0.0008634750071956354,1.025185627709285,-0.04266797495294502
2015-01-30,0.014702624127250308,1,1,0.0027847128864990633,1.0280404753378207,-0.0400020801261382
2015-02-02,0.015241916795791675,1,1,0.00047878961984104684,1.028532690446189,-0.039542443087033634
2015-02-03,0.011831608143613302,1,1,-0.0033499234303216996,1.0250871846876113,-0.04275990236076601
2015-02-04,0.010896026687041892,1,1,-0.00038413521559577113,1.0246934126009168,-0.043127611992049585
2015-02-05,0.009447912936823854,1,1,-0.0004803535402055914,1.0242011974925487,-0.04358724903115415
2015-02-06,0.004021474085245535,1,1,-0.005574778931180413,1.0184915022354775,-0.048919038684767574
2015-02-09,0.003407281625448311,0,1,-0.0005799342741155122,1.0179008441054358,-0.04947060313169293
2015-02-10,0.0020855105007530515,0,0,-0.0,1.0179008441054358,-0.04947060313169293
2015-02-11,0.002389247447226056,0,0,0.0,1.0179008441054358,-0.04947060313169293
2015-02-12,0.0020184626765264667,0,0,0.0,1.0179008441054358,-0.04947060313169293
2015-02-13,0.0017965035059584909,0,0,-0.0,1.0179008441054358,-0.04947060313169293
2015-02-17,-0.0017186182785707662,0,0,-0.0,1.0179008441054358,-0.04947060313169293
2015-02-18,0.0019062867140981431,0,0,0.0,1.0179008441054358,-0.04947060313169293
2015-02-19,0.0004213405600917762,0,0,-0.0,1.0179008441054358,-0.04947060313169293
2015-02-20,-0.0008644487039362048,0,0,-0.0,1.0179008441054358,-0.04947060313169293
2015-02-23,0.0009541652409329193,0,0,0.0,1.0179008441054358,-0.04947060313169293
2015-02-24,0.004100092201984318,0,0,0.0,1.0179008441054358,-0.04947060313169293
2015-02-25,0.0033849747299673884,0,0,0.0,1.0179008441054358,-0.04947060313169293
2015-02-26,0.0008360773842496336,0,0,-0.0,1.0179008441054358,-0.04947060313169293
2015-02-27,0.0018699032856106244,0,0,0.0,1.0179008441054358,-0.04947060313169293
2015-03-02,-0.0001262974397239328,0,0,-0.0,1.0179008441054358,-0.04947060313169293
2015-03-03,-2.37011130632738e-05,0,0,-0.0,1.0179008441054358,-0.04947060313169293
2015-03-04,0.0009872898168965635,0,0,0.0,1.0179008441054358,-0.04947060313169293
2015-03-05,0.003042911671023057,0,0,0.0,1.0179008441054358,-0.04947060313169293
2015-03-06,-0.000879753587627713,0,0,-0.0,1.0179008441054358,-0.04947060313169293
2015-03-09,0.0005232956396707733,0,0,0.0,1.0179008441054358,-0.04947060313169293
2015-03-10,0.0013059380157534823,0,0,0.0,1.0179008441054358,-0.04947060313169293
2015-03-11,0.002250432312526934,0,0,0.0,1.0179008441054358,-0.04947060313169293
2015-03-12,0.0030466371923208056,0,0,0.0,1.0179008441054358,-0.04947060313169293
2015-03-13,0.003040570547837734,0,0,-0.0,1.0179008441054358,-0.04947060313169293
2015-03-16,0.002678248488373608,0,0,0.0,1.0179008441054358,-0.04947060313169293
2015-03-17,0.004740022527174503,0,0,0.0,1.0179008441054358,-0.04947060313169293
2015-03-18,0.009867147918572504,0,0,0.0,1.0179008441054358,-0.04947060313169293
2015-03-19,0.007255836817367689,1,0,-0.0,1.0179008441054358,-0.04947060313169293
2015-03-20,0.009638440583116113,1,1,0.001836991201779048,1.0197707190003409,-0.04772448899261356
2015-03-23,0.010354934617392508,1,1,0.0005790387955992848,1.0203612058092582,-0.047173084527641254
2015-03-24,0.011278545661987594,1,1,0.0009645061728393856,1.021345350490787,-0.04625407708602066
2015-03-25,0.008459291993526807,1,1,-0.001252649836191888,1.0200659624047994,-0.04744878676012751
2015-03-26,0.006319690441245317,1,1,-0.0021225277375783724,1.0179008441054356,-0.04947060313169314
2015-03-27,0.008303495156403483,1,1,0.001836991201779048,1.0197707190003407,-0.04772448899261377
2015-03-30,0.007961118975750301,1,1,-0.0001930129318665763,1.0195738900640348,-0.04790829048093801
2015-03-31,0.007943325577582483,1,1,0.0007722007722008595,1.020361205809258,-0.047173084527641455
2015-04-01,0.008648043732816222,1,1,0.0017361111111109384,1.02213266623601,-0.04551887113272432
2015-04-02,0.0067266880636703275,1,1,-0.0008665511265164572,1.021246936022634,-0.04634597783018289
2015-04-06,0.008301854834900414,1,1,0.001156403584851251,1.022427909640469,-0.04524316890023785
2015-04-07,0.007674738400482206,1,1,-0.0005775339301183902,1.0218374228315514,-0.04579457336521037
2015-04-08,0.005290282336683671,1,1,-0.0001926225561013073,1.0216405938952458,-0.045978374853534405
2015-04-09,0.00105249506790957,1,1,-0.001926596666987801,1.0196723045321878,-0.04781638973677579
2015-04-10,0.0010390571206092879,0,1,-0.00028954734099029267,1.019377061127729,-0.04809209196926205
2015-04-13,0.0017517427127067445,0,0,0.0,1.019377061127729,-0.04809209196926205
2015-04-14,0.001649056643957464,0,0,0.0,1.019377061127729,-0.04809209196926205
2015-04-15,0.002869262065259231,0,0,0.0,1.019377061127729,-0.04809209196926205
2015-04-16,0.0037416144938574643,0,0,0.0,1.019377061127729,-0.04809209196926205
2015-04-17,0.0051165994861868905,0,0,0.0,1.019377061127729,-0.04809209196926205
2015-04-20,0.004108466255806076,1,0,-0.0,1.019377061127729,-0.04809209196926205
2015-04-21,0.0025466971087265812,0,1,-0.00048160277403197504,1.0188861263073055,-0.04855053345839257
2015-04-22,0.0008927444929064943,0,0,-0.0,1.0188861263073055,-0.04855053345839257
2015-04-23,0.0029905202439057367,0,0,0.0,1.0188861263073055,-0.04855053345839257
2015-04-24,0.0032902394555669344,0,0,0.0,1.0188861263073055,-0.04855053345839257
2015-04-27,0.0029551017697913573,0,0,-0.0,1.0188861263073055,-0.04855053345839257
2015-04-28,0.0005614683402364485,0,0,-0.0,1.0188861263073055,-0.04855053345839257
2015-04-29,-0.001232655143297062,0,0,-0.0,1.0188861263073055,-0.04855053345839257
2015-04-30,-0.0006885801588402127,0,0,-0.0,1.0188861263073055,-0.04855053345839257
2015-05-01,-0.002437737729814349,0,0,-0.0,1.0188861263073055,-0.04855053345839257
2015-05-04,-0.003499330703373771,0,0,-0.0,1.0188861263073055,-0.04855053345839257
2015-05-05,-0.0022049970013449547,0,0,-0.0,1.0188861263073055,-0.04855053345839257
2015-05-06,-0.00318544237268274,0,0,-0.0,1.0188861263073055,-0.04855053345839257
2015-05-07,-0.001824885661283487,0,0,0.0,1.0188861263073055,-0.04855053345839257
2015-05-08,7.607358553650919e-07,0,0,0.0,1.0188861263073055,-0.04855053345839257
2015-05-11,-0.004182875377531148,0,0,-0.0,1.0188861263073055,-0.04855053345839257
2015-05-12,-0.0033192772069512706,0,0,0.0,1.0188861263073055,-0.04855053345839257
2015-05-13,-0.001929255047904155,0,0,0.0,1.0188861263073055,-0.04855053345839257
2015-05-14,-0.0008694837692866885,0,0,0.0,1.0188861263073055,-0.04855053345839257
2015-05-15,0.0015107437124717905,0,0,0.0,1.0188861263073055,-0.04855053345839257
2015-05-18,-0.0004123044932325848,0,0,-0.0,1.0188861263073055,-0.04855053345839257
2015-05-19,-0.0029883514751255667,0,0,-0.0,1.0188861263073055,-0.04855053345839257
2015-05-20,-0.0030201543470574745,0,0,0.0,1.0188861263073055,-0.04855053345839257
2015-05-21,-0.0017539332087757984,0,0,0.0,1.0188861263073055,-0.04855053345839257
2015-05-22,-0.0037382131893653856,0,0,-0.0,1.0188861263073055,-0.04855053345839257
2015-05-26,-0.001768372234883392,0,0,0.0,1.0188861263073055,-0.04855053345839257
2015-05-27,-0.000320105796098874,0,0,-0.0,1.0188861263073055,-0.04855053345839257
2015-05-28,0.0015919914712692383,0,0,0.0,1.0188861263073055,-0.04855053345839257
2015-05-29,0.002381949992317778,0,0,0.0,1.0188861263073055,-0.04855053345839257
2015-06-01,0.0005595792829221623,0,0,-0.0,1.0188861263073055,-0.04855053345839257
2015-06-02,-0.000273924670572917,0,0,-0.0,1.0188861263073055,-0.04855053345839257
2015-06-03,-0.0038147326680759096,0,0,-0.0,1.0188861263073055,-0.04855053345839257
2015-06-04,-0.0032847935176138817,0,0,0.0,1.0188861263073055,-0.04855053345839257
2015-06-05,-0.006463332561408524,0,0,-0.0,1.0188861263073055,-0.04855053345839257
2015-06-08,-0.007109749695815858,0,0,0.0,1.0188861263073055,-0.04855053345839257
2015-06-09,-0.007177151314849317,0,0,-0.0,1.0188861263073055,-0.04855053345839257
2015-06-10,-0.009841693437304233,0,0,-0.0,1.0188861263073055,-0.04855053345839257
2015-06-11,-0.006779583891863045,0,0,0.0,1.0188861263073055,-0.04855053345839257
2015-06-12,-0.008369721934775603,0,0,-0.0,1.0188861263073055,-0.04855053345839257
2015-06-15,-0.006854539676767684,0,0,0.0,1.0188861263073055,-0.04855053345839257
2015-06-16,-0.005722130601534509,0,0,0.0,1.0188861263073055,-0.04855053345839257
2015-06-17,-0.0033342820161161857,0,0,0.0,1.0188861263073055,-0.04855053345839257
2015-06-18,-0.0043374907251194856,0,0,-0.0,1.0188861263073055,-0.04855053345839257
2015-06-19,-0.0021903568918274995,0,0,0.0,1.0188861263073055,-0.04855053345839257
2015-06-22,-0.003999982321786305,0,0,-0.0,1.0188861263073055,-0.04855053345839257
2015-06-23,-0.007249726832428571,0,0,-0.0,1.0188861263073055,-0.04855053345839257
2015-06-24,-0.006315180806746178,0,0,0.0,1.0188861263073055,-0.04855053345839257
2015-06-25,-0.007540274357805754,0,0,-0.0,1.0188861263073055,-0.04855053345839257
2015-06-26,-0.01089871218615333,0,0,-0.0,1.0188861263073055,-0.04855053345839257
2015-06-29,-0.00646784912077411,0,0,0.0,1.0188861263073055,-0.04855053345839257
2015-06-30,-0.007829230341802428,0,0,-0.0,1.0188861263073055,-0.04855053345839257
2015-07-01,-0.009589983062048267,0,0,-0.0,1.0188861263073055,-0.04855053345839257
2015-07-02,-0.008399789760078968,0,0,0.0,1.0188861263073055,-0.04855053345839257
2015-07-06,-0.004762681344110586,0,0,0.0,1.0188861263073055,-0.04855053345839257
2015-07-07,-0.004059986942259169,0,0,0.0,1.0188861263073055,-0.04855053345839257
2015-07-08,-0.0034238751613987145,0,0,0.0,1.0188861263073055,-0.04855053345839257
2015-07-09,-0.007408995247725553,0,0,-0.0,1.0188861263073055,-0.04855053345839257
2015-07-10,-0.01078944186669456,0,0,-0.0,1.0188861263073055,-0.04855053345839257
2015-07-13,-0.011837077351756896,0,0,-0.0,1.0188861263073055,-0.04855053345839257
2015-07-14,-0.009832478899647671,0,0,0.0,1.0188861263073055,-0.04855053345839257
2015-07-15,-0.0075970909070467284,0,0,0.0,1.0188861263073055,-0.04855053345839257
2015-07-16,-0.009580336944132906,0,0,-0.0,1.0188861263073055,-0.04855053345839257
2015-07-17,-0.009182267348604183,0,0,-0.0,1.0188861263073055,-0.04855053345839257
2015-07-20,-0.011292322505838686,0,0,-0.0,1.0188861263073055,-0.04855053345839257
2015-07-21,-0.011200836127597258,0,0,0.0,1.0188861263073055,-0.04855053345839257
2015-07-22,-0.010658030654653832,0,0,0.0,1.0188861263073055,-0.04855053345839257
2015-07-23,-0.010173928122432856,0,0,0.0,1.0188861263073055,-0.04855053345839257
2015-07-24,-0.009366354215604389,0,0,0.0,1.0188861263073055,-0.04855053345839257
2015-07-27,-0.005950036545808423,0,0,0.0,1.0188861263073055,-0.04855053345839257
2015-07-28,-0.006550113282659059,0,0,-0.0,1.0188861263073055,-0.04855053345839257
2015-07-29,-0.007079915881205345,0,0,-0.0,1.0188861263073055,-0.04855053345839257
2015-07-30,-0.004744876070946535,0,0,-0.0,1.0188861263073055,-0.04855053345839257
2015-07-31,-0.0016796136496757316,0,0,0.0,1.0188861263073055,-0.04855053345839257
2015-08-03,-0.0007490778486768045,0,0,0.0,1.0188861263073055,-0.04855053345839257
2015-08-04,-0.0041329989440398555,0,0,-0.0,1.0188861263073055,-0.04855053345839257
2015-08-05,-0.005080152595615194,0,0,-0.0,1.0188861263073055,-0.04855053345839257
2015-08-06,-0.003360627738508148,0,0,0.0,1.0188861263073055,-0.04855053345839257
2015-08-07,-0.000619636121609457,0,0,0.0,1.0188861263073055,-0.04855053345839257
2015-08-10,-0.003725631505018051,0,0,-0.0,1.0188861263073055,-0.04855053345839257
2015-08-11,-0.0008329158840132244,0,0,0.0,1.0188861263073055,-0.04855053345839257
2015-08-12,0.000633335797679152,0,0,0.0,1.0188861263073055,-0.04855053345839257
2015-08-13,-0.0017539712615274592,0,0,-0.0,1.0188861263073055,-0.04855053345839257
2015-08-14,-0.003423996226918341,0,0,-0.0,1.0188861263073055,-0.04855053345839257
2015-08-17,-0.002333750306802257,0,0,0.0,1.0188861263073055,-0.04855053345839257
2015-08-18,-0.0018480267903038582,0,0,-0.0,1.0188861263073055,-0.04855053345839257
2015-08-19,-0.00031543108131441,0,0,0.0,1.0188861263073055,-0.04855053345839257
2015-08-20,0.001073765465665799,0,0,0.0,1.0188861263073055,-0.04855053345839257
2015-08-21,0.00292732163979007,0,0,0.0,1.0188861263073055,-0.04855053345839257
2015-08-24,0.0044379277115738965,0,0,0.0,1.0188861263073055,-0.04855053345839257
2015-08-25,0.0011965445559419363,0,0,-0.0,1.0188861263073055,-0.04855053345839257
2015-08-26,0.0035848931019692443,0,0,-0.0,1.0188861263073055,-0.04855053345839257
2015-08-27,0.003713065647537439,0,0,-0.0,1.0188861263073055,-0.04855053345839257
2015-08-28,0.0007347121418567636,0,0,-0.0,1.0188861263073055,-0.04855053345839257
2015-08-31,0.0013715587989217015,0,0,-0.0,1.0188861263073055,-0.04855053345839257
2015-09-01,0.002292882947702046,0,0,0.0,1.0188861263073055,-0.04855053345839257
2015-09-02,0.0023479873434843535,0,0,-0.0,1.0188861263073055,-0.04855053345839257
2015-09-03,0.0036647136865711636,0,0,0.0,1.0188861263073055,-0.04855053345839257
2015-09-04,0.0032996028372735743,0,0,0.0,1.0188861263073055,-0.04855053345839257
2015-09-08,0.00013736234559149631,0,0,-0.0,1.0188861263073055,-0.04855053345839257
2015-09-09,-8.798512882918393e-06,0,0,0.0,1.0188861263073055,-0.04855053345839257
2015-09-10,-0.0016825030043150057,0,0,-0.0,1.0188861263073055,-0.04855053345839257
2015-09-11,-0.0007952052050023804,0,0,0.0,1.0188861263073055,-0.04855053345839257
2015-09-14,-0.0007279184820468631,0,0,-0.0,1.0188861263073055,-0.04855053345839257
2015-09-15,-0.005285092928292295,0,0,-0.0,1.0188861263073055,-0.04855053345839257
2015-09-16,-0.00408654729682843,0,0,-0.0,1.0188861263073055,-0.04855053345839257
2015-09-17,-0.0003062831901492313,0,0,0.0,1.0188861263073055,-0.04855053345839257
2015-09-18,0.0012758959281604474,0,0,0.0,1.0188861263073055,-0.04855053345839257
2015-09-21,-0.0016566691473689828,0,0,-0.0,1.0188861263073055,-0.04855053345839257
2015-09-22,0.00044445965913318414,0,0,0.0,1.0188861263073055,-0.04855053345839257
2015-09-23,-0.0008080809968335985,0,0,-0.0,1.0188861263073055,-0.04855053345839257
2015-09-24,-0.00038315560642390186,0,0,0.0,1.0188861263073055,-0.04855053345839257
2015-09-25,-0.00040282391593297087,0,0,-0.0,1.0188861263073055,-0.04855053345839257
2015-09-28,0.0007631404715853051,0,0,0.0,1.0188861263073055,-0.04855053345839257
2015-09-29,0.001152841219003009,0,0,0.0,1.0188861263073055,-0.04855053345839257
2015-09-30,0.0007374229320070867,0,0,-0.0,1.0188861263073055,-0.04855053345839257
2015-10-01,0.0005373965535482418,0,0,0.0,1.0188861263073055,-0.04855053345839257
2015-10-02,0.0035590043360428313,0,0,0.0,1.0188861263073055,-0.04855053345839257
2015-10-05,0.0025573420786665245,0,0,-0.0,1.0188861263073055,-0.04855053345839257
2015-10-06,0.0034646938088631453,0,0,0.0,1.0188861263073055,-0.04855053345839257
2015-10-07,0.0021229709577130886,0,0,-0.0,1.0188861263073055,-0.04855053345839257
2015-10-08,0.0009140624959243281,0,0,-0.0,1.0188861263073055,-0.04855053345839257
2015-10-09,0.00091939545494914,0,0,-0.0,1.0188861263073055,-0.04855053345839257
2015-10-12,0.0018462496815391028,0,0,0.0,1.0188861263073055,-0.04855053345839257
2015-10-13,0.004414990123764612,0,0,0.0,1.0188861263073055,-0.04855053345839257
2015-10-14,0.00652965407569726,0,0,0.0,1.0188861263073055,-0.04855053345839257
2015-10-15,0.0044589418701171165,1,0,-0.0,1.0188861263073055,-0.04855053345839257
2015-10-16,0.003832390815331277,0,1,-0.0004831384674847117,1.0183938632257,-0.04901021529554663
2015-10-19,0.004518793773635171,0,0,0.0,1.0183938632257,-0.04901021529554663
2015-10-20,0.002040233113239559,0,0,-0.0,1.0183938632257,-0.04901021529554663
2015-10-21,0.00438109086395898,0,0,0.0,1.0183938632257,-0.04901021529554663
2015-10-22,0.004750740402041253,0,0,0.0,1.0183938632257,-0.04901021529554663
2015-10-23,0.0034217380072505523,0,0,-0.0,1.0183938632257,-0.04901021529554663
2015-10-26,0.0032717887173712265,0,0,0.0,1.0183938632257,-0.04901021529554663
2015-10-27,0.0035362863847090533,0,0,0.0,1.0183938632257,-0.04901021529554663
2015-10-28,0.0003213213015728633,0,0,-0.0,1.0183938632257,-0.04901021529554663
2015-10-29,-1.716464189561179e-05,0,0,-0.0,1.0183938632257,-0.04901021529554663
2015-10-30,-0.0008790482546330413,0,0,0.0,1.0183938632257,-0.04901021529554663
2015-11-02,-0.0022591069433381904,0,0,-0.0,1.0183938632257,-0.04901021529554663
2015-11-03,-0.003430357170205789,0,0,-0.0,1.0183938632257,-0.04901021529554663
2015-11-04,-0.006528792952219169,0,0,-0.0,1.0183938632257,-0.04901021529554663
2015-11-05,-0.006036697622651427,0,0,-0.0,1.0183938632257,-0.04901021529554663
2015-11-06,-0.007968044890373244,0,0,-0.0,1.0183938632257,-0.04901021529554663
2015-11-09,-0.008319207828657998,0,0,-0.0,1.0183938632257,-0.04901021529554663
2015-11-10,-0.008642514831187935,0,0,0.0,1.0183938632257,-0.04901021529554663
2015-11-11,-0.008144325976170668,0,0,0.0,1.0183938632257,-0.04901021529554663
2015-11-12,-0.009983532057847204,0,0,-0.0,1.0183938632257,-0.04901021529554663
2015-11-13,-0.008227364971516793,0,0,0.0,1.0183938632257,-0.04901021529554663
2015-11-16,-0.00840076199584872,0,0,0.0,1.0183938632257,-0.04901021529554663
2015-11-17,-0.009461791347977306,0,0,0.0,1.0183938632257,-0.04901021529554663
2015-11-18,-0.007021626675263175,0,0,-0.0,1.0183938632257,-0.04901021529554663
2015-11-19,-0.00627083669111062,0,0,0.0,1.0183938632257,-0.04901021529554663
2015-11-20,-0.00562983458971289,0,0,-0.0,1.0183938632257,-0.04901021529554663
2015-11-23,-0.005881674938776188,0,0,0.0,1.0183938632257,-0.04901021529554663
2015-11-24,-0.004254813378056243,0,0,0.0,1.0183938632257,-0.04901021529554663
2015-11-25,-0.00469379383767725,0,0,0.0,1.0183938632257,-0.04901021529554663
2015-11-27,-0.0032876149207444194,0,0,0.0,1.0183938632257,-0.04901021529554663
2015-11-30,-0.004183431357173478,0,0,-0.0,1.0183938632257,-0.04901021529554663
2015-12-01,-0.002706938965276773,0,0,0.0,1.0183938632257,-0.04901021529554663
2015-12-02,-0.0026556556358627303,0,0,-0.0,1.0183938632257,-0.04901021529554663
2015-12-03,-0.006889349165823715,0,0,-0.0,1.0183938632257,-0.04901021529554663
2015-12-04,-0.005765713353827545,0,0,0.0,1.0183938632257,-0.04901021529554663
2015-12-07,-0.004523544673826113,0,0,0.0,1.0183938632257,-0.04901021529554663
2015-12-08,-0.00451995501410643,0,0,-0.0,1.0183938632257,-0.04901021529554663
2015-12-09,-0.0028425718715871184,0,0,0.0,1.0183938632257,-0.04901021529554663
2015-12-10,-0.003553822805359796,0,0,-0.0,1.0183938632257,-0.04901021529554663
2015-12-11,-0.0009423396483185852,0,0,0.0,1.0183938632257,-0.04901021529554663
2015-12-14,-0.005213286355240475,0,0,-0.0,1.0183938632257,-0.04901021529554663
2015-12-15,-0.0058251380570870145,0,0,-0.0,1.0183938632257,-0.04901021529554663
2015-12-16,-0.007849740892023643,0,0,-0.0,1.0183938632257,-0.04901021529554663
2015-12-17,-0.00862178395723736,0,0,0.0,1.0183938632257,-0.04901021529554663
2015-12-18,-0.0070145056442886536,0,0,0.0,1.0183938632257,-0.04901021529554663
2015-12-21,-0.005163202674437867,0,0,0.0,1.0183938632257,-0.04901021529554663
2015-12-22,-0.008344670681302256,0,0,-0.0,1.0183938632257,-0.04901021529554663
2015-12-23,-0.010861161970090133,0,0,-0.0,1.0183938632257,-0.04901021529554663
2015-12-24,-0.011156879802968632,0,0,0.0,1.0183938632257,-0.04901021529554663
2015-12-28,-0.011838130531410128,0,0,0.0,1.0183938632257,-0.04901021529554663
2015-12-29,-0.014290393710755217,0,0,-0.0,1.0183938632257,-0.04901021529554663
2015-12-30,-0.012110686165305067,0,0,0.0,1.0183938632257,-0.04901021529554663
2015-12-31,-0.010704208868370563,0,0,0.0,1.0183938632257,-0.04901021529554663
2016-01-04,-0.008995647304677544,0,0,0.0,1.0183938632257,-0.04901021529554663
2016-01-05,-0.008936674153864694,0,0,0.0,1.0183938632257,-0.04901021529554663
2016-01-06,-0.006609623274760945,0,0,0.0,1.0183938632257,-0.04901021529554663
2016-01-07,-0.005129452491167158,0,0,0.0,1.0183938632257,-0.04901021529554663
2016-01-08,-0.00443056442459373,0,0,0.0,1.0183938632257,-0.04901021529554663
2016-01-11,-0.0060498540941415595,0,0,0.0,1.0183938632257,-0.04901021529554663
2016-01-12,-0.004345984602619856,0,0,0.0,1.0183938632257,-0.04901021529554663
2016-01-13,-0.003553645072852551,0,0,0.0,1.0183938632257,-0.04901021529554663
2016-01-14,-0.003942053692814829,0,0,-0.0,1.0183938632257,-0.04901021529554663
2016-01-15,-0.0010183381357261657,0,0,0.0,1.0183938632257,-0.04901021529554663
2016-01-19,-0.0017126433406781938,0,0,-0.0,1.0183938632257,-0.04901021529554663
2016-01-20,0.00024959258011739713,0,0,0.0,1.0183938632257,-0.04901021529554663
2016-01-21,0.001354623384659198,0,0,-0.0,1.0183938632257,-0.04901021529554663
2016-01-22,-0.000787718330823639,0,0,-0.0,1.0183938632257,-0.04901021529554663
2016-01-25,-0.0009348093594784111,0,0,0.0,1.0183938632257,-0.04901021529554663
2016-01-26,0.002243027034660333,0,0,0.0,1.0183938632257,-0.04901021529554663
2016-01-27,0.003681934590090835,0,0,0.0,1.0183938632257,-0.04901021529554663
2016-01-28,0.004542682046336888,0,0,0.0,1.0183938632257,-0.04901021529554663
2016-01-29,0.007390836439134063,0,0,0.0,1.0183938632257,-0.04901021529554663
2016-02-01,0.006194102920956279,1,0,-0.0,1.0183938632257,-0.04901021529554663
2016-02-02,0.00920140586419843,1,1,0.003585271317829264,1.0220450815337763,-0.045600658896897205
2016-02-03,0.009343480685625915,1,1,9.655305590428043e-05,1.0221437631096704,-0.0455085087239606
2016-02-04,0.011416843159047752,1,1,0.0007723498744931501,1.022933215716822,-0.044771307340468795
2016-02-05,0.011126123499443454,1,1,0.0,1.022933215716822,-0.044771307340468795
2016-02-08,0.0136699110917463,1,1,0.003569361373721769,1.0265844340248986,-0.04136175094181917
2016-02-09,0.013931474488269213,1,1,-0.0003845044698644884,1.0261897077213227,-0.04173035163356517
2016-02-10,0.013226955661752948,1,1,0.0003846523704202909,1.0265844340248986,-0.04136175094181917
2016-02-11,0.014809649077280683,1,1,0.002018648466788342,1.0286567471186718,-0.03942659731015315
2016-02-12,0.010701987726992889,1,1,-0.0035495011511894603,1.0250055288105953,-0.042836153708802775
2016-02-16,0.008728353897210384,1,1,-0.0007701935111196212,1.0242160762034436,-0.04357335509229458
2016-02-17,0.008752549500372386,1,1,-0.0015415743327874543,1.02263717098914,-0.0450477578592784
2016-02-18,0.01105243137205396,1,1,0.0019299430666794848,1.024610802507019,-0.04320475440054899
2016-02-19,0.010772782032675255,1,1,-0.00048155639025326824,1.0241173946275492,-0.04366550526523139
2016-02-22,0.010637545856814255,1,1,-0.00048178839853529887,1.0236239867480794,-0.0441262561299138
2016-02-23,0.011396504140412444,1,1,0.0007712330087727981,1.024413439355231,-0.043389054746422
2016-02-24,0.010723280519437915,1,1,9.63298333493956e-05,1.024512120931125,-0.043296904573485596
2016-02-25,0.012689911276829002,1,1,0.0018300905413215496,1.0263870708731102,-0.04154605128769258
2016-02-26,0.009104464218073137,1,1,-0.0032689164503413304,1.0230318972927155,-0.04467915716753281
2016-02-29,0.008472435688278634,1,1,0.0007716793672229993,1.0238213498998672,-0.043941955784041004
2016-03-01,0.005626501584112825,1,1,-0.0034698795180723163,1.0202688131676845,-0.04725936200975424
2016-03-02,0.0057249765059424525,1,1,-0.0008704903762453142,1.0193806789846387,-0.04808871356618265
2016-03-03,0.005973581160910035,1,1,0.0006776379477251293,1.0200714500158965,-0.04744366235562724
2016-03-04,0.002799926208702702,1,1,-0.00203153719647875,1.0179991369221233,-0.04937881598729326
2016-03-07,0.0018219372490734295,0,1,-0.0009693679720821358,1.0170123211631836,-0.05030031771665807
2016-03-08,0.004462577310973997,0,0,0.0,1.0170123211631836,-0.05030031771665807
2016-03-09,0.004005742376696513,0,0,-0.0,1.0170123211631836,-0.05030031771665807
2016-03-10,-0.0005867321939397817,0,0,-0.0,1.0170123211631836,-0.05030031771665807
2016-03-11,-0.0020280982759312894,0,0,-0.0,1.0170123211631836,-0.05030031771665807
2016-03-14,-0.00012398153704430964,0,0,0.0,1.0170123211631836,-0.05030031771665807
2016-03-15,-0.000726671954132524,0,0,-0.0,1.0170123211631836,-0.05030031771665807
2016-03-16,0.002050401998875356,0,0,0.0,1.0170123211631836,-0.05030031771665807
2016-03-17,0.001866356585178641,0,0,0.0,1.0170123211631836,-0.05030031771665807
2016-03-18,0.0037570284674784964,0,0,0.0,1.0170123211631836,-0.05030031771665807
2016-03-21,0.001978771501577265,0,0,-0.0,1.0170123211631836,-0.05030031771665807
2016-03-22,0.0008810981510309622,0,0,-0.0,1.0170123211631836,-0.05030031771665807
2016-03-23,0.0030785645215487597,0,0,0.0,1.0170123211631836,-0.05030031771665807
2016-03-24,0.0018597259161769633,0,0,-0.0,1.0170123211631836,-0.05030031771665807
2016-03-28,0.0025516166282733956,0,0,0.0,1.0170123211631836,-0.05030031771665807
2016-03-29,0.005305684112072744,0,0,0.0,1.0170123211631836,-0.05030031771665807
2016-03-30,0.006114409104153884,1,0,0.0,1.0170123211631836,-0.05030031771665807
2016-03-31,0.0077261970617232565,1,1,0.0014478764478764727,1.018484829350196,-0.048925269914124214
2016-04-01,0.00734446982116097,1,1,-0.0008674698795181346,1.0176013244379885,-0.04975029859564465
2016-04-04,0.007601048809896932,1,1,0.000675284584217728,1.018288494925261,-0.04910860962112869
2016-04-05,0.009063207426922758,1,1,0.0014460618914489132,1.0197610031122735,-0.04773356181859484
2016-04-06,0.007058493696912571,1,1,-0.000577589526376654,1.0191719998374684,-0.04828358093960846
2016-04-07,0.008345125583514466,1,1,0.002215372760547174,1.0214298457242208,-0.046175174309056516
2016-04-08,0.007934764173314467,1,1,-0.0008649687650168492,1.0205463408120135,-0.047000202990576744
2016-04-11,0.008280617876953477,1,1,9.619084263179367e-05,1.020644508024481,-0.0469085331370744
2016-04-12,0.0065556520719956095,1,1,-0.002019813407713733,1.0185829965626638,-0.04883360006062167
2016-04-13,0.0065275831757340185,1,1,9.637625289116158e-05,1.0186811637751312,-0.04874193020711954
2016-04-14,0.005420473500594825,1,1,-0.0008673026886382162,1.0177976588629238,-0.04956695888863977
2016-04-15,0.005548259448113689,1,1,0.0011574074074072183,1.0189756654125335,-0.048466920646612933
2016-04-18,0.005975359957291303,1,1,-0.000674373795760963,1.018288494925261,-0.04910860962112869
2016-04-19,0.006024978645342259,1,1,-0.0006748288826762261,1.0176013244379887,-0.04975029859564444
2016-04-20,0.0029039645783474843,1,1,-0.0025081998842368947,1.015048976913834,-0.05213371478670299
2016-04-21,0.002605652411228465,0,1,-0.00048355899419738613,1.0145581408514965,-0.05259206405421427
2016-04-22,0.0032026110340056977,0,0,-0.0,1.0145581408514965,-0.05259206405421427
2016-04-25,0.0022845285058218645,0,0,-0.0,1.0145581408514965,-0.05259206405421427
2016-04-26,0.0006651255509986132,0,0,-0.0,1.0145581408514965,-0.05259206405421427
2016-04-27,0.0033129085790876644,0,0,0.0,1.0145581408514965,-0.05259206405421427
2016-04-28,0.003309841652073308,0,0,0.0,1.0145581408514965,-0.05259206405421427
2016-04-29,0.004456450342183609,0,0,0.0,1.0145581408514965,-0.05259206405421427
2016-05-02,0.0037657559979287986,0,0,-0.0,1.0145581408514965,-0.05259206405421427
2016-05-03,0.005767921266943215,0,0,0.0,1.0145581408514965,-0.05259206405421427
2016-05-04,0.0045746392562583445,1,0,0.0,1.0145581408514965,-0.05259206405421427
2016-05-05,0.005877914980026716,0,1,0.001157519050834388,1.0157325112277114,-0.05149542131944526
2016-05-06,0.004852177918179566,1,0,-0.0,1.0157325112277114,-0.05149542131944526
2016-05-09,0.004610639945509509,0,1,0.0009643201542912649,1.0167120025596572,-0.05058075923778596
2016-05-10,0.005621297438684703,0,0,-0.0,1.0167120025596572,-0.05058075923778596
2016-05-11,0.006088678483690202,1,0,0.0,1.0167120025596572,-0.05058075923778596
2016-05-12,0.0059755937421440905,1,1,-0.0014448083220958141,1.0152430485971844,-0.05195248805799703
2016-05-13,0.006516175772454013,1,1,0.001157519050834388,1.0164182117671627,-0.05085510500182809
2016-05-16,0.005564306541095509,1,1,-0.0018306195201851505,1.0145575367480302,-0.05259262817409575
2016-05-17,0.004654506905830796,1,1,-0.0008687258687257726,1.0136761643705465,-0.053415665466222347
2016-05-18,0.0007088437352356426,0,1,-0.004444015071007668,1.0091713722189626,-0.05762230051487021
2016-05-19,0.0017785417893792785,0,0,0.0,1.0091713722189626,-0.05762230051487021
2016-05-20,0.00120668179566743,0,0,-0.0,1.0091713722189626,-0.05762230051487021
2016-05-23,0.0028980702906571507,0,0,-0.0,1.0091713722189626,-0.05762230051487021
2016-05-24,0.001050401034431742,0,0,-0.0,1.0091713722189626,-0.05762230051487021
2016-05-25,0.0021079162336301418,0,0,-0.0,1.0091713722189626,-0.05762230051487021
2016-05-26,0.0054898859927902215,0,0,0.0,1.0091713722189626,-0.05762230051487021
2016-05-27,0.003905885770791145,1,0,-0.0,1.0091713722189626,-0.05762230051487021
2016-05-31,0.003554684519250656,0,1,-0.0006782945736434343,1.00848685675331,-0.058261510194753646
2016-06-01,0.0027661889759009457,0,0,-0.0,1.00848685675331,-0.058261510194753646
2016-06-02,0.002163876751502852,0,0,0.0,1.00848685675331,-0.058261510194753646
2016-06-03,0.00805903512125078,0,0,0.0,1.00848685675331,-0.058261510194753646
2016-06-06,0.007351760579902843,1,0,-0.0,1.00848685675331,-0.058261510194753646
2016-06-07,0.009001104099690354,1,1,0.00038621222361689966,1.0088763467047452,-0.05789779927854028
2016-06-08,0.009439685658686709,1,1,-9.651578033009756e-05,1.0087789742168864,-0.057988727007593624
2016-06-09,0.01106624159832394,1,1,0.0007722007722008595,1.0095579541197568,-0.0572613051751669
2016-06-10,0.010954407345298789,1,1,0.0015432098765431057,1.011115913925497,-0.05580646151031387
2016-06-13,0.010999774610082759,1,1,0.0010593220338983578,1.0121870112919436,-0.05480625649072734
2016-06-14,0.011255990101945943,1,1,9.620009619992764e-05,1.0122843837798021,-0.0547153287616742
2016-06-15,0.013361812019076822,1,1,0.001154290111581524,1.0134528536341076,-0.05362419601303412
2016-06-16,0.014683687097990226,1,1,0.0005764796310530063,1.0140370885612602,-0.053078629638714285
2016-06-17,0.011935024663571303,1,1,-0.0015363933166890886,1.0124791287555197,-0.054533473303567524
2016-06-20,0.010356882769509279,1,1,-0.00163492979419122,1.0108237964619204,-0.0560792446974741
2016-06-21,0.010424287272269949,1,1,-0.000963298333493956,1.0098500715833327,-0.056988521988007294
2016-06-22,0.010773970779529607,1,1,0.00048211358596095266,1.0103369340226267,-0.05653388334274059
2016-06-23,0.008181918587855028,1,1,-0.0019275250578257852,1.0083894842654513,-0.05835243792380698
2016-06-24,0.012758601555869619,1,1,0.005890305137118634,1.0143292060248366,-0.05280584645155426
2016-06-27,0.016214333568701035,1,1,0.0032638955553423443,1.0176398706120349,-0.04971430366374132
2016-06-28,0.015142178768198788,1,1,-0.0001913692469620587,1.0174451256363173,-0.049896159121848
2016-06-29,0.01375626898084422,1,1,-0.0006699205665613439,1.016763518221306,-0.05053265322522117
2016-06-30,0.013511312435834743,1,1,-9.576709442637998e-05,1.0166661457334472,-0.050623580954274515
2016-07-01,0.012141313895612717,1,1,0.0002873287999234364,1.0169582631970235,-0.05035079776711449
2016-07-05,0.014710135623876864,1,1,0.002680965147453085,1.019684692857069,-0.04780482135362159
2016-07-06,0.013137125435832219,1,1,-0.000954927425515617,1.0187109679784814,-0.04871409864415478
2016-07-07,0.013943753124486456,1,1,0.0,1.0187109679784814,-0.04871409864415478
2016-07-08,0.012727979613186068,1,1,0.0,1.0187109679784814,-0.04871409864415478
2016-07-11,0.010463568334728446,1,1,-0.0025807684955077015,1.0160819108062944,-0.05116914732859455
2016-07-12,0.007067572113588804,1,1,-0.0022041207474843283,1.0138423435855428,-0.053260485096820756
2016-07-13,0.00865415130146543,1,1,0.0010564733000384408,1.0149134409519893,-0.052260280077234225
2016-07-14,0.007266458378503876,1,1,-0.0015350666794590184,1.0133554811462488,-0.05371512374208746
2016-07-15,0.0055697084799830425,1,1,-0.002113961756510019,1.0112132864133558,-0.05571553378126053
2016-07-18,0.006586455424661297,1,1,0.0005777563793933904,1.0117975213405086,-0.05516996740694049
2016-07-19,0.007849999892953796,1,1,0.0005774227697046275,1.0123817562676614,-0.05462440103262045
2016-07-20,0.006759239910402481,1,1,-0.0009618159084350264,1.0114080313890736,-0.055533678323153646
2016-07-21,0.00722409352538349,1,1,0.0011552902666793763,1.0125765012433787,-0.05444254557451397
2016-07-22,0.006819028428867268,1,1,-0.000673141648235287,1.0118948938283674,-0.05507903967788715
2016-07-25,0.0030583653177980673,1,1,-0.0006735950731332485,1.0112132864133558,-0.05571553378126053
2016-07-26,0.0023428088027442,0,1,9.62927298988614e-05,1.0113106589012146,-0.05562460605220719
2016-07-27,0.004707012101789187,0,0,0.0,1.0113106589012146,-0.05562460605220719
2016-07-28,0.004399137774535444,0,0,0.0,1.0113106589012146,-0.05562460605220719
2016-07-29,0.004762130547929333,0,0,0.0,1.0113106589012146,-0.05562460605220719
2016-08-01,0.004017077849025202,0,0,-0.0,1.0113106589012146,-0.05562460605220719
2016-08-02,0.0025214298190283863,0,0,-0.0,1.0113106589012146,-0.05562460605220719
2016-08-03,0.0016423095419235477,0,0,0.0,1.0113106589012146,-0.05562460605220719
2016-08-04,0.00406847632093637,0,0,0.0,1.0113106589012146,-0.05562460605220719
2016-08-05,0.00030452177109503427,0,0,-0.0,1.0113106589012146,-0.05562460605220719
2016-08-08,0.0020774877418253453,0,0,-0.0,1.0113106589012146,-0.05562460605220719
2016-08-09,0.0024159630056150294,0,0,0.0,1.0113106589012146,-0.05562460605220719
2016-08-10,0.0044645576162171356,0,0,0.0,1.0113106589012146,-0.05562460605220719
2016-08-11,0.002479873357757084,0,0,-0.0,1.0113106589012146,-0.05562460605220719
2016-08-12,0.00600538057314598,0,0,0.0,1.0113106589012146,-0.05562460605220719
2016-08-15,0.004214220308040029,1,0,-0.0,1.0113106589012146,-0.05562460605220719
2016-08-16,0.0025478734123718424,0,1,-0.0010587102983637964,1.0102399738917909,-0.056624426007301054
2016-08-17,0.004081851771523359,0,0,0.0,1.0102399738917909,-0.056624426007301054
2016-08-18,0.0050022509327241615,0,0,0.0,1.0102399738917909,-0.056624426007301054
2016-08-19,0.004799626225561343,1,0,-0.0,1.0102399738917909,-0.056624426007301054
2016-08-22,0.005495994098199475,0,1,0.0010601387818041097,1.0113109684670423,-0.05562431697550474
2016-08-23,0.005212703987971984,1,0,-0.0,1.0113109684670423,-0.05562431697550474
2016-08-24,0.005619255261834926,1,1,-9.631127805065365e-05,1.0112135678151626,-0.05571527100449677
2016-08-25,0.005499168365811518,1,1,-0.0007705644384511379,1.0104343626001249,-0.05644290323643322
2016-08-26,0.0016636135319092638,1,1,-0.0028918449971081506,1.0075123430437336,-0.05917152410619477
2016-08-29,0.00298085977122875,0,1,0.002223511214230589,1.009752558036967,-0.05707958143937744
2016-08-30,0.0030614834948756104,0,0,-0.0,1.009752558036967,-0.05707958143937744
2016-08-31,0.0029099607817806073,0,0,-0.0,1.009752558036967,-0.05707958143937744
2016-09-01,0.0030264909239782808,0,0,0.0,1.009752558036967,-0.05707958143937744
2016-09-02,0.0023452197122909354,0,0,-0.0,1.009752558036967,-0.05707958143937744
2016-09-06,0.003367831483573863,0,0,0.0,1.009752558036967,-0.05707958143937744
2016-09-07,0.0023753399643007484,0,0,0.0,1.009752558036967,-0.05707958143937744
2016-09-08,-0.0006553502726323659,0,0,-0.0,1.009752558036967,-0.05707958143937744
2016-09-09,-0.001817675721523254,0,0,-0.0,1.009752558036967,-0.05707958143937744
2016-09-12,-0.001589547219646542,0,0,0.0,1.009752558036967,-0.05707958143937744
2016-09-13,-0.0035314067979999803,0,0,-0.0,1.009752558036967,-0.05707958143937744
2016-09-14,-0.00042233796726793855,0,0,0.0,1.009752558036967,-0.05707958143937744
2016-09-15,-0.0004780288910786078,0,0,0.0,1.009752558036967,-0.05707958143937744
2016-09-16,-0.002162761083791259,0,0,-0.0,1.009752558036967,-0.05707958143937744
2016-09-19,-0.0016597559845884626,0,0,0.0,1.009752558036967,-0.05707958143937744
2016-09-20,-0.004114182276859745,0,0,0.0,1.009752558036967,-0.05707958143937744
2016-09-21,-0.004599038124043114,0,0,0.0,1.009752558036967,-0.05707958143937744
2016-09-22,-0.0037627303021744163,0,0,0.0,1.009752558036967,-0.05707958143937744
2016-09-23,-0.0031497174282838045,0,0,0.0,1.009752558036967,-0.05707958143937744
2016-09-26,-0.0018470053276341655,0,0,0.0,1.009752558036967,-0.05707958143937744
2016-09-27,-0.0027200923352344916,0,0,0.0,1.009752558036967,-0.05707958143937744
2016-09-28,-0.0034274154980416744,0,0,-0.0,1.009752558036967,-0.05707958143937744
2016-09-29,-0.0025474322878823565,0,0,0.0,1.009752558036967,-0.05707958143937744
2016-09-30,-0.003474976144793434,0,0,-0.0,1.009752558036967,-0.05707958143937744
2016-10-03,-0.004232484658999953,0,0,-0.0,1.009752558036967,-0.05707958143937744
2016-10-04,-0.005272563733620384,0,0,-0.0,1.009752558036967,-0.05707958143937744
2016-10-05,-0.0061381121965556505,0,0,-0.0,1.009752558036967,-0.05707958143937744
2016-10-06,-0.006495675573816939,0,0,-0.0,1.009752558036967,-0.05707958143937744
2016-10-07,-0.005309479503617908,0,0,0.0,1.009752558036967,-0.05707958143937744
2016-10-10,-0.0039740907442543435,0,0,0.0,1.009752558036967,-0.05707958143937744
2016-10-11,-0.0040774418719146605,0,0,-0.0,1.009752558036967,-0.05707958143937744
2016-10-12,-0.004632818086136786,0,0,-0.0,1.009752558036967,-0.05707958143937744
2016-10-13,-0.002529612146896404,0,0,0.0,1.009752558036967,-0.05707958143937744
2016-10-14,-0.003479968038712671,0,0,-0.0,1.009752558036967,-0.05707958143937744
2016-10-17,-0.0027511835472497025,0,0,0.0,1.009752558036967,-0.05707958143937744
2016-10-18,-0.0021840525717453036,0,0,0.0,1.009752558036967,-0.05707958143937744
2016-10-19,-0.0022933573997087836,0,0,0.0,1.009752558036967,-0.05707958143937744
2016-10-20,-0.002185144169816888,0,0,-0.0,1.009752558036967,-0.05707958143937744
2016-10-21,-0.003195206297895203,0,0,0.0,1.009752558036967,-0.05707958143937744
2016-10-24,-0.005064337661681689,0,0,-0.0,1.009752558036967,-0.05707958143937744
2016-10-25,-0.005478994693063321,0,0,-0.0,1.009752558036967,-0.05707958143937744
2016-10-26,-0.005614852413766996,0,0,-0.0,1.009752558036967,-0.05707958143937744
2016-10-27,-0.00762718176068448,0,0,-0.0,1.009752558036967,-0.05707958143937744
2016-10-28,-0.007387119450573703,0,0,0.0,1.009752558036967,-0.05707958143937744
2016-10-31,-0.006035507639681147,0,0,0.0,1.009752558036967,-0.05707958143937744
2016-11-01,-0.004326437959300038,0,0,0.0,1.009752558036967,-0.05707958143937744
2016-11-02,-0.004178928756228844,0,0,0.0,1.009752558036967,-0.05707958143937744
2016-11-03,-0.003773866475550164,0,0,0.0,1.009752558036967,-0.05707958143937744
2016-11-04,-0.0017687484721965183,0,0,0.0,1.009752558036967,-0.05707958143937744
2016-11-07,-0.002537091647020778,0,0,-0.0,1.009752558036967,-0.05707958143937744
2016-11-08,-0.004155653428422506,0,0,-0.0,1.009752558036967,-0.05707958143937744
2016-11-09,-0.00894253296862026,0,0,-0.0,1.009752558036967,-0.05707958143937744
2016-11-10,-0.010995392319417123,0,0,-0.0,1.009752558036967,-0.05707958143937744
2016-11-11,-0.01131020793935935,0,0,0.0,1.009752558036967,-0.05707958143937744
2016-11-14,-0.014696118540595087,0,0,-0.0,1.009752558036967,-0.05707958143937744
2016-11-15,-0.016134057441081068,0,0,-0.0,1.009752558036967,-0.05707958143937744
2016-11-16,-0.015861900091937782,0,0,0.0,1.009752558036967,-0.05707958143937744
2016-11-17,-0.017001399456475864,0,0,-0.0,1.009752558036967,-0.05707958143937744
2016-11-18,-0.01839506512202242,0,0,-0.0,1.009752558036967,-0.05707958143937744
2016-11-21,-0.018359620113015507,0,0,-0.0,1.009752558036967,-0.05707958143937744
2016-11-22,-0.019800882681200015,0,0,0.0,1.009752558036967,-0.05707958143937744
2016-11-23,-0.02178748832880038,0,0,-0.0,1.009752558036967,-0.05707958143937744
2016-11-25,-0.021606007461083255,0,0,-0.0,1.009752558036967,-0.05707958143937744
2016-11-28,-0.019988628925572585,0,0,0.0,1.009752558036967,-0.05707958143937744
2016-11-29,-0.019157191518436877,0,0,0.0,1.009752558036967,-0.05707958143937744
2016-11-30,-0.02246189616718735,0,0,-0.0,1.009752558036967,-0.05707958143937744
2016-12-01,-0.025309834390434747,0,0,-0.0,1.009752558036967,-0.05707958143937744
2016-12-02,-0.022486868147341143,0,0,0.0,1.009752558036967,-0.05707958143937744
2016-12-05,-0.022569497950610484,0,0,-0.0,1.009752558036967,-0.05707958143937744
2016-12-06,-0.022633810026282574,0,0,0.0,1.009752558036967,-0.05707958143937744
2016-12-07,-0.01978219665149706,0,0,0.0,1.009752558036967,-0.05707958143937744
2016-12-08,-0.019964415504157833,0,0,-0.0,1.009752558036967,-0.05707958143937744
2016-12-09,-0.021159505715400977,0,0,-0.0,1.009752558036967,-0.05707958143937744
2016-12-12,-0.021235292071529303,0,0,-0.0,1.009752558036967,-0.05707958143937744
2016-12-13,-0.020806262214025182,0,0,-0.0,1.009752558036967,-0.05707958143937744
2016-12-14,-0.02546517220096962,0,0,-0.0,1.009752558036967,-0.05707958143937744
2016-12-15,-0.028659071926710283,0,0,-0.0,1.009752558036967,-0.05707958143937744
2016-12-16,-0.029287299052276623,0,0,-0.0,1.009752558036967,-0.05707958143937744
2016-12-19,-0.02764070277730024,0,0,0.0,1.009752558036967,-0.05707958143937744
2016-12-20,-0.028471191720618405,0,0,-0.0,1.009752558036967,-0.05707958143937744
2016-12-21,-0.028158587375684593,0,0,0.0,1.009752558036967,-0.05707958143937744
2016-12-22,-0.029057152359610972,0,0,-0.0,1.009752558036967,-0.05707958143937744
2016-12-23,-0.028790157763438386,0,0,0.0,1.009752558036967,-0.05707958143937744
2016-12-27,-0.029268000507305568,0,0,-0.0,1.009752558036967,-0.05707958143937744
2016-12-28,-0.027598637953154002,0,0,0.0,1.009752558036967,-0.05707958143937744
2016-12-29,-0.024249389898347847,0,0,0.0,1.009752558036967,-0.05707958143937744
2016-12-30,-0.0217221057165328,0,0,0.0,1.009752558036967,-0.05707958143937744
2017-01-03,-0.022929389485846996,0,0,-0.0,1.009752558036967,-0.05707958143937744
2017-01-04,-0.022458210674401756,0,0,-0.0,1.009752558036967,-0.05707958143937744
2017-01-05,-0.018899973775070543,0,0,0.0,1.009752558036967,-0.05707958143937744
2017-01-06,-0.021214383684782758,0,0,-0.0,1.009752558036967,-0.05707958143937744
2017-01-09,-0.019762666517892897,0,0,0.0,1.009752558036967,-0.05707958143937744
2017-01-10,-0.019803198275983546,0,0,0.0,1.009752558036967,-0.05707958143937744
2017-01-11,-0.019803179449215225,0,0,0.0,1.009752558036967,-0.05707958143937744
2017-01-12,-0.019428550144236202,0,0,0.0,1.009752558036967,-0.05707958143937744
2017-01-13,-0.02010159641933338,0,0,-0.0,1.009752558036967,-0.05707958143937744
2017-01-17,-0.017925704051578607,0,0,0.0,1.009752558036967,-0.05707958143937744
2017-01-18,-0.02040586287239189,0,0,-0.0,1.009752558036967,-0.05707958143937744
2017-01-19,-0.023070999304432897,0,0,-0.0,1.009752558036967,-0.05707958143937744
2017-01-20,-0.023577959255370116,0,0,0.0,1.009752558036967,-0.05707958143937744
2017-01-23,-0.02099201116826289,0,0,0.0,1.009752558036967,-0.05707958143937744
2017-01-24,-0.02275135234704573,0,0,-0.0,1.009752558036967,-0.05707958143937744
2017-01-25,-0.02419173633888124,0,0,-0.0,1.009752558036967,-0.05707958143937744
2017-01-26,-0.023289251345752982,0,0,0.0,1.009752558036967,-0.05707958143937744
2017-01-27,-0.02159597111708058,0,0,0.0,1.009752558036967,-0.05707958143937744
2017-01-30,-0.021680693235390888,0,0,0.0,1.009752558036967,-0.05707958143937744
2017-01-31,-0.02221373703307337,0,0,0.0,1.009752558036967,-0.05707958143937744
2017-02-01,-0.023032730501051365,0,0,-0.0,1.009752558036967,-0.05707958143937744
2017-02-02,-0.0220247009295289,0,0,0.0,1.009752558036967,-0.05707958143937744
2017-02-03,-0.02312367238787628,0,0,-0.0,1.009752558036967,-0.05707958143937744
2017-02-06,-0.019184245495063503,0,0,0.0,1.009752558036967,-0.05707958143937744
2017-02-07,-0.017094101418590656,0,0,0.0,1.009752558036967,-0.05707958143937744
2017-02-08,-0.01513057279173185,0,0,0.0,1.009752558036967,-0.05707958143937744
2017-02-09,-0.017562390323912935,0,0,-0.0,1.009752558036967,-0.05707958143937744
2017-02-10,-0.015548650713168292,0,0,-0.0,1.009752558036967,-0.05707958143937744
2017-02-13,-0.016262495807074343,0,0,-0.0,1.009752558036967,-0.05707958143937744
2017-02-14,-0.018120748279328316,0,0,-0.0,1.009752558036967,-0.05707958143937744
2017-02-15,-0.018319223235631857,0,0,-0.0,1.009752558036967,-0.05707958143937744
2017-02-16,-0.014788088699166896,0,0,0.0,1.009752558036967,-0.05707958143937744
2017-02-17,-0.013037749960204736,0,0,0.0,1.009752558036967,-0.05707958143937744
2017-02-21,-0.014278069515425016,0,0,-0.0,1.009752558036967,-0.05707958143937744
2017-02-22,-0.012762750687712598,0,0,0.0,1.009752558036967,-0.05707958143937744
2017-02-23,-0.010832903681433552,0,0,0.0,1.009752558036967,-0.05707958143937744
2017-02-24,-0.009166751357217144,0,0,0.0,1.009752558036967,-0.05707958143937744
2017-02-27,-0.01155079420073091,0,0,-0.0,1.009752558036967,-0.05707958143937744
2017-02-28,-0.012203053557479254,0,0,-0.0,1.009752558036967,-0.05707958143937744
2017-03-01,-0.015598913964468107,0,0,-0.0,1.009752558036967,-0.05707958143937744
2017-03-02,-0.016853070177841416,0,0,-0.0,1.009752558036967,-0.05707958143937744
2017-03-03,-0.015752458357488473,0,0,0.0,1.009752558036967,-0.05707958143937744
2017-03-06,-0.015537999321470902,0,0,0.0,1.009752558036967,-0.05707958143937744
2017-03-07,-0.017099949061672646,0,0,-0.0,1.009752558036967,-0.05707958143937744
2017-03-08,-0.018766332866909978,0,0,-0.0,1.009752558036967,-0.05707958143937744
2017-03-09,-0.01964583174005921,0,0,-0.0,1.009752558036967,-0.05707958143937744
2017-03-10,-0.01864124116383855,0,0,0.0,1.009752558036967,-0.05707958143937744
2017-03-13,-0.01934662341110939,0,0,-0.0,1.009752558036967,-0.05707958143937744
2017-03-14,-0.018228741978493328,0,0,0.0,1.009752558036967,-0.05707958143937744
2017-03-15,-0.013736446486412028,0,0,0.0,1.009752558036967,-0.05707958143937744
2017-03-16,-0.014390105994058933,0,0,-0.0,1.009752558036967,-0.05707958143937744
2017-03-17,-0.015145245783880311,0,0,0.0,1.009752558036967,-0.05707958143937744
2017-03-20,-0.014350972503060192,0,0,0.0,1.009752558036967,-0.05707958143937744
2017-03-21,-0.01412263524203605,0,0,0.0,1.009752558036967,-0.05707958143937744
2017-03-22,-0.012749301580950712,0,0,0.0,1.009752558036967,-0.05707958143937744
2017-03-23,-0.013581353377627978,0,0,-0.0,1.009752558036967,-0.05707958143937744
2017-03-24,-0.012377574685327603,0,0,0.0,1.009752558036967,-0.05707958143937744
2017-03-27,-0.011731121185575375,0,0,0.0,1.009752558036967,-0.05707958143937744
2017-03-28,-0.013021434321036062,0,0,-0.0,1.009752558036967,-0.05707958143937744
2017-03-29,-0.011802556453030333,0,0,0.0,1.009752558036967,-0.05707958143937744
2017-03-30,-0.011615164217564158,0,0,-0.0,1.009752558036967,-0.05707958143937744
2017-03-31,-0.010611210159113831,0,0,0.0,1.009752558036967,-0.05707958143937744
2017-04-03,-0.009648288706284735,0,0,0.0,1.009752558036967,-0.05707958143937744
2017-04-04,-0.008497333472698654,0,0,-0.0,1.009752558036967,-0.05707958143937744
2017-04-05,-0.008390290027211223,0,0,0.0,1.009752558036967,-0.05707958143937744
2017-04-06,-0.008394870603133136,0,0,0.0,1.009752558036967,-0.05707958143937744
2017-04-07,-0.009842767739567897,0,0,-0.0,1.009752558036967,-0.05707958143937744
2017-04-10,-0.00996404629694077,0,0,0.0,1.009752558036967,-0.05707958143937744
2017-04-11,-0.007930349447561557,0,0,0.0,1.009752558036967,-0.05707958143937744
2017-04-12,-0.009170992030875435,0,0,0.0,1.009752558036967,-0.05707958143937744
2017-04-13,-0.005793738661937992,0,0,0.0,1.009752558036967,-0.05707958143937744
2017-04-17,-0.005878054324454601,0,0,-0.0,1.009752558036967,-0.05707958143937744
2017-04-18,-0.0037649798514447276,0,0,0.0,1.009752558036967,-0.05707958143937744
2017-04-19,-0.005625066812255124,0,0,-0.0,1.009752558036967,-0.05707958143937744
2017-04-20,-0.005994367250081423,0,0,-0.0,1.009752558036967,-0.05707958143937744
2017-04-21,-0.004655103848675596,0,0,0.0,1.009752558036967,-0.05707958143937744
2017-04-24,-0.006640324651940898,0,0,-0.0,1.009752558036967,-0.05707958143937744
2017-04-25,-0.008730369531678512,0,0,-0.0,1.009752558036967,-0.05707958143937744
2017-04-26,-0.008008930447281725,0,0,0.0,1.009752558036967,-0.05707958143937744
2017-04-27,-0.008200398180881419,0,0,0.0,1.009752558036967,-0.05707958143937744
2017-04-28,-0.007505544421011574,0,0,0.0,1.009752558036967,-0.05707958143937744
2017-05-01,-0.0089413307819041,0,0,-0.0,1.009752558036967,-0.05707958143937744
2017-05-02,-0.0067206153885124515,0,0,0.0,1.009752558036967,-0.05707958143937744
2017-05-03,-0.008277130346373545,0,0,-0.0,1.009752558036967,-0.05707958143937744
2017-05-04,-0.007974128849614005,0,0,-0.0,1.009752558036967,-0.05707958143937744
2017-05-05,-0.007706826495605789,0,0,0.0,1.009752558036967,-0.05707958143937744
2017-05-08,-0.007371194152852695,0,0,-0.0,1.009752558036967,-0.05707958143937744
2017-05-09,-0.006815276439525502,0,0,-0.0,1.009752558036967,-0.05707958143937744
2017-05-10,-0.007031814830802773,0,0,-0.0,1.009752558036967,-0.05707958143937744
2017-05-11,-0.005933014801067715,0,0,0.0,1.009752558036967,-0.05707958143937744
2017-05-12,-0.002808923976198918,0,0,0.0,1.009752558036967,-0.05707958143937744
2017-05-15,-0.0027008847227667832,0,0,-0.0,1.009752558036967,-0.05707958143937744
2017-05-16,-0.0031745659369310617,0,0,0.0,1.009752558036967,-0.05707958143937744
2017-05-17,-0.0005126999320704986,0,0,0.0,1.009752558036967,-0.05707958143937744
2017-05-18,-0.0004194835042825029,0,0,-0.0,1.009752558036967,-0.05707958143937744
2017-05-19,-0.0013415550450487591,0,0,-0.0,1.009752558036967,-0.05707958143937744
2017-05-22,-0.0026544899625993157,0,0,-0.0,1.009752558036967,-0.05707958143937744
2017-05-23,-0.003142558753808572,0,0,-0.0,1.009752558036967,-0.05707958143937744
2017-05-24,-0.0020115573707845833,0,0,0.0,1.009752558036967,-0.05707958143937744
2017-05-25,0.00029875793124731773,0,0,0.0,1.009752558036967,-0.05707958143937744
2017-05-26,-0.00010334228262726727,0,0,-0.0,1.009752558036967,-0.05707958143937744
2017-05-30,0.0009757336833145116,0,0,0.0,1.009752558036967,-0.05707958143937744
2017-05-31,0.0008551976931793436,0,0,0.0,1.009752558036967,-0.05707958143937744
2017-06-01,0.00046731214541677595,0,0,-0.0,1.009752558036967,-0.05707958143937744
2017-06-02,0.0031321296614549347,0,0,0.0,1.009752558036967,-0.05707958143937744
2017-06-05,0.003673037383925375,0,0,-0.0,1.009752558036967,-0.05707958143937744
2017-06-06,0.00451821072297327,0,0,0.0,1.009752558036967,-0.05707958143937744
2017-06-07,0.004440329356501782,0,0,-0.0,1.009752558036967,-0.05707958143937744
2017-06-08,0.00405316045977555,0,0,-0.0,1.009752558036967,-0.05707958143937744
2017-06-09,0.00261354650239835,0,0,-0.0,1.009752558036967,-0.05707958143937744
2017-06-12,0.0019213238963082576,0,0,-0.0,1.009752558036967,-0.05707958143937744
2017-06-13,0.0012604978470879486,0,0,0.0,1.009752558036967,-0.05707958143937744
2017-06-14,0.0030463906549748334,0,0,0.0,1.009752558036967,-0.05707958143937744
2017-06-15,0.0006341871063680728,0,0,-0.0,1.009752558036967,-0.05707958143937744
2017-06-16,0.000641213068379708,0,0,0.0,1.009752558036967,-0.05707958143937744
2017-06-19,-0.0005564823286346773,0,0,-0.0,1.009752558036967,-0.05707958143937744
2017-06-20,0.0006366313906180088,0,0,0.0,1.009752558036967,-0.05707958143937744
2017-06-21,-0.00022393468272222106,0,0,-0.0,1.009752558036967,-0.05707958143937744
2017-06-22,0.0002924849676935893,0,0,0.0,1.009752558036967,-0.05707958143937744
2017-06-23,-5.039022402795199e-05,0,0,0.0,1.009752558036967,-0.05707958143937744
2017-06-26,0.0005370621864159162,0,0,0.0,1.009752558036967,-0.05707958143937744
2017-06-27,-0.0015541160088733018,0,0,-0.0,1.009752558036967,-0.05707958143937744
2017-06-28,-0.00281004599360517,0,0,0.0,1.009752558036967,-0.05707958143937744
2017-06-29,-0.0033225976110363483,0,0,-0.0,1.009752558036967,-0.05707958143937744
2017-06-30,-0.005330434192239419,0,0,-0.0,1.009752558036967,-0.05707958143937744
2017-07-03,-0.006752056160462738,0,0,-0.0,1.009752558036967,-0.05707958143937744
2017-07-05,-0.00635105347389735,0,0,0.0,1.009752558036967,-0.05707958143937744
2017-07-06,-0.006924900650383413,0,0,-0.0,1.009752558036967,-0.05707958143937744
2017-07-07,-0.007945499828482671,0,0,-0.0,1.009752558036967,-0.05707958143937744
2017-07-10,-0.007640984266747519,0,0,0.0,1.009752558036967,-0.05707958143937744
2017-07-11,-0.007497180464869318,0,0,0.0,1.009752558036967,-0.05707958143937744
2017-07-12,-0.0051563154147998055,0,0,0.0,1.009752558036967,-0.05707958143937744
2017-07-13,-0.007262692082372268,0,0,-0.0,1.009752558036967,-0.05707958143937744
2017-07-14,-0.006745446974771441,0,0,0.0,1.009752558036967,-0.05707958143937744
2017-07-17,-0.0050645510482265396,0,0,0.0,1.009752558036967,-0.05707958143937744
2017-07-18,-0.0032551639155439017,0,0,0.0,1.009752558036967,-0.05707958143937744
2017-07-19,-0.0035929787792302824,0,0,-0.0,1.009752558036967,-0.05707958143937744
2017-07-20,-0.0026028584083382985,0,0,0.0,1.009752558036967,-0.05707958143937744
2017-07-21,-0.001960677417745921,0,0,0.0,1.009752558036967,-0.05707958143937744
2017-07-24,-0.0033494599643398844,0,0,-0.0,1.009752558036967,-0.05707958143937744
2017-07-25,-0.005552489012222833,0,0,-0.0,1.009752558036967,-0.05707958143937744
2017-07-26,-0.0024717862370550346,0,0,0.0,1.009752558036967,-0.05707958143937744
2017-07-27,-0.003649525360564642,0,0,-0.0,1.009752558036967,-0.05707958143937744
2017-07-28,-0.0034372330742782676,0,0,0.0,1.009752558036967,-0.05707958143937744
2017-07-31,-0.0029546921595815625,0,0,-0.0,1.009752558036967,-0.05707958143937744
2017-08-01,-0.0020346070944077923,0,0,0.0,1.009752558036967,-0.05707958143937744
2017-08-02,-0.0019372574796695965,0,0,-0.0,1.009752558036967,-0.05707958143937744
2017-08-03,0.00011071963886109034,0,0,0.0,1.009752558036967,-0.05707958143937744
2017-08-04,-0.0008551328877024534,0,0,-0.0,1.009752558036967,-0.05707958143937744
2017-08-07,-0.0001695715888191283,0,0,0.0,1.009752558036967,-0.05707958143937744
2017-08-08,-0.0012212921201424972,0,0,-0.0,1.009752558036967,-0.05707958143937744
2017-08-09,-0.0007333692217937281,0,0,0.0,1.009752558036967,-0.05707958143937744
2017-08-10,-4.5216896762867356e-05,0,0,0.0,1.009752558036967,-0.05707958143937744
2017-08-11,-0.0004000402732546979,0,0,0.0,1.009752558036967,-0.05707958143937744
2017-08-14,-0.0012936524780511214,0,0,-0.0,1.009752558036967,-0.05707958143937744
2017-08-15,-0.0033974440862032883,0,0,-0.0,1.009752558036967,-0.05707958143937744
2017-08-16,-0.002850436648021404,0,0,0.0,1.009752558036967,-0.05707958143937744
2017-08-17,-0.0007799924813667036,0,0,0.0,1.009752558036967,-0.05707958143937744
2017-08-18,-0.0014953923645228632,0,0,0.0,1.009752558036967,-0.05707958143937744
2017-08-21,0.0003742550372409616,0,0,0.0,1.009752558036967,-0.05707958143937744
2017-08-22,0.00047525943271258236,0,0,-0.0,1.009752558036967,-0.05707958143937744
2017-08-23,0.0011732296342009678,0,0,0.0,1.009752558036967,-0.05707958143937744
2017-08-24,0.00016494204200931395,0,0,-0.0,1.009752558036967,-0.05707958143937744
2017-08-25,0.001328535027604666,0,0,0.0,1.009752558036967,-0.05707958143937744
2017-08-28,0.00157768625778667,0,0,0.0,1.009752558036967,-0.05707958143937744
2017-08-29,0.0028966528556096157,0,0,0.0,1.009752558036967,-0.05707958143937744
2017-08-30,0.0020277500638474937,0,0,-0.0,1.009752558036967,-0.05707958143937744
2017-08-31,0.0035496093131888898,0,0,0.0,1.009752558036967,-0.05707958143937744
2017-09-01,0.0025754618859940457,0,0,-0.0,1.009752558036967,-0.05707958143937744
2017-09-05,0.0043655635000815094,0,0,0.0,1.009752558036967,-0.05707958143937744
2017-09-06,0.003414018563159593,0,0,-0.0,1.009752558036967,-0.05707958143937744
2017-09-07,0.004572335844394893,0,0,0.0,1.009752558036967,-0.05707958143937744
2017-09-08,0.003309755769435518,0,0,0.0,1.009752558036967,-0.05707958143937744
2017-09-11,0.0008656875832768417,0,0,-0.0,1.009752558036967,-0.05707958143937744
2017-09-12,-0.0008852419967298685,0,0,-0.0,1.009752558036967,-0.05707958143937744
2017-09-13,-0.000932331564552752,0,0,-0.0,1.009752558036967,-0.05707958143937744
2017-09-14,-0.0017637031655885261,0,0,-0.0,1.009752558036967,-0.05707958143937744
2017-09-15,-0.0024569660748682384,0,0,-0.0,1.009752558036967,-0.05707958143937744
2017-09-18,-0.002570441006597035,0,0,-0.0,1.009752558036967,-0.05707958143937744
2017-09-19,-0.0032498576100777445,0,0,-0.0,1.009752558036967,-0.05707958143937744
2017-09-20,-0.00427788878106472,0,0,-0.0,1.009752558036967,-0.05707958143937744
2017-09-21,-0.004304188263009761,0,0,-0.0,1.009752558036967,-0.05707958143937744
2017-09-22,-0.004401288970400397,0,0,0.0,1.009752558036967,-0.05707958143937744
2017-09-25,-0.0024681850696757824,0,0,0.0,1.009752558036967,-0.05707958143937744
2017-09-26,-0.0025825508853737577,0,0,-0.0,1.009752558036967,-0.05707958143937744
2017-09-27,-0.004562039010015717,0,0,-0.0,1.009752558036967,-0.05707958143937744
2017-09-28,-0.003073190015558047,0,0,0.0,1.009752558036967,-0.05707958143937744
2017-09-29,-0.00452576691430882,0,0,-0.0,1.009752558036967,-0.05707958143937744
2017-10-02,-0.005415545036765628,0,0,-0.0,1.009752558036967,-0.05707958143937744
2017-10-03,-0.00585644638110599,0,0,0.0,1.009752558036967,-0.05707958143937744
2017-10-04,-0.006651921365713354,0,0,-0.0,1.009752558036967,-0.05707958143937744
2017-10-05,-0.00790256279453309,0,0,-0.0,1.009752558036967,-0.05707958143937744
2017-10-06,-0.009071633155761588,0,0,-0.0,1.009752558036967,-0.05707958143937744
2017-10-09,-0.008808143640481535,0,0,0.0,1.009752558036967,-0.05707958143937744
2017-10-10,-0.007375802952405019,0,0,0.0,1.009752558036967,-0.05707958143937744
2017-10-11,-0.00789020404782496,0,0,-0.0,1.009752558036967,-0.05707958143937744
2017-10-12,-0.006826520974194844,0,0,0.0,1.009752558036967,-0.05707958143937744
2017-10-13,-0.005117026741148261,0,0,0.0,1.009752558036967,-0.05707958143937744
2017-10-16,-0.0072067017787192655,0,0,-0.0,1.009752558036967,-0.05707958143937744
2017-10-17,-0.007094285079910589,0,0,0.0,1.009752558036967,-0.05707958143937744
2017-10-18,-0.007217631740228186,0,0,-0.0,1.009752558036967,-0.05707958143937744
2017-10-19,-0.007169082947656974,0,0,0.0,1.009752558036967,-0.05707958143937744
2017-10-20,-0.008701413980046141,0,0,-0.0,1.009752558036967,-0.05707958143937744
2017-10-23,-0.008099920305499908,0,0,0.0,1.009752558036967,-0.05707958143937744
2017-10-24,-0.0073918010728881425,0,0,-0.0,1.009752558036967,-0.05707958143937744
2017-10-25,-0.008271500933055486,0,0,-0.0,1.009752558036967,-0.05707958143937744
2017-10-26,-0.00832310435603486,0,0,-0.0,1.009752558036967,-0.05707958143937744
2017-10-27,-0.006629676414968326,0,0,0.0,1.009752558036967,-0.05707958143937744
2017-10-30,-0.004341004297879907,0,0,0.0,1.009752558036967,-0.05707958143937744
2017-10-31,-0.005319101678479865,0,0,-0.0,1.009752558036967,-0.05707958143937744
2017-11-01,-0.00616604210081223,0,0,-0.0,1.009752558036967,-0.05707958143937744
2017-11-02,-0.005473978363115983,0,0,0.0,1.009752558036967,-0.05707958143937744
2017-11-03,-0.005669809484806465,0,0,-0.0,1.009752558036967,-0.05707958143937744
2017-11-06,-0.006826374225430447,0,0,0.0,1.009752558036967,-0.05707958143937744
2017-11-07,-0.0059010903318032935,0,0,0.0,1.009752558036967,-0.05707958143937744
2017-11-08,-0.005635324100721817,0,0,-0.0,1.009752558036967,-0.05707958143937744
2017-11-09,-0.006506147268490275,0,0,-0.0,1.009752558036967,-0.05707958143937744
2017-11-10,-0.00851087828113405,0,0,-0.0,1.009752558036967,-0.05707958143937744
2017-11-13,-0.008777397182928004,0,0,-0.0,1.009752558036967,-0.05707958143937744
2017-11-14,-0.008478690295182566,0,0,0.0,1.009752558036967,-0.05707958143937744
2017-11-15,-0.007326234547401417,0,0,0.0,1.009752558036967,-0.05707958143937744
2017-11-16,-0.009065535558730398,0,0,-0.0,1.009752558036967,-0.05707958143937744
2017-11-17,-0.00868753282537998,0,0,-0.0,1.009752558036967,-0.05707958143937744
2017-11-20,-0.009887073299744437,0,0,-0.0,1.009752558036967,-0.05707958143937744
2017-11-21,-0.010776020507388911,0,0,-0.0,1.009752558036967,-0.05707958143937744
2017-11-22,-0.008327633412121765,0,0,0.0,1.009752558036967,-0.05707958143937744
2017-11-24,-0.00919892727410494,0,0,-0.0,1.009752558036967,-0.05707958143937744
2017-11-27,-0.0086026274526727,0,0,0.0,1.009752558036967,-0.05707958143937744
2017-11-28,-0.008388638668730027,0,0,-0.0,1.009752558036967,-0.05707958143937744
2017-11-29,-0.009757941678468001,0,0,-0.0,1.009752558036967,-0.05707958143937744
2017-11-30,-0.010011290282366213,0,0,-0.0,1.009752558036967,-0.05707958143937744
2017-12-01,-0.009744175361122397,0,0,0.0,1.009752558036967,-0.05707958143937744
2017-12-04,-0.011422960944069548,0,0,-0.0,1.009752558036967,-0.05707958143937744
2017-12-05,-0.010378353590343052,0,0,0.0,1.009752558036967,-0.05707958143937744
2017-12-06,-0.009103916952278017,0,0,0.0,1.009752558036967,-0.05707958143937744
2017-12-07,-0.00921434360696628,0,0,-0.0,1.009752558036967,-0.05707958143937744
2017-12-08,-0.009156669042042065,0,0,0.0,1.009752558036967,-0.05707958143937744
2017-12-11,-0.009363089349265358,0,0,-0.0,1.009752558036967,-0.05707958143937744
2017-12-12,-0.009750103568895045,0,0,-0.0,1.009752558036967,-0.05707958143937744
2017-12-13,-0.00785577442509201,0,0,0.0,1.009752558036967,-0.05707958143937744
2017-12-14,-0.007821511704103105,0,0,-0.0,1.009752558036967,-0.05707958143937744
2017-12-15,-0.007865540922164049,0,0,-0.0,1.009752558036967,-0.05707958143937744
2017-12-18,-0.00895954935851349,0,0,-0.0,1.009752558036967,-0.05707958143937744
2017-12-19,-0.01041749418838742,0,0,-0.0,1.009752558036967,-0.05707958143937744
2017-12-20,-0.010774574601918113,0,0,-0.0,1.009752558036967,-0.05707958143937744
2017-12-21,-0.00970520611409998,0,0,0.0,1.009752558036967,-0.05707958143937744
2017-12-22,-0.010335597956386744,0,0,-0.0,1.009752558036967,-0.05707958143937744
2017-12-26,-0.009439699957376611,0,0,0.0,1.009752558036967,-0.05707958143937744
2017-12-27,-0.007543989184108329,0,0,0.0,1.009752558036967,-0.05707958143937744
2017-12-28,-0.008879618010046036,0,0,-0.0,1.009752558036967,-0.05707958143937744
2017-12-29,-0.007647295309248874,0,0,0.0,1.009752558036967,-0.05707958143937744
2018-01-02,-0.00929995113619455,0,0,-0.0,1.009752558036967,-0.05707958143937744
2018-01-03,-0.008649107071991912,0,0,0.0,1.009752558036967,-0.05707958143937744
2018-01-04,-0.009935112029439495,0,0,-0.0,1.009752558036967,-0.05707958143937744
2018-01-05,-0.01076917075528882,0,0,-0.0,1.009752558036967,-0.05707958143937744
2018-01-08,-0.010690709234176827,0,0,0.0,1.009752558036967,-0.05707958143937744
2018-01-09,-0.012330306569356419,0,0,-0.0,1.009752558036967,-0.05707958143937744
2018-01-10,-0.012967926891396798,0,0,-0.0,1.009752558036967,-0.05707958143937744
2018-01-11,-0.012184995973683565,0,0,0.0,1.009752558036967,-0.05707958143937744
2018-01-12,-0.013339230085363162,0,0,-0.0,1.009752558036967,-0.05707958143937744
2018-01-16,-0.012247983620010748,0,0,-0.0,1.009752558036967,-0.05707958143937744
2018-01-17,-0.01432034418209832,0,0,-0.0,1.009752558036967,-0.05707958143937744
2018-01-18,-0.013980988400314752,0,0,-0.0,1.009752558036967,-0.05707958143937744
2018-01-19,-0.015307891553051983,0,0,-0.0,1.009752558036967,-0.05707958143937744
2018-01-22,-0.01573271366969886,0,0,-0.0,1.009752558036967,-0.05707958143937744
2018-01-23,-0.014597111497568293,0,0,0.0,1.009752558036967,-0.05707958143937744
2018-01-24,-0.014813274548968844,0,0,-0.0,1.009752558036967,-0.05707958143937744
2018-01-25,-0.014772876805994378,0,0,0.0,1.009752558036967,-0.05707958143937744
2018-01-26,-0.016646397295633757,0,0,-0.0,1.009752558036967,-0.05707958143937744
2018-01-29,-0.0171315549666734,0,0,-0.0,1.009752558036967,-0.05707958143937744
2018-01-30,-0.017131918314557244,0,0,-0.0,1.009752558036967,-0.05707958143937744
2018-01-31,-0.018674602230034747,0,0,-0.0,1.009752558036967,-0.05707958143937744
2018-02-01,-0.020293078538584843,0,0,-0.0,1.009752558036967,-0.05707958143937744
2018-02-02,-0.022318316099285966,0,0,-0.0,1.009752558036967,-0.05707958143937744
2018-02-05,-0.0193293442362566,0,0,0.0,1.009752558036967,-0.05707958143937744
2018-02-06,-0.01844235567817441,0,0,0.0,1.009752558036967,-0.05707958143937744
2018-02-07,-0.0210348010841096,0,0,-0.0,1.009752558036967,-0.05707958143937744
2018-02-08,-0.0204897948942307,0,0,-0.0,1.009752558036967,-0.05707958143937744
2018-02-09,-0.018690506510753973,0,0,0.0,1.009752558036967,-0.05707958143937744
2018-02-12,-0.019619714307288386,0,0,-0.0,1.009752558036967,-0.05707958143937744
2018-02-13,-0.019239083196311256,0,0,0.0,1.009752558036967,-0.05707958143937744
2018-02-14,-0.022197734792678347,0,0,-0.0,1.009752558036967,-0.05707958143937744
2018-02-15,-0.02160300669437035,0,0,0.0,1.009752558036967,-0.05707958143937744
2018-02-16,-0.02061636813855788,0,0,0.0,1.009752558036967,-0.05707958143937744
2018-02-20,-0.021065794336452993,0,0,-0.0,1.009752558036967,-0.05707958143937744
2018-02-21,-0.02311476382630437,0,0,-0.0,1.009752558036967,-0.05707958143937744
2018-02-22,-0.02164846638776445,0,0,0.0,1.009752558036967,-0.05707958143937744
2018-02-23,-0.020967390385754386,0,0,0.0,1.009752558036967,-0.05707958143937744
2018-02-26,-0.01978613860103335,0,0,0.0,1.009752558036967,-0.05707958143937744
2018-02-27,-0.02274440278089065,0,0,-0.0,1.009752558036967,-0.05707958143937744
2018-02-28,-0.021139908541422687,0,0,0.0,1.009752558036967,-0.05707958143937744
2018-03-01,-0.01960016471714589,0,0,0.0,1.009752558036967,-0.05707958143937744
2018-03-02,-0.020761401525850175,0,0,-0.0,1.009752558036967,-0.05707958143937744
2018-03-05,-0.02069175600075893,0,0,-0.0,1.009752558036967,-0.05707958143937744
2018-03-06,-0.02112071277977333,0,0,0.0,1.009752558036967,-0.05707958143937744
2018-03-07,-0.020662624125457003,0,0,-0.0,1.009752558036967,-0.05707958143937744
2018-03-08,-0.01990505707456112,0,0,0.0,1.009752558036967,-0.05707958143937744
2018-03-09,-0.02018596621492618,0,0,-0.0,1.009752558036967,-0.05707958143937744
2018-03-12,-0.019221945717891365,0,0,0.0,1.009752558036967,-0.05707958143937744
2018-03-13,-0.019328636613532124,0,0,0.0,1.009752558036967,-0.05707958143937744
2018-03-14,-0.0177193843135924,0,0,0.0,1.009752558036967,-0.05707958143937744
2018-03-15,-0.017563403118644745,0,0,-0.0,1.009752558036967,-0.05707958143937744
2018-03-16,-0.01850121426174789,0,0,-0.0,1.009752558036967,-0.05707958143937744
2018-03-19,-0.018280648382413243,0,0,0.0,1.009752558036967,-0.05707958143937744
2018-03-20,-0.019040286635027492,0,0,-0.0,1.009752558036967,-0.05707958143937744
2018-03-21,-0.018641480329310463,0,0,-0.0,1.009752558036967,-0.05707958143937744
2018-03-22,-0.016535763581860208,0,0,0.0,1.009752558036967,-0.05707958143937744
2018-03-23,-0.015924532972068722,0,0,0.0,1.009752558036967,-0.05707958143937744
2018-03-26,-0.01746428211470096,0,0,-0.0,1.009752558036967,-0.05707958143937744
2018-03-27,-0.015286970723741987,0,0,0.0,1.009752558036967,-0.05707958143937744
2018-03-28,-0.016102300034872962,0,0,-0.0,1.009752558036967,-0.05707958143937744
2018-03-29,-0.014722451145211446,0,0,0.0,1.009752558036967,-0.05707958143937744
2018-04-02,-0.013907197586804369,0,0,0.0,1.009752558036967,-0.05707958143937744
2018-04-03,-0.015388017297055828,0,0,-0.0,1.009752558036967,-0.05707958143937744
2018-04-04,-0.015267619175304736,0,0,-0.0,1.009752558036967,-0.05707958143937744
2018-04-05,-0.016390835477606846,0,0,-0.0,1.009752558036967,-0.05707958143937744
2018-04-06,-0.014021891591098838,0,0,0.0,1.009752558036967,-0.05707958143937744
2018-04-09,-0.014487815708083412,0,0,-0.0,1.009752558036967,-0.05707958143937744
2018-04-10,-0.014996474141200415,0,0,-0.0,1.009752558036967,-0.05707958143937744
2018-04-11,-0.014730137445184775,0,0,0.0,1.009752558036967,-0.05707958143937744
2018-04-12,-0.01612201302882466,0,0,-0.0,1.009752558036967,-0.05707958143937744
2018-04-13,-0.01570454599806225,0,0,-0.0,1.009752558036967,-0.05707958143937744
2018-04-16,-0.015203286879112314,0,0,-0.0,1.009752558036967,-0.05707958143937744
2018-04-17,-0.01469587410571913,0,0,0.0,1.009752558036967,-0.05707958143937744
2018-04-18,-0.01558092841002848,0,0,-0.0,1.009752558036967,-0.05707958143937744
2018-04-19,-0.01670175270735691,0,0,-0.0,1.009752558036967,-0.05707958143937744
2018-04-20,-0.01747207835376156,0,0,-0.0,1.009752558036967,-0.05707958143937744
2018-04-23,-0.0188558001293289,0,0,-0.0,1.009752558036967,-0.05707958143937744
2018-04-24,-0.018455467973346767,0,0,0.0,1.009752558036967,-0.05707958143937744
2018-04-25,-0.019184056426207657,0,0,-0.0,1.009752558036967,-0.05707958143937744
2018-04-26,-0.018551873862718768,0,0,0.0,1.009752558036967,-0.05707958143937744
2018-04-27,-0.017928712829448537,0,0,0.0,1.009752558036967,-0.05707958143937744
2018-04-30,-0.01697084997670538,0,0,0.0,1.009752558036967,-0.05707958143937744
2018-05-01,-0.018063579867074513,0,0,-0.0,1.009752558036967,-0.05707958143937744
2018-05-02,-0.018381554074100807,0,0,0.0,1.009752558036967,-0.05707958143937744
2018-05-03,-0.017329060120746486,0,0,0.0,1.009752558036967,-0.05707958143937744
2018-05-04,-0.016781430286456414,0,0,0.0,1.009752558036967,-0.05707958143937744
2018-05-07,-0.01591782860960035,0,0,-0.0,1.009752558036967,-0.05707958143937744
2018-05-08,-0.017056962024165217,0,0,-0.0,1.009752558036967,-0.05707958143937744
2018-05-09,-0.01774281199225467,0,0,-0.0,1.009752558036967,-0.05707958143937744
2018-05-10,-0.017611540209320056,0,0,0.0,1.009752558036967,-0.05707958143937744
2018-05-11,-0.01638929573187853,0,0,0.0,1.009752558036967,-0.05707958143937744
2018-05-14,-0.01692658799071687,0,0,-0.0,1.009752558036967,-0.05707958143937744
2018-05-15,-0.01921986161918374,0,0,-0.0,1.009752558036967,-0.05707958143937744
2018-05-16,-0.01907939817904132,0,0,-0.0,1.009752558036967,-0.05707958143937744
2018-05-17,-0.018988429899708486,0,0,0.0,1.009752558036967,-0.05707958143937744
2018-05-18,-0.017652914143707014,0,0,0.0,1.009752558036967,-0.05707958143937744
2018-05-21,-0.018187126722468652,0,0,-0.0,1.009752558036967,-0.05707958143937744
2018-05-22,-0.01813189580598823,0,0,0.0,1.009752558036967,-0.05707958143937744
2018-05-23,-0.014646912772993187,0,0,0.0,1.009752558036967,-0.05707958143937744
2018-05-24,-0.013870508790968782,0,0,0.0,1.009752558036967,-0.05707958143937744
2018-05-25,-0.013662632282294584,0,0,0.0,1.009752558036967,-0.05707958143937744
2018-05-29,-0.006865792016733851,0,0,0.0,1.009752558036967,-0.05707958143937744
2018-05-30,-0.009511973482253605,0,0,-0.0,1.009752558036967,-0.05707958143937744
2018-05-31,-0.009314272328981469,0,0,0.0,1.009752558036967,-0.05707958143937744
2018-06-01,-0.01140736220553154,0,0,-0.0,1.009752558036967,-0.05707958143937744
2018-06-04,-0.013336151887154608,0,0,-0.0,1.009752558036967,-0.05707958143937744
2018-06-05,-0.012103588577820417,0,0,0.0,1.009752558036967,-0.05707958143937744
2018-06-06,-0.013825260598632347,0,0,-0.0,1.009752558036967,-0.05707958143937744
2018-06-07,-0.013353092966511632,0,0,0.0,1.009752558036967,-0.05707958143937744
2018-06-08,-0.013409774211820755,0,0,0.0,1.009752558036967,-0.05707958143937744
2018-06-11,-0.013558136036692314,0,0,-0.0,1.009752558036967,-0.05707958143937744
2018-06-12,-0.013278295883396823,0,0,-0.0,1.009752558036967,-0.05707958143937744
2018-06-13,-0.013198808981309651,0,0,-0.0,1.009752558036967,-0.05707958143937744
2018-06-14,-0.011438205950045643,0,0,0.0,1.009752558036967,-0.05707958143937744
2018-06-15,-0.010408952641936663,0,0,0.0,1.009752558036967,-0.05707958143937744
2018-06-18,-0.011260421423520382,0,0,0.0,1.009752558036967,-0.05707958143937744
2018-06-19,-0.010484762308594485,0,0,0.0,1.009752558036967,-0.05707958143937744
2018-06-20,-0.01160415326256595,0,0,-0.0,1.009752558036967,-0.05707958143937744
2018-06-21,-0.011390334009373674,0,0,0.0,1.009752558036967,-0.05707958143937744
2018-06-22,-0.012031098233325516,0,0,-0.0,1.009752558036967,-0.05707958143937744
2018-06-25,-0.011239034757303123,0,0,0.0,1.009752558036967,-0.05707958143937744
2018-06-26,-0.012476534694670898,0,0,-0.0,1.009752558036967,-0.05707958143937744
2018-06-27,-0.009533653739489995,0,0,0.0,1.009752558036967,-0.05707958143937744
2018-06-28,-0.010211006722936837,0,0,-0.0,1.009752558036967,-0.05707958143937744
2018-06-29,-0.009663456585273627,0,0,-0.0,1.009752558036967,-0.05707958143937744
2018-07-02,-0.010282385049838215,0,0,-0.0,1.009752558036967,-0.05707958143937744
2018-07-03,-0.009367410466364794,0,0,0.0,1.009752558036967,-0.05707958143937744
2018-07-05,-0.009565054174228704,0,0,-0.0,1.009752558036967,-0.05707958143937744
2018-07-06,-0.008717716013636762,0,0,0.0,1.009752558036967,-0.05707958143937744
2018-07-09,-0.00875141007613205,0,0,-0.0,1.009752558036967,-0.05707958143937744
2018-07-10,-0.009135126782164915,0,0,-0.0,1.009752558036967,-0.05707958143937744
2018-07-11,-0.007815311985854018,0,0,0.0,1.009752558036967,-0.05707958143937744
2018-07-12,-0.007879261603969656,0,0,-0.0,1.009752558036967,-0.05707958143937744
2018-07-13,-0.006143810951557754,0,0,0.0,1.009752558036967,-0.05707958143937744
2018-07-16,-0.007380624979563526,0,0,-0.0,1.009752558036967,-0.05707958143937744
2018-07-17,-0.006824746340612786,0,0,-0.0,1.009752558036967,-0.05707958143937744
2018-07-18,-0.007260073004934514,0,0,-0.0,1.009752558036967,-0.05707958143937744
2018-07-19,-0.005487314619223993,0,0,0.0,1.009752558036967,-0.05707958143937744
2018-07-20,-0.005884332869922154,0,0,-0.0,1.009752558036967,-0.05707958143937744
2018-07-23,-0.008104895910991606,0,0,-0.0,1.009752558036967,-0.05707958143937744
2018-07-24,-0.00800876320536717,0,0,0.0,1.009752558036967,-0.05707958143937744
2018-07-25,-0.0077356651543805666,0,0,0.0,1.009752558036967,-0.05707958143937744
2018-07-26,-0.008437597255546585,0,0,-0.0,1.009752558036967,-0.05707958143937744
2018-07-27,-0.008948461982823196,0,0,0.0,1.009752558036967,-0.05707958143937744
2018-07-30,-0.009145958985425877,0,0,-0.0,1.009752558036967,-0.05707958143937744
2018-07-31,-0.007880648044978726,0,0,0.0,1.009752558036967,-0.05707958143937744
2018-08-01,-0.009022754244856084,0,0,-0.0,1.009752558036967,-0.05707958143937744
2018-08-02,-0.008500299007194794,0,0,0.0,1.009752558036967,-0.05707958143937744
2018-08-03,-0.006699211911929926,0,0,0.0,1.009752558036967,-0.05707958143937744
2018-08-06,-0.006091423475873708,0,0,0.0,1.009752558036967,-0.05707958143937744
2018-08-07,-0.006326150003664521,0,0,-0.0,1.009752558036967,-0.05707958143937744
2018-08-08,-0.006125062737269654,0,0,0.0,1.009752558036967,-0.05707958143937744
2018-08-09,-0.004385600175616256,0,0,0.0,1.009752558036967,-0.05707958143937744
2018-08-10,-0.0016138842898351488,0,0,0.0,1.009752558036967,-0.05707958143937744
2018-08-13,-0.0017429888008904494,0,0,-0.0,1.009752558036967,-0.05707958143937744
2018-08-14,-0.003212187923549042,0,0,-0.0,1.009752558036967,-0.05707958143937744
2018-08-15,-0.0021574730388122902,0,0,0.0,1.009752558036967,-0.05707958143937744
2018-08-16,-0.0029749361746106255,0,0,-0.0,1.009752558036967,-0.05707958143937744
2018-08-17,-0.003535037090550308,0,0,-0.0,1.009752558036967,-0.05707958143937744
2018-08-20,-0.001789928942882013,0,0,0.0,1.009752558036967,-0.05707958143937744
2018-08-21,-0.004364114187775208,0,0,-0.0,1.009752558036967,-0.05707958143937744
2018-08-22,-0.005308457022260565,0,0,0.0,1.009752558036967,-0.05707958143937744
2018-08-23,-0.0036290312899312674,0,0,-0.0,1.009752558036967,-0.05707958143937744
2018-08-24,-0.004128090034037091,0,0,-0.0,1.009752558036967,-0.05707958143937744
2018-08-27,-0.0036962512150243987,0,0,-0.0,1.009752558036967,-0.05707958143937744
2018-08-28,-0.004314979725077462,0,0,-0.0,1.009752558036967,-0.05707958143937744
2018-08-29,-0.004451916882469498,0,0,-0.0,1.009752558036967,-0.05707958143937744
2018-08-30,-0.003152985703635502,0,0,0.0,1.009752558036967,-0.05707958143937744
2018-08-31,-0.0029236121191293764,0,0,0.0,1.009752558036967,-0.05707958143937744
2018-09-04,-0.004491462393245992,0,0,-0.0,1.009752558036967,-0.05707958143937744
2018-09-05,-0.003693061370501155,0,0,0.0,1.009752558036967,-0.05707958143937744
2018-09-06,-0.0025339382158036552,0,0,0.0,1.009752558036967,-0.05707958143937744
2018-09-07,-0.005065132455287474,0,0,-0.0,1.009752558036967,-0.05707958143937744
2018-09-10,-0.005316255559533717,0,0,-0.0,1.009752558036967,-0.05707958143937744
2018-09-11,-0.0064650486060887575,0,0,-0.0,1.009752558036967,-0.05707958143937744
2018-09-12,-0.0068990707821201865,0,0,0.0,1.009752558036967,-0.05707958143937744
2018-09-13,-0.007623349195533818,0,0,-0.0,1.009752558036967,-0.05707958143937744
2018-09-14,-0.007935246266089597,0,0,-0.0,1.009752558036967,-0.05707958143937744
2018-09-17,-0.009206083405672732,0,0,-0.0,1.009752558036967,-0.05707958143937744
2018-09-18,-0.010456462101676573,0,0,-0.0,1.009752558036967,-0.05707958143937744
2018-09-19,-0.011815791109005713,0,0,-0.0,1.009752558036967,-0.05707958143937744
2018-09-20,-0.012030326842751324,0,0,0.0,1.009752558036967,-0.05707958143937744
2018-09-21,-0.01163123467240577,0,0,0.0,1.009752558036967,-0.05707958143937744
2018-09-24,-0.011556449844524624,0,0,-0.0,1.009752558036967,-0.05707958143937744
2018-09-25,-0.0117596987714092,0,0,-0.0,1.009752558036967,-0.05707958143937744
2018-09-26,-0.010885769964844177,0,0,0.0,1.009752558036967,-0.05707958143937744
2018-09-27,-0.011106143777853416,0,0,0.0,1.009752558036967,-0.05707958143937744
2018-09-28,-0.010320699907162327,0,0,0.0,1.009752558036967,-0.05707958143937744
2018-10-01,-0.011123782140423553,0,0,-0.0,1.009752558036967,-0.05707958143937744
2018-10-02,-0.009191767276660576,0,0,0.0,1.009752558036967,-0.05707958143937744
2018-10-03,-0.011935178238514008,0,0,-0.0,1.009752558036967,-0.05707958143937744
2018-10-04,-0.013101392726371845,0,0,-0.0,1.009752558036967,-0.05707958143937744
2018-10-05,-0.013419810468801974,0,0,-0.0,1.009752558036967,-0.05707958143937744
2018-10-08,-0.012986689750664807,0,0,0.0,1.009752558036967,-0.05707958143937744
2018-10-09,-0.011401425554072763,0,0,0.0,1.009752558036967,-0.05707958143937744
2018-10-10,-0.011065762616025918,0,0,-0.0,1.009752558036967,-0.05707958143937744
2018-10-11,-0.008352046646215605,0,0,0.0,1.009752558036967,-0.05707958143937744
2018-10-12,-0.008805497698398456,0,0,0.0,1.009752558036967,-0.05707958143937744
2018-10-15,-0.00889756049351732,0,0,-0.0,1.009752558036967,-0.05707958143937744
2018-10-16,-0.00814078224262572,0,0,0.0,1.009752558036967,-0.05707958143937744
2018-10-17,-0.009206942751582202,0,0,-0.0,1.009752558036967,-0.05707958143937744
2018-10-18,-0.009034274162350225,0,0,0.0,1.009752558036967,-0.05707958143937744
2018-10-19,-0.009229806083304821,0,0,-0.0,1.009752558036967,-0.05707958143937744
2018-10-22,-0.009294382881462327,0,0,0.0,1.009752558036967,-0.05707958143937744
2018-10-23,-0.008077581415070163,0,0,0.0,1.009752558036967,-0.05707958143937744
2018-10-24,-0.006921079048499784,0,0,0.0,1.009752558036967,-0.05707958143937744
2018-10-25,-0.0066604859413089855,0,0,-0.0,1.009752558036967,-0.05707958143937744
2018-10-26,-0.004329854961128249,0,0,0.0,1.009752558036967,-0.05707958143937744
2018-10-29,-0.004753829468375236,0,0,-0.0,1.009752558036967,-0.05707958143937744
2018-10-30,-0.0059025150076725255,0,0,-0.0,1.009752558036967,-0.05707958143937744
2018-10-31,-0.006018295627186526,0,0,-0.0,1.009752558036967,-0.05707958143937744
2018-11-01,-0.004993875118764884,0,0,0.0,1.009752558036967,-0.05707958143937744
2018-11-02,-0.006645818068518034,0,0,-0.0,1.009752558036967,-0.05707958143937744
2018-11-05,-0.0069915869401925125,0,0,0.0,1.009752558036967,-0.05707958143937744
2018-11-06,-0.007931572550060554,0,0,-0.0,1.009752558036967,-0.05707958143937744
2018-11-07,-0.008359172347749112,0,0,-0.0,1.009752558036967,-0.05707958143937744
2018-11-08,-0.010188015344107813,0,0,-0.0,1.009752558036967,-0.05707958143937744
2018-11-09,-0.008241542831097414,0,0,0.0,1.009752558036967,-0.05707958143937744
2018-11-12,-0.008772761542211549,0,0,0.0,1.009752558036967,-0.05707958143937744
2018-11-13,-0.007645944954572503,0,0,0.0,1.009752558036967,-0.05707958143937744
2018-11-14,-0.006983914780080036,0,0,0.0,1.009752558036967,-0.05707958143937744
2018-11-15,-0.009016230528446766,0,0,0.0,1.009752558036967,-0.05707958143937744
2018-11-16,-0.0059701030485574845,0,0,0.0,1.009752558036967,-0.05707958143937744
2018-11-19,-0.005340397173961564,0,0,0.0,1.009752558036967,-0.05707958143937744
2018-11-20,-0.004311619425267588,0,0,-0.0,1.009752558036967,-0.05707958143937744
2018-11-21,-0.004243041050412033,0,0,-0.0,1.009752558036967,-0.05707958143937744
2018-11-23,-0.003981539893027175,0,0,0.0,1.009752558036967,-0.05707958143937744
2018-11-26,-0.004701703807440449,0,0,-0.0,1.009752558036967,-0.05707958143937744
2018-11-27,-0.005186521050584303,0,0,0.0,1.009752558036967,-0.05707958143937744
2018-11-28,-0.003732390328524632,0,0,0.0,1.009752558036967,-0.05707958143937744
2018-11-29,-0.0031455595653836375,0,0,0.0,1.009752558036967,-0.05707958143937744
2018-11-30,-0.0025137519104503846,0,0,0.0,1.009752558036967,-0.05707958143937744
2018-12-03,-0.0003760594761222148,0,0,0.0,1.009752558036967,-0.05707958143937744
2018-12-04,0.0009560816752637201,0,0,0.0,1.009752558036967,-0.05707958143937744
2018-12-06,0.0030314721602391903,0,0,0.0,1.009752558036967,-0.05707958143937744
2018-12-07,0.004760692123944749,0,0,0.0,1.009752558036967,-0.05707958143937744
2018-12-10,0.004010103023054529,0,0,-0.0,1.009752558036967,-0.05707958143937744
2018-12-11,0.003187453093010333,0,0,-0.0,1.009752558036967,-0.05707958143937744
2018-12-12,0.0023582777418267643,0,0,-0.0,1.009752558036967,-0.05707958143937744
2018-12-13,0.0026174137910915446,0,0,0.0,1.009752558036967,-0.05707958143937744
2018-12-14,0.003786916793213157,0,0,0.0,1.009752558036967,-0.05707958143937744
2018-12-17,0.00508497781708443,0,0,0.0,1.009752558036967,-0.05707958143937744
2018-12-18,0.005517811491504171,1,0,0.0,1.009752558036967,-0.05707958143937744
2018-12-19,0.006859126966604722,1,1,0.001011633788568611,1.0107740578427709,-0.05612569128403025
2018-12-20,0.006590253999404127,1,1,-0.0006063668519454835,1.0101611579592886,-0.056698025377238524
2018-12-21,0.007012562909781106,1,1,0.00030336737789471435,1.0104676079010297,-0.05641185833063438
2018-12-24,0.008541419735172195,1,1,0.001819652244237746,1.0123063075514764,-0.054694856051009565
2018-12-26,0.007082787508621919,1,1,-0.0015136226034307976,1.0107740578427709,-0.05612569128403025
2018-12-27,0.009426201332989192,1,1,0.0023244062657907794,1.0131235073961193,-0.05393174392673193
2018-12-28,0.009982403648407311,1,1,0.0005041338979632215,1.0136342572990211,-0.05345479884905844
2018-12-31,0.013831256289959924,1,1,0.0023178474251737136,1.0159837068523696,-0.05126085149176012
2019-01-02,0.014334283352118804,1,1,0.000502714659159631,1.0164944567552716,-0.05078390641408642
2019-01-03,0.019328451993254954,1,1,0.004421666164204474,1.020989055900808,-0.046586789730559144
2019-01-04,0.014813994928724261,1,1,-0.004002001000500299,1.016903056677593,-0.05040235035194771
2019-01-07,0.013272521493429189,1,1,-0.001205424409844169,1.0156772569106287,-0.051547018538364055
2019-01-08,0.01152442815614556,1,1,-0.0017097455496328795,1.0139407072407625,-0.0531686318024541
2019-01-09,0.010893095831594079,1,1,0.00020149103364897059,1.0141450072019231,-0.05297785377138474
2019-01-10,0.0109951330185017,1,1,0.0,1.0141450072019231,-0.05297785377138474
2019-01-11,0.0130268800933786,1,1,0.001208702659145855,1.0153708069688876,-0.05183318558496819
2019-01-14,0.013750158291356628,1,1,-0.00010060362173047732,1.0152686569883071,-0.05192857460050297
2019-01-15,0.013814598821653689,1,1,0.0,1.0152686569883071,-0.05192857460050297
2019-01-16,0.012917376859779827,1,1,-0.0007042962068619651,1.0145536071242445,-0.05259629770924603
2019-01-17,0.012793813510722283,1,1,-0.0009061619009261834,1.0136342572990213,-0.05345479884905823
2019-01-18,0.010532918563410298,1,1,-0.00151163962511347,1.0121020075903158,-0.054885634082078916
2019-01-22,0.011909809473105748,1,1,0.0017157852240614613,1.0138385572601822,-0.053264020817988665
2019-01-23,0.01070712837623061,1,1,-0.0007052896725440183,1.0131235073961198,-0.053931743926731515
2019-01-24,0.012500841440447875,1,1,0.0015124016938898865,1.0146557571048254,-0.05250090869371083
2019-01-25,0.00991691222027471,1,1,-0.0014094432699084392,1.0132256573767,-0.05383635491119694
2019-01-28,0.009834883531317362,1,1,0.00030244984373428707,1.0135321073184411,-0.053550187864592806
2019-01-29,0.010973456350519094,1,1,0.0011086474501109667,1.0146557571048254,-0.05250090869371083
2019-01-30,0.013245116649996823,1,1,0.0013087687506292411,1.0159837068523703,-0.051260851491759504
2019-01-31,0.01549504667902568,1,1,0.002614116227629193,1.0186396063474599,-0.048780737087857046
2019-02-01,0.012931000792184521,1,1,-0.002306458082631413,1.0162901567941114,-0.05097468444515536
2019-02-04,0.01163855184858734,1,1,-0.0009046135289977331,1.0153708069688883,-0.05183318558496757
2019-02-05,0.013036047718278465,1,1,0.0006036217303821978,1.0159837068523705,-0.051260851491759296
2019-02-06,0.01360281376700396,1,1,0.0001005429318319262,1.016085856832951,-0.05116546247622451
2019-02-07,0.015011751776255354,1,1,0.0018095908314064157,1.0179245564833976,-0.04944846019659969
2019-02-08,0.015225184758265262,1,1,0.0006021073758153417,1.0185374563668799,-0.04887612610339141
2019-02-11,0.014150568545688125,1,1,-0.0012034901213517912,1.0173116565999156,-0.050020794289807755
2019-02-12,0.012176906146974897,1,1,-0.0006024701275229027,1.0166987567164334,-0.05059312838301603
2019-02-13,0.010597112241868122,1,1,-0.0011051944137445702,1.0155751069300494,-0.0516424075538978
2019-02-14,0.012315910612903535,1,1,0.0017099175216255258,1.0173116565999158,-0.050020794289807546
2019-02-15,0.011505472020288787,1,1,-0.0005020584396023819,1.016800906697014,-0.05049773936748104
2019-02-19,0.012465243084017585,1,1,0.0009041591320071429,1.0177202565222374,-0.04963923822766863
2019-02-20,0.01232281450766448,1,1,-0.00020074274816817006,1.0175159565610767,-0.04983001625873799
2019-02-21,0.011725478274289823,1,1,-0.0012046983234615949,1.0162901567941123,-0.05097468444515454
2019-02-22,0.013013587204422139,1,1,0.0014071766006633624,1.0177202565222374,-0.04963923822766863
2019-02-25,0.012350986078285853,1,1,-0.0007025996185887617,1.0170052066581747,-0.05030696133641169
2019-02-26,0.01316100784383566,1,1,0.0014061872237847162,1.0184353063863,-0.04897151511892558
2019-02-27,0.011459716705305423,1,1,-0.0016048144433299383,1.0168009066970143,-0.05049773936748084
2019-02-28,0.010897631664550378,1,1,-0.00040184850311442144,1.0163923067746927,-0.050879295429619754
2019-03-01,0.008340340009971896,1,1,-0.0016080402010050232,1.0147579070854067,-0.05240551967817522
2019-03-04,0.010311620846057874,1,1,0.0008053150795248598,1.0155751069300496,-0.05164240755389759
2019-03-05,0.010041490432289035,1,1,-0.00010058338362506358,1.0154729569494692,-0.05173779656943237
2019-03-06,0.011229460808540146,1,1,0.0013077155215774905,1.016800906697014,-0.05049773936748104
2019-03-07,0.012303700986012576,1,1,0.002109704641350074,1.0189460562892017,-0.04849457004125229
2019-03-08,0.012561133578822502,1,1,0.0004010025062657352,1.0193546562115232,-0.04811301397911337
2019-03-11,0.012780616222679795,1,1,-0.0006012626515683461,1.018741756328041,-0.048685348072321645
2019-03-12,0.014090424235093789,1,1,0.0011029780407099121,1.019865406114425,-0.04763606890143988
2019-03-13,0.014526129182090251,1,1,0.0,1.019865406114425,-0.04763606890143988
2019-03-14,0.013878102250685274,1,1,-0.0006009615384615641,1.0192525062309428,-0.04820840299464815
2019-03-15,0.014164131336769558,1,1,0.001102425335738566,1.0203761560173268,-0.047159123823766386
2019-03-18,0.013448533647823991,1,1,-0.0005005506056662279,1.019865406114425,-0.04763606890143988
2019-03-19,0.01263812604573401,1,1,-0.00040064102564107973,1.0194568061921034,-0.048017624963578795
2019-03-20,0.01630511268540986,1,1,0.002905811623246546,1.0224191556289342,-0.04525134351307221
2019-03-21,0.015442376659823263,1,1,-0.00019982016185438045,1.0222148556677733,-0.04544212154414177
2019-03-22,0.01790899213212592,1,1,0.0031977615669032122,1.025483655046345,-0.04238967304703104
2019-03-25,0.02047850586325137,1,1,0.0018926187867316369,1.027424504677372,-0.04057728175187165
2019-03-26,0.019775334842000992,1,1,0.00019884668920266968,1.027628804638533,-0.04038650372080208
2019-03-27,0.02120091095484178,1,1,0.0012922465208748957,1.0289567543860778,-0.039146446518850755
2019-03-28,0.020615977973202592,1,1,-0.0008934776134220668,1.0280374045608545,-0.040004947658663165
2019-03-29,0.01976567345427317,1,1,-0.0012917329093798946,1.0267094548133098,-0.04124500486061428
2019-04-01,0.01588446399006117,1,1,-0.002387822107253079,1.0242578552793808,-0.043534341233447384
2019-04-02,0.01840245358788458,1,1,0.00079784581629605,1.025075055124024,-0.04277122910916955
2019-04-03,0.017500361787352366,1,1,-0.001096163428002006,1.02395140533764,-0.04382050828005132
2019-04-04,0.01818313185976781,1,1,0.0001995211492418214,1.0241557052988006,-0.04362973024898196
2019-04-05,0.01740747743787472,1,1,9.974067424689537e-05,1.0242578552793808,-0.043534341233447384
2019-04-08,0.01685795924472535,1,1,-0.0005983843622220375,1.0236449553958986,-0.04410667532665566
2019-04-09,0.017411599982432035,1,1,0.0006985330805309165,1.0243600052599613,-0.0434389522179126
2019-04-10,0.01825030265813937,1,1,0.0008974870362983278,1.0252793550851846,-0.04258045107810019
2019-04-11,0.017272296464847525,1,1,-0.0011955763674404984,1.0240535553182202,-0.04372511926451674
2019-04-12,0.015084345756303918,1,1,-0.001995012468827939,1.0220105557066128,-0.04563289957521092
2019-04-15,0.01620194688928438,1,1,0.00019990004997505473,1.0222148556677737,-0.04544212154414135
2019-04-16,0.01542540423972837,1,1,-0.0011991605875886213,1.0209890559008092,-0.0465867897305579
2019-04-17,0.014037165398139517,1,1,0.0002001000500249095,1.02119335586197,-0.046396011699488544
2019-04-18,0.014981893518817846,1,1,0.0012003601080323723,1.0224191556289344,-0.045251343513072
2019-04-22,0.013423553832214573,1,1,-0.0006993705664902761,1.0217041057648717,-0.04591906662181505
2019-04-23,0.013816856316257092,1,1,0.000899820035992871,1.022623455590095,-0.04506056548200264
2019-04-24,0.01570520628944561,1,1,0.0016981320547397871,1.0243600052599613,-0.0434389522179126
2019-04-25,0.014839737142311413,1,1,-0.0004986039090546512,1.0238492553570595,-0.04391589729558609
2019-04-26,0.016333445791204607,1,1,0.0013967873890052829,1.0252793550851846,-0.04258045107810019
2019-04-29,0.014415229477122237,1,1,-0.0009963136395337857,1.0242578552793808,-0.043534341233447384
2019-04-30,0.017980456905290564,1,1,0.0010970379974069022,1.0253815050657649,-0.042485062062565616
2019-05-01,0.01747154817768443,1,1,-0.000597728631201444,1.0247686051822826,-0.04305739615577389
2019-05-02,0.015839878347767747,1,1,-0.0017942583732056816,1.022929905531836,-0.04477439843539872
2019-05-03,0.016374748654038818,1,1,0.0006990213700817094,1.0236449553958984,-0.04410667532665587
2019-05-06,0.01730402863183592,1,1,0.0011974852809102376,1.024870755162863,-0.04296200714023911
2019-05-07,0.018109591674929048,1,1,0.0014950662812718285,1.0264030048715687,-0.041531171907218424
2019-05-08,0.01705406795009894,1,1,-0.000995222929936368,1.0253815050657649,-0.042485062062565616
2019-05-09,0.017573135727718937,1,1,0.001195457262402888,1.0266073048327293,-0.041340393876149066
2019-05-10,0.01772734035057556,1,1,0.00019900497512437276,1.02681160479389,-0.041149615845079715
2019-05-13,0.0184727274084284,1,1,0.002089136490250665,1.0289567543860778,-0.039146446518850755
2019-05-14,0.01808752911190632,1,1,-0.00039710116152091857,1.0285481544637562,-0.03952800258098967
2019-05-15,0.01902558737984965,1,1,0.0014897209256132804,1.0300804041724618,-0.03809716734796899
2019-05-16,0.01829609678365175,1,1,-0.0011900039666798978,1.0288546044054974,-0.03924183553438553
2019-05-17,0.01921497786668609,1,1,0.00019857029388403724,1.029058904366658,-0.03905105750331618
2019-05-20,0.017778140366780548,1,1,-0.000794123486202114,1.0282417045220151,-0.03981416962759381
2019-05-21,0.017504048764553647,1,1,-0.0008940989469501393,1.0273223546967918,-0.04067267076740622
2019-05-22,0.01769440732761117,1,1,0.0012926319976136469,1.0286503044443367,-0.03943261356545489
2019-05-23,0.02176927413347065,1,1,0.003674280039721811,1.0324298537258103,-0.03590321999067067
2019-05-24,0.020326390167062024,1,1,-0.0014841199168892372,1.0308976040171047,-0.037334055223691355
2019-05-28,0.022671645487018232,1,1,0.0018826793499802097,1.0328384536481319,-0.03552166392853175
2019-05-29,0.023532895578593314,1,1,0.0011868262288596831,1.0340642534150963,-0.0343769957421152
2019-05-30,0.02338648488002182,1,1,0.0003951397806973844,1.0344728533374177,-0.033995439679976494
2019-05-31,0.026397981726437834,1,1,0.0038510911424902705,1.038456702580052,-0.030275268074122917
2019-06-03,0.02804219763656015,1,1,0.0030493802872320064,1.0416233519780436,-0.02731820859254676
2019-06-04,0.02632968846001499,1,1,-0.0013729528292635296,1.0401932522499184,-0.028653654810032667
2019-06-05,0.02738358564693831,1,1,0.0004910144358243329,1.0407040021528202,-0.028176709732359174
2019-06-06,0.026481413443942847,1,1,-0.0006870828425598052,1.0399889522887578,-0.02884443284110202
2019-06-07,0.027568361261876926,1,1,0.0012768883213829518,1.0413169020363027,-0.02760437563915069
2019-06-10,0.0251749659594963,1,1,-0.001961938395134366,1.0392739024246953,-0.02951215594984487
2019-06-11,0.023804339095941672,1,1,-0.00019657951641438576,1.0390696024635346,-0.029702933980914226
2019-06-12,0.024306531541278396,1,1,0.0009830908375934033,1.0400911022693384,-0.028749043825567033
2019-06-13,0.02589663483851148,1,1,0.0018660381064625753,1.0420319519003656,-0.026936652530407428
2019-06-14,0.024773086329902307,1,1,-0.0004901480247035961,1.0415212019974636,-0.02741359760808113
2019-06-17,0.024715026518520273,1,1,-9.807767752045837e-05,1.0414190520168833,-0.027508986623615703
2019-06-18,0.023418962549206793,1,1,0.0004904364884747991,1.0419298019197853,-0.027032041545942003
2019-06-19,0.025900827361888444,1,1,0.0023529411764704466,1.044381401453714,-0.024742705173109114
2019-06-20,0.025801919264944392,1,1,0.0010758998435054234,1.045505051240098,-0.023693426002227347
2019-06-21,0.022257978568335987,1,1,-0.002442598925256445,1.042951301725589,-0.02607815139059502
2019-06-24,0.02398077296243116,1,1,0.0018609206660138433,1.044892151356616,-0.024265760095435414
2019-06-25,0.02453189094228282,1,1,0.0006843288689020177,1.0456072012206785,-0.023598036986692564
2019-06-26,0.0211835317594221,1,1,-0.002442360296990964,1.0430534517061694,-0.025982762375060236
2019-06-27,0.023735293432131967,1,1,0.0015669376162961157,1.0446878513954552,-0.024456538126504977
2019-06-28,0.02442285248799727,1,1,0.00029334115576418185,1.0449943013371963,-0.02417037107990084
2019-07-01,0.023339441706220664,1,1,-0.0011730205278591699,1.0437685015702318,-0.02531503926631739
2019-07-02,0.02517248952032438,1,1,0.0016637306713640498,1.0455050512400978,-0.023693426002227555
2019-07-03,0.025569933018199462,1,1,0.00039081582804101345,1.0459136511624194,-0.023311869940088634
2019-07-05,0.021110690184353974,1,1,-0.003906631506983116,1.0418276519392045,-0.0271274305614772
2019-07-08,0.020985664572320706,1,1,0.0,1.0418276519392045,-0.0271274305614772
2019-07-09,0.020741164073532225,1,1,-0.0008824394548484493,1.040908302113981,-0.027985931701289612
2019-07-10,0.023122610617970572,1,1,0.0013738959764475478,1.0423384018421065,-0.0266504854838035
2019-07-11,0.021715875478593626,1,1,-0.0016660133281066747,1.0406018521722402,-0.02827209874789354
2019-07-12,0.022862105860742818,1,1,0.0004908216354175821,1.041112602075142,-0.02779515367022005
2019-07-15,0.022664653398279888,1,1,0.0003924646781789942,1.0415212019974636,-0.02741359760808113
2019-07-16,0.0212062683664065,1,1,-0.0011769321302470548,1.0402954022304993,-0.02855826579449747
2019-07-17,0.02280311695215692,1,1,0.001767478397486144,1.0421341018809458,-0.026841263514872857
2019-07-18,0.0241133895911333,1,1,0.0015683199372673595,1.0437685015702318,-0.02531503926631739
2019-07-19,0.022261274001926738,1,1,-0.0007829320806421736,1.0429513017255887,-0.026078151390595224
2019-07-22,0.02254321670391731,1,1,0.00019588638589618235,1.0431556016867494,-0.02588737335952587
2019-07-23,0.020487624584303386,1,1,-0.0009792401096749836,1.0421341018809456,-0.02684126351487306
2019-07-24,0.020187981234388447,1,1,0.0003920799843168954,1.0425427018032671,-0.026459707452734144
2019-07-25,0.019732486406423066,1,1,-0.0010777973740936364,1.0414190520168831,-0.02750898662361591
2019-07-26,0.019223661916757444,1,1,-0.00039234919077990593,1.0410104520945616,-0.02789054268575483
2019-07-29,0.020682012099281624,1,1,0.0009812579727210835,1.0420319519003653,-0.026936652530407636
2019-07-30,0.02028313900075347,1,1,-0.00039211841976283246,1.0416233519780438,-0.027318208592546554
2019-07-31,0.018123787990543323,1,1,-0.0005884083553986397,1.0410104520945616,-0.02789054268575483
2019-08-01,0.02361971957018245,1,1,0.006083799430870451,1.0473437508905445,-0.02197642372260273
2019-08-02,0.025514024183774152,1,1,0.0004876621476641585,1.0478545007934466,-0.02149947864492903
2019-08-05,0.02993060527949093,1,1,0.004776759602261649,1.0528598498418846,-0.016825416883728263
2019-08-06,0.030021735537384443,1,1,-0.000485107208693103,1.0523490999389828,-0.017302361961401756
2019-08-07,0.030032120683520635,1,1,0.0016501650165017256,1.0540856496088493,-0.015680748697311505
2019-08-08,0.029343359596301907,1,1,-0.0012598119972865307,1.0527576998613046,-0.01692080589926263
2019-08-09,0.02757432478041284,1,1,-0.000873277702309383,1.0518383500360813,-0.01777930703907504
2019-08-12,0.031020523471859573,1,1,0.0028163542779451323,1.0548006994729122,-0.015013025588568244
2019-08-13,0.02882859131901937,1,1,-0.0028084447026922588,1.0518383500360815,-0.017779307039074835
2019-08-14,0.031580207755289975,1,1,0.0031077012722153796,1.0551071494146536,-0.014726858541963898
2019-08-15,0.034072068958848366,1,1,0.00222674024590952,1.057456598968002,-0.012532911184665584
2019-08-16,0.033270209979749096,1,1,0.00019319938176209916,1.057660898929163,-0.01234213315359602
2019-08-19,0.030637451019555083,1,1,-0.0020282016611937737,1.0555157493369751,-0.01434530247982498
2019-08-20,0.03264593456082865,1,1,0.0011613277847672965,1.0567415491039396,-0.013200634293408432
2019-08-21,0.030956710905844752,1,1,-0.0013533107781537046,1.0553114493758144,-0.014536080510894335
2019-08-22,0.029707464025916407,1,1,-0.001064756557932478,1.0541877995894304,-0.015585359681776103
2019-08-23,0.03257222744687057,1,1,0.0028100775193797833,1.0571501490262611,-0.012819078231269513
2019-08-26,0.030103726808346692,1,1,-0.0006763938544785963,1.0564350991621987,-0.013486801340012362
2019-08-27,0.02965886298296756,1,1,0.0013537033455810477,1.0578651988903238,-0.012151355122526457
2019-08-28,0.030804057794913076,1,1,0.0006759366550790347,1.0585802487543863,-0.011483632013783608
2019-08-29,0.02851336826890833,1,1,-0.0015439544533435434,1.0569458490651005,-0.013009856262338868
2019-08-30,0.02891260460303002,1,1,0.0005798782255725943,1.0575587489485827,-0.012437522169130594
2019-09-03,0.030598299909681492,1,1,0.002607939727615083,1.0603167984242525,-0.009862018749693568
2019-09-04,0.032632340400931964,1,1,0.0008670520231213175,1.0612361482494759,-0.009003517609881157
2019-09-05,0.027581769004727197,1,1,-0.004331504475888037,1.0566393991233591,-0.013296023308943214
2019-09-06,0.02795196356400962,1,1,0.0003866976024748947,1.0570479990456807,-0.012914467246804295
2019-09-09,0.025315008846637656,1,1,-0.002222651720139246,1.054698549492332,-0.015108414604102817
2019-09-10,0.0208738340927338,1,1,-0.0031961259079903437,1.0513276001331797,-0.018256252116748327
2019-09-11,0.020314228144651558,1,1,-0.000874465604352892,1.0504082503079564,-0.019114753256560736
2019-09-12,0.016351581077632932,1,1,-0.0021394534668870424,1.0481609507351883,-0.02121331159832427
2019-09-13,0.010811807831868813,1,1,-0.003605886365851352,1.0443814014537145,-0.024742705173108698
2019-09-16,0.012179401606615653,1,1,0.0017605633802817433,1.0462201011041612,-0.023025702893483876
2019-09-17,0.013771029003178253,1,1,0.0009763718023823031,1.0472416009099648,-0.02207181273813689
2019-09-18,0.014028737683794267,1,1,0.0002926258291064965,1.0475480508517059,-0.021785645691532754
2019-09-19,0.014811488058343546,1,1,0.00019502681618721596,1.0477523508128666,-0.021594867660463396
2019-09-20,0.017689653411210482,1,1,0.0008774495466510324,1.04867170063809,-0.020736366520650987
2019-09-23,0.018316516202402166,1,1,0.001850769530489016,1.050612550269117,-0.01892397522549138
2019-09-24,0.021201462101831617,1,1,0.0025279533300923696,1.0532684497642066,-0.01644386082158893
2019-09-25,0.01789115198642241,1,1,-0.0033944331296672514,1.0496932004438937,-0.019782476365303794
2019-09-26,0.018166067662370076,1,1,0.0013623978201635634,1.051123300172019,-0.01844703014781768
2019-09-27,0.01936476823071282,1,1,0.0008746355685129714,1.0520426499972422,-0.017588529008005477
2019-09-30,0.019645929255709724,1,1,-0.0008738712496357826,1.051123300172019,-0.01844703014781768
2019-10-01,0.020817509179391135,1,1,0.0018464528668609148,1.053064149803046,-0.016634638852658284
2019-10-02,0.02392336604721757,1,1,0.002328062857697155,1.055515749336975,-0.014345302479825187
2019-10-03,0.02781565520587935,1,1,0.0030000967773153864,1.0586823987349663,-0.011388242998249242
2019-10-04,0.028822635863809076,1,1,0.0003859513701274242,1.0590909986572878,-0.011006686936110323
2019-10-07,0.027300268661641813,1,1,-0.0020254629629630205,1.0569458490651,-0.013009856262339284
2019-10-08,0.028267953400724265,1,1,0.0008698173383590024,1.0578651988903234,-0.012151355122526871
2019-10-09,0.026352627989945185,1,1,-0.0017381228273465332,1.0560264992398767,-0.013868357402151695
2019-10-10,0.023885103536292515,1,1,-0.002418262720061959,1.0534727497253673,-0.016253082790519572
2019-10-11,0.019608258040251646,1,1,-0.0034907398429167014,1.049795350424474,-0.01968708734976922
2019-10-14,0.019074392897824866,1,1,0.0,1.049795350424474,-0.01968708734976922
2019-10-15,0.018654506187732865,1,1,-0.000486523304466302,1.0492846005215721,-0.02016403242744271
2019-10-16,0.01972367288653571,1,1,0.0010708722741432641,1.0504082503079561,-0.019114753256560944
2019-10-17,0.019503024049716378,1,1,-0.0002917436545755159,1.050101800366215,-0.019400920303165082
2019-10-18,0.020342069319912337,1,1,0.0005836575875486361,1.0507147002496973,-0.018828586209956807
2019-10-21,0.018765438520143684,1,1,-0.0015555123468792287,1.0490803005604115,-0.020354810458512066
2019-10-22,0.019295512866377436,1,1,0.0004868549172345471,1.0495910504633132,-0.019877865380838574
2019-10-23,0.020038499280398758,1,1,0.00029197080291964994,1.0498975004050544,-0.019591698334234436
2019-10-24,0.01946140627114072,1,1,-0.00029188558085235794,1.0495910504633132,-0.019877865380838574
2019-10-25,0.015016757003269331,1,1,-0.0013625304136253291,1.0481609507351881,-0.02121331159832448
2019-10-28,0.013848542918500005,1,1,-0.0014618458239937793,1.0466287010264825,-0.022644146831345163
2019-10-29,0.011687650362376166,1,1,0.0004879953152450156,1.0471394509293845,-0.022167201753671463
2019-10-30,0.01196866606727423,1,1,0.0006828602087600721,1.047854500793447,-0.021499478644928616
2019-10-31,0.013898256497633637,1,1,0.0037044258139988795,1.051736200055501,-0.017874696054609614
2019-11-01,0.012770383422770338,1,1,-0.0013597513597514155,1.0503061003273757,-0.019210142272095727
2019-11-04,0.010928502325139821,1,1,-0.001750632172728972,1.048467400676929,-0.02092714455172055
2019-11-05,0.007799149802608857,1,1,-0.0024356975837880324,1.0459136511624196,-0.023311869940088426
2019-11-06,0.010636874362512743,1,1,0.001562652602793202,1.0475480508517054,-0.021785645691533167
2019-11-07,0.006311153175581123,1,1,-0.003803022915650933,1.043564201609071,-0.025505817297386952
2019-11-08,0.006492143270882583,1,1,0.0,1.043564201609071,-0.025505817297386952
2019-11-11,0.00588662412031034,1,1,0.0,1.043564201609071,-0.025505817297386952
2019-11-12,0.00582401562206855,1,1,0.0005873140172278912,1.0441771014925532,-0.024933483204178677
2019-11-13,0.007264756761860602,1,1,0.0014674232048523805,1.0457093512012587,-0.023502647971157992
2019-11-14,0.008835946901280206,1,1,0.0018560125036630737,1.0476502008322857,-0.021690256675998595
2019-11-15,0.007781101251827483,1,1,-0.0008775351014040922,1.0467308510070623,-0.022548757815811005
2019-11-18,0.007545519842183818,1,1,0.0008783058456134363,1.0476502008322857,-0.021690256675998595
2019-11-19,0.006371905469232641,1,1,0.0002925117004679567,1.0479566507740268,-0.021404089629394458
2019-11-20,0.005886764529016124,1,1,0.0013646554245052567,1.049386750502152,-0.020068643411908553
2019-11-21,0.00488863213948838,1,1,-0.0013627956779908024,1.0479566507740268,-0.021404089629394458
2019-11-22,0.0052378136170492355,0,1,-0.0003899015498587399,1.0475480508517052,-0.021785645691533375
2019-11-25,0.005985855980432824,1,0,0.0,1.0475480508517052,-0.021785645691533375
2019-11-26,0.005312294352661923,1,1,0.0007798030997172578,1.0483649320688622,-0.021022831105855698
2019-11-27,0.004057351739180271,1,1,-0.0013635920911658772,1.0469353899388374,-0.022357756630791738
2019-11-29,0.00487062647463794,0,1,0.0,1.0469353899388374,-0.022357756630791738
2019-12-02,0.003115063278096525,0,0,-0.0,1.0469353899388374,-0.022357756630791738
2019-12-03,0.007647130860276413,0,0,0.0,1.0469353899388374,-0.022357756630791738
2019-12-04,0.006945675784484068,1,0,-0.0,1.0469353899388374,-0.022357756630791738
2019-12-05,0.0066112520187997905,1,1,-0.0003899015498587399,1.0465271882076983,-0.02273894085668874
2019-12-06,0.005708859953964418,1,1,-0.0017552413456849436,1.0446902804175728,-0.02445426987322485
2019-12-09,0.006579455791801048,1,1,0.0001953697372276686,1.0448943812831424,-0.024263677760276346
2019-12-10,0.0047359001708239925,1,1,-0.0004883289383728062,1.0443841291192186,-0.0247401580426475
2019-12-11,0.006460444560840012,0,1,0.001367989056087593,1.0458128351782052,-0.02340601325200819
2019-12-12,0.0017922490051042851,1,0,-0.0,1.0458128351782052,-0.02340601325200819
2019-12-13,0.003973063854486608,0,1,0.0028392402584689336,1.0487821490826668,-0.02063322828865458
2019-12-16,0.0017216579020716328,0,0,-0.0,1.0487821490826668,-0.02063322828865458
2019-12-17,0.001308766186964855,0,0,0.0,1.0487821490826668,-0.02063322828865458
2019-12-18,-0.0003118005235668124,0,0,-0.0,1.0487821490826668,-0.02063322828865458
2019-12-19,0.0019281800746058174,0,0,0.0,1.0487821490826668,-0.02063322828865458
2019-12-20,0.0006538152886934883,0,0,-0.0,1.0487821490826668,-0.02063322828865458
2019-12-23,-0.000511314569904742,0,0,-0.0,1.0487821490826668,-0.02063322828865458
2019-12-24,0.0017987425097172492,0,0,0.0,1.0487821490826668,-0.02063322828865458
2019-12-26,0.0013512005729067298,0,0,0.0,1.0487821490826668,-0.02063322828865458
2019-12-27,0.0025280251078251157,0,0,0.0,1.0487821490826668,-0.02063322828865458
2019-12-30,0.0010196624560945278,0,0,-0.0,1.0487821490826668,-0.02063322828865458
2019-12-31,0.0009215373247714329,0,0,-0.0,1.0487821490826668,-0.02063322828865458
2020-01-02,0.0015323854355678958,0,0,0.0,1.0487821490826668,-0.02063322828865458
2020-01-03,0.004030037632392363,0,0,0.0,1.0487821490826668,-0.02063322828865458
2020-01-06,0.004334977181709193,0,0,-0.0,1.0487821490826668,-0.02063322828865458
2020-01-07,0.0042902193552967925,0,0,-0.0,1.0487821490826668,-0.02063322828865458
2020-01-08,0.0035777884677070217,0,0,-0.0,1.0487821490826668,-0.02063322828865458
2020-01-09,0.004271302032322327,0,0,0.0,1.0487821490826668,-0.02063322828865458
2020-01-10,0.00468253260080963,0,0,0.0,1.0487821490826668,-0.02063322828865458
2020-01-13,0.004263413742553862,0,0,-0.0,1.0487821490826668,-0.02063322828865458
2020-01-14,0.004183574297244663,0,0,0.0,1.0487821490826668,-0.02063322828865458
2020-01-15,0.005936006304093888,0,0,0.0,1.0487821490826668,-0.02063322828865458
2020-01-16,0.006124373109710424,1,0,-0.0,1.0487821490826668,-0.02063322828865458
2020-01-17,0.005143219183919167,1,1,-0.0004879476920074399,1.0482703982536032,-0.02111110804453993
2020-01-21,0.007136206303031262,1,1,0.00205038078500297,1.05041975173567,-0.01910401306982153
2020-01-22,0.007225055930207003,1,1,0.0,1.05041975173567,-0.01910401306982153
2020-01-23,0.006379600536896313,1,1,0.0007794991717822164,1.0512385530621715,-0.018339405460405002
2020-01-24,0.008637254951304107,1,1,0.00184986856197078,1.053183206212613,-0.016523462388040575
2020-01-27,0.009194119972148418,1,1,0.0023323615160348865,1.0556396101921175,-0.014229639559791209
2020-01-28,0.00789994469692774,1,1,-0.0011634671320535084,1.0544114082023652,-0.015376550973915892
2020-01-29,0.0074351580378918865,1,1,0.0016501650165017256,1.056151361021181,-0.013751759803905854
2020-01-30,0.00993378566168137,1,1,0.001356720612462503,1.0575842633425587,-0.012413696487426988
2020-01-31,0.012109716668968727,1,1,0.001451659730959065,1.059119515829749,-0.010980057219771133
2020-02-03,0.011097134836936872,1,1,-0.0004831851565519907,1.0586077650006855,-0.011457936975656486
2020-02-04,0.008918587212592132,1,1,-0.0029005124238616897,1.0555372600263047,-0.014325215510968404
2020-02-05,0.007632227743701042,1,1,-0.0013575099389120382,1.054104357704927,-0.01566327882744727
2020-02-06,0.00710380908942051,1,1,-9.709680551506228e-05,1.0540020075391143,-0.015758854778624258
2020-02-07,0.008910471078366084,1,1,0.0021363371528451136,1.0562537111869934,-0.013656183852729074
2020-02-10,0.010634220398587779,1,1,0.0010658914728682856,1.057379563010933,-0.012604848389781377
2020-02-11,0.008312005173130698,1,1,-0.0015487368115381095,1.0557419603579299,-0.014134063608614427
2020-02-12,0.0070910319105776665,1,1,-0.0011633543383422484,1.0545137583681776,-0.015280975022739111
2020-02-13,0.007612076448959903,1,1,9.705910899748815e-05,1.0546161085339905,-0.015185399071561917
2020-02-14,0.00740462120662953,1,1,0.0009704968944099779,1.0556396101921175,-0.014229639559791209
2020-02-18,0.008189636126641735,1,1,0.0007756447547022649,1.0564584115186189,-0.01346503195037489
2020-02-19,0.006015578894512419,1,1,-0.0005812826971517415,1.0558443105237427,-0.014038487657437232
2020-02-20,0.007660584424592269,1,1,0.0014540519581234257,1.0573795630109333,-0.012604848389781171
2020-02-21,0.01007024240100347,1,1,0.0017423289129803177,1.0592218659955617,-0.010884481268594145
2020-02-24,0.01278995569557324,1,1,0.003478596965890368,1.0629064719648185,-0.0074437470262200935
2020-02-25,0.013293299883921639,1,1,0.0020221473278767554,1.065055825446885,-0.005436652051501897
2020-02-26,0.014815617965146233,1,1,0.0010570824524311906,1.0661816772708244,-0.0043853165885544085
2020-02-27,0.016700220418827304,1,1,0.0007679754247864601,1.067000478597326,-0.0036207089791378834
2020-02-28,0.024106941128338777,1,1,0.007098321342925651,1.0745743908674652,0.0
2020-03-02,0.025446446308695164,1,1,0.0021906848271264767,1.0769284446811573,0.0
2020-03-03,0.030006631447411333,1,1,0.0028511689792813932,1.079998949655538,0.0
2020-03-04,0.033282700748644534,1,1,0.0022744503411675776,1.0824553536350427,0.0
2020-03-05,0.036544681413109126,1,1,0.0020801815431163995,1.0847070572829218,0.0
2020-03-06,0.04239276777905011,1,1,0.0047178712964710545,1.0898245655735566,0.0
2020-03-09,0.04724122080824485,1,1,0.005447032306536315,1.0957608751906927,0.0
2020-03-10,0.03809848360367894,1,1,-0.007565850924715178,1.0874705117598644,-0.007565850924715191
2020-03-11,0.03723285141814733,1,1,-0.0022588235294117576,1.08501410778036,-0.00980758453203809
2020-03-12,0.036517750025364434,1,1,0.0,1.08501410778036,-0.00980758453203809
2020-03-13,0.03483524487018182,1,1,-0.0024525988114328934,1.08235300346923,-0.012236129273304633
2020-03-16,0.041803688726941984,1,1,0.007754137115839166,1.0907457170658708,-0.004576872781617722
2020-03-17,0.03429267183095277,1,1,-0.00666228769822641,1.0834788552931696,-0.011208668036614904
2020-03-18,0.028123962526906618,1,1,-0.006990364632533441,1.0759049430230303,-0.018120679992527446
2020-03-19,0.03311185718618713,1,1,0.005422374429223664,1.0817389024743538,-0.012796562675135358
2020-03-20,0.03818661148804344,1,1,0.005109281862049508,1.0872658114282394,-0.007752662058658428
2020-03-23,0.0433969732937405,1,1,0.005648121999435096,1.093406821377001,-0.002148328040350977
2020-03-24,0.03914101874011304,1,1,-0.002901806608630597,1.0902339662368075,-0.005043900616476524
2020-03-25,0.037794931483909375,1,1,0.0,1.0902339662368075,-0.005043900616476524
2020-03-26,0.03948325522096288,1,1,0.0024408561772437665,1.0928950705479374,-0.002615355875209982
2020-03-27,0.04039856228502095,1,1,0.001779359430605032,1.0948397236983787,-0.0008406501027458847
2020-03-30,0.04265965393404253,1,1,0.001776198934280604,1.09678437684882,0.0
2020-03-31,0.04064770399928786,1,1,-0.00018663680477781774,1.0965796765171947,-0.00018663680477775912
2020-04-01,0.04164371111371252,1,1,0.0005600149337314786,1.0971937775120708,0.0
2020-04-02,0.042135745427607646,1,1,-0.0002798507462686839,1.0968867270146327,-0.0002798507462686445
2020-04-03,0.0437094068408746,1,1,0.0005598581692638493,1.0975008280095089,0.0
2020-04-06,0.03946156830846401,1,1,-0.002890982001305664,1.0943279728693154,-0.0028909820013056134
2020-04-07,0.039442874044968886,1,1,-0.001122334455667784,1.0930997708795631,-0.004010071808262573
2020-04-08,0.039226921100202636,1,1,-0.0001872659176029856,1.0928950705479377,-0.0041965867760888
2020-04-09,0.04134809065400981,1,1,0.0020603109196477565,1.0951467741958167,-0.002144922130001109
2020-04-13,0.04003860782493246,1,1,-0.0009345794392522366,1.09412327253769,-0.003077496969131841
2020-04-14,0.040136847046206243,1,1,0.00037418147801671076,1.0945326732009406,-0.0027044670334795884
2020-04-15,0.04435631985332235,1,1,0.0028053113895643023,1.0976031781753215,0.0
2020-04-16,0.04455471408474671,1,1,9.324878776584278e-05,1.0977055283411343,0.0
2020-04-17,0.04247626143112579,1,1,-0.0011188811188811432,1.096477326351382,-0.00111888111888107
2020-04-20,0.042163775909191535,1,1,0.00046672267338765394,1.0969890771804458,-0.0006526806526803544
2020-04-21,0.04220842750261818,1,1,0.0008397089009142267,1.09791022867276,0.0
2020-04-22,0.04026260498421691,1,1,-0.0011186725086229643,1.0966820266830077,-0.0011186725086230515
2020-04-23,0.04011338117063047,1,1,-0.0002799813345777391,1.0963749761855697,-0.0013983406357788142
2020-04-24,0.037851750942433246,1,1,0.0003734129947721154,1.0967843768488204,-0.0010254497995711978
2020-04-27,0.0358115064549577,1,1,-0.0017730496453900457,1.0948397236983791,-0.002796681271557831
2020-04-28,0.03677699759439327,1,1,0.0013087781621015093,1.0962726260197568,-0.00149156334483087
2020-04-29,0.037964819528632475,1,1,-9.33619643357364e-05,1.0961702758539442,-0.0015847860538827235
2020-04-30,0.03775059481852405,1,1,-0.0005602240896357413,1.095556174859068,-0.0021441223081942492
2020-05-01,0.03883622307358437,1,1,-0.0009342301943199294,1.094532673200941,-0.0030763493987135937
2020-05-04,0.039513276345008085,1,1,0.0005610622779128605,1.0951467741958172,-0.002517013144402068
2020-05-05,0.03848047447767168,1,1,-0.00046728971962617383,1.0946350233667537,-0.00298312668966174
2020-05-06,0.03668853981719957,1,1,-0.0007480130902290938,1.093816222040252,-0.003728908362077175
2020-05-07,0.0399858109188677,1,1,0.0029007205015438853,1.0969890771804456,-0.0008390043814674908
2020-05-08,0.03757037953471487,1,1,-0.0014928158238478595,1.0953514745274424,-0.002330567726298361
2020-05-11,0.03625643745192057,1,1,-0.0014950476546439218,1.0937138718744395,-0.0038221310711290288
2020-05-12,0.03672527935442431,1,1,0.0012165450121655041,1.0950444240300046,-0.0026102358534539215
2020-05-13,0.03618025450133122,1,1,0.0008412001121600454,1.0959655755223188,-0.001771231471986633
2020-05-14,0.03597945004063553,1,1,0.0005603287261859435,1.096579676517195,-0.0012118952176751073
2020-05-15,0.035850692112593084,1,1,-0.00046667911144293583,1.0960679256881314,-0.0016780087629347793
2020-05-18,0.03241143836271845,1,1,-0.0027080026146232283,1.0930997708795633,-0.004381467325440555
2020-05-19,0.031965288414174134,1,1,0.0009363295880151501,1.0941232725376904,-0.00344924023492121
2020-05-20,0.03169210474866361,1,1,0.0007483629560336436,1.094942073864192,-0.002703458562505775
2020-05-21,0.03206502522482863,1,1,-9.347541596560482e-05,1.0948397236983793,-0.0027966812715576285
2020-05-22,0.03176431693305206,1,1,0.0,1.0948397236983793,-0.0027966812715576285
2020-05-26,0.029037498320009705,1,1,-0.0007478732354865292,1.0940209223718778,-0.0035424629439730635
2020-05-27,0.026590270712537434,1,1,0.00037421648423618947,1.0944303230351287,-0.003169572107765245
2020-05-28,0.02607693195618874,1,1,-0.00046759562330511706,1.093918572206065,-0.0036356856530251193
2020-05-29,0.026953253274679144,1,1,0.0014034431137726067,1.0954538246932555,-0.002237345017246103
2020-06-01,0.02759496600662153,1,1,0.0006540222367559245,1.0961702758539442,-0.0015847860538827235
2020-06-02,0.024738413392411614,1,1,-0.0006535947712417167,1.0954538246932555,-0.002237345017246103
2020-06-03,0.02052330273706938,1,1,-0.0023357937027002063,1.092895070547938,-0.004567912743544261
2020-06-04,0.022126929690727673,1,1,-0.0010301554598238782,1.0917692187239985,-0.005593362543115459
2020-06-05,0.020916527820892993,1,1,-0.002437423830505381,1.0891081144128683,-0.008017152978465674
2020-06-08,0.02047939497884819,1,1,0.0004698806503147246,1.0896198652419316,-0.007551039433206203
2020-06-09,0.024400808246442973,1,1,0.0015968438850273436,1.0913598180607476,-0.005966253379323278
2020-06-10,0.023641153979593075,1,1,0.0024383381787489444,1.0940209223718775,-0.003542462943973266
2020-06-11,0.027742259025345724,1,1,0.0015904200580034722,1.0957608751906933,-0.0019576768900905423
2020-06-12,0.028868229043684416,1,1,-0.001214272370633207,1.0944303230351284,-0.003169572107765447
2020-06-15,0.02670858674617039,1,1,-0.00018703824932209123,1.094225622703503,-0.0033560175258693565
2020-06-16,0.024486109316341133,1,1,-0.001028902815452204,1.0930997708795633,-0.004381467325440555
2020-06-17,0.023235161035997133,1,1,0.0005617977528089568,1.0937138718744395,-0.0038221310711290288
2020-06-18,0.02460944900142593,1,1,0.0005614823133071045,1.0943279728693156,-0.003262794816817503
2020-06-19,0.024130026176609826,1,1,-9.352787130567641e-05,1.094225622703503,-0.0033560175258693565
2020-06-22,0.022711695632118698,1,1,-0.0003741464783462156,1.0938162220402523,-0.003728908362076973
2020-06-23,0.022881175436873517,1,1,9.35716290819677e-05,1.093918572206065,-0.0036356856530251193
2020-06-24,0.022427123658297136,1,1,0.00046781437125753556,1.0944303230351284,-0.003169572107765447
2020-06-25,0.021562326567715583,1,1,9.35191246609346e-05,1.094532673200941,-0.0030763493987135937
2020-06-26,0.02261748348670523,1,1,0.0009351037965215081,1.095556174859068,-0.0021441223081942492
2020-06-29,0.0227326434724028,1,1,0.0002802690582959233,1.0958632253565062,-0.0018644541810384865
2020-06-30,0.020667380536707212,1,1,-0.0022415242364807186,1.0934068213770016,-0.004101799198284589
2020-07-01,0.021147983683301765,1,1,-0.0008424599831508006,1.0924856698846874,-0.004940803579751878
2020-07-02,0.021797837392463937,1,1,0.0003747423646243142,1.092895070547938,-0.004567912743544261
2020-07-06,0.022154670075680435,1,1,-0.0004682524817380962,1.0923833197188748,-0.005034026288803731
2020-07-07,0.021496535337753662,1,1,0.000468471844842,1.092895070547938,-0.004567912743544261
2020-07-08,0.021528150753751578,1,1,9.365049634757483e-05,1.0929974207137507,-0.004474690034492408
2020-07-09,0.022263455482544336,1,1,0.0009364172675343507,1.0940209223718775,-0.003542462943973266
2020-07-10,0.020019843073550894,1,1,-0.001029095331649299,1.0928950705479379,-0.004567912743544463
2020-07-13,0.019388699548067587,1,1,-9.365049634768585e-05,1.092792720382125,-0.00466113545259652
2020-07-14,0.020472619562560294,1,1,0.0005619556055072028,1.0934068213770012,-0.004101799198284994
2020-07-15,0.01903875483044158,1,1,-0.00018721332958904213,1.0932021210453757,-0.004288244616388903
2020-07-16,0.018294870463148764,1,1,0.00037449676996526016,1.0936115217086264,-0.003915353780181287
2020-07-17,0.01653675401540484,1,1,-0.00046794571829666953,1.093099770879563,-0.004381467325440959
2020-07-20,0.017050822039431243,1,1,-9.363295880138178e-05,1.0929974207137503,-0.004474690034492812
2020-07-21,0.016598548929756624,1,1,0.0004682086337672864,1.0935091715428138,-0.00400857648923314
2020-07-22,0.016909252093869676,1,1,0.0,1.0935091715428138,-0.00400857648923314
2020-07-23,0.01608865270685441,1,1,9.359790340690566e-05,1.0936115217086264,-0.003915353780181287
2020-07-24,0.015559587243044926,1,1,-0.00028076743097804613,1.0933044712111883,-0.004195021907337049
2020-07-27,0.01662772257290117,1,1,-0.00046807713911245497,1.092792720382125,-0.00466113545259652
2020-07-28,0.01768492110891166,1,1,0.0007492741406762704,1.0936115217086266,-0.0039153537801810846
2020-07-29,0.017801307025574087,1,1,0.0002807674309779351,1.0939185722060647,-0.003635685653025322
2020-07-30,0.01814361321798644,1,1,0.0008420658682635196,1.094839723698379,-0.002796681271558033
2020-07-31,0.017611670116595778,1,1,-0.0006543890810506436,1.0941232725376902,-0.0034492402349214123
2020-08-03,0.016575473510615578,1,1,-0.000467726847521166,1.0936115217086266,-0.0039153537801810846
2020-08-04,0.01870669555503795,1,1,0.0010294805802526508,1.0947373735325663,-0.0028899039806098864
2020-08-05,0.018584238071174795,1,1,-0.0007479431563200967,1.0939185722060647,-0.003635685653025322
2020-08-06,0.01742147581612579,1,1,0.00018712574850310304,1.0941232725376902,-0.0034492402349214123
2020-08-07,0.016154351861244663,1,1,-0.000935453695042221,1.0930997708795631,-0.004381467325440757
2020-08-10,0.015783872655629264,1,1,-0.0001872659176029856,1.0928950705479377,-0.004567912743544666
2020-08-11,0.01285507484484068,1,1,-0.002341262408690814,1.0903363164026203,-0.006898480469842825
2020-08-12,0.013248938318934055,1,1,-0.00018774054257009176,1.090131616070995,-0.007084925887946532
2020-08-13,0.010768481248740941,1,1,-0.000751103182799695,1.0893128147444935,-0.007830707560361966
2020-08-14,0.009927109272017946,1,1,0.0004697923517804625,1.089824565573557,-0.007364594015102295
2020-08-17,0.00984140850089793,1,1,0.00037565740045075735,1.0902339662368077,-0.006991703178894678
2020-08-18,0.010545148821945887,1,1,0.00037551633496057946,1.0906433669000584,-0.006618812342687062
2020-08-19,0.008130185656686306,1,1,-9.384384384392153e-05,1.0905410167342455,-0.006712035051739117
2020-08-20,0.008120666513561452,1,1,0.0005631159080243808,1.0911551177291217,-0.006152698797427592
2020-08-21,0.007530735619139094,1,1,-0.0002813994934809383,1.0908480672316836,-0.0064323669245833544
2020-08-24,0.00616211300873245,1,1,-0.00028147870144490383,1.0905410167342455,-0.006712035051739117
2020-08-25,0.004763034754461814,1,1,-0.0006569685593617036,1.0898245655735568,-0.007364594015102497
2020-08-26,0.0037664419533898538,0,1,-9.391435011274485e-05,1.089722215407744,-0.007457816724154552
2020-08-27,0.001249878651872799,0,0,-0.0,1.089722215407744,-0.007457816724154552
2020-08-28,0.005244468881076114,0,0,0.0,1.089722215407744,-0.007457816724154552
2020-08-31,0.006727259235764859,1,0,-0.0,1.089722215407744,-0.007457816724154552
2020-09-01,0.006851470257080627,1,1,0.0004697040864254376,1.0902340623853894,-0.00699161560472035
2020-09-02,0.0072275723635186855,1,1,9.389671361503815e-05,1.0903364317809185,-0.006898375380833509
2020-09-03,0.004102925741833269,1,1,0.000751103182799806,1.0911553869451518,-0.006152453589738379
2020-09-04,0.0029085912934752765,0,1,-0.002720705507083254,1.0881866744748065,-0.008856420082457971
2020-09-08,0.0074012316187807735,0,0,0.0,1.0881866744748065,-0.008856420082457971
2020-09-09,0.0053170469491634785,1,0,-0.0,1.0881866744748065,-0.008856420082457971
2020-09-10,0.004249563817865232,1,1,0.00047005734699623325,1.0886981846160468,-0.008390525760789573
2020-09-11,0.0027094539780321944,0,1,0.0003758691975190853,1.089107392729039,-0.008017810303455018
2020-09-14,0.00298390332582844,0,0,-0.0,1.089107392729039,-0.008017810303455018
2020-09-15,0.002317886168018179,0,0,-0.0,1.089107392729039,-0.008017810303455018
2020-09-16,0.0008904890589128134,0,0,-0.0,1.089107392729039,-0.008017810303455018
2020-09-17,0.00038116350158993225,0,0,0.0,1.089107392729039,-0.008017810303455018
2020-09-18,-0.00064075099096636,0,0,-0.0,1.089107392729039,-0.008017810303455018
2020-09-21,-0.0003245174459471133,0,0,0.0,1.089107392729039,-0.008017810303455018
2020-09-22,-0.00025208799688037926,0,0,0.0,1.089107392729039,-0.008017810303455018
2020-09-23,-0.00024937481420211904,0,0,-0.0,1.089107392729039,-0.008017810303455018
2020-09-24,0.0010817092434164902,0,0,0.0,1.089107392729039,-0.008017810303455018
2020-09-25,0.0026318086354032042,0,0,0.0,1.089107392729039,-0.008017810303455018
2020-09-28,0.0027187994216679723,0,0,-0.0,1.089107392729039,-0.008017810303455018
2020-09-29,0.003374941107293167,0,0,0.0,1.089107392729039,-0.008017810303455018
2020-09-30,0.0002089545787853529,0,0,-0.0,1.089107392729039,-0.008017810303455018
2020-10-01,0.00020855610085163123,0,0,-0.0,1.089107392729039,-0.008017810303455018
2020-10-02,-0.0005888603858714755,0,0,-0.0,1.089107392729039,-0.008017810303455018
2020-10-05,-0.002564833477945539,0,0,-0.0,1.089107392729039,-0.008017810303455018
2020-10-06,-0.0024819666888221794,0,0,0.0,1.089107392729039,-0.008017810303455018
2020-10-07,-0.003317886230949851,0,0,-0.0,1.089107392729039,-0.008017810303455018
2020-10-08,-0.0024263254451871216,0,0,0.0,1.089107392729039,-0.008017810303455018
2020-10-09,-0.0032406712086826706,0,0,-0.0,1.089107392729039,-0.008017810303455018
2020-10-12,-0.002738838590562536,0,0,0.0,1.089107392729039,-0.008017810303455018
2020-10-13,-0.0014489498669210564,0,0,0.0,1.089107392729039,-0.008017810303455018
2020-10-14,-0.0022851106130118816,0,0,0.0,1.089107392729039,-0.008017810303455018
2020-10-15,-0.0018643433454161584,0,0,-0.0,1.089107392729039,-0.008017810303455018
2020-10-16,-0.002385333152915431,0,0,-0.0,1.089107392729039,-0.008017810303455018
2020-10-19,-0.0024045761495021566,0,0,-0.0,1.089107392729039,-0.008017810303455018
2020-10-20,-0.0029916217492515504,0,0,-0.0,1.089107392729039,-0.008017810303455018
2020-10-21,-0.0027379985982692086,0,0,-0.0,1.089107392729039,-0.008017810303455018
2020-10-22,-0.0038113583268280064,0,0,-0.0,1.089107392729039,-0.008017810303455018
2020-10-23,-0.0038607353911860555,0,0,0.0,1.089107392729039,-0.008017810303455018
2020-10-26,-0.002792506749232859,0,0,0.0,1.089107392729039,-0.008017810303455018
2020-10-27,-0.0033791086620583,0,0,0.0,1.089107392729039,-0.008017810303455018
2020-10-28,-0.003263443441907805,0,0,-0.0,1.089107392729039,-0.008017810303455018
2020-10-29,-0.003547249048202322,0,0,-0.0,1.089107392729039,-0.008017810303455018
2020-10-30,-0.00466343873339488,0,0,-0.0,1.089107392729039,-0.008017810303455018
2020-11-02,-0.0042331728780321985,0,0,0.0,1.089107392729039,-0.008017810303455018
2020-11-03,-0.0054624024209058205,0,0,-0.0,1.089107392729039,-0.008017810303455018
2020-11-04,-0.0014684072611782723,0,0,0.0,1.089107392729039,-0.008017810303455018
2020-11-05,-0.0009082947956866368,0,0,-0.0,1.089107392729039,-0.008017810303455018
2020-11-06,-0.001985329330642099,0,0,-0.0,1.089107392729039,-0.008017810303455018
2020-11-09,-0.005736035372810489,0,0,-0.0,1.089107392729039,-0.008017810303455018
2020-11-10,-0.0063727354541273365,0,0,-0.0,1.089107392729039,-0.008017810303455018
2020-11-11,-0.0065026244259005035,0,0,0.0,1.089107392729039,-0.008017810303455018
2020-11-12,-0.0036950657148078717,0,0,0.0,1.089107392729039,-0.008017810303455018
2020-11-13,-0.004907524087171921,0,0,-0.0,1.089107392729039,-0.008017810303455018
2020-11-16,-0.004485969977108527,0,0,-0.0,1.089107392729039,-0.008017810303455018
2020-11-17,-0.003864455057155003,0,0,0.0,1.089107392729039,-0.008017810303455018
2020-11-18,-0.003991763205512966,0,0,-0.0,1.089107392729039,-0.008017810303455018
2020-11-19,-0.0031785269859623093,0,0,0.0,1.089107392729039,-0.008017810303455018
2020-11-20,-0.0015717159642937798,0,0,0.0,1.089107392729039,-0.008017810303455018
2020-11-23,-0.0025459483565621385,0,0,-0.0,1.089107392729039,-0.008017810303455018
2020-11-24,-0.0014889977344796305,0,0,-0.0,1.089107392729039,-0.008017810303455018
2020-11-25,-0.0020503800415245625,0,0,0.0,1.089107392729039,-0.008017810303455018
2020-11-27,-0.001347948527173493,0,0,0.0,1.089107392729039,-0.008017810303455018
2020-11-30,-0.004301111141784807,0,0,-0.0,1.089107392729039,-0.008017810303455018
2020-12-01,-0.006363476303737048,0,0,-0.0,1.089107392729039,-0.008017810303455018
2020-12-02,-0.006266853643165303,0,0,0.0,1.089107392729039,-0.008017810303455018
2020-12-03,-0.005651186837971528,0,0,0.0,1.089107392729039,-0.008017810303455018
2020-12-04,-0.006226898910912949,0,0,-0.0,1.089107392729039,-0.008017810303455018
2020-12-07,-0.005397251014892327,0,0,0.0,1.089107392729039,-0.008017810303455018
2020-12-08,-0.004900073628233553,0,0,0.0,1.089107392729039,-0.008017810303455018
2020-12-09,-0.005572954121626528,0,0,-0.0,1.089107392729039,-0.008017810303455018
2020-12-10,-0.004513015068990122,0,0,0.0,1.089107392729039,-0.008017810303455018
2020-12-11,-0.004153949356773422,0,0,0.0,1.089107392729039,-0.008017810303455018
2020-12-14,-0.004185328081987327,0,0,0.0,1.089107392729039,-0.008017810303455018
2020-12-15,-0.005308716212027864,0,0,-0.0,1.089107392729039,-0.008017810303455018
2020-12-16,-0.005720793466321888,0,0,0.0,1.089107392729039,-0.008017810303455018
2020-12-17,-0.005916283667100657,0,0,-0.0,1.089107392729039,-0.008017810303455018
2020-12-18,-0.005321882559694617,0,0,-0.0,1.089107392729039,-0.008017810303455018
2020-12-21,-0.005086087985519698,0,0,0.0,1.089107392729039,-0.008017810303455018
2020-12-22,-0.004716456199586877,0,0,0.0,1.089107392729039,-0.008017810303455018
2020-12-23,-0.005263765075794917,0,0,-0.0,1.089107392729039,-0.008017810303455018
2020-12-24,-0.004508742985535463,0,0,0.0,1.089107392729039,-0.008017810303455018
2020-12-28,-0.00472431973072045,0,0,0.0,1.089107392729039,-0.008017810303455018
2020-12-29,-0.0045099112043867785,0,0,0.0,1.089107392729039,-0.008017810303455018
2020-12-30,-0.0030109471427775198,0,0,0.0,1.089107392729039,-0.008017810303455018
2020-12-31,-0.003771186764959222,0,0,-0.0,1.089107392729039,-0.008017810303455018
2021-01-04,-0.0035905736251416734,0,0,0.0,1.089107392729039,-0.008017810303455018
2021-01-05,-0.004745250054840977,0,0,-0.0,1.089107392729039,-0.008017810303455018
2021-01-06,-0.007213926933603458,0,0,-0.0,1.089107392729039,-0.008017810303455018
2021-01-07,-0.008194195517217992,0,0,-0.0,1.089107392729039,-0.008017810303455018
2021-01-08,-0.009255752846222603,0,0,-0.0,1.089107392729039,-0.008017810303455018
2021-01-11,-0.010551639484829704,0,0,-0.0,1.089107392729039,-0.008017810303455018
2021-01-12,-0.010915518933600609,0,0,-0.0,1.089107392729039,-0.008017810303455018
2021-01-13,-0.009997628869138886,0,0,0.0,1.089107392729039,-0.008017810303455018
2021-01-14,-0.010241498041127239,0,0,-0.0,1.089107392729039,-0.008017810303455018
2021-01-15,-0.00846415538160276,0,0,0.0,1.089107392729039,-0.008017810303455018
2021-01-19,-0.008104374853569206,0,0,0.0,1.089107392729039,-0.008017810303455018
2021-01-20,-0.007880956994898502,0,0,0.0,1.089107392729039,-0.008017810303455018
2021-01-21,-0.008731300789645957,0,0,-0.0,1.089107392729039,-0.008017810303455018
2021-01-22,-0.008591030688978624,0,0,0.0,1.089107392729039,-0.008017810303455018
2021-01-25,-0.00734542644333118,0,0,0.0,1.089107392729039,-0.008017810303455018
2021-01-26,-0.007625607648968063,0,0,-0.0,1.089107392729039,-0.008017810303455018
2021-01-27,-0.006388904535242113,0,0,0.0,1.089107392729039,-0.008017810303455018
2021-01-28,-0.007445300819491768,0,0,-0.0,1.089107392729039,-0.008017810303455018
2021-01-29,-0.007984724723484002,0,0,-0.0,1.089107392729039,-0.008017810303455018
2021-02-01,-0.007479245175159414,0,0,0.0,1.089107392729039,-0.008017810303455018
2021-02-02,-0.008584935306188174,0,0,-0.0,1.089107392729039,-0.008017810303455018
2021-02-03,-0.009080123509334088,0,0,-0.0,1.089107392729039,-0.008017810303455018
2021-02-04,-0.00876892248526731,0,0,-0.0,1.089107392729039,-0.008017810303455018
2021-02-05,-0.008477545303603007,0,0,-0.0,1.089107392729039,-0.008017810303455018
2021-02-08,-0.00851983216013891,0,0,-0.0,1.089107392729039,-0.008017810303455018
2021-02-09,-0.00864986557432626,0,0,0.0,1.089107392729039,-0.008017810303455018
2021-02-10,-0.009777288371325965,0,0,0.0,1.089107392729039,-0.008017810303455018
2021-02-11,-0.010545579121833286,0,0,-0.0,1.089107392729039,-0.008017810303455018
2021-02-12,-0.011525115009840263,0,0,-0.0,1.089107392729039,-0.008017810303455018
2021-02-16,-0.014755748006942092,0,0,-0.0,1.089107392729039,-0.008017810303455018
2021-02-17,-0.014796803070490677,0,0,-0.0,1.089107392729039,-0.008017810303455018
2021-02-18,-0.01533794441039597,0,0,0.0,1.089107392729039,-0.008017810303455018
2021-02-19,-0.017108519041180246,0,0,-0.0,1.089107392729039,-0.008017810303455018
2021-02-22,-0.016744955360528453,0,0,-0.0,1.089107392729039,-0.008017810303455018
2021-02-23,-0.016108358713224163,0,0,0.0,1.089107392729039,-0.008017810303455018
2021-02-24,-0.017265090962477348,0,0,-0.0,1.089107392729039,-0.008017810303455018
2021-02-25,-0.022383221137198896,0,0,-0.0,1.089107392729039,-0.008017810303455018
2021-02-26,-0.022112364880464468,0,0,0.0,1.089107392729039,-0.008017810303455018
2021-03-01,-0.018372645794909343,0,0,0.0,1.089107392729039,-0.008017810303455018
2021-03-02,-0.016649088846207232,0,0,0.0,1.089107392729039,-0.008017810303455018
2021-03-03,-0.01926739009649937,0,0,-0.0,1.089107392729039,-0.008017810303455018
2021-03-04,-0.021654720281013395,0,0,-0.0,1.089107392729039,-0.008017810303455018
2021-03-05,-0.023264092904412892,0,0,-0.0,1.089107392729039,-0.008017810303455018
2021-03-08,-0.024379826817317554,0,0,-0.0,1.089107392729039,-0.008017810303455018
2021-03-09,-0.023095876333022205,0,0,0.0,1.089107392729039,-0.008017810303455018
2021-03-10,-0.022734543269723188,0,0,0.0,1.089107392729039,-0.008017810303455018
2021-03-11,-0.023006057440490793,0,0,0.0,1.089107392729039,-0.008017810303455018
2021-03-12,-0.025625406979437736,0,0,-0.0,1.089107392729039,-0.008017810303455018
2021-03-15,-0.025025546292936258,0,0,0.0,1.089107392729039,-0.008017810303455018
2021-03-16,-0.024818614026768885,0,0,0.0,1.089107392729039,-0.008017810303455018
2021-03-17,-0.02371782410244527,0,0,0.0,1.089107392729039,-0.008017810303455018
2021-03-18,-0.026548737413330453,0,0,-0.0,1.089107392729039,-0.008017810303455018
2021-03-19,-0.02619971566753483,0,0,-0.0,1.089107392729039,-0.008017810303455018
2021-03-22,-0.02513680325403371,0,0,0.0,1.089107392729039,-0.008017810303455018
2021-03-23,-0.02416969621018867,0,0,0.0,1.089107392729039,-0.008017810303455018
2021-03-24,-0.023088427588477727,0,0,0.0,1.089107392729039,-0.008017810303455018
2021-03-25,-0.02173332211212693,0,0,0.0,1.089107392729039,-0.008017810303455018
2021-03-26,-0.022988856760921845,0,0,-0.0,1.089107392729039,-0.008017810303455018
2021-03-29,-0.024304510612588245,0,0,-0.0,1.089107392729039,-0.008017810303455018
2021-03-30,-0.02501034738186226,0,0,-0.0,1.089107392729039,-0.008017810303455018
2021-03-31,-0.026972722625632578,0,0,-0.0,1.089107392729039,-0.008017810303455018
2021-04-01,-0.025577737630323193,0,0,0.0,1.089107392729039,-0.008017810303455018
2021-04-05,-0.025884299053482634,0,0,-0.0,1.089107392729039,-0.008017810303455018
2021-04-06,-0.023222405423464883,0,0,0.0,1.089107392729039,-0.008017810303455018
2021-04-07,-0.02294089812869563,0,0,0.0,1.089107392729039,-0.008017810303455018
2021-04-08,-0.022401569138144138,0,0,0.0,1.089107392729039,-0.008017810303455018
2021-04-09,-0.02295930531808982,0,0,-0.0,1.089107392729039,-0.008017810303455018
2021-04-12,-0.023655425994809236,0,0,-0.0,1.089107392729039,-0.008017810303455018
2021-04-13,-0.021694495419598836,0,0,0.0,1.089107392729039,-0.008017810303455018
2021-04-14,-0.022287386518658536,0,0,-0.0,1.089107392729039,-0.008017810303455018
2021-04-15,-0.019892344544487215,0,0,0.0,1.089107392729039,-0.008017810303455018
2021-04-16,-0.020339441312159184,0,0,-0.0,1.089107392729039,-0.008017810303455018
2021-04-19,-0.020589781401417484,0,0,-0.0,1.089107392729039,-0.008017810303455018
2021-04-20,-0.01993836560661618,0,0,0.0,1.089107392729039,-0.008017810303455018
2021-04-21,-0.02111875556599343,0,0,-0.0,1.089107392729039,-0.008017810303455018
2021-04-22,-0.020830233265775943,0,0,0.0,1.089107392729039,-0.008017810303455018
2021-04-23,-0.021019418990268067,0,0,-0.0,1.089107392729039,-0.008017810303455018
2021-04-26,-0.020927686553605357,0,0,-0.0,1.089107392729039,-0.008017810303455018
2021-04-27,-0.021726423840156838,0,0,-0.0,1.089107392729039,-0.008017810303455018
2021-04-28,-0.021143960106144364,0,0,0.0,1.089107392729039,-0.008017810303455018
2021-04-29,-0.021482853911884706,0,0,-0.0,1.089107392729039,-0.008017810303455018
2021-04-30,-0.021797848398136765,0,0,-0.0,1.089107392729039,-0.008017810303455018
2021-05-03,-0.020418774716025632,0,0,0.0,1.089107392729039,-0.008017810303455018
2021-05-04,-0.019379397051267486,0,0,0.0,1.089107392729039,-0.008017810303455018
2021-05-05,-0.018734617579124778,0,0,0.0,1.089107392729039,-0.008017810303455018
2021-05-06,-0.018521615708886822,0,0,0.0,1.089107392729039,-0.008017810303455018
2021-05-07,-0.018895624623529266,0,0,0.0,1.089107392729039,-0.008017810303455018
2021-05-10,-0.019160588347465344,0,0,-0.0,1.089107392729039,-0.008017810303455018
2021-05-11,-0.019614283077045644,0,0,-0.0,1.089107392729039,-0.008017810303455018
2021-05-12,-0.021224870935978444,0,0,-0.0,1.089107392729039,-0.008017810303455018
2021-05-13,-0.020520077981230858,0,0,0.0,1.089107392729039,-0.008017810303455018
2021-05-14,-0.019859994146861387,0,0,0.0,1.089107392729039,-0.008017810303455018
2021-05-17,-0.01935324219803918,0,0,-0.0,1.089107392729039,-0.008017810303455018
2021-05-18,-0.018843488086675145,0,0,0.0,1.089107392729039,-0.008017810303455018
2021-05-19,-0.019814323338830875,0,0,-0.0,1.089107392729039,-0.008017810303455018
2021-05-20,-0.018102257424715433,0,0,0.0,1.089107392729039,-0.008017810303455018
2021-05-21,-0.01698507857540036,0,0,-0.0,1.089107392729039,-0.008017810303455018
2021-05-24,-0.0162508514978763,0,0,0.0,1.089107392729039,-0.008017810303455018
2021-05-25,-0.014692436980302415,0,0,0.0,1.089107392729039,-0.008017810303455018
2021-05-26,-0.015120712698072827,0,0,-0.0,1.089107392729039,-0.008017810303455018
2021-05-27,-0.01545317677021723,0,0,-0.0,1.089107392729039,-0.008017810303455018
2021-05-28,-0.013887292747045449,0,0,0.0,1.089107392729039,-0.008017810303455018
2021-06-01,-0.014787035420280297,0,0,-0.0,1.089107392729039,-0.008017810303455018
2021-06-02,-0.013909195781123167,0,0,0.0,1.089107392729039,-0.008017810303455018
2021-06-03,-0.015611069715981224,0,0,-0.0,1.089107392729039,-0.008017810303455018
2021-06-04,-0.014316093175699766,0,0,0.0,1.089107392729039,-0.008017810303455018
2021-06-07,-0.015132833065917426,0,0,-0.0,1.089107392729039,-0.008017810303455018
2021-06-08,-0.013162364576064988,0,0,0.0,1.089107392729039,-0.008017810303455018
2021-06-09,-0.012152406944315257,0,0,0.0,1.089107392729039,-0.008017810303455018
2021-06-10,-0.011486567418496647,0,0,0.0,1.089107392729039,-0.008017810303455018
2021-06-11,-0.012197562560517215,0,0,-0.0,1.089107392729039,-0.008017810303455018
2021-06-14,-0.0122350391541787,0,0,-0.0,1.089107392729039,-0.008017810303455018
2021-06-15,-0.012048384109025922,0,0,0.0,1.089107392729039,-0.008017810303455018
2021-06-16,-0.015590650428255436,0,0,-0.0,1.089107392729039,-0.008017810303455018
2021-06-17,-0.014950598778127525,0,0,0.0,1.089107392729039,-0.008017810303455018
2021-06-18,-0.01555179042063816,0,0,0.0,1.089107392729039,-0.008017810303455018
2021-06-21,-0.015943927050622093,0,0,-0.0,1.089107392729039,-0.008017810303455018
2021-06-22,-0.015071292841419729,0,0,0.0,1.089107392729039,-0.008017810303455018
2021-06-23,-0.015215913598601404,0,0,-0.0,1.089107392729039,-0.008017810303455018
2021-06-24,-0.01512755454737309,0,0,-0.0,1.089107392729039,-0.008017810303455018
2021-06-25,-0.015193653396099675,0,0,-0.0,1.089107392729039,-0.008017810303455018
2021-06-28,-0.013854734250522747,0,0,0.0,1.089107392729039,-0.008017810303455018
2021-06-29,-0.012820025117564502,0,0,-0.0,1.089107392729039,-0.008017810303455018
2021-06-30,-0.013663149600947683,0,0,-0.0,1.089107392729039,-0.008017810303455018
2021-07-01,-0.014219853121581933,0,0,-0.0,1.089107392729039,-0.008017810303455018
2021-07-02,-0.013140765813368593,0,0,0.0,1.089107392729039,-0.008017810303455018
2021-07-06,-0.010851597934370193,0,0,0.0,1.089107392729039,-0.008017810303455018
2021-07-07,-0.010091565207735553,0,0,0.0,1.089107392729039,-0.008017810303455018
2021-07-08,-0.009186695401176049,0,0,0.0,1.089107392729039,-0.008017810303455018
2021-07-09,-0.011236406509508379,0,0,-0.0,1.089107392729039,-0.008017810303455018
2021-07-12,-0.01255132938362186,0,0,-0.0,1.089107392729039,-0.008017810303455018
2021-07-13,-0.013646890934127225,0,0,-0.0,1.089107392729039,-0.008017810303455018
2021-07-14,-0.011935511717661018,0,0,0.0,1.089107392729039,-0.008017810303455018
2021-07-15,-0.010645520158455279,0,0,0.0,1.089107392729039,-0.008017810303455018
2021-07-16,-0.011233083088520734,0,0,-0.0,1.089107392729039,-0.008017810303455018
2021-07-19,-0.008313086529164742,0,0,0.0,1.089107392729039,-0.008017810303455018
2021-07-20,-0.007961401968261249,0,0,0.0,1.089107392729039,-0.008017810303455018
2021-07-21,-0.00947889761911177,0,0,-0.0,1.089107392729039,-0.008017810303455018
2021-07-22,-0.008169912585526289,0,0,0.0,1.089107392729039,-0.008017810303455018
2021-07-23,-0.008585413667796166,0,0,-0.0,1.089107392729039,-0.008017810303455018
2021-07-26,-0.007559714572799114,0,0,0.0,1.089107392729039,-0.008017810303455018
2021-07-27,-0.006381762898170534,0,0,0.0,1.089107392729039,-0.008017810303455018
2021-07-28,-0.007528191792184024,0,0,-0.0,1.089107392729039,-0.008017810303455018
2021-07-29,-0.007344816403724752,0,0,0.0,1.089107392729039,-0.008017810303455018
2021-07-30,-0.006620638600647855,0,0,0.0,1.089107392729039,-0.008017810303455018
2021-08-02,-0.004964567620105715,0,0,0.0,1.089107392729039,-0.008017810303455018
2021-08-03,-0.005598132331167609,0,0,0.0,1.089107392729039,-0.008017810303455018
2021-08-04,-0.006276705969150071,0,0,-0.0,1.089107392729039,-0.008017810303455018
2021-08-05,-0.007344488415668787,0,0,-0.0,1.089107392729039,-0.008017810303455018
2021-08-06,-0.00719336617464682,0,0,-0.0,1.089107392729039,-0.008017810303455018
2021-08-09,-0.008407351239656618,0,0,-0.0,1.089107392729039,-0.008017810303455018
2021-08-10,-0.009446380834560236,0,0,-0.0,1.089107392729039,-0.008017810303455018
2021-08-11,-0.00875635220550684,0,0,0.0,1.089107392729039,-0.008017810303455018
2021-08-12,-0.009411598069987792,0,0,-0.0,1.089107392729039,-0.008017810303455018
2021-08-13,-0.00742186866229777,0,0,0.0,1.089107392729039,-0.008017810303455018
2021-08-16,-0.006915948004711597,0,0,0.0,1.089107392729039,-0.008017810303455018
2021-08-17,-0.005334162500354755,0,0,-0.0,1.089107392729039,-0.008017810303455018
2021-08-18,-0.006177096776162566,0,0,-0.0,1.089107392729039,-0.008017810303455018
2021-08-19,-0.006048801168198541,0,0,0.0,1.089107392729039,-0.008017810303455018
2021-08-20,-0.007116624502907142,0,0,-0.0,1.089107392729039,-0.008017810303455018
2021-08-23,-0.005988318377713325,0,0,0.0,1.089107392729039,-0.008017810303455018
2021-08-24,-0.006290687164730279,0,0,-0.0,1.089107392729039,-0.008017810303455018
2021-08-25,-0.007120963308316619,0,0,-0.0,1.089107392729039,-0.008017810303455018
2021-08-26,-0.00689713017805747,0,0,-0.0,1.089107392729039,-0.008017810303455018
2021-08-27,-0.005510446435205851,0,0,0.0,1.089107392729039,-0.008017810303455018
2021-08-30,-0.00593731919057524,0,0,0.0,1.089107392729039,-0.008017810303455018
2021-08-31,-0.0075063204421649985,0,0,-0.0,1.089107392729039,-0.008017810303455018
2021-09-01,-0.006991780554501791,0,0,-0.0,1.089107392729039,-0.008017810303455018
2021-09-02,-0.007076926792682053,0,0,0.0,1.089107392729039,-0.008017810303455018
2021-09-03,-0.007493902224448101,0,0,-0.0,1.089107392729039,-0.008017810303455018
2021-09-07,-0.008751676347854731,0,0,-0.0,1.089107392729039,-0.008017810303455018
2021-09-08,-0.006502856868503697,0,0,0.0,1.089107392729039,-0.008017810303455018
2021-09-09,-0.005719209069585751,0,0,0.0,1.089107392729039,-0.008017810303455018
2021-09-10,-0.005981080189069776,0,0,-0.0,1.089107392729039,-0.008017810303455018
2021-09-13,-0.0064176877542909795,0,0,0.0,1.089107392729039,-0.008017810303455018
2021-09-14,-0.0055155070537342915,0,0,0.0,1.089107392729039,-0.008017810303455018
2021-09-15,-0.006250485620161433,0,0,-0.0,1.089107392729039,-0.008017810303455018
2021-09-16,-0.006875290057546129,0,0,-0.0,1.089107392729039,-0.008017810303455018
2021-09-17,-0.00718391631966297,0,0,-0.0,1.089107392729039,-0.008017810303455018
2021-09-20,-0.005269749493100467,0,0,0.0,1.089107392729039,-0.008017810303455018
2021-09-21,-0.004061841021469164,0,0,-0.0,1.089107392729039,-0.008017810303455018
2021-09-22,-0.006166656056288217,0,0,-0.0,1.089107392729039,-0.008017810303455018
2021-09-23,-0.0076961656005600735,0,0,-0.0,1.089107392729039,-0.008017810303455018
2021-09-24,-0.009503326521044086,0,0,-0.0,1.089107392729039,-0.008017810303455018
2021-09-27,-0.010570076689243566,0,0,-0.0,1.089107392729039,-0.008017810303455018
2021-09-28,-0.012311234351654342,0,0,-0.0,1.089107392729039,-0.008017810303455018
2021-09-29,-0.012136721033626629,0,0,0.0,1.089107392729039,-0.008017810303455018
2021-09-30,-0.012283933625121871,0,0,-0.0,1.089107392729039,-0.008017810303455018
2021-10-01,-0.011162794198682501,0,0,0.0,1.089107392729039,-0.008017810303455018
2021-10-04,-0.01069830394318554,0,0,-0.0,1.089107392729039,-0.008017810303455018
2021-10-05,-0.012358373771111337,0,0,-0.0,1.089107392729039,-0.008017810303455018
2021-10-06,-0.01159962870307548,0,0,-0.0,1.089107392729039,-0.008017810303455018
2021-10-07,-0.01342631636252562,0,0,-0.0,1.089107392729039,-0.008017810303455018
2021-10-08,-0.015233410418724381,0,0,-0.0,1.089107392729039,-0.008017810303455018
2021-10-11,-0.01523887439499366,0,0,0.0,1.089107392729039,-0.008017810303455018
2021-10-12,-0.016956926660430992,0,0,-0.0,1.089107392729039,-0.008017810303455018
2021-10-13,-0.01662604418861655,0,0,-0.0,1.089107392729039,-0.008017810303455018
2021-10-14,-0.014403214020790738,0,0,0.0,1.089107392729039,-0.008017810303455018
2021-10-15,-0.01647204490305068,0,0,-0.0,1.089107392729039,-0.008017810303455018
2021-10-18,-0.01761164963635704,0,0,-0.0,1.089107392729039,-0.008017810303455018
2021-10-19,-0.018239691811551016,0,0,-0.0,1.089107392729039,-0.008017810303455018
2021-10-20,-0.017719334956920418,0,0,0.0,1.089107392729039,-0.008017810303455018
2021-10-21,-0.01946448902447238,0,0,-0.0,1.089107392729039,-0.008017810303455018
2021-10-22,-0.018912135179634342,0,0,0.0,1.089107392729039,-0.008017810303455018
2021-10-25,-0.017970904051148998,0,0,0.0,1.089107392729039,-0.008017810303455018
2021-10-26,-0.018719561335327095,0,0,-0.0,1.089107392729039,-0.008017810303455018
2021-10-27,-0.01766414889853255,0,0,0.0,1.089107392729039,-0.008017810303455018
2021-10-28,-0.018465927744118454,0,0,-0.0,1.089107392729039,-0.008017810303455018
2021-10-29,-0.01810909452625769,0,0,-0.0,1.089107392729039,-0.008017810303455018
2021-11-01,-0.017644116392812985,0,0,-0.0,1.089107392729039,-0.008017810303455018
2021-11-02,-0.01570722545261355,0,0,0.0,1.089107392729039,-0.008017810303455018
2021-11-03,-0.016712638224697693,0,0,-0.0,1.089107392729039,-0.008017810303455018
2021-11-04,-0.014089922368864638,0,0,0.0,1.089107392729039,-0.008017810303455018
2021-11-05,-0.011855338104732865,0,0,0.0,1.089107392729039,-0.008017810303455018
2021-11-08,-0.014110641485711842,0,0,-0.0,1.089107392729039,-0.008017810303455018
2021-11-09,-0.013003578104680478,0,0,0.0,1.089107392729039,-0.008017810303455018
2021-11-10,-0.017451529188794765,0,0,-0.0,1.089107392729039,-0.008017810303455018
2021-11-11,-0.01742205676520247,0,0,0.0,1.089107392729039,-0.008017810303455018
2021-11-12,-0.01828603267463854,0,0,-0.0,1.089107392729039,-0.008017810303455018
2021-11-15,-0.018793679004783917,0,0,-0.0,1.089107392729039,-0.008017810303455018
2021-11-16,-0.01894964324309844,0,0,-0.0,1.089107392729039,-0.008017810303455018
2021-11-17,-0.017753367023482562,0,0,0.0,1.089107392729039,-0.008017810303455018
2021-11-18,-0.016655292382093664,0,0,0.0,1.089107392729039,-0.008017810303455018
2021-11-19,-0.01600646669247195,0,0,0.0,1.089107392729039,-0.008017810303455018
2021-11-22,-0.01967553815928729,0,0,-0.0,1.089107392729039,-0.008017810303455018
2021-11-23,-0.021332935051716483,0,0,-0.0,1.089107392729039,-0.008017810303455018
2021-11-24,-0.021288591825367287,0,0,-0.0,1.089107392729039,-0.008017810303455018
2021-11-26,-0.015868838872637812,0,0,0.0,1.089107392729039,-0.008017810303455018
2021-11-29,-0.016527249812357085,0,0,-0.0,1.089107392729039,-0.008017810303455018
2021-11-30,-0.015423465698885983,0,0,0.0,1.089107392729039,-0.008017810303455018
2021-12-01,-0.015403926868308371,0,0,-0.0,1.089107392729039,-0.008017810303455018
2021-12-02,-0.01661763086104852,0,0,-0.0,1.089107392729039,-0.008017810303455018
2021-12-03,-0.014275913421936463,0,0,0.0,1.089107392729039,-0.008017810303455018
2021-12-06,-0.016319436892559817,0,0,-0.0,1.089107392729039,-0.008017810303455018
2021-12-07,-0.01803314790389095,0,0,-0.0,1.089107392729039,-0.008017810303455018
2021-12-08,-0.019104486161211735,0,0,-0.0,1.089107392729039,-0.008017810303455018
2021-12-09,-0.017755118277821093,0,0,0.0,1.089107392729039,-0.008017810303455018
2021-12-10,-0.017363237903326348,0,0,0.0,1.089107392729039,-0.008017810303455018
2021-12-13,-0.015151998102509487,0,0,0.0,1.089107392729039,-0.008017810303455018
2021-12-14,-0.016163544017145662,0,0,-0.0,1.089107392729039,-0.008017810303455018
2021-12-15,-0.01663500287236046,0,0,-0.0,1.089107392729039,-0.008017810303455018
2021-12-16,-0.01402383849027181,0,0,0.0,1.089107392729039,-0.008017810303455018
2021-12-17,-0.012969547530511537,0,0,0.0,1.089107392729039,-0.008017810303455018
2021-12-20,-0.01220758620292816,0,0,0.0,1.089107392729039,-0.008017810303455018
2021-12-21,-0.013397932475772794,0,0,-0.0,1.089107392729039,-0.008017810303455018
2021-12-22,-0.012645742727103036,0,0,0.0,1.089107392729039,-0.008017810303455018
2021-12-23,-0.014349966275838698,0,0,-0.0,1.089107392729039,-0.008017810303455018
2021-12-27,-0.01587428189266412,0,0,-0.0,1.089107392729039,-0.008017810303455018
2021-12-28,-0.01673509886820002,0,0,0.0,1.089107392729039,-0.008017810303455018
2021-12-29,-0.017416687860033597,0,0,-0.0,1.089107392729039,-0.008017810303455018
2021-12-30,-0.01603321057667673,0,0,0.0,1.089107392729039,-0.008017810303455018
2021-12-31,-0.014951567160167788,0,0,0.0,1.089107392729039,-0.008017810303455018
2022-01-03,-0.01940294030310399,0,0,-0.0,1.089107392729039,-0.008017810303455018
2022-01-04,-0.01943680232089042,0,0,-0.0,1.089107392729039,-0.008017810303455018
2022-01-05,-0.021241226640272542,0,0,-0.0,1.089107392729039,-0.008017810303455018
2022-01-06,-0.023710435961816215,0,0,-0.0,1.089107392729039,-0.008017810303455018
2022-01-07,-0.02474458542832242,0,0,-0.0,1.089107392729039,-0.008017810303455018
2022-01-10,-0.025458088230087095,0,0,-0.0,1.089107392729039,-0.008017810303455018
2022-01-11,-0.024024601432875724,0,0,0.0,1.089107392729039,-0.008017810303455018
2022-01-12,-0.02291478563420397,0,0,0.0,1.089107392729039,-0.008017810303455018
2022-01-13,-0.022134408009897875,0,0,0.0,1.089107392729039,-0.008017810303455018
2022-01-14,-0.025297746778497762,0,0,-0.0,1.089107392729039,-0.008017810303455018
2022-01-18,-0.027686540821130666,0,0,-0.0,1.089107392729039,-0.008017810303455018
2022-01-19,-0.02650905365998841,0,0,0.0,1.089107392729039,-0.008017810303455018
2022-01-20,-0.027078296268038725,0,0,-0.0,1.089107392729039,-0.008017810303455018
2022-01-21,-0.025200233286949383,0,0,0.0,1.089107392729039,-0.008017810303455018
2022-01-24,-0.024704005400315948,0,0,0.0,1.089107392729039,-0.008017810303455018
2022-01-25,-0.02573144401859398,0,0,-0.0,1.089107392729039,-0.008017810303455018
2022-01-26,-0.02774677679422361,0,0,-0.0,1.089107392729039,-0.008017810303455018
2022-01-27,-0.026942679825566942,0,0,-0.0,1.089107392729039,-0.008017810303455018
2022-01-28,-0.026186074915317242,0,0,0.0,1.089107392729039,-0.008017810303455018
2022-01-31,-0.025847934202841677,0,0,-0.0,1.089107392729039,-0.008017810303455018
2022-02-01,-0.026450407848639737,0,0,-0.0,1.089107392729039,-0.008017810303455018
2022-02-02,-0.02590425698445752,0,0,0.0,1.089107392729039,-0.008017810303455018
2022-02-03,-0.02743931481669019,0,0,-0.0,1.089107392729039,-0.008017810303455018
2022-02-04,-0.032772292226799685,0,0,-0.0,1.089107392729039,-0.008017810303455018
2022-02-07,-0.029435432554134968,0,0,0.0,1.089107392729039,-0.008017810303455018
2022-02-08,-0.030703190285117875,0,0,-0.0,1.089107392729039,-0.008017810303455018
2022-02-09,-0.03055693898977391,0,0,0.0,1.089107392729039,-0.008017810303455018
2022-02-10,-0.03580124970886967,0,0,-0.0,1.089107392729039,-0.008017810303455018
2022-02-11,-0.033127657878653266,0,0,0.0,1.089107392729039,-0.008017810303455018
2022-02-14,-0.034748929626975386,0,0,-0.0,1.089107392729039,-0.008017810303455018
2022-02-15,-0.034605234193134105,0,0,-0.0,1.089107392729039,-0.008017810303455018
2022-02-16,-0.034064460506912295,0,0,0.0,1.089107392729039,-0.008017810303455018
2022-02-17,-0.030749082922765424,0,0,0.0,1.089107392729039,-0.008017810303455018
2022-02-18,-0.030396636549920003,0,0,0.0,1.089107392729039,-0.008017810303455018
2022-02-22,-0.03144955548802245,0,0,-0.0,1.089107392729039,-0.008017810303455018
2022-02-23,-0.03354830892947346,0,0,-0.0,1.089107392729039,-0.008017810303455018
2022-02-24,-0.03195685019805935,0,0,0.0,1.089107392729039,-0.008017810303455018
2022-02-25,-0.03329993602760152,0,0,-0.0,1.089107392729039,-0.008017810303455018
2022-02-28,-0.027292741878451855,0,0,0.0,1.089107392729039,-0.008017810303455018
2022-03-01,-0.020802840077633264,0,0,0.0,1.089107392729039,-0.008017810303455018
2022-03-02,-0.029188884769352816,0,0,-0.0,1.089107392729039,-0.008017810303455018
2022-03-03,-0.027633488740626905,0,0,0.0,1.089107392729039,-0.008017810303455018
2022-03-04,-0.023213015864846052,0,0,0.0,1.089107392729039,-0.008017810303455018
2022-03-07,-0.024744691078910766,0,0,-0.0,1.089107392729039,-0.008017810303455018
2022-03-08,-0.028792032940516396,0,0,-0.0,1.089107392729039,-0.008017810303455018
2022-03-09,-0.030716426419786384,0,0,-0.0,1.089107392729039,-0.008017810303455018
2022-03-10,-0.032926962270390034,0,0,-0.0,1.089107392729039,-0.008017810303455018
2022-03-11,-0.032824792568384414,0,0,-0.0,1.089107392729039,-0.008017810303455018
2022-03-14,-0.03699540947064766,0,0,-0.0,1.089107392729039,-0.008017810303455018
2022-03-15,-0.03806449823755373,0,0,-0.0,1.089107392729039,-0.008017810303455018
2022-03-16,-0.03980320893711243,0,0,-0.0,1.089107392729039,-0.008017810303455018
2022-03-17,-0.03925124656375926,0,0,0.0,1.089107392729039,-0.008017810303455018
2022-03-18,-0.03776393936481559,0,0,0.0,1.089107392729039,-0.008017810303455018
2022-03-21,-0.044595148068644945,0,0,-0.0,1.089107392729039,-0.008017810303455018
2022-03-22,-0.04571121658534296,0,0,-0.0,1.089107392729039,-0.008017810303455018
2022-03-23,-0.0436052537709122,0,0,0.0,1.089107392729039,-0.008017810303455018
2022-03-24,-0.04568594833246127,0,0,-0.0,1.089107392729039,-0.008017810303455018
2022-03-25,-0.0512975093000646,0,0,-0.0,1.089107392729039,-0.008017810303455018
2022-03-28,-0.05242318516166909,0,0,-0.0,1.089107392729039,-0.008017810303455018
2022-03-29,-0.050757038836348314,0,0,0.0,1.089107392729039,-0.008017810303455018
2022-03-30,-0.04660218678570628,0,0,0.0,1.089107392729039,-0.008017810303455018
2022-03-31,-0.045233037354457446,0,0,0.0,1.089107392729039,-0.008017810303455018
2022-04-01,-0.04903048867981857,0,0,-0.0,1.089107392729039,-0.008017810303455018
2022-04-04,-0.04851537737128168,0,0,-0.0,1.089107392729039,-0.008017810303455018
2022-04-05,-0.052053427511960605,0,0,-0.0,1.089107392729039,-0.008017810303455018
2022-04-06,-0.05211772924526219,0,0,-0.0,1.089107392729039,-0.008017810303455018
2022-04-07,-0.051021915403119594,0,0,0.0,1.089107392729039,-0.008017810303455018
2022-04-08,-0.0529668455918407,0,0,-0.0,1.089107392729039,-0.008017810303455018
2022-04-11,-0.05330150060656627,0,0,-0.0,1.089107392729039,-0.008017810303455018
2022-04-12,-0.04866192019775632,0,0,0.0,1.089107392729039,-0.008017810303455018
2022-04-13,-0.0449219369356787,0,0,0.0,1.089107392729039,-0.008017810303455018
2022-04-14,-0.04952805468084813,0,0,-0.0,1.089107392729039,-0.008017810303455018
2022-04-18,-0.05119970683702495,0,0,-0.0,1.089107392729039,-0.008017810303455018
2022-04-19,-0.054068799698433416,0,0,-0.0,1.089107392729039,-0.008017810303455018
2022-04-20,-0.05330442589738202,0,0,0.0,1.089107392729039,-0.008017810303455018
2022-04-21,-0.056176131382222966,0,0,-0.0,1.089107392729039,-0.008017810303455018
2022-04-22,-0.05461511957701538,0,0,0.0,1.089107392729039,-0.008017810303455018
2022-04-25,-0.04968897287330112,0,0,0.0,1.089107392729039,-0.008017810303455018
2022-04-26,-0.04833303571818149,0,0,0.0,1.089107392729039,-0.008017810303455018
2022-04-27,-0.0490395604954048,0,0,-0.0,1.089107392729039,-0.008017810303455018
2022-04-28,-0.052211618682266266,0,0,-0.0,1.089107392729039,-0.008017810303455018
2022-04-29,-0.05450005202703171,0,0,-0.0,1.089107392729039,-0.008017810303455018
2022-05-02,-0.055749677001334534,0,0,-0.0,1.089107392729039,-0.008017810303455018
2022-05-03,-0.05468033861130703,0,0,0.0,1.089107392729039,-0.008017810303455018
2022-05-04,-0.04908942149955177,0,0,0.0,1.089107392729039,-0.008017810303455018
2022-05-05,-0.053204095163421956,0,0,-0.0,1.089107392729039,-0.008017810303455018
2022-05-06,-0.053680808796442894,0,0,-0.0,1.089107392729039,-0.008017810303455018
2022-05-09,-0.04874467222166087,0,0,0.0,1.089107392729039,-0.008017810303455018
2022-05-10,-0.04733032401051262,0,0,0.0,1.089107392729039,-0.008017810303455018
2022-05-11,-0.04601437672968453,0,0,0.0,1.089107392729039,-0.008017810303455018
2022-05-12,-0.04247002338700348,0,0,0.0,1.089107392729039,-0.008017810303455018
2022-05-13,-0.046010922136616644,0,0,-0.0,1.089107392729039,-0.008017810303455018
2022-05-16,-0.0430529019114126,0,0,0.0,1.089107392729039,-0.008017810303455018
2022-05-17,-0.04721413112162435,0,0,-0.0,1.089107392729039,-0.008017810303455018
2022-05-18,-0.04446058601454123,0,0,0.0,1.089107392729039,-0.008017810303455018
2022-05-19,-0.04396195070873669,0,0,0.0,1.089107392729039,-0.008017810303455018
2022-05-20,-0.04262218015975909,0,0,0.0,1.089107392729039,-0.008017810303455018
2022-05-23,-0.04526536695299865,0,0,-0.0,1.089107392729039,-0.008017810303455018
2022-05-24,-0.04333584083797654,0,0,0.0,1.089107392729039,-0.008017810303455018
2022-05-25,-0.04344747817237902,0,0,0.0,1.089107392729039,-0.008017810303455018
2022-05-26,-0.04151367872176847,0,0,0.0,1.089107392729039,-0.008017810303455018
2022-05-27,-0.04049924377454808,0,0,-0.0,1.089107392729039,-0.008017810303455018
2022-05-31,-0.042685369406826365,0,0,-0.0,1.089107392729039,-0.008017810303455018
2022-06-01,-0.04613968727496243,0,0,-0.0,1.089107392729039,-0.008017810303455018
2022-06-02,-0.04447200028582478,0,0,0.0,1.089107392729039,-0.008017810303455018
2022-06-03,-0.04435147564427917,0,0,-0.0,1.089107392729039,-0.008017810303455018
2022-06-06,-0.046790430872381626,0,0,-0.0,1.089107392729039,-0.008017810303455018
2022-06-07,-0.0449395194282382,0,0,0.0,1.089107392729039,-0.008017810303455018
2022-06-08,-0.04485642955420942,0,0,-0.0,1.089107392729039,-0.008017810303455018
2022-06-09,-0.047065299613503205,0,0,-0.0,1.089107392729039,-0.008017810303455018
2022-06-10,-0.052989415976755175,0,0,-0.0,1.089107392729039,-0.008017810303455018
2022-06-13,-0.060712466292487374,0,0,-0.0,1.089107392729039,-0.008017810303455018
2022-06-14,-0.06500578401586778,0,0,-0.0,1.089107392729039,-0.008017810303455018
2022-06-15,-0.05798193353924729,0,0,0.0,1.089107392729039,-0.008017810303455018
2022-06-16,-0.054375349686830804,0,0,0.0,1.089107392729039,-0.008017810303455018
2022-06-17,-0.05401939985309086,0,0,0.0,1.089107392729039,-0.008017810303455018
2022-06-21,-0.055646488110267435,0,0,-0.0,1.089107392729039,-0.008017810303455018
2022-06-22,-0.046830903102264655,0,0,0.0,1.089107392729039,-0.008017810303455018
2022-06-23,-0.044596092469059774,0,0,0.0,1.089107392729039,-0.008017810303455018
2022-06-24,-0.046759138626112945,0,0,-0.0,1.089107392729039,-0.008017810303455018
2022-06-27,-0.0488000075934401,0,0,-0.0,1.089107392729039,-0.008017810303455018
2022-06-28,-0.0495587939051538,0,0,-0.0,1.089107392729039,-0.008017810303455018
2022-06-29,-0.0433581321998371,0,0,0.0,1.089107392729039,-0.008017810303455018
2022-06-30,-0.03721148980936499,0,0,0.0,1.089107392729039,-0.008017810303455018
2022-07-01,-0.03186144380153755,0,0,0.0,1.089107392729039,-0.008017810303455018
2022-07-05,-0.028294155225369925,0,0,0.0,1.089107392729039,-0.008017810303455018
2022-07-06,-0.03282230029802605,0,0,-0.0,1.089107392729039,-0.008017810303455018
2022-07-07,-0.03597121548905241,0,0,-0.0,1.089107392729039,-0.008017810303455018
2022-07-08,-0.038692368000275736,0,0,-0.0,1.089107392729039,-0.008017810303455018
2022-07-11,-0.035891086866940626,0,0,0.0,1.089107392729039,-0.008017810303455018
2022-07-12,-0.03287268166362331,0,0,0.0,1.089107392729039,-0.008017810303455018
2022-07-13,-0.03070795674701525,0,0,-0.0,1.089107392729039,-0.008017810303455018
2022-07-14,-0.030956610696846864,0,0,-0.0,1.089107392729039,-0.008017810303455018
2022-07-15,-0.031040247019344894,0,0,0.0,1.089107392729039,-0.008017810303455018
2022-07-18,-0.03312105759992634,0,0,-0.0,1.089107392729039,-0.008017810303455018
2022-07-19,-0.033848374073914174,0,0,-0.0,1.089107392729039,-0.008017810303455018
2022-07-20,-0.033496408719348954,0,0,-0.0,1.089107392729039,-0.008017810303455018
2022-07-21,-0.02927626214633912,0,0,0.0,1.089107392729039,-0.008017810303455018
2022-07-22,-0.02604778003657881,0,0,0.0,1.089107392729039,-0.008017810303455018
2022-07-25,-0.02647243183581653,0,0,-0.0,1.089107392729039,-0.008017810303455018
2022-07-26,-0.02460191162806749,0,0,0.0,1.089107392729039,-0.008017810303455018
2022-07-27,-0.021560819324478814,0,0,0.0,1.089107392729039,-0.008017810303455018
2022-07-28,-0.01728787223182591,0,0,0.0,1.089107392729039,-0.008017810303455018
2022-07-29,-0.016284045000565704,0,0,0.0,1.089107392729039,-0.008017810303455018
2022-08-01,-0.016982610856338107,0,0,0.0,1.089107392729039,-0.008017810303455018
2022-08-02,-0.021649354126130525,0,0,-0.0,1.089107392729039,-0.008017810303455018
2022-08-03,-0.02126098900233686,0,0,-0.0,1.089107392729039,-0.008017810303455018
2022-08-04,-0.016221736132338866,0,0,0.0,1.089107392729039,-0.008017810303455018
2022-08-05,-0.024413278806072122,0,0,-0.0,1.089107392729039,-0.008017810303455018
2022-08-08,-0.022368792391964057,0,0,0.0,1.089107392729039,-0.008017810303455018
2022-08-09,-0.025635498273374455,0,0,-0.0,1.089107392729039,-0.008017810303455018
2022-08-10,-0.022545266871183644,0,0,0.0,1.089107392729039,-0.008017810303455018
2022-08-11,-0.026556622099574226,0,0,-0.0,1.089107392729039,-0.008017810303455018
2022-08-12,-0.025175104377774298,0,0,0.0,1.089107392729039,-0.008017810303455018
2022-08-15,-0.022924872344178664,0,0,0.0,1.089107392729039,-0.008017810303455018
2022-08-16,-0.024421728266567775,0,0,-0.0,1.089107392729039,-0.008017810303455018
2022-08-17,-0.028159990333998512,0,0,-0.0,1.089107392729039,-0.008017810303455018
2022-08-18,-0.02681416609979531,0,0,0.0,1.089107392729039,-0.008017810303455018
2022-08-19,-0.03359081896859169,0,0,-0.0,1.089107392729039,-0.008017810303455018
2022-08-22,-0.038059543404186505,0,0,-0.0,1.089107392729039,-0.008017810303455018
2022-08-23,-0.03573760400614171,0,0,0.0,1.089107392729039,-0.008017810303455018
2022-08-24,-0.03780575645541469,0,0,-0.0,1.089107392729039,-0.008017810303455018
2022-08-25,-0.037034778777777555,0,0,0.0,1.089107392729039,-0.008017810303455018
2022-08-26,-0.035969782248290325,0,0,-0.0,1.089107392729039,-0.008017810303455018
2022-08-29,-0.03728067938452426,0,0,-0.0,1.089107392729039,-0.008017810303455018
2022-08-30,-0.03532212847566927,0,0,-0.0,1.089107392729039,-0.008017810303455018
2022-08-31,-0.03346542696098549,0,0,-0.0,1.089107392729039,-0.008017810303455018
2022-09-01,-0.038703821137550415,0,0,-0.0,1.089107392729039,-0.008017810303455018
2022-09-02,-0.0314561168276319,0,0,0.0,1.089107392729039,-0.008017810303455018
2022-09-06,-0.03615537184194054,0,0,-0.0,1.089107392729039,-0.008017810303455018
2022-09-07,-0.029447353733612257,0,0,0.0,1.089107392729039,-0.008017810303455018
2022-09-08,-0.02813205431095051,0,0,-0.0,1.089107392729039,-0.008017810303455018
2022-09-09,-0.027851748502317024,0,0,-0.0,1.089107392729039,-0.008017810303455018
2022-09-12,-0.027614233426599355,0,0,-0.0,1.089107392729039,-0.008017810303455018
2022-09-13,-0.033031162290119015,0,0,-0.0,1.089107392729039,-0.008017810303455018
2022-09-14,-0.0339825959737159,0,0,-0.0,1.089107392729039,-0.008017810303455018
2022-09-15,-0.035732323748397965,0,0,-0.0,1.089107392729039,-0.008017810303455018
2022-09-16,-0.03413088689683626,0,0,0.0,1.089107392729039,-0.008017810303455018
2022-09-19,-0.03668325658829055,0,0,-0.0,1.089107392729039,-0.008017810303455018
2022-09-20,-0.03886489838863544,0,0,-0.0,1.089107392729039,-0.008017810303455018
2022-09-21,-0.03789695349148357,0,0,0.0,1.089107392729039,-0.008017810303455018
2022-09-22,-0.043746375931777035,0,0,-0.0,1.089107392729039,-0.008017810303455018
2022-09-23,-0.0451319213625539,0,0,-0.0,1.089107392729039,-0.008017810303455018
2022-09-26,-0.05313676503451552,0,0,-0.0,1.089107392729039,-0.008017810303455018
2022-09-27,-0.054301762539939846,0,0,-0.0,1.089107392729039,-0.008017810303455018
2022-09-28,-0.04531049114876931,0,0,0.0,1.089107392729039,-0.008017810303455018
2022-09-29,-0.04588513395303015,0,0,-0.0,1.089107392729039,-0.008017810303455018
2022-09-30,-0.044553816553020875,0,0,-0.0,1.089107392729039,-0.008017810303455018
2022-10-03,-0.03872646240202715,0,0,0.0,1.089107392729039,-0.008017810303455018
2022-10-04,-0.03918682163715241,0,0,0.0,1.089107392729039,-0.008017810303455018
2022-10-05,-0.04370445289060188,0,0,-0.0,1.089107392729039,-0.008017810303455018
2022-10-06,-0.04502046694322902,0,0,-0.0,1.089107392729039,-0.008017810303455018
2022-10-07,-0.046517166224824755,0,0,-0.0,1.089107392729039,-0.008017810303455018
2022-10-10,-0.04561836074479567,0,0,0.0,1.089107392729039,-0.008017810303455018
2022-10-11,-0.046234335789055954,0,0,-0.0,1.089107392729039,-0.008017810303455018
2022-10-12,-0.042164730408003476,0,0,0.0,1.089107392729039,-0.008017810303455018
2022-10-13,-0.04547881684082271,0,0,-0.0,1.089107392729039,-0.008017810303455018
2022-10-14,-0.050433661409721706,0,0,-0.0,1.089107392729039,-0.008017810303455018
2022-10-17,-0.05179006571805454,0,0,0.0,1.089107392729039,-0.008017810303455018
2022-10-18,-0.0493201225003684,0,0,0.0,1.089107392729039,-0.008017810303455018
2022-10-19,-0.053681341709544916,0,0,-0.0,1.089107392729039,-0.008017810303455018
2022-10-20,-0.05666010966663235,0,0,-0.0,1.089107392729039,-0.008017810303455018
2022-10-21,-0.052849385798008124,0,0,0.0,1.089107392729039,-0.008017810303455018
2022-10-24,-0.052797935244743244,0,0,-0.0,1.089107392729039,-0.008017810303455018
2022-10-25,-0.04955471811359842,0,0,0.0,1.089107392729039,-0.008017810303455018
2022-10-26,-0.04534768218403442,0,0,0.0,1.089107392729039,-0.008017810303455018
2022-10-27,-0.040782925581020944,0,0,0.0,1.089107392729039,-0.008017810303455018
2022-10-28,-0.045195986716384765,0,0,-0.0,1.089107392729039,-0.008017810303455018
2022-10-31,-0.04637140194892635,0,0,-0.0,1.089107392729039,-0.008017810303455018
2022-11-01,-0.048840542854539204,0,0,-0.0,1.089107392729039,-0.008017810303455018
2022-11-02,-0.049616133013343576,0,0,-0.0,1.089107392729039,-0.008017810303455018
2022-11-03,-0.051594861014032364,0,0,-0.0,1.089107392729039,-0.008017810303455018
2022-11-04,-0.050242293219069464,0,0,0.0,1.089107392729039,-0.008017810303455018
2022-11-07,-0.05040746196713644,0,0,-0.0,1.089107392729039,-0.008017810303455018
2022-11-08,-0.049085706350775964,0,0,0.0,1.089107392729039,-0.008017810303455018
2022-11-09,-0.048215534164026665,0,0,0.0,1.089107392729039,-0.008017810303455018
2022-11-10,-0.03642083080644773,0,0,0.0,1.089107392729039,-0.008017810303455018
2022-11-11,-0.035814521962902204,0,0,0.0,1.089107392729039,-0.008017810303455018
2022-11-14,-0.03840095426656975,0,0,-0.0,1.089107392729039,-0.008017810303455018
2022-11-15,-0.0347989001870232,0,0,0.0,1.089107392729039,-0.008017810303455018
2022-11-16,-0.032342543200840554,0,0,0.0,1.089107392729039,-0.008017810303455018
2022-11-17,-0.03383628157524564,0,0,-0.0,1.089107392729039,-0.008017810303455018
2022-11-18,-0.03613913665583582,0,0,-0.0,1.089107392729039,-0.008017810303455018
2022-11-21,-0.03452507121156258,0,0,-0.0,1.089107392729039,-0.008017810303455018
2022-11-22,-0.033053900864323256,0,0,0.0,1.089107392729039,-0.008017810303455018
2022-11-23,-0.030747324304025606,0,0,0.0,1.089107392729039,-0.008017810303455018
2022-11-25,-0.0302088043887729,0,0,0.0,1.089107392729039,-0.008017810303455018
2022-11-28,-0.028479462128419848,0,0,0.0,1.089107392729039,-0.008017810303455018
2022-11-29,-0.03025719802713156,0,0,-0.0,1.089107392729039,-0.008017810303455018
2022-11-30,-0.02255968136619627,0,0,0.0,1.089107392729039,-0.008017810303455018
2022-12-01,-0.016063833622716798,0,0,0.0,1.089107392729039,-0.008017810303455018
2022-12-02,-0.011631720392082222,0,0,0.0,1.089107392729039,-0.008017810303455018
2022-12-05,-0.01445734193850673,0,0,-0.0,1.089107392729039,-0.008017810303455018
2022-12-06,-0.013416989415205211,0,0,0.0,1.089107392729039,-0.008017810303455018
2022-12-07,-0.008925091439049116,0,0,0.0,1.089107392729039,-0.008017810303455018
2022-12-08,-0.012629352825022866,0,0,-0.0,1.089107392729039,-0.008017810303455018
2022-12-09,-0.01510956168642378,0,0,-0.0,1.089107392729039,-0.008017810303455018
2022-12-12,-0.018369293278833507,0,0,-0.0,1.089107392729039,-0.008017810303455018
2022-12-13,-0.013729453856529631,0,0,0.0,1.089107392729039,-0.008017810303455018
2022-12-14,-0.011703313223035033,0,0,0.0,1.089107392729039,-0.008017810303455018
2022-12-15,-0.010339114955642636,0,0,0.0,1.089107392729039,-0.008017810303455018
2022-12-16,-0.00750306613491849,0,0,-0.0,1.089107392729039,-0.008017810303455018
2022-12-19,-0.011016029324670051,0,0,-0.0,1.089107392729039,-0.008017810303455018
2022-12-20,-0.012482708886911616,0,0,-0.0,1.089107392729039,-0.008017810303455018
2022-12-21,-0.012322614812189435,0,0,0.0,1.089107392729039,-0.008017810303455018
2022-12-22,-0.017984216325469808,0,0,-0.0,1.089107392729039,-0.008017810303455018
2022-12-23,-0.01741551944233578,0,0,-0.0,1.089107392729039,-0.008017810303455018
2022-12-27,-0.019036074278780034,0,0,-0.0,1.089107392729039,-0.008017810303455018
2022-12-28,-0.020196631759064478,0,0,-0.0,1.089107392729039,-0.008017810303455018
2022-12-29,-0.021174108067073986,0,0,0.0,1.089107392729039,-0.008017810303455018
2022-12-30,-0.0210441970123338,0,0,-0.0,1.089107392729039,-0.008017810303455018
2023-01-03,-0.01882673313916107,0,0,0.0,1.089107392729039,-0.008017810303455018
2023-01-04,-0.013649301733686397,0,0,0.0,1.089107392729039,-0.008017810303455018
2023-01-05,-0.016339695803313285,0,0,-0.0,1.089107392729039,-0.008017810303455018
2023-01-06,-0.009646052159922779,0,0,0.0,1.089107392729039,-0.008017810303455018
2023-01-09,-0.0069501529102791275,0,0,0.0,1.089107392729039,-0.008017810303455018
2023-01-10,-0.006727784466573017,0,0,-0.0,1.089107392729039,-0.008017810303455018
2023-01-11,-0.0053954033207677995,0,0,0.0,1.089107392729039,-0.008017810303455018
2023-01-12,-0.004115407307601949,0,0,0.0,1.089107392729039,-0.008017810303455018
2023-01-13,-0.006940694390743119,0,0,-0.0,1.089107392729039,-0.008017810303455018
2023-01-17,-0.00579380791769954,0,0,-0.0,1.089107392729039,-0.008017810303455018
2023-01-18,0.00019041798400599302,0,0,0.0,1.089107392729039,-0.008017810303455018
2023-01-19,-0.002585073602775995,0,0,-0.0,1.089107392729039,-0.008017810303455018
2023-01-20,-0.004451224922090309,0,0,-0.0,1.089107392729039,-0.008017810303455018
2023-01-23,-0.008660073963861857,0,0,-0.0,1.089107392729039,-0.008017810303455018
2023-01-24,-0.004594322667153199,0,0,0.0,1.089107392729039,-0.008017810303455018
2023-01-25,-0.004937463316893148,0,0,0.0,1.089107392729039,-0.008017810303455018
2023-01-26,-0.005506354565208792,0,0,-0.0,1.089107392729039,-0.008017810303455018
2023-01-27,-0.0030955966577011773,0,0,-0.0,1.089107392729039,-0.008017810303455018
2023-01-30,-0.005256563671923332,0,0,-0.0,1.089107392729039,-0.008017810303455018
2023-01-31,1.1068091853499128e-05,0,0,0.0,1.089107392729039,-0.008017810303455018
2023-02-01,0.004097904619648922,0,0,0.0,1.089107392729039,-0.008017810303455018
2023-02-02,0.003738453814910948,0,0,-0.0,1.089107392729039,-0.008017810303455018
2023-02-03,-0.0018949508580286267,0,0,-0.0,1.089107392729039,-0.008017810303455018
2023-02-06,-0.009909787136505437,0,0,-0.0,1.089107392729039,-0.008017810303455018
2023-02-07,-0.010493586779981435,0,0,-0.0,1.089107392729039,-0.008017810303455018
2023-02-08,-0.011978169955031199,0,0,0.0,1.089107392729039,-0.008017810303455018
2023-02-09,-0.01482849797778965,0,0,-0.0,1.089107392729039,-0.008017810303455018
2023-02-10,-0.01649739040156681,0,0,-0.0,1.089107392729039,-0.008017810303455018
2023-02-13,-0.016644909830483518,0,0,0.0,1.089107392729039,-0.008017810303455018
2023-02-14,-0.019690665900833765,0,0,-0.0,1.089107392729039,-0.008017810303455018
2023-02-15,-0.01952535089004461,0,0,-0.0,1.089107392729039,-0.008017810303455018
2023-02-16,-0.021034783501721846,0,0,-0.0,1.089107392729039,-0.008017810303455018
2023-02-17,-0.01818302134424512,0,0,0.0,1.089107392729039,-0.008017810303455018
2023-02-21,-0.022037772579954852,0,0,-0.0,1.089107392729039,-0.008017810303455018
2023-02-22,-0.02188752176430648,0,0,0.0,1.089107392729039,-0.008017810303455018
2023-02-23,-0.0202721927312519,0,0,0.0,1.089107392729039,-0.008017810303455018
2023-02-24,-0.02198531237761453,0,0,-0.0,1.089107392729039,-0.008017810303455018
2023-02-27,-0.020793016327209823,0,0,0.0,1.089107392729039,-0.008017810303455018
2023-02-28,-0.019993638922717896,0,0,0.0,1.089107392729039,-0.008017810303455018
2023-03-01,-0.02670439998480418,0,0,-0.0,1.089107392729039,-0.008017810303455018
2023-03-02,-0.0285704272790043,0,0,-0.0,1.089107392729039,-0.008017810303455018
2023-03-03,-0.02339809898463933,0,0,0.0,1.089107392729039,-0.008017810303455018
2023-03-06,-0.022887451382195882,0,0,-0.0,1.089107392729039,-0.008017810303455018
2023-03-07,-0.023583971910484294,0,0,-0.0,1.089107392729039,-0.008017810303455018
2023-03-08,-0.02347556967695631,0,0,-0.0,1.089107392729039,-0.008017810303455018
2023-03-09,-0.017407969023739304,0,0,0.0,1.089107392729039,-0.008017810303455018
2023-03-10,-0.006457443538554191,0,0,0.0,1.089107392729039,-0.008017810303455018
2023-03-13,0.0038544103993929588,0,0,0.0,1.089107392729039,-0.008017810303455018
2023-03-14,-0.0020521180907091315,0,0,-0.0,1.089107392729039,-0.008017810303455018
2023-03-15,0.007369245074888719,0,0,0.0,1.089107392729039,-0.008017810303455018
2023-03-16,0.0032589210284366954,1,0,-0.0,1.089107392729039,-0.008017810303455018
2023-03-17,0.013490617797327473,0,1,0.007825900514579764,1.0976306388342296,-0.0002546563746549396
2023-03-20,0.014140032577408104,1,0,-0.0,1.0976306388342296,-0.0002546563746549396
2023-03-21,0.010166523202543897,1,1,-0.0057581573896353655,1.0913103088601361,-0.00601134741280475
2023-03-22,0.014691510020998465,1,1,0.007829257829257807,1.099854458639929,0.0
2023-03-23,0.020376895324788022,1,1,0.00425667766308413,1.104536184546665,0.0
2023-03-24,0.02312160485767007,1,1,0.00010596587898681342,1.1046532276943333,0.0
2023-03-27,0.014426303960873903,1,1,-0.006887052341597699,1.0970454230958875,-0.006887052341597767
2023-03-28,0.011459556222106043,1,1,-0.001386962552011206,1.0955238621761982,-0.0082644628099174
2023-03-29,0.012169399313086493,1,1,-0.0010683760683759536,1.0943534306995144,-0.00932400932400924
2023-03-30,0.013919937648255165,1,1,0.00021390374331553552,1.0945875169948511,-0.009112100021190913
2023-03-31,0.01704216231387563,1,1,0.0034217279726262984,1.09833289772024,-0.00572155117609646
2023-04-03,0.020846252456409673,1,1,0.002557544757033181,1.1011419332642816,-0.003178639542275722
2023-04-04,0.022960270439522,1,1,0.004145408163265252,1.105706616023349,0.0
2023-04-05,0.023927848291351677,1,1,0.0014819519424156269,1.1073452200907068,0.0
2023-04-06,0.025558501385918395,1,1,0.00010569707219110214,1.1074622632383753,0.0
2023-04-10,0.01750920784152323,1,1,-0.005707038681040055,1.1011419332642818,-0.005707038681039978
2023-04-11,0.01312953055811392,1,1,-0.0004251700680271142,1.1006737606736083,-0.006129782287042806
2023-04-12,0.016550769654016983,1,1,0.0020204168438962,1.102897580479308,-0.004121750158528672
2023-04-13,0.016552418041265216,1,1,-0.0008489865223388904,1.1019612352979609,-0.004967237370534529
2023-04-14,0.013482477194783076,1,1,-0.0032926181625066997,1.0983328977202405,-0.008243500317057546
2023-04-17,0.008864777565475285,1,1,-0.0031969309462914763,1.0948216032901885,-0.011414077362079755
2023-04-18,0.010462194566865706,1,1,0.00010690613641206603,1.0949386464378568,-0.011308391460579149
2023-04-19,0.008702208816834204,1,1,-0.0011758417958310785,1.0936511718135045,-0.012470936377087226
2023-04-20,0.010021684028803496,1,1,0.003210616438356073,1.0971624662435562,-0.009300359332065217
2023-04-21,0.006800530916994656,1,1,-0.0010667804565819283,1.0959920347668723,-0.010357218347072485
2023-04-24,0.010494086874556736,1,1,0.0023494233233660733,1.0985669840155772,-0.008032128514056132
2023-04-25,0.018869573347420638,1,1,0.006499041125079819,1.1057066160233493,-0.001585288522511105
2023-04-26,0.0176529680600329,1,1,-0.002117074203450864,1.1033657530699814,-0.003699006552525845
2023-04-27,0.011565254299977533,1,1,-0.00445528800254591,1.0984499408679087,-0.008137814415556938
2023-04-28,0.015384290010993947,1,1,0.0035162493340439305,1.102312364740966,-0.004650179666032307
2023-05-01,0.009485005264590524,1,1,-0.00488426417498411,1.0969283799482197,-0.00951173113506643
2023-05-02,0.01933971372569735,1,1,0.006722151088348172,1.1043020982513285,-0.002853519340519989
2023-05-03,0.02353986932816065,1,1,0.004239533651298366,1.1089838241580645,0.0
2023-05-04,0.023535358817207835,1,1,0.0010554089709762238,1.1101542556347483,0.0
2023-05-05,0.014875622872655895,1,1,-0.0036900369003689537,1.1060577454663545,-0.003690036900368956
2023-05-08,0.01369686415552217,1,1,-0.0031746031746031633,1.1025464510363026,-0.006852925672113832
2023-05-09,0.01402360721297851,1,1,-0.0005307855626326408,1.1019612352979606,-0.007380073800737912
2023-05-10,0.016676828803607432,1,1,0.004460966542750855,1.1068770475000334,-0.0029520295202950845
2023-05-11,0.01824774506456169,1,1,0.0010574177857671785,1.1080474789767174,-0.0018977332630467259
2023-05-12,0.01707742070541422,1,1,-0.0031689025034329354,1.1045361845466655,-0.005060622034791602
2023-05-15,0.018476072233797575,1,1,-0.0006357952739217687,1.103833925660655,-0.005693199789140577
2023-05-16,0.016665494355191234,1,1,-0.0019085993001802803,1.101727149002624,-0.007590933052187503
2023-05-17,0.015490195067411897,1,1,-0.0023371932433867704,1.0991521997539193,-0.009910384818133612
2023-05-18,0.010347698508499864,1,1,-0.0038334575657544834,1.094938646437857,-0.013705851344227464
2023-05-19,0.008541322329022272,1,1,-0.0018172100481026465,1.0929489129274943,-0.015498154981549495
2023-05-22,0.008404759392568167,1,1,-0.0006425358749196919,1.092246654041484,-0.01613073273589847
2023-05-23,0.008320642815277128,1,1,0.0005357908272611844,1.092831869779826,-0.01560358460727419
2023-05-24,0.0045545464610952935,1,1,-0.0019278140730427662,1.0907250931217949,-0.017501317870321116
2023-05-25,0.001321032274808853,0,1,-0.004399613692456228,1.0859263240673906,-0.021823932525039048
2023-05-26,0.0012413828257020589,0,0,-0.0,1.0859263240673906,-0.021823932525039048
2023-05-30,0.009037043785404892,0,0,0.0,1.0859263240673906,-0.021823932525039048
2023-05-31,0.009573785299409042,1,0,0.0,1.0859263240673906,-0.021823932525039048
2023-06-01,0.009267942953982415,1,1,0.0017125120411003447,1.0877859859731038,-0.020148794231172044
2023-06-02,0.005383706279506855,1,1,-0.00480820600491505,1.0825556868632855,-0.024860120682672973
2023-06-05,0.005674110951466787,1,1,0.00032209576980890553,1.0829043734706068,-0.0245460322525729
2023-06-06,0.001805348145951324,1,1,-0.0003219920575292523,1.0825556868632855,-0.024860120682672973
2023-06-07,-0.007131822076290084,0,1,-0.0030062271848829702,1.0793012785282874,-0.027791612696940277
2023-06-08,-0.003128540628611831,0,0,0.0,1.0793012785282874,-0.027791612696940277
2023-06-09,-0.008582825151883033,0,0,-0.0,1.0793012785282874,-0.027791612696940277
2023-06-12,-0.004645901675701947,0,0,0.0,1.0793012785282874,-0.027791612696940277
2023-06-13,-0.01066498885964039,0,0,-0.0,1.0793012785282874,-0.027791612696940277
2023-06-14,-0.009713553646969153,0,0,-0.0,1.0793012785282874,-0.027791612696940277
2023-06-15,-0.0045673819802497075,0,0,0.0,1.0793012785282874,-0.027791612696940277
2023-06-16,-0.009100072334449804,0,0,-0.0,1.0793012785282874,-0.027791612696940277
2023-06-20,-0.007780745200751222,0,0,0.0,1.0793012785282874,-0.027791612696940277
2023-06-21,-0.005778944174135054,0,0,0.0,1.0793012785282874,-0.027791612696940277
2023-06-22,-0.00565430196996618,0,0,-0.0,1.0793012785282874,-0.027791612696940277
2023-06-23,-0.004088553207699297,0,0,0.0,1.0793012785282874,-0.027791612696940277
2023-06-26,-0.0018014415441375163,0,0,0.0,1.0793012785282874,-0.027791612696940277
2023-06-27,-0.004489549883006627,0,0,-0.0,1.0793012785282874,-0.027791612696940277
2023-06-28,-0.005252007427320427,0,0,0.0,1.0793012785282874,-0.027791612696940277
2023-06-29,-0.011617077364350921,0,0,-0.0,1.0793012785282874,-0.027791612696940277
2023-06-30,-0.014883202964301177,0,0,0.0,1.0793012785282874,-0.027791612696940277
2023-07-03,-0.017015545472373526,0,0,-0.0,1.0793012785282874,-0.027791612696940277
2023-07-05,-0.01779151094180125,0,0,-0.0,1.0793012785282874,-0.027791612696940277
2023-07-06,-0.021354271478105057,0,0,-0.0,1.0793012785282874,-0.027791612696940277
2023-07-07,-0.022315160081458348,0,0,0.0,1.0793012785282874,-0.027791612696940277
2023-07-10,-0.01929310325124066,0,0,0.0,1.0793012785282874,-0.027791612696940277
2023-07-11,-0.018153142130343074,0,0,0.0,1.0793012785282874,-0.027791612696940277
2023-07-12,-0.014206476378443664,0,0,0.0,1.0793012785282874,-0.027791612696940277
2023-07-13,-0.007717024663830851,0,0,0.0,1.0793012785282874,-0.027791612696940277
2023-07-14,-0.010208382113278285,0,0,-0.0,1.0793012785282874,-0.027791612696940277
2023-07-17,-0.009142650808471386,0,0,0.0,1.0793012785282874,-0.027791612696940277
2023-07-18,-0.00945786914418345,0,0,0.0,1.0793012785282874,-0.027791612696940277
2023-07-19,-0.008253514312596515,0,0,0.0,1.0793012785282874,-0.027791612696940277
2023-07-20,-0.012795286329341786,0,0,-0.0,1.0793012785282874,-0.027791612696940277
2023-07-21,-0.013095142398782515,0,0,0.0,1.0793012785282874,-0.027791612696940277
2023-07-24,-0.013930007480761019,0,0,-0.0,1.0793012785282874,-0.027791612696940277
2023-07-25,-0.014531367546353867,0,0,-0.0,1.0793012785282874,-0.027791612696940277
2023-07-26,-0.015124182061285314,0,0,0.0,1.0793012785282874,-0.027791612696940277
2023-07-27,-0.018006479427583245,0,0,-0.0,1.0793012785282874,-0.027791612696940277
2023-07-28,-0.015255220538746988,0,0,0.0,1.0793012785282874,-0.027791612696940277
2023-07-31,-0.014429893972664976,0,0,0.0,1.0793012785282874,-0.027791612696940277
2023-08-01,-0.01645395323252295,0,0,-0.0,1.0793012785282874,-0.027791612696940277
2023-08-02,-0.015022247909644435,0,0,0.0,1.0793012785282874,-0.027791612696940277
2023-08-03,-0.01501583263719945,0,0,-0.0,1.0793012785282874,-0.027791612696940277
2023-08-04,-0.008799040301600813,0,0,0.0,1.0793012785282874,-0.027791612696940277
2023-08-07,-0.011113584900689743,0,0,-0.0,1.0793012785282874,-0.027791612696940277
2023-08-08,-0.008451681111475451,0,0,0.0,1.0793012785282874,-0.027791612696940277
2023-08-09,-0.008074452430728412,0,0,-0.0,1.0793012785282874,-0.027791612696940277
2023-08-10,-0.011833826833372385,0,0,-0.0,1.0793012785282874,-0.027791612696940277
2023-08-11,-0.01360270855936172,0,0,-0.0,1.0793012785282874,-0.027791612696940277
2023-08-14,-0.012217162772879774,0,0,-0.0,1.0793012785282874,-0.027791612696940277
2023-08-15,-0.011298696105148652,0,0,-0.0,1.0793012785282874,-0.027791612696940277
2023-08-16,-0.013036311110180929,0,0,-0.0,1.0793012785282874,-0.027791612696940277
2023-08-17,-0.010069829903876852,0,0,0.0,1.0793012785282874,-0.027791612696940277
2023-08-18,-0.010153760488331685,0,0,0.0,1.0793012785282874,-0.027791612696940277
2023-08-21,-0.011499857149250102,0,0,-0.0,1.0793012785282874,-0.027791612696940277
2023-08-22,-0.009479939316671487,0,0,-0.0,1.0793012785282874,-0.027791612696940277
2023-08-23,-0.004066541825361319,0,0,0.0,1.0793012785282874,-0.027791612696940277
2023-08-24,-0.007805313568644539,0,0,-0.0,1.0793012785282874,-0.027791612696940277
2023-08-25,-0.009388812567626314,0,0,-0.0,1.0793012785282874,-0.027791612696940277
2023-08-28,-0.007579829357475043,0,0,0.0,1.0793012785282874,-0.027791612696940277
2023-08-29,-0.001161208472840258,0,0,0.0,1.0793012785282874,-0.027791612696940277
2023-08-30,-0.0025460626698164956,0,0,-0.0,1.0793012785282874,-0.027791612696940277
2023-08-31,-0.004021319270988755,0,0,0.0,1.0793012785282874,-0.027791612696940277
2023-09-01,-0.00927002878870296,0,0,-0.0,1.0793012785282874,-0.027791612696940277
2023-09-05,-0.010563439110147427,0,0,-0.0,1.0793012785282874,-0.027791612696940277
2023-09-06,-0.015437009659788958,0,0,-0.0,1.0793012785282874,-0.027791612696940277
2023-09-07,-0.010524542057958514,0,0,0.0,1.0793012785282874,-0.027791612696940277
2023-09-08,-0.011338887948988245,0,0,-0.0,1.0793012785282874,-0.027791612696940277
2023-09-11,-0.009551166511575787,0,0,-0.0,1.0793012785282874,-0.027791612696940277
2023-09-12,-0.008323895540364112,0,0,0.0,1.0793012785282874,-0.027791612696940277
2023-09-13,-0.010731026933157077,0,0,0.0,1.0793012785282874,-0.027791612696940277
2023-09-14,-0.013119685826555491,0,0,-0.0,1.0793012785282874,-0.027791612696940277
2023-09-15,-0.014232062951112899,0,0,-0.0,1.0793012785282874,-0.027791612696940277
2023-09-18,-0.011816347661504871,0,0,0.0,1.0793012785282874,-0.027791612696940277
2023-09-19,-0.013540789767986429,0,0,-0.0,1.0793012785282874,-0.027791612696940277
2023-09-20,-0.013864993508733135,0,0,-0.0,1.0793012785282874,-0.027791612696940277
2023-09-21,-0.01548951302405599,0,0,-0.0,1.0793012785282874,-0.027791612696940277
2023-09-22,-0.014640425882304145,0,0,0.0,1.0793012785282874,-0.027791612696940277
2023-09-25,-0.015630594562277396,0,0,-0.0,1.0793012785282874,-0.027791612696940277
2023-09-26,-0.0174480849626014,0,0,-0.0,1.0793012785282874,-0.027791612696940277
2023-09-27,-0.02023018704852629,0,0,-0.0,1.0793012785282874,-0.027791612696940277
2023-09-28,-0.016921866704682667,0,0,0.0,1.0793012785282874,-0.027791612696940277
2023-09-29,-0.01305869593826674,0,0,0.0,1.0793012785282874,-0.027791612696940277
2023-10-02,-0.016355497382202863,0,0,-0.0,1.0793012785282874,-0.027791612696940277
2023-10-03,-0.020966294627697096,0,0,-0.0,1.0793012785282874,-0.027791612696940277
2023-10-04,-0.016536132077648234,0,0,0.0,1.0793012785282874,-0.027791612696940277
2023-10-05,-0.015956969180893,0,0,0.0,1.0793012785282874,-0.027791612696940277
2023-10-06,-0.019376680065220257,0,0,-0.0,1.0793012785282874,-0.027791612696940277
2023-10-09,-0.018086357367216144,0,0,0.0,1.0793012785282874,-0.027791612696940277
2023-10-10,-0.013514532556941497,0,0,0.0,1.0793012785282874,-0.027791612696940277
2023-10-11,-0.014049317895191836,0,0,0.0,1.0793012785282874,-0.027791612696940277
2023-10-12,-0.018479697241184565,0,0,-0.0,1.0793012785282874,-0.027791612696940277
2023-10-13,-0.015055737326109767,0,0,0.0,1.0793012785282874,-0.027791612696940277
2023-10-16,-0.019350221581559,0,0,-0.0,1.0793012785282874,-0.027791612696940277
2023-10-17,-0.022630527320414314,0,0,-0.0,1.0793012785282874,-0.027791612696940277
2023-10-18,-0.022096864423403834,0,0,-0.0,1.0793012785282874,-0.027791612696940277
2023-10-19,-0.023805265840344557,0,0,-0.0,1.0793012785282874,-0.027791612696940277
2023-10-20,-0.01754050005072709,0,0,0.0,1.0793012785282874,-0.027791612696940277
2023-10-23,-0.01824388187147462,0,0,0.0,1.0793012785282874,-0.027791612696940277
2023-10-24,-0.02038139245249575,0,0,0.0,1.0793012785282874,-0.027791612696940277
2023-10-25,-0.02322768563265189,0,0,-0.0,1.0793012785282874,-0.027791612696940277
2023-10-26,-0.02054604375653876,0,0,0.0,1.0793012785282874,-0.027791612696940277
2023-10-27,-0.017326551611487682,0,0,0.0,1.0793012785282874,-0.027791612696940277
2023-10-30,-0.019601433372135497,0,0,-0.0,1.0793012785282874,-0.027791612696940277
2023-10-31,-0.020651585876573026,0,0,0.0,1.0793012785282874,-0.027791612696940277
2023-11-01,-0.017347691500535865,0,0,0.0,1.0793012785282874,-0.027791612696940277
2023-11-02,-0.014511728554236845,0,0,0.0,1.0793012785282874,-0.027791612696940277
2023-11-03,-0.0074374430754180106,0,0,0.0,1.0793012785282874,-0.027791612696940277
2023-11-06,-0.008998414227453016,0,0,-0.0,1.0793012785282874,-0.027791612696940277
2023-11-07,-0.006799960597517834,0,0,0.0,1.0793012785282874,-0.027791612696940277
2023-11-08,-0.0050158054225024,0,0,0.0,1.0793012785282874,-0.027791612696940277
2023-11-09,-0.007861419894084754,0,0,-0.0,1.0793012785282874,-0.027791612696940277
2023-11-10,-0.007933887987924854,0,0,0.0,1.0793012785282874,-0.027791612696940277
2023-11-13,-0.007620209802014699,0,0,0.0,1.0793012785282874,-0.027791612696940277
2023-11-14,0.0016361883914352,0,0,0.0,1.0793012785282874,-0.027791612696940277
2023-11-15,-0.0009826836052093612,0,0,-0.0,1.0793012785282874,-0.027791612696940277
2023-11-16,0.0013182948393277159,0,0,0.0,1.0793012785282874,-0.027791612696940277
2023-11-17,7.290048800114875e-05,0,0,-0.0,1.0793012785282874,-0.027791612696940277
2023-11-20,-0.0009593072749580657,0,0,0.0,1.0793012785282874,-0.027791612696940277
2023-11-21,-0.0018725276436349523,0,0,0.0,1.0793012785282874,-0.027791612696940277
2023-11-22,-0.001118709481906549,0,0,-0.0,1.0793012785282874,-0.027791612696940277
2023-11-24,-0.0035573703762499793,0,0,-0.0,1.0793012785282874,-0.027791612696940277
2023-11-27,-0.0006614392170369575,0,0,0.0,1.0793012785282874,-0.027791612696940277
2023-11-28,0.003649897937108665,0,0,0.0,1.0793012785282874,-0.027791612696940277
2023-11-29,0.0061679974848119715,0,0,0.0,1.0793012785282874,-0.027791612696940277
2023-11-30,0.004745258339001468,1,0,-0.0,1.0793012785282874,-0.027791612696940277
2023-12-01,0.008790165574842888,0,1,0.005393743257820827,1.0851227525225067,-0.0225477702627276
2023-12-04,0.0076050762260049245,1,0,-0.0,1.0851227525225067,-0.0225477702627276
2023-12-05,0.01153200071518191,1,1,0.0027963002796298486,1.088157081578818,-0.01981452031938854
2023-12-06,0.010896951201897863,1,1,0.0010725010725012307,1.089324131215861,-0.018763270341180978
2023-12-07,0.011071146953730992,1,1,-0.00032140561388471767,1.088974016324748,-0.019078645334643245
2023-12-08,0.00816954664250108,1,1,-0.0038581073839888402,1.0847726376313935,-0.022863145256190067
2023-12-11,0.009103072056272999,1,1,0.00010758472296923394,1.0848893425950976,-0.02275802025836951
2023-12-12,0.010933886967228768,1,1,0.0007530120481928915,1.0857062773410278,-0.022022145273624217
2023-12-13,0.01842346932550346,1,1,0.00870686875201554,1.0951593794010754,-0.013507020450143972
2023-12-14,0.022293893360835957,1,1,0.0033034953111679144,1.0987772332759085,-0.010248145517700933
2023-12-15,0.022215211253294984,1,1,-0.0009559214020180562,1.09772688860257,-0.011194270498087537
2023-12-18,0.019364685743102395,1,1,-0.0009568360620880734,1.0966765439292312,-0.012140395478474342
2023-12-19,0.023233125381243343,1,1,0.0008513355326167371,1.0976101836388654,-0.011299395495908493
2023-12-20,0.024425049359707185,1,1,0.0025518341307815273,1.1004111027677685,-0.008776395548210546
2023-12-21,0.02547348030014146,1,1,-0.00031816735602929747,1.1000609878766556,-0.009091770541672815
2023-12-22,0.026155500245485318,1,1,0.00021217907914272693,1.1002943978040642,-0.008881520546031302
2023-12-26,0.026129416311966202,1,1,-0.0003182011030972154,1.0999442829129513,-0.009196895539493571
2023-12-27,0.029606920492676967,1,1,0.003501326259947035,1.103795546715193,-0.005727770611409019
2023-12-28,0.027596911130997347,1,1,-0.0019031507718333396,1.1016948573685157,-0.007620020572182429
2023-12-29,0.026415496327500187,1,1,-0.00021186440677978258,1.101461447441107,-0.007830270567823941
2024-01-02,0.02088346952858906,1,1,-0.0013774104683195176,1.0999442829129513,-0.009196895539493571
2024-01-03,0.021564405163501985,1,1,0.0009549071618037974,1.10099462758629,-0.008250770559106765
2024-01-04,0.019874038638561756,1,1,-0.002861988552045891,1.097843593566274,-0.01108914550026698
2024-01-05,0.016788557974483507,1,1,-0.0010630381630699626,1.0966765439292312,-0.012140395478474342
2024-01-08,0.01744868654520628,1,1,0.0013834202405023088,1.098193708457387,-0.010773770506804713
2024-01-09,0.01908985863044871,1,1,0.00010626992561113546,1.0983104134210913,-0.010668645508983957
2024-01-10,0.019461111927299157,1,1,-0.0004250345340559569,1.097843593566274,-0.01108914550026698
2024-01-11,0.023384400042851895,1,1,0.00308281067290328,1.1012280375136987,-0.008040520563465254
2024-01-12,0.027267245558471404,1,1,0.002437473505722876,1.1039122516788975,-0.005622645613588063
2024-01-16,0.02355116891438889,1,1,-0.0033830214610425235,1.10017769284036,-0.008986645543852059
2024-01-17,0.01960812863782279,1,1,-0.002970192001697236,1.0969099538566398,-0.01193014548283283
2024-01-18,0.019586559393049856,1,1,-0.0006383657835938861,1.0962097240744142,-0.012560895469757166
2024-01-19,0.018547571522368415,1,1,-0.00042584903651665673,1.095742904219597,-0.012981395461040192
2024-01-22,0.019866088819722696,1,1,0.001171583768239337,1.0970266588203441,-0.011825020485012074
2024-01-23,0.02129185835230793,1,1,-0.0007446808510637171,1.0962097240744142,-0.012560895469757166
2024-01-24,0.01835711276059626,1,1,-0.0013840093686788846,1.0946925595462582,-0.013927520441426996
2024-01-25,0.021491057369433353,1,1,0.002345415778251647,1.0972600687477527,-0.011614770489370561
2024-01-26,0.019026066675439563,1,1,-0.0009572431397574244,1.0962097240744142,-0.012560895469757166
2024-01-29,0.021850103586029426,1,1,0.0025550942190992743,1.099010643203317,-0.01003789552205942
2024-01-30,0.019254530197567364,1,1,-0.0005309546564723489,1.0984271183847956,-0.0105635205111632
2024-01-31,0.02510601301935645,1,1,0.005737356566085872,1.1047291864248274,-0.00488677062884297
2024-02-01,0.027192230377000335,1,1,0.002535389816184397,1.1075301055537305,-0.002363770681145023
2024-02-02,0.022567128294435197,1,1,-0.006638566912539612,1.1001776928403602,-0.008986645543851859
2024-02-05,0.018631563737432702,1,1,-0.004561366288320712,1.0951593794010757,-0.013507020450143773
2024-02-06,0.021020120017785193,1,1,0.002877237851662384,1.0983104134210915,-0.010668645508983757
2024-02-07,0.02211894590190595,1,1,-0.0009563277016257921,1.0972600687477527,-0.011614770489370561
2024-02-08,0.02078291218183065,1,1,-0.001701765581791026,1.095392789328484,-0.01329677045450246
2024-02-09,0.01892282638638455,1,1,-0.0006392499467291479,1.0946925595462582,-0.013927520441426996
2024-02-12,0.017148561533678396,1,1,0.0004264392324093702,1.0951593794010754,-0.013507020450143972
2024-02-13,0.013164583982798277,1,1,-0.006500426257459502,1.0880403766151137,-0.019919645317209297
2024-02-14,0.013364448021224499,1,1,0.0023597554435268453,1.0906078858166082,-0.01760689536515286
2024-02-15,0.014991619763535495,1,1,0.0011771000535045761,1.0918916404173553,-0.016450520389124743
2024-02-16,0.012903364505918957,1,1,-0.0023514322359983186,1.0893241312158608,-0.01876327034118118
2024-02-20,0.013728097776323715,1,1,0.0013927576601671099,1.0908412957440166,-0.01739664536951155
2024-02-21,0.010691083691070474,1,1,-0.0019257515780463086,1.0887406063973395,-0.019288895330284758
2024-02-22,0.010151501565074404,1,1,-0.0008575410011792961,1.087806966687705,-0.020129895312850806
2024-02-23,0.00829552534338202,1,1,0.0018238386439224374,1.089790951070678,-0.018342770349898153
2024-02-26,0.005585875550979745,1,1,-0.0008567144998928855,1.0888573113610438,-0.019183770332464004
2024-02-27,0.005406012202056898,1,1,-0.0006430868167203174,1.088157081578818,-0.01981452031938854
2024-02-28,0.007349638568454897,1,1,0.001716001716001836,1.0900243609980869,-0.018132520354256443
2024-02-29,0.005744509408082526,1,1,0.0009635974304067485,1.0910747056714254,-0.017186395373869835
2024-03-01,0.008228515699998468,1,1,0.0031019360359396675,1.0944591496188498,-0.01413777043706831
2024-03-04,0.007290383902660729,1,1,-0.0014928556195350495,1.0928252801269898,-0.015609520406558695
2024-03-05,0.011048678240401455,1,1,0.002563007261853878,1.0956261992558927,-0.013086520458860948
2024-03-06,0.009852492626884467,1,1,0.0006391137622496768,1.0963264290381185,-0.012455770471936412
2024-03-07,0.012337807831006235,1,1,0.0011709601873535203,1.0976101836388656,-0.011299395495908294
2024-03-08,0.01393937546320517,1,1,0.000956937799043045,1.0986605283122042,-0.010353270515521689
2024-03-11,0.013620714931730692,1,1,-0.001168472487784178,1.097376773711457,-0.011509645491549805
2024-03-12,0.009120316677578377,1,1,-0.0022333297883655456,1.0949259694736668,-0.013717270445785483
2024-03-13,0.00824072244072116,1,1,-0.001172457898102719,1.0936422148729197,-0.014873645421813601
2024-03-14,0.00552811574266166,1,1,-0.0034147903105323785,1.0899076560343826,-0.018237645352077198
2024-03-15,0.003246028540220031,1,1,-0.0011778563015312216,1.0886239014336354,-0.019394020328105315
2024-03-18,0.0031677720602901745,0,1,-0.0005360205831903553,1.088040376615114,-0.019919645317208894
2024-03-19,0.003113211777323394,0,0,0.0,1.088040376615114,-0.019919645317208894
2024-03-20,0.006016361371491651,0,0,0.0,1.088040376615114,-0.019919645317208894
2024-03-21,0.005052074262770434,1,0,-0.0,1.088040376615114,-0.019919645317208894
2024-03-22,0.007692976177955812,1,1,0.0021381227282444293,1.0903667404736026,-0.01782411323535567
2024-03-25,0.00682152763519146,1,1,-0.0010667804565819283,1.0892035585443585,-0.018871879276282182
2024-03-26,0.00882178734196436,1,1,0.0004271678769756093,1.089668831316056,-0.018452772859911617
2024-03-27,0.008861778432470562,1,1,0.001280956447480719,1.0910646496311491,-0.017195453610799723
2024-03-28,0.008178318478077188,1,1,-0.0010660980810234255,1.0899014677019048,-0.018243219651726435
2024-04-01,0.005181224001499523,1,1,-0.003521878335112083,1.0860629673353985,-0.021700847586784446
2024-04-02,0.006167174955924148,1,1,-0.00021420156367157883,1.0858303309495494,-0.021910400794970027
2024-04-03,0.005125403501369902,1,1,0.0006427423674344457,1.0865282401070961,-0.02128174117041388
2024-04-04,0.005289652993359095,1,1,0.0016058237876031,1.0882730130009626,-0.019710092109023913
2024-04-05,0.003142659467870462,1,1,-0.003527148353997367,1.0844345126344566,-0.023167720044081724
2024-04-08,0.0005760650032852978,0,1,-0.0013944009439023075,1.0829223761264388,-0.02452981589728651
2024-04-09,0.0015197491799929677,0,0,0.0,1.0829223761264388,-0.02452981589728651
2024-04-10,-0.004703614671872046,0,0,-0.0,1.0829223761264388,-0.02452981589728651
2024-04-11,-0.0022626709289905733,0,0,-0.0,1.0829223761264388,-0.02452981589728651
2024-04-12,0.0011469500172673884,0,0,0.0,1.0829223761264388,-0.02452981589728651
2024-04-15,-0.0013341333395417714,0,0,-0.0,1.0829223761264388,-0.02452981589728651
2024-04-16,-0.0045575077774385854,0,0,-0.0,1.0829223761264388,-0.02452981589728651
2024-04-17,-0.0032351762367609396,0,0,0.0,1.0829223761264388,-0.02452981589728651
2024-04-18,-0.004245169673608734,0,0,-0.0,1.0829223761264388,-0.02452981589728651
2024-04-19,-0.003698903280343562,0,0,0.0,1.0829223761264388,-0.02452981589728651
2024-04-22,-0.004648875153644233,0,0,0.0,1.0829223761264388,-0.02452981589728651
2024-04-23,-0.0024570919318267215,0,0,0.0,1.0829223761264388,-0.02452981589728651
2024-04-24,-0.005140556440129524,0,0,-0.0,1.0829223761264388,-0.02452981589728651
2024-04-25,-0.009428020132765612,0,0,-0.0,1.0829223761264388,-0.02452981589728651
2024-04-26,-0.010370141609873169,0,0,0.0,1.0829223761264388,-0.02452981589728651
2024-04-29,-0.01078222790581505,0,0,0.0,1.0829223761264388,-0.02452981589728651
2024-04-30,-0.00793272495666808,0,0,-0.0,1.0829223761264388,-0.02452981589728651
2024-05-01,-0.0046534992065384966,0,0,0.0,1.0829223761264388,-0.02452981589728651
2024-05-02,-0.002830428661603329,0,0,0.0,1.0829223761264388,-0.02452981589728651
2024-05-03,0.0029754455111206724,0,0,0.0,1.0829223761264388,-0.02452981589728651
2024-05-06,0.0039021259471212484,0,0,0.0,1.0829223761264388,-0.02452981589728651
2024-05-07,0.004283816487718166,0,0,0.0,1.0829223761264388,-0.02452981589728651
2024-05-08,0.0020025733993641877,0,0,-0.0,1.0829223761264388,-0.02452981589728651
2024-05-09,0.007381919636356793,0,0,0.0,1.0829223761264388,-0.02452981589728651
2024-05-10,0.0037766712376245794,1,0,-0.0,1.0829223761264388,-0.02452981589728651
2024-05-13,0.00346150991482001,0,1,0.00042946102641194805,1.0833874490816144,-0.024110889470787603
2024-05-14,0.005429387899924915,0,0,0.0,1.0833874490816144,-0.024110889470787603
2024-05-15,0.0077911684529626815,1,0,0.0,1.0833874490816144,-0.024110889470787603
2024-05-16,0.008042159003476178,1,1,-0.0016015374759767997,1.0816523634809074,-0.02567381245369771
2024-05-17,0.007656097862385491,1,1,-0.0012832852101379855,1.0802642950003416,-0.026924150840025994
2024-05-20,0.005156727817565065,1,1,-0.0006424670735625249,1.0795702607600586,-0.027549320033190237
2024-05-21,0.005753925021106964,1,1,0.0010714668381015535,1.0807269844938636,-0.0265073713779165
2024-05-22,0.003625935667726199,1,1,-0.0010703200256877432,1.0795702607600588,-0.027549320033190036
2024-05-23,0.0023321835284453307,0,1,-0.002142933676202774,1.0772568132924492,-0.02963321734373711
2024-05-24,0.00023035652388603273,0,0,0.0,1.0772568132924492,-0.02963321734373711
2024-05-28,-0.0017056577904962177,0,0,-0.0,1.0772568132924492,-0.02963321734373711
2024-05-29,-0.0038245491376750923,0,0,-0.0,1.0772568132924492,-0.02963321734373711
2024-05-30,-0.0037101788407759738,0,0,0.0,1.0772568132924492,-0.02963321734373711
2024-05-31,-0.0009937525951982606,0,0,0.0,1.0772568132924492,-0.02963321734373711
2024-06-03,0.0020016491381306956,0,0,0.0,1.0772568132924492,-0.02963321734373711
2024-06-04,0.004259153649908764,0,0,0.0,1.0772568132924492,-0.02963321734373711
2024-06-05,0.006459869082568454,0,0,0.0,1.0772568132924492,-0.02963321734373711
2024-06-06,0.003952085799880111,1,0,-0.0,1.0772568132924492,-0.02963321734373711
2024-06-07,-0.002593042854061811,0,1,-0.005428997232275856,1.0714083890346342,-0.03490133592107034
2024-06-10,-0.0010320228948212935,0,0,-0.0,1.0714083890346342,-0.03490133592107034
2024-06-11,0.0016940453017547097,0,0,0.0,1.0714083890346342,-0.03490133592107034
2024-06-12,0.00490425765477126,0,0,0.0,1.0714083890346342,-0.03490133592107034
2024-06-13,0.006082354812048268,0,0,0.0,1.0714083890346342,-0.03490133592107034
2024-06-14,0.0066222557906255195,1,0,0.0,1.0714083890346342,-0.03490133592107034
2024-06-17,0.004608684098722521,1,1,-0.002441354420974262,1.0687927014273957,-0.03725748381129569
2024-06-18,0.006912624109419863,0,1,0.0022345179825493666,1.0711809379383528,-0.03510621834630715
2024-06-20,0.0047371597496113525,1,0,-0.0,1.0711809379383528,-0.03510621834630715
2024-06-21,0.00503500348461352,0,1,0.00010628122010825081,1.0712947843553935,-0.0350036682579182
2024-06-24,0.005130935724468034,1,0,0.0,1.0712947843553935,-0.0350036682579182
2024-06-25,0.005291317070374146,1,1,0.00021249468763273605,1.0715224288059577,-0.034798611663837895
2024-06-26,0.0032087472396158997,1,1,-0.002549394518801762,1.0687906953991866,-0.03725929079280202
2024-06-27,0.0061542559313763,0,1,0.0010649627263044081,1.0699289176520077,-0.036234007822400466
2024-06-28,0.004451323738797253,1,0,-0.0,1.0699289176520077,-0.036234007822400466
2024-07-01,0.0005830769433739222,0,1,-0.002343666773196973,1.067421360798024,-0.03849275415540434
2024-07-02,0.002701270505115566,0,0,0.0,1.067421360798024,-0.03849275415540434
2024-07-03,0.006525018540915561,0,0,0.0,1.067421360798024,-0.03849275415540434
2024-07-05,0.0074676195889780295,1,0,0.0,1.067421360798024,-0.03849275415540434
2024-07-08,0.009459041853902155,1,1,-0.0002119766825648961,1.0671950923590632,-0.038696571271640605
2024-07-09,0.01142268984651208,1,1,-0.0002120216262058161,1.0669688239201023,-0.03890038838787688
2024-07-10,0.011694209832896174,1,1,0.00021206658890893237,1.0671950923590632,-0.038696571271640605
2024-07-11,0.016898564155984307,1,1,0.003710378458602781,1.0711547900408789,-0.03512977173750589
2024-07-12,0.018473636604072863,1,1,0.0014786649767637439,1.0727386691136052,-0.03370305192385199
2024-07-15,0.015745706910813527,1,1,-0.00073824087745189,1.0719467295772422,-0.03441641183067874
2024-07-16,0.018534997076337198,1,1,0.0014775725593667577,1.0735306086499685,-0.03298969201702485
2024-07-17,0.019444889014300137,1,1,0.0003161555485298173,1.0738700113084099,-0.03268396634267045
2024-07-18,0.017175342076646626,1,1,-0.0013695743784238879,1.072399266455164,-0.0340087775982062
2024-07-19,0.015105836390236169,1,1,-0.0013714526848824793,1.0709285216019182,-0.03533358885374195
2024-07-22,0.014176817905280924,1,1,-0.0004225649693639921,1.0704759847239964,-0.035741223086214496
2024-07-23,0.015383679136191996,1,1,0.0005284295075036471,1.0710416558213987,-0.03523168029562382
2024-07-24,0.012777695071696599,1,1,-0.00031689025034331575,1.0707022531629573,-0.035537405969978224
2024-07-25,0.012978115085384514,1,1,0.0007396449704142327,1.0714941926993204,-0.03482404606315128
2024-07-26,0.01809942678885884,1,1,0.0022172949002217113,1.0738700113084099,-0.03268396634267045
2024-07-29,0.019904306426055993,1,1,0.0005267593763169653,1.074435682405812,-0.03217442355207977
2024-07-30,0.019346390809360202,1,1,0.0010529640939243023,1.0755670246006166,-0.031155337970898422
2024-07-31,0.02422408981947284,1,1,0.005469653939202734,1.0814500040136,-0.025856092948755408
2024-08-01,0.027179078737888062,1,1,0.0028245632388324005,1.0845046279395718,-0.023104561879565964
2024-08-02,0.03563688292412239,1,1,0.00886709785103279,1.09412103659541,-0.014442334439524498
2024-08-05,0.036276268449010336,1,1,0.0,1.09412103659541,-0.014442334439524498
2024-08-06,0.03407130535681567,1,1,-0.0041360769310307965,1.0895956678161922,-0.018518676764249693
2024-08-07,0.03168329139114605,1,1,-0.0012459765341086282,1.0882380571824268,-0.019741579461667314
2024-08-08,0.029115435558413356,1,1,-0.0016633745711611692,1.0864279096707397,-0.02137211639155747
2024-08-09,0.030409661188443012,1,1,0.0010413412475267503,1.0875592518655441,-0.02035303081037612
2024-08-12,0.030196521090286442,1,1,0.0016644127743681292,1.0893693993772313,-0.018722493880485965
2024-08-13,0.03295029251090995,1,1,0.0022847647730812604,1.0918583522058012,-0.016480505601886995
2024-08-14,0.033908256442480605,1,1,0.00020723241114906088,1.092084620644762,-0.016276688485650725
2024-08-15,0.029242599646678743,1,1,-0.004040194758106241,1.0876723860850246,-0.02025112225225799
2024-08-16,0.030767874706042385,1,1,0.0010401497815684113,1.0888037282798289,-0.019232036671076837
2024-08-19,0.0320918389576858,1,1,0.00020781379883638706,1.08902999671879,-0.019028219554840367
2024-08-20,0.03487016359825228,1,1,0.002285476833575828,1.0915189495473598,-0.0167862312762414
2024-08-21,0.0357861028623674,1,1,0.0016583747927030323,1.0933290970590468,-0.015155694346351441
2024-08-22,0.03265199296566413,1,1,-0.002586920529801362,1.0905007415720356,-0.017703408299304814
2024-08-23,0.036497681164302534,1,1,0.0028011204481792618,1.0935553654980077,-0.014951877230115172
2024-08-26,0.03392141866625095,1,1,-0.0007241878750258168,1.0927634259616446,-0.015665237136942116
2024-08-27,0.03275202908975605,1,1,0.0004141215446733515,1.0932159628395663,-0.015257602904469576
2024-08-28,0.03050837427599877,1,1,-0.00020697505950528772,1.0929896944006054,-0.015461420020705847
2024-08-29,0.02789850095569478,1,1,-0.001035089535244782,1.091858352205801,-0.016480505601887196
2024-08-30,0.025314096944567724,1,1,-0.0010361620557456375,1.0907270100109963,-0.017499591183068746
2024-09-03,0.02921681606731729,1,1,0.0026968156830204926,1.093668499717488,-0.014849968671997237
2024-09-04,0.035784965857287764,1,1,0.0033102306817005545,1.0972887947408623,-0.01158889481221692
2024-09-05,0.03850709980176398,1,1,0.0007217238890608879,1.0980807342772256,-0.010875534905389776
2024-09-06,0.039926423045020074,1,1,0.001854522975478945,1.1001171502278735,-0.009041180859263547
2024-09-09,0.039559156215759735,1,1,0.00020567667626503194,1.1003434186668346,-0.008837363743027078
2024-09-10,0.040104090136420203,1,1,0.002467612584824197,1.1030586399343654,-0.006391558348191839
2024-09-11,0.03836219600044697,1,1,-0.0008205128205127643,1.1021535661785218,-0.007206826813136919
2024-09-12,0.03819582280803534,1,1,-0.0007185382878259761,1.1013616266421586,-0.007920186719963864
2024-09-13,0.038734316142741886,1,1,0.0015408320493066618,1.1030586399343654,-0.006391558348191839
2024-09-16,0.040962980585550285,1,1,0.0010256410256410664,1.1041899821291699,-0.00537247276701049
2024-09-17,0.04016738628111508,1,1,-0.0010245901639344135,1.1030586399343654,-0.006391558348191839
2024-09-18,0.03693466569600114,1,1,-0.0017435897435897907,1.1011353582031977,-0.008124003836200133
2024-09-19,0.03701401100290798,1,1,0.00020548648926332902,1.1013616266421586,-0.007920186719963864
2024-09-20,0.04000447051979715,1,1,0.0,1.1013616266421586,-0.007920186719963864
2024-09-23,0.03884643988369775,1,1,-0.00041088854648163586,1.100909089764237,-0.008327820952436202
2024-09-24,0.039676923016648845,1,1,0.0012331723358340874,1.1022667003980027,-0.007104918255018384
2024-09-25,0.03778650193108163,1,1,-0.0018474802422252523,1.1002302844473546,-0.008939272301144812
2024-09-26,0.03803592934921368,1,1,-0.0011311053984576214,1.0989858080330697,-0.010060266440444296
2024-09-27,0.03960332715064918,1,1,0.0022647724933086977,1.1014747608616395,-0.007818278161845328
2024-09-30,0.03665925234081093,1,1,-0.0016433853738700988,1.0996646133499524,-0.009448815091735487
2024-10-01,0.04173091101425734,1,1,0.0016460905349793276,1.1014747608616393,-0.007818278161845528
2024-10-02,0.04042162868490375,1,1,-0.0011298274445357137,1.1002302844473544,-0.008939272301145012
2024-10-03,0.03677123878642351,1,1,-0.0026735218508997516,1.0972887947408627,-0.01158889481221652
2024-10-04,0.02886437880332083,1,1,-0.006392411588823532,1.0902744731330751,-0.017907225415540684
2024-10-07,0.026670050042731173,1,1,-0.0019715679153263777,1.0881249229629466,-0.01984348801978525
2024-10-08,0.02615553138717033,1,1,0.0005198585984611537,1.0886905940603488,-0.019333945229194575
2024-10-09,0.025123534844355953,1,1,-0.0018705185493089749,1.0866541781097008,-0.021168299275321
2024-10-10,0.024921895473253346,1,1,0.0006246746486204824,1.0873329834265835,-0.020556847926612193
2024-10-11,0.02530127891662217,1,1,0.0004161897825409877,1.0877855203045055,-0.020149213694139453
2024-10-14,0.025488571929642462,1,1,0.0,1.0877855203045055,-0.020149213694139453
2024-10-15,0.02705211141389715,1,1,0.0009360374414975059,1.0888037282798293,-0.01923203667107644
2024-10-16,0.02786380632811787,1,1,0.0007273482959269106,1.0895956678161924,-0.018518676764249495
2024-10-17,0.02518217118252017,1,1,-0.0021804589346900993,1.087219849207103,-0.020658756484730326
2024-10-18,0.024392808928495886,1,1,0.0008324661810614753,1.0881249229629466,-0.01984348801978525
2024-10-21,0.02096371856931597,1,1,-0.0034310667498441694,1.0843914937200916,-0.0232064704376839
2024-10-22,0.01886649837572597,1,1,-0.000625978090766699,1.0837126884032091,-0.02381792178639251
2024-10-23,0.01613180241704963,1,1,-0.001461530431151492,1.0821288093304828,-0.025244641600046396
2024-10-24,0.014776292935638743,1,1,0.0007318348144276232,1.082920748866846,-0.024531281693219453
2024-10-25,0.012323563784822427,1,1,-0.0010447137484328461,1.0817894066720415,-0.0255503672744008
2024-10-28,0.007948575559334387,1,1,-0.001254967580004207,1.080431796038276,-0.02677326997181842
2024-10-29,0.007231180724324626,1,1,0.00041884816753934295,1.080884332916198,-0.02636563573934588
2024-10-30,0.007562100735866277,1,1,-0.001465354825204157,1.0793004538434716,-0.02779235555299977
2024-10-31,0.008559691943993246,1,1,0.00020964360587005793,1.0795267222824325,-0.0275885384367635
2024-11-01,0.0075497145838784195,1,1,-0.0024103961433662446,1.0769246352343822,-0.029932435273480603
2024-11-04,0.009154373543226145,1,1,0.002206114087614397,1.0793004538434718,-0.02779235555299957
2024-11-05,0.006622727988993337,1,1,-0.00041928721174011585,1.07884791696555,-0.02819998978547211
2024-11-06,0.002527053176686822,1,1,-0.004194630872483285,1.074322548186332,-0.03227633211019751
2024-11-07,0.007064050849346531,0,1,0.0038963774220726055,1.078508514307109,-0.028505715459826313
2024-11-08,0.007672716729420059,1,0,-0.0,1.078508514307109,-0.028505715459826313
2024-11-11,0.006462028404235908,1,1,0.0,1.078508514307109,-0.028505715459826313
2024-11-12,0.001977925979158086,1,1,-0.004197712246825525,1.0739812459082965,-0.032583768915761514
2024-11-13,0.0031289889495904055,0,1,0.000948466645589674,1.0749998812980293,-0.031666206888176104
2024-11-14,0.0008491656340442176,0,0,-0.0,1.0749998812980293,-0.031666206888176104
2024-11-15,0.0034466396611110327,0,0,0.0,1.0749998812980293,-0.031666206888176104
2024-11-18,0.004171879606338519,0,0,0.0,1.0749998812980293,-0.031666206888176104
2024-11-19,0.004280636601743332,0,0,0.0,1.0749998812980293,-0.031666206888176104
2024-11-20,0.0025254113389697455,0,0,-0.0,1.0749998812980293,-0.031666206888176104
2024-11-21,0.001493752334110832,0,0,-0.0,1.0749998812980293,-0.031666206888176104
2024-11-22,0.0008313980507625267,0,0,-0.0,1.0749998812980293,-0.031666206888176104
2024-11-25,0.00539945727046367,0,0,0.0,1.0749998812980293,-0.031666206888176104
2024-11-26,0.002379289432335475,1,0,-0.0,1.0749998812980293,-0.031666206888176104
2024-11-27,0.004685681471547965,0,1,0.0017832791356340305,1.076916906157157,-0.029939397438590448
2024-11-29,0.00663656305132369,0,0,0.0,1.076916906157157,-0.029939397438590448
2024-12-02,0.0059798602370974945,1,0,0.0,1.076916906157157,-0.029939397438590448
2024-12-03,0.003654103206397258,1,1,-0.0008358583220143823,1.0760167561990277,-0.030750230666099627
2024-12-04,0.0031924267689807987,0,1,0.0018822545226393483,1.078042093604819,-0.02892585590420383
2024-12-05,0.0037596114309386085,0,0,-0.0,1.078042093604819,-0.02892585590420383
2024-12-06,0.005935820478461618,0,0,0.0,1.078042093604819,-0.02892585590420383
2024-12-09,0.0033591060716580525,1,0,-0.0,1.078042093604819,-0.02892585590420383
2024-12-10,0.0019110747550049427,0,1,-0.0009392611145897511,1.077029530586405,-0.02983794808713651
2024-12-11,0.002102158685754241,0,0,-0.0,1.077029530586405,-0.02983794808713651
2024-12-12,0.0010474728503588886,0,0,-0.0,1.077029530586405,-0.02983794808713651
2024-12-13,-0.000932215375909728,0,0,-0.0,1.077029530586405,-0.02983794808713651
2024-12-16,-0.00017760362631016316,0,0,0.0,1.077029530586405,-0.02983794808713651
2024-12-17,-0.00022724828018153573,0,0,-0.0,1.077029530586405,-0.02983794808713651
2024-12-18,-0.00440966570253296,0,0,-0.0,1.077029530586405,-0.02983794808713651
2024-12-19,-0.003661684078162303,0,0,-0.0,1.077029530586405,-0.02983794808713651
2024-12-20,-0.0025698271095191518,0,0,0.0,1.077029530586405,-0.02983794808713651
2024-12-23,-0.00597943062917789,0,0,-0.0,1.077029530586405,-0.02983794808713651
2024-12-24,-0.007426054214191751,0,0,0.0,1.077029530586405,-0.02983794808713651
2024-12-26,-0.007855363717258238,0,0,0.0,1.077029530586405,-0.02983794808713651
2024-12-27,-0.007883483304370529,0,0,-0.0,1.077029530586405,-0.02983794808713651
2024-12-30,-0.003939726274713267,0,0,0.0,1.077029530586405,-0.02983794808713651
2024-12-31,-0.002881919979153807,0,0,0.0,1.077029530586405,-0.02983794808713651
2025-01-02,-0.0023196283512432626,0,0,0.0,1.077029530586405,-0.02983794808713651
2025-01-03,-0.0036422599459821734,0,0,-0.0,1.077029530586405,-0.02983794808713651
2025-01-06,-0.0034735249347045026,0,0,-0.0,1.077029530586405,-0.02983794808713651
2025-01-07,-0.0055166318728201436,0,0,-0.0,1.077029530586405,-0.02983794808713651
2025-01-08,-0.0045999991362764,0,0,0.0,1.077029530586405,-0.02983794808713651
2025-01-10,-0.007929917306824514,0,0,-0.0,1.077029530586405,-0.02983794808713651
2025-01-13,-0.009068337936822036,0,0,-0.0,1.077029530586405,-0.02983794808713651
2025-01-14,-0.008785485971625111,0,0,0.0,1.077029530586405,-0.02983794808713651
2025-01-15,-0.0036268372924247996,0,0,0.0,1.077029530586405,-0.02983794808713651
2025-01-16,-0.0032061019295052777,0,0,0.0,1.077029530586405,-0.02983794808713651
2025-01-17,-0.0022981583205214868,0,0,-0.0,1.077029530586405,-0.02983794808713651
2025-01-21,0.0002304929250435627,0,0,0.0,1.077029530586405,-0.02983794808713651
2025-01-22,-0.0012325139264363124,0,0,-0.0,1.077029530586405,-0.02983794808713651
2025-01-23,-0.004047455789094111,0,0,-0.0,1.077029530586405,-0.02983794808713651
2025-01-24,-0.0031027005393852673,0,0,0.0,1.077029530586405,-0.02983794808713651
2025-01-27,-0.00261419009450185,0,0,0.0,1.077029530586405,-0.02983794808713651
2025-01-28,-0.0028731035381029777,0,0,0.0,1.077029530586405,-0.02983794808713651
2025-01-29,-0.0005548600047392215,0,0,-0.0,1.077029530586405,-0.02983794808713651
2025-01-30,-5.721949890116198e-05,0,0,0.0,1.077029530586405,-0.02983794808713651
2025-01-31,0.001484824733147516,0,0,0.0,1.077029530586405,-0.02983794808713651
2025-02-03,5.053034852909276e-05,0,0,-0.0,1.077029530586405,-0.02983794808713651
2025-02-04,0.0005991772034167676,0,0,0.0,1.077029530586405,-0.02983794808713651
2025-02-05,0.0039047924850518553,0,0,0.0,1.077029530586405,-0.02983794808713651
2025-02-06,0.002117880065635902,0,0,-0.0,1.077029530586405,-0.02983794808713651
2025-02-07,0.0011786695922455792,0,0,-0.0,1.077029530586405,-0.02983794808713651
2025-02-10,0.0015717162621527838,0,0,0.0,1.077029530586405,-0.02983794808713651
2025-02-11,0.0023449559196299704,0,0,-0.0,1.077029530586405,-0.02983794808713651
2025-02-12,-0.0024666611116644535,0,0,-0.0,1.077029530586405,-0.02983794808713651
2025-02-13,-0.0007120448491153004,0,0,0.0,1.077029530586405,-0.02983794808713651
2025-02-14,0.001344145150466586,0,0,0.0,1.077029530586405,-0.02983794808713651
2025-02-18,-0.0018509722515099576,0,0,-0.0,1.077029530586405,-0.02983794808713651
2025-02-19,-0.0013750875511539641,0,0,0.0,1.077029530586405,-0.02983794808713651
2025-02-20,-0.0003964131044411675,0,0,0.0,1.077029530586405,-0.02983794808713651
2025-02-21,0.0026446815767429076,0,0,0.0,1.077029530586405,-0.02983794808713651
2025-02-24,0.0038215070190548367,0,0,0.0,1.077029530586405,-0.02983794808713651
2025-02-25,0.0057946853026077435,0,0,0.0,1.077029530586405,-0.02983794808713651
2025-02-26,0.006714240206683469,1,0,0.0,1.077029530586405,-0.02983794808713651
2025-02-27,0.005123722522194607,1,1,-0.00010395010395014559,1.0769175732547431,-0.029938796533281412
2025-02-28,0.007936735617928792,1,1,0.0033267491423225604,1.0805002078679204,-0.02671164625664811
2025-03-03,0.008778120773916147,1,1,0.0014506268780436482,1.0820676105111855,-0.025299768010621067
2025-03-04,0.00845043249111943,1,1,-0.0007242628039317855,1.081283909189553,-0.02600570713363459
2025-03-05,0.0037080046146917124,1,1,-0.002795609857113246,1.0782610612346848,-0.028728615179543775
2025-03-06,0.0037318081992428137,0,1,0.00031149413352715705,1.07859693322967,-0.028426069841109465
2025-03-07,0.0028083009537403334,0,0,-0.0,1.07859693322967,-0.028426069841109465
2025-03-10,0.006385508088946617,0,0,0.0,1.07859693322967,-0.028426069841109465
2025-03-11,0.0048602648791884135,1,0,-0.0,1.07859693322967,-0.028426069841109465
2025-03-12,0.004081477931973526,0,1,-0.0015550487248600087,1.0769196624440134,-0.029936914642310276
2025-03-13,0.007395274736602336,0,0,0.0,1.0769196624440134,-0.029936914642310276
2025-03-14,0.0055379399945601196,1,0,-0.0,1.0769196624440134,-0.029936914642310276
2025-03-17,0.005518646090349822,1,1,-0.00020774903916065401,1.0766959334188875,-0.030138444316218507
2025-03-18,0.0066920756751662315,1,1,0.0006233766233767479,1.0773671204942656,-0.02953385529449341
2025-03-19,0.009314172196521808,1,1,0.0017651334233206306,1.0792688172078369,-0.027820853066272536
2025-03-20,0.010658404020080586,1,1,0.0008291873963515162,1.0801637333083407,-0.027014734370639407
2025-03-21,0.010862735366661418,1,1,0.00010356255178112228,1.0802755978209035,-0.02691396953368539
2025-03-24,0.007596586098052226,1,1,-0.003106554830692776,1.0769196624440134,-0.029936914642310276
2025-03-25,0.008199838804949698,1,1,0.0009348706762231096,1.0779264430570803,-0.02903003110972293
2025-03-26,0.007714265813377008,1,1,-0.0008302200083021294,1.0770315269565764,-0.02983614980535606
2025-03-27,0.008505579089252346,1,1,0.00010386373078530298,1.0771433914691395,-0.02973538496840184
2025-03-28,0.011318794560260238,1,1,0.0037387059923148502,1.0811705139214076,-0.02610785083805206
2025-03-31,0.015357403749141007,1,1,0.0016554578375582718,1.0829603461224158,-0.024495613446785403
2025-04-01,0.017634611142112042,1,1,0.0012395413696932867,1.0843027202731719,-0.023286435403335408
2025-04-02,0.016858528435535047,1,1,-0.0009285051067781103,1.0832959396601047,-0.024193318935922956
2025-04-03,0.024558505643119108,1,1,0.00660883932259404,1.0904552684641369,-0.01774436937085672
2025-04-04,0.02588012685860732,1,1,0.0009232663110381178,1.0914620490772038,-0.016837485838269377
2025-04-07,0.01973453962108367,1,1,-0.005022035461719754,1.0859806879616167,-0.021774962849023166
2025-04-08,0.020346394959874767,1,1,-0.0009270704573547395,1.0849739073485498,-0.022681846381610513
2025-04-09,0.01730296399807576,1,1,-0.0032993092071347263,1.0813942429465337,-0.02590632116414363
2025-04-10,0.01570906430946718,1,1,-0.0012413365056377357,1.0800518687957776,-0.027115499207593624
2025-04-11,0.01137432959843274,1,1,-0.0035214914552046395,1.0762484753686354,-0.03054150366403517
2025-04-14,0.014681044732960967,1,1,0.004261511277414032,1.0808349203837186,-0.02641014534891451
2025-04-15,0.017172323403708865,1,1,0.0010349824052990897,1.0819535655093486,-0.025402496979372947
2025-04-16,0.01900410128214237,1,1,0.002584780810587217,1.0847501783234237,-0.022883376055518944
2025-04-17,0.018358087865277647,1,1,-0.0010312467773537781,1.0836315331977937,-0.023891024425060504
2025-04-21,0.016788245364278708,1,1,-0.001032311345101733,1.0825128880721637,-0.02489867279460207
2025-04-22,0.016708784360582103,1,1,-0.0005166890565257987,1.0819535655093486,-0.025402496979372947
2025-04-23,0.015198315757165858,1,1,-0.0006203473945409765,1.0812823784339707,-0.026007086001097846
2025-04-24,0.017934510618744168,1,1,0.0025863852679495203,1.0840789912480457,-0.023487965077243843
2025-04-25,0.020215778451708622,1,1,0.001651016406975403,1.0858688234490537,-0.021875727685977384
2025-04-28,0.021874463185535598,1,1,0.002369424126918762,1.0884417072380028,-0.01955813643603161
2025-04-29,0.02377849715201544,1,1,0.0014388489208632116,1.0900078104138848,-0.018147428718673385
2025-04-30,0.02522387937647328,1,1,0.002360426929392423,1.0925806942028338,-0.015829837468727813
2025-05-01,0.02150976464622697,1,1,-0.002969181939183052,1.0893366233385067,-0.01875201774039848
2025-05-02,0.01746705390659915,1,1,-0.0039022386527006736,1.0850857718611127,-0.022581081544656496
2025-05-05,0.0156683639005178,1,1,-0.0007216494845360133,1.0843027202731716,-0.02328643540333561
2025-05-06,0.018989332969148388,1,1,0.0015475085112968134,1.0859806879616167,-0.021774962849023166
2025-05-07,0.01969625085052946,1,1,0.000721054800164822,1.0867637395495577,-0.021069608990344053
2025-05-08,0.01795582480022262,1,1,-0.004117344312918214,1.0822891590470376,-0.0251002024685105
2025-05-09,0.019652413673663514,1,1,0.00031007751937983663,1.0826247525847266,-0.024797907957648052
2025-05-12,0.015583361896423766,1,1,-0.0038231039470965067,1.0784857656198956,-0.02852620692495185
2025-05-13,0.013941979467948467,1,1,-0.0003111710403485013,1.0781501720822066,-0.028828501435814297
2025-05-14,0.012726101998334075,1,1,-0.0017638514214567413,1.0762484753686357,-0.030541503664034974
2025-05-15,0.014722292311181554,1,1,0.003326057582371922,1.0798281397706517,-0.027317028881501854
2025-05-16,0.014254571474924604,1,1,-0.00020718947477460503,1.0796044107455258,-0.027518558555410088
2025-05-19,0.013428913487272796,1,1,0.00020723241114906088,1.0798281397706517,-0.027317028881501854
2025-05-20,0.012589771897023833,1,1,-0.00020718947477460503,1.0796044107455258,-0.027518558555410088
2025-05-21,0.006982839228134546,1,1,-0.0024867889337892857,1.0769196624440138,-0.029936914642309874
2025-05-22,0.007899299743591565,1,1,0.0014542432741249112,1.0784857656198958,-0.02852620692495165
2025-05-23,0.008945456500591425,1,1,0.001037236801161745,1.0796044107455258,-0.027518558555410088
2025-05-27,0.008098029489861679,1,1,0.0012433944668945873,1.0809467848962817,-0.026309380511960294
2025-05-28,0.0057545331279347245,1,1,-0.0011383628272793045,1.0797162752580887,-0.027417793718456072
2025-05-29,0.007520618252095362,1,1,0.0019685039370078705,1.0818417009967858,-0.025503261816326964
2025-05-30,0.009438879702548563,1,1,0.0016544307724124518,1.083631533197794,-0.023891024425060307
2025-06-02,0.008341986902145066,1,1,-0.001548467017652544,1.0819535655093488,-0.02540249697937275
2025-06-03,0.007763186972892454,1,1,-0.0007237386269643986,1.0811705139214078,-0.026107850838051862
2025-06-04,0.009829824168919104,1,1,0.003414381789963672,1.0848620428359868,-0.02278261121856473
2025-06-05,0.00892564643596092,1,1,-0.0018560527943907168,1.0828484816098527,-0.02459637828373962
2025-06-06,0.006164514173492813,1,1,-0.004235537190082628,1.0782620365947697,-0.028727736598860083
2025-06-09,0.006888562895387017,1,1,0.0009337068160597539,1.0792688172078366,-0.027820853066272737
2025-06-10,0.009531848453809255,1,1,0.0005182421227196699,1.0798281397706515,-0.027317028881502056
2025-06-11,0.012413951933889233,1,1,0.002382678959908846,1.0824010235596004,-0.024999437631556484
2025-06-12,0.014216923532631865,1,1,0.0018602728400165525,1.0844145847857345,-0.023185670566381593
2025-06-13,0.013068633029536668,1,1,-0.0017536620590056229,1.0825128880721635,-0.024898672794602266
2025-06-16,0.01224619631625773,1,1,-0.0011367159243567126,1.0812823784339705,-0.026007086001098044
2025-06-17,0.013522493755769615,1,1,0.001965652803641582,1.0834078041726674,-0.024092554098969137
2025-06-18,0.015103804938216846,1,1,0.00030975735673721694,1.0837433977103563,-0.02379025958810669
2025-06-20,0.015244635573681664,1,1,0.0006193228736581791,1.0844145847857345,-0.023185670566381593
2025-06-23,0.017122384885427278,1,1,0.0018568186507117446,1.0864281460118685,-0.021371903501206702
2025-06-24,0.0189026310629541,1,1,0.0016474464579900872,1.0882179782128765,-0.019759666109940243
2025-06-25,0.016828334188560123,1,1,0.0005139802631579649,1.0887773007756916,-0.019255841925169364
2025-06-26,0.017686752676405224,1,1,0.0018493784033699612,1.0907908620018256,-0.017442074859994473
2025-06-27,0.015502068676296898,1,1,-0.001128089426725487,1.0895603523636326,-0.01855048806649025
2025-06-30,0.01811946592265462,1,1,0.002053388090349051,1.0917976426148925,-0.016535191327407127
2025-07-01,0.014182504357889165,1,1,-0.0016393442622950616,1.0900078104138846,-0.018147428718673586
2025-07-02,0.013798003160806205,1,1,-0.0007183908045976795,1.0892247588259436,-0.0188527825773527
2025-07-03,0.012490693286451958,1,1,-0.002464824894731543,1.0865400105244314,-0.021271138664252686
2025-07-07,0.013845265380305704,1,1,-0.0009265932255738685,1.0855332299113645,-0.022178022196840032
2025-07-08,0.015347479005534102,1,1,-0.0006183017312448857,1.0848620428359865,-0.022782611218564928
2025-07-09,0.01760837038296289,1,1,0.0021653949267890216,1.0872111975998096,-0.02066654964252759
2025-07-10,0.01686877281098411,1,1,-0.00020578248791025544,1.0869874685746836,-0.020868079316435823
2025-07-11,0.012631045604618783,1,1,-0.0017495111659977525,1.0850857718611127,-0.022581081544656496
2025-07-14,0.011628099741531894,1,1,-0.00020618556701024193,1.0848620428359868,-0.02278261121856473
2025-07-15,0.008513137842710844,1,1,-0.001959166838523374,1.0827366170972899,-0.024697143120693637
2025-07-16,0.011315197189263937,1,1,0.0019630127079244275,1.084862042835987,-0.02278261121856453
2025-07-17,0.010150262300284995,1,1,-0.0006186842647969426,1.0841908557606088,-0.023387200240289625
2025-07-18,0.011042782026695229,1,1,0.0015476681799422298,1.0858688234490539,-0.021875727685977182
2025-07-21,0.009991667130475522,1,1,0.0012362212836098951,1.08721119759981,-0.02066654964252719
2025-07-22,0.010050659797289628,1,1,0.0012346949274617547,1.088553571750566,-0.019457371599077195
2025-07-23,0.008245267116624782,1,1,-0.00184975850375102,1.086540010524432,-0.021271138664252086
2025-07-24,0.006155190041201903,1,1,-0.0010295480284154834,1.085421365398802,-0.022278787033793646
2025-07-25,0.006346715507322881,1,1,0.000824487271977814,1.0863162814993061,-0.02147266833816032
2025-07-28,0.005035682112069911,1,1,-0.0007208320461331574,1.0855332299113651,-0.022178022196839432
2025-07-29,0.007625685395902082,1,1,0.002473206924979321,1.0882179782128771,-0.019759666109939643
2025-07-30,0.006105253474919919,1,1,-0.001953125,1.08609255247418,-0.02167419801206875
2025-07-31,0.0071095849710677336,1,1,0.00041198887630033987,1.086540010524432,-0.021271138664252086
2025-08-01,0.015562729789726169,1,1,0.007206836198908606,1.0943705264038421,-0.014217600077460955
2025-08-04,0.015705238741360594,1,1,0.00040887253398769197,1.0948179844540944,-0.01381454072964409
2025-08-05,0.016798856589172583,1,1,-0.0007152344947379818,1.0940349328661534,-0.014519894588323203
2025-08-06,0.017329984355804073,1,1,0.00010224948875259265,1.0941467973787165,-0.014419129751368987
2025-08-07,0.016820122227675417,1,1,-0.0006134342091811407,1.0934756103033383,-0.015023718773094084
2025-08-08,0.01537896336532335,1,1,-0.0014322250639385858,1.0919095071274563,-0.01643442649045231
2025-08-11,0.016506115989357483,1,1,0.00010244851961904722,1.0920213716400193,-0.016333661653498095
2025-08-12,0.015670469241828144,1,1,0.0003073140749847436,1.0923569651777085,-0.016031367142635446
2025-08-13,0.017096499600694856,1,1,0.001945724526369652,1.0944823909164054,-0.01411683524050654
2025-08-14,0.014368873559574356,1,1,-0.001737530662305864,1.0925806942028344,-0.015829837468727213
2025-08-15,0.013058109142370078,1,1,-0.0009214702569878552,1.0915739135897673,-0.01673672100131476
2025-08-18,0.012234002400249976,1,1,-0.0004099200655871549,1.0911264555395153,-0.017139780349131425
2025-08-19,0.011821810954645283,1,1,0.0011277424646298773,1.0923569651777083,-0.016031367142635648
2025-08-20,0.011788264002341875,1,1,0.0005120327700971483,1.0929162877405232,-0.015527542957864965
2025-08-21,0.008561667177605403,1,1,-0.0016376663254861201,1.0911264555395153,-0.017139780349131425
2025-08-22,0.011252415936325666,1,1,0.003178183309411331,1.094594255428968,-0.014016070403552723
2025-08-25,0.009857030217588613,1,1,-0.0010219724067449532,1.093475610303338,-0.015023718773094285
2025-08-26,0.011071086480878598,1,1,0.001534526854219953,1.0951535779917831,-0.013512246218781842
2025-08-27,0.013064967642723989,1,1,0.0011235955056179137,1.0963840876299762,-0.012403833012286064
2025-08-28,0.014040580911105681,1,1,0.0004081216202427296,1.096831545680228,-0.0120007736644696
2025-08-29,0.010431244848071453,1,1,0.00020397756246803844,1.097055274705354,-0.011799243990561368
2025-09-02,0.010328102182695786,1,1,-0.0011216478025899423,1.0958247650671609,-0.012907657197057146
2025-09-03,0.013890638087952357,1,1,0.001224989791751785,1.097167139217917,-0.01169847915360715
2025-09-04,0.015001033037903077,1,1,0.0018352365415987837,1.099180700444051,-0.00988471208843226
2025-09-05,0.017863011906548945,1,1,0.0021371870547526317,1.101529855207874,-0.007768650512394921
2025-09-08,0.018545186744354278,1,1,0.0012186452726719033,1.1028722293586302,-0.006559472468944927
2025-09-09,0.016261420061817397,1,1,-0.0014200223146363378,1.1013061261827481,-0.007970180186303154
2025-09-10,0.016641270037185206,1,1,0.0006094464195023352,1.1019773132581263,-0.007365591164578056
2025-09-11,0.01704714879052489,1,1,0.0003045376103949504,1.1023129067958153,-0.007063296653715608
2025-09-12,0.015507069636483205,1,1,-0.0012177795818957282,1.1009705326450592,-0.008272474697165601
2025-09-15,0.01713059975391512,1,1,0.0008128429181060159,1.101865448745563,-0.0074663560015324724
2025-09-16,0.01740396167044582,1,1,0.0005076142131978933,1.102424771308378,-0.006962531816761792
2025-09-17,0.015280229214929818,1,1,-0.0013191273465245068,1.100970532645059,-0.008272474697165803
2025-09-18,0.013413493853518576,1,1,-0.0013208697419223592,1.09951629398174,-0.009582417577569812
2025-09-19,0.012452000441089484,1,1,-0.00010173974972027544,1.099404429469177,-0.009683182414524028
2025-09-22,0.010783967039678776,1,1,-0.0009157509157509125,1.09839764885611,-0.010590065947111373
2025-09-23,0.012331245572779558,1,1,0.0011202770139524532,1.0996281584943028,-0.009481652740615796
2025-09-24,0.010185735620045388,1,1,-0.001424211597151559,1.0980620553184208,-0.010892360457974022
2025-09-25,0.007011274023539326,1,1,-0.0015281173594131614,1.0963840876299757,-0.012403833012286465
2025-09-26,0.006783016169200601,1,1,0.0,1.0963840876299757,-0.012403833012286465
2025-09-29,0.010260702314102666,1,1,0.0009182736455461971,1.0973908682430427,-0.011496949479699118
2025-09-30,0.011600562146895886,1,1,0.0005096839959226607,1.0979501908058578,-0.010993125294928238
2025-10-01,0.014831624118523346,1,1,0.002139582272032481,1.1002993455696806,-0.008877063718891099
2025-10-02,0.014326440516510306,1,1,0.00020333468889788264,1.1005230745948065,-0.008675534044982867
2025-10-03,0.014435347266038855,1,1,-0.0012197601138441705,1.0991807004440506,-0.00988471208843266
2025-10-06,0.012094740542179232,1,1,-0.0011194789334418864,1.0979501908058575,-0.010993125294928439
2025-10-07,0.01367432755238268,1,1,0.0011207335710647914,1.0991807004440506,-0.00988471208843266
2025-10-08,0.0131494532596458,1,1,-0.0003053124363932014,1.0988451069063616,-0.010187006599295109
2025-10-09,0.012689777195307355,1,1,-0.0003054056805457117,1.0985095133686726,-0.010489301110157558
2025-10-10,0.016338031930832265,1,1,0.0029531568228104987,1.1017535842329995,-0.007567120838487089
2025-10-13,0.01601207109845472,1,1,0.0,1.1017535842329995,-0.007567120838487089
2025-10-14,0.017666411738765188,1,1,0.0017260635597522445,1.1036552809465705,-0.005854118610266415
2025-10-15,0.015718992595258264,1,1,-0.0007095073991485457,1.1028722293586295,-0.006559472468945528
2025-10-16,0.018895070161338724,1,1,0.0026371842986103733,1.1057807066852674,-0.003939586708137507
2025-10-17,0.017063108807654104,1,1,-0.0013151239251391056,1.1043264680219484,-0.005249529588541518
2025-10-20,0.017184595384296418,1,1,0.0004051863857374993,1.1047739260722005,-0.004846470240724853
2025-10-21,0.016711900545489045,1,1,0.0006075334143376132,1.1054451131475782,-0.004241881219000156
2025-10-22,0.017270330320061464,1,1,0.00010119409026509985,1.1055569776601413,-0.004141116382045939
2025-10-23,0.01848875049227594,1,1,-0.0017201254679752864,1.1036552809465703,-0.005854118610266614
2025-10-24,0.018407224219371906,1,1,0.0004054327995135498,1.1041027389968223,-0.00545105926244995
2025-10-27,0.01472403663692665,1,1,-0.0005065856129685686,1.1035434164340074,-0.0059548834472206305
2025-10-28,0.01465793345256915,1,1,0.00040547389761780295,1.1039908744842595,-0.005551824099403966
2025-10-29,0.013004615419973558,1,1,-0.0036477859965549086,1.0999637520319914,-0.009179358229753748
2025-10-30,0.012268648087393258,1,1,-0.00040679345062533123,1.0995162939817396,-0.009582417577570211
2025-10-31,0.014814442969306063,1,1,0.0006104384983212086,1.1001874810571175,-0.008977828555845314
2025-11-03,0.015381041058413158,1,1,-0.00010167768174873526,1.1000756165445547,-0.00907859339279933
2025-11-04,0.016280254393640958,1,1,0.0006101281269066394,1.1007468036199326,-0.008474004371074434
2025-11-05,0.012544506462862065,1,1,-0.0023373983739838344,1.0981739198309834,-0.010791595621020207
2025-11-06,0.014791647856760834,1,1,0.0026484669450952403,1.1010823971576216,-0.008171709860211986
2025-11-07,0.01529536302508566,1,1,0.0003047851264856849,1.1014179906953103,-0.007869415349349738
2025-11-10,0.014695909928552412,1,1,-0.0010156408693885455,1.1002993455696803,-0.0088770637188913
2025-11-11,0.014738779870425765,1,1,0.0,1.1002993455696803,-0.0088770637188913
