Date,Cash Weight,H5A4 Weight,C5A0 Weight,G5O2 Weight,Daily Return,Equity Curve
1997-12-11,0.1,0.0,0.0,0.9,0.0,1.0
1997-12-12,0.1,0.0,0.0,0.9,0.002149202407106765,1.0021492024071068
1997-12-15,0.1,0.0,0.0,0.9,-0.0009433962264150608,1.001203778631251
1997-12-16,0.1,0.0,0.0,0.9,0.0005151197176381794,1.0017195184389978
1997-12-17,0.1,0.0,0.0,0.9,-0.0008580417580321576,1.0008600012623412
1997-12-18,0.1,0.0,0.0,0.9,0.0013741769252790359,1.0022353599815108
1997-12-19,0.1,0.0,0.0,0.9,0.0006860409718913773,1.0029229345019364
1997-12-22,0.1,0.0,0.0,0.9,0.00025706940874044016,1.003180755307721
1997-12-23,0.1,0.0,0.0,0.9,8.56653340947755e-05,1.003266693122282
1997-12-24,0.1,0.0,0.0,0.9,-8.565718092693465e-05,1.0031807561256314
1997-12-26,0.1,0.0,0.0,0.9,8.56653340947755e-05,1.0032666939402624
1997-12-29,0.1,0.0,0.0,0.9,8.565718092703457e-05,1.0033526309369833
1997-12-30,0.1,0.0,0.0,0.9,-0.000685192234488019,1.002665141505812
1997-12-31,0.05,0.12,0.4049932574380027,0.4250067425619973,-0.001457142857142868,1.0012041151567608
1998-01-02,0.05,0.12,0.4049932574380027,0.4250067425619973,0.002229808854910369,1.00343660895831
1998-01-05,0.05,0.12,0.4049932574380027,0.4250067425619973,0.005092272378641771,1.0085463814858264
1998-01-06,0.05,0.12,0.4049932574380027,0.4250067425619973,0.0016562335800735936,1.010216769869905
1998-01-07,0.05,0.12,0.4049932574380027,0.4250067425619973,-0.0013724890070826849,1.008830258458488
1998-01-08,0.05,0.12,0.4049932574380027,0.4250067425619973,0.002789532253435364,1.0116444230026995
1998-01-09,0.05,0.12,0.4049932574380027,0.4250067425619973,0.0033497771681407587,1.0150332063931509
1998-01-12,0.05,0.12,0.4049932574380027,0.4250067425619973,0.00017217307248178215,1.0152079677789665
1998-01-13,0.05,0.12,0.4049932574380027,0.4250067425619973,-0.0011789338839110113,1.0140111047065354
1998-01-14,0.05,0.12,0.4049932574380027,0.4250067425619973,-0.000807847432155403,1.0131919384394212
1998-01-15,0.05,0.12,0.4049932574380027,0.4250067425619973,-0.002102013193254385,1.0110621956175225
1998-01-16,0.05,0.12,0.4049932574380027,0.4250067425619973,-0.001971616174606713,1.0090687690391096
1998-01-20,0.05,0.12,0.4049932574380027,0.4250067425619973,-0.00020263037534460528,1.0088643010556906
1998-01-21,0.05,0.12,0.4049932574380027,0.4250067425619973,0.0011643259130463335,1.010038947904157
1998-01-22,0.05,0.12,0.4049932574380027,0.4250067425619973,0.0004400885132703599,1.0104834544430852
1998-01-23,0.05,0.12,0.4049932574380027,0.4250067425619973,-0.0036039765138345843,1.0068416958056539
1998-01-26,0.05,0.12,0.4049932574380027,0.4250067425619973,0.0014440534103048663,1.008295628990119
1998-01-27,0.05,0.12,0.4049932574380027,0.4250067425619973,-0.001905336999650219,1.0063744860216186
1998-01-28,0.05,0.12,0.4049932574380027,0.4250067425619973,-7.423701967373743e-05,1.0062997757791008
1998-01-29,0.05,0.12,0.4049932574380027,0.4250067425619973,0.003644780237243765,1.0099675173146032
1998-01-30,0.05,0.12,0.4601895527512177,0.3698104472487823,0.000866560335350982,1.010842715105101
1998-02-02,0.05,0.12,0.4601895527512177,0.3698104472487823,-0.002734992235453862,1.0080780681280235
1998-02-03,0.05,0.12,0.4601895527512177,0.3698104472487823,0.000683215624413326,1.0087668028147971
1998-02-04,0.05,0.12,0.4601895527512177,0.3698104472487823,0.00018627914047312017,1.0089547150277633
1998-02-05,0.05,0.12,0.4601895527512177,0.3698104472487823,-0.0013034058026763192,1.0076396375975585
1998-02-06,0.05,0.12,0.4601895527512177,0.3698104472487823,-0.0001453667704655451,1.0074931602776478
1998-02-09,0.05,0.12,0.4601895527512177,0.3698104472487823,-0.0006138087459894982,1.0068747521643449
1998-02-10,0.05,0.12,0.4601895527512177,0.3698104472487823,0.0004366366113470273,1.0073143905441808
1998-02-11,0.05,0.12,0.4601895527512177,0.3698104472487823,0.0014546064208090332,1.0087796365244397
1998-02-12,0.05,0.12,0.4601895527512177,0.3698104472487823,0.0008042597376213459,1.0095909573702286
1998-02-13,0.05,0.12,0.4601895527512177,0.3698104472487823,0.000969067174167277,1.0105693188263523
1998-02-17,0.05,0.12,0.4601895527512177,0.3698104472487823,-0.002362560738066269,1.0081817874305987
1998-02-18,0.05,0.12,0.4601895527512177,0.3698104472487823,-0.001072025003596952,1.007100991346302
1998-02-19,0.05,0.12,0.4601895527512177,0.3698104472487823,-0.00054671360455915,1.006550395533168
1998-02-20,0.05,0.12,0.4601895527512177,0.3698104472487823,-0.00042490349473368893,1.0061227087524804
1998-02-23,0.05,0.12,0.4601895527512177,0.3698104472487823,-0.0009957646726929297,1.0051208473027107
1998-02-24,0.05,0.12,0.4601895527512177,0.3698104472487823,-0.0032769446082369846,1.0018271219615154
1998-02-25,0.05,0.12,0.4601895527512177,0.3698104472487823,0.0012434431794570878,1.0030728370633135
1998-02-26,0.05,0.12,0.4601895527512177,0.3698104472487823,-0.0006280992027934432,1.0024428078140102
1998-02-27,0.05,0.12,0.5301076920569061,0.2998923079430939,0.000996777018402851,1.0034420197671026
1998-03-02,0.05,0.12,0.5301076920569061,0.2998923079430939,-0.003994642670677321,0.9994336274573903
1998-03-03,0.05,0.12,0.5301076920569061,0.2998923079430939,-0.0017027840409455037,0.9977318078265716
1998-03-04,0.05,0.12,0.8300000000000001,0.0,0.0003904010833333143,0.9981213234052232
1998-03-05,0.05,0.12,0.83,0.0,2.0611391670901654e-05,0.998141896074755
1998-03-06,0.05,0.12,0.83,0.0,0.0017913351032337666,0.999929902691202
1998-03-09,0.05,0.12,0.83,0.0,0.0018785195945477406,1.0018082906065815
1998-03-10,0.05,0.12,0.83,0.0,6.72173725652625e-05,1.0018756295276903
1998-03-11,0.05,0.12,0.83,0.0,0.0011201198831791404,1.0029978503407968
1998-03-12,0.05,0.12,0.83,0.0,0.0023920216509816573,1.0053970429147001
1998-03-13,0.05,0.12,0.83,0.0,-0.0002910847248324144,1.005104387193116
1998-03-16,0.05,0.12,0.83,0.0,-0.0006025156805953645,1.004498796039197
1998-03-17,0.05,0.12,0.83,0.0,-0.0003819244936562249,1.0041151533451413
1998-03-18,0.05,0.12,0.83,0.0,-0.0005279370787661108,1.0035850437243397
1998-03-19,0.05,0.12,0.83,0.0,-0.00011083710759039576,1.0034738092608722
1998-03-20,0.05,0.12,0.83,0.0,0.0004292303727995094,1.0039045306981158
1998-03-23,0.05,0.12,0.83,0.0,0.0004407232452408149,1.004346974760797
1998-03-24,0.05,0.12,0.83,0.0,0.000169195856066231,1.0045169061069792
1998-03-25,0.05,0.12,0.83,0.0,-0.002172722324023022,1.002334369800222
1998-03-26,0.05,0.12,0.83,0.0,-0.0013098340839027168,1.0010214780791906
1998-03-27,0.05,0.12,0.83,0.0,-0.0002138007818697396,1.0008074589045088
1998-03-30,0.05,0.12,0.83,0.0,-0.0006794476232419,1.0001274626552334
1998-03-31,0.05,0.12,0.5604386425583705,0.2695613574416295,0.001050351953434847,1.0011779484893173
1998-04-01,0.05,0.12,0.8299999999999998,0.0,0.00041685684808026396,1.001595296373292
1998-04-02,0.05,0.12,0.8299999999999998,0.0,0.0017180016915836923,1.0033160387867435
1998-04-03,0.05,0.12,0.8299999999999998,0.0,0.0033973487064862936,1.0067246532333125
1998-04-06,0.05,0.12,0.8299999999999998,0.0,-0.0009543512569006771,1.0057638842951464
1998-04-07,0.05,0.12,0.8299999999999998,0.0,-0.00024763568040817914,1.005514821271329
1998-04-08,0.88,0.12,0.0,0.0,-0.015060238053958659,0.990371528696199
1998-04-09,0.05,0.12,0.83,0.0,-2.3421489216346458e-05,0.9903483327201196
1998-04-13,0.05,0.12,0.8300000000000002,0.0,-0.0020324739299824443,0.9883354755522644
1998-04-14,0.05,0.12,0.8299999999999998,0.0,0.0013666234517745227,0.9896861579913749
1998-04-15,0.05,0.12,0.8300000000000001,0.0,-0.0009465881011214592,0.9887493328503757
1998-04-16,0.05,0.12,0.8300000000000001,0.0,0.000813173021994662,0.9895533571333649
1998-04-17,0.05,0.12,0.8300000000000001,0.0,-4.3730785702147396e-05,0.9895100831875632
1998-04-20,0.88,0.12,0.0,0.0,-0.001151542744082127,0.9883706200310725
1998-04-21,0.88,0.12,0.0,0.0,-7.03399765533419e-05,0.9883010980648335
1998-04-22,0.88,0.12,0.0,0.0,1.1730205278608352e-05,0.9883126910395909
1998-04-23,0.88,0.12,0.0,0.0,-2.3458117486070407e-05,0.9882895070843715
1998-04-24,0.88,0.12,0.0,0.0,3.5194056114953296e-05,0.9883242890007417
1998-04-27,0.88,0.12,0.0,0.0,-0.000551211884284597,0.9877795129071173
1998-04-28,0.88,0.12,0.0,0.0,3.534609720176718e-05,0.9878144270577944
1998-04-29,0.88,0.12,0.0,0.0,-7.06713780918733e-05,0.9877446168509352
1998-04-30,0.05,0.0,0.95,0.0,-4.714201532114437e-05,0.9876980525790742
1998-05-01,0.1,0.0,0.0,0.9,-0.016207586732748823,0.9716898507261318
1998-05-04,0.1,0.0,0.0,0.9,0.015341404358353584,0.9865969376370295
1998-05-05,0.1,0.0,0.0,0.9,-0.000599942862584535,0.9860050358460464
1998-05-06,0.05,0.0,0.95,0.0,0.0017152658662092923,0.9876962966279437
1998-05-07,0.05,0.0,0.95,0.0,-0.0005429605639169387,0.9871600164897479
1998-05-08,0.1,0.0,0.0,0.9,-0.001086542127335116,0.986087425545411
1998-05-11,0.1,0.0,0.0,0.9,-0.0015425633212720392,0.9845663232511971
1998-05-12,0.1,0.0,0.0,0.9,0.0022319725295687045,0.9867638482382323
1998-05-13,0.05,0.0,0.95,0.0,0.0005137963843957927,0.9872708439357095
1998-05-14,0.05,0.0,0.95,0.0,-0.000723947418555848,0.9865561117568268
1998-05-15,0.1,0.0,0.0,0.9,-0.002626310772163998,0.9839651088131756
1998-05-18,0.1,0.0,0.0,0.9,0.001724964063248735,0.9856624132653689
1998-05-19,0.05,0.0,0.95,0.0,-0.0002582496413199076,0.9854078663006806
1998-05-20,0.05,0.0,0.95,0.0,0.0013594733829421556,0.986747502066258
1998-05-21,0.05,0.0,0.95,0.0,-0.001900543012289213,0.9848721459963121
1998-05-22,0.05,0.0,0.95,0.0,0.0006347842688047444,0.9854973273413746
1998-05-26,0.05,0.0,0.95,0.0,0.0026280644853573618,0.9880872778677751
1998-05-27,0.05,0.0,0.95,0.0,0.0009941019786911087,0.989069537385823
1998-05-28,0.1,0.0,0.0,0.9,-0.01733346003991256,0.9719255400828511
1998-05-29,0.05,0.0,0.95,0.0,0.013590165521246811,0.9851341690469042
1998-06-01,0.05,0.0,0.95,0.0,-0.0008122743682310806,0.9843339698121188
1998-06-02,0.05,0.0,0.95,0.0,-0.0009032994199867639,0.9834448215081143
1998-06-03,0.05,0.0,0.95,0.0,-0.0004520795660035825,0.9830002262000185
1998-06-04,0.05,0.0,0.95,0.0,-0.0008141306417824123,0.9821999355949901
1998-06-05,0.05,0.0,0.95,0.0,0.0001810730963499596,0.9823777855785629
1998-06-08,0.1,0.0,0.0,0.9,0.00045259647451164616,0.9828224063009544
1998-06-09,0.05,0.0,0.95,0.0,8.592705747574314e-05,0.9829068573383491
1998-06-10,0.05,0.0,0.95,0.0,0.002533333333333265,0.9853968880436063
1998-06-11,0.05,0.0,0.95,0.0,0.003158244680851019,0.9885090125237972
1998-06-12,0.05,0.0,0.95,0.0,0.0007194925683991382,0.9892202374121036
1998-06-15,0.05,0.0,0.95,0.0,-0.000898685081827566,0.9883312399420995
1998-06-16,0.05,0.0,0.95,0.0,-0.0027885616892339648,0.9855752173101239
1998-06-17,0.05,0.0,0.95,0.0,-0.0030674264007597815,0.9825520378686122
1998-06-18,0.05,0.0,0.95,0.0,0.0011766387195121797,0.983708146640304
1998-06-19,0.05,0.0,0.95,0.0,0.0011751831763249453,0.9848641839046495
1998-06-22,0.05,0.0,0.95,0.0,0.0007222961414179107,0.9855755475045045
1998-06-23,0.05,0.0,0.95,0.0,0.00018043684710356,0.9857533816488787
1998-06-24,0.05,0.0,0.95,0.0,9.020129130276054e-05,0.9858422978768094
1998-06-25,0.05,0.0,0.95,0.0,-0.00036077091047183036,0.9854866346534228
1998-06-26,0.05,0.0,0.95,0.0,0.0004511349605850978,0.9859312221275043
1998-06-29,0.1,0.0,0.0,0.9,0.0,0.9859312221275043
1998-06-30,0.1,0.0,0.0,0.9,-0.0023068160243023494,0.9836568601854405
1998-07-01,0.1,0.0,0.0,0.9,0.0009422289901971804,0.9845836901955136
1998-07-02,0.1,0.0,0.0,0.9,0.0005134055904164159,0.9850891809662927
1998-07-06,0.05,0.0,0.95,0.0,0.001111744583808494,0.9861843485278003
1998-07-07,0.05,0.0,0.95,0.0,-0.0006300928557893493,0.9855629608153017
1998-07-08,0.1,0.0,0.0,0.9,-0.0003602920261685405,0.985207870339233
1998-07-09,0.1,0.0,0.0,0.9,0.0009401709401709813,0.9861341341489538
1998-07-10,0.05,0.0,0.95,0.0,0.0,0.9861341341489538
1998-07-13,0.1,0.0,0.0,0.9,-0.0012599469496020921,0.9848916574547343
1998-07-14,0.1,0.0,0.0,0.9,-0.00025636156475491447,0.9846391690883151
1998-07-15,0.1,0.0,0.0,0.9,-0.0005128692183493544,0.9841341779673085
1998-07-16,0.1,0.0,0.0,0.9,-0.0003421077639457093,0.9837974980242615
1998-07-17,0.1,0.0,0.0,0.9,0.0,0.9837974980242615
1998-07-20,0.1,0.0,0.0,0.9,0.0009411541021010494,0.9847234030751637
1998-07-21,0.05,0.0,0.95,0.0,0.0005128205128204444,0.985228389435715
1998-07-22,0.1,0.0,0.0,0.9,-0.0003612510694932458,0.9848724746263362
1998-07-23,0.05,0.0,0.95,0.0,0.0005980634137080055,0.9854614908205782
1998-07-24,0.05,0.0,0.95,0.0,-0.00027080957810717287,0.9851946184100082
1998-07-27,0.05,0.0,0.95,0.0,-0.00018059119855522998,0.9850167009330595
1998-07-28,0.05,0.0,0.95,0.0,0.00018062553474657017,0.9851946201013998
1998-07-29,0.05,0.0,0.95,0.0,-0.0015350251877197184,0.9836823215447381
1998-07-30,0.05,0.0,0.95,0.0,0.0,0.9836823215447381
1998-07-31,0.1,0.0,0.0,0.9,-0.000633092155369408,0.9830595599835925
1998-08-03,0.1,0.0,0.0,0.9,0.001627176705680755,0.9846591715998946
1998-08-04,0.1,0.0,0.0,0.9,0.0010258358662615264,0.9856692702941652
1998-08-05,0.05,0.0,0.95,0.0,0.0005123339658443361,0.9861742621404259
1998-08-06,0.1,0.0,0.0,0.9,-0.00018072862170646074,0.9859960322252669
1998-08-07,0.05,0.0,0.95,0.0,0.0008534041342690424,0.9868374853155407
1998-08-10,0.05,0.0,0.95,0.0,0.00036097653652511497,0.9871937104931031
1998-08-11,0.05,0.0,0.95,0.0,0.0013531478492070925,0.9885295295392076
1998-08-12,0.05,0.0,0.95,0.0,-0.0005404892850368492,0.9879952399205492
1998-08-13,0.05,0.0,0.95,0.0,-0.0014421252371917103,0.9865704270508345
1998-08-14,0.05,0.0,0.95,0.0,0.0013540478905359698,0.987906290656448
1998-08-17,0.05,0.0,0.95,0.0,-0.001712686213113207,0.9862143171725929
1998-08-18,0.05,0.0,0.95,0.0,-0.0009933460076045897,0.985234665117987
1998-08-19,0.05,0.0,0.95,0.0,0.0001807974117422506,0.9854127929953991
1998-08-20,0.05,0.0,0.95,0.0,0.001084578061079,0.9864815500917885
1998-08-21,0.05,0.0,0.95,0.0,0.002618074693528416,0.9890642324737166
1998-08-24,0.05,0.0,0.95,0.0,0.0012604245640636114,0.9903108733277632
1998-08-25,0.05,0.0,0.95,0.0,0.0016183986371380965,0.9919135910954999
1998-08-26,0.05,0.0,0.95,0.0,0.0011668556311413612,0.9930710110548753
1998-08-27,0.05,0.0,0.95,0.0,0.0028687364348400687,0.9959198700466719
1998-08-28,0.05,0.0,0.95,0.0,-0.002413209144792622,0.9935165071087947
1998-08-31,0.05,0.0,0.0,0.95,-0.00887096774193541,0.9847030542231522
1998-09-01,0.05,0.0,0.0,0.95,-0.00026836158192091727,0.9844387977537985
1998-09-02,0.05,0.0,0.0,0.95,-0.0012527079212584114,0.9832055834738582
1998-09-03,0.05,0.0,0.0,0.95,0.0017023483919644256,0.9848793419178554
1998-09-04,0.05,0.0,0.0,0.95,0.00035774807004328445,0.9852316806016519
1998-09-08,0.05,0.0,0.0,0.95,0.00026821005081868466,0.9854959296407743
1998-09-09,0.05,0.0,0.0861103777635915,0.8638896222364084,0.0038432590083732118,0.9892834457500813
1998-09-10,0.05,0.0,0.3081440749551847,0.6418559250448153,0.006449400559236144,0.9956637309583449
1998-09-11,0.05,0.0,0.2841654127205048,0.6658345872794953,-0.002688805874285658,0.992986584469731
1998-09-14,0.05,0.0,0.24987615329520046,0.7001238467047994,-0.0006945133198781818,0.9922969420603565
1998-09-15,0.05,0.0,0.1745460001941847,0.7754539998058153,-0.0009929929409554857,0.9913115982015589
1998-09-16,0.05,0.0,0.17806048697631352,0.7719395130236864,0.0003622262704624197,0.9916706773046415
1998-09-17,0.05,0.0,0.24269436401926123,0.7073056359807388,0.002214406445769394,0.9938666392445454
1998-09-18,0.05,0.0,0.2906524692028164,0.6593475307971836,0.0026473289402794125,0.9964977311613956
1998-09-21,0.05,0.0,0.2825054235665794,0.6674945764334206,0.00028008067721487564,0.9967768309207825
1998-09-22,0.05,0.0,0.2650298363199627,0.6849701636800373,-0.001275623457379801,0.9955053190134873
1998-09-23,0.05,0.0,0.284759565740137,0.6652404342598629,0.002547087930170972,0.9980409585959675
1998-09-24,0.05,0.0,0.29160614036993276,0.6583938596300671,0.0019732636500812656,1.0000103565408573
1998-09-25,0.05,0.0,0.30474878351214535,0.6452512164878548,0.0012635702876858492,1.0012739399147603
1998-09-28,0.05,0.0,0.30522310692443744,0.6447768930755625,0.00011933627085038664,1.0013934282128496
1998-09-29,0.05,0.0,0.34977796581009196,0.6002220341899079,-0.0003690307554821481,1.0010238832395013
1998-09-30,0.05,0.0,0.37850074801562167,0.5714992519843783,0.0035969957825101985,1.0046245619257057
1998-10-01,0.05,0.0,0.38925027507906185,0.5607497249209381,0.003729040522599141,1.0083708476271251
1998-10-02,0.05,0.0,0.369182735908527,0.580817264091473,-0.0008721715313779048,1.0074913752807535
1998-10-05,0.05,0.0,0.3900223375881684,0.5599776624118314,0.004030639252626883,1.011552209564643
1998-10-06,0.05,0.0,0.38059230382306797,0.5694076961769319,-0.002292253719522781,1.009233475249777
1998-10-07,0.05,0.0,0.3524157352741887,0.5975842647258113,-0.0030339288483187954,1.0061715326945275
1998-10-08,0.05,0.0,0.2989676563181323,0.6510323436818677,-0.004629717495999502,1.001513242745635
1998-10-09,0.05,0.0,0.09780225985707057,0.8521977401429294,-0.006723721186308263,0.9947793469370179
1998-10-12,0.05,0.0,0.12161631562353706,0.8283836843764629,0.00020949590192429482,0.9949877491335201
1998-10-13,0.05,0.0,0.17403299219793053,0.7759670078020694,0.0020795021640217684,0.9970568283110185
1998-10-14,0.05,0.0,0.2468923515130042,0.7031076484869958,0.003531203793059012,1.0005776391650458
1998-10-15,0.05,0.0,0.22696821857854485,0.7230317814214552,-0.0005577387458877902,1.0000195782474146
1998-10-16,0.05,0.0,0.3103753192629967,0.6396246807370032,0.005430642627215333,1.005450327197095
1998-10-19,0.05,0.0,0.30647622940154934,0.6435237705984506,0.00023544986776297163,1.0056870603436758
1998-10-20,0.05,0.0,0.2605173049246587,0.6894826950753413,-0.0023934149370202643,1.0032800339114814
1998-10-21,0.05,0.0,0.3059880627174599,0.6440119372825401,-0.0008833020025000361,1.0023938346484589
1998-10-22,0.05,0.0,0.2554652860103131,0.6945347139896868,-0.0009704305462557626,1.0014210810519375
1998-10-23,0.05,0.0,0.24094990683443515,0.7090500931655647,-0.002057099449852966,0.9993610582970344
1998-10-26,0.05,0.0,0.21321119507559935,0.7367888049244007,0.0003676436550920985,0.9997284670492634
1998-10-27,0.05,0.0,0.28238747630211064,0.6676125236978893,0.0029052579994634734,1.0026329361754498
1998-10-28,0.05,0.0,0.2862898009826139,0.6637101990173859,0.0013114125420079783,1.0039478015829806
1998-10-29,0.05,0.0,0.29516306847745005,0.65483693152255,0.0010959930427401421,1.0050481213887899
1998-10-30,0.05,0.0,0.2221266486130426,0.7278733513869573,-0.0033624232467107692,1.001668724221369
1998-11-02,0.05,0.0,0.0,0.95,-0.005536135617511758,0.9961233503202596
1998-11-03,0.05,0.0,0.0,0.95,0.00043977409499107445,0.9965614195651461
1998-11-04,0.05,0.0,0.0,0.95,-0.004131963723857113,0.9924436639309073
1998-11-05,0.05,0.0,0.0,0.95,-8.829816897480968e-05,0.9923560329725716
1998-11-06,0.05,0.0,0.0,0.95,-0.0035322550659973415,0.9888507783478312
1998-11-09,0.05,0.0,0.0,0.95,0.002127262548982989,0.9909543235751432
1998-11-10,0.05,0.0,0.05,0.9,0.0012381307019177056,0.9921812545473598
1998-11-11,0.05,0.0,0.05,0.8999999999999999,-7.416219561631187e-05,0.9921076722070733
1998-11-12,0.05,0.0,0.06859218747908581,0.881407812520914,0.001596623273785036,0.9936916944066198
1998-11-13,0.05,0.0,0.0,0.95,-0.00095490534697079,0.9927428128943905
1998-11-16,0.05,0.0,0.0,0.95,-0.00697296292855149,0.985820454062492
1998-11-17,0.05,0.0,0.0,0.95,-0.0008002620741295707,0.9850315393412046
1998-11-18,0.05,0.0,0.0,0.95,0.001067915690866461,0.9860834699780653
1998-11-19,0.05,0.0,0.0,0.95,-0.0006222513333958235,0.9854698782240319
1998-11-20,0.05,0.0,0.0,0.95,0.0006226591760299271,0.9860834900864092
1998-11-23,0.05,0.0,0.0,0.95,0.00044446523813976844,0.986521769919656
1998-11-24,0.05,0.0,0.0,0.95,-0.0007996632996633223,0.9857328846659323
1998-11-25,0.05,0.0,0.0,0.95,0.00035570532621918003,0.9860835151032373
1998-11-27,0.05,0.0,0.170262582551456,0.779737417448544,0.0009778235239076172,0.9870477307608427
1998-11-30,0.05,0.0,0.43772611746013596,0.512273882539864,0.0015281223007835927,0.9885560604101563
1998-12-01,0.05,0.0,0.4205804759554093,0.5294195240445906,0.0018765808575153396,0.9904111657897029
1998-12-02,0.05,0.0,0.4402139975815817,0.5097860024184181,0.00289546876741518,0.9932788703871462
1998-12-03,0.05,0.0,0.45566096972709147,0.4943390302729085,0.0005672074758861816,0.9938422655880697
1998-12-04,0.05,0.0,0.4043614683102194,0.5456385316897806,-0.0021931584998220294,0.9916626119758127
1998-12-07,0.05,0.0,0.4320059738172504,0.5179940261827497,-0.003095124615643454,0.9885932926150731
1998-12-08,0.05,0.0,0.4556646953140239,0.49433530468597603,0.003362970870647623,0.9919179030610551
1998-12-09,0.05,0.0,0.48649405224977127,0.4635059477502287,0.0009607831148476034,0.9928709210336313
1998-12-10,0.05,0.0,0.4879035429444752,0.4620964570555248,0.0019091826093812735,0.9947664929294291
1998-12-11,0.05,0.0,0.45530635887164694,0.49469364112835307,-0.0031190094463028357,0.9916638068411167
1998-12-14,0.05,0.0,0.43425936390732484,0.5157406360926751,0.0019509429834690746,0.9935984863870335
1998-12-15,0.05,0.0,0.2948098887786956,0.6551901112213044,-0.0028357171324012195,0.9907809221364579
1998-12-16,0.05,0.0,0.33400844669216606,0.615991553307834,0.0015863530881218566,0.9923526505119413
1998-12-17,0.05,0.0,0.283899626068196,0.6661003739318039,-0.00021980437405710748,0.9921345270587516
1998-12-18,0.05,0.0,0.25432101906773336,0.6956789809322665,-0.0005315377877074277,0.9916071700671306
1998-12-21,0.05,0.0,0.05,0.9000000000000001,-0.0019157210747434497,0.9897075273135663
1998-12-22,0.05,0.0,0.0,0.95,-0.0011886636749498805,0.9885310979270242
1998-12-23,0.05,0.0,0.0,0.95,-0.0035431235431235496,0.9850286101208492
1998-12-24,0.1,0.0,0.0,0.9,-0.0013336452971454027,0.9837149313474078
1998-12-28,0.1,0.0,0.0,0.9,0.002530459231490223,0.9862041818765908
1998-12-29,0.1,0.0,0.0,0.9,0.0018504672897196484,0.9880291204561382
1998-12-30,0.1,0.0,0.0,0.9,0.0014269725797426914,0.9894390109190164
1998-12-31,0.1,0.0,0.0,0.9,-0.00243039389142381,0.9870342843909424
1999-01-04,0.1,0.0,0.0,0.9,0.00042016806722688926,0.9874490046785016
1999-01-05,0.1,0.0,0.0,0.9,-0.0019318712085861333,0.9855413803764161
1999-01-06,0.05,0.0,0.95,0.0,0.0010101010101011055,0.9865368767202308
1999-01-07,0.05,0.0,0.20735659445870888,0.742643405541291,-0.0012578021562322738,0.9852960085094895
1999-01-08,0.1,0.0,0.0,0.9,-0.0024051845143866694,0.9829261898077355
1999-01-11,0.1,0.0,0.0,0.9,-0.0006749789069091516,0.9822627353625667
1999-01-12,0.1,0.0,0.0,0.9,0.002364199268224021,0.9845850002027146
1999-01-13,0.1,0.0,0.0,0.9,0.001768503789650988,0.9863262425068067
1999-01-14,0.05,0.0,0.95,0.0,0.003025775121404495,0.9893106439129721
1999-01-15,0.1,0.0,0.0,0.9,-0.006073140923192704,0.9833024209556741
1999-01-19,0.1,0.0,0.0,0.9,-0.0005038723523374645,0.982806962051768
1999-01-20,0.1,0.0,0.0,0.9,-0.0009242834469236905,0.9818985698452223
1999-01-21,0.05,0.0,0.95,0.0,0.0016822429906542258,0.9835503618318778
1999-01-22,0.05,0.0,0.95,0.0,0.0021568441963864537,0.9856717267216487
1999-01-25,0.05,0.0,0.3381846661275615,0.6118153338724386,0.0,0.9856717267216487
1999-01-26,0.05,0.0,0.21239840063369617,0.7376015993663039,-0.0006610844768533918,0.9850201144438397
1999-01-27,0.05,0.0,0.95,0.0,0.0005729413723013276,0.9855844732199536
1999-01-28,0.05,0.0,0.95,0.0,0.0008071367884450176,0.9863799747064096
1999-01-29,0.05,0.0,0.95,0.0,0.0017921146953405187,0.9881476807542706
1999-02-01,0.05,0.0,0.05,0.8999999999999999,-0.006171154208247025,0.9820496690358144
1999-02-02,0.05,0.0,0.95,0.0,-0.0013455526629091662,0.9807282694885342
1999-02-03,0.1,0.0,0.0,0.9,-0.0017133364973896225,0.9790479519503977
1999-02-04,0.1,0.0,0.0,0.9,-0.0016003743565746297,0.9774811087142393
1999-02-05,0.1,0.0,0.0,0.9,-0.0012657041065065933,0.9762439068609071
1999-02-08,0.1,0.0,0.0,0.9,0.0008449910806496819,0.9770688242547432
1999-02-09,0.1,0.0,0.0,0.9,0.0005909389363099705,0.9776462122664499
1999-02-10,0.05,0.0,0.0,0.95,0.00016872890888635085,0.9778111694451225
1999-02-11,0.1,0.0,0.0,0.9,-0.0004451733833176541,0.9773758739385748
1999-02-12,0.1,0.0,0.0,0.9,-0.0037130801687764617,0.9737467989636129
1999-02-16,0.1,0.0,0.0,0.9,-0.005931644854533358,0.9679708787739221
1999-02-17,0.1,0.0,0.0,0.9,0.0013647995450666972,0.9692919649889106
1999-02-18,0.1,0.0,0.0,0.9,-0.0011072205924102963,0.968218744965217
1999-02-19,0.1,0.0,0.0,0.9,-0.00042637862421837094,0.9678059171887963
1999-02-22,0.1,0.0,0.0,0.9,0.0013650582993648853,0.9691270286882293
1999-02-23,0.1,0.0,0.0,0.9,-0.0017037387600567944,0.9674758894060345
1999-02-24,0.1,0.0,0.0,0.9,-0.00221906116642967,0.9653290012303966
1999-02-25,0.1,0.0,0.0,0.9,-0.0025667839148207808,0.9628512102775284
1999-02-26,0.1,0.0,0.0,0.9,0.00025741252740971724,0.9630990602410855
1999-03-01,0.1,0.0,0.0,0.9,-0.004288982081585968,0.9589683456289192
1999-03-02,0.1,0.0,0.0,0.9,0.0014652365447232142,0.9603734610941674
1999-03-03,0.1,0.0,0.0,0.9,-0.0007744526245339278,0.9596296973466903
1999-03-04,0.1,0.0,0.0,0.9,-0.0006028708133970385,0.959051164610491
1999-03-05,0.1,0.0,0.0,0.9,0.0022407354208558994,0.9612001445254468
1999-03-08,0.1,0.0,0.0,0.9,0.001289521444264019,0.9624396327240421
1999-03-09,0.1,0.0,0.0,0.9,0.0024036627241511123,0.9647530129934665
1999-03-10,0.1,0.0,0.0,0.9,-0.0004280821917808875,0.964340019409137
1999-03-11,0.1,0.0,0.0,0.9,-8.565718092693465e-05,0.9642574167616195
1999-03-12,0.1,0.0,0.0,0.9,0.0015419760137063588,0.9657442785693043
1999-03-15,0.1,0.0,0.0,0.9,0.0007696693272520649,0.9664875823184883
1999-03-16,0.1,0.0,0.0,0.9,0.0011107946454001593,0.9675611515497734
1999-03-17,0.1,0.0,0.0,0.9,-0.0005973828939882297,0.9669831470689499
1999-03-18,0.1,0.0,0.0,0.9,0.0007685738684885646,0.967726345047056
1999-03-19,0.1,0.0,0.0,0.9,-0.001365187713310645,0.9664052169309508
1999-03-22,0.1,0.0,0.0,0.9,-0.0006836308393467383,0.9657445525213513
1999-03-23,0.1,0.0,0.0,0.9,0.0009407069555302794,0.9666530351391736
1999-03-24,0.1,0.0,0.0,0.9,0.0007688656858092724,0.9673962614879755
1999-03-25,0.1,0.0,0.0,0.9,-0.0011096358118360516,0.9663228039519921
1999-03-26,0.1,0.0,0.0,0.9,0.0005127718165416351,0.9668183070515401
1999-03-29,0.1,0.0,0.0,0.9,-0.0008541330549492577,0.9659925155773573
1999-03-30,0.1,0.0,0.0,0.9,0.0018808777429466517,0.9678094293997598
1999-03-31,0.88,0.12,0.0,0.0,-0.003497961892122481,0.9644240688968826
1999-04-01,0.88,0.12,0.0,0.0,-2.5220680958377704e-05,0.9643997454651324
1999-04-05,0.88,0.12,0.0,0.0,0.00015135589657346848,0.9645457130532626
1999-04-06,0.88,0.12,0.0,0.0,0.0002393449506613354,0.9647765721993639
1999-04-07,0.88,0.12,0.0,0.0,0.00023886851754845395,0.9650070269489307
1999-04-08,0.88,0.12,0.0,0.0,0.00016311166875784266,0.9651644308554594
1999-04-09,0.88,0.12,0.0,0.0,7.518011903519195e-05,0.9652369920322598
1999-04-12,0.88,0.12,0.0,0.0,7.513304810601085e-05,0.9653095132296158
1999-04-13,0.88,0.12,0.0,0.0,3.754301804149485e-05,0.9653457538620865
1999-04-14,0.88,0.12,0.0,0.0,7.506255212677004e-05,0.9654182151780563
1999-04-15,0.88,0.12,0.0,0.0,5.001041883724077e-05,0.9654664961473504
1999-04-16,0.88,0.12,0.0,0.0,-6.248698187877544e-05,0.965406167059901
1999-04-19,0.88,0.12,0.0,0.0,5.0015629884354597e-05,0.9654544524574408
1999-04-20,0.88,0.12,0.0,0.0,-3.749609415686361e-05,0.9654182516863873
1999-04-21,0.88,0.12,0.0,0.0,0.0,0.9654182516863873
1999-04-22,0.88,0.12,0.0,0.0,-2.5005209418647034e-05,0.9653941112008273
1999-04-23,0.88,0.12,0.0,0.0,2.501042100875317e-05,0.9654182561139877
1999-04-26,0.88,0.12,0.0,0.0,-1.2502604709316856e-05,0.9654061858711523
1999-04-27,0.88,0.12,0.0,0.0,5.0015629884354597e-05,0.965454471269633
1999-04-28,0.88,0.12,0.0,0.0,-3.749609415686361e-05,0.9654182704978742
1999-04-29,0.88,0.12,0.0,0.0,2.5005209418633712e-05,0.9654424109839046
1999-04-30,0.88,0.12,0.0,0.0,0.0004499999999999904,0.9658768600688474
1999-05-03,0.88,0.12,0.0,0.0,4.9813200498141085e-05,0.9659249734865346
1999-05-04,0.88,0.12,0.0,0.0,0.0,0.9659249734865346
1999-05-05,0.88,0.12,0.0,0.0,-0.0001742738589211612,0.9657566380139767
1999-05-06,0.88,0.12,0.0,0.0,-0.00011219613546645578,0.9656482838513905
1999-05-07,0.88,0.12,0.0,0.0,-0.0001123011334095958,0.9655398404546389
1999-05-10,0.88,0.12,0.0,0.0,-0.0001748542880932602,0.9653710116732105
1999-05-11,0.88,0.12,0.0,0.0,-7.504690431520356e-05,0.9652985635672687
1999-05-12,0.88,0.12,0.0,0.0,-0.00012515644555694206,0.9651777502301514
1999-05-13,0.88,0.12,0.0,0.0,0.00013781582793903624,0.9653107670009077
1999-05-14,0.1,0.0,0.0,0.9,-0.0004129731984565632,0.9649121195259548
1999-05-17,0.1,0.0,0.0,0.9,-0.00723444976076556,0.9579315112736905
1999-05-18,0.1,0.0,0.0,0.9,-0.000781400733166171,0.9571829828884583
1999-05-19,0.1,0.0,0.0,0.9,0.0011296707540794815,0.95826428451053
1999-05-20,0.1,0.0,0.0,0.9,-8.67888138862738e-05,0.9581811178898878
1999-05-21,0.1,0.0,0.0,0.9,0.001735943678271701,0.9598444663441281
1999-05-24,0.1,0.0,0.0,0.9,0.001386081432284203,0.9611748889368084
1999-05-25,0.1,0.0,0.0,0.9,-0.00060547813551175,0.9605929185571542
1999-05-26,0.1,0.0,0.0,0.9,-0.0013848817080208686,0.95926261099539
1999-05-27,0.1,0.0,0.0,0.9,-0.0020805239838180725,0.9572668421264341
1999-05-28,0.1,0.0,0.0,0.9,0.0,0.9572668421264341
1999-06-01,0.1,0.0,0.0,0.9,-0.005387140374589772,0.9521099112719588
1999-06-02,0.1,0.0,0.0,0.9,-0.0001748251748251106,0.9519434584902678
1999-06-03,0.1,0.0,0.0,0.9,0.0007868661356129847,0.9526925105607721
1999-06-04,0.1,0.0,0.0,0.9,-8.735319809763942e-05,0.952609289823171
1999-06-07,0.1,0.0,0.0,0.9,0.00034944670937677726,0.9529421760048213
1999-06-08,0.1,0.0,0.0,0.9,-0.0002619833106927816,0.9526925210586528
1999-06-09,0.1,0.0,0.0,0.9,-0.0009608851790740336,0.9517770929349528
1999-06-10,0.1,0.0,0.0,0.9,-0.0011368052856587042,0.9506951077049355
1999-06-11,0.1,0.0,0.0,0.9,-0.0022764860394980714,0.9485308635644261
1999-06-14,0.1,0.0,0.0,0.9,0.0017555837315907708,0.9501960889174116
1999-06-15,0.1,0.0,0.0,0.9,0.0001752165871701461,0.9503625790332542
1999-06-16,0.1,0.0,0.0,0.9,0.0016642335766423378,0.9519442043472658
1999-06-17,0.1,0.0,0.0,0.9,0.004109189819312209,0.9558559237803228
1999-06-18,0.1,0.0,0.0,0.9,-0.0016536118363793984,0.9542753091108863
1999-06-21,0.1,0.0,0.0,0.9,-0.0010463088548731349,0.9532768424049768
1999-06-22,0.1,0.0,0.0,0.9,-0.0008729388942773419,0.9524446899722276
1999-06-23,0.1,0.0,0.0,0.9,-0.001223300970873742,0.951279563458281
1999-06-24,0.1,0.0,0.0,0.9,-0.0011374684036554172,0.9501975130118041
1999-06-25,0.1,0.0,0.0,0.9,0.0009636912294364031,0.9511132100213259
1999-06-28,0.1,0.0,0.0,0.9,0.001837806301050171,0.9528611718717152
1999-06-29,0.1,0.0,0.0,0.9,0.0006986899563318439,0.9535269264022805
1999-06-30,0.1,0.0,0.0,0.9,0.001658101425385361,0.9551079707580915
1999-07-01,0.1,0.0,0.0,0.9,-0.0007839721254354837,0.9543591927322359
1999-07-02,0.1,0.0,0.0,0.9,0.0,0.9543591927322359
1999-07-06,0.1,0.0,0.0,0.9,-0.00043591979075850994,0.9539431686726316
1999-07-07,0.1,0.0,0.0,0.9,-0.0005233572397751907,0.9534439156089728
1999-07-08,0.1,0.0,0.0,0.9,0.0017455391776569629,0.9551081893173669
1999-07-09,0.1,0.0,0.0,0.9,8.710801393736478e-05,0.9551913868948335
1999-07-12,0.1,0.0,0.0,0.9,0.002874286267298909,0.9579368803808277
1999-07-13,0.1,0.0,0.0,0.9,0.0006945784294810631,0.9586022426747445
1999-07-14,0.1,0.0,0.0,0.9,-0.0007807981492191307,0.9578537678178267
1999-07-15,0.1,0.0,0.0,0.9,0.0,0.9578537678178267
1999-07-16,0.1,0.0,0.0,0.9,0.0013024602026047605,0.9591013342303245
1999-07-19,0.1,0.0,0.0,0.9,0.0008670520231214952,0.9599329249825475
1999-07-20,0.1,0.0,0.0,0.9,0.0008662175168430153,0.9607644356971616
1999-07-21,0.1,0.0,0.0,0.9,-8.653846153852119e-05,0.9606812926209956
1999-07-22,0.1,0.0,0.0,0.9,-0.002596403500336564,0.9581869763501266
1999-07-23,0.1,0.0,0.0,0.9,-0.0013887549426174206,0.9568562894507687
1999-07-26,0.1,0.0,0.0,0.9,-8.693132425388051e-05,0.9567731086664062
1999-07-27,0.1,0.0,0.0,0.9,0.001043276661514736,0.9577712877210427
1999-07-28,0.1,0.0,0.0,0.9,0.0,0.9577712877210427
1999-07-29,0.1,0.0,0.0,0.9,-0.0019972983404091707,0.9558583327175859
1999-07-30,0.1,0.0,0.0,0.9,-0.0004351610095735259,0.9554423804405112
1999-08-02,0.1,0.0,0.0,0.9,-0.0019156346749225727,0.9536121018866488
1999-08-03,0.1,0.0,0.0,0.9,-0.0005235602094240788,0.9531128285348757
1999-08-04,0.1,0.0,0.0,0.9,0.0006984866123399991,0.9537785650856568
1999-08-05,0.1,0.0,0.0,0.9,0.001919348584722669,0.9556091986246927
1999-08-06,0.1,0.0,0.0,0.9,-0.004265815438189136,0.951532746152324
1999-08-09,0.1,0.0,0.0,0.9,-0.0021868014384293535,0.9494519329743255
1999-08-10,0.1,0.0,0.0,0.9,-0.0002630553390490675,0.9492021745741862
1999-08-11,0.1,0.0,0.0,0.9,0.0014033719910339748,0.9505342583198122
1999-08-12,0.1,0.0,0.0,0.9,-0.0002627225844118231,0.9502845315028944
1999-08-13,0.1,0.0,0.0,0.9,0.002803192524820064,0.9529483619980553
1999-08-16,0.1,0.0,0.0,0.9,-0.006636910537550967,0.9466237289725685
1999-08-17,0.1,0.0,0.0,0.9,0.002287390029325631,0.9487890266517435
1999-08-18,0.1,0.0,0.0,0.9,0.000526521060842522,0.9492885840565719
1999-08-19,0.1,0.0,0.0,0.9,-8.770220229977755e-05,0.9492053293571321
1999-08-20,0.1,0.0,0.0,0.9,0.0004385537471981671,0.9496216069111822
1999-08-23,0.1,0.0,0.0,0.9,0.00017533606078334874,0.9497881098229727
1999-08-24,0.1,0.0,0.0,0.9,0.0016653681340085935,0.9513698566751322
1999-08-25,0.1,0.0,0.0,0.9,0.0023622047244095112,0.9536171870452311
1999-08-26,0.1,0.0,0.0,0.9,-0.0006108202443281585,0.9530346983620447
1999-08-27,0.1,0.0,0.0,0.9,-0.002270301736683722,0.9508710220312334
1999-08-30,0.1,0.0,0.0,0.9,-0.0023635833090165817,0.9486235591545329
1999-08-31,0.1,0.0,0.0,0.9,-0.0024575775307197566,0.9462922432104434
1999-09-01,0.1,0.0,0.0,0.9,0.00026403285742231385,0.9465420954553748
1999-09-02,0.1,0.0,0.0,0.9,-0.0005279108417244994,0.9460424056210353
1999-09-03,0.1,0.0,0.0,0.9,0.003345397632788827,0.9492072936453178
1999-09-07,0.1,0.0,0.0,0.9,-0.0008771074943962343,0.9483747368143258
1999-09-08,0.1,0.0,0.0,0.9,0.0007023705004389314,0.9490408472528258
1999-09-09,0.1,0.0,0.0,0.9,-0.0007895506384637985,0.9482915314459491
1999-09-10,0.1,0.0,0.0,0.9,0.0019317073170731726,0.9501233531359619
1999-09-13,0.1,0.0,0.0,0.9,0.0,0.9501233531359619
1999-09-14,0.1,0.0,0.0,0.9,-0.001226635514018648,0.9489578980883068
1999-09-15,0.1,0.0,0.0,0.9,0.0011405732111522183,0.9500402540453776
1999-09-16,0.1,0.0,0.0,0.9,0.0011391295881608698,0.9511224730087046
1999-09-17,0.1,0.0,0.0,0.9,0.0007001166861143604,0.9517883697225962
1999-09-20,0.1,0.0,0.0,0.9,-0.0006995724834823026,0.9511225247690398
1999-09-21,0.1,0.0,0.0,0.9,-0.00017502917152864005,0.9509560505815072
1999-09-22,0.1,0.0,0.0,0.9,0.00035012643454592764,0.9512890054329073
1999-09-23,0.1,0.0,0.0,0.9,0.0017499513902392572,0.952953714950484
1999-09-24,0.1,0.0,0.0,0.9,0.0025325053366970886,0.9553670753192214
1999-09-27,0.1,0.0,0.0,0.9,-0.0013933236574745545,0.9540359397716068
1999-09-28,0.1,0.0,0.0,0.9,-0.0011338307975578778,0.9529542244411167
1999-09-29,0.1,0.0,0.0,0.9,-0.0020958664855424526,0.9509569596198544
1999-09-30,0.1,0.0,0.0,0.9,0.0002625948259094457,0.9512066759971131
1999-10-01,0.1,0.0,0.0,0.9,-0.0027126883811374736,0.9486263486990753
1999-10-04,0.1,0.0,0.0,0.9,0.001755412521942512,0.9502915792702262
1999-10-05,0.1,0.0,0.0,0.9,-0.0023651936928167916,0.9480439556205993
1999-10-06,0.1,0.0,0.0,0.9,-0.0006148140919292943,0.9474610848369154
1999-10-07,0.1,0.0,0.0,0.9,8.789062499992006e-05,0.9475443577838248
1999-10-08,0.1,0.0,0.0,0.9,0.0006151742993849574,0.9481272627202607
1999-10-11,0.1,0.0,0.0,0.9,0.00043911007025758674,0.948543594949207
1999-10-12,0.1,0.0,0.0,0.9,-0.0005266751194772712,0.9480440206380077
1999-10-13,0.1,0.0,0.0,0.9,-0.0013174587684200878,0.94679501173017
1999-10-14,0.1,0.0,0.0,0.9,-0.0010555121188427496,0.945795658121229
1999-10-15,0.1,0.0,0.0,0.9,0.0021135029354207636,0.9477946000209764
1999-10-18,0.1,0.0,0.0,0.9,-0.000527137836782543,0.947294981625807
1999-10-19,0.1,0.0,0.0,0.9,-0.0010548935338932865,0.9462956862750004
1999-10-20,0.1,0.0,0.0,0.9,-0.0003520438098964185,0.9459625487363156
1999-10-21,0.1,0.0,0.0,0.9,0.00017609078458220574,0.946129124023708
1999-10-22,0.1,0.0,0.0,0.9,-0.00035211267605629316,0.9457959799659532
1999-10-25,0.1,0.0,0.0,0.9,8.806262230911522e-05,0.9458792692401186
1999-10-26,0.1,0.0,0.0,0.9,-0.0002641620193717498,0.9456294038622742
1999-10-27,0.1,0.0,0.0,0.9,0.0014973576042276449,0.9470453492409286
1999-10-28,0.1,0.0,0.0,0.9,0.0019345383488032165,0.9488774447870909
1999-10-29,0.1,0.0,0.0,0.9,0.0028078385492834148,0.9515417394551096
1999-11-01,0.1,0.0,0.0,0.9,-0.002011857323355093,0.9496273732381088
1999-11-02,0.1,0.0,0.0,0.9,0.0007013442431325956,0.9502933889294504
1999-11-03,0.1,0.0,0.0,0.9,0.000700798131204916,0.9509593527605085
1999-11-04,0.1,0.0,0.0,0.9,0.0016631005640927565,0.9525408937965137
1999-11-05,0.1,0.0,0.0,0.9,0.0011358120570818199,0.9536228012285514
1999-11-08,0.1,0.0,0.0,0.9,-0.0002617801047120394,0.95337316175179
1999-11-09,0.1,0.0,0.0,0.9,-0.00034914169333725157,0.9530402994317138
1999-11-10,0.1,0.0,0.0,0.9,-0.0007858736780827269,0.9522913301462383
1999-11-11,0.1,0.0,0.0,0.9,0.0003495824431927641,0.9526242344760621
1999-11-12,0.1,0.0,0.0,0.9,0.0013977868375073088,0.9539558000921032
1999-11-15,0.1,0.0,0.0,0.9,-0.007065322736964574,0.9472157944876533
1999-11-16,0.1,0.0,0.0,0.9,-0.0008791638175247085,0.9463830366337518
1999-11-17,0.1,0.0,0.0,0.9,-0.0014080375476679065,0.9450504937836954
1999-11-18,0.1,0.0,0.0,0.9,-0.00044070120458328255,0.9446340088926929
1999-11-19,0.1,0.0,0.0,0.9,8.818342151675208e-05,0.9447173099516781
1999-11-22,0.1,0.0,0.0,0.9,-0.00044087391006170096,0.9443008087373368
1999-11-23,0.1,0.0,0.0,0.9,0.00017643599294270285,0.9444674173881631
1999-11-24,0.1,0.0,0.0,0.9,8.82007056055123e-05,0.9445507200807982
1999-11-26,0.1,0.0,0.0,0.9,-0.00044096031357174773,0.944134210699087
1999-11-29,0.1,0.0,0.0,0.9,-0.001411764705882368,0.942801315342806
1999-11-30,0.1,0.0,0.0,0.9,-0.0007953652788688648,0.9420514439117105
1999-12-01,0.1,0.0,0.0,0.9,-0.0007076167076167095,0.941384832570564
1999-12-02,0.1,0.0,0.0,0.9,-0.0004426084390675267,0.9409681676992582
1999-12-03,0.1,0.0,0.0,0.9,0.0021255658334973894,0.9429682574869283
1999-12-06,0.1,0.0,0.0,0.9,0.000795209110543893,0.9437181144362355
1999-12-07,0.1,0.0,0.0,0.9,0.001324178518881758,0.9449677656912516
1999-12-08,0.1,0.0,0.0,0.9,-0.0007051909892262564,0.9443013829377769
1999-12-09,0.1,0.0,0.0,0.9,0.0007057439717702119,0.9449678179463195
1999-12-10,0.1,0.0,0.0,0.9,0.0014985308521056951,0.9463838813757589
1999-12-13,0.1,0.0,0.0,0.9,-0.00035200938691695163,0.9460507453658877
1999-12-14,0.1,0.0,0.0,0.9,-0.002905213733737655,0.943302265747638
1999-12-15,0.1,0.0,0.0,0.9,-0.0008832188420020093,0.9424691234128264
1999-12-16,0.1,0.0,0.0,0.9,-0.0013261296660117218,0.9412192871489685
1999-12-17,0.1,0.0,0.0,0.9,-0.00017707820954260267,0.9410526177228132
1999-12-20,0.1,0.0,0.0,0.9,-0.0008855652858407393,0.9402192541924084
1999-12-21,0.1,0.0,0.0,0.9,-0.0002659312518467738,0.9399692205091305
1999-12-22,0.1,0.0,0.0,0.9,-0.00026600985221678645,0.9397191794356945
1999-12-23,0.1,0.0,0.0,0.9,-0.00017739233270918088,0.9395524804583628
1999-12-27,0.1,0.0,0.0,0.9,0.0010645638245440293,0.9405526940403195
1999-12-28,0.1,0.0,0.0,0.9,-0.0005316530471595305,0.9400526463345189
1999-12-29,0.1,0.0,0.0,0.9,0.0008866121564377494,0.9408861084384506
1999-12-30,0.1,0.0,0.0,0.9,0.0006200177147918984,0.941469474493284
1999-12-31,0.1,0.0,0.0,0.9,-0.0035405192761605807,0.9381361836709238
2000-01-03,0.1,0.0,0.0,0.9,-0.016261848341232177,0.9228803553286449
2000-01-04,0.1,0.0,0.0,0.9,0.0021719457013574584,0.9248848013492681
2000-01-05,0.1,0.0,0.0,0.9,0.011465543183870053,0.9354891079792433
2000-01-06,0.1,0.0,0.0,0.9,0.001337163232963512,0.9367400096192711
2000-01-07,0.1,0.0,0.0,0.9,-0.012906735238848822,0.9246497543274784
2000-01-10,0.1,0.0,0.0,0.9,-0.001354605659241337,0.9233972185374504
2000-01-11,0.1,0.0,0.0,0.9,-0.002441965631594889,0.9211423142654716
2000-01-12,0.1,0.0,0.0,0.9,-0.0007255139056831617,0.9204740127073587
2000-01-13,0.1,0.0,0.0,0.9,0.002269060104880949,0.9225626235671727
2000-01-14,0.1,0.0,0.0,0.9,-0.001267478120913368,0.9213932956266289
2000-01-18,0.1,0.0,0.0,0.9,-0.0013599274705347832,0.9201402675727396
2000-01-19,0.1,0.0,0.0,0.9,0.0006355932203390147,0.9207251024885698
2000-01-20,0.1,0.0,0.0,0.9,-0.0008166145780824752,0.9199732249474711
2000-01-21,0.1,0.0,0.0,0.9,-9.081735620580789e-05,0.9198896754114013
2000-01-24,0.1,0.0,0.0,0.9,0.001998183469573034,0.9217277837546393
2000-01-25,0.1,0.0,0.0,0.9,-0.000362501258684933,0.9213936562728633
2000-01-26,0.1,0.0,0.0,0.9,-0.00027198549410699656,0.9211430505639948
2000-01-27,0.1,0.0,0.0,0.9,-0.0009068923821039521,0.9203076729486104
2000-01-28,0.1,0.0,0.0,0.9,-0.00036312285656650014,0.9199734881974893
2000-01-31,0.1,0.0,0.0,0.9,-0.0009989909182643864,0.919054443037736
2000-02-01,0.1,0.0,0.0,0.9,0.0006364279220123948,0.9196393549471347
2000-02-02,0.1,0.0,0.0,0.9,-0.000272562083585759,0.9193886961284028
2000-02-03,0.1,0.0,0.0,0.9,0.002635564980309013,0.9218118047792107
2000-02-04,0.1,0.0,0.0,0.9,-0.0018123238018525113,0.9201411833045807
2000-02-07,0.1,0.0,0.0,0.9,-0.0022699757869249384,0.9180524850979269
2000-02-08,0.1,0.0,0.0,0.9,0.0006372003641144764,0.9186374684757075
2000-02-09,0.1,0.0,0.0,0.9,-0.001000606428138262,0.917718273919622
2000-02-10,0.1,0.0,0.0,0.9,-0.0003642618638064255,0.9173839841507149
2000-02-11,0.1,0.0,0.0,0.9,0.0008199210446401262,0.9181361665853357
2000-02-14,0.1,0.0,0.0,0.9,0.001911407766990303,0.9198910991853017
2000-02-15,0.1,0.0,0.0,0.9,-0.0009082652134423608,0.9190555940997565
2000-02-16,0.1,0.0,0.0,0.9,9.09182745731707e-05,0.9191391530486088
2000-02-17,0.1,0.0,0.0,0.9,-0.001272727272727281,0.9179693395810924
2000-02-18,0.1,0.0,0.0,0.9,0.0018207566255311614,0.9196407383381691
2000-02-22,0.1,0.0,0.0,0.9,0.0029073288915808294,0.9223144364266144
2000-02-23,0.1,0.0,0.0,0.9,-0.0023545985107666814,0.9201427562281457
2000-02-24,0.1,0.0,0.0,0.9,0.002723970944309806,0.9226491983607283
2000-02-25,0.1,0.0,0.0,0.9,0.0009052504526251726,0.9234844269651588
2000-02-28,0.1,0.0,0.0,0.9,-0.0022608520900321504,0.9213965652683425
2000-02-29,0.1,0.0,0.0,0.9,0.0004533091568448944,0.921814242768464
2000-03-01,0.1,0.0,0.0,0.9,0.0007249295207411244,0.9224824931256866
2000-03-02,0.1,0.0,0.0,0.9,-0.0005432595573440779,0.9219813456948136
2000-03-03,0.1,0.0,0.0,0.9,0.0006341856251258271,0.9225660530108873
2000-03-06,0.1,0.0,0.0,0.9,-0.0011769439694195416,0.9214802444584049
2000-03-07,0.1,0.0,0.0,0.9,0.0010878323932312695,0.9224826605180495
2000-03-08,0.1,0.0,0.0,0.9,0.0,0.9224826605180495
2000-03-09,0.1,0.0,0.0,0.9,0.0007243460764586373,0.9231508572137967
2000-03-10,0.1,0.0,0.0,0.9,-0.001266586248492152,0.921981607032766
2000-03-13,0.1,0.0,0.0,0.9,0.0007247835715723739,0.9226498441548353
2000-03-14,0.1,0.0,0.0,0.9,0.0014484007242003161,0.9239862108572925
2000-03-15,0.1,0.0,0.0,0.9,0.0003615183771841446,0.9243202488527821
2000-03-16,0.1,0.0,0.0,0.9,0.0006324031319012047,0.9249047918730362
2000-03-17,0.1,0.0,0.0,0.9,0.00054167920553716,0.9254057935658956
2000-03-20,0.1,0.0,0.0,0.9,-9.022556390984038e-05,0.9253222983063257
2000-03-21,0.1,0.0,0.0,0.9,0.0005414076599157714,0.9258232748865196
2000-03-22,0.1,0.0,0.0,0.9,0.0003607214428857919,0.9261572391940939
2000-03-23,0.1,0.0,0.0,0.9,0.0008112980769230616,0.9269086287811804
2000-03-24,0.1,0.0,0.0,0.9,-0.0035124587211048277,0.9236529004843507
2000-03-27,0.1,0.0,0.0,0.9,-9.041591320076981e-05,0.9235693875638729
2000-03-28,0.1,0.0,0.0,0.9,0.000813824977393729,0.9243210113998285
2000-03-29,0.1,0.0,0.0,0.9,0.00045171652278666043,0.9247385424730367
2000-03-30,0.1,0.0,0.0,0.9,0.0024380455503161037,0.9269930971617188
2000-03-31,0.1,0.0,0.0,0.9,0.0008104862917751587,0.9277444123595388
2000-04-03,0.1,0.0,0.0,0.9,0.0013495951214635537,0.9289964916924242
2000-04-04,0.1,0.0,0.0,0.9,0.0037732082251946244,0.932501788896055
2000-04-05,0.1,0.0,0.0,0.9,-0.0008946322067594049,0.9316675427628477
2000-04-06,0.1,0.0,0.0,0.9,-0.0010746268656717129,0.9306663477915204
2000-04-07,0.1,0.0,0.0,0.9,0.0008069336521218995,0.9314173337864508
2000-04-10,0.1,0.0,0.0,0.9,0.001702000597193254,0.9330026066447915
2000-04-11,0.1,0.0,0.0,0.9,-0.0020564275779851983,0.9310839543541551
2000-04-12,0.1,0.0,0.0,0.9,-0.0020611371104252265,0.9291648626629143
2000-04-13,0.1,0.0,0.0,0.9,0.0010778443113770742,0.930166357724467
2000-04-14,0.1,0.0,0.0,0.9,0.0013456937799043445,0.931418076806333
2000-04-17,0.1,0.0,0.0,0.9,-0.00152284263959388,0.9299996736436839
2000-04-18,0.1,0.0,0.0,0.9,-0.0006281156530408616,0.9294155262913454
2000-04-19,0.1,0.0,0.0,0.9,0.0010775217000897896,0.9304169916893247
2000-04-20,0.1,0.0,0.0,0.9,-0.0003587443946187929,0.930083209808898
2000-04-24,0.1,0.0,0.0,0.9,8.972186222697687e-05,0.930166658606508
2000-04-25,0.1,0.0,0.0,0.9,-0.0034090909090909063,0.9269956359067131
2000-04-26,0.1,0.0,0.0,0.9,-0.00036021612967771513,0.9266617171265186
2000-04-27,0.1,0.0,0.0,0.9,-0.003333333333333388,0.9235728447360968
2000-04-28,0.1,0.0,0.0,0.9,-0.00036169998995286837,0.923238788447435
2000-05-01,0.1,0.0,0.0,0.9,-0.0005427681173986399,0.92273768386832
2000-05-02,0.1,0.0,0.0,0.9,-0.0009956753494922532,0.9218189367024447
2000-05-03,0.1,0.0,0.0,0.9,-0.001268626661296668,0.9206494926224559
2000-05-04,0.1,0.0,0.0,0.9,-0.0010889292196007982,0.9196469704889286
2000-05-05,0.1,0.0,0.0,0.9,-0.001635372501514254,0.9181430051222902
2000-05-08,0.1,0.0,0.0,0.9,-0.0011832524271844114,0.9170566101829768
2000-05-09,0.1,0.0,0.0,0.9,0.0007291139240505729,0.9177252489266039
2000-05-10,0.1,0.0,0.0,0.9,0.001548112921177758,0.9191459912425584
2000-05-11,0.1,0.0,0.0,0.9,0.000363636363636366,0.9194802261484647
2000-05-12,0.1,0.0,0.0,0.9,-0.0023626817447496397,0.9173077870034855
2000-05-15,0.1,0.0,0.0,0.9,0.0009111156104473884,0.9181435604478092
2000-05-16,0.1,0.0,0.0,0.9,0.00045509708737871967,0.9185614049079645
2000-05-17,0.1,0.0,0.0,0.9,-0.00100070757100994,0.9176421935556356
2000-05-18,0.1,0.0,0.0,0.9,-0.0016393442622950171,0.9161378620907903
2000-05-19,0.1,0.0,0.0,0.9,0.0017335766423358435,0.9177260572896704
2000-05-22,0.1,0.0,0.0,0.9,0.0019123747849843832,0.9194810934611543
2000-05-23,0.1,0.0,0.0,0.9,-0.0004543618739904498,0.9190633163084304
2000-05-24,0.1,0.0,0.0,0.9,-0.0006364279220122948,0.9184783987518345
2000-05-25,0.1,0.0,0.0,0.9,0.002092600080873508,0.920400406723343
2000-05-26,0.1,0.0,0.0,0.9,0.0013615733736762614,0.9216535994102583
2000-05-30,0.1,0.0,0.0,0.9,-0.0011782477341389264,0.9205676631450922
2000-05-31,0.1,0.0,0.0,0.9,0.0022688312997882765,0.9226562758728087
2000-06-01,0.1,0.0,0.0,0.9,0.0024441762220881458,0.9249114104034575
2000-06-02,0.1,0.0,0.0,0.9,0.00189587721938016,0.9266649288763862
2000-06-05,0.1,0.0,0.0,0.9,0.0009009009009007807,0.927499762145644
2000-06-06,0.1,0.0,0.0,0.9,-0.0006299999999999306,0.9269154372954923
2000-06-07,0.1,0.0,0.0,0.9,0.0,0.9269154372954923
2000-06-08,0.1,0.0,0.0,0.9,-0.0004503152206545291,0.9264980331658185
2000-06-09,0.1,0.0,0.0,0.9,9.010812975573934e-05,0.9265815181708094
2000-06-12,0.1,0.0,0.0,0.9,0.0009910901992191913,0.9274998440322461
2000-06-13,0.1,0.0,0.0,0.9,8.999999999999009e-05,0.9275833190182089
2000-06-14,0.1,0.0,0.0,0.9,0.0016198380161982495,0.929085853741546
2000-06-15,0.1,0.0,0.0,0.9,0.0,0.929085853741546
2000-06-16,0.1,0.0,0.0,0.9,0.0018864158099612283,0.9308384959848552
2000-06-19,0.1,0.0,0.0,0.9,-0.0005378486055777288,0.9303378457977718
2000-06-20,0.1,0.0,0.0,0.9,-0.0008072553318716369,0.9295868256113096
2000-06-21,0.1,0.0,0.0,0.9,-0.002064837905236927,0.9276673794975785
2000-06-22,0.1,0.0,0.0,0.9,-0.0002699460107978613,0.9274169593891358
2000-06-23,0.1,0.0,0.0,0.9,-0.0014401440144014455,0.9260813454062172
2000-06-26,0.1,0.0,0.0,0.9,0.0020735249924872744,0.9280015982209933
2000-06-27,0.1,0.0,0.0,0.9,8.994603238041688e-05,0.9280850682827959
2000-06-28,0.1,0.0,0.0,0.9,-8.99370440690217e-05,0.9280015990551099
2000-06-29,0.1,0.0,0.0,0.9,0.0020687587447531853,0.9299214104783001
2000-06-30,0.1,0.0,0.0,0.9,0.0007179180376907679,0.9305890178325174
2000-07-03,0.1,0.0,0.0,0.9,0.0014346916409285315,0.9319241261175415
2000-07-05,0.1,0.0,0.0,0.9,0.000358102059086729,0.9322578500660169
2000-07-06,0.1,0.0,0.0,0.9,-0.001342348612906341,0.9310064350341097
2000-07-07,0.1,0.0,0.0,0.9,0.0013443537143993823,0.9322580369931776
2000-07-10,0.1,0.0,0.0,0.9,-0.0008054091677437647,0.9315071878234804
2000-07-11,0.1,0.0,0.0,0.9,-0.00044785031847126565,0.9310900120327554
2000-07-12,0.1,0.0,0.0,0.9,-0.000627302598825108,0.9305059368484672
2000-07-13,0.1,0.0,0.0,0.9,0.0017038660821043995,0.9320913943534601
2000-07-14,0.1,0.0,0.0,0.9,-0.0027747389358527942,0.9295050840697743
2000-07-17,0.1,0.0,0.0,0.9,-0.0015263367916999338,0.9280863462618865
2000-07-18,0.1,0.0,0.0,0.9,0.00017987408813844308,0.9282532849471341
2000-07-19,0.1,0.0,0.0,0.9,-8.991907283452116e-05,0.9281698172723961
2000-07-20,0.05,0.0,0.95,0.0,0.003956834532374143,0.931842431657287
2000-07-21,0.05,0.0,0.95,0.0,0.00039268368295964913,0.9322083509752883
2000-07-24,0.05,0.0,0.3809488494692946,0.5690511505307054,-0.0011775643012086224,0.9311106156998913
2000-07-25,0.05,0.0,0.39952328554383393,0.550476714456166,0.0002881644629145324,0.9313789286903784
2000-07-26,0.05,0.0,0.29341592993761584,0.6565840700623842,4.1307204874276116e-05,0.9314174013506015
2000-07-27,0.05,0.0,0.95,0.0,0.0010175145417192627,0.9323651321008861
2000-07-28,0.05,0.0,0.41449740020768683,0.5355025997923131,-0.0004904491481672602,0.9319078544160664
2000-07-31,0.05,0.0,0.40673295682879035,0.5432670431712097,0.00014938766091104915,0.9320470699506223
2000-08-01,0.05,0.0,0.4603745107521432,0.48962548924785665,0.001350745824954889,0.9333060286390195
2000-08-02,0.05,0.0,0.47862941441943396,0.471370585580566,0.001008688175319653,0.9342474433940623
2000-08-03,0.05,0.0,0.4850595630244146,0.4649404369755854,0.0005815211804039806,0.9347907280701341
2000-08-04,0.05,0.0,0.4832453512296527,0.46675464877034734,0.00188245656210227,0.936550431010382
2000-08-07,0.05,0.0,0.4699549266588272,0.48004507334117263,-0.0013949626166224185,0.935243978170541
2000-08-08,0.05,0.0,0.4884325534212401,0.46156744657875987,0.0012487475008537466,0.93641186175097
2000-08-09,0.05,0.0,0.4969833189105359,0.45301668108946413,-4.573597369987321e-05,0.9363690340426888
2000-08-10,0.05,0.0,0.5008261369578717,0.44917386304212814,0.0011694915745214455,0.9374641097386446
2000-08-11,0.05,0.0,0.4849446948640998,0.46505530513590015,-0.0021662230946731128,0.9354333533337016
2000-08-14,0.05,0.0,0.5024109485466939,0.4475890514533062,0.00033778366398829184,0.9357493274392076
2000-08-15,0.05,0.0,0.49755795478907466,0.45244204521092535,-0.0009156940851006447,0.9348924673149346
2000-08-16,0.05,0.0,0.48563069881027376,0.46436930118972625,-0.0007237584734905318,0.934215830969913
2000-08-17,0.05,0.0,0.5086168226812992,0.44138317731870086,0.00014224748683133875,0.9343487208240265
2000-08-18,0.05,0.0,0.5220251996588898,0.4279748003411101,0.0012150440917030778,0.9354839957168541
2000-08-21,0.05,0.0,0.5300550645468256,0.41994493545317435,-0.00034196843493396135,0.9351640897189331
2000-08-22,0.05,0.0,0.5134623506313365,0.43653764936866335,0.00020838871350393535,0.9353589673605047
2000-08-23,0.05,0.0,0.5185609737210077,0.4314390262789922,0.001599717082951159,0.9368552770792828
2000-08-24,0.05,0.0,0.5151572968075976,0.4348427031924024,0.0003837867564972754,0.9372148297273805
2000-08-25,0.05,0.0,0.5172569558168232,0.43274304418317683,9.589579851482069e-05,0.9373047046918571
2000-08-28,0.05,0.0,0.5098438578567279,0.440156142143272,-0.0015547183774514658,0.935847459842201
2000-08-29,0.05,0.0,0.4597578920035181,0.49024210799648194,-0.0011174089437307616,0.9348017355206055
2000-08-30,0.05,0.0,0.95,0.0,0.0003351690721411996,0.9351150521509359
2000-08-31,0.05,0.0,0.5318553018992761,0.4181446981007238,0.004494497583050505,0.9393179244927025
2000-09-01,0.05,0.0,0.532097453555151,0.4179025464448489,0.0024477454472356585,0.9416171356658862
2000-09-05,0.05,0.0,0.5337722246164431,0.41622777538355676,0.0,0.9416171356658862
2000-09-06,0.05,0.0,0.5257495183712815,0.4242504816287184,-0.0009691615623696555,0.9407045565315302
2000-09-07,0.05,0.0,0.5145407801504424,0.43545921984955777,-0.0010757216507897426,0.9396926202730727
2000-09-08,0.05,0.0,0.5188250449564449,0.43117495504355513,0.0010194134465508797,0.9406505555658037
2000-09-11,0.05,0.0,0.5139909284600888,0.4360090715399113,-0.0010623512646722021,0.9396512542584837
2000-09-12,0.05,0.0,0.48672166580769133,0.46327833419230874,-4.313504862881697e-05,0.9396107223559371
2000-09-13,0.05,0.0,0.95,0.0,0.0015839172617842013,0.9410989879984342
2000-09-14,0.05,0.0,0.5038129600999559,0.4461870399000441,-0.0010671977124182442,0.9400946493112831
2000-09-15,0.05,0.0,0.5139184820589993,0.4360815179410006,4.4115784051797025e-05,0.9401361223238204
2000-09-18,0.05,0.0,0.5071776213820043,0.44282237861799567,8.62247193160252e-05,0.9402171852970866
2000-09-19,0.05,0.0,0.5249116380274352,0.4250883619725647,0.0002592667525723212,0.9404609523534313
2000-09-20,0.05,0.0,0.5596624004197776,0.39033759958022235,-0.0012551533640313213,0.9392805296253447
2000-09-21,0.05,0.0,0.5623121427795241,0.38768785722047583,0.0003449726631550146,0.9396045557310992
2000-09-22,0.05,0.0,0.5670131777611986,0.3829868222388013,0.0011888207286722468,0.9407215771037073
2000-09-25,0.05,0.0,0.6022484980571595,0.3477515019428405,4.013111763052808e-05,0.9407593293119757
2000-09-26,0.05,0.0,0.95,0.0,0.0009588051996927312,0.9416613342485795
2000-09-27,0.05,0.0,0.95,0.0,0.0006784329728628191,0.9423001883470037
2000-09-28,0.05,0.0,0.95,0.0,0.00029054949536142514,0.9425739731912068
2000-09-29,0.05,0.0,0.95,0.0,0.0009682022013860702,0.9434865753870199
2000-10-02,0.05,0.0,0.95,0.0,0.0002901649358582281,0.9437603421086501
2000-10-03,0.05,0.0,0.95,0.0,-0.0017404580152672543,0.9421177668567358
2000-10-04,0.05,0.0,0.95,0.0,-0.001162434995411299,0.9410226161947427
2000-10-05,0.05,0.0,0.95,0.0,0.0007759060745278101,0.9417527613589163
2000-10-06,0.05,0.0,0.95,0.0,0.0005814546567376899,0.942300347887504
2000-10-09,0.05,0.0,0.5969407803305452,0.3530592196694548,0.0,0.942300347887504
2000-10-10,0.05,0.0,0.5791363610090217,0.37086363899097813,0.000330788604057187,0.9426120501041843
2000-10-11,0.05,0.0,0.5617025976570463,0.3882974023429537,0.0008014681653957466,0.9433675236546613
2000-10-12,0.05,0.0,0.5353118059839519,0.41468819401604806,0.0021197324281978323,0.9453672103862607
2000-10-13,0.05,0.0,0.5214952396662416,0.42850476033375823,-0.0005440160629918611,0.9448529154383848
2000-10-16,0.05,0.0,0.5147438757521052,0.4352561242478946,-0.00136530433493525,0.9435629036570606
2000-10-17,0.05,0.0,0.5213873109707361,0.42861268902926386,0.002401617049684889,0.9458289804139335
2000-10-18,0.05,0.0,0.5165091725088834,0.4334908274911165,-0.00042389212274051343,0.9454280509596763
2000-10-19,0.05,0.0,0.5066761827632535,0.4433238172367464,-0.0003903775510074313,0.9450589770724889
2000-10-20,0.05,0.0,0.5038198545813307,0.4461801454186693,0.0002773132329678096,0.9453210544327662
2000-10-23,0.05,0.0,0.5092461635175719,0.44075383648242794,0.0014409489887555033,0.9466832138502003
2000-10-24,0.05,0.0,0.5098579228819033,0.4401420771180966,-0.0011995583095240807,0.9455476121345393
2000-10-25,0.05,0.0,0.5063138462147593,0.44368615378524057,-0.0016680041882336676,0.9439704347573246
2000-10-26,0.05,0.0,0.48784052993285865,0.46215947006714125,-0.0003015861312479544,0.9436857463658936
2000-10-27,0.05,0.0,0.47303985228811074,0.4769601477118892,-0.0013909056923583707,0.9423731684894759
2000-10-30,0.05,0.0,0.44552093375529445,0.5044790662447054,-0.001006412442369042,0.9414247524073535
2000-10-31,0.05,0.0,0.41492927146628783,0.5350707285337123,-0.0005923874541084759,0.9408670641950402
2000-11-01,0.05,0.0,0.44342123173632864,0.5065787682636713,0.0012598128665426407,0.9420523806282193
2000-11-02,0.05,0.0,0.45121803860283854,0.4987819613971614,0.0003762635951690711,0.9424068406437921
2000-11-03,0.05,0.0,0.4133019813127187,0.5366980186872812,-0.002705418598190368,0.9398572356500525
2000-11-06,0.05,0.0,0.4191033990228803,0.5308966009771199,-0.0011437416424501298,0.9387822817916815
2000-11-07,0.05,0.0,0.4396080858123965,0.5103919141876034,8.604052535882878e-05,0.9388630551124045
2000-11-08,0.05,0.0,0.44270057179015393,0.5072994282098459,0.00023615551658400647,0.9390847728021862
2000-11-09,0.05,0.0,0.446832085211505,0.503167914788495,0.0018006424611406923,0.9407757287187045
2000-11-10,0.05,0.0,0.4647277002515267,0.48527229974847336,0.0003356294545911107,0.941091480763427
2000-11-13,0.05,0.0,0.47530247594877484,0.4746975240512251,0.001143994011043004,0.9421680837812638
2000-11-14,0.05,0.0,0.4842721497637526,0.4657278502362473,9.713927568950743e-05,0.9422596053065
2000-11-15,0.05,0.0,0.4829948093209924,0.4670051906790076,0.0008579204017745686,0.9430679890456604
2000-11-16,0.05,0.0,0.4934426588518686,0.45655734114813135,0.0011495381793834953,0.9441520817048228
2000-11-17,0.05,0.0,0.4653799950977473,0.48462000490225277,-0.0011690440279655667,0.9430483263522145
2000-11-20,0.05,0.0,0.4318914555874379,0.518108544412562,0.000333563425203116,0.9433628927820845
2000-11-21,0.05,0.0,0.42519724677622067,0.5248027532237793,-4.4097555195735084e-05,0.9433212927848504
2000-11-22,0.05,0.0,0.42907192339783523,0.5209280766021648,0.0017097483133216534,0.9449341347741098
2000-11-24,0.05,0.0,0.4161194519622918,0.5338805480377082,-0.0014514612426634608,0.9435625995006154
2000-11-27,0.05,0.0,0.3757927509867508,0.574207249013249,-0.00016996607861220588,0.9434022258656531
2000-11-28,0.05,0.0,0.3762033344013191,0.5737966655986808,0.0014397596117312673,0.9447604982880718
2000-11-29,0.05,0.0,0.4016322545185179,0.548367745481482,0.0017035551902943504,0.9463699499385156
2000-11-30,0.05,0.0,0.40480719497108253,0.5451928050289174,0.003941386835943223,0.9500999600011356
2000-12-01,0.05,0.0,0.38809223104433516,0.5619077689556649,-0.0019539833485977785,0.94824348049979
2000-12-04,0.05,0.0,0.36984396041652023,0.5801560395834798,0.00010103794284417252,0.948339289070375
2000-12-05,0.05,0.0,0.3920870980710552,0.5579129019289447,0.0027518797600520253,0.9509490047656299
2000-12-06,0.05,0.0,0.4097603491916901,0.5402396508083099,0.003179634679986083,0.9539726752000811
2000-12-07,0.05,0.0,0.40686869774665063,0.5431313022533493,-4.139829755425275e-05,0.9539331823554146
2000-12-08,0.05,0.0,0.3923092368072403,0.5576907631927598,-0.0014250254726364871,0.952573803271365
2000-12-11,0.05,0.0,0.40692275360592317,0.5430772463940768,-0.0004731217783789793,0.952123119859524
2000-12-12,0.05,0.0,0.4123981067823883,0.5376018932176115,0.0004583599558899391,0.9525595349707445
2000-12-13,0.05,0.0,0.4438807833605368,0.5061192166394632,0.0024533510898695297,0.9548964979440305
2000-12-14,0.05,0.0,0.455810590631762,0.4941894093682379,0.0022713322015318438,0.9570653851089407
2000-12-15,0.05,0.0,0.45964363033351596,0.49035636966648405,0.0013511879586154923,0.9583585603329076
2000-12-18,0.05,0.0,0.4611619010287967,0.48883809897120334,0.0011687247229336655,0.9594786176758038
2000-12-19,0.05,0.0,0.4640998021253859,0.48590019787461414,-0.0008409566074989262,0.9586717377925154
2000-12-20,0.05,0.0,0.4741223581527018,0.4758776418472982,0.0036919232483196163,0.9622110802687786
2000-12-21,0.05,0.0,0.47497238688194,0.4750276131180601,0.0020993600916031528,0.9642311078103931
2000-12-22,0.05,0.0,0.4695694186146516,0.4804305813853484,0.000553087559387914,0.9647644120404979
2000-12-26,0.05,0.0,0.464688290801897,0.48531170919810285,-0.0006991074493990707,0.9640899380531253
2000-12-27,0.05,0.0,0.4558755621414627,0.4941244378585372,-0.0024625944545195386,0.9617157755180176
2000-12-28,0.05,0.0,0.45375629096696024,0.4962437090330396,-0.0013462755643125304,0.9604210410696238
2000-12-29,0.05,0.0,0.45622600144093145,0.49377399855906856,0.0007943800843333572,0.9611839804172242
2001-01-02,0.05,0.0,0.4798359544838774,0.4701640455161226,0.008137260467858568,0.9690053848234124
2001-01-03,0.05,0.0,0.4664798465929872,0.48352015340701276,-0.005570280221838092,0.9636077532934758
2001-01-04,0.05,0.0,0.47488334027708773,0.4751166597229123,0.004698498238008464,0.9681352626244565
2001-01-05,0.05,0.0,0.48134651039665155,0.46865348960334846,0.004359037120191197,0.9723554001716025
2001-01-08,0.05,0.0,0.4819092579313609,0.468090742068639,0.0015703094252483146,0.9738822990211832
2001-01-09,0.05,0.0,0.4877276190941052,0.46227238090589473,-0.002381558296078834,0.9715629415525449
2001-01-10,0.05,0.0,0.4827913373453235,0.46720866265467653,-0.0032387108934002888,0.9684163300701145
2001-01-11,0.05,0.0,0.4855484621150432,0.46445153788495674,-0.0005046124291423451,0.9679276551533768
2001-01-12,0.05,0.0,0.47807235289727723,0.4719276471027228,-0.004043536240878827,0.9640138046012152
2001-01-16,0.05,0.0,0.47912807581285205,0.47087192418714785,0.00041976547525681644,0.9644184643140579
2001-01-17,0.05,0.0,0.47912807581285205,0.47087192418714785,0.0020030400277262187,0.9663502331015572
2001-01-18,0.05,0.0,0.47912807581285205,0.47087192418714785,0.0036788649643442308,0.9699053051174004
2001-01-19,0.05,0.0,0.47912807581285205,0.47087192418714785,-0.002270658938877318,0.967702980966471
2001-01-22,0.05,0.0,0.47912807581285205,0.47087192418714785,-0.0007840241877654765,0.9669442784228206
2001-01-23,0.05,0.0,0.47912807581285205,0.47087192418714785,-0.0009463163692918382,0.966029243223956
2001-01-24,0.05,0.0,0.47912807581285205,0.47087192418714785,-0.001125356875966559,0.9649421155727091
2001-01-25,0.05,0.0,0.47912807581285205,0.47087192418714785,0.0012675120599136233,0.9661651913413162
2001-01-26,0.05,0.0,0.47912807581285205,0.47087192418714785,0.0006044315337222258,0.9667491720497475
2001-01-29,0.05,0.0,0.47912807581285205,0.47087192418714785,-0.0005610749225956984,0.9662067533328702
2001-01-30,0.05,0.0,0.47912807581285205,0.47087192418714785,0.0027052505934998428,0.9688205847257676
2001-01-31,0.05,0.12,0.5243739474798668,0.3056260525201332,0.0038277931652424104,0.972529029538327
2001-02-01,0.05,0.12,0.5243739474798668,0.3056260525201332,0.003046561491861579,0.9754918990294359
2001-02-02,0.05,0.12,0.5243739474798668,0.3056260525201332,-0.0028345962728154733,0.9727267733282854
2001-02-05,0.05,0.12,0.5243739474798668,0.3056260525201332,-0.00033766635217203023,0.9723983162270755
2001-02-06,0.05,0.12,0.5243739474798668,0.3056260525201332,-0.0018363257737253964,0.9706126761366606
2001-02-07,0.05,0.12,0.5243739474798668,0.3056260525201332,0.0006981244451794358,0.9712902845726725
2001-02-08,0.05,0.12,0.5243739474798668,0.3056260525201332,-0.00022506413432372613,0.9710716819655981
2001-02-09,0.05,0.12,0.5243739474798668,0.3056260525201332,0.0025380550182384047,0.9735363153210801
2001-02-12,0.05,0.12,0.5243739474798668,0.3056260525201332,-0.0006817646899800361,0.9728725926368809
2001-02-13,0.05,0.12,0.5243739474798668,0.3056260525201332,-0.0011797022588446375,0.9717248926417791
2001-02-14,0.05,0.12,0.5243739474798668,0.3056260525201332,-0.0018580893312472888,0.969919340985854
2001-02-15,0.05,0.12,0.5243739474798668,0.3056260525201332,-0.0020605664585738163,0.9679207577242965
2001-02-16,0.05,0.12,0.5243739474798668,0.3056260525201332,0.0031442531032636555,0.9709641455704845
2001-02-20,0.05,0.12,0.5243739474798668,0.3056260525201332,-0.00017164863115499493,0.9707974809039966
2001-02-21,0.05,0.12,0.5243739474798668,0.3056260525201332,-0.001301269502607819,0.9695342117488878
2001-02-22,0.05,0.12,0.5243739474798668,0.3056260525201332,0.000167399149094851,0.9696965109509529
2001-02-23,0.05,0.12,0.5243739474798668,0.3056260525201332,0.001985121763248115,0.9716214765985873
2001-02-26,0.05,0.12,0.5243739474798668,0.3056260525201332,0.0012802854994703736,0.9728654294860506
2001-02-27,0.05,0.12,0.5243739474798668,0.3056260525201332,0.002085990759173014,0.9748948177818774
2001-02-28,0.05,0.12,0.5927110692889435,0.23728893071105658,0.003776353141390916,0.9785763648895338
2001-03-01,0.05,0.12,0.5927110692889435,0.23728893071105658,0.0012567478733664823,0.9798061886550354
2001-03-02,0.05,0.12,0.5927110692889435,0.23728893071105658,-0.0031019276597903014,0.9767669007372126
2001-03-05,0.05,0.12,0.5927110692889435,0.23728893071105658,-0.0006142472515546188,0.9761669243530253
2001-03-06,0.05,0.12,0.5927110692889435,0.23728893071105658,0.00018855801828029616,0.9763509884537921
2001-03-07,0.05,0.12,0.5927110692889435,0.23728893071105658,0.002237836070328926,0.9785359019130554
2001-03-08,0.05,0.12,0.5927110692889435,0.23728893071105658,0.0012876609966212488,0.9797959244277424
2001-03-09,0.05,0.12,0.5927110692889435,0.23728893071105658,-0.0015062192591403034,0.9783201369363422
2001-03-12,0.05,0.12,0.5927110692889435,0.23728893071105658,-0.00021329429336053735,0.9781114668340539
2001-03-13,0.05,0.12,0.5927110692889435,0.23728893071105658,-0.0010018616935981181,0.9771315344233638
2001-03-14,0.05,0.12,0.5927110692889435,0.23728893071105658,0.002141159525550168,0.97922372891601
2001-03-15,0.05,0.12,0.5927110692889435,0.23728893071105658,0.0021165456190560526,0.9812963006095228
2001-03-16,0.05,0.12,0.5927110692889435,0.23728893071105658,0.0006522714378908506,0.9819363721585184
2001-03-19,0.05,0.12,0.5927110692889435,0.23728893071105658,-0.0025270685858775686,0.979454951599106
2001-03-20,0.05,0.12,0.5927110692889435,0.23728893071105658,0.0012918826585826297,0.9807202924659397
2001-03-21,0.05,0.12,0.5927110692889435,0.23728893071105658,0.0001243141506361534,0.9808422098761093
2001-03-22,0.05,0.12,0.5927110692889435,0.23728893071105658,0.0006420340053632539,0.9814719439287454
2001-03-23,0.05,0.12,0.5927110692889435,0.23728893071105658,-0.002247732770231016,0.9792658572773144
2001-03-26,0.05,0.12,0.5927110692889435,0.23728893071105658,-0.0006984080129558884,0.9785819301557779
2001-03-27,0.05,0.12,0.5927110692889435,0.23728893071105658,-0.0040508878442432825,0.9746178045103138
2001-03-28,0.05,0.12,0.5927110692889435,0.23728893071105658,0.0005767416119017948,0.9751799071538753
2001-03-29,0.05,0.12,0.5927110692889435,0.23728893071105658,0.0008101257633055217,0.9759699255205185
2001-03-30,0.05,0.12,0.5033725654131326,0.32662743458686727,0.0019365309875366927,0.977859921524193
2001-04-02,0.05,0.12,0.5033725654131326,0.32662743458686727,-0.00010971014412089066,0.9777526403712725
2001-04-03,0.05,0.12,0.5033725654131326,0.32662743458686727,-0.00028268626082544656,0.9774762431333538
2001-04-04,0.05,0.12,0.5033725654131326,0.32662743458686727,-8.406600090322117e-05,0.9773940706146156
2001-04-05,0.05,0.12,0.5033725654131326,0.32662743458686727,-0.00173849385968753,0.9756948770243571
2001-04-06,0.05,0.12,0.5033725654131326,0.32662743458686727,0.002968418868855892,0.9785911481075622
2001-04-09,0.05,0.12,0.5033725654131326,0.32662743458686727,-0.0015927270942965284,0.9770325194717326
2001-04-10,0.05,0.12,0.5033725654131326,0.32662743458686727,-0.004126163703142332,0.9730011233530986
2001-04-11,0.05,0.12,0.5033725654131326,0.32662743458686727,-0.001114157805014666,0.9719170465572268
2001-04-12,0.05,0.12,0.5033725654131326,0.32662743458686727,-0.002077590752132025,0.9698978006894601
2001-04-16,0.05,0.12,0.5033725654131326,0.32662743458686727,-0.003907050747733326,0.9661083607620514
2001-04-17,0.05,0.12,0.5033725654131326,0.32662743458686727,0.0025917927148969245,0.9686123133732755
2001-04-18,0.05,0.12,0.5033725654131326,0.32662743458686727,0.0038451310101803625,0.9723367546162696
2001-04-19,0.05,0.12,0.5033725654131326,0.32662743458686727,-0.0030278135166190955,0.9693927002479369
2001-04-20,0.05,0.12,0.5033725654131326,0.32662743458686727,0.0005033997305628995,0.9698806922720512
2001-04-23,0.05,0.12,0.5033725654131326,0.32662743458686727,0.0026422604064740623,0.9724433696242452
2001-04-24,0.05,0.12,0.5033725654131326,0.32662743458686727,0.0002249217719208636,0.9726620933100336
2001-04-25,0.05,0.12,0.5033725654131326,0.32662743458686727,-0.0013752462530334487,0.9713244434107413
2001-04-26,0.05,0.12,0.5033725654131326,0.32662743458686727,0.002466198771104349,0.9737199225594245
2001-04-27,0.05,0.12,0.5033725654131326,0.32662743458686727,-0.004000692916322547,0.9698243681627589
2001-04-30,0.05,0.12,0.5932981300513469,0.23670186994865314,0.003349567070656937,0.9730728599306775
2001-05-01,0.05,0.12,0.5932981300513469,0.23670186994865314,0.0018691437777947084,0.9748916730121578
2001-05-02,0.05,0.12,0.5932981300513469,0.23670186994865314,0.0009239015508546969,0.975792376940769
2001-05-03,0.05,0.12,0.5932981300513469,0.23670186994865314,0.0024275945186668026,0.9781612051663872
2001-05-04,0.05,0.12,0.5932981300513469,0.23670186994865314,0.0009361545753339287,0.9790769152540179
2001-05-07,0.05,0.12,0.5932981300513469,0.23670186994865314,8.121658732339851e-05,0.9791564325398019
2001-05-08,0.05,0.12,0.5932981300513469,0.23670186994865314,9.918058985841993e-05,0.9792535458523449
2001-05-09,0.05,0.12,0.5932981300513469,0.23670186994865314,0.0013304531225049605,0.9805563967901482
2001-05-10,0.05,0.12,0.5932981300513469,0.23670186994865314,-0.0034272642383162276,0.9771957709177771
2001-05-11,0.05,0.12,0.5932981300513469,0.23670186994865314,-0.006726908541468013,0.9706222643397038
2001-05-14,0.05,0.12,0.5932981300513469,0.23670186994865314,0.0019587290728379906,0.9725234503876098
2001-05-15,0.05,0.12,0.5932981300513469,0.23670186994865314,-0.0008907944336851845,0.9716571319113761
2001-05-16,0.05,0.12,0.5932981300513469,0.23670186994865314,0.0009585402636083722,0.9725885043947353
2001-05-17,0.05,0.12,0.5932981300513469,0.23670186994865314,-3.9292646203332315e-05,0.9725502888187307
2001-05-18,0.05,0.12,0.5932981300513469,0.23670186994865314,8.84662311809765e-06,0.9725588926045993
2001-05-21,0.05,0.12,0.5932981300513469,0.23670186994865314,-6.350610063495729e-05,0.9724971291816921
2001-05-22,0.05,0.12,0.5932981300513469,0.23670186994865314,0.00046022550790435907,0.9729446971669051
2001-05-23,0.05,0.12,0.5932981300513469,0.23670186994865314,0.00041431519028639564,0.97334780293425
2001-05-24,0.05,0.12,0.5932981300513469,0.23670186994865314,-0.0025755011862525707,0.9708409445131565
2001-05-25,0.05,0.12,0.5932981300513469,0.23670186994865314,0.00032081369368705743,0.9711524035825483
2001-05-29,0.05,0.12,0.5932981300513469,0.23670186994865314,-0.0002800196884954844,0.9708804617890155
2001-05-30,0.05,0.12,0.5932981300513469,0.23670186994865314,8.052606619385963e-05,0.9709586429733479
2001-05-31,0.05,0.12,0.7062440046593105,0.12375599534068944,0.0038098710209611194,0.9746578701697638
2001-06-01,0.05,0.12,0.7062440046593105,0.12375599534068944,0.0006526847770514642,0.975294014524457
2001-06-04,0.05,0.12,0.7062440046593105,0.12375599534068944,0.00124683246289531,0.9765100427626336
2001-06-05,0.05,0.12,0.7062440046593105,0.12375599534068944,0.0027616342913432887,0.979206806382568
2001-06-06,0.05,0.12,0.7062440046593105,0.12375599534068944,0.00031480568172598033,0.9795150662488019
2001-06-07,0.05,0.12,0.7062440046593105,0.12375599534068944,-0.0013853594060986446,0.9781580858383588
2001-06-08,0.05,0.12,0.7062440046593105,0.12375599534068944,-0.002015841144804695,0.9761862745228025
2001-06-11,0.05,0.12,0.7062440046593105,0.12375599534068944,0.0017364969684692281,0.9778814190291726
2001-06-12,0.05,0.12,0.7062440046593105,0.12375599534068944,0.0013243167330762211,0.9791764437553573
2001-06-13,0.05,0.12,0.7062440046593105,0.12375599534068944,-0.0005173546419260872,0.9786698622769158
2001-06-14,0.05,0.12,0.7062440046593105,0.12375599534068944,0.0008314459611469431,0.9794835733812022
2001-06-15,0.05,0.12,0.7062440046593105,0.12375599534068944,-0.0006898345968842227,0.9788078917252041
2001-06-18,0.05,0.12,0.7062440046593105,0.12375599534068944,-0.0015311827368605572,0.9773091579786916
2001-06-19,0.05,0.12,0.7062440046593105,0.12375599534068944,-0.0006433397744785074,0.9766804161254018
2001-06-20,0.05,0.12,0.7062440046593105,0.12375599534068944,-7.784084061230493e-05,0.976604390500801
2001-06-21,0.05,0.12,0.7062440046593105,0.12375599534068944,0.0005880890914808901,0.9771787208895468
2001-06-22,0.05,0.12,0.7062440046593105,0.12375599534068944,0.0027204205761966697,0.9798370579884762
2001-06-25,0.05,0.12,0.7062440046593105,0.12375599534068944,-0.00037398041243769966,0.9794706181214079
2001-06-26,0.05,0.12,0.7062440046593105,0.12375599534068944,-0.0029023480352813763,0.9766278534972874
2001-06-27,0.05,0.12,0.7062440046593105,0.12375599534068944,-0.0017559750678378748,0.9749129193359902
2001-06-28,0.05,0.12,0.7062440046593105,0.12375599534068944,-0.0033418513516990473,0.9716549052787183
2001-06-29,0.05,0.12,0.83,0.0,-0.0019184641025953779,0.9697908202228305
2001-07-02,0.05,0.12,0.8299999999999998,0.0,0.006046617025794125,0.9756547739078488
2001-07-03,0.05,0.12,0.83,0.0,-0.0006233086078467619,0.9750466398889853
2001-07-05,0.05,0.12,0.8300000000000001,0.0,-0.0018172576973763477,0.9732747288773461
2001-07-06,0.05,0.12,0.83,0.0,0.002337866983525201,0.9755501157318879
2001-07-09,0.05,0.12,0.8299999999999998,0.0,0.00047431054741138286,0.976012829441308
2001-07-10,0.05,0.12,0.8299999999999998,0.0,0.0018553573738423386,0.9778236820413765
2001-07-11,0.05,0.12,0.8299999999999998,0.0,-0.00020344417854305184,0.9776247495056237
2001-07-12,0.05,0.12,0.8299999999999998,0.0,0.0010943788516828666,0.9786946413563644
2001-07-13,0.05,0.12,0.8299999999999998,0.0,-0.0004192053661858208,0.9782843673108506
2001-07-16,0.05,0.12,0.8299999999999998,0.0,0.0014710095985305768,0.9797234330052573
2001-07-17,0.05,0.12,0.8299999999999998,0.0,-0.0004879706190850452,0.9792453567551217
2001-07-18,0.05,0.12,0.8299999999999998,0.0,0.0038128918509904,0.9829791133960134
2001-07-19,0.05,0.12,0.8299999999999998,0.0,-0.0006986857815740898,0.9822923198658994
2001-07-20,0.05,0.12,0.8299999999999998,0.0,0.00032223624187129203,0.982608850051472
2001-07-23,0.05,0.12,0.8299999999999998,0.0,0.0010242310967762535,0.9836152685916624
2001-07-24,0.05,0.12,0.8299999999999998,0.0,0.001023051785436375,0.9846215579483776
2001-07-25,0.05,0.12,0.8299999999999998,0.0,-0.0024520596668465597,0.9822072071390248
2001-07-26,0.05,0.12,0.8299999999999998,0.0,0.001130945583150249,0.9833180300416771
2001-07-27,0.05,0.12,0.8299999999999998,0.0,0.0024462464005255975,0.9857234682332383
2001-07-30,0.05,0.12,0.8299999999999998,0.0,0.0015294503329137796,0.9872310833198885
2001-07-31,0.05,0.12,0.5548269489756996,0.27517305102430034,0.0024444228613912174,0.9896442935494316
2001-08-01,0.05,0.12,0.5548269489756996,0.27517305102430034,-0.0007521291844864745,0.9888999531939925
2001-08-02,0.05,0.12,0.5548269489756996,0.27517305102430034,-0.002086474973317696,0.9868366381905381
2001-08-03,0.05,0.12,0.5548269489756996,0.27517305102430034,-0.0005853979387109202,0.986258946056697
2001-08-06,0.05,0.12,0.5548269489756996,0.27517305102430034,0.000694408435361408,0.9869438125882894
2001-08-07,0.05,0.12,0.5548269489756996,0.27517305102430034,-2.604660463916659e-05,0.9869181060530019
2001-08-08,0.05,0.12,0.5548269489756996,0.27517305102430034,0.0037499895278192167,0.9906190386155158
2001-08-09,0.05,0.12,0.5548269489756996,0.27517305102430034,-0.0012242285600408448,0.9894062944963224
2001-08-10,0.05,0.12,0.5548269489756996,0.27517305102430034,0.0011179354021872805,0.9905123868200868
2001-08-13,0.05,0.12,0.5548269489756996,0.27517305102430034,0.0008471924194056013,0.9913515414055281
2001-08-14,0.05,0.12,0.5548269489756996,0.27517305102430034,-0.0007294639273433432,0.9906283862167565
2001-08-15,0.05,0.12,0.5548269489756996,0.27517305102430034,-0.001647890155238393,0.9889959394516102
2001-08-16,0.05,0.12,0.5548269489756996,0.27517305102430034,0.0012624538175657564,0.990244501150928
2001-08-17,0.05,0.12,0.5548269489756996,0.27517305102430034,0.0025219634141388837,0.9927418615538829
2001-08-20,0.05,0.12,0.5548269489756996,0.27517305102430034,-0.0025580565006119316,0.9902023717815054
2001-08-21,0.05,0.12,0.5548269489756996,0.27517305102430034,0.00044917555104325644,0.9906471464774946
2001-08-22,0.05,0.12,0.5548269489756996,0.27517305102430034,-0.0009711009469007361,0.9896851280955058
2001-08-23,0.05,0.12,0.5548269489756996,0.27517305102430034,0.0008226646935483291,0.9904993071081198
2001-08-24,0.05,0.12,0.5548269489756996,0.27517305102430034,-0.0010072397424061034,0.9895016368411748
2001-08-27,0.05,0.12,0.5548269489756996,0.27517305102430034,-0.00054492251626258,0.9889624351193813
2001-08-28,0.05,0.12,0.5548269489756996,0.27517305102430034,0.0030599292164601253,0.9919885901685846
2001-08-29,0.05,0.12,0.5548269489756996,0.27517305102430034,0.0019097056133127645,0.9938829963475718
2001-08-30,0.05,0.12,0.5548269489756996,0.27517305102430034,0.00036961799261722744,0.9942503533855781
2001-08-31,0.05,0.12,0.634332474502278,0.1956675254977219,0.0018781304204687026,0.9961176852198333
2001-09-04,0.05,0.12,0.634332474502278,0.1956675254977219,-0.005543182758856409,0.9905960228413307
2001-09-05,0.05,0.12,0.634332474502278,0.1956675254977219,0.0005908922501398997,0.991181358354247
2001-09-06,0.05,0.12,0.634332474502278,0.1956675254977219,0.0035655795142569657,0.9947154943005084
2001-09-07,0.05,0.12,0.634332474502278,0.1956675254977219,0.0017356624888594141,0.996441984671053
2001-09-10,0.05,0.12,0.634332474502278,0.1956675254977219,-0.0013991689604180633,0.995047793975244
2001-09-17,0.05,0.12,0.634332474502278,0.1956675254977219,0.0010390694139850811,0.9960817177034169
2001-09-18,0.05,0.12,0.634332474502278,0.1956675254977219,-0.003906505548208329,0.9921905189467396
2001-09-19,0.05,0.12,0.634332474502278,0.1956675254977219,0.003433193242217565,0.9955969007313799
2001-09-20,0.05,0.12,0.634332474502278,0.1956675254977219,-0.0027340415601729367,0.9928748974276008
2001-09-21,0.05,0.12,0.634332474502278,0.1956675254977219,-0.0006886640144329905,0.9921911402149085
2001-09-24,0.05,0.12,0.634332474502278,0.1956675254977219,-0.0011262532188741352,0.991073681749503
2001-09-25,0.05,0.12,0.634332474502278,0.1956675254977219,0.0007801571152834868,0.9918468749340901
2001-09-26,0.05,0.12,0.634332474502278,0.1956675254977219,0.001541871631443377,0.9933761754932868
2001-09-27,0.05,0.12,0.634332474502278,0.1956675254977219,0.0014325166835140255,0.9947992034376864
2001-09-28,0.05,0.0,0.4398858447475414,0.5101141552524586,-0.0015267424152295215,0.9932804012991615
2001-10-01,0.05,0.0,0.4398858447475414,0.5101141552524586,0.000921472045110946,0.9941956814219153
2001-10-02,0.05,0.0,0.4398858447475414,0.5101141552524586,0.0012942834422468275,0.9954824524307331
2001-10-03,0.05,0.0,0.4398858447475414,0.5101141552524586,0.0006565666440426964,0.996136053003729
2001-10-04,0.05,0.0,0.4398858447475414,0.5101141552524586,-1.0723643642209814e-05,0.9961253707956774
2001-10-05,0.05,0.0,0.4398858447475414,0.5101141552524586,0.0006248357223758448,0.9967477855113155
2001-10-08,0.05,0.0,0.4398858447475414,0.5101141552524586,0.0,0.9967477855113155
2001-10-09,0.05,0.0,0.4398858447475414,0.5101141552524586,-0.002465444593433078,0.9942903590725102
2001-10-10,0.05,0.0,0.4398858447475414,0.5101141552524586,-0.0004785596849514901,0.9938145317915221
2001-10-11,0.05,0.0,0.4398858447475414,0.5101141552524586,-0.0026791374875110765,0.9911519660237662
2001-10-12,0.05,0.0,0.4398858447475414,0.5101141552524586,0.0010608602192856043,0.9922034397157876
2001-10-15,0.05,0.0,0.4398858447475414,0.5101141552524586,0.0013445188489565742,0.993537475942485
2001-10-16,0.05,0.0,0.4398858447475414,0.5101141552524586,0.0010160023852567965,0.9945469123878845
2001-10-17,0.05,0.0,0.4398858447475414,0.5101141552524586,0.00023612401096771525,0.994781748793933
2001-10-18,0.05,0.0,0.4398858447475414,0.5101141552524586,-0.0001517716343276019,0.9946307691421193
2001-10-19,0.05,0.0,0.4398858447475414,0.5101141552524586,-0.0011676108887564338,0.9934694274257768
2001-10-22,0.05,0.0,0.4398858447475414,0.5101141552524586,-0.00034730841014854593,0.9931243871384065
2001-10-23,0.05,0.0,0.4398858447475414,0.5101141552524586,-0.0006214695910325143,0.9925071905316871
2001-10-24,0.05,0.0,0.4398858447475414,0.5101141552524586,0.001918491141384929,0.9944113067844831
2001-10-25,0.05,0.0,0.4398858447475414,0.5101141552524586,0.0019199540615559467,0.9963205308118012
2001-10-26,0.05,0.0,0.4398858447475414,0.5101141552524586,5.800380767864622e-05,0.9963783211962567
2001-10-29,0.05,0.0,0.4398858447475414,0.5101141552524586,0.0016902124455874731,0.9980624122352563
2001-10-30,0.05,0.0,0.4398858447475414,0.5101141552524586,0.0020648497233494187,1.0001232611310458
2001-10-31,0.05,0.12,0.40284356213764433,0.42715643786235574,0.0018036504709883845,1.0019271339220313
2001-11-01,0.05,0.12,0.40284356213764433,0.42715643786235574,0.0002403071127358094,1.0021679041387557
2001-11-02,0.05,0.12,0.40284356213764433,0.42715643786235574,-0.002882564011544811,0.99927909100476
2001-11-05,0.05,0.12,0.40284356213764433,0.42715643786235574,0.001431187317049902,1.000709246565999
2001-11-06,0.05,0.12,0.40284356213764433,0.42715643786235574,0.0014591894403900795,1.002169470931489
2001-11-07,0.05,0.12,0.40284356213764433,0.42715643786235574,0.002758768983081995,1.0049342249836863
2001-11-08,0.05,0.12,0.40284356213764433,0.42715643786235574,-0.002182240209090522,1.0027412171104357
2001-11-09,0.05,0.12,0.40284356213764433,0.42715643786235574,-0.0005755664365022575,1.0021640729213694
2001-11-12,0.05,0.12,0.40284356213764433,0.42715643786235574,0.0,1.0021640729213694
2001-11-13,0.05,0.12,0.40284356213764433,0.42715643786235574,-0.001914362193550559,1.000245567908434
2001-11-14,0.05,0.12,0.40284356213764433,0.42715643786235574,-0.003601527718131197,0.9966431557706741
2001-11-15,0.05,0.12,0.40284356213764433,0.42715643786235574,-0.0067175706797475325,0.9899481349292979
2001-11-16,0.05,0.12,0.40284356213764433,0.42715643786235574,-0.004114587278568522,0.9858749069268752
2001-11-19,0.05,0.12,0.40284356213764433,0.42715643786235574,0.004960920785251672,0.9907657542443068
2001-11-20,0.05,0.12,0.40284356213764433,0.42715643786235574,-0.002199882720276016,0.9885861857817034
2001-11-21,0.05,0.12,0.40284356213764433,0.42715643786235574,-0.003135163777082102,0.9854868061815169
2001-11-23,0.05,0.12,0.40284356213764433,0.42715643786235574,-0.0019349043911239773,0.9835799834328415
2001-11-26,0.05,0.12,0.40284356213764433,0.42715643786235574,-0.00010849668256514439,0.9834732682676015
2001-11-27,0.05,0.12,0.40284356213764433,0.42715643786235574,0.0034640530820624787,0.9868800718736699
2001-11-28,0.05,0.12,0.40284356213764433,0.42715643786235574,-3.691031946332111e-05,0.9868436458149451
2001-11-29,0.05,0.12,0.40284356213764433,0.42715643786235574,0.00632136074625211,0.9930818405002879
2001-11-30,0.05,0.12,0.686937404291252,0.14306259570874794,0.00332415385012549,0.9963829973238766
2001-12-03,0.05,0.12,0.686937404291252,0.14306259570874794,-2.3127383207230227e-05,0.9963599535924763
2001-12-04,0.05,0.12,0.686937404291252,0.14306259570874794,0.001592427886493288,0.9979465849675623
2001-12-05,0.05,0.12,0.686937404291252,0.14306259570874794,-0.008530700958870544,0.9894334010782779
2001-12-06,0.05,0.12,0.686937404291252,0.14306259570874794,-0.0028003914671209437,0.9866626002246138
2001-12-07,0.88,0.12,0.0,0.0,-0.003887294268738731,0.9828271523535819
2001-12-10,0.88,0.12,0.0,0.0,-0.0006070390700678007,0.9822305378729798
2001-12-11,0.88,0.12,0.0,0.0,-0.00019472090004326592,0.9820392770585952
2001-12-12,0.05,0.12,0.8300000000000001,0.0,-0.00031205981146388063,0.9817328220669461
2001-12-13,0.88,0.12,0.0,0.0,-0.00506852091971139,0.9767568887207324
2001-12-14,0.88,0.12,0.0,0.0,-0.0004957060550059732,0.9762727044167248
2001-12-17,0.88,0.12,0.0,0.0,-0.00017028708656259716,0.976106457782199
2001-12-18,0.88,0.12,0.0,0.0,0.0002229995627459491,0.9763241290954778
2001-12-19,0.88,0.12,0.0,0.0,-6.546644844518835e-05,0.9762602126222146
2001-12-20,0.88,0.12,0.0,0.0,9.170305676857282e-05,0.9763497386679137
2001-12-21,0.88,0.12,0.0,0.0,6.545216537580778e-05,0.9764136428724737
2001-12-24,0.88,0.12,0.0,0.0,-6.541648495420383e-05,0.9763497693240957
2001-12-26,0.88,0.12,0.0,0.0,-5.2361732300654214e-05,0.9762986459588425
2001-12-27,0.88,0.12,0.0,0.0,0.0001833460656990038,0.9764776464745264
2001-12-28,0.88,0.12,0.0,0.0,-1.3076168682566446e-05,0.9764648778881064
2001-12-31,0.88,0.12,0.0,0.0,0.0022493461203138485,0.9786612853728068
2002-01-02,0.88,0.12,0.0,0.0,-3.851091142490936e-05,0.9786235962347308
2002-01-03,0.88,0.12,0.0,0.0,0.0005136436597110538,0.9791262600401804
2002-01-04,0.88,0.12,0.0,0.0,0.0002045817794352711,0.9793265714327511
2002-01-07,0.05,0.12,0.83,0.0,0.00016593979363897836,0.9794890806819198
2002-01-08,0.05,0.12,0.83,0.0,-0.001011682830213436,0.9784981483966123
2002-01-09,0.05,0.12,0.8300000000000001,0.0,0.0009202819826900787,0.9793986426126774
2002-01-10,0.05,0.12,0.83,0.0,0.003393514214028659,0.9827222458275839
2002-01-11,0.05,0.12,0.8299999999999998,0.0,0.0038321966271227035,0.9864882307034428
2002-01-14,0.05,0.12,0.8299999999999998,0.0,-0.0002014020883909617,0.9862895499136061
2002-01-15,0.05,0.12,0.8300000000000001,0.0,0.000388804993456202,0.9866730242156061
2002-01-16,0.05,0.12,0.8300000000000001,0.0,-0.0011481233429161443,0.9855402018846785
2002-01-17,0.05,0.12,0.8300000000000001,0.0,-0.004088522364136999,0.9815107987285169
2002-01-18,0.05,0.12,0.8300000000000001,0.0,0.0019421572344789787,0.9834170470269866
2002-01-22,0.05,0.12,0.8299999999999998,0.0,-0.0007297891125946799,0.9826993599729263
2002-01-23,0.88,0.12,0.0,0.0,-0.003332160276405988,0.979424848201975
2002-01-24,0.88,0.12,0.0,0.0,2.5594539831503835e-05,0.9794499161302642
2002-01-25,0.88,0.12,0.0,0.0,0.00011515086896255688,0.9795627006392119
2002-01-28,0.88,0.12,0.0,0.0,-1.2782275244980212e-05,0.9795501795991527
2002-01-29,0.88,0.12,0.0,0.0,-0.00021732182806009082,0.9793373019634456
2002-01-30,0.88,0.12,0.0,0.0,-0.0002689434364994803,0.9790739156239634
2002-01-31,0.88,0.12,0.0,0.0,0.0010653545833779088,0.9801169765074391
2002-02-01,0.88,0.12,0.0,0.0,0.00015267175572518886,0.9802666126870586
2002-02-04,0.88,0.12,0.0,0.0,-6.35324015247729e-05,0.98020433399502
2002-02-05,0.88,0.12,0.0,0.0,-0.000330543489776467,0.9798803338337674
2002-02-06,0.88,0.12,0.0,0.0,-0.00040794645702751264,0.979480595123269
2002-02-07,0.88,0.12,0.0,0.0,-0.00010233450591620841,0.9793803604605126
2002-02-08,0.88,0.12,0.0,0.0,3.840819374801185e-05,0.9794179766911503
2002-02-11,0.88,0.12,0.0,0.0,-0.00012798634812287711,0.9792926245610277
2002-02-12,0.88,0.12,0.0,0.0,-0.00010249839846251607,0.979192248635384
2002-02-13,0.88,0.12,0.0,0.0,6.411626415901317e-05,0.97925503078426
2002-02-14,0.88,0.12,0.0,0.0,-0.00037167574495353237,0.9788910654411938
2002-02-15,0.88,0.12,0.0,0.0,3.856867366616612e-05,0.9789288199712515
2002-02-19,0.88,0.12,0.0,0.0,-0.00016707721966371824,0.978765263265762
2002-02-20,0.88,0.12,0.0,0.0,-0.0004375804375804248,0.9783369747335736
2002-02-21,0.88,0.12,0.0,0.0,1.2917115177586424e-05,0.9783496120249586
2002-02-22,0.88,0.12,0.0,0.0,-0.00023248304811107178,0.9781221623250368
2002-02-25,0.88,0.12,0.0,0.0,-0.00033646069233257854,0.977793062665115
2002-02-26,0.88,0.12,0.0,0.0,2.5954363577369575e-05,0.9778184406617669
2002-02-27,0.88,0.12,0.0,0.0,0.00022056438533894605,0.9780341125851046
2002-02-28,0.88,0.12,0.0,0.0,-0.0008158860349665398,0.9772361482109256
2002-03-01,0.1,0.0,0.0,0.9,0.00018254916874932192,0.9774145418574532
2002-03-04,0.88,0.12,0.0,0.0,-0.0009405282158464256,0.9764952559022577
2002-03-05,0.88,0.12,0.0,0.0,0.0003635183382018603,0.9768502298349453
2002-03-06,0.88,0.12,0.0,0.0,6.471793765507882e-05,0.9769134495672182
2002-03-07,0.88,0.12,0.0,0.0,0.000413971539456659,0.9773178639318514
2002-03-08,0.88,0.12,0.0,0.0,0.00020627417275462356,0.9775194593657522
2002-03-11,0.88,0.12,0.0,0.0,7.722007722007262e-05,0.9775949434938886
2002-03-12,0.88,0.12,0.0,0.0,0.0001157556270096638,0.9777081056095344
2002-03-13,0.88,0.12,0.0,0.0,0.0,0.9777081056095344
2002-03-14,0.88,0.12,0.0,0.0,0.0,0.9777081056095344
2002-03-15,0.88,0.12,0.0,0.0,1.2849341471259379e-05,0.9777206685148426
2002-03-18,0.88,0.12,0.0,0.0,0.00012847965738758128,0.9778462857313541
2002-03-19,0.88,0.12,0.0,0.0,0.00012834224598929467,0.9779717847198971
2002-03-20,0.88,0.12,0.0,0.0,7.692307692307664e-05,0.9780470133187217
2002-03-21,0.88,0.12,0.0,0.0,-7.687379884689705e-05,0.977971827129357
2002-03-22,0.88,0.12,0.0,0.0,-7.692307692306332e-05,0.9778965985272702
2002-03-25,0.88,0.12,0.0,0.0,1.2828736369447923e-05,0.9779091437049292
2002-03-26,0.88,0.12,0.0,0.0,-0.00015392838054514968,0.9777586157341184
2002-03-27,0.88,0.12,0.0,0.0,3.853152092474943e-05,0.9777962902606799
2002-03-28,0.88,0.12,0.0,0.0,-0.00025679435052427646,0.9775451976973774
2002-04-01,0.88,0.12,0.0,0.0,0.0013253270426764007,0.978840764783324
2002-04-02,0.88,0.12,0.0,0.0,6.36334712058506e-05,0.978903051818945
2002-04-03,0.88,0.12,0.0,0.0,-2.5439898240424696e-05,0.9788781486249195
2002-04-04,0.88,0.12,0.0,0.0,-3.816793893127723e-05,0.9788407868635216
2002-04-05,0.88,0.12,0.0,0.0,6.36334712058506e-05,0.9789030739005476
2002-04-08,0.88,0.12,0.0,0.0,2.5439898240398052e-05,0.9789279770951349
2002-04-09,0.88,0.12,0.0,0.0,5.0869012293359714e-05,0.9789777741944361
2002-04-10,0.88,0.12,0.0,0.0,0.00019067796610167773,0.9791644436852782
2002-04-11,0.88,0.12,0.0,0.0,6.345848757272066e-05,0.9792265799799594
2002-04-12,0.88,0.12,0.0,0.0,-0.0002156448202959682,0.9790154148400906
2002-04-15,0.88,0.12,0.0,0.0,2.541565180556482e-05,0.9790402971549864
2002-04-16,0.88,0.12,0.0,0.0,3.811540497617116e-05,0.9790776136724005
2002-04-17,0.88,0.12,0.0,0.0,0.000304826418289581,0.9793760623946038
2002-04-18,0.88,0.12,0.0,0.0,0.00016469594594594738,0.9795373616616369
2002-04-19,0.88,0.12,0.0,0.0,-0.00010121244069583035,0.9794382202945103
2002-04-22,0.88,0.12,0.0,0.0,-8.863564419119286e-05,0.979351407156909
2002-04-23,0.88,0.12,0.0,0.0,-1.2671594508977257e-05,0.9793389972129957
2002-04-24,0.88,0.12,0.0,0.0,0.00025345865455697944,0.9795872191575845
2002-04-25,0.88,0.12,0.0,0.0,-5.058488776478853e-05,0.9795376668480477
2002-04-26,0.88,0.12,0.0,0.0,-7.59093305218661e-05,0.9794633107995363
2002-04-29,0.88,0.12,0.0,0.0,7.595737947040603e-05,0.979537708265912
2002-04-30,0.88,0.12,0.0,0.0,0.0007590933052187675,0.9802812687824661
2002-05-01,0.88,0.12,0.0,0.0,1.2572027239388106e-05,0.9802935929052796
2002-05-02,0.88,0.12,0.0,0.0,-0.00025141420490256913,0.9800471331710482
2002-05-03,0.88,0.12,0.0,0.0,-3.779130799915542e-05,0.9800100959079848
2002-05-06,0.88,0.12,0.0,0.0,-0.00018901606636565038,0.9798248582546576
2002-05-07,0.88,0.12,0.0,0.0,-0.0001893142616743626,0.979639363435047
2002-05-08,0.88,0.12,0.0,0.0,-6.32044664489717e-05,0.9795774458517688
2002-05-09,0.88,0.12,0.0,0.0,0.00018971332209106074,0.9797632847432669
2002-05-10,0.88,0.12,0.0,0.0,2.525518257392889e-05,0.9797880288439023
2002-05-13,0.88,0.12,0.0,0.0,-0.0003661230931088788,0.9794293058201908
2002-05-14,0.88,0.12,0.0,0.0,-0.00011397214014352564,0.9793176781660872
2002-05-15,0.88,0.12,0.0,0.0,7.605366008239578e-05,0.9793921588598951
2002-05-16,0.88,0.12,0.0,0.0,-0.00020268130476091883,0.9791936543792648
2002-05-17,0.88,0.12,0.0,0.0,-0.00024109125515490602,0.9789575793520907
2002-05-20,0.88,0.12,0.0,0.0,-8.900190718371447e-05,0.9788704502604764
2002-05-21,0.88,0.12,0.0,0.0,0.00012723995334533276,0.9789950016908987
2002-05-22,0.88,0.12,0.0,0.0,-3.813155386082734e-05,0.9789576710902623
2002-05-23,0.88,0.12,0.0,0.0,0.00012714558169105495,0.9790821412328041
2002-05-24,0.88,0.12,0.0,0.0,5.080440304825906e-05,0.9791318829165246
2002-05-28,0.88,0.12,0.0,0.0,2.539145154464961e-05,0.9791567444962855
2002-05-29,0.88,0.12,0.0,0.0,6.346519991537569e-05,0.9792188868748235
2002-05-30,0.88,0.12,0.0,0.0,0.0,0.9792188868748235
2002-05-31,0.05,0.0,0.95,0.0,-0.002930542340627977,0.9763492444660943
2002-06-03,0.05,0.0,0.95,0.0,0.00036771821172811855,0.9767082658642914
2002-06-04,0.05,0.0,0.95,0.0,0.001562197717159941,0.978234077287556
2002-06-05,0.05,0.0,0.95,0.0,-0.0008256880733945038,0.9774263610769515
2002-06-06,0.05,0.05,0.9,0.0,0.001101875120819684,0.9785033628666554
2002-06-07,0.05,0.0,0.95,0.0,-0.002970449777249168,0.9755967677703906
2002-06-10,0.05,0.0,0.95,0.0,0.00036800309897346836,0.9759557904042786
2002-06-11,0.05,0.0,0.95,0.0,0.0011955469506292448,0.9771225913734455
2002-06-12,0.05,0.0,0.95,0.0,0.0007347964807115858,0.9778405776148105
2002-06-13,0.05,0.0,0.95,0.0,0.0020191285866098863,0.9798149634782196
2002-06-14,0.05,0.0,0.95,0.0,0.003388605032295244,0.9831351693941802
2002-06-17,0.05,0.0,0.95,0.0,-0.0020076849183477074,0.9811613437418903
2002-06-18,0.05,0.0,0.95,0.0,9.145167500960171e-05,0.9812510725902303
2002-06-19,0.05,0.0,0.95,0.0,0.004206372124362345,0.9853785797489745
2002-06-20,0.05,0.0,0.95,0.0,-0.005098227120268167,0.9803548959499669
2002-06-21,0.05,0.0,0.95,0.0,0.0023798053762403293,0.9826879498019722
2002-06-24,0.05,0.0,0.95,0.0,-0.004839019702066355,0.9779327034518972
2002-06-25,0.05,0.0,0.95,0.0,0.0005506182380215607,0.9784711710339755
2002-06-26,0.05,0.0,0.95,0.0,0.001467464761536985,0.9799070429976476
2002-06-27,0.05,0.0,0.95,0.0,-0.004029304029304037,0.9759586996009538
2002-06-28,0.05,0.0,0.38930067133520235,0.5606993286647975,-0.002115198451113304,0.9738943532712073
2002-07-01,0.05,0.0,0.38930067133520235,0.5606993286647975,0.0006636049294770352,0.974540634364828
2002-07-02,0.05,0.0,0.38930067133520235,0.5606993286647975,0.0019389492512292069,0.976430219198122
2002-07-03,0.05,0.0,0.38930067133520235,0.5606993286647975,-0.00026342239723022275,0.9761730056090528
2002-07-05,0.05,0.0,0.38930067133520235,0.5606993286647975,-0.004213151678058228,0.9720602406723959
2002-07-08,0.05,0.0,0.95,0.0,0.0020853300711953476,0.9740873071232835
2002-07-09,0.05,0.0,0.95,0.0,0.00349975763451279,0.9774963766130702
2002-07-10,0.05,0.0,0.95,0.0,0.004404520428861169,0.9818017793730003
2002-07-11,0.05,0.0,0.95,0.0,-0.0009133737140659847,0.9809050274352978
2002-07-12,0.05,0.0,0.95,0.0,0.0010971032624387921,0.9819811815410396
2002-07-15,0.05,0.0,0.95,0.0,-0.002648274536191558,0.9793806257829453
2002-07-16,0.05,0.0,0.95,0.0,-0.0044871794871794764,0.9749859691287911
2002-07-17,0.05,0.0,0.95,0.0,0.0015641646489103266,0.976511007714886
2002-07-18,0.05,0.0,0.95,0.0,0.002847611680525952,0.9792917318666171
2002-07-19,0.05,0.0,0.95,0.0,-0.0003663356791670791,0.978932982364921
2002-07-22,0.05,0.0,0.95,0.0,0.002290481242164155,0.9811752099983637
2002-07-23,0.05,0.0,0.95,0.0,-0.0016451799114872876,0.9795610002532251
2002-07-24,0.05,0.0,0.95,0.0,-0.006042791056283847,0.9736417178018105
2002-07-25,0.05,0.0,0.95,0.0,0.0015664403491755683,0.9751668694742158
2002-07-26,0.05,0.0,0.95,0.0,-0.0015638617217004378,0.9736418433347747
2002-07-29,0.05,0.0,0.95,0.0,-0.008200775945683853,0.9656572247262436
2002-07-30,0.05,0.0,0.95,0.0,-0.0005576753742294605,0.965118701472067
2002-07-31,0.05,0.0,0.3092682616508988,0.6407317383491012,0.010881057268722382,0.9756202133338995
2002-08-01,0.05,0.0,0.3092682616508988,0.6407317383491012,0.00266526561137561,0.9782205003382614
2002-08-02,0.05,0.0,0.3092682616508988,0.6407317383491012,0.004479656339393277,0.982602592003926
2002-08-05,0.05,0.0,0.3092682616508988,0.6407317383491012,0.00032910702949046273,0.98292597342415
2002-08-06,0.05,0.0,0.3092682616508988,0.6407317383491012,-0.004962877603055922,0.9780478321251813
2002-08-07,0.05,0.0,0.3092682616508988,0.6407317383491012,0.00364503801519182,0.9816128536539536
2002-08-08,0.05,0.0,0.3092682616508988,0.6407317383491012,-0.003392577966426955,0.9782826555150856
2002-08-09,0.05,0.0,0.3092682616508988,0.6407317383491012,0.0025986449769227525,0.9808248648238507
2002-08-12,0.05,0.0,0.3092682616508988,0.6407317383491012,0.0004765536403613209,0.9812922804837393
2002-08-13,0.05,0.0,0.3092682616508988,0.6407317383491012,0.0026791042683028763,0.9839212648208361
2002-08-14,0.05,0.0,0.3092682616508988,0.6407317383491012,-0.0009494219174941472,0.9829871084069266
2002-08-15,0.05,0.0,0.3092682616508988,0.6407317383491012,-0.0027039382684575877,0.9803291719471047
2002-08-16,0.05,0.0,0.3092682616508988,0.6407317383491012,-0.004052430010090274,0.9763564565909393
2002-08-19,0.05,0.0,0.3092682616508988,0.6407317383491012,0.0007781867499158084,0.977116244248653
2002-08-20,0.05,0.0,0.3092682616508988,0.6407317383491012,0.005471420525532157,0.9824624581232659
2002-08-21,0.05,0.0,0.3092682616508988,0.6407317383491012,-0.0005653562559594727,0.9819070168263206
2002-08-22,0.05,0.0,0.3092682616508988,0.6407317383491012,-0.0027960944352103945,0.9791615120806786
2002-08-23,0.05,0.0,0.3092682616508988,0.6407317383491012,0.002086415832990101,0.9812044501625382
2002-08-26,0.05,0.0,0.3092682616508988,0.6407317383491012,0.0008922126912107159,0.9820798932256457
2002-08-27,0.05,0.0,0.3092682616508988,0.6407317383491012,-0.002289742934439441,0.9798311827290773
2002-08-28,0.05,0.0,0.3092682616508988,0.6407317383491012,0.0018764126445614017,0.9816697503498857
2002-08-29,0.05,0.0,0.3092682616508988,0.6407317383491012,0.0018744930014803055,0.9835098834266814
2002-08-30,0.05,0.0,0.43644385178550865,0.5135561482144912,0.0002662153531058662,0.983771708857581
2002-09-03,0.05,0.0,0.43644385178550865,0.5135561482144912,0.0051651854310506545,0.988853072155652
2002-09-04,0.05,0.0,0.43644385178550865,0.5135561482144912,0.00019607900423670324,0.9890469654813767
2002-09-05,0.05,0.0,0.43644385178550865,0.5135561482144912,0.0019782854790206016,0.991003582731258
2002-09-06,0.05,0.0,0.43644385178550865,0.5135561482144912,-0.004841045698633463,0.9862060890997465
2002-09-09,0.05,0.0,0.43644385178550865,0.5135561482144912,-0.0009805270728940193,0.9852390873299313
2002-09-10,0.05,0.0,0.43644385178550865,0.5135561482144912,0.0017005156932301201,0.9869145018595196
2002-09-11,0.05,0.0,0.43644385178550865,0.5135561482144912,-0.003318733671183155,0.9836391954716194
2002-09-12,0.05,0.0,0.43644385178550865,0.5135561482144912,0.004086083218614934,0.9876584270814078
2002-09-13,0.05,0.0,0.43644385178550865,0.5135561482144912,0.002057482498444797,0.9896905170095692
2002-09-16,0.05,0.0,0.43644385178550865,0.5135561482144912,0.000733096099929454,0.9904160552677261
2002-09-17,0.05,0.0,0.43644385178550865,0.5135561482144912,0.0005487065831908265,0.9909595030773495
2002-09-18,0.05,0.0,0.43644385178550865,0.5135561482144912,0.0003135397503157831,0.9912702082725174
2002-09-19,0.05,0.0,0.43644385178550865,0.5135561482144912,0.0021877715312125607,0.9934388810139153
2002-09-20,0.05,0.0,0.43644385178550865,0.5135561482144912,-0.0003226267281207833,0.9931183710781458
2002-09-23,0.05,0.0,0.43644385178550865,0.5135561482144912,0.002006385199747174,0.9951109490794741
2002-09-24,0.05,0.0,0.43644385178550865,0.5135561482144912,-0.00040855284029579954,0.9947043936748181
2002-09-25,0.05,0.0,0.43644385178550865,0.5135561482144912,-0.003303537187115687,0.991418350720126
2002-09-26,0.05,0.0,0.43644385178550865,0.5135561482144912,4.7358552952313965e-05,0.9914653028585865
2002-09-27,0.05,0.0,0.43644385178550865,0.5135561482144912,0.0028656671884605108,0.9943065124454855
2002-09-30,0.05,0.0,0.4919030446660928,0.45809695533390715,0.00152393388528795,0.9958217698321636
2002-10-01,0.05,0.0,0.4919030446660928,0.45809695533390715,-0.003243478570898185,0.992591843261279
2002-10-02,0.05,0.0,0.4919030446660928,0.45809695533390715,-4.211312462017005e-06,0.9925876631468799
2002-10-03,0.05,0.0,0.4919030446660928,0.45809695533390715,-1.265876017775996e-05,0.9925750982176966
2002-10-04,0.05,0.0,0.4919030446660928,0.45809695533390715,-0.0014651705297585792,0.9911208064352158
2002-10-07,0.05,0.0,0.4919030446660928,0.45809695533390715,0.00040487333710635947,0.9915220848235927
2002-10-08,0.05,0.0,0.37191742164813213,0.5780825783518677,-0.003030527707793121,0.988517249672646
2002-10-09,0.05,0.0,0.34087243814935564,0.6091275618506443,0.0008894336145061971,0.9893964701430241
2002-10-10,0.05,0.0,0.258891223910096,0.6911087760899038,-0.002875015661903695,0.9865519397955307
2002-10-11,0.05,0.0,0.2327929906466645,0.7172070093533355,-0.0030696227097423766,0.9835235975567939
2002-10-14,0.05,0.0,0.20929930520754936,0.7407006947924506,0.0,0.9835235975567939
2002-10-15,0.05,0.0,0.0,0.95,-0.0063842829442945035,0.9772445046276008
2002-10-16,0.05,0.0,0.0,0.95,-0.0006188349153172734,0.9766397516073354
2002-10-17,0.05,0.0,0.0,0.95,-0.002388490548468125,0.974307056791363
2002-10-18,0.1,0.0,0.0,0.9,0.0,0.974307056791363
2002-10-21,0.1,0.0,0.0,0.9,-0.0025205377147125784,0.9718512791090097
2002-10-22,0.1,0.0,0.0,0.9,-0.00042126942520120947,0.9714418678792783
2002-10-23,0.1,0.0,0.0,0.9,0.0005057600449564825,0.9719331843620496
2002-10-24,0.1,0.0,0.0,0.9,0.0026958719460826066,0.9745533917672379
2002-10-25,0.05,0.0,0.0,0.95,0.002015865608959322,0.976517960433796
2002-10-28,0.05,0.0,0.05,0.9,0.0014154018064996608,0.9779001257190733
2002-10-29,0.05,0.0,0.378948590801265,0.5710514091987351,0.004526599212428351,0.9823266876579868
2002-10-30,0.05,0.0,0.3941120676756698,0.5558879323243301,-0.0003961946872193921,0.9819374950432229
2002-10-31,0.05,0.0,0.5064350414846103,0.44356495851538985,0.002878708320914554,0.9847642066808218
2002-11-01,0.05,0.0,0.5110689420309827,0.43893105796901727,-0.0023769239211811296,0.9824234970812391
2002-11-04,0.05,0.0,0.5297546262564642,0.4202453737435358,-0.0014406076256348456,0.9810082102997411
2002-11-05,0.05,0.0,0.5638153046350213,0.38618469536497874,-9.808271428956325e-05,0.9809119903517345
2002-11-06,0.05,0.0,0.6104942201193009,0.339505779880699,0.002748556944746278,0.9836080828150007
2002-11-07,0.05,0.0,0.6217781662629712,0.3282218337370288,0.004892754038965494,0.9884206352349527
2002-11-08,0.05,0.0,0.6113593835471741,0.3386406164528259,0.0005616246899775123,0.9889757566677839
2002-11-11,0.05,0.0,0.608657739325536,0.34134226067446405,0.0,0.9889757566677839
2002-11-12,0.05,0.0,0.5938205283626864,0.35617947163731367,-4.6045003181013054e-05,0.9889302192759222
2002-11-13,0.05,0.0,0.5855021097445882,0.3644978902554117,0.0007360401602131237,0.9896581116329577
2002-11-14,0.05,0.0,0.6283701091899216,0.3216298908100782,-0.004288291118288455,0.9854141695427
2002-11-15,0.05,0.0,0.653238784180781,0.2967612158192191,5.809700912742403e-05,0.9854714191587023
2002-11-18,0.05,0.0,0.6613355331989793,0.28866446680102076,0.0020915584124229546,0.9875325901956461
2002-11-19,0.05,0.0,0.6613355331989793,0.28866446680102076,0.0012234708738522709,0.9887408075567304
2002-11-20,0.05,0.0,0.6613355331989793,0.28866446680102076,-0.0026954411950822947,0.9860757148527831
2002-11-21,0.05,0.0,0.6613355331989793,0.28866446680102076,-0.001030572556479847,0.9850594922824446
2002-11-22,0.05,0.0,0.6613355331989793,0.28866446680102076,-0.0012186935436773222,0.9838590066390619
2002-11-25,0.05,0.12,0.83,0.0,-8.970752180673255e-05,0.9837707470857691
2002-11-26,0.05,0.12,0.8300000000000001,0.0,0.0034229604964787796,0.9871381554906351
2002-11-27,0.05,0.12,0.8299999999999998,0.0,-0.005393190413499433,0.9818143314536435
2002-11-29,0.05,0.12,0.8300000000000001,0.0,0.001314711955397516,0.9831051344931863
2002-12-02,0.05,0.12,0.83,0.0,0.0026467221778811003,0.9857071406558383
2002-12-03,0.05,0.12,0.8300000000000001,0.0,-0.0007863571766934763,0.9849320227716656
2002-12-04,0.05,0.12,0.8300000000000002,0.0,0.001314684478528887,0.9862268976144094
2002-12-05,0.05,0.12,0.8300000000000001,0.0,0.0018325918230864184,0.9880342489626854
2002-12-06,0.05,0.12,0.8299999999999998,0.0,0.0014098321293608063,0.9894272113917818
2002-12-09,0.05,0.12,0.8299999999999998,0.0,0.0010806172439111192,0.9904964034980066
2002-12-10,0.05,0.12,0.8300000000000001,0.0,-0.00034940069559009077,0.9901503233656449
2002-12-11,0.05,0.12,0.8300000000000001,0.0,0.0019266226162571742,0.9920579693721354
2002-12-12,0.05,0.12,0.8300000000000001,0.0,0.00040463718503223726,0.9924593929162508
2002-12-13,0.05,0.12,0.8300000000000001,0.0,-0.0014273485500294115,0.9910428074408087
2002-12-16,0.05,0.12,0.8300000000000001,0.0,-0.0011579986482936422,0.9898951812093911
2002-12-17,0.05,0.12,0.83,0.0,0.0022284583481518585,0.9921011213897524
2002-12-18,0.05,0.12,0.83,0.0,0.0028596113592164385,0.99493814502597
2002-12-19,0.05,0.12,0.8299999999999998,0.0,0.003458755524497812,0.9983793928316121
2002-12-20,0.05,0.12,0.8299999999999998,0.0,-2.5040472903063975e-05,0.9983543929394789
2002-12-23,0.05,0.12,0.8299999999999998,0.0,-0.0007511587333885184,0.9976044703182056
2002-12-24,0.05,0.12,0.8299999999999998,0.0,0.0014597077311667948,0.9990606812761758
2002-12-26,0.05,0.12,0.8299999999999998,0.0,0.0005674687418434953,0.9996276169840049
2002-12-27,0.05,0.12,0.8299999999999998,0.0,0.0035428105953048657,1.0031691082968153
2002-12-30,0.05,0.12,0.8299999999999998,0.0,0.001116589470741065,1.004289236360512
2002-12-31,0.05,0.12,0.7447657923611464,0.08523420763885374,0.0015819294515319216,1.0058779510813673
2003-01-02,0.05,0.12,0.7447657923611464,0.08523420763885374,-0.006723865728142124,0.9991145627993976
2003-01-03,0.05,0.12,0.8299999999999998,0.0,0.00048181482108325147,0.9995959510037145
2003-01-06,0.05,0.12,0.83,0.0,-0.00013566713822794283,0.9994603386816575
2003-01-07,0.05,0.12,0.83,0.0,0.003323226801157282,1.0027817720658583
2003-01-08,0.05,0.12,0.8299999999999998,0.0,0.0023861547273201665,1.0051745645317436
2003-01-09,0.05,0.12,0.83,0.0,-0.005345753419694475,0.9998011491660082
2003-01-10,0.05,0.12,0.83,0.0,0.0016629646077713067,1.0014637830918802
2003-01-13,0.05,0.12,0.8299999999999998,0.0,0.001767724793242591,1.0032340954507863
2003-01-14,0.05,0.12,0.8299999999999998,0.0,0.0017717313470234882,1.0050115567460993
2003-01-15,0.05,0.12,0.83,0.0,-0.00017516421645292989,1.0048355146842358
2003-01-16,0.05,0.12,0.83,0.0,-0.0009107860759327313,1.0039203244888586
2003-01-17,0.05,0.12,0.83,0.0,0.0013340974427359263,1.0052596520264696
2003-01-21,0.05,0.12,0.83,0.0,0.001029041225593612,1.0062941056508308
2003-01-22,0.05,0.12,0.83,0.0,0.001508406379630025,1.0078120060995786
2003-01-23,0.05,0.12,0.83,0.0,-0.0005920859767456432,1.007215294743571
2003-01-24,0.05,0.12,0.8300000000000001,0.0,0.0013096343048079205,1.0085343784458947
2003-01-27,0.05,0.12,0.8299999999999998,0.0,-0.0026048110782455063,1.0059073369241274
2003-01-28,0.05,0.12,0.8300000000000001,0.0,-0.0002439555645974467,1.0056619402318154
2003-01-29,0.05,0.12,0.8300000000000001,0.0,-0.0022985833340155963,1.0033503424563448
2003-01-30,0.05,0.12,0.8300000000000001,0.0,0.0020991356733715727,1.0054565109530844
2003-01-31,0.05,0.12,0.8300000000000001,0.0,-0.000350479475455422,1.0051041190825323
2003-02-03,0.05,0.12,0.83,0.0,-0.0004253227126636838,1.0046766254720947
2003-02-04,0.05,0.12,0.8300000000000001,0.0,0.002151621559266741,1.0068383093595519
2003-02-05,0.05,0.12,0.8300000000000001,0.0,-0.0021289937305207654,1.0046947569112772
2003-02-06,0.05,0.12,0.8300000000000001,0.0,0.0020244960129979605,1.006728757440924
2003-02-07,0.05,0.12,0.83,0.0,0.0013355294155225185,1.008073273309939
2003-02-10,0.05,0.12,0.8300000000000001,0.0,-0.002202391152104984,1.0058531016521275
2003-02-11,0.05,0.12,0.83,0.0,0.0013208791322400627,1.0071817120241988
2003-02-12,0.05,0.12,0.8299999999999998,0.0,0.0012998276865867808,1.0084908746989116
2003-02-13,0.05,0.12,0.8300000000000001,0.0,0.0014127393182983968,1.009915609409744
2003-02-14,0.05,0.12,0.8300000000000001,0.0,-0.0028482221009380796,1.0070391454509406
2003-02-18,0.05,0.12,0.8300000000000001,0.0,-2.6238121707828943e-05,1.0070127226352776
2003-02-19,0.05,0.12,0.8299999999999998,0.0,0.0030353713635436572,1.0100693802162888
2003-02-20,0.05,0.12,0.8299999999999998,0.0,0.0016466495353839258,1.0117326104919275
2003-02-21,0.05,0.12,0.8299999999999998,0.0,-0.001187686614593164,1.0105309892128989
2003-02-24,0.05,0.12,0.8299999999999998,0.0,0.0016084650223177818,1.012156392963016
2003-02-25,0.05,0.12,0.8299999999999998,0.0,0.0009689272089061871,1.0131370988318262
2003-02-26,0.05,0.12,0.8299999999999998,0.0,0.0010822220051781215,1.0142335380944443
2003-02-27,0.05,0.12,0.8299999999999998,0.0,0.0007237730680046271,1.014967613013984
2003-02-28,0.05,0.12,0.7269502684839371,0.10304973151606288,0.003320870521413823,1.0183381890402319
2003-03-03,0.05,0.12,0.7269502684839371,0.10304973151606288,0.0016314270415691778,1.0199995334992946
2003-03-04,0.05,0.12,0.7269502684839371,0.10304973151606288,0.0006263120028056042,1.0206383714499814
2003-03-05,0.05,0.12,0.7269502684839371,0.10304973151606288,0.0006171946930592029,1.0212683040363728
2003-03-06,0.05,0.12,0.7269502684839371,0.10304973151606288,-0.001028624439979706,1.0202178024990642
2003-03-07,0.05,0.12,0.7269502684839371,0.10304973151606288,0.000703057405970432,1.0209350741808143
2003-03-10,0.05,0.12,0.7269502684839371,0.10304973151606288,0.0015590331572506416,1.0225267458128622
2003-03-11,0.05,0.12,0.7269502684839371,0.10304973151606288,-0.001212594527170647,1.021286835477004
2003-03-12,0.05,0.12,0.7269502684839371,0.10304973151606288,-0.001348761426092146,1.0199093631883367
2003-03-13,0.05,0.12,0.7269502684839371,0.10304973151606288,-0.004494391381700532,1.0153254913363075
2003-03-14,0.05,0.12,0.7269502684839371,0.10304973151606288,0.0011104904550340855,1.016453000603189
2003-03-17,0.05,0.12,0.7269502684839371,0.10304973151606288,-0.003379383179534853,1.013018016430163
2003-03-18,0.05,0.12,0.83,0.0,-0.0022987295795835532,1.010689361951144
2003-03-19,0.05,0.12,0.83,0.0,-0.0021556122401400835,1.0085107075915427
2003-03-20,0.05,0.12,0.8299999999999998,0.0,-0.000785875270710008,1.0077181439662002
2003-03-21,0.05,0.12,0.8300000000000001,0.0,-0.002141235820496645,1.0055603817793755
2003-03-24,0.05,0.12,0.83,0.0,0.004420145461781777,1.0100051049374452
2003-03-25,0.05,0.12,0.8299999999999998,0.0,0.0003946079149229509,1.0104036609459661
2003-03-26,0.05,0.12,0.8299999999999998,0.0,0.0018387329864598453,1.0122615234869872
2003-03-27,0.05,0.12,0.8299999999999998,0.0,0.001337311585040841,1.0136152325494374
2003-03-28,0.05,0.12,0.83,0.0,0.002225715269587973,1.0158712514500097
2003-03-31,0.05,0.12,0.83,0.0,0.002194651793689557,1.018100735114162
2003-04-01,0.05,0.12,0.8299999999999998,0.0,0.0005379516971449472,1.0186484241324811
2003-04-02,0.05,0.12,0.83,0.0,-0.002379356352311914,1.016224696533749
2003-04-03,0.05,0.12,0.8299999999999998,0.0,0.002199750524509083,1.018460137342968
2003-04-04,0.05,0.12,0.83,0.0,-0.000904830570412086,1.017538603475954
2003-04-07,0.05,0.12,0.8300000000000001,0.0,-0.0020472639006063587,1.015455433425584
2003-04-08,0.05,0.12,0.8299999999999998,0.0,0.0024246553556103367,1.0179175628806232
2003-04-09,0.05,0.12,0.8299999999999998,0.0,0.0012004009932362612,1.0191394721341378
2003-04-10,0.05,0.12,0.8300000000000001,0.0,-0.0014236151304787357,1.0176886097615396
2003-04-11,0.05,0.12,0.8299999999999998,0.0,-0.0013692037218490417,1.0162951867293708
2003-04-14,0.05,0.12,0.8299999999999998,0.0,-0.001246738576864893,1.0150281323145933
2003-04-15,0.05,0.12,0.8300000000000001,0.0,0.002420298878651565,1.0174848037650341
2003-04-16,0.05,0.12,0.8299999999999998,0.0,0.0021035443310031465,1.019625128155876
2003-04-17,0.05,0.12,0.8300000000000001,0.0,-0.0002657660632131763,1.0193541463996127
2003-04-21,0.05,0.12,0.8299999999999998,0.0,4.379711395399164e-05,1.019398791169322
2003-04-22,0.05,0.12,0.8300000000000001,0.0,0.001016902102215804,1.0204354199430583
2003-04-23,0.05,0.12,0.83,0.0,0.0012105372768050438,1.0216706950574714
2003-04-24,0.05,0.12,0.83,0.0,0.0041412593143427935,1.0259016983395692
2003-04-25,0.05,0.12,0.8299999999999998,0.0,0.001610343592733079,1.0275537525662644
2003-04-28,0.05,0.12,0.8299999999999998,0.0,-0.0003128333343576727,1.0272322994996173
2003-04-29,0.05,0.12,0.8300000000000001,0.0,-0.0004106243768610905,1.0268104928767436
2003-04-30,0.05,0.12,0.8300000000000001,0.0,0.004778239832897146,1.031716839674644
2003-05-01,0.05,0.12,0.83,0.0,0.000880141945239219,1.0326248969408511
2003-05-02,0.05,0.12,0.8300000000000001,0.0,-0.0012882707587553287,1.0312945964813593
2003-05-05,0.05,0.12,0.83,0.0,0.001462228493496123,1.0328025848255231
2003-05-06,0.05,0.12,0.8299999999999998,0.0,0.003906340515097222,1.036837063406724
2003-05-07,0.05,0.12,0.8299999999999998,0.0,0.0037125161662021435,1.0406863377663391
2003-05-08,0.05,0.12,0.8299999999999998,0.0,0.0002547951354702449,1.0409514995827525
2003-05-09,0.05,0.12,0.8299999999999998,0.0,-0.00013058565411698363,1.0408155662502754
2003-05-12,0.05,0.12,0.8299999999999998,0.0,0.0010900941724450684,1.0419501532336348
2003-05-13,0.05,0.12,0.8299999999999998,0.0,1.1711887565875044e-05,1.0419623564366787
2003-05-14,0.05,0.12,0.8299999999999998,0.0,0.002015447639978407,1.0440623770089055
2003-05-15,0.05,0.12,0.8299999999999998,0.0,-0.0019341819812156277,1.0420429703720298
2003-05-16,0.05,0.12,0.8299999999999998,0.0,0.003012301872369351,1.0451819183627706
2003-05-19,0.05,0.12,0.8299999999999998,0.0,0.0005645035023310595,1.0457719272162593
2003-05-20,0.05,0.12,0.8299999999999998,0.0,0.0021300674822902514,1.0479994919923146
2003-05-21,0.05,0.12,0.8299999999999998,0.0,-0.002664276960050206,1.0452073310916552
2003-05-22,0.05,0.12,0.8299999999999998,0.0,0.0020004419389200276,1.0472982076716377
2003-05-23,0.05,0.12,0.8299999999999998,0.0,0.00011640400150951798,1.0474201173737845
2003-05-27,0.05,0.12,0.8299999999999998,0.0,-0.001203983406771187,1.046159040932548
2003-05-28,0.05,0.12,0.8299999999999998,0.0,-0.00028198116746941165,1.0458640437848272
2003-05-29,0.05,0.12,0.8299999999999998,0.0,0.0033151762885620622,1.0493312674638424
2003-05-30,0.05,0.12,0.7572317380936333,0.07276826190636668,-0.0002521664487412944,1.049066661324573
2003-06-02,0.05,0.12,0.7572317380936333,0.07276826190636668,-0.002278876727875309,1.0466759677240904
2003-06-03,0.05,0.12,0.7572317380936333,0.07276826190636668,0.003497492229487954,1.0503367087879971
2003-06-04,0.05,0.12,0.7572317380936333,0.07276826190636668,0.0018083190278868153,1.0522360526441865
2003-06-05,0.05,0.12,0.7572317380936333,0.07276826190636668,-0.0010086228456462937,1.051174743322477
2003-06-06,0.05,0.12,0.7572317380936333,0.07276826190636668,-0.00037071506548458073,1.0507850570086705
2003-06-09,0.05,0.12,0.7572317380936333,0.07276826190636668,0.003284067458290032,1.0542359060200504
2003-06-10,0.05,0.12,0.7572317380936333,0.07276826190636668,0.0033710802335398336,1.0577898198443225
2003-06-11,0.05,0.12,0.7572317380936333,0.07276826190636668,-0.00015144548353133834,1.0576296223535817
2003-06-12,0.05,0.12,0.7572317380936333,0.07276826190636668,0.0013534226290747705,1.059061042217655
2003-06-13,0.05,0.12,0.7572317380936333,0.07276826190636668,0.0024099686585809486,1.0616133461369237
2003-06-16,0.05,0.12,0.7572317380936333,0.07276826190636668,-0.002284044800866075,1.0591885736931497
2003-06-17,0.05,0.12,0.7572317380936333,0.07276826190636668,-0.0025148403062919033,1.0565248835760623
2003-06-18,0.05,0.12,0.7572317380936333,0.07276826190636668,-0.0023493765846484453,1.0540427087534903
2003-06-19,0.05,0.12,0.7572317380936333,0.07276826190636668,0.001339707927659125,1.0554548181264987
2003-06-20,0.05,0.12,0.7572317380936333,0.07276826190636668,-0.0020826967681490324,1.0532566257878593
2003-06-23,0.05,0.12,0.7572317380936333,0.07276826190636668,0.0022299260011575447,1.0556053101235952
2003-06-24,0.05,0.12,0.7572317380936333,0.07276826190636668,0.0013023489052291482,1.0569800765435886
2003-06-25,0.05,0.12,0.7572317380936333,0.07276826190636668,-0.0035687526485621204,1.0532079760959463
2003-06-26,0.05,0.12,0.7572317380936333,0.07276826190636668,-0.005803993632394689,1.0470951637090982
2003-06-27,0.05,0.12,0.83,0.0,-0.0005337494196036999,1.0465362772731985
2003-06-30,0.05,0.12,0.8300000000000001,0.0,0.0011389355357025342,1.0477282146287867
2003-07-01,0.05,0.12,0.83,0.0,-0.0011867303074031188,1.0464848438025653
2003-07-02,0.05,0.12,0.8299999999999998,0.0,0.0009562879309511296,1.0474855846286169
2003-07-03,0.05,0.12,0.8299999999999998,0.0,-0.002911877559559464,1.0444354348607747
2003-07-07,0.05,0.12,0.83,0.0,-0.0018540707137168196,1.0424989777086313
2003-07-08,0.05,0.12,0.8300000000000001,0.0,-0.0005623529896500823,1.0419127252918097
2003-07-09,0.05,0.12,0.8300000000000001,0.0,0.0008296977706752064,1.0427771979572225
2003-07-10,0.05,0.12,0.83,0.0,0.0012768653690187117,1.0441086840488965
2003-07-11,0.05,0.12,0.8299999999999998,0.0,0.0016144742507464738,1.045794370634274
2003-07-14,0.05,0.12,0.83,0.0,-0.002327175935474223,1.0433606231414796
2003-07-15,0.05,0.12,0.83,0.0,-0.006486167751352797,1.0365932111146279
2003-07-16,0.05,0.12,0.83,0.0,-0.0015816156797007828,1.0349537190384575
2003-07-17,0.05,0.12,0.8299999999999998,0.0,-0.00034821240973876845,1.034593335309983
2003-07-18,0.05,0.12,0.8300000000000001,0.0,-0.0007257157947101266,1.0338425145854466
2003-07-21,0.05,0.12,0.8299999999999998,0.0,-0.006542635255776859,1.0270784601005989
2003-07-22,0.05,0.12,0.83,0.0,0.0010734988328521774,1.0281810276287646
2003-07-23,0.05,0.12,0.8299999999999998,0.0,0.0017777816313890571,1.030008908973426
2003-07-24,0.05,0.12,0.83,0.0,-0.0015575522280932004,1.0284046163022986
2003-07-25,0.05,0.12,0.8299999999999998,0.0,-0.000321187634144664,1.028074305456645
2003-07-28,0.05,0.12,0.83,0.0,-0.004209006655048972,1.0237471338630932
2003-07-29,0.88,0.12,0.0,0.0,-0.004262567343593019,1.0193833427621914
2003-07-30,0.88,0.12,0.0,0.0,-0.0006210937499999947,1.0187502101391477
2003-07-31,0.88,0.12,0.0,0.0,-0.0005418670855011331,1.018198182931926
2003-08-01,0.88,0.12,0.0,0.0,-0.000591657627452915,1.0175957582107356
2003-08-04,0.88,0.12,0.0,0.0,3.567535427609236e-05,1.0176320612999195
2003-08-05,0.88,0.12,0.0,0.0,-0.0004279770160491436,1.0171965381668884
2003-08-06,0.88,0.12,0.0,0.0,-0.0005249552594949281,1.0166625554942377
2003-08-07,0.88,0.12,0.0,0.0,-0.00014379868184542397,1.016516360758876
2003-08-08,0.88,0.12,0.0,0.0,4.79904019196109e-05,1.016565143787587
2003-08-11,0.88,0.12,0.0,0.0,-0.00010793523885668676,1.0164554205859788
2003-08-12,0.88,0.12,0.0,0.0,-3.601080324097783e-05,1.0164188172098247
2003-08-13,0.88,0.12,0.0,0.0,-0.0003241945167100235,1.0160892998026043
2003-08-14,0.88,0.12,0.0,0.0,-0.00048158924450687475,1.0155999621243608
2003-08-15,0.88,0.12,0.0,0.0,1.2088244182546502e-05,1.0156122389446947
2003-08-18,0.88,0.12,0.0,0.0,0.0002538275584206229,1.015870029319608
2003-08-19,0.88,0.12,0.0,0.0,0.0007598753643582423,1.0166419639282778
2003-08-20,0.88,0.12,0.0,0.0,0.0005633240111865855,1.0172146627573384
2003-08-21,0.88,0.12,0.0,0.0,0.00035788845809721966,1.0175787121445465
2003-08-22,0.88,0.12,0.0,0.0,0.0001903062741599726,1.0177723637579192
2003-08-25,0.88,0.12,0.0,0.0,0.00014250371103413428,1.0179174000967426
2003-08-26,0.88,0.12,0.0,0.0,9.488978946328608e-05,1.0180139900645289
2003-08-27,0.88,0.12,0.0,0.0,0.00017777777777779668,1.0181949703294293
2003-08-28,0.88,0.12,0.0,0.0,0.00034319526627217377,1.0185444100233885
2003-08-29,0.88,0.12,0.0,0.0,0.00023601140721802414,1.0187847981229121
2003-09-02,0.88,0.12,0.0,0.0,0.0006242025714005184,1.0194207262136041
2003-09-03,0.88,0.12,0.0,0.0,0.00022261277094317577,1.0196476622862236
2003-09-04,0.88,0.12,0.0,0.0,5.847383295975561e-05,1.0197072849933058
2003-09-05,0.88,0.12,0.0,0.0,0.00010520163646991598,1.0198145598684074
2003-09-08,0.88,0.12,0.0,0.0,0.00010510948905110061,1.0199217520557222
2003-09-09,0.88,0.12,0.0,0.0,0.00016336056009335742,1.0200883670443894
2003-09-10,0.88,0.12,0.0,0.0,0.00012818022917072014,1.0202191222050516
2003-09-11,0.88,0.12,0.0,0.0,-4.656125715394754e-05,1.0201716195201493
2003-09-12,0.88,0.12,0.0,0.0,1.1644832605544052e-05,1.0201834992478875
2003-09-15,0.88,0.12,0.0,0.0,1.1643702697456958e-05,1.0201953779612496
2003-09-16,0.88,0.12,0.0,0.0,-1.1642573008621148e-05,1.0201835002620785
2003-09-17,0.88,0.12,0.0,0.0,0.00027944886473899364,1.0204685893830523
2003-09-18,0.88,0.12,0.0,0.0,0.0002555663117134621,1.0207293867766603
2003-09-19,0.88,0.12,0.0,0.0,6.955177743430241e-05,1.02080038031979
2003-09-22,0.88,0.12,0.0,0.0,-0.00016219347364355483,1.0206348131602092
2003-09-23,0.05,0.12,0.83,0.0,-0.0001276102088167086,1.0205045697385762
2003-09-24,0.05,0.12,0.83,0.0,0.0025046838423537967,1.0230606110454485
2003-09-25,0.05,0.12,0.8299999999999998,0.0,0.0009594068350762442,1.0240421423883828
2003-09-26,0.05,0.12,0.83,0.0,0.0030516099738927345,1.0271671196037815
2003-09-29,0.05,0.12,0.8299999999999998,0.0,-0.0014217067362678438,1.025706789190568
2003-09-30,0.05,0.12,0.8299999999999998,0.0,0.004650718252381375,1.0304770624766482
2003-10-01,0.05,0.12,0.83,0.0,0.00020285395635341705,1.030686098825703
2003-10-02,0.05,0.12,0.83,0.0,-0.0023444627653157655,1.0282696936442774
2003-10-03,0.05,0.12,0.8300000000000001,0.0,-0.006965461968923345,1.0211073201994019
2003-10-06,0.05,0.12,0.83,0.0,0.0020713144889102832,1.0232223545864632
2003-10-07,0.05,0.12,0.8299999999999998,0.0,-0.00295135094220598,1.0202024663261682
2003-10-08,0.05,0.12,0.8299999999999998,0.0,0.0006085716487304026,1.020823332623139
2003-10-09,0.05,0.12,0.83,0.0,-0.001346455582391641,1.019448839348293
2003-10-10,0.05,0.12,0.8299999999999998,0.0,0.002050185834387068,1.0215388989176073
2003-10-13,0.05,0.12,0.83,0.0,0.0,1.0215388989176073
2003-10-14,0.05,0.12,0.8300000000000001,0.0,-0.003142343733452736,1.0183288725601154
2003-10-15,0.88,0.12,0.0,0.0,-0.001389822095811636,1.0169135765922284
2003-10-16,0.88,0.12,0.0,0.0,8.04289544235992e-05,1.016995365887933
2003-10-17,0.88,0.12,0.0,0.0,8.037508372404467e-05,1.017077106975613
2003-10-20,0.88,0.12,0.0,0.0,1.1474469305809975e-05,1.0170887773956587
2003-10-21,0.88,0.12,0.0,0.0,2.2946744430623055e-05,1.0171121162718968
2003-10-22,0.05,0.12,0.83,0.0,-0.000137654143963295,1.0169721065742168
2003-10-23,0.88,0.12,0.0,0.0,-0.0016408448639851714,1.0153034131163283
2003-10-24,0.05,0.12,0.83,0.0,1.1509687320154782e-05,1.0153150989411484
2003-10-27,0.88,0.12,0.0,0.0,-0.0019025312591066886,1.01338343022757
2003-10-28,0.05,0.12,0.8300000000000001,0.0,0.0001265094882116191,1.0135116328466902
2003-10-29,0.88,0.12,0.0,0.0,-0.002988707270037682,1.0104825432613336
2003-10-30,0.88,0.12,0.0,0.0,4.593301435407149e-05,1.0105289577704977
2003-10-31,0.88,0.12,0.0,0.0,0.0006887315859957876,1.0112249409822776
2003-11-03,0.88,0.12,0.0,0.0,3.424006087121789e-05,1.0112595653858114
2003-11-04,0.88,0.12,0.0,0.0,9.128078349339929e-05,1.011351873951255
2003-11-05,0.88,0.12,0.0,0.0,-1.1401425178156898e-05,1.0113403430985353
2003-11-06,0.88,0.12,0.0,0.0,-1.140250855186764e-05,1.011328811281624
2003-11-07,0.88,0.12,0.0,0.0,-4.561436852609457e-05,1.0112826801565251
2003-11-10,0.88,0.12,0.0,0.0,0.0,1.0112826801565251
2003-11-11,0.88,0.12,0.0,0.0,0.0,1.0112826801565251
2003-11-12,0.88,0.12,0.0,0.0,-4.56317140412521e-05,1.0112365335944493
2003-11-13,0.88,0.12,0.0,0.0,0.00017118402282452648,1.011409641132297
2003-11-14,0.05,0.12,0.8300000000000001,0.0,0.00011396011396011652,1.0115249014902608
2003-11-17,0.05,0.12,0.8300000000000001,0.0,0.0016938402146174903,1.0132382630464918
2003-11-18,0.05,0.12,0.83,0.0,0.0004150034079576992,1.0136587603787293
2003-11-19,0.88,0.12,0.0,0.0,-0.0026001266549252463,1.01102311921687
2003-11-20,0.05,0.12,0.8300000000000001,0.0,3.4123222748814184e-05,1.011057618583971
2003-11-21,0.88,0.12,0.0,0.0,0.00014438082001818844,1.0112035959120278
2003-11-24,0.88,0.12,0.0,0.0,1.1364712567472069e-05,1.0112150879502426
2003-11-25,0.88,0.12,0.0,0.0,7.954545454546213e-05,1.0112955255140568
2003-11-26,0.88,0.12,0.0,0.0,5.6780543200520834e-05,1.0113529474233318
2003-11-28,0.88,0.12,0.0,0.0,-3.405221339387143e-05,1.0113185086169496
2003-12-01,0.88,0.12,0.0,0.0,-0.00015895543570819902,1.0111577540427725
2003-12-02,0.88,0.12,0.0,0.0,0.00021601136901940876,1.011376175613518
2003-12-03,0.88,0.12,0.0,0.0,0.0002610175903158751,1.0116401625857796
2003-12-04,0.88,0.12,0.0,0.0,0.00026045107105786335,1.0119036453496502
2003-12-05,0.88,0.12,0.0,0.0,0.0002259887005649741,1.0121323241395597
2003-12-08,0.88,0.12,0.0,0.0,0.00012406015037594642,1.0122578894278929
2003-12-09,0.88,0.12,0.0,0.0,5.633273870996547e-05,1.0123149126870852
2003-12-10,0.88,0.12,0.0,0.0,6.756756756757021e-05,1.0123833123433479
2003-12-11,0.88,0.12,0.0,0.0,-6.752954417557522e-05,1.0123149465597343
2003-12-12,0.88,0.12,0.0,0.0,1.126126126125726e-05,1.0123263465028263
2003-12-15,0.88,0.12,0.0,0.0,5.6301022801932273e-05,1.0123833415115437
2003-12-16,0.88,0.12,0.0,0.0,0.0,1.0123833415115437
2003-12-17,0.88,0.12,0.0,0.0,4.501969611703238e-05,1.0124289187019326
2003-12-18,0.88,0.12,0.0,0.0,9.000562535157463e-05,1.0125200429998844
2003-12-19,0.88,0.12,0.0,0.0,0.00014614952220349584,1.0126680223203903
2003-12-22,0.88,0.12,0.0,0.0,1.1228595489836124e-05,1.0126793931599785
2003-12-23,0.88,0.12,0.0,0.0,1.1227544910186181e-05,1.0126907630633448
2003-12-24,0.88,0.12,0.0,0.0,2.245298905417137e-05,1.0127135009979633
2003-12-26,0.88,0.12,0.0,0.0,1.122439435039979e-05,1.0127248680936625
2003-12-29,0.88,0.12,0.0,0.0,2.244668911336234e-05,1.012747600413934
2003-12-30,0.88,0.12,0.0,0.0,0.0,1.012747600413934
2003-12-31,0.88,0.12,0.0,0.0,8.976996446604879e-05,1.012838514730036
2004-01-02,0.88,0.12,0.0,0.0,-5.606428704914456e-05,1.0127817306608118
2004-01-05,0.88,0.12,0.0,0.0,0.0003253248574366818,1.0131112137329534
2004-01-06,0.88,0.12,0.0,0.0,0.00040275964944992633,1.0135192540502505
2004-01-07,0.88,0.12,0.0,0.0,0.0003122096264634866,1.013835684517971
2004-01-08,0.88,0.12,0.0,0.0,0.00018906394810008109,1.014027364295211
2004-01-09,0.05,0.12,0.83,0.0,0.0002220782825946088,1.0142525577507775
2004-01-12,0.05,0.12,0.8299999999999998,0.0,0.00030475287215069757,1.0145616541308382
2004-01-13,0.05,0.12,0.83,0.0,0.0020125647250603014,1.0166035251273409
2004-01-14,0.05,0.12,0.83,0.0,0.0006927628515648875,1.017307790284319
2004-01-15,0.05,0.12,0.8299999999999998,0.0,-5.136065340641481e-05,1.0172555406914947
2004-01-16,0.05,0.12,0.83,0.0,-0.0014341578755911008,1.0157966356463233
2004-01-20,0.05,0.12,0.83,0.0,-0.0010364673977879023,1.0147437955506933
2004-01-21,0.05,0.12,0.83,0.0,0.0007383069536036512,1.0154929879510743
2004-01-22,0.05,0.12,0.8299999999999998,0.0,0.0024777607932468214,1.0180091366624366
2004-01-23,0.05,0.12,0.83,0.0,-0.003297339677118152,1.0146524147444507
2004-01-26,0.05,0.12,0.8300000000000001,0.0,-0.002426681665447622,1.0121901763327883
2004-01-27,0.05,0.12,0.8300000000000001,0.0,0.0016682723724180228,1.0138787852395972
2004-01-28,0.05,0.12,0.8300000000000001,0.0,-0.004780864214146209,1.009031568437763
2004-01-29,0.05,0.12,0.8299999999999998,0.0,-0.0009005104363238581,1.0081229249798047
2004-01-30,0.05,0.12,0.8300000000000001,0.0,0.0013434946720726156,1.0094773327583093
2004-02-02,0.05,0.12,0.8300000000000001,0.0,-0.001583471137708009,1.0078788545377162
2004-02-03,0.05,0.12,0.8300000000000001,0.0,0.0015604838970485037,1.009451633260398
2004-02-04,0.05,0.12,0.83,0.0,-0.0010269165150294235,1.0084150107070795
2004-02-05,0.05,0.12,0.8300000000000001,0.0,-0.0026537959218335904,1.0057388830641494
2004-02-06,0.05,0.12,0.83,0.0,0.0031154356048963263,1.0088721977896762
2004-02-09,0.05,0.12,0.83,0.0,0.0013038893517071837,1.0101876555056075
2004-02-10,0.05,0.12,0.83,0.0,-0.0015075166060966037,1.008664780839659
2004-02-11,0.05,0.12,0.83,0.0,0.003330090445263105,1.0120237257888065
2004-02-12,0.05,0.12,0.8300000000000001,0.0,-0.0009571715611143172,1.0110550454593086
2004-02-13,0.05,0.12,0.8299999999999998,0.0,0.0014531031546416175,1.012524212735382
2004-02-17,0.05,0.12,0.8299999999999998,0.0,-0.00040971496981584746,1.012109366408123
2004-02-18,0.05,0.12,0.8300000000000001,0.0,-0.00026100756743486434,1.011845198204419
2004-02-19,0.05,0.12,0.83,0.0,-6.461328479849926e-05,1.0117798195624554
2004-02-20,0.05,0.12,0.8300000000000001,0.0,-0.0020835517176596543,1.0096717239815127
2004-02-23,0.05,0.12,0.8300000000000001,0.0,0.0016360084832138314,1.0113235554872078
2004-02-24,0.05,0.12,0.8300000000000001,0.0,0.00012376638273250862,1.0114487233454426
2004-02-25,0.05,0.12,0.8300000000000001,0.0,0.0005785957229714445,1.012033943250775
2004-02-26,0.05,0.12,0.83,0.0,-0.0007661710908488995,1.0112585521004984
2004-02-27,0.05,0.12,0.8300000000000001,0.0,0.0020086170827762315,1.013289783303351
2004-03-01,0.05,0.12,0.8300000000000001,0.0,-0.0008492812336754807,1.0124292153061163
2004-03-02,0.05,0.12,0.83,0.0,-0.002045828008033639,1.0103579592612915
2004-03-03,0.05,0.12,0.8299999999999998,0.0,-0.0006748834156582362,1.0096760854307076
2004-03-04,0.05,0.12,0.83,0.0,0.0011962576455223715,1.0108839181674052
2004-03-05,0.05,0.12,0.8299999999999998,0.0,0.0073534338836167,1.0183173862236607
2004-03-08,0.05,0.12,0.8300000000000001,0.0,0.002200004078898798,1.0205576886269663
2004-03-09,0.05,0.12,0.8300000000000001,0.0,0.0016773285113937343,1.0222694991356225
2004-03-10,0.05,0.12,0.8300000000000001,0.0,-0.0008994040093913103,1.0213500658494215
2004-03-11,0.05,0.12,0.8299999999999998,0.0,-0.0006923834403040086,1.020642899977074
2004-03-12,0.05,0.12,0.8299999999999998,0.0,-0.0006006331976480648,1.0200298679684041
2004-03-15,0.05,0.12,0.8299999999999998,0.0,-0.0007766387710395616,1.0192376732253214
2004-03-16,0.05,0.12,0.8299999999999998,0.0,0.0025729838450181727,1.021860155292764
2004-03-17,0.05,0.12,0.8299999999999998,0.0,3.320258504304634e-06,1.0218635481326348
2004-03-18,0.05,0.12,0.8299999999999998,0.0,-0.002338106884189773,1.0194743219360434
2004-03-19,0.05,0.12,0.8299999999999998,0.0,-0.0011385935848254101,1.0183135550131928
2004-03-22,0.05,0.12,0.83,0.0,0.001856184765306445,1.0202037331203133
2004-03-23,0.05,0.12,0.8299999999999998,0.0,0.0002970788086000642,1.020506814029878
2004-03-24,0.05,0.12,0.8299999999999998,0.0,-0.00037861006612716845,1.020120439877535
2004-03-25,0.05,0.12,0.8300000000000001,0.0,-0.000578217955283241,1.0195305879226464
2004-03-26,0.05,0.12,0.83,0.0,-0.0034449364109274106,1.0160183698782574
2004-03-29,0.05,0.12,0.8299999999999998,0.0,-0.0012572180221966656,1.0147410132727637
2004-03-30,0.05,0.12,0.8300000000000001,0.0,-0.0003554665392734279,1.0143803067965167
2004-03-31,0.05,0.12,0.8300000000000001,0.0,0.0015290108245592095,1.015931305265828
2004-04-01,0.05,0.12,0.8299999999999998,0.0,-0.00232788538103041,1.0135663336321685
2004-04-02,0.88,0.12,0.0,0.0,-0.009259256478596524,1.0041814629909975
2004-04-05,0.88,0.12,0.0,0.0,-0.0001237461329333511,1.004057199418189
2004-04-06,0.88,0.12,0.0,0.0,7.882882882882747e-05,1.0041363480712964
2004-04-07,0.88,0.12,0.0,0.0,0.00010128481665572231,1.004238051837208
2004-04-08,0.88,0.12,0.0,0.0,1.1244377811099327e-05,1.0042493438692752
2004-04-12,0.88,0.12,0.0,0.0,-2.248664855243998e-05,1.0042267616672207
2004-04-13,0.88,0.12,0.0,0.0,-0.00023615406241213498,1.00398960943787
2004-04-14,0.88,0.12,0.0,0.0,-0.00032676056338029277,1.003661545227462
2004-04-15,0.88,0.12,0.0,0.0,-2.2596742302982697e-05,1.003638865746165
2004-04-16,0.88,0.12,0.0,0.0,0.00011300499105377781,1.00375228194721
2004-04-19,0.88,0.12,0.0,0.0,0.0,1.00375228194721
2004-04-20,0.88,0.12,0.0,0.0,-3.386960203217271e-05,1.0037182852568816
2004-04-21,0.88,0.12,0.0,0.0,-0.00020327498588368798,1.0035142544366147
2004-04-22,0.88,0.12,0.0,0.0,0.00018099547511312152,1.003695885975879
2004-04-23,0.88,0.12,0.0,0.0,-3.388554216867679e-05,1.0036618751966104
2004-04-26,0.88,0.12,0.0,0.0,1.1298371151511332e-05,1.003673214940987
2004-04-27,0.88,0.12,0.0,0.0,5.64865373752621e-05,1.0037299089655554
2004-04-28,0.88,0.12,0.0,0.0,-0.00016937988143407077,1.003559897312583
2004-04-29,0.88,0.12,0.0,0.0,-0.0003844704108556396,1.003174058226545
2004-04-30,0.1,0.0,0.0,0.9,-0.00023823028927964616,1.002935071780456
2004-05-03,0.88,0.12,0.0,0.0,-8.771074943967339e-05,1.0028471035936708
2004-05-04,0.1,0.0,0.0,0.9,-0.00035280728376327895,1.002493291831022
2004-05-05,0.1,0.0,0.0,0.9,-0.0007022334926363283,1.0017893074653552
2004-05-06,0.1,0.0,0.0,0.9,-0.0011420204978038419,1.000645243541749
2004-05-07,0.1,0.0,0.0,0.9,-0.006333072713057097,0.9943080844544244
2004-05-10,0.1,0.0,0.0,0.9,0.00017716535433078828,0.9944842413985208
2004-05-11,0.1,0.0,0.0,0.9,0.0003542609722495316,0.9948365483527655
2004-05-12,0.1,0.0,0.0,0.9,-0.0001770607908714972,0.9946604018067262
2004-05-13,0.1,0.0,0.0,0.9,-0.0016824085005902824,0.992986976691526
2004-05-14,0.1,0.0,0.0,0.9,0.0022178413011334944,0.9951892642199203
2004-05-17,0.1,0.0,0.0,0.9,0.0026548672566371057,0.9978313596116545
2004-05-18,0.1,0.0,0.0,0.9,-0.001411764705882368,0.9964226565157321
2004-05-19,0.1,0.0,0.0,0.9,-0.0017674783974863106,0.9946615009955746
2004-05-20,0.1,0.0,0.0,0.9,0.002036599763872515,0.9966872283736352
2004-05-21,0.1,0.0,0.0,0.9,-0.001501914204378141,0.9951902896680186
2004-05-24,0.1,0.0,0.0,0.9,0.000619469026548658,0.9958067792279899
2004-05-25,0.1,0.0,0.0,0.9,0.0001768694114180125,0.9959829069869179
2004-05-26,0.1,0.0,0.0,0.9,0.002033598585322638,0.998008336417572
2004-05-27,0.1,0.0,0.0,0.9,0.002205449911782087,1.000209393815082
2004-05-28,0.1,0.0,0.0,0.9,-0.002376063361689573,0.9978328329204202
2004-06-01,0.1,0.0,0.0,0.9,-0.0015882352941177015,0.9962480395975466
2004-06-02,0.1,0.0,0.0,0.9,-0.0011490866234531438,0.9951032643016037
2004-06-03,0.1,0.0,0.0,0.9,0.00035401711082707623,0.9954555478842064
2004-06-04,0.1,0.0,0.0,0.9,-0.0023002064287821478,0.9931657946333963
2004-06-07,0.1,0.0,0.0,0.9,0.0007095693308367235,0.9938705146217043
2004-06-08,0.1,0.0,0.0,0.9,-0.0004431314623338234,0.9934300993271894
2004-06-09,0.1,0.0,0.0,0.9,-0.0015960591133005186,0.9918445261637312
2004-06-10,0.1,0.0,0.0,0.9,0.0,0.9918445261637312
2004-06-14,0.1,0.0,0.0,0.9,-0.003020134228187865,0.9888490225612233
2004-06-15,0.1,0.0,0.0,0.9,0.005525846702317283,0.994313250671633
2004-06-16,0.1,0.0,0.0,0.9,-0.001417322834645607,0.9929039877966654
2004-06-17,0.1,0.0,0.0,0.9,0.0008872239747635514,0.9937849160192769
2004-06-18,0.1,0.0,0.0,0.9,-0.00044317510340757815,0.9933444952863552
2004-06-21,0.1,0.0,0.0,0.9,0.0007094295004434593,0.9940492031754145
2004-06-22,0.1,0.0,0.0,0.9,-0.00026582652357971527,0.9937849585314671
2004-06-23,0.1,0.0,0.0,0.9,0.000265905062044447,0.9940492109825242
2004-06-24,0.1,0.0,0.0,0.9,0.001594959141478891,0.9956346788586607
2004-06-25,0.1,0.0,0.0,0.9,0.0,0.9956346788586607
2004-06-28,0.1,0.0,0.0,0.9,-0.0031842751842751428,0.9924643040581674
2004-06-29,0.1,0.0,0.0,0.9,0.0011539599566031677,0.9936095681234085
2004-06-30,0.1,0.0,0.0,0.9,0.002393617021276762,0.9959878888981722
2004-07-01,0.1,0.0,0.0,0.9,0.0021220159151193354,0.9981013910496803
2004-07-02,0.1,0.0,0.0,0.9,0.0030873272566891877,1.0011828566792074
2004-07-06,0.1,0.0,0.0,0.9,-0.0005274467669466931,1.0006547860183295
2004-07-07,0.1,0.0,0.0,0.9,0.0002638780297106624,1.0009188368316846
2004-07-08,0.1,0.0,0.0,0.9,0.0002638006839276841,1.001182879905397
2004-07-09,0.1,0.0,0.0,0.9,8.790779449114882e-05,1.0012708916842517
2004-07-12,0.1,0.0,0.0,0.9,0.0004394960445355256,1.0017109462806555
2004-07-13,0.1,0.0,0.0,0.9,-0.0012299882858258337,1.0004788535509468
2004-07-14,0.1,0.0,0.0,0.9,-0.0005278592375366764,0.9999507415461398
2004-07-15,0.1,0.0,0.0,0.9,-0.0002640845070422948,0.999686670047492
2004-07-16,0.1,0.0,0.0,0.9,0.003522160258291729,1.0032077267074773
2004-07-19,0.1,0.0,0.0,0.9,-0.00035084299775859365,1.0028557583012647
2004-07-20,0.1,0.0,0.0,0.9,-0.003071073413278691,0.9997759146445923
2004-07-21,0.1,0.0,0.0,0.9,-0.0013206808843671425,0.9984555297054705
2004-07-22,0.1,0.0,0.0,0.9,0.0006172234740864813,0.9990717998962361
2004-07-23,0.1,0.0,0.0,0.9,0.0005286861170942014,0.9995999952868214
2004-07-26,0.1,0.0,0.0,0.9,-0.0013209393346380273,0.998279584334143
2004-07-27,0.1,0.0,0.0,0.9,-0.003086722195002434,0.995198172584361
2004-07-28,0.1,0.0,0.0,0.9,0.0007079646017698948,0.9959027376622968
2004-07-29,0.1,0.0,0.0,0.9,0.0007074081351934769,0.9966072473607804
2004-07-30,0.88,0.12,0.0,0.0,0.0024739838994699117,0.999072837644846
2004-08-02,0.1,0.0,0.0,0.9,-0.00012627953697503359,0.9989466751895039
2004-08-03,0.1,0.0,0.0,0.9,0.0006161369193153244,0.9995621631165155
2004-08-04,0.1,0.0,0.0,0.9,-0.00017591868647374165,0.9993863214537312
2004-08-05,0.88,0.12,0.0,0.0,0.000703812316715502,1.0000897018559274
2004-08-06,0.88,0.12,0.0,0.0,0.00034453057708873304,1.0004342633380483
2004-08-09,0.88,0.12,0.0,0.0,-5.725737188664315e-05,1.0003769811013843
2004-08-10,0.88,0.12,0.0,0.0,-4.5827763987009716e-05,1.0003311360611964
2004-08-11,0.88,0.12,0.0,0.0,-3.4383954154733054e-05,1.0002967407212744
2004-08-12,0.88,0.12,0.0,0.0,0.0,1.0002967407212744
2004-08-13,0.88,0.12,0.0,0.0,5.732301519059568e-05,1.0003540807465379
2004-08-16,0.88,0.12,0.0,0.0,-2.2918258212372145e-05,1.0003311543734115
2004-08-17,0.88,0.12,0.0,0.0,9.169054441259482e-05,1.000422875281549
2004-08-18,0.88,0.12,0.0,0.0,0.00010307310555449866,1.000525991974172
2004-08-19,0.88,0.12,0.0,0.0,0.0001373128635453291,1.0006633770631816
2004-08-20,0.88,0.12,0.0,0.0,3.4288979902843405e-05,1.0006976887896073
2004-08-23,0.88,0.12,0.0,0.0,4.57055798895567e-05,1.0007434262577675
2004-08-24,0.88,0.12,0.0,0.0,5.7110222729876975e-05,1.0008005789377363
2004-08-25,0.88,0.12,0.0,0.0,0.00011416611169250856,1.0009148364484133
2004-08-26,0.88,0.12,0.0,0.0,9.124607927003758e-05,1.0010061660029226
2004-08-27,0.88,0.12,0.0,0.0,3.419128122327031e-05,1.0010403916862505
2004-08-30,0.88,0.12,0.0,0.0,7.975693125712446e-05,1.0011202315959558
2004-08-31,0.88,0.12,0.0,0.0,2.27725590663308e-05,1.0011430296655621
2004-09-01,0.88,0.12,0.0,0.0,5.692059576889008e-05,1.0012000153232605
2004-09-02,0.88,0.12,0.0,0.0,-3.413616537074837e-05,1.0011658381939683
2004-09-03,0.88,0.12,0.0,0.0,-6.829175756426054e-05,1.0010974668192647
2004-09-07,0.88,0.12,0.0,0.0,0.0,1.0010974668192647
2004-09-08,0.88,0.12,0.0,0.0,0.0002163803739204706,1.001314084663466
2004-09-09,0.88,0.12,0.0,0.0,0.00014778325123153023,1.0014620621144015
2004-09-10,0.88,0.12,0.0,0.0,0.00011353959693443549,1.001575767713279
2004-09-13,0.88,0.12,0.0,0.0,0.00014746195292559603,1.001723462031989
2004-09-14,0.88,0.12,0.0,0.0,0.0001359516616314238,1.0018596480011475
2004-09-15,0.88,0.12,0.0,0.0,-0.00011316484345530675,1.0017462727109172
2004-09-16,0.88,0.12,0.0,0.0,2.2654332641121042e-05,1.0017689666042013
2004-09-17,0.88,0.12,0.0,0.0,0.00010192525481313551,1.0018710721613864
2004-09-20,0.05,0.12,0.83,0.0,6.789250353607557e-05,1.0019390916966957
2004-09-21,0.05,0.12,0.8300000000000001,0.0,2.2618037885200337e-05,1.0019617535930305
2004-09-22,0.05,0.12,0.8300000000000001,0.0,0.0009934918842957874,1.0029571944636
2004-09-23,0.05,0.12,0.8300000000000001,0.0,-0.0017927362716472152,1.0011591567221756
2004-09-24,0.05,0.12,0.83,0.0,-0.0005311131014567794,1.000627427977397
2004-09-27,0.05,0.12,0.8299999999999998,0.0,0.0012362688512380247,1.0018644724983
2004-09-28,0.05,0.12,0.83,0.0,-0.00017690690070148782,1.0016872357595472
2004-09-29,0.88,0.12,0.0,0.0,-0.002693433685424108,0.9989892576164932
2004-09-30,0.88,0.12,0.0,0.0,2.263510327265017e-05,0.9990118698415075
2004-10-01,0.88,0.12,0.0,0.0,-4.5261669024037056e-05,0.9989666528969036
2004-10-04,0.88,0.12,0.0,0.0,3.395906046600672e-05,0.999000576865873
2004-10-05,0.88,0.12,0.0,0.0,5.658242172764005e-05,0.9990571027378192
2004-10-06,0.88,0.12,0.0,0.0,5.655575454802886e-05,0.9991136051661011
2004-10-07,0.88,0.12,0.0,0.0,3.391746749576541e-05,0.9991474925693289
2004-10-08,0.05,0.12,0.8300000000000001,0.0,0.0001921446736366228,0.9993394734382034
2004-10-11,0.88,0.12,0.0,0.0,0.0,0.9993394734382034
2004-10-12,0.05,0.12,0.83,0.0,0.0001241301485800328,0.9994635215955231
2004-10-13,0.05,0.12,0.8300000000000001,0.0,0.0011838180655262807,1.0006467045682226
2004-10-14,0.05,0.12,0.83,0.0,0.002187221143715537,1.0028353401978434
2004-10-15,0.05,0.12,0.8300000000000001,0.0,-0.0019615280275905476,1.000868250570987
2004-10-18,0.05,0.12,0.8299999999999998,0.0,-0.00010144655269582969,1.0007667159372637
2004-10-19,0.05,0.12,0.83,0.0,-0.00016753939874140976,1.0005990480833953
2004-10-20,0.05,0.12,0.8299999999999998,0.0,0.0009596831456359699,1.0015593061253802
2004-10-21,0.05,0.12,0.8299999999999998,0.0,-0.0005046757893930065,1.0010538433919374
2004-10-22,0.05,0.12,0.8299999999999998,0.0,0.000598959640068557,1.0016534342416648
2004-10-25,0.05,0.12,0.8299999999999998,0.0,0.0006419524212951332,1.0022964480890746
2004-10-26,0.05,0.12,0.8299999999999998,0.0,-0.00018479105732733476,1.0021112326686767
2004-10-27,0.05,0.12,0.8299999999999998,0.0,-0.0029865507830111816,0.9991183765820859
2004-10-28,0.05,0.12,0.8299999999999998,0.0,0.0007547475495908993,0.9998724587285623
2004-10-29,0.05,0.12,0.7029983633471151,0.12700163665288483,0.0019728192867994516,1.0018450263994816
2004-11-01,0.05,0.12,0.7029983633471151,0.12700163665288483,-0.0024416697071801808,0.9993988517472329
2004-11-02,0.05,0.12,0.8299999999999998,0.0,0.0008104722226105032,1.0002088367558828
2004-11-03,0.05,0.12,0.8299999999999998,0.0,0.0006445657585439557,1.0008535371234486
2004-11-04,0.05,0.12,0.83,0.0,-3.122481317937903e-05,1.0008222856587319
2004-11-05,0.05,0.12,0.83,0.0,-0.004557555060276887,0.9962609829862901
2004-11-08,0.88,0.12,0.0,0.0,-0.0011123863286061685,0.9951527558890924
2004-11-09,0.05,0.12,0.83,0.0,-4.4651162790709796e-05,0.9951083211613875
2004-11-10,0.88,0.12,0.0,0.0,-0.001414335471052359,0.9937009041652295
2004-11-11,0.88,0.12,0.0,0.0,0.0,0.9937009041652295
2004-11-12,0.05,0.12,0.8300000000000001,0.0,3.354766564161338e-05,0.9937342405109103
2004-11-15,0.05,0.12,0.8300000000000001,0.0,0.0001114286799375952,0.9938449710055391
2004-11-16,0.05,0.12,0.83,0.0,-0.0008347123465804208,0.993015396337654
2004-11-17,0.05,0.12,0.8299999999999998,0.0,0.002327819801657962,0.9953269572405999
2004-11-18,0.05,0.12,0.8299999999999998,0.0,0.0007006650308750338,0.9960243480338256
2004-11-19,0.88,0.12,0.0,0.0,-0.0029193035329829566,0.9931166506356733
2004-11-22,0.05,0.12,0.83,0.0,-6.698920729437674e-05,0.9930501225384963
2004-11-23,0.88,0.12,0.0,0.0,-0.000612068993538597,0.9924423073494608
2004-11-24,0.88,0.12,0.0,0.0,0.0,0.9924423073494608
2004-11-26,0.88,0.12,0.0,0.0,-1.1170064227878917e-05,0.9924312217051452
2004-11-29,0.88,0.12,0.0,0.0,-0.00022342208154906728,0.9922094906557976
2004-11-30,0.88,0.12,0.0,0.0,-0.000526021264689418,0.991687567364686
2004-12-01,0.88,0.12,0.0,0.0,-2.2482435597188652e-05,0.9916652718128202
2004-12-02,0.88,0.12,0.0,0.0,-6.745994565726665e-05,0.9915983741274734
2004-12-03,0.88,0.12,0.0,0.0,0.00023624261741820972,0.991832631922805
2004-12-06,0.88,0.12,0.0,0.0,8.982035928143616e-05,0.9919217186861513
2004-12-07,0.88,0.12,0.0,0.0,0.00010097232610322138,0.9920218753293993
2004-12-08,0.05,0.12,0.83,0.0,0.00012330686595049656,0.9921441984378006
2004-12-09,0.05,0.12,0.8300000000000001,0.0,-0.0007219637809492296,0.9914279062610496
2004-12-10,0.05,0.12,0.8299999999999998,0.0,0.0,0.9914279062610496
2004-12-13,0.05,0.12,0.8300000000000001,0.0,-5.54824965034939e-05,0.991372899365707
2004-12-14,0.88,0.12,0.0,0.0,0.0005339395203954545,0.9919022325361273
2004-12-15,0.05,0.12,0.8300000000000001,0.0,0.00013430330162282899,0.9920354482808439
2004-12-16,0.88,0.12,0.0,0.0,-0.003252809587894294,0.9888085458631449
2004-12-17,0.88,0.12,0.0,0.0,-0.00012304250559283858,0.9886868803821104
2004-12-20,0.88,0.12,0.0,0.0,1.119716338529031e-05,0.988697950870647
2004-12-21,0.88,0.12,0.0,0.0,2.239223735772455e-05,0.988720090029838
2004-12-22,0.88,0.12,0.0,0.0,2.2388059701476947e-05,0.9887422255542416
2004-12-23,0.88,0.12,0.0,0.0,-2.2383883603795952e-05,0.9887200936633507
2004-12-27,0.88,0.12,0.0,0.0,-5.597014925373233e-05,0.9886647548521381
2004-12-28,0.88,0.12,0.0,0.0,-6.719552029864406e-05,0.9885983210095349
2004-12-29,0.88,0.12,0.0,0.0,0.0,0.9885983210095349
2004-12-30,0.88,0.12,0.0,0.0,3.361658418152835e-05,0.9886315543082148
2004-12-31,0.88,0.12,0.0,0.0,-0.000235250186706506,0.9883989785504798
2005-01-03,0.88,0.12,0.0,0.0,0.00010101954915349154,0.9884988261696768
2005-01-04,0.88,0.12,0.0,0.0,1.1214953271041493e-05,0.9885099121378207
2005-01-05,0.88,0.12,0.0,0.0,-0.0002467059153350126,0.9882660408951289
2005-01-06,0.88,0.12,0.0,0.0,-0.0001123700721041354,0.9881549893688554
2005-01-07,0.88,0.12,0.0,0.0,-5.623769800355393e-05,0.9880994178069825
2005-01-10,0.88,0.12,0.0,0.0,-0.00014628657164290624,0.9879548721307091
2005-01-11,0.88,0.12,0.0,0.0,-0.0002253309548399285,0.9877322553160331
2005-01-12,0.88,0.12,0.0,0.0,-5.64387169598346e-05,0.9876765089748433
2005-01-13,0.88,0.12,0.0,0.0,1.1293054771295274e-05,0.9876876628597555
2005-01-14,0.88,0.12,0.0,0.0,-0.00012421191305166611,0.9875649802856542
2005-01-18,0.88,0.12,0.0,0.0,-0.00015825169555388818,0.9874086964530544
2005-01-19,0.88,0.12,0.0,0.0,5.6593095642325506e-05,0.987464576967851
2005-01-20,0.1,0.0,0.0,0.9,-0.0001923258225699831,0.9872746620308268
2005-01-21,0.1,0.0,0.0,0.9,0.0009724950884086426,0.9882347817905621
2005-01-24,0.1,0.0,0.0,0.9,-0.00017662643508975506,0.9880602334040227
2005-01-25,0.1,0.0,0.0,0.9,-0.0015016193934635602,0.986576542995633
2005-01-26,0.1,0.0,0.0,0.9,-0.0006193472276837642,0.9859655095488309
2005-01-27,0.1,0.0,0.0,0.9,-0.0004426955238565067,0.9855290270310767
2005-01-28,0.1,0.0,0.0,0.9,0.001594488188976495,0.9871004414245712
2005-01-31,0.1,0.0,0.0,0.9,-0.0007074081351935768,0.9864021585420544
2005-02-01,0.1,0.0,0.0,0.9,-8.849557522123685e-05,0.9863148663156347
2005-02-02,0.1,0.0,0.0,0.9,-0.0005310256662405144,0.9857911078066265
2005-02-03,0.1,0.0,0.0,0.9,-0.0008855652858407393,0.9849181254224625
2005-02-04,0.88,0.12,0.0,0.0,0.0022160937653895817,0.9871007963396304
2005-02-07,0.88,0.12,0.0,0.0,0.00013526207026112402,0.9872343136368996
2005-02-08,0.88,0.12,0.0,0.0,0.00013510977669358047,0.9873676986445593
2005-02-09,0.88,0.12,0.0,0.0,3.373945641985898e-05,0.9874010118939981
2005-02-10,0.88,0.12,0.0,0.0,-5.621662138105332e-05,0.9873455035451613
2005-02-11,0.88,0.12,0.0,0.0,1.1248593925756722e-05,0.9873566097937949
2005-02-14,0.88,0.12,0.0,0.0,6.748523760427005e-05,0.987423241789207
2005-02-15,0.88,0.12,0.0,0.0,6.744730679156597e-05,0.9874898408275292
2005-02-16,0.88,0.12,0.0,0.0,6.740941859376015e-05,0.9875564069435666
2005-02-17,0.88,0.12,0.0,0.0,-2.2457190979712214e-05,0.9875342292007326
2005-02-18,0.88,0.12,0.0,0.0,-7.861488067383514e-05,0.9874565943151427
2005-02-22,0.88,0.12,0.0,0.0,-0.00010114253605544743,0.987356720450949
2005-02-23,0.88,0.12,0.0,0.0,1.124753960072944e-05,0.9873678257847625
2005-02-24,0.88,0.12,0.0,0.0,3.373945641985898e-05,0.9874011390384908
2005-02-25,0.88,0.12,0.0,0.0,7.870326993346666e-05,0.9874788507368691
2005-02-28,0.88,0.12,0.0,0.0,-0.00028089887640449175,0.9872014690372239
2005-03-01,0.88,0.12,0.0,0.0,-0.00012388549976537265,0.9870791690898632
2005-03-02,0.1,0.0,0.0,0.9,-6.764374295378239e-05,0.9870123993602742
2005-03-03,0.1,0.0,0.0,0.9,-0.0003563650762224868,0.9866606626113437
2005-03-04,0.1,0.0,0.0,0.9,0.001336898395721775,0.9879797276683105
2005-03-07,0.1,0.0,0.0,0.9,-0.0002669830910708937,0.9877159537867023
2005-03-08,0.1,0.0,0.0,0.9,-0.0016023738872402715,0.9861332635343438
2005-03-09,0.1,0.0,0.0,0.9,-0.002942925089179549,0.983231147211814
2005-03-10,0.1,0.0,0.0,0.9,0.0007157769161944661,0.9839349213702717
2005-03-11,0.1,0.0,0.0,0.9,-0.0022350253302871217,0.9817358018976552
2005-03-14,0.1,0.0,0.0,0.9,0.0002688707428799564,0.9819997619320233
2005-03-15,0.1,0.0,0.0,0.9,-0.0005375808860130116,0.9814718576299394
2005-03-16,0.1,0.0,0.0,0.9,0.0008068532722383504,0.9822637614098779
2005-03-17,0.1,0.0,0.0,0.9,0.0012539808917196638,0.9834955013973145
2005-03-18,0.1,0.0,0.0,0.9,-0.0009838998211090689,0.9825278403494281
2005-03-21,0.1,0.0,0.0,0.9,-0.00017908665804411417,0.9823518827220646
2005-03-22,0.1,0.0,0.0,0.9,-0.0026868345108965962,0.9797124657817228
2005-03-23,0.1,0.0,0.0,0.9,-0.0005389759457031795,0.9791844243289609
2005-03-24,0.1,0.0,0.0,0.9,8.988315190259222e-05,0.9792724365113135
2005-03-28,0.1,0.0,0.0,0.9,-0.0009886159376872317,0.9783043121732405
2005-03-29,0.1,0.0,0.0,0.9,0.0009897030890732462,0.9792725429730521
2005-03-30,0.1,0.0,0.0,0.9,0.0006291192330735385,0.9798886221642574
2005-03-31,0.1,0.0,0.0,0.9,0.0020656621095699102,0.9819127409626607
2005-04-01,0.1,0.0,0.0,0.9,0.0014336917562724593,0.9833205011647578
2005-04-04,0.1,0.0,0.0,0.9,8.946322067600043e-05,0.9834084721837487
2005-04-05,0.1,0.0,0.0,0.9,-0.0004472716429778423,0.9829686214606768
2005-04-06,0.1,0.0,0.0,0.9,0.0011634844868734452,0.9841122902028298
2005-04-07,0.1,0.0,0.0,0.9,-0.0008938325553679016,0.9832326585997088
2005-04-08,0.1,0.0,0.0,0.9,-0.0008947211452431825,0.982352939549366
2005-04-11,0.1,0.0,0.0,0.9,0.0009851726539953588,0.9833207268019819
2005-04-12,0.1,0.0,0.0,0.9,0.0021471172962228115,0.9854320317422328
2005-04-13,0.1,0.0,0.0,0.9,0.00026775089250292706,0.9856958820482327
2005-04-14,0.1,0.0,0.0,0.9,0.001159908793496456,0.9868391993695336
2005-04-15,0.1,0.0,0.0,0.9,0.0022277227722772297,0.9890376035265448
2005-04-18,0.1,0.0,0.0,0.9,0.0005333333333334301,0.9895650902484258
2005-04-19,0.1,0.0,0.0,0.9,0.00142137992300857,0.9909716382002149
2005-04-20,0.1,0.0,0.0,0.9,-0.0003547846654182618,0.9906200566591171
2005-04-21,0.1,0.0,0.0,0.9,-0.002839396628216584,0.9878072934103955
2005-04-22,0.1,0.0,0.0,0.9,0.000979131638809272,0.9887744867844201
2005-04-25,0.1,0.0,0.0,0.9,-0.00035566093657369847,0.9884228183243903
2005-04-26,0.1,0.0,0.0,0.9,-0.0004447519272584688,0.9879832153709943
2005-04-27,0.1,0.0,0.0,0.9,0.0008899436369030456,0.9888624647468807
2005-04-28,0.1,0.0,0.0,0.9,0.0020448483651091644,0.9908845385412361
2005-04-29,0.1,0.0,0.0,0.9,-0.0014192785334121384,0.9894781973865946
2005-05-02,0.1,0.0,0.0,0.9,0.0007107601184600298,0.9901814790273826
2005-05-03,0.1,0.0,0.0,0.9,-0.000798974156638288,0.9893903496152578
2005-05-04,0.1,0.0,0.0,0.9,0.0011550992200611398,0.9905331936364344
2005-05-05,0.1,0.0,0.0,0.9,0.0014198382961939648,0.9919395905984109
2005-05-06,0.1,0.0,0.0,0.9,-0.003987005316007076,0.9879847221775372
2005-05-09,0.1,0.0,0.0,0.9,-0.0007119549095224165,0.9872813216040497
2005-05-10,0.1,0.0,0.0,0.9,0.0017812963879268785,0.9890399622560907
2005-05-11,0.1,0.0,0.0,0.9,0.00035555555555568665,0.9893916209093374
2005-05-12,0.1,0.0,0.0,0.9,0.0006219765031098446,0.9900069992499169
2005-05-13,0.1,0.0,0.0,0.9,0.0014206787687451206,0.9914134811746603
2005-05-16,0.1,0.0,0.0,0.9,0.0,0.9914134811746603
2005-05-17,0.1,0.0,0.0,0.9,0.0001773049645391822,0.9915892637067838
2005-05-18,0.1,0.0,0.0,0.9,0.0012408902895410191,0.9928197171953308
2005-05-19,0.1,0.0,0.0,0.9,-0.0017702596380802405,0.9910621685220897
2005-05-20,0.1,0.0,0.0,0.9,-0.0008868742609381531,0.9901832209938379
2005-05-23,0.1,0.0,0.0,0.9,0.001509173406983666,0.9916775791790032
2005-05-24,0.1,0.0,0.0,0.9,0.0012407680945347055,0.992908021079314
2005-05-25,0.1,0.0,0.0,0.9,-0.0007080342216540525,0.992205008221435
2005-05-26,0.1,0.0,0.0,0.9,-0.0005314437555358986,0.9916777070656042
2005-05-27,0.1,0.0,0.0,0.9,8.86262924668646e-05,0.9917655957841035
2005-05-31,0.1,0.0,0.0,0.9,0.0017723513194171758,0.9935233528463441
2005-06-01,0.1,0.0,0.0,0.9,0.0031839622641510303,0.9966866937103596
2005-06-02,0.05,0.0,0.95,0.0,-8.813160987077851e-05,0.9965988541075061
2005-06-03,0.05,0.0,0.95,0.0,-0.003424397647505184,0.993186103335994
2005-06-06,0.05,0.0,0.95,0.0,0.00036176694592534583,0.9935454052393333
2005-06-07,0.05,0.0,0.95,0.0,0.0018081461743433835,0.9953418805628532
2005-06-08,0.05,0.0,0.95,0.0,-0.0015340045592704798,0.993815021580037
2005-06-09,0.05,0.0,0.95,0.0,-0.0017172485967081707,0.9921083941288411
2005-06-10,0.1,0.0,0.0,0.9,-0.003169081204727536,0.9889643220639549
2005-06-13,0.1,0.0,0.0,0.9,-0.0007980295566502593,0.9881750993044752
2005-06-14,0.1,0.0,0.0,0.9,-0.0006212405088255269,0.9875612049029746
2005-06-15,0.1,0.0,0.0,0.9,-8.88099467140746e-05,0.9874734996449902
2005-06-16,0.1,0.0,0.0,0.9,0.0009770058225600398,0.988438267003767
2005-06-17,0.1,0.0,0.0,0.9,-0.00035488958990526065,0.9880874805525434
2005-06-20,0.1,0.0,0.0,0.9,-0.0005325443786982076,0.987561280119113
2005-06-21,0.05,0.0,0.95,0.0,0.0011545293072823704,0.9887014485597478
2005-06-22,0.05,0.0,0.95,0.0,0.0039057271249639865,0.9925630466258789
2005-06-23,0.05,0.0,0.95,0.0,-0.0009045896019804933,0.9916651844145911
2005-06-24,0.05,0.0,0.95,0.0,0.0017203583682805388,0.9933712039131312
2005-06-27,0.05,0.0,0.95,0.0,0.00045190752544951304,0.9938201158357443
2005-06-28,0.05,0.0,0.95,0.0,-0.0024391403575503732,0.991396049083064
2005-06-29,0.1,0.0,0.0,0.9,-0.0008151396701306657,0.9905879228346456
2005-06-30,0.05,0.0,0.95,0.0,0.0008853910477126137,0.9914649805134956
2005-07-01,0.1,0.0,0.0,0.9,-0.003712352268394936,0.9877843132440522
2005-07-05,0.1,0.0,0.0,0.9,-0.0019522776572667767,0.9858558839991073
2005-07-06,0.1,0.0,0.0,0.9,0.0008893280632410017,0.9867326333030589
2005-07-07,0.1,0.0,0.0,0.9,0.0011549851924975486,0.9878722948834779
2005-07-08,0.1,0.0,0.0,0.9,-0.002129547471162463,0.9857685739360774
2005-07-11,0.1,0.0,0.0,0.9,-8.894159501923183e-05,0.9856808981067917
2005-07-12,0.1,0.0,0.0,0.9,-0.0010674046254200654,0.9846287777569643
2005-07-13,0.1,0.0,0.0,0.9,-0.0006233920443301843,0.9840149680102921
2005-07-14,0.1,0.0,0.0,0.9,-0.00044558867214574696,0.9835765020873248
2005-07-15,0.1,0.0,0.0,0.9,0.0,0.9835765020873248
2005-07-18,0.1,0.0,0.0,0.9,-0.0010699425401228591,0.9825241317462764
2005-07-19,0.1,0.0,0.0,0.9,0.0007141440190439719,0.9832257954785293
2005-07-20,0.1,0.0,0.0,0.9,0.0002675916749256047,0.9834888985159713
2005-07-21,0.1,0.0,0.0,0.9,-0.002675121371247491,0.9808579463451667
2005-07-22,0.1,0.0,0.0,0.9,0.0012521116963132074,0.9820860900522072
2005-07-25,0.1,0.0,0.0,0.9,-0.0008038106579338456,0.9812966787860146
2005-07-26,0.1,0.0,0.0,0.9,0.0,0.9812966787860146
2005-07-27,0.1,0.0,0.0,0.9,-0.0008045292014303484,0.9805071969526645
2005-07-28,0.1,0.0,0.0,0.9,0.0015210259469131905,0.9819985738403646
2005-07-29,0.1,0.0,0.0,0.9,-0.0024116712981342883,0.979630316065025
2005-08-01,0.1,0.0,0.0,0.9,-0.0011642949547217786,0.978489737430538
2005-08-02,0.1,0.0,0.0,0.9,-0.0004483858110801209,0.9780509965159867
2005-08-03,0.1,0.0,0.0,0.9,0.0010766623467251214,0.9791040271971124
2005-08-04,0.1,0.0,0.0,0.9,-0.0005376879418501068,0.9785775747678715
2005-08-05,0.1,0.0,0.0,0.9,-0.0024210421440670096,0.9762083972181196
2005-08-08,0.1,0.0,0.0,0.9,-0.0010789210789210024,0.9751551454009412
2005-08-09,0.1,0.0,0.0,0.9,0.0009001800360072032,0.9760329605948407
2005-08-10,0.1,0.0,0.0,0.9,8.992805755398958e-05,0.9761207333430956
2005-08-11,0.1,0.0,0.0,0.9,0.0016185433110199822,0.977700627026796
2005-08-12,0.1,0.0,0.0,0.9,0.001974668395332624,0.9796312615550827
2005-08-15,0.1,0.0,0.0,0.9,-0.0009851726539954586,0.9786661556251997
2005-08-16,0.1,0.0,0.0,0.9,0.0014345487148835323,0.9800700999010518
2005-08-17,0.1,0.0,0.0,0.9,-0.0012532325442609626,0.9788418441561987
2005-08-18,0.1,0.0,0.0,0.9,0.0018824701195218508,0.9806844846795605
2005-08-19,0.1,0.0,0.0,0.9,-8.945432859562841e-05,0.9805967582074193
2005-08-22,0.1,0.0,0.0,0.9,8.946322067600043e-05,0.980684485551593
2005-08-23,0.1,0.0,0.0,0.9,0.0007156346287644277,0.9813862973293458
2005-08-24,0.1,0.0,0.0,0.9,8.938325553689009e-05,0.9814740168315403
2005-08-25,0.1,0.0,0.0,0.9,0.00017874875868921782,0.9816494540937347
2005-08-26,0.1,0.0,0.0,0.9,-0.0014297061159650683,0.9802459838654831
2005-08-29,0.1,0.0,0.0,0.9,0.00035799522673016785,0.9805969072487283
2005-08-30,0.1,0.0,0.0,0.9,0.0031312127236582167,0.9836673647614854
2005-08-31,0.1,0.0,0.0,0.9,0.004279346210995527,0.9878768179717575
2005-09-01,0.1,0.0,0.0,0.9,0.0015084294587398572,0.9893669604655925
2005-09-02,0.1,0.0,0.0,0.9,-0.0004429133858267709,0.9889287565953074
2005-09-06,0.1,0.0,0.0,0.9,-0.0015952732644016643,0.9873511449895129
2005-09-07,0.1,0.0,0.0,0.9,-0.0015093222846996213,0.9858609139035566
2005-09-08,0.1,0.0,0.0,0.9,-0.00035573122529654056,0.9855102123926817
2005-09-09,0.1,0.0,0.0,0.9,0.00017793594306061422,0.9856855700817198
2005-09-12,0.1,0.0,0.0,0.9,-0.0012453053963233929,0.9844580905222189
2005-09-13,0.1,0.0,0.0,0.9,0.001247030878859845,0.9856857401600435
2005-09-14,0.1,0.0,0.0,0.9,-0.0008895038545167378,0.984808968894829
2005-09-15,0.1,0.0,0.0,0.9,-0.0010684606252473472,0.9837567392881745
2005-09-16,0.1,0.0,0.0,0.9,-0.0016045958795562144,0.9821782072778271
2005-09-19,0.1,0.0,0.0,0.9,0.0008037308989879977,0.9829676142513288
2005-09-20,0.1,0.0,0.0,0.9,-0.0008030137801130155,0.9821782777116802
2005-09-21,0.1,0.0,0.0,0.9,0.0013395514983131963,0.9834939560951996
2005-09-22,0.1,0.0,0.0,0.9,0.00035668284949967876,0.9838447515219253
2005-09-23,0.1,0.0,0.0,0.9,-0.0024066554422104815,0.9814769761963847
2005-09-26,0.1,0.0,0.0,0.9,-0.001161866931479716,0.9803366305537335
2005-09-27,0.1,0.0,0.0,0.9,-0.0006264293526896059,0.9797225189128378
2005-09-28,0.1,0.0,0.0,0.9,0.0006268656716416743,0.9803366733276786
2005-09-29,0.1,0.0,0.0,0.9,-0.0009843889827980234,0.9793716407070219
2005-09-30,0.1,0.0,0.0,0.9,-0.00143340633087794,0.9779678031969501
2005-10-03,0.1,0.0,0.0,0.9,-0.0015254237288135353,0.9764759879039377
2005-10-04,0.1,0.0,0.0,0.9,8.988315190259222e-05,0.9765637566434877
2005-10-05,0.1,0.0,0.0,0.9,0.0003594967046135933,0.9769148280958462
2005-10-06,0.1,0.0,0.0,0.9,8.983829107593877e-05,0.977002592454529
2005-10-07,0.1,0.0,0.0,0.9,0.0,0.977002592454529
2005-10-10,0.1,0.0,0.0,0.9,0.0,0.977002592454529
2005-10-11,0.1,0.0,0.0,0.9,-0.0006288052699870095,0.9763882480756026
2005-10-12,0.1,0.0,0.0,0.9,-0.0013483819416700293,0.9750717037938387
2005-10-13,0.1,0.0,0.0,0.9,-0.0006301890567169122,0.9744572242765935
2005-10-14,0.1,0.0,0.0,0.9,-0.0006306306306307464,0.9738427017027254
2005-10-17,0.1,0.0,0.0,0.9,-9.01532605429467e-05,0.9737549066079109
2005-10-18,0.1,0.0,0.0,0.9,0.0003606491685033131,0.9741060905053051
2005-10-19,0.1,0.0,0.0,0.9,0.0004506308832366024,0.9745450527932357
2005-10-20,0.1,0.0,0.0,0.9,-0.0001801621459312619,0.9743694766652177
2005-10-21,0.1,0.0,0.0,0.9,0.0018920812894184015,0.9762130629209962
2005-10-24,0.1,0.0,0.0,0.9,-0.0016183816183815037,0.974633177644341
2005-10-25,0.1,0.0,0.0,0.9,-0.0018014411529224006,0.972877433329129
2005-10-26,0.1,0.0,0.0,0.9,-0.0022563176895306737,0.9706823127665632
2005-10-27,0.1,0.0,0.0,0.9,0.0009047954157032301,0.9715605816732588
2005-10-28,0.1,0.0,0.0,0.9,-0.0005423320277190725,0.971033673252948
2005-10-31,0.1,0.0,0.0,0.9,0.0,0.971033673252948
2005-11-01,0.1,0.0,0.0,0.9,-0.000633102200783886,0.9704189096973762
2005-11-02,0.1,0.0,0.0,0.9,-0.0007240547063555924,0.9697162733186734
2005-11-03,0.1,0.0,0.0,0.9,-0.0011775362318840134,0.9685743972721931
2005-11-04,0.1,0.0,0.0,0.9,-0.00036279351002725945,0.9682230047668842
2005-11-07,0.1,0.0,0.0,0.9,0.00027220485936085836,0.9684865597737267
2005-11-08,0.1,0.0,0.0,0.9,0.0019048578915542792,0.970331389039976
2005-11-09,0.1,0.0,0.0,0.9,-0.0019008347581213837,0.9684869494087925
2005-11-10,0.1,0.0,0.0,0.9,0.0019048578915542792,0.9703317794172412
2005-11-11,0.1,0.0,0.0,0.9,0.0,0.9703317794172412
2005-11-14,0.1,0.0,0.0,0.9,-0.0016292869355326145,0.9687508305259046
2005-11-15,0.1,0.0,0.0,0.9,0.0011788413098237306,0.9698928340238546
2005-11-16,0.1,0.0,0.0,0.9,0.0021734755484001055,0.972000872383174
2005-11-17,0.1,0.0,0.0,0.9,0.000993776350130493,0.9729668238624546
2005-11-18,0.1,0.0,0.0,0.9,-0.001173167552391552,0.9718253707551456
2005-11-21,0.1,0.0,0.0,0.9,0.0011746987951808175,0.9729669728472978
2005-11-22,0.1,0.0,0.0,0.9,0.0015341421838965142,0.9744596425238811
2005-11-23,0.1,0.0,0.0,0.9,-0.0014414414414415488,0.9730550160121348
2005-11-25,0.1,0.0,0.0,0.9,0.0011730499298175713,0.9741964581303765
2005-11-28,0.1,0.0,0.0,0.9,0.0004505857614898634,0.9746354171833038
2005-11-29,0.1,0.0,0.0,0.9,-0.002251801441152901,0.9724407317462919
2005-11-30,0.1,0.0,0.0,0.9,0.0010835758001404682,0.9734944449902829
2005-12-01,0.1,0.0,0.0,0.9,-0.000721515181882082,0.9727920539687446
2005-12-02,0.1,0.0,0.0,0.9,9.026175910138434e-05,0.9728798598907756
2005-12-05,0.1,0.0,0.0,0.9,-0.0011732851985559623,0.9717383943511926
2005-12-06,0.1,0.0,0.0,0.9,0.0020785219399536816,0.973758173923747
2005-12-07,0.1,0.0,0.0,0.9,-0.0005409737527548698,0.9732313963101237
2005-12-08,0.1,0.0,0.0,0.9,0.001804330392943032,0.9749874272978525
2005-12-09,0.1,0.0,0.0,0.9,-0.002160864345738245,0.9728806117286615
2005-12-12,0.1,0.0,0.0,0.9,-0.0004512635379061547,0.9724415861818525
2005-12-13,0.1,0.0,0.0,0.9,0.0004514899167251452,0.9728806337526178
2005-12-14,0.1,0.0,0.0,0.9,0.0023465703971119246,0.9751635666477052
2005-12-15,0.1,0.0,0.0,0.9,-0.00036007201440290125,0.97481243753789
2005-12-16,0.1,0.0,0.0,0.9,0.0005403241945167725,0.9753391522830076
2005-12-19,0.1,0.0,0.0,0.9,-0.00017999999999998017,0.9751635912355967
2005-12-20,0.1,0.0,0.0,0.9,-0.0008101620324065028,0.9743735507185924
2005-12-21,0.1,0.0,0.0,0.9,-0.0007207928721593482,0.9736712292084139
2005-12-22,0.1,0.0,0.0,0.9,0.0015329125338143569,0.975163782039482
2005-12-23,0.1,0.0,0.0,0.9,0.001350270054010805,0.9764805164921259
2005-12-27,0.1,0.0,0.0,0.9,0.0010785978228303073,0.9775337462512504
2005-12-28,0.1,0.0,0.0,0.9,-0.0010773067331671271,0.9764806425645159
2005-12-29,0.1,0.0,0.0,0.9,-8.98831519024923e-05,0.9763928734065904
2005-12-30,0.1,0.0,0.0,0.9,-0.0006292449061127137,0.9757784831646346
2006-01-03,0.1,0.0,0.0,0.9,0.0017091454272864183,0.9774462304971798
2006-01-04,0.1,0.0,0.0,0.9,0.0005387071029529178,0.9779727877243033
2006-01-05,0.1,0.0,0.0,0.9,-8.973080757713747e-05,0.9778850334362723
2006-01-06,0.1,0.0,0.0,0.9,-0.000987137301824681,0.9769197266428713
2006-01-09,0.1,0.0,0.0,0.9,8.983829107593877e-05,0.9770074914416312
2006-01-10,0.1,0.0,0.0,0.9,-0.001437269188541779,0.9756032686772077
2006-01-11,0.1,0.0,0.0,0.9,-0.001079676097170923,0.974549933147695
2006-01-12,0.1,0.0,0.0,0.9,0.0015313782404164256,0.9760423377095168
2006-01-13,0.1,0.0,0.0,0.9,0.0017086330935252025,0.977710035948409
2006-01-17,0.1,0.0,0.0,0.9,0.0004487882716664782,0.9781488207456331
2006-01-18,0.1,0.0,0.0,0.9,-0.00026913875598076896,0.9778855629888535
2006-01-19,0.1,0.0,0.0,0.9,-0.001256356565958694,0.9766569900410363
2006-01-20,0.1,0.0,0.0,0.9,0.0004493260109835529,0.9770958274304706
2006-01-23,0.1,0.0,0.0,0.9,0.00017964071856277908,0.977271353627015
2006-01-24,0.1,0.0,0.0,0.9,-0.0008082219117940382,0.976481501505245
2006-01-25,0.1,0.0,0.0,0.9,-0.002606611405173176,0.9739361936864809
2006-01-26,0.1,0.0,0.0,0.9,-0.0011718750000001333,0.9727948622095044
2006-01-27,0.1,0.0,0.0,0.9,0.00027078527730415306,0.9730582807360277
2006-01-30,0.1,0.0,0.0,0.9,-0.0008121114898735571,0.9722680489259253
2006-01-31,0.1,0.0,0.0,0.9,0.0,0.9722680489259253
2006-02-01,0.1,0.0,0.0,0.9,-0.0013547415955846188,0.9709508769579875
2006-02-02,0.1,0.0,0.0,0.9,-9.045226130659501e-05,0.9708630522555491
2006-02-03,0.1,0.0,0.0,0.9,0.00045230676449896644,0.9713021801814865
2006-02-06,0.1,0.0,0.0,0.9,-0.0004520795660037491,0.9708630743134116
2006-02-07,0.1,0.0,0.0,0.9,-0.00027138405869941984,0.970599597551863
2006-02-08,0.1,0.0,0.0,0.9,-0.0009048863864869361,0.9697213151893086
2006-02-09,0.1,0.0,0.0,0.9,9.057971014487798e-05,0.9698091522649598
2006-02-10,0.1,0.0,0.0,0.9,-0.0010868471369628984,0.9687551179644202
2006-02-13,0.1,0.0,0.0,0.9,0.000272040302267107,0.969018658399534
2006-02-14,0.1,0.0,0.0,0.9,-0.000815874294923502,0.9682280609848446
2006-02-15,0.1,0.0,0.0,0.9,9.073495312035273e-05,0.9683159131125678
2006-02-16,0.1,0.0,0.0,0.9,0.00018145161290326062,0.968491615596802
2006-02-17,0.1,0.0,0.0,0.9,0.0013606127796815138,0.9698093576659973
2006-02-21,0.1,0.0,0.0,0.9,-0.0008151353527221739,0.969018831773163
2006-02-22,0.1,0.0,0.0,0.9,0.000725221595487513,0.9697215851563991
2006-02-23,0.1,0.0,0.0,0.9,-0.0013586956521739692,0.9684040286548278
2006-02-24,0.1,0.0,0.0,0.9,0.0,0.9684040286548278
2006-02-27,0.1,0.0,0.0,0.9,-0.0006350166313879302,0.9677890759907288
2006-02-28,0.1,0.0,0.0,0.9,0.0028142021383900763,0.9705126300778926
2006-03-01,0.1,0.0,0.0,0.9,-0.0009049773755657076,0.9696343381049713
2006-03-02,0.1,0.0,0.0,0.9,-0.0010870659285353579,0.9685802816528795
2006-03-03,0.1,0.0,0.0,0.9,-0.0012697772850952082,0.9673504004124455
2006-03-06,0.1,0.0,0.0,0.9,-0.0010899182561308729,0.9662960675509604
2006-03-07,0.1,0.0,0.0,0.9,0.0,0.9662960675509604
2006-03-08,0.1,0.0,0.0,0.9,0.00018187329493775107,0.9664718110006513
2006-03-09,0.1,0.0,0.0,0.9,0.00018183654914654125,0.9666475508996111
2006-03-10,0.1,0.0,0.0,0.9,-0.0006362993637006987,0.9660324736780508
2006-03-13,0.1,0.0,0.0,0.9,-0.0003638568829592681,0.9656809761133409
2006-03-14,0.1,0.0,0.0,0.9,0.0026390293225478922,0.9682294365255306
2006-03-15,0.1,0.0,0.0,0.9,-0.0005444097187216169,0.9677023230103338
2006-03-16,0.1,0.0,0.0,0.9,0.00272369615656225,0.9703380501082133
2006-03-17,0.1,0.0,0.0,0.9,-0.0006336115860404612,0.9697232326772888
2006-03-20,0.1,0.0,0.0,0.9,0.0003623188405797118,0.9700745816746356
2006-03-21,0.1,0.0,0.0,0.9,-0.0021730382293763117,0.9679665725233103
2006-03-22,0.1,0.0,0.0,0.9,9.076240419536585e-05,0.9680544274966134
2006-03-23,0.1,0.0,0.0,0.9,-0.0010890390238983527,0.967000178447812
2006-03-24,0.1,0.0,0.0,0.9,0.0019989904088844046,0.9689332025299188
2006-03-27,0.1,0.0,0.0,0.9,-0.0007252946509518909,0.968230440460994
2006-03-28,0.1,0.0,0.0,0.9,-0.0023591087811270727,0.9659462795267479
2006-03-29,0.1,0.0,0.0,0.9,-0.0007277873243708655,0.9652432760684851
2006-03-30,0.1,0.0,0.0,0.9,-0.0010925644916539802,0.964188685539245
2006-03-31,0.1,0.0,0.0,0.9,0.00045578851412937383,0.9646281516675673
2006-04-03,0.1,0.0,0.0,0.9,-0.0008200040494027894,0.9638371526770321
2006-04-04,0.1,0.0,0.0,0.9,0.0003647785996555353,0.9641887398438815
2006-04-05,0.1,0.0,0.0,0.9,0.0010938924339105372,0.9652434586112585
2006-04-06,0.1,0.0,0.0,0.9,-0.0010925644916539802,0.9641888678825785
2006-04-07,0.1,0.0,0.0,0.9,-0.0019143117593436898,0.9623431097945626
2006-04-10,0.1,0.0,0.0,0.9,9.135200974434987e-05,0.9624310217717059
2006-04-11,0.1,0.0,0.0,0.9,0.0008220846442707819,0.9632222215358743
2006-04-12,0.1,0.0,0.0,0.9,-0.0011863719326709377,0.9620794817273193
2006-04-13,0.1,0.0,0.0,0.9,-0.0014620773682606837,0.9606728470906178
2006-04-17,0.1,0.0,0.0,0.9,0.0010068137902979446,0.9616400657610334
2006-04-18,0.1,0.0,0.0,0.9,0.0016456724908573861,0.9632226103633627
2006-04-19,0.1,0.0,0.0,0.9,-0.0010951125532347118,0.9621677731911943
2006-04-20,0.1,0.0,0.0,0.9,-0.0003654822335026231,0.9618161179644441
2006-04-21,0.1,0.0,0.0,0.9,0.00018281535649011804,0.9619919527209276
2006-04-24,0.1,0.0,0.0,0.9,0.0007311129163280805,0.9626952774629656
2006-04-25,0.1,0.0,0.0,0.9,-0.002191558441558561,0.960585474500993
2006-04-26,0.1,0.0,0.0,0.9,-0.0010984540276646638,0.9595303155176113
2006-04-27,0.1,0.0,0.0,0.9,0.0015580448065173115,0.9610253067423994
2006-04-28,0.1,0.0,0.0,0.9,0.0009149130832569963,0.9619045613688791
2006-05-01,0.1,0.0,0.0,0.9,-0.0018279679090078217,0.9601462306991686
2006-05-02,0.1,0.0,0.0,0.9,0.0003663376411926045,0.960497968404523
2006-05-03,0.1,0.0,0.0,0.9,-0.000915471467805995,0.959618659919563
2006-05-04,0.1,0.0,0.0,0.9,-0.0004582018124426601,0.959178960910334
2006-05-05,0.1,0.0,0.0,0.9,0.0011919315403424724,0.9603222365666761
2006-05-08,0.1,0.0,0.0,0.9,-0.0005493946484891876,0.9597946406690813
2006-05-09,0.1,0.0,0.0,0.9,-9.162170416374683e-05,0.9597067026484559
2006-05-10,0.1,0.0,0.0,0.9,-0.00036652412950509693,0.9593549469846875
2006-05-11,0.1,0.0,0.0,0.9,-0.00027500509268687525,0.9590911194885724
2006-05-12,0.1,0.0,0.0,0.9,-0.0010086602139582125,0.9581237224347836
2006-05-15,0.1,0.0,0.0,0.9,0.00100979192166466,0.9590912280296536
2006-05-16,0.1,0.0,0.0,0.9,0.0012837493632194886,0.9603224607829061
2006-05-17,0.1,0.0,0.0,0.9,-0.0010987892969783752,0.9592672687413498
2006-05-18,0.1,0.0,0.0,0.9,0.0019252317408577247,0.9611140805350966
2006-05-19,0.1,0.0,0.0,0.9,9.148200853827949e-05,0.9612020051816184
2006-05-22,0.1,0.0,0.0,0.9,0.0006403089744891899,0.9618174714518333
2006-05-23,0.1,0.0,0.0,0.9,-0.000914076782449691,0.9609382964322247
2006-05-24,0.1,0.0,0.0,0.9,0.0010065067100447189,0.9619054872755226
2006-05-25,0.1,0.0,0.0,0.9,-0.0010053823499542869,0.9609384044762916
2006-05-26,0.1,0.0,0.0,0.9,0.0006405042700285302,0.9615538896275931
2006-05-30,0.1,0.0,0.0,0.9,-0.0010972264553490653,0.96049884726165
2006-05-31,0.1,0.0,0.0,0.9,0.0006408300274641565,0.9611143637643199
2006-06-01,0.1,0.0,0.0,0.9,0.0001829640170767588,0.9612902131091844
2006-06-02,0.1,0.0,0.0,0.9,0.00384146341463405,0.9649829742936891
2006-06-05,0.1,0.0,0.0,0.9,-0.0014571948998178374,0.9635768060251372
2006-06-06,0.1,0.0,0.0,0.9,0.0002736671396716961,0.9638405053334961
2006-06-07,0.1,0.0,0.0,0.9,-0.0008207518492248545,0.9630494314563859
2006-06-08,0.1,0.0,0.0,0.9,0.0009127789046653456,0.9639284826615692
2006-06-09,0.1,0.0,0.0,0.9,0.0,0.9639284826615692
2006-06-12,0.1,0.0,0.0,0.9,-0.00027355623100304703,0.9636647940188958
2006-06-13,0.1,0.0,0.0,0.9,0.0007297050775311398,0.9643679851121295
2006-06-14,0.1,0.0,0.0,0.9,-0.002916455696202491,0.9615554486087139
2006-06-15,0.1,0.0,0.0,0.9,-0.001280097531240476,0.9603245638527991
2006-06-16,0.1,0.0,0.0,0.9,-0.0008240919727337314,0.959533168088509
2006-06-19,0.1,0.0,0.0,0.9,-0.0005498981670061687,0.9590055225581955
2006-06-20,0.1,0.0,0.0,0.9,-0.0004585286325657245,0.958565791067314
2006-06-21,0.1,0.0,0.0,0.9,0.0,0.958565791067314
2006-06-22,0.1,0.0,0.0,0.9,-0.0012845346110714306,0.9573344801316989
2006-06-23,0.1,0.0,0.0,0.9,-0.0008269525267994515,0.9565428099643617
2006-06-26,0.1,0.0,0.0,0.9,-9.196811771918779e-05,0.9564548385226115
2006-06-27,0.1,0.0,0.0,0.9,0.0006438426162493904,0.9570706449081703
2006-06-28,0.1,0.0,0.0,0.9,-0.0010110294117646524,0.9561030183370316
2006-06-29,0.1,0.0,0.0,0.9,0.0017482874961659346,0.9577745612890367
2006-06-30,0.1,0.0,0.0,0.9,0.0022040816326530876,0.9598855746077963
2006-07-03,0.1,0.0,0.0,0.9,-0.0003664495114006017,0.9595338250079808
2006-07-05,0.1,0.0,0.0,0.9,-0.002199592668024475,0.9574232414417717
2006-07-06,0.1,0.0,0.0,0.9,0.0011024908125766065,0.9584787917692085
2006-07-07,0.1,0.0,0.0,0.9,0.0014681892332788716,0.9598860200116102
2006-07-10,0.1,0.0,0.0,0.9,0.0,0.9598860200116102
2006-07-11,0.1,0.0,0.0,0.9,0.0008245114006514287,0.9606774569784355
2006-07-12,0.1,0.0,0.0,0.9,-9.152852639074949e-05,0.9605895275864615
2006-07-13,0.1,0.0,0.0,0.9,0.0010984540276648637,0.9616446910219716
2006-07-14,0.1,0.0,0.0,0.9,0.0006399837464446945,0.9622601279940806
2006-07-17,0.1,0.0,0.0,0.9,-0.00045680641559239234,0.9618205613941441
2006-07-18,0.1,0.0,0.0,0.9,-0.0020109689213894002,0.9598863701372271
2006-07-19,0.1,0.0,0.0,0.9,0.0023819218241042605,0.9621727444309173
2006-07-20,0.1,0.0,0.0,0.9,0.001279187817258931,0.9634035440836919
2006-07-21,0.1,0.0,0.0,0.9,-0.0003649635036496513,0.9630519369508146
2006-07-24,0.1,0.0,0.0,0.9,-9.127789046643464e-05,0.9629640316016
2006-07-25,0.1,0.0,0.0,0.9,-0.0006390100415864519,0.96234868791572
2006-07-26,0.1,0.0,0.0,0.9,0.0010962241169305998,0.9634036377563098
2006-07-27,0.1,0.0,0.0,0.9,9.124087591241282e-05,0.9634915395480759
2006-07-28,0.1,0.0,0.0,0.9,0.0018246325392801133,0.9652495575624563
2006-07-31,0.1,0.0,0.0,0.9,0.00054628224582709,0.9657768562585451
2006-08-01,0.1,0.0,0.0,0.9,0.00018198362147425762,0.9659526118283831
2006-08-02,0.1,0.0,0.0,0.9,0.0004548670777317909,0.9663919918701529
2006-08-03,0.1,0.0,0.0,0.9,-9.092746009301545e-05,0.966304120300878
2006-08-04,0.1,0.0,0.0,0.9,0.0018187329493787097,0.9680615694435895
2006-08-07,0.1,0.0,0.0,0.9,-0.0008167792679238395,0.967270876823594
2006-08-08,0.1,0.0,0.0,0.9,0.0004541784416632222,0.9677101904030959
2006-08-09,0.1,0.0,0.0,0.9,-0.00018157974377077667,0.9675344738346782
2006-08-10,0.1,0.0,0.0,0.9,-0.00018161638583386042,0.9673587537203706
2006-08-11,0.1,0.0,0.0,0.9,-0.001271571298819285,0.9661286880934782
2006-08-14,0.1,0.0,0.0,0.9,-0.0011824153612937094,0.9649863226916899
2006-08-15,0.1,0.0,0.0,0.9,0.002185792349726956,0.9670955824134206
2006-08-16,0.1,0.0,0.0,0.9,0.0018170805572379934,0.9688528729932148
2006-08-17,0.1,0.0,0.0,0.9,-0.00018134193028417346,0.9686771793430647
2006-08-18,0.1,0.0,0.0,0.9,0.0009975816203144471,0.9696435138931955
2006-08-21,0.1,0.0,0.0,0.9,0.00036235530951178596,0.9699948693687883
2006-08-22,0.1,0.0,0.0,0.9,9.055236945376688e-05,0.9700827047025677
2006-08-23,0.1,0.0,0.0,0.9,-0.00027162977867208895,0.9698192013521957
2006-08-24,0.1,0.0,0.0,0.9,9.05705947468416e-05,0.9699070384540591
2006-08-25,0.1,0.0,0.0,0.9,0.00045280740591668867,0.9703462195441218
2006-08-28,0.1,0.0,0.0,0.9,-0.00036206376345169214,0.9699948923400226
2006-08-29,0.1,0.0,0.0,0.9,0.0002716571083611008,0.9702583983476007
2006-08-30,0.1,0.0,0.0,0.9,0.0008147254073627153,0.9710488925164416
2006-08-31,0.05,0.0,0.95,0.0,0.001627977087729793,0.9726297378645238
2006-09-01,0.05,0.0,0.95,0.0,0.00037818471337565103,0.9729975715631588
2006-09-05,0.1,0.0,0.0,0.9,-0.0017956625547154825,0.9712503962580737
2006-09-06,0.1,0.0,0.0,0.9,-0.0005422231147706125,0.9707237618429925
2006-09-07,0.1,0.0,0.0,0.9,9.04249974881921e-05,0.970811539536719
2006-09-08,0.1,0.0,0.0,0.9,0.0008137432188064286,0.971601530843756
2006-09-11,0.05,0.0,0.95,0.0,-0.0009936766034326916,0.9706360731346972
2006-09-12,0.05,0.0,0.95,0.0,0.0011370436864152399,0.971739728753462
2006-09-13,0.05,0.0,0.95,0.0,0.00028392109982073866,0.9720156261659891
2006-09-14,0.05,0.0,0.95,0.0,-0.001229957175580082,0.9708200885718103
2006-09-15,0.05,0.0,0.95,0.0,-0.0003789389708815982,0.9704522070065358
2006-09-18,0.05,0.0,0.95,0.0,-0.0005686352753390855,0.9699003736486012
2006-09-19,0.05,0.0,0.95,0.0,0.003034537831902595,0.9728435730256143
2006-09-20,0.05,0.0,0.95,0.0,0.00018905472636815412,0.9730274937011116
2006-09-21,0.05,0.0,0.95,0.0,0.003402307998408316,0.9763380329256021
2006-09-22,0.05,0.0,0.95,0.0,0.0019775971451229113,0.9782688362321905
2006-09-25,0.05,0.0,0.95,0.0,0.0015036106439805573,0.9797397716670236
2006-09-26,0.05,0.0,0.95,0.0,-0.0014074074074074516,0.9783608786550478
2006-09-27,0.05,0.0,0.95,0.0,-9.396636993069807e-05,0.9782689456347985
2006-09-28,0.05,0.0,0.95,0.0,-0.0011277079829854707,0.9771657439352994
2006-09-29,0.05,0.12,0.39926598659061013,0.4307340134093898,-0.00037634941071597593,0.9767979881833976
2006-10-02,0.05,0.12,0.39926598659061013,0.4307340134093898,0.0008089710782798016,0.9775881895051598
2006-10-03,0.05,0.12,0.39926598659061013,0.4307340134093898,0.00015817375687959693,0.977742818301775
2006-10-04,0.05,0.12,0.39926598659061013,0.4307340134093898,0.0018891730151576064,0.9795899436498748
2006-10-05,0.05,0.12,0.39926598659061013,0.4307340134093898,-0.0015127923980468433,0.9781080274299182
2006-10-06,0.05,0.12,0.39926598659061013,0.4307340134093898,-0.0029848802367834944,0.9751884921094034
2006-10-09,0.05,0.12,0.39926598659061013,0.4307340134093898,0.0,0.9751884921094034
2006-10-10,0.05,0.12,0.39926598659061013,0.4307340134093898,-0.0018864498381757516,0.9733488479362727
2006-10-11,0.05,0.12,0.39926598659061013,0.4307340134093898,-0.0013359912470718837,0.9720484623950825
2006-10-12,0.05,0.12,0.39926598659061013,0.4307340134093898,0.0004925878776111208,0.9725272816841088
2006-10-13,0.05,0.12,0.39926598659061013,0.4307340134093898,-0.0008030734870471631,0.9717462708087583
2006-10-16,0.05,0.12,0.39926598659061013,0.4307340134093898,0.0006664738718922831,0.9723939143083611
2006-10-17,0.05,0.12,0.39926598659061013,0.4307340134093898,0.00046722456669649466,0.9728482406336322
2006-10-18,0.05,0.12,0.39926598659061013,0.4307340134093898,0.0003334904593069294,0.973172676240237
2006-10-19,0.05,0.12,0.39926598659061013,0.4307340134093898,-0.0005775608161471399,0.9726106098350955
2006-10-20,0.05,0.12,0.39926598659061013,0.4307340134093898,-5.528132236213752e-05,0.9725568426344404
2006-10-23,0.05,0.12,0.39926598659061013,0.4307340134093898,-0.0013664349482752167,0.9712279069754804
2006-10-24,0.05,0.12,0.8300000000000001,0.0,1.5817131345146735e-05,0.9712432690148511
2006-10-25,0.05,0.12,0.8300000000000001,0.0,0.0016692080422896962,0.9728644760905105
2006-10-26,0.05,0.12,0.8300000000000001,0.0,0.002223663427283083,0.9750277992456958
2006-10-27,0.05,0.12,0.8300000000000001,0.0,0.0016993753110778288,0.9766847374153486
2006-10-30,0.05,0.12,0.8300000000000001,0.0,0.00022464221334584923,0.9769041420365027
2006-10-31,0.05,0.12,0.4822828368329619,0.34771716316703805,0.003004194469547512,0.9798389520572869
2006-11-01,0.05,0.12,0.4822828368329619,0.34771716316703805,0.0018781330784560018,0.9816792200047054
2006-11-02,0.05,0.12,0.4822828368329619,0.34771716316703805,-0.0009528399976509958,0.9807438367790221
2006-11-03,0.05,0.12,0.4822828368329619,0.34771716316703805,-0.004227840647436705,0.9765974081211647
2006-11-06,0.05,0.12,0.4822828368329619,0.34771716316703805,0.0002732053327894244,0.9768642197410518
2006-11-07,0.05,0.12,0.4822828368329619,0.34771716316703805,0.0019203893253538521,0.9787401793609626
2006-11-08,0.05,0.12,0.4822828368329619,0.34771716316703805,0.0009924921813776444,0.9797115713365784
2006-11-09,0.05,0.12,0.4822828368329619,0.34771716316703805,0.0001082676928025265,0.9798176424480189
2006-11-10,0.05,0.12,0.4822828368329619,0.34771716316703805,0.0012039410614238426,0.9809972851404695
2006-11-13,0.05,0.12,0.4822828368329619,0.34771716316703805,-0.000539672438182474,0.9804678679437474
2006-11-14,0.05,0.12,0.4822828368329619,0.34771716316703805,0.001120620213204625,0.9815666000549628
2006-11-15,0.05,0.12,0.4822828368329619,0.34771716316703805,-0.0018838797579884287,0.9797174466060017
2006-11-16,0.05,0.12,0.4822828368329619,0.34771716316703805,-0.0012742931492854908,0.9784689993755562
2006-11-17,0.05,0.12,0.4822828368329619,0.34771716316703805,0.0021629204158057705,0.9805853499505387
2006-11-20,0.05,0.12,0.4822828368329619,0.34771716316703805,0.00020075576168790171,0.980782208109368
2006-11-21,0.05,0.12,0.4822828368329619,0.34771716316703805,0.00034084424818898486,0.9811165020837281
2006-11-22,0.05,0.12,0.4822828368329619,0.34771716316703805,0.0003174183154035293,0.9814279264310342
2006-11-24,0.05,0.12,0.4822828368329619,0.34771716316703805,0.0006603475018488114,0.9820760099104975
2006-11-27,0.05,0.12,0.4822828368329619,0.34771716316703805,0.00025759204149797716,0.9823289848747966
2006-11-28,0.05,0.12,0.4822828368329619,0.34771716316703805,0.0010349028179399066,0.9833455999093876
2006-11-29,0.05,0.12,0.4822828368329619,0.34771716316703805,-0.00025556963446096313,0.98309428663387
2006-11-30,0.05,0.12,0.533021601714903,0.29697839828509687,0.003678113384271623,0.986710218887539
2006-12-01,0.05,0.12,0.533021601714903,0.29697839828509687,0.001911591323610392,0.988596405580882
2006-12-04,0.05,0.12,0.533021601714903,0.29697839828509687,-3.509008673799933e-05,0.9885617156472614
2006-12-05,0.05,0.12,0.533021601714903,0.29697839828509687,0.0001550657551155607,0.9887150077161765
2006-12-06,0.05,0.12,0.533021601714903,0.29697839828509687,-0.0014090535208188127,0.9873218553534676
2006-12-07,0.05,0.12,0.533021601714903,0.29697839828509687,0.00011132209082949304,0.9874317660867272
2006-12-08,0.05,0.12,0.533021601714903,0.29697839828509687,-0.0026978578628124917,0.9847678155325993
2006-12-11,0.05,0.12,0.533021601714903,0.29697839828509687,0.0010128763854250242,0.9857652635980789
2006-12-12,0.05,0.12,0.533021601714903,0.29697839828509687,0.001199088159573454,0.9869472830537781
2006-12-13,0.05,0.12,0.533021601714903,0.29697839828509687,-0.003125181969357269,0.9838628932000723
2006-12-14,0.05,0.12,0.533021601714903,0.29697839828509687,-0.0008562726872434229,0.9830204382766328
2006-12-15,0.05,0.12,0.533021601714903,0.29697839828509687,0.00011236193366158617,0.9831308923539064
2006-12-18,0.05,0.12,0.533021601714903,0.29697839828509687,0.00023402589240513713,0.9833609704383406
2006-12-19,0.05,0.12,0.533021601714903,0.29697839828509687,-0.0002871278374268766,0.9830786201294887
2006-12-20,0.05,0.12,0.533021601714903,0.29697839828509687,0.0001820306221168094,0.9832575705423005
2006-12-21,0.05,0.12,0.533021601714903,0.29697839828509687,0.0017834393308169732,0.985011150765929
2006-12-22,0.05,0.12,0.533021601714903,0.29697839828509687,-0.0024934243850361793,0.9825550999430768
2006-12-26,0.05,0.12,0.533021601714903,0.29697839828509687,0.0005517927204994911,0.983097266694715
2006-12-27,0.05,0.12,0.533021601714903,0.29697839828509687,-0.0018655521987780625,0.9812632474272199
2006-12-28,0.05,0.12,0.533021601714903,0.29697839828509687,-0.001176017887582602,0.9801092642958181
2006-12-29,0.05,0.12,0.7159456852061207,0.11405431479387923,-0.0005179377780973385,0.9796016286811761
2007-01-03,0.05,0.12,0.83,0.0,0.001472087677162269,0.9810436881672858
2007-01-04,0.05,0.12,0.83,0.0,0.0017598202677792639,0.9827701487332996
2007-01-05,0.05,0.12,0.83,0.0,-0.0011833684058325967,0.9816071695890932
2007-01-08,0.05,0.12,0.83,0.0,-0.0004922894424674229,0.9811239347428542
2007-01-09,0.05,0.12,0.83,0.0,0.00015303289432025302,0.9812740789782748
2007-01-10,0.05,0.12,0.83,0.0,-0.0007506150029279445,0.9805375199326094
2007-01-11,0.05,0.12,0.83,0.0,-0.001925175323955508,0.9786498132950225
2007-01-12,0.05,0.12,0.83,0.0,-0.0011178240364478332,0.9775558550104563
2007-01-16,0.05,0.12,0.8299999999999998,0.0,0.0009664577994931433,0.9785006214909714
2007-01-17,0.05,0.12,0.8299999999999998,0.0,-0.0011293101561987637,0.9773955908012748
2007-01-18,0.05,0.12,0.8300000000000001,0.0,0.00122575819803268,0.9785936414594204
2007-01-19,0.05,0.12,0.83,0.0,-0.0008238213399503248,0.9777874551344464
2007-01-22,0.05,0.12,0.8300000000000001,0.0,0.00047128797948460256,0.9782482746085421
2007-01-23,0.05,0.12,0.8299999999999998,0.0,-0.001153922542204563,0.9771194518725986
2007-01-24,0.05,0.12,0.83,0.0,8.251473477408843e-05,0.9772000786250125
2007-01-25,0.88,0.12,0.0,0.0,-0.001886589413606069,0.9753565033017034
2007-01-26,0.88,0.12,0.0,0.0,-0.00011778563015311327,0.9752416203213381
2007-01-29,0.88,0.12,0.0,0.0,2.3580271173102573e-05,0.9752646167832044
2007-01-30,0.88,0.12,0.0,0.0,-0.0001178781925343797,0.9751496543529352
2007-01-31,0.88,0.12,0.0,0.0,-0.00014159292035399227,0.9750115800655932
2007-02-01,0.88,0.12,0.0,0.0,0.00017720023626699444,0.9751843523479439
2007-02-02,0.05,0.12,0.8300000000000001,0.0,4.7183721616042005e-05,0.9752303651749494
2007-02-05,0.05,0.12,0.83,0.0,0.0008846627975717692,0.9760931151980821
2007-02-06,0.05,0.12,0.83,0.0,0.0016497913291159128,0.9777034651559458
2007-02-07,0.05,0.12,0.8300000000000001,0.0,0.0012117123428422127,0.9788881605123148
2007-02-08,0.05,0.12,0.8299999999999998,0.0,0.0001644867221561075,0.9790491746171949
2007-02-09,0.05,0.12,0.8300000000000001,0.0,-0.0017972480125876442,0.9772895804338886
2007-02-12,0.88,0.12,0.0,0.0,-0.0006001565548722733,0.9767030536861828
2007-02-13,0.88,0.12,0.0,0.0,1.1756637601658681e-05,0.9767145364300295
2007-02-14,0.05,0.12,0.8300000000000001,0.0,0.00021159874608151164,0.9769212080012177
2007-02-15,0.05,0.12,0.83,0.0,0.0012446561527444699,0.978137138993503
2007-02-16,0.05,0.12,0.8300000000000001,0.0,0.0005980400536970353,0.9787221041806298
2007-02-20,0.05,0.12,0.8300000000000001,0.0,0.00043365583620238904,0.9791465327331279
2007-02-21,0.05,0.12,0.83,0.0,-0.0003281033015919155,0.9788252715229958
2007-02-22,0.05,0.12,0.83,0.0,-0.001383123040495151,0.9774714357373334
2007-02-23,0.05,0.12,0.83,0.0,0.0018668943540818006,0.9792962716419877
2007-02-26,0.05,0.12,0.8300000000000001,0.0,0.0017921808219310974,0.981051347639013
2007-02-27,0.05,0.12,0.8300000000000001,0.0,0.0035420271105267133,0.9845262581091692
2007-02-28,0.05,0.12,0.6046325037068325,0.22536749629316752,-0.0012927071709027227,0.9832535539553694
2007-03-01,0.05,0.12,0.6046325037068325,0.22536749629316752,-0.00016720677480179177,0.9830891472998001
2007-03-02,0.05,0.12,0.6046325037068325,0.22536749629316752,0.0012973957883448102,0.9843646030190745
2007-03-05,0.05,0.12,0.6046325037068325,0.22536749629316752,-0.0010143851558758533,0.9833660781778023
2007-03-06,0.05,0.12,0.6046325037068325,0.22536749629316752,-0.0005146975329377455,0.9828599420833896
2007-03-07,0.05,0.12,0.6046325037068325,0.22536749629316752,0.0012779728731587754,0.9841160104274864
2007-03-08,0.05,0.12,0.6046325037068325,0.22536749629316752,0.0001560680247784137,0.9842695994693867
2007-03-09,0.05,0.12,0.6046325037068325,0.22536749629316752,-0.003040484297173773,0.9812769432080146
2007-03-12,0.05,0.12,0.6046325037068325,0.22536749629316752,0.0013989722189729904,0.9826497223906813
2007-03-13,0.05,0.12,0.6046325037068325,0.22536749629316752,0.002020442342303804,0.9846351094974525
2007-03-14,0.05,0.12,0.6046325037068325,0.22536749629316752,-0.0010310194813683785,0.9836199315175213
2007-03-15,0.05,0.12,0.6046325037068325,0.22536749629316752,-0.0006677870529055666,0.982963082862274
2007-03-16,0.05,0.12,0.6046325037068325,0.22536749629316752,-0.0005761493456996037,0.982396749325236
2007-03-19,0.05,0.12,0.6046325037068325,0.22536749629316752,-0.0008662122228736814,0.9815457852532592
2007-03-20,0.05,0.12,0.6046325037068325,0.22536749629316752,0.000606568277946109,0.9821411597899455
2007-03-21,0.05,0.12,0.6046325037068325,0.22536749629316752,0.0015574010044264444,0.9836707474186909
2007-03-22,0.05,0.12,0.6046325037068325,0.22536749629316752,-0.002011567463180859,0.9816920273487006
2007-03-23,0.05,0.12,0.6046325037068325,0.22536749629316752,-0.0008565984747554087,0.9808511114553943
2007-03-26,0.05,0.12,0.6046325037068325,0.22536749629316752,0.0009991390644455097,0.9818311181172541
2007-03-27,0.05,0.12,0.6046325037068325,0.22536749629316752,-0.0007066108911095364,0.9811373455559621
2007-03-28,0.05,0.12,0.6046325037068325,0.22536749629316752,-0.00023795349057439892,0.9809038804998541
2007-03-29,0.05,0.12,0.6046325037068325,0.22536749629316752,-0.0007144656999683537,0.9802030583222711
2007-03-30,0.05,0.12,0.5855228044521924,0.24447719554780759,-0.0005532504062095028,0.9796607605820865
2007-04-02,0.05,0.12,0.83,0.0,8.078629880950975e-05,0.9797399037490229
2007-04-03,0.05,0.12,0.83,0.0,-0.001065153010858758,0.9786963308406862
2007-04-04,0.05,0.12,0.83,0.0,0.0005035400997948325,0.9791891436887865
2007-04-05,0.05,0.12,0.83,0.0,-0.0009018174634531428,0.9783060938189841
2007-04-09,0.05,0.12,0.83,0.0,-0.0028843373847213306,0.9754843289788813
2007-04-10,0.05,0.12,0.8300000000000001,0.0,0.001106043688060112,0.9765632572637499
2007-04-11,0.05,0.12,0.8300000000000001,0.0,-0.0004699195255161126,0.97610435112126
2007-04-12,0.05,0.12,0.8300000000000001,0.0,-8.23004462071697e-05,0.976024017297618
2007-04-13,0.05,0.12,0.83,0.0,-0.0009641183866839388,0.9750830145966962
2007-04-16,0.05,0.12,0.83,0.0,0.0007653645959740451,0.9758293086142041
2007-04-17,0.05,0.12,0.83,0.0,0.0020116463988495378,0.9777923321287697
2007-04-18,0.05,0.12,0.83,0.0,0.0015025283708430637,0.9792614928485859
2007-04-19,0.05,0.12,0.83,0.0,-0.00035129010370551605,0.9789174879772083
2007-04-20,0.05,0.12,0.83,0.0,0.000199576673174624,0.9791128570727713
2007-04-23,0.05,0.12,0.83,0.0,0.0008909256092781059,0.979985173791511
2007-04-24,0.05,0.12,0.83,0.0,0.0012531437996816197,0.9812132361358278
2007-04-25,0.05,0.12,0.83,0.0,-0.0009822485207101194,0.9802494408861321
2007-04-26,0.05,0.12,0.83,0.0,-0.0015570695102685226,0.9787231243692704
2007-04-27,0.05,0.12,0.83,0.0,-0.00036359020788299663,0.9783672702250211
2007-04-30,0.05,0.12,0.55003361003869,0.2799663899613099,0.002534487268030516,0.9808469296148641
2007-05-01,0.05,0.12,0.55003361003869,0.2799663899613099,-0.0005790894496689004,0.980278931506184
2007-05-02,0.05,0.12,0.55003361003869,0.2799663899613099,-0.00028032649347138746,0.9800041333506909
2007-05-03,0.05,0.12,0.55003361003869,0.2799663899613099,-0.0011506959820726922,0.9788764465320297
2007-05-04,0.05,0.12,0.55003361003869,0.2799663899613099,0.0012095000773425964,0.980060397669819
2007-05-07,0.05,0.12,0.55003361003869,0.2799663899613099,2.3430635555978794e-05,0.9800833611078197
2007-05-08,0.05,0.12,0.55003361003869,0.2799663899613099,0.00021870980979899802,0.9802977149533147
2007-05-09,0.05,0.12,0.55003361003869,0.2799663899613099,-0.0015481205366070687,0.9787800959288065
2007-05-10,0.05,0.12,0.55003361003869,0.2799663899613099,0.0009362330033829697,0.9796964621576696
2007-05-11,0.05,0.12,0.55003361003869,0.2799663899613099,-0.0006843849162569828,0.9790259726764585
2007-05-14,0.05,0.12,0.55003361003869,0.2799663899613099,-0.0005761467599623251,0.978461910034382
2007-05-15,0.05,0.12,0.55003361003869,0.2799663899613099,-0.0006269013060915421,0.9778485109850206
2007-05-16,0.05,0.12,0.83,0.0,0.00014146286742067367,0.9779868402392876
2007-05-17,0.88,0.12,0.0,0.0,-0.0018788535848713206,0.9761493461585471
2007-05-18,0.88,0.12,0.0,0.0,-2.3419203747079288e-05,0.9761264855181219
2007-05-21,0.88,0.12,0.0,0.0,5.855943782940187e-05,0.9761836469363643
2007-05-22,0.88,0.12,0.0,0.0,-2.3412350014644366e-05,0.9761607921831436
2007-05-23,0.88,0.12,0.0,0.0,-1.1708459361874368e-05,0.9761493628441776
2007-05-24,0.88,0.12,0.0,0.0,-2.3419203747079288e-05,0.9761265022033616
2007-05-25,0.88,0.12,0.0,0.0,-5.855943782938855e-05,0.9760693407841422
2007-05-29,0.88,0.12,0.0,0.0,-3.515281710770424e-05,0.9760350291971212
2007-05-30,0.88,0.12,0.0,0.0,-0.0001054893533893253,0.9759320678930059
2007-05-31,0.88,0.12,0.0,0.0,-3.519405611496662e-05,0.9758977208850441
2007-06-01,0.88,0.12,0.0,0.0,-4.6939174652855796e-05,0.9758519130514802
2007-06-04,0.88,0.12,0.0,0.0,-4.695754255526818e-05,0.9758060894437455
2007-06-05,0.88,0.12,0.0,0.0,-9.395184967706083e-05,0.975714410656716
2007-06-06,0.88,0.12,0.0,0.0,-0.00019980411361409268,0.9755194589037542
2007-06-07,0.88,0.12,0.0,0.0,-0.0005062297655253633,0.975025621916808
2007-06-08,0.88,0.12,0.0,0.0,-0.0002364532019704457,0.9747950739865026
2007-06-11,0.88,0.12,0.0,0.0,0.0,0.9747950739865026
2007-06-12,0.1,0.0,0.0,0.9,-0.00040276406712735024,0.974402461557888
2007-06-13,0.1,0.0,0.0,0.9,0.0009106546595163634,0.9752898056997499
2007-06-14,0.1,0.0,0.0,0.9,-0.0005458404932780492,0.9747574530311176
2007-06-15,0.1,0.0,0.0,0.9,0.0016385152220085963,0.9763546079556754
2007-06-18,0.1,0.0,0.0,0.9,0.000817768803634511,0.9771530402953464
2007-06-19,0.1,0.0,0.0,0.9,0.0019063949969738258,0.9790158799626432
2007-06-20,0.1,0.0,0.0,0.9,-0.0010870659285353579,0.9779516251560407
2007-06-21,0.1,0.0,0.0,0.9,-0.0006348886425477041,0.9773307347762681
2007-06-22,0.1,0.0,0.0,0.9,0.0009983864461476255,0.9783064885352721
2007-06-25,0.1,0.0,0.0,0.9,0.0019038984587488761,0.9801690847509785
2007-06-26,0.1,0.0,0.0,0.9,-0.0008142340168878049,0.9793709977398725
2007-06-27,0.1,0.0,0.0,0.9,0.0009055236945366696,0.9802578413840678
2007-06-28,0.1,0.0,0.0,0.9,-0.001809227057995666,0.9784843323736233
2007-06-29,0.1,0.0,0.0,0.9,0.0025380199415852233,0.9809677451217163
2007-07-02,0.1,0.0,0.0,0.9,0.0008134980415789083,0.9817657604612248
2007-07-03,0.1,0.0,0.0,0.9,-0.0014449127031907927,0.9803471946423765
2007-07-05,0.1,0.0,0.0,0.9,-0.0030753768844221318,0.9773322575412652
2007-07-06,0.1,0.0,0.0,0.9,-0.0010891488503427915,0.9762677972365611
2007-07-09,0.1,0.0,0.0,0.9,0.00099959612277869,0.9772436707414724
2007-07-10,0.1,0.0,0.0,0.9,0.003721633888048448,0.9808806139033847
2007-07-11,0.1,0.0,0.0,0.9,-0.0009943752511048065,0.9799052504966307
2007-07-12,0.1,0.0,0.0,0.9,-0.0014479638009049724,0.9784863831655949
2007-07-13,0.1,0.0,0.0,0.9,0.00027193070802682405,0.9787524636605637
2007-07-16,0.1,0.0,0.0,0.9,0.0018123238018526112,0.9805262800465776
2007-07-17,0.1,0.0,0.0,0.9,-0.0011756430868167024,0.9793735311039987
2007-07-18,0.1,0.0,0.0,0.9,0.002354361605795341,0.9816793305433621
2007-07-19,0.1,0.0,0.0,0.9,-0.0005418966382338075,0.981147361814317
2007-07-20,0.1,0.0,0.0,0.9,0.002259262978210619,0.9833640317250331
2007-07-23,0.1,0.0,0.0,0.9,-0.0004507211538460898,0.9829208087540032
2007-07-24,0.1,0.0,0.0,0.9,0.000992083375087738,0.983895948147396
2007-07-25,0.1,0.0,0.0,0.9,0.0011711711711711148,0.9850482587172983
2007-07-26,0.1,0.0,0.0,0.9,0.004948515445366431,0.9899227852399921
2007-07-27,0.1,0.0,0.0,0.9,-0.00026844303042350415,0.989657047367637
2007-07-30,0.1,0.0,0.0,0.9,-0.0007160616608652082,0.988948391898612
2007-07-31,0.05,0.0,0.0,0.95,0.0006270528515976093,0.9895685148078349
2007-08-01,0.05,0.0,0.0,0.95,0.00018897951064245078,0.9897555229815105
2007-08-02,0.05,0.0,0.0,0.95,-9.44709626094553e-05,0.9896620198245063
2007-08-03,0.05,0.0,0.0,0.95,0.0023620089507707443,0.9919996103735697
2007-08-06,0.05,0.0,0.0,0.95,-0.0011309523809522714,0.990877706052314
2007-08-07,0.05,0.0,0.0,0.95,-0.000754866905045759,0.9901297252650674
2007-08-08,0.05,0.0,0.0,0.95,-0.003871769383697815,0.9862961713088969
2007-08-09,0.1,0.0,0.0,0.9,0.0034135143227868037,0.9896629074161695
2007-08-10,0.1,0.0,0.0,0.9,0.0006265539532571696,0.990282984623203
2007-08-13,0.1,0.0,0.0,0.9,8.944543828264262e-05,0.9903715609187865
2007-08-14,0.1,0.0,0.0,0.9,0.0016098578952599806,0.9919659183953725
2007-08-15,0.05,0.0,0.0,0.95,0.0018748140065468545,0.9938256699931972
2007-08-16,0.05,0.0,0.0,0.95,0.005078202336171123,0.9988725178323035
2007-08-17,0.05,0.0,0.0,0.95,-0.001964356045687349,0.9969103765630286
2007-08-20,0.05,0.0,0.0,0.95,0.0014997533300445398,0.9984054962200349
2007-08-21,0.05,0.0,0.0,0.95,0.0018717367747019152,1.0002742485033744
2007-08-22,0.05,0.0,0.0,0.95,-0.0019614590502408324,0.9983122515259246
2007-08-23,0.05,0.0,0.0,0.95,-0.0007487684729063693,0.9975647467858658
2007-08-24,0.05,0.0,0.0,0.95,-0.0018733977519227506,0.9956959112318398
2007-08-27,0.05,0.0,0.0,0.95,0.0010324046631100536,0.9967238723336351
2007-08-28,0.05,0.0,0.0,0.95,0.003750123359321,1.0004617098100663
2007-08-29,0.05,0.0,0.0,0.95,-0.0009338444903176034,0.9995274341545864
2007-08-30,0.05,0.0,0.0,0.95,0.001963003050280432,1.001489509556671
2007-08-31,0.05,0.0,0.0,0.95,0.000559701492537279,1.0020500447299303
2007-09-04,0.05,0.0,0.0,0.95,-0.00018645731108935524,1.001863205173013
2007-09-05,0.05,0.0,0.0,0.95,0.003729878288182131,1.0056000329897163
2007-09-06,0.05,0.0,0.0,0.95,-0.001300351974970687,1.0042923990007875
2007-09-07,0.05,0.0,0.11220085493825754,0.8377991450617425,0.005394556491090552,1.00971011108077
2007-09-10,0.05,0.0,0.11661349518382226,0.8333865048161776,0.0012792429696114507,1.0110017756417156
2007-09-11,0.05,0.0,0.0,0.95,-0.00222283635987247,1.0087544841349236
2007-09-12,0.05,0.0,0.0,0.95,-0.0014809041309430393,1.007260615452261
2007-09-13,0.05,0.0,0.0,0.95,-0.0027810304449648214,1.0044593930146744
2007-09-14,0.05,0.0,0.0,0.95,0.0005578391074572586,1.0050197197459507
2007-09-17,0.05,0.0,0.0,0.95,-0.0004645931142409687,1.0045527945044803
2007-09-18,0.05,0.0,0.0,0.95,0.0010226049515608237,1.005580055166245
2007-09-19,0.05,0.0,0.0,0.95,-0.0008357771260997903,1.0047396143576748
2007-09-20,0.05,0.0,0.0,0.95,-0.004368457098131301,1.0003504524575604
2007-09-21,0.05,0.0,0.0,0.95,0.0012138785138589901,1.0015647563781276
2007-09-24,0.05,0.0,0.0,0.95,0.00018651222145872335,1.0017515604457745
2007-09-25,0.05,0.0,0.0,0.95,0.0010256158602415133,1.0027789727341894
2007-09-26,0.05,0.0,0.0,0.95,0.00027941176470583915,1.0030591609765709
2007-09-27,0.05,0.0,0.0,0.95,0.0012104283054002794,1.004273292177008
2007-09-28,0.05,0.0,0.0,0.95,-0.00018598277212209522,1.0040865146461606
2007-10-01,0.05,0.0,0.05,0.9,-0.0002790287840219396,1.003806345606926
2007-10-02,0.05,0.0,0.058155207509155926,0.891844792490844,0.0009514584540024296,1.004761425640635
2007-10-03,0.05,0.0,0.0,0.95,-0.0006340409672545075,1.0041243657344618
2007-10-04,0.05,0.0,0.05,0.8999999999999999,0.00046504797336975877,1.0045913317357578
2007-10-05,0.05,0.0,0.0,0.95,-0.00400677768475301,1.0005661576054627
2007-10-08,0.05,0.0,0.0,0.95,0.0,1.0005661576054627
2007-10-09,0.05,0.0,0.0,0.95,-0.0007468553459119231,0.9998188794217165
2007-10-10,0.05,0.0,0.0,0.95,-0.00018686073957528414,0.9996320525264665
2007-10-11,0.05,0.0,0.0,0.95,-0.00037379500295093844,0.9992583950604425
2007-10-12,0.05,0.0,0.0,0.95,-0.0013087974808108748,0.9979505681903081
2007-10-15,0.05,0.0,0.0,0.95,0.0005616870319275602,0.9985111040829654
2007-10-16,0.05,0.0,0.0,0.95,0.0014033878274570142,0.9999124024120162
2007-10-17,0.05,0.0,0.05,0.8999999999999999,0.004203953191070897,1.0041159873469276
2007-10-18,0.05,0.0,0.06921400907816844,0.8807859909218314,0.001935138724155094,1.006059091077586
2007-10-19,0.05,0.0,0.1963484465722351,0.7536515534277648,0.003359782759169717,1.0094392310664946
2007-10-22,0.05,0.0,0.184400925103373,0.765599074896627,-0.0004537390421783384,1.0089812090766532
2007-10-23,0.05,0.0,0.20247799615795958,0.7475220038420405,3.660927637551685e-05,1.009018147148594
2007-10-24,0.05,0.0,0.22186199304542795,0.728138006954572,0.0026337047756194894,1.011675603061426
2007-10-25,0.05,0.0,0.18180301162526002,0.7681969883747399,-0.0008024658363033178,1.0108637679525476
2007-10-26,0.05,0.0,0.1396935655666203,0.8103064344333797,-0.001148160487799033,1.0097031341156368
2007-10-29,0.05,0.0,0.12804538340181784,0.8219546165981821,-0.00035695591369357425,1.0093427146108394
2007-10-30,0.05,0.0,0.1231315387754128,0.8268684612245872,-0.00011814617047228836,1.009223464634414
2007-10-31,0.05,0.0,0.0,0.95,-0.0036649794136547464,1.0055246814127516
2007-11-01,0.05,0.0,0.18203764254368002,0.7679623574563199,0.004177252296267275,1.0097250116971366
2007-11-02,0.05,0.0,0.20747532853300515,0.7425246714669949,0.003309335559425312,1.013066530583587
2007-11-05,0.05,0.0,0.14352710313939024,0.8064728968606097,-0.0013879925034089849,1.0116604018336826
2007-11-06,0.05,0.0,0.09928204974257197,0.8507179502574279,-0.001160359790842607,1.010486511781407
2007-11-07,0.05,0.0,0.10497031940641556,0.8450296805935844,0.0016922363892666542,1.0121964938275065
2007-11-08,0.05,0.0,0.13224332246923634,0.8177566775307635,0.0028200870858391034,1.015050976088081
2007-11-09,0.05,0.0,0.13794546151500883,0.812054538484991,0.0012774890115823724,1.0163476925562294
2007-11-12,0.05,0.0,0.16024942571920606,0.7897505742807939,0.0,1.0163476925562294
2007-11-13,0.05,0.0,0.05999092526175522,0.8900090747382448,-0.0024020726039809728,1.0139063516078208
2007-11-14,0.05,0.0,0.0,0.95,-0.0003981730050879152,1.0135026414689234
2007-11-15,0.05,0.0,0.12429769999262477,0.8257023000073751,0.004780336752467651,1.0183475253946603
2007-11-16,0.05,0.0,0.10732141979830014,0.8426785802016998,0.00028098314632550955,1.0186336638863986
2007-11-19,0.05,0.0,0.16589914297390193,0.7841008570260981,0.0029109466216425467,1.0215988521089803
2007-11-20,0.05,0.0,0.1799413569827613,0.7700586430172386,0.0009684965542135524,1.0225882670770363
2007-11-21,0.05,0.0,0.1704665552561411,0.7795334447438589,0.0023871273796616022,1.0250293155274965
2007-11-23,0.05,0.0,0.17973306226036578,0.7702669377396342,-0.0009641685260326836,1.0240410145232042
2007-11-26,0.05,0.0,0.2359114554057091,0.7140885445942909,0.005323864620006026,1.0294928702498594
2007-11-27,0.05,0.0,0.19545260901216474,0.7545473909878352,-0.0035638503765177505,1.025823911696597
2007-11-28,0.05,0.0,0.1532779960680102,0.7967220039319898,-0.003587793095554035,1.0221434677489578
2007-11-29,0.05,0.0,0.18245141448519828,0.7675485855148018,0.0029299568038473754,1.0251383039567972
2007-11-30,0.05,0.0,0.20171127251312715,0.7482887274868728,0.0008062485141962175,1.025964820191208
2007-12-03,0.05,0.0,0.21296391201099865,0.7370360879890013,0.0036150629545964024,1.0296737476054003
2007-12-04,0.05,0.0,0.21173414673244365,0.7382658532675563,8.393309964292736e-05,1.0297601713146578
2007-12-05,0.05,0.0,0.20122325324671353,0.7487767467532865,-0.00041226522505838044,1.0293356370058746
2007-12-06,0.05,0.0,0.13946259282231913,0.8105374071776807,-0.003406058143185139,1.02582965997738
2007-12-07,0.05,0.0,0.05,0.8999999999999998,-0.004535006639470957,1.0211775156584164
2007-12-10,0.05,0.0,0.05,0.9,-0.0010232233987932935,1.0201326229300731
2007-12-11,0.05,0.0,0.17860967449830278,0.7713903255016972,0.006162258409661814,1.0264189437646944
2007-12-12,0.05,0.0,0.11627901377841633,0.8337209862215836,-0.0036113499669220075,1.0227121857460817
2007-12-13,0.05,0.0,0.05,0.8999999999999999,-0.00309495058418098,1.019546942069358
2007-12-14,0.05,0.0,0.0,0.95,-0.002669068622395104,1.0168257013172217
2007-12-17,0.05,0.0,0.0,0.95,0.0015536315536315735,1.0184054738113317
2007-12-18,0.05,0.0,0.06461218277789528,0.8853878172221047,0.002372262773722489,1.0208213992054096
2007-12-19,0.05,0.0,0.06916511207703666,0.8808348879229633,0.0015582435094128055,1.0224120875249911
2007-12-20,0.05,0.0,0.08085802718834713,0.8691419728116527,0.0017111623037422625,1.0241616005480543
2007-12-21,0.05,0.0,0.0,0.95,-0.004988395342654597,1.0190526775897546
2007-12-24,0.05,0.0,0.0,0.95,-0.0015499040307101418,1.0174732437372522
2007-12-26,0.05,0.0,0.0,0.95,-0.002648274536191558,1.0147786952546067
2007-12-27,0.05,0.0,0.0,0.95,0.0027472527472528485,1.0175665488129986
2007-12-28,0.05,0.0,0.05,0.8999999999999998,0.0038350634371393743,1.0214689810792075
2007-12-31,0.05,0.0,0.10518483685115762,0.8448151631488424,0.0012698961004534157,1.022766140555014
2008-01-02,0.05,0.0,0.22621506965338142,0.7237849303466186,0.005639620661683064,1.0285341536133579
2008-01-03,0.05,0.0,0.2192020629931539,0.730797937006846,0.00011688332639456795,1.0286543721065424
2008-01-04,0.05,0.0,0.2304972145135802,0.7195027854864198,0.0025390166364828476,1.0312661426705119
2008-01-07,0.05,0.0,0.2375685508283206,0.7124314491716793,2.2649614524547764e-05,1.0312895004511156
2008-01-08,0.05,0.0,0.23105585508567453,0.7189441449143255,0.00010863757569015956,1.0314015372422793
2008-01-09,0.05,0.0,0.23514378812216225,0.7148562118778378,0.0016119948381917674,1.0330641511964171
2008-01-10,0.05,0.0,0.17577760189179567,0.7742223981082043,-0.0028422994850090676,1.0301278734914903
2008-01-11,0.05,0.0,0.22416477759079567,0.7258352224092043,0.0033004556490850677,1.0335277648508352
2008-01-14,0.05,0.0,0.21755116216660655,0.7324488378333934,0.0003849609727774452,1.0339256327045847
2008-01-15,0.05,0.0,0.23976630147146347,0.7102336985285365,0.0024687593134525526,1.0364781462397414
2008-01-16,0.05,0.0,0.21925943093827663,0.7307405690617234,5.9065528821131814e-05,1.0365393663695606
2008-01-17,0.05,0.0,0.24196119484703904,0.7080388051529609,0.002380173801596741,1.0390065102137171
2008-01-18,0.05,0.0,0.240287033881718,0.7097129661182818,0.0007790143368936867,1.0398159111812997
2008-01-22,0.05,0.0,0.25839669009189375,0.6916033099081061,0.006853153253981257,1.0469419289765534
2008-01-23,0.05,0.0,0.2739019350662446,0.6760980649337552,0.0019745687527361155,1.0490091877954397
2008-01-24,0.05,0.0,0.22181778041192582,0.7281822195880742,-0.008137385316517637,1.040472995833781
2008-01-25,0.05,0.0,0.24246664879242544,0.7075333512075744,0.0018638177193621567,1.0424122478399338
2008-01-28,0.05,0.0,0.24769022727562293,0.702309772724377,-6.616171228794742e-05,1.0423432800607069
2008-01-29,0.05,0.0,0.22888860584792003,0.7211113941520798,-0.0027486700795425695,1.0394782222741916
2008-01-30,0.05,0.0,0.19688903940776745,0.7531109605922326,-0.002209269733174561,1.0371817344994272
2008-01-31,0.05,0.0,0.21107760103759146,0.7389223989624085,0.003796710274384566,1.0411196130472051
2008-02-01,0.05,0.0,0.24712677599730204,0.7028732240026978,0.0020132393898461805,1.0432156360617333
2008-02-04,0.05,0.0,0.23384939206225303,0.716150607937747,-0.0009616916469020762,1.042212384298615
2008-02-05,0.05,0.0,0.2610624836662675,0.6889375163337325,0.0030600387815685353,1.0454015946131998
2008-02-06,0.05,0.0,0.24854386115234753,0.7014561388476525,-0.0006022476623199807,1.0447720039466584
2008-02-07,0.05,0.0,0.1856795520376445,0.7643204479623554,-0.0035974290406678,1.041013510798784
2008-02-08,0.05,0.0,0.22822202966225083,0.7217779703377492,0.002622881060785482,1.04374396542028
2008-02-11,0.05,0.0,0.23490079212463083,0.7150992078753692,0.0008530362956184818,1.0446343169061163
2008-02-12,0.05,0.0,0.19381829937837222,0.7561817006216277,-0.00234038463203267,1.0421894708047352
2008-02-13,0.05,0.0,0.1784825162768252,0.7715174837231747,0.0005518289172172373,1.0427645810919446
2008-02-14,0.05,0.0,0.11556021419633006,0.8344397858036698,-0.0030591330126196027,1.0395746255375358
2008-02-15,0.05,0.0,0.11477089624551051,0.8352291037544894,0.0005145559702985929,1.040109544867677
2008-02-19,0.05,0.0,0.0,0.95,-0.004040897494754318,1.0359065688135511
2008-02-20,0.05,0.0,0.0,0.95,-0.00241048773611498,1.033409528733665
2008-02-21,0.05,0.0,0.05,0.9,0.005370265686828679,1.0389592124662652
2008-02-22,0.05,0.0,0.0,0.95,-0.0002826805580181502,1.0386655188963272
2008-02-25,0.05,0.0,0.0,0.95,-0.004362290319557599,1.0341345583579875
2008-02-26,0.05,0.0,0.0,0.95,0.001878177367727507,1.0360768464806802
2008-02-27,0.05,0.0,0.0,0.95,0.0006248238278680152,1.0367242119818638
2008-02-28,0.05,0.0,0.05939088743786256,0.8906091125621373,0.004727699530516538,1.0416255325521255
2008-02-29,0.05,0.0,0.12480559907913845,0.8251944009208614,0.0080907408535133,1.0500530548024076
2008-03-03,0.05,0.0,0.09699322683402165,0.8530067731659784,0.00017077780890041745,1.050232380562336
2008-03-04,0.05,0.0,0.05962344240985386,0.8903765575901462,-0.0011145098080775787,1.0490618862734384
2008-03-05,0.05,0.0,0.0,0.95,-0.0030766929418454135,1.0458342449723819
2008-03-06,0.05,0.0,0.05,0.9,0.0027380066939382774,1.048697746135866
2008-03-07,0.05,0.0,0.08658812681632055,0.8634118731836794,0.0028278372269335272,1.0516632926621903
2008-03-10,0.05,0.0,0.06127534788577139,0.8887246521142286,0.002505615379835029,1.0542983563826926
2008-03-11,0.05,0.0,0.0,0.95,-0.007636314992418598,1.0462474020373653
2008-03-12,0.05,0.0,0.0,0.95,0.004059451927542945,1.0504945930702527
2008-03-13,0.05,0.0,0.0,0.95,-0.0005272407732865303,1.049940729488669
2008-03-14,0.05,0.0,0.05,0.9,0.005890791300323983,1.0561257112037965
2008-03-17,0.05,0.0,0.05,0.9,0.0036893172768254325,1.0600220940366403
2008-03-18,0.05,0.0,0.0,0.95,-0.006319945069894445,1.0533228126294543
2008-03-19,0.05,0.0,0.0,0.95,0.0032417227704509386,1.0567373931757906
2008-03-20,0.05,0.0,0.0,0.95,-8.731617647050882e-05,1.056645122907085
2008-03-24,0.05,0.0,0.0,0.95,-0.008121150841070028,1.0480639484784755
2008-03-25,0.05,0.0,0.0,0.95,0.0003523085481179522,1.0484331903664985
2008-03-26,0.05,0.0,0.0,0.95,0.0008804448563484168,1.0493562779761816
2008-03-27,0.05,0.0,0.0,0.95,-0.0008796296296295913,1.0484332331020358
2008-03-28,0.05,0.0,0.0,0.95,0.0016728452270619919,1.0501870996319238
2008-03-31,0.05,0.0,0.0,0.95,-0.0011425663798686812,1.0489871911593125
2008-04-01,0.05,0.0,0.0,0.95,-0.005367728788440184,1.0433565124146216
2008-04-02,0.05,0.0,0.0,0.95,-0.002389380530973373,1.0408635366769938
2008-04-03,0.05,0.0,0.0,0.95,-0.000887187149794516,1.0399400959225644
2008-04-04,0.05,0.0,0.0,0.95,0.003552065806692772,1.0436340315782997
2008-04-07,0.05,0.0,0.0,0.95,-0.0033618923449431626,1.0401254463166143
2008-04-08,0.05,0.0,0.0,0.95,0.0003551401869158921,1.0404948366620352
2008-04-09,0.05,0.0,0.0,0.95,0.004082585949177775,1.0447427462623837
2008-04-10,0.05,0.0,0.0,0.95,-0.0025627906976744552,1.0420652892707998
2008-04-11,0.05,0.0,0.0,0.95,0.00212666728849934,1.0442814154339726
2008-04-14,0.05,0.0,0.0,0.95,-0.0007073057235923719,1.043542789211795
2008-04-15,0.05,0.0,0.0,0.95,-0.0015926236378877522,1.041880818298549
2008-04-16,0.05,0.0,0.0,0.95,-0.00558354324097397,1.0360634316976378
2008-04-17,0.05,0.0,0.0,0.95,-0.0025853978978979284,1.033384795479238
2008-04-18,0.05,0.0,0.0,0.95,-0.0015197139362002898,1.0318143462040905
2008-04-21,0.05,0.0,0.0,0.95,0.0007163053722904489,1.0325534403634828
2008-04-22,0.05,0.0,0.0,0.95,-0.0008947071011490892,1.0316296074680738
2008-04-23,0.05,0.0,0.0,0.95,-0.00026866515837103977,1.0313524445362032
2008-04-24,0.05,0.0,0.0,0.95,-0.004479019330504458,1.0267329970005625
2008-04-25,0.05,0.0,0.0,0.95,-0.0014400757934627305,1.0252544236652326
2008-04-28,0.05,0.0,0.0,0.95,0.0013521206945630749,1.0266406913886625
2008-04-29,0.05,0.0,0.0,0.95,0.0006300928557892438,1.027287570353769
2008-04-30,0.05,0.0,0.0,0.95,0.0008995360287850751,1.0282116525352254
2008-05-01,0.05,0.0,0.0,0.95,-0.000898685081827566,1.0272876140621308
2008-05-02,0.05,0.0,0.0,0.95,-0.0034182369093835596,1.023776101623191
2008-05-05,0.1,0.0,0.0,0.9,0.0004513921885393457,1.024238226158277
2008-05-06,0.05,0.0,0.0,0.95,-0.0005984042553192403,1.0236253176452832
2008-05-07,0.1,0.0,0.0,0.9,0.001354433989164594,1.0250117505676715
2008-05-08,0.05,0.0,0.0,0.95,0.002648063781321186,1.0277260470597782
2008-05-09,0.05,0.0,0.0,0.95,0.0009889277940758224,1.0287423939124112
2008-05-12,0.05,0.0,0.0,0.95,-0.0008980903762525138,1.0278184902687955
2008-05-13,0.05,0.0,0.0,0.95,-0.0058431112793338735,1.0218128324551978
2008-05-14,0.1,0.0,0.0,0.9,-0.0018090069503951976,1.0199643659392834
2008-05-15,0.1,0.0,0.0,0.9,0.0030907183058284772,1.0231167884763845
2008-05-16,0.05,0.0,0.0,0.95,-0.00025667839148206805,1.0228541765048202
2008-05-19,0.1,0.0,0.0,0.9,0.0008130467858501244,1.0236858048054207
2008-05-20,0.1,0.0,0.0,0.9,0.0024798099762471273,1.0262243510767197
2008-05-21,0.05,0.0,0.0,0.95,-0.0023877202956224977,1.0237740143657919
2008-05-22,0.05,0.0,0.0,0.95,-0.004151624548736482,1.0195236890353923
2008-05-23,0.1,0.0,0.0,0.9,0.0031727099236641076,1.0227583419610053
2008-05-27,0.1,0.0,0.0,0.9,-0.002910128388017197,1.0197819838759832
2008-05-28,0.1,0.0,0.0,0.9,-0.003263047419139309,1.016454386905412
2008-05-29,0.1,0.0,0.0,0.9,-0.001982189026141934,1.0144395821741141
2008-05-30,0.1,0.0,0.0,0.9,0.0006909788867561772,1.0151405385072862
2008-06-02,0.1,0.0,0.0,0.9,0.0050920598388952245,1.0203096948742538
2008-06-03,0.1,0.0,0.0,0.9,0.002917898350338444,1.0232868548497618
2008-06-04,0.1,0.0,0.0,0.9,-0.0008554319931564525,1.0224115025359468
2008-06-05,0.1,0.0,0.0,0.9,-0.002654362096850904,1.019697652196231
2008-06-06,0.88,0.12,0.0,0.0,0.0030916030534350546,1.0228501525713416
2008-06-09,0.88,0.12,0.0,0.0,-0.00026613158728481243,1.0225779398366832
2008-06-10,0.1,0.0,0.0,0.9,-0.0003175275190516524,1.02225324320041
2008-06-11,0.88,0.12,0.0,0.0,0.00181835674427564,1.024112064279541
2008-06-12,0.1,0.0,0.0,0.9,-0.0001784197111299912,1.0239293425008675
2008-06-13,0.1,0.0,0.0,0.9,-0.0019128586609989395,1.021970710389814
2008-06-16,0.1,0.0,0.0,0.9,0.000435666569851767,1.0224159488636984
2008-06-17,0.1,0.0,0.0,0.9,0.0016547319527772332,1.0241077732033124
2008-06-18,0.1,0.0,0.0,0.9,0.0027818023761227773,1.0269566386402151
2008-06-19,0.1,0.0,0.0,0.9,-0.002599903707270057,1.0242866502682089
2008-06-20,0.1,0.0,0.0,0.9,0.002955094157411842,1.0273135137639315
2008-06-23,0.1,0.0,0.0,0.9,-0.0017326017903552039,1.0255335885307282
2008-06-24,0.1,0.0,0.0,0.9,0.0026907127013211965,1.0282930047830192
2008-06-25,0.1,0.0,0.0,0.9,0.0,1.0282930047830192
2008-06-26,0.1,0.0,0.0,0.9,0.004153846153846219,1.0325643757259642
2008-06-27,0.1,0.0,0.0,0.9,0.0011198315467074282,1.0337206738879083
2008-06-30,0.1,0.0,0.0,0.9,-0.0009463722397476282,1.0327423893384877
2008-07-01,0.1,0.0,0.0,0.9,-0.00034449760765553616,1.032386612056036
2008-07-02,0.1,0.0,0.0,0.9,0.0013785180930500963,1.0338097756797782
2008-07-03,0.1,0.0,0.0,0.9,0.0005161536991016291,1.0343433804196627
2008-07-07,0.1,0.0,0.0,0.9,0.001891478792510437,1.0362998189879
2008-07-08,0.1,0.0,0.0,0.9,0.0012011439466159013,1.0375445642423566
2008-07-09,0.1,0.0,0.0,0.9,0.0016279512566641063,1.03923363621956
2008-07-10,0.1,0.0,0.0,0.9,0.0005131616459184141,1.0397669310628161
2008-07-11,0.1,0.0,0.0,0.9,-0.005727039604900808,1.0338121446687532
2008-07-14,0.1,0.0,0.0,0.9,0.002838845345058361,1.0367469774633107
2008-07-15,0.1,0.0,0.0,0.9,0.0020581229156741323,1.038880730175384
2008-07-16,0.1,0.0,0.0,0.9,-0.0021389865956839673,1.0366585782190243
2008-07-17,0.1,0.0,0.0,0.9,-0.004373927958833546,1.0321243082799876
2008-07-18,0.1,0.0,0.0,0.9,-0.0017236426314277686,1.0303452948213032
2008-07-21,0.1,0.0,0.0,0.9,0.0,1.0303452948213032
2008-07-22,0.1,0.0,0.0,0.9,-0.0014679075122325802,1.0288328432228415
2008-07-23,0.1,0.0,0.0,0.9,-0.002162214107245808,1.0266082863352273
2008-07-24,0.1,0.0,0.0,0.9,0.005375204700895875,1.032126516021915
2008-07-25,0.1,0.0,0.0,0.9,-0.0029301924734272066,1.029102186673043
2008-07-28,0.1,0.0,0.0,0.9,0.003545009126717225,1.0327503633171236
2008-07-29,0.1,0.0,0.0,0.9,-0.0011196172248803427,1.0315940782213524
2008-07-30,0.1,0.0,0.0,0.9,-0.00025869502730669903,1.0313272099631174
2008-07-31,0.1,0.0,0.0,0.9,0.002070155261644513,1.0334622174132997
2008-08-01,0.1,0.0,0.0,0.9,0.001032702237521499,1.0345294761576163
2008-08-04,0.1,0.0,0.0,0.9,-0.0008595988538682265,1.0336401958056183
2008-08-05,0.1,0.0,0.0,0.9,-0.0007743785850859553,1.0328397669733023
2008-08-06,0.1,0.0,0.0,0.9,-0.0011195100947278935,1.0316834924279392
2008-08-07,0.1,0.0,0.0,0.9,0.004569840965702232,1.0363981219152751
2008-08-08,0.1,0.0,0.0,0.9,-0.001458392908207029,1.0348866462441948
2008-08-11,0.1,0.0,0.0,0.9,-0.0017185411495129644,1.0331081509575426
2008-08-12,0.1,0.0,0.0,0.9,0.003357566481729535,1.0365768802571993
2008-08-13,0.1,0.0,0.0,0.9,-0.0012008005336891058,1.0353321581861767
2008-08-14,0.1,0.0,0.0,0.9,0.0015459490409389653,1.0369327289431778
2008-08-15,0.1,0.0,0.0,0.9,0.0012860817376392885,1.038266309189032
2008-08-18,0.1,0.0,0.0,0.9,0.0012842465753423627,1.0395996991409016
2008-08-19,0.1,0.0,0.0,0.9,-0.00034197777144474585,1.0392441791525948
2008-08-20,0.1,0.0,0.0,0.9,0.0017960657607146492,1.0411107300397926
2008-08-21,0.1,0.0,0.0,0.9,-0.0017924886191198143,1.0392445509049528
2008-08-22,0.1,0.0,0.0,0.9,-0.0018815927017010515,1.0372891159426874
2008-08-25,0.1,0.0,0.0,0.9,0.0029140081896960267,1.040311784921627
2008-08-26,0.1,0.0,0.0,0.9,-0.0002562885619364241,1.040045164910304
2008-08-27,0.1,0.0,0.0,0.9,0.0007690846942650431,1.0408450477279807
2008-08-28,0.1,0.0,0.0,0.9,-0.0011099516174935765,1.0396897600836947
2008-08-29,0.1,0.0,0.0,0.9,-0.0004274316109421861,1.0392453638146621
2008-09-02,0.1,0.0,0.0,0.9,0.0036776584624155007,1.0430673533214212
2008-09-03,0.1,0.0,0.0,0.9,0.0015332197614992495,1.0446666048001083
2008-09-04,0.05,0.0,0.0,0.95,0.00170068027210879,1.0464432486858228
2008-09-05,0.05,0.0,0.0,0.95,-0.0014334213504339276,1.0449432545911392
2008-09-08,0.1,0.0,0.0,0.9,-0.0011664148092179305,1.0437244173041917
2008-09-09,0.05,0.0,0.0,0.95,0.0023829787234043386,1.0462115903837252
2008-09-10,0.05,0.0,0.0,0.95,-0.0013439592568141312,1.044805524632243
2008-09-11,0.05,0.0,0.0,0.95,0.0009869663770305404,1.0458367125555907
2008-09-12,0.05,0.0,0.0,0.95,-0.0029578262100197704,1.042743309315793
2008-09-15,0.05,0.0,0.0,0.95,0.011778345636948694,1.05502510042353
2008-09-16,0.05,0.0,0.0,0.95,-0.002309058614564896,1.052588985626815
2008-09-17,0.05,0.0,0.0,0.95,0.005875737981445239,1.0587737227085132
2008-09-18,0.05,0.0,0.0,0.95,-0.00035391636397512637,1.0583990053622998
2008-09-19,0.05,0.0,0.0,0.95,-0.015578123544209455,1.0419111348976975
2008-09-22,0.05,0.0,0.0,0.95,-0.001259827602538438,1.0405985064905612
2008-09-23,0.1,0.0,0.0,0.9,0.00027032154035832033,1.0408798026817303
2008-09-24,0.1,0.0,0.0,0.9,0.003925659017636996,1.0449659418654043
2008-09-25,0.05,0.0,0.0,0.95,-0.004503398791540813,1.0402600435056062
2008-09-26,0.1,0.0,0.0,0.9,0.001983110352025885,1.042322993966681
2008-09-29,0.05,0.0,0.0,0.95,0.008948016286336546,1.0516497170923178
2008-09-30,0.05,0.0,0.0,0.95,-0.010866304144009025,1.0402221714134317
2008-10-01,0.1,0.0,0.0,0.9,0.0032435508345978192,1.043596184905687
2008-10-02,0.1,0.0,0.0,0.9,0.0054442344045368745,1.049277767159994
2008-10-03,0.05,0.0,0.0,0.95,0.00025366403607658406,1.0495439311933772
2008-10-06,0.05,0.0,0.0,0.95,0.00919038226730544,1.059189641127375
2008-10-07,0.05,0.0,0.0,0.95,-0.0030046511627907224,1.0560071457405458
2008-10-08,0.05,0.0,0.0,0.95,-0.008156028368794326,1.0473943215022363
2008-10-09,0.05,0.0,0.0,0.95,-0.004649849397590366,1.0425240956473596
2008-10-10,0.1,0.0,0.0,0.9,0.002246500189178913,1.044866126225455
2008-10-13,0.05,0.0,0.0,0.95,0.0,1.044866126225455
2008-10-14,0.05,0.0,0.0,0.95,-0.006723601019156372,1.0378408632742837
2008-10-15,0.1,0.0,0.0,0.9,0.0019863143888994125,1.039902341514393
2008-10-16,0.05,0.0,0.0,0.95,0.00196320182094083,1.0419438796848548
2008-10-17,0.05,0.0,0.0,0.95,-0.00044951263367078994,1.0414755127473605
2008-10-20,0.05,0.0,0.0,0.95,0.0006296156031053935,1.0421312419804385
2008-10-21,0.05,0.0,0.0,0.95,0.006651528053742261,1.0490630071721527
2008-10-22,0.05,0.0,0.0,0.95,0.0016066898430893927,1.050748526050537
2008-10-23,0.05,0.0,0.0,0.95,0.0023168558296595143,1.0531829588986232
2008-10-24,0.05,0.0,0.0,0.95,-0.004089080190886207,1.048876409324012
2008-10-27,0.05,0.0,0.0,0.95,-0.001428437176957037,1.0473781552669004
2008-10-28,0.05,0.0,0.0,0.95,-0.0021458823529411698,1.045130604966657
2008-10-29,0.05,0.0,0.0,0.95,-0.0005376851240448954,1.0445686537876826
2008-10-30,0.05,0.0,0.0,0.95,-0.001344974044360564,1.0431637360607855
2008-10-31,0.05,0.0,0.0,0.95,-0.0011672967863893934,1.0419460543840038
2008-11-03,0.05,0.0,0.0,0.95,0.004045613703037743,1.046161365619446
2008-11-04,0.05,0.0,0.0,0.95,0.004207500942329456,1.0505630905511185
2008-11-05,0.05,0.0,0.0,0.95,0.0016934046345810415,1.0523421189575777
2008-11-06,0.05,0.0,0.0,0.95,0.00017793594306039217,1.0525293684449366
2008-11-07,0.05,0.0,0.0,0.95,-0.002312734082396872,1.0500951479018104
2008-11-10,0.05,0.0,0.0,0.95,0.001337525811901452,1.0514996772670815
2008-11-11,0.05,0.0,0.0,0.95,0.0,1.0514996772670815
2008-11-12,0.05,0.0,0.0,0.95,0.00454119411378755,1.0562747414121363
2008-11-13,0.05,0.0,0.0,0.95,-0.0016837686567164056,1.0544962191096654
2008-11-14,0.05,0.0,0.0,0.95,0.0015979814970563222,1.0561812845565186
2008-11-17,0.05,0.0,0.0,0.95,0.0017725534098329996,1.0580534222938611
2008-11-18,0.05,0.0,0.0,0.95,0.004157742806592701,1.0624525362993942
2008-11-19,0.05,0.0,0.0,0.95,0.0033469312071202294,1.0660084918492185
2008-11-20,0.05,0.0,0.0,0.95,0.00623152254249818,1.0726513477966715
2008-11-21,0.05,0.0,0.0,0.95,-0.002267094997705421,1.0702195452917997
2008-11-24,0.05,0.0,0.0,0.95,-0.0062057226975801676,1.0635780595681885
2008-11-25,0.05,0.0,0.0,0.95,0.006862381922578364,1.0708767384174203
2008-11-26,0.05,0.0,0.0,0.95,0.0022710555351230233,1.0733087589616377
2008-11-28,0.05,0.0,0.0,0.95,0.0019170794349659735,1.0753663771108117
2008-12-01,0.05,0.0,0.0,0.95,0.00887037715122676,1.084905282451533
2008-12-02,0.05,0.0,0.0,0.95,0.0007754398693994302,1.0857465612620683
2008-12-03,0.05,0.0,0.0,0.95,0.001119166289080331,1.0869616922119176
2008-12-04,0.05,0.0,0.0,0.95,0.0029236060825486797,1.0901395400267657
2008-12-05,0.05,0.0,0.0,0.95,-0.004629128316188385,1.0850931442134313
2008-12-08,0.05,0.0,0.0,0.95,-0.0023258977149074544,1.0825693285488436
2008-12-09,0.05,0.0,0.0,0.95,0.0031088082901553626,1.0859348290521043
2008-12-10,0.05,0.0,0.0,0.95,-0.0003442964573707297,1.0855609455375261
2008-12-11,0.05,0.0,0.0,0.95,0.0026692649324754013,1.0884585953015142
2008-12-12,0.05,0.0,0.0,0.95,0.0011162328271873245,1.0896735685166241
2008-12-15,0.05,0.0,0.0,0.95,0.001715265866209359,1.0915426483940114
2008-12-16,0.05,0.0,0.0,0.95,0.005478958277011814,1.097523165022141
2008-12-17,0.05,0.0,0.0,0.95,0.0012767673147568658,1.0989244467264299
2008-12-18,0.05,0.0,0.0,0.95,0.0026351109520400427,1.1018202345714632
2008-12-19,0.05,0.0,0.0,0.95,-0.0027125903453197875,1.0988314476408867
2008-12-22,0.05,0.0,0.0,0.95,-0.0014451901565995405,1.0972434272489942
2008-12-23,0.05,0.0,0.0,0.95,-0.0006811256497579965,1.0964960666066665
2008-12-24,0.05,0.0,0.0,0.95,-0.0013632286995515607,1.095001291699723
2008-12-26,0.05,0.0,0.0,0.95,0.00153583617747437,1.0966830342978966
2008-12-29,0.05,0.0,0.0,0.95,0.0017889167862267462,1.0986449089871222
2008-12-30,0.05,0.0,0.0,0.95,0.0,1.0986449089871222
2008-12-31,0.05,0.0,0.0,0.95,-0.008927772308243093,1.0888364573920748
2009-01-02,0.05,0.0,0.0,0.95,-0.00635164438019522,1.0819205554265288
2009-01-05,0.05,0.0,0.0,0.95,0.00017282153902132834,1.0821075346020164
2009-01-06,0.05,0.0,0.0,0.95,-0.00043197526373223714,1.08164009091437
2009-01-07,0.05,0.0,0.0,0.95,0.000777909198435156,1.0824815086904886
2009-01-08,0.05,0.0,0.0,0.95,0.001554545454545475,1.0841642753994531
2009-01-09,0.05,0.0,0.0,0.95,0.0016382283536031993,1.085940384055376
2009-01-12,0.05,0.0,0.0,0.95,0.0027543716589652043,1.088931467472544
2009-01-13,0.05,0.0,0.0,0.95,-8.582527780277015e-05,1.0888380096268402
2009-01-14,0.05,0.0,0.0,0.95,0.0021458258041199382,1.091174466324404
2009-01-15,0.05,0.0,0.0,0.95,-0.00034255837014341984,1.0908006753776778
2009-01-16,0.05,0.0,0.0,0.95,-0.0030841374334926504,1.0874364961822665
2009-01-20,0.05,0.0,0.0,0.95,-0.0006016466117796548,1.0867822436988128
2009-01-21,0.05,0.0,0.0,0.95,-0.0055902589172550695,1.080706849569861
2009-01-22,0.05,0.0,0.0,0.95,-0.0012111829523722972,1.07939791585715
2009-01-23,0.05,0.0,0.0,0.95,-0.0014725996170329714,1.0778083948996326
2009-01-26,0.05,0.0,0.0,0.95,-0.0011278538812784956,1.0765927845181706
2009-01-27,0.05,0.0,0.0,0.95,0.0031270000914327633,1.079959290253795
2009-01-28,0.05,0.0,0.0,0.95,-0.004155654789027602,1.075471352257297
2009-01-29,0.05,0.0,0.0,0.95,-0.004434782608695747,1.0707018706081557
2009-01-30,0.05,0.0,0.0,0.95,-0.0006989148427441527,1.0699535411786336
2009-02-02,0.05,0.0,0.0,0.95,0.0034097183876310665,1.0736017814419014
2009-02-03,0.05,0.0,0.0,0.95,-0.004007336084364965,1.0692994982828907
2009-02-04,0.05,0.0,0.0,0.95,-0.0022746109218161003,1.066867257965404
2009-02-05,0.05,0.0,0.0,0.95,0.0007892550540017806,1.0677092883407022
2009-02-06,0.05,0.0,0.0,0.95,-0.0023657996679579186,1.0651833020608703
2009-02-09,0.05,0.0,0.0,0.95,-0.0017568192325474574,1.0633119675496214
2009-02-10,0.05,0.0,0.0,0.95,0.006424270495599748,1.0701429712503685
2009-02-11,0.05,0.0,0.0,0.95,0.001486013986013801,1.071733218672681
2009-02-12,0.05,0.0,0.0,0.95,0.0018327974276527992,1.0736974885589943
2009-02-13,0.05,0.0,0.0,0.95,-0.005226480836237051,1.0680858292111248
2009-02-17,0.05,0.0,0.0,0.95,0.0063940623271251384,1.0749152365738197
2009-02-18,0.05,0.0,0.0,0.95,-0.0033061635680922295,1.071361390979872
2009-02-19,0.05,0.0,0.0,0.95,-0.0035796342247955137,1.067526309077596
2009-02-20,0.05,0.0,0.0,0.95,0.002541512915128985,1.0702394409793565
2009-02-23,0.05,0.0,0.0,0.95,-0.000786640905327074,1.0693975468565877
2009-02-24,0.05,0.0,0.0,0.95,-0.001312154696132567,1.0679943318434473
2009-02-25,0.05,0.0,0.0,0.95,-0.004817888427846917,1.0628488543110526
2009-02-26,0.1,0.0,0.0,0.9,-0.0006163113994439972,1.0621938084462548
2009-02-27,0.1,0.0,0.0,0.9,0.0001669294259482923,1.0623711198489445
2009-03-02,0.1,0.0,0.0,0.9,0.004089012517385338,1.0667151686561156
2009-03-03,0.1,0.0,0.0,0.9,-0.0013291489754475917,1.065297345282602
2009-03-04,0.1,0.0,0.0,0.9,-0.0025790349417637915,1.06254990620575
2009-03-05,0.1,0.0,0.0,0.9,0.005256327060350463,1.0681350160307121
2009-03-06,0.1,0.0,0.0,0.9,-0.0011612903225806882,1.066894601173386
2009-03-09,0.1,0.0,0.0,0.9,-0.0017441860465115312,1.0650337384969208
2009-03-10,0.1,0.0,0.0,0.9,-0.0029958391123439455,1.0618430687671658
2009-03-11,0.1,0.0,0.0,0.9,0.001502922349011815,1.0634389364463592
2009-03-12,0.1,0.0,0.0,0.9,0.0010836343428729301,1.0645913153994406
2009-03-13,0.1,0.0,0.0,0.9,0.0009990749306198587,1.065654921894012
2009-03-16,0.1,0.0,0.0,0.9,-0.0017464424320827177,1.0637938169204584
2009-03-17,0.1,0.0,0.0,0.9,-0.0018331635959632942,1.061843708821669
2009-03-18,0.1,0.0,0.0,0.9,0.014945727804063403,1.0777137358641748
2009-03-19,0.05,0.0,0.0,0.95,-0.00246395327614527,1.0750582995739455
2009-03-20,0.05,0.0,0.0,0.95,-0.00034773060029291144,1.0746844689060848
2009-03-23,0.05,0.0,0.0,0.95,-0.001130538264371972,1.0734694969918603
2009-03-24,0.1,0.0,0.0,0.9,-0.0001741361928329299,1.073282567100532
2009-03-25,0.05,0.0,0.0,0.95,-0.0033825281877348234,1.0696521585639098
2009-03-26,0.1,0.0,0.0,0.9,0.0019230769230769939,1.0717091819457636
2009-03-27,0.1,0.0,0.0,0.9,-0.0007438016528926395,1.070912042884812
2009-03-30,0.1,0.0,0.0,0.9,0.0018196856906533831,1.0728607662051979
2009-03-31,0.1,0.0,0.0,0.9,-0.0042923965880950045,1.0682556223128377
2009-04-01,0.1,0.0,0.0,0.9,0.0006635333149017875,1.0689644455070735
2009-04-02,0.05,0.0,0.0,0.95,-0.0033152223961691154,1.0654205906366199
2009-04-03,0.88,0.12,0.0,0.0,-0.005444126074498556,1.0596203066188274
2009-04-06,0.88,0.12,0.0,0.0,0.0003167062549485422,1.059955894997804
2009-04-07,0.88,0.12,0.0,0.0,0.0001579362990260602,1.060123300508991
2009-04-08,0.88,0.12,0.0,0.0,0.0004100946372239722,1.060558051389326
2009-04-09,0.05,0.12,0.83,0.0,0.0005501702908042905,1.0611415389208738
2009-04-13,0.05,0.12,0.8300000000000001,0.0,0.005064667464467267,1.066515867948241
2009-04-14,0.05,0.12,0.8299999999999998,0.0,0.0050512007180544315,1.0719030536662377
2009-04-15,0.05,0.12,0.83,0.0,0.0034911743251913882,1.0756452540862915
2009-04-16,0.05,0.12,0.8300000000000001,0.0,0.000938943047716787,1.0766552237194253
2009-04-17,0.05,0.12,0.83,0.0,0.0009076116948220224,1.0776324085917643
2009-04-20,0.05,0.12,0.83,0.0,0.004442096236037336,1.0824193554578017
2009-04-21,0.05,0.12,0.8300000000000001,0.0,-0.002054162337221649,1.0801958903847404
2009-04-22,0.05,0.12,0.8299999999999998,0.0,-0.0005959942362843852,1.079552099860013
2009-04-23,0.05,0.12,0.8299999999999998,0.0,0.002428432884289726,1.082173719679617
2009-04-24,0.05,0.12,0.8300000000000001,0.0,0.00020414942318441995,1.082394644820275
2009-04-27,0.05,0.12,0.8300000000000001,0.0,0.003973596727741295,1.0866956446390574
2009-04-28,0.05,0.12,0.8300000000000001,0.0,-0.0010980165596326443,1.0855024348259632
2009-04-29,0.05,0.12,0.8299999999999998,0.0,0.0011556354383858024,1.086756879908102
2009-04-30,0.05,0.12,0.8299999999999998,0.0,0.010215788710834376,1.0978589585732887
2009-05-01,0.05,0.12,0.8300000000000001,0.0,0.0018117595610366896,1.0998480150381538
2009-05-04,0.05,0.12,0.8300000000000001,0.0,0.0018520701963701503,1.1018850107673428
2009-05-05,0.05,0.12,0.83,0.0,0.002949023748077453,1.1051344958317462
2009-05-06,0.05,0.12,0.8299999999999998,0.0,0.0038171650458508075,1.109352976600199
2009-05-07,0.05,0.12,0.83,0.0,0.002166309953629526,1.1117561789954966
2009-05-08,0.05,0.12,0.83,0.0,0.00405745117193649,1.1162670754068695
2009-05-11,0.05,0.12,0.83,0.0,0.003987978866309412,1.120718724912749
2009-05-12,0.05,0.12,0.8299999999999998,0.0,0.0006940989642655415,1.121496614618944
2009-05-13,0.05,0.12,0.83,0.0,0.0016293892663314885,1.1233239691650312
2009-05-14,0.05,0.12,0.8299999999999998,0.0,-0.0009639923681885676,1.1222410934317528
2009-05-15,0.05,0.12,0.83,0.0,-2.9306384056551068e-05,1.1222082046032646
2009-05-18,0.05,0.12,0.8300000000000001,0.0,-0.002316275748133714,1.1196088609545853
2009-05-19,0.05,0.12,0.8299999999999998,0.0,0.001818889567634725,1.1216453058316072
2009-05-20,0.05,0.12,0.83,0.0,0.005127459144373911,1.1273964963117376
2009-05-21,0.05,0.12,0.8299999999999998,0.0,-0.0024924806240882043,1.1245864823890155
2009-05-22,0.05,0.12,0.8299999999999998,0.0,-0.001193975515801666,1.1232437536636415
2009-05-26,0.05,0.12,0.83,0.0,0.0006902843985611361,1.1240191113025768
2009-05-27,0.05,0.12,0.8299999999999998,0.0,-0.0018733217429723558,1.1219134618618571
2009-05-28,0.05,0.12,0.83,0.0,0.002303448498276312,1.1244977317407787
2009-05-29,0.05,0.12,0.8300000000000001,0.0,0.008843146812736723,1.134441830273152
2009-06-01,0.05,0.12,0.8299999999999998,0.0,-0.0002388789857600505,1.1341708359593325
2009-06-02,0.05,0.12,0.83,0.0,0.006476682376237707,1.1415165002242331
2009-06-03,0.05,0.12,0.83,0.0,0.005363694524911839,1.1476392460265823
2009-06-04,0.05,0.12,0.8300000000000001,0.0,-0.0037789179830033832,1.143302411441772
2009-06-05,0.05,0.12,0.8300000000000001,0.0,-0.0056090029216427795,1.136889624875674
2009-06-08,0.05,0.12,0.8300000000000001,0.0,-0.00033103994149837784,1.1365132690007649
2009-06-09,0.05,0.12,0.83,0.0,0.003130644106731717,1.1400712875685846
2009-06-10,0.05,0.12,0.83,0.0,0.00023148239217554045,1.1403351939974817
2009-06-11,0.05,0.12,0.8299999999999998,0.0,0.004228617954853737,1.145157235873371
2009-06-12,0.05,0.12,0.8299999999999998,0.0,0.0031877161093272826,1.1488076720418772
2009-06-15,0.05,0.12,0.8300000000000001,0.0,0.0029581307519130303,1.152205995344578
2009-06-16,0.05,0.12,0.8299999999999998,0.0,0.001253099092771457,1.1536498236320303
2009-06-17,0.05,0.12,0.83,0.0,-0.00029464896663674586,1.1533099019036364
2009-06-18,0.05,0.12,0.8300000000000001,0.0,-0.0056132202459064475,1.1468361194124665
2009-06-19,0.05,0.12,0.8299999999999998,0.0,0.002252564145501912,1.1494194413358216
2009-06-22,0.05,0.12,0.8299999999999998,0.0,0.002763047249505749,1.152595341561733
2009-06-23,0.05,0.12,0.8300000000000001,0.0,0.00101401755778308,1.1537640934750955
2009-06-24,0.05,0.12,0.8300000000000001,0.0,-0.001272008482757069,1.1522964957610946
2009-06-25,0.05,0.12,0.8300000000000001,0.0,0.004527330052724082,1.1575133223160023
2009-06-26,0.05,0.12,0.8299999999999998,0.0,0.001435888845156812,1.1591753827836364
2009-06-29,0.05,0.12,0.8300000000000001,0.0,0.0002078835530853773,1.1594163562808586
2009-06-30,0.05,0.12,0.83,0.0,0.0011200195438931004,1.1607149252594027
2009-07-01,0.05,0.12,0.83,0.0,0.000762786029207394,1.161600302388283
2009-07-02,0.05,0.12,0.8299999999999998,0.0,0.002903515500757736,1.1649730268719523
2009-07-06,0.05,0.12,0.8299999999999998,0.0,0.00010069039970589828,1.1650903284716745
2009-07-07,0.05,0.12,0.8299999999999998,0.0,0.0016064331124630436,1.1669619681543417
2009-07-08,0.05,0.12,0.8300000000000001,0.0,0.004914683164423283,1.1726972164927523
2009-07-09,0.05,0.12,0.8300000000000001,0.0,-0.003849321734774477,1.1681831276089971
2009-07-10,0.05,0.12,0.8300000000000001,0.0,0.0038530579265698764,1.1726842048685162
2009-07-13,0.05,0.12,0.8299999999999998,0.0,-0.00145675713433855,1.1709758887867479
2009-07-14,0.05,0.12,0.8300000000000001,0.0,-0.002010686024824547,1.1686214239317578
2009-07-15,0.05,0.12,0.8299999999999998,0.0,-0.0032327333903621794,1.164843582433921
2009-07-16,0.05,0.12,0.8299999999999998,0.0,0.00283189768196961,1.1681423002748728
2009-07-17,0.05,0.12,0.8300000000000001,0.0,-0.0003211041316939843,1.167767204955848
2009-07-20,0.05,0.12,0.8299999999999998,0.0,0.0042657384179197,1.172748594385215
2009-07-21,0.05,0.12,0.8299999999999998,0.0,0.005430080731623967,1.1791167139306251
2009-07-22,0.05,0.12,0.8300000000000001,0.0,-0.0017395496787731665,1.177065581829671
2009-07-23,0.05,0.12,0.8299999999999998,0.0,-0.003613308739255499,1.172812480476169
2009-07-24,0.05,0.12,0.8299999999999998,0.0,0.0026637636725706042,1.1759365757563989
2009-07-27,0.05,0.12,0.8300000000000001,0.0,0.0008150004160821654,1.1768949645549265
2009-07-28,0.05,0.12,0.8300000000000001,0.0,0.0013503384444680069,1.1784841710706657
2009-07-29,0.05,0.12,0.8299999999999998,0.0,0.0018020669606636554,1.1806078784590175
2009-07-30,0.05,0.12,0.8299999999999998,0.0,0.00356200856038632,1.1848132138285479
2009-07-31,0.05,0.12,0.83,0.0,0.009225804054851662,1.195744068380929
2009-08-03,0.05,0.12,0.8300000000000001,0.0,-0.0033645788405272247,1.1917208931897687
2009-08-04,0.05,0.12,0.8300000000000001,0.0,0.0011234620168701715,1.193059746347978
2009-08-05,0.05,0.12,0.83,0.0,-0.00030766766725394363,1.1926926804389244
2009-08-06,0.05,0.12,0.8299999999999998,0.0,0.002665417794478166,1.1958717047327103
2009-08-07,0.05,0.12,0.8299999999999998,0.0,-0.0025018144244477974,1.192879855652021
2009-08-10,0.05,0.12,0.8299999999999998,0.0,0.004360774900977483,1.19808173618643
2009-08-11,0.05,0.12,0.8299999999999998,0.0,0.0016398987756315183,1.2000464689587085
2009-08-12,0.05,0.12,0.8300000000000001,0.0,-0.0004885365331047842,1.1994602024171988
2009-08-13,0.05,0.12,0.8299999999999998,0.0,0.003822664618301994,1.2040453364940402
2009-08-14,0.05,0.12,0.83,0.0,0.0009574679484596624,1.2051981713122255
2009-08-17,0.05,0.12,0.83,0.0,0.0004231829235116735,1.2057081905977725
2009-08-18,0.05,0.12,0.8300000000000001,0.0,-0.002254463618382686,1.2029899653476839
2009-08-19,0.05,0.12,0.8300000000000001,0.0,0.0017080627336825338,1.2050447476764883
2009-08-20,0.05,0.12,0.8300000000000001,0.0,0.00017614663381430032,1.2052570122523871
2009-08-21,0.05,0.12,0.8300000000000001,0.0,-0.0036877053006084595,1.2008123795797085
2009-08-24,0.05,0.12,0.83,0.0,0.0030093067119161846,1.2044259923333298
2009-08-25,0.05,0.12,0.83,0.0,0.0018724823149592006,1.206681258703651
2009-08-26,0.05,0.12,0.8300000000000001,0.0,0.0006272516360740177,1.2074381514973926
2009-08-27,0.05,0.12,0.83,0.0,1.056171560041895e-05,1.2074509041157537
2009-08-28,0.05,0.12,0.83,0.0,0.0011474611136874713,1.2088364070749134
2009-08-31,0.05,0.12,0.83,0.0,0.00262408465245183,1.2120084961380437
2009-09-01,0.05,0.12,0.83,0.0,0.0011227136109918034,1.2133692345732956
2009-09-02,0.05,0.12,0.8300000000000001,0.0,0.0022213284483034346,1.2160645261723495
2009-09-03,0.05,0.12,0.8299999999999998,0.0,-0.0007323622648906703,1.2151739264017087
2009-09-04,0.05,0.12,0.83,0.0,-0.002593255777412923,1.212022669596506
2009-09-08,0.05,0.12,0.8299999999999998,0.0,0.0003144721431133024,1.2124038169629157
2009-09-09,0.05,0.12,0.8299999999999998,0.0,0.0005670744650318337,1.2130913402088226
2009-09-10,0.05,0.12,0.83,0.0,0.0056847993872481024,1.2199875211163178
2009-09-11,0.05,0.12,0.8299999999999998,0.0,0.0012164674768075435,1.2214715962578668
2009-09-14,0.05,0.12,0.83,0.0,-0.0011318968122922743,1.220089016451757
2009-09-15,0.05,0.12,0.8300000000000001,0.0,0.0005580805411690193,1.220769924390333
2009-09-16,0.05,0.12,0.83,0.0,0.0005605412328063875,1.2214542162687239
2009-09-17,0.05,0.12,0.8299999999999998,0.0,0.0027967617514077126,1.22487033270188
2009-09-18,0.05,0.12,0.83,0.0,-0.0018450415120802516,1.2226103960911294
2009-09-21,0.05,0.12,0.8300000000000001,0.0,-4.197455200615763e-05,1.2225590775674755
2009-09-22,0.05,0.12,0.83,0.0,0.002036829536015827,1.2250492220061893
2009-09-23,0.05,0.12,0.8299999999999998,0.0,0.0019860562788777104,1.2274822387054887
2009-09-24,0.05,0.12,0.8299999999999998,0.0,0.001299769255479006,1.2290776823810046
2009-09-25,0.05,0.12,0.8300000000000001,0.0,0.00046204410316613037,1.229645570476482
2009-09-28,0.05,0.12,0.8300000000000001,0.0,0.000619836875465143,1.2304077501448156
2009-09-29,0.05,0.12,0.8299999999999998,0.0,-0.00018721749090049315,1.2301773962930491
2009-09-30,0.05,0.12,0.8299999999999998,0.0,-0.0008664860482657287,1.2291114647422692
2009-10-01,0.05,0.12,0.8300000000000001,0.0,0.0028626836206505674,1.2326300220003408
2009-10-02,0.05,0.12,0.83,0.0,-0.001674830117850641,1.2305655761153278
2009-10-05,0.05,0.12,0.8299999999999998,0.0,0.0006602470583159192,1.2313780534170227
2009-10-06,0.05,0.12,0.8299999999999998,0.0,0.0005843966357943064,1.2320976666088306
2009-10-07,0.05,0.12,0.8300000000000001,0.0,0.0026232856998403206,1.235329810798452
2009-10-08,0.05,0.12,0.8299999999999998,0.0,-0.0019793283047029268,1.2328846875382953
2009-10-09,0.05,0.12,0.83,0.0,-0.003942618278548315,1.2280238938338643
2009-10-12,0.05,0.12,0.8299999999999998,0.0,0.0,1.2280238938338643
2009-10-13,0.05,0.12,0.83,0.0,0.0032380984543036546,1.2320003561063357
2009-10-14,0.05,0.12,0.8300000000000001,0.0,-0.002523456189195833,1.2288914571826277
2009-10-15,0.05,0.12,0.8299999999999998,0.0,-0.001193155460666857,1.2274251986299234
2009-10-16,0.05,0.12,0.83,0.0,0.0016600935756969145,1.2294628393168174
2009-10-19,0.05,0.12,0.8300000000000001,0.0,0.0009568774508115374,1.2306392845843703
2009-10-20,0.05,0.12,0.8299999999999998,0.0,0.002843124245768818,1.2341381449721676
2009-10-21,0.05,0.12,0.8300000000000001,0.0,-0.002103869887782533,1.2315416788915967
2009-10-22,0.05,0.12,0.8300000000000001,0.0,0.0005355262714520871,1.2322012018150315
2009-10-23,0.05,0.12,0.8299999999999998,0.0,-0.0013604743360925721,1.2305248237030597
2009-10-26,0.05,0.12,0.8300000000000001,0.0,-0.0015635532549514693,1.2286008326096602
2009-10-27,0.05,0.12,0.83,0.0,0.0042141731547683265,1.2337783692563697
2009-10-28,0.05,0.12,0.8299999999999998,0.0,0.001180462106174429,1.2352347978686946
2009-10-29,0.05,0.12,0.83,0.0,-0.002952304857146506,1.2315880081752306
2009-10-30,0.05,0.12,0.83,0.0,0.004115191787362728,1.2366562290318879
2009-11-02,0.05,0.12,0.83,0.0,-0.0010539697331065734,1.2353528307962305
2009-11-03,0.05,0.12,0.8300000000000001,0.0,-0.00154708557118849,1.2334416342563788
2009-11-04,0.05,0.12,0.83,0.0,-0.0014915458217901437,1.2316018995403817
2009-11-05,0.05,0.12,0.8300000000000001,0.0,0.001234455361570683,1.2331222571085898
2009-11-06,0.05,0.12,0.83,0.0,0.0014081572111632591,1.2348586871071832
2009-11-09,0.05,0.12,0.83,0.0,0.0008981708309495117,1.2359678011602873
2009-11-10,0.05,0.12,0.8300000000000001,0.0,0.0007347433094231249,1.2368759202328523
2009-11-11,0.05,0.12,0.83,0.0,0.0,1.2368759202328523
2009-11-12,0.05,0.12,0.8299999999999998,0.0,0.0013195907200574464,1.238508090219054
2009-11-13,0.05,0.12,0.8299999999999998,0.0,0.0004904971530820789,1.2391155749113756
2009-11-16,0.05,0.12,0.83,0.0,0.0033160309054566456,1.2432245204532144
2009-11-17,0.05,0.12,0.8300000000000001,0.0,0.0005179874817180052,1.243868495191774
2009-11-18,0.05,0.12,0.83,0.0,-0.0011233858279599553,1.2424711509524295
2009-11-19,0.05,0.12,0.8300000000000001,0.0,0.0010346058539378643,1.2437566188785538
2009-11-20,0.05,0.12,0.8299999999999998,0.0,-0.00046400984548469856,1.2431795035620075
2009-11-23,0.05,0.12,0.8300000000000001,0.0,-0.00037874245360704597,1.2427086587065543
2009-11-24,0.05,0.12,0.8299999999999998,0.0,0.0017576554000015455,1.2448929122911587
2009-11-25,0.05,0.12,0.8300000000000001,0.0,0.0010759046474244592,1.2462322983610385
2009-11-27,0.05,0.12,0.8300000000000001,0.0,0.001871301080319312,1.2485643742072903
2009-11-30,0.05,0.12,0.8299999999999998,0.0,-0.0007261022237108995,1.2476577888387321
2009-12-01,0.05,0.12,0.8299999999999998,0.0,-0.0015868186947323778,1.2456779821347743
2009-12-02,0.05,0.12,0.8300000000000001,0.0,-0.0015291849340826964,1.2437731101317753
2009-12-03,0.05,0.12,0.83,0.0,-0.0005334048476138832,1.2431096755254991
2009-12-04,0.05,0.12,0.8300000000000001,0.0,-0.0032435942904720113,1.239077532079534
2009-12-07,0.05,0.12,0.8300000000000001,0.0,0.002696476021356871,1.2424186749333883
2009-12-08,0.05,0.12,0.8299999999999998,0.0,0.002838799688740983,1.245945652681075
2009-12-09,0.05,0.12,0.83,0.0,-0.0006058660554950267,1.245190776503124
2009-12-10,0.05,0.12,0.83,0.0,-0.0008530788493281726,1.2441285305883107
2009-12-11,0.05,0.12,0.83,0.0,-0.0012453765936552073,1.2425791220368174
2009-12-14,0.05,0.12,0.8299999999999998,0.0,0.0004162972162735201,1.243096404266321
2009-12-15,0.05,0.12,0.8300000000000001,0.0,-0.0010062044196599118,1.241845595170285
2009-12-16,0.05,0.12,0.83,0.0,0.000862644210571062,1.2429168660833818
2009-12-17,0.05,0.12,0.8299999999999998,0.0,0.004365025132478908,1.2483422294414177
2009-12-18,0.05,0.12,0.8299999999999998,0.0,-0.0015597106079113195,1.2463951768238544
2009-12-21,0.05,0.12,0.83,0.0,-0.003930651363381941,1.241496031922759
2009-12-22,0.05,0.12,0.8300000000000001,0.0,-0.001455477349780585,1.239689062568453
2009-12-23,0.05,0.12,0.8300000000000001,0.0,-8.519261509557286e-05,1.2395834502153074
2009-12-24,0.05,0.12,0.8300000000000001,0.0,-0.0013491956689622644,1.2379110095929595
2009-12-28,0.05,0.12,0.8300000000000001,0.0,-0.0012845792533409195,1.2363208147925542
2009-12-29,0.05,0.12,0.83,0.0,0.0010309421504401596,1.2375953900319905
2009-12-30,0.05,0.12,0.8300000000000001,0.0,0.0012422419157614973,1.2391327829002412
2009-12-31,0.05,0.12,0.8299999999999998,0.0,-0.0021024179385628187,1.2365276079092105
2010-01-04,0.05,0.12,0.8299999999999998,0.0,0.0015213318683711295,1.2384087767652434
2010-01-05,0.05,0.12,0.8300000000000001,0.0,0.004909831731926574,1.2444891554745017
2010-01-06,0.05,0.12,0.83,0.0,0.00013441890987448186,1.244656438350131
2010-01-07,0.05,0.12,0.8299999999999998,0.0,0.00038736270458094907,1.2451385718343644
2010-01-08,0.05,0.12,0.8299999999999998,0.0,0.002239465307680299,1.247927016469242
2010-01-11,0.05,0.12,0.8300000000000001,0.0,0.0007983863697093228,1.248923344389583
2010-01-12,0.05,0.12,0.8300000000000001,0.0,0.003160471475022291,1.2528705309940156
2010-01-13,0.05,0.12,0.8299999999999998,0.0,-0.0019457989497373965,1.2504326968306505
2010-01-14,0.05,0.12,0.8299999999999998,0.0,0.0015602970203967322,1.252383743241722
2010-01-15,0.05,0.12,0.83,0.0,0.001408578905449935,1.2541478245639806
2010-01-19,0.05,0.12,0.83,0.0,-0.0017860833257922302,1.2519078120464482
2010-01-20,0.05,0.12,0.8300000000000001,0.0,0.0012647999121304897,1.25349122493712
2010-01-21,0.05,0.12,0.8300000000000001,0.0,0.0014722424245653088,1.2553366678972926
2010-01-22,0.05,0.12,0.8300000000000001,0.0,-0.00039774008482767244,1.254837370184516
2010-01-25,0.05,0.12,0.8300000000000001,0.0,-0.0019929772270092794,1.252336507882138
2010-01-26,0.05,0.12,0.83,0.0,-2.9468353704613636e-05,1.2522996035869665
2010-01-27,0.05,0.12,0.8300000000000001,0.0,-0.0010888305847076573,1.2509360614773637
2010-01-28,0.05,0.12,0.83,0.0,-0.0002694090536374949,1.25059904797688
2010-01-29,0.05,0.12,0.8300000000000001,0.0,0.0019832349193074817,1.2530792796788803
2010-02-01,0.05,0.12,0.8299999999999998,0.0,-0.003005914762644454,1.2493126301733297
2010-02-02,0.05,0.12,0.83,0.0,0.0010073023953557933,1.2505710657782516
2010-02-03,0.05,0.12,0.8299999999999998,0.0,-0.0015754172888034755,1.248600894500347
2010-02-04,0.05,0.12,0.83,0.0,0.0020530815580325633,1.2511643739701888
2010-02-05,0.05,0.12,0.8299999999999998,0.0,0.0008201018848593898,1.2521904562315507
2010-02-08,0.05,0.12,0.8300000000000001,0.0,-0.002434331248648559,1.2491422098746867
2010-02-09,0.05,0.12,0.8299999999999998,0.0,-0.002278314707112204,1.2462962708066547
2010-02-10,0.05,0.12,0.8299999999999998,0.0,-0.002638855401746659,1.2430074751602598
2010-02-11,0.05,0.12,0.8299999999999998,0.0,-0.0012667406311500649,1.241432907086651
2010-02-12,0.05,0.12,0.8299999999999998,0.0,0.0011690683549085467,1.2428842270130682
2010-02-16,0.05,0.12,0.8300000000000001,0.0,0.0008973962194411688,1.2439995866195928
2010-02-17,0.05,0.12,0.8299999999999998,0.0,-0.0022744762943095634,1.2411701390496956
2010-02-18,0.05,0.12,0.83,0.0,-0.0006443360981299893,1.240370408325185
2010-02-19,0.05,0.12,0.8299999999999998,0.0,0.0006521841114818283,1.241179358197847
2010-02-22,0.05,0.12,0.8300000000000001,0.0,0.0007359031306537411,1.2420927459732476
2010-02-23,0.05,0.12,0.83,0.0,0.003754295418504261,1.2467559290788124
2010-02-24,0.05,0.12,0.8300000000000001,0.0,-1.8044222821709257e-05,1.2467334323370238
2010-02-25,0.05,0.12,0.8299999999999998,0.0,0.0017606842693852621,1.2489285362794564
2010-02-26,0.05,0.12,0.8299999999999998,0.0,0.002056820052397239,1.251497357536887
2010-03-01,0.05,0.12,0.8300000000000001,0.0,-0.0014180275461444767,1.2497226998099726
2010-03-02,0.05,0.12,0.8299999999999998,0.0,0.0014027152653053186,1.2514757049183947
2010-03-03,0.05,0.12,0.8299999999999998,0.0,2.410019977168722e-05,1.2515058657328926
2010-03-04,0.05,0.12,0.83,0.0,0.0005564612967681891,1.2522022803098511
2010-03-05,0.05,0.12,0.8300000000000001,0.0,-0.0015736359544880926,1.2502317697792635
2010-03-08,0.05,0.12,0.8300000000000001,0.0,0.0003521518579934746,1.2506720412199137
2010-03-09,0.05,0.12,0.8300000000000001,0.0,0.0012152708777535184,1.2521919465292288
2010-03-10,0.05,0.12,0.83,0.0,-0.0002651114906386565,1.2518599760557187
2010-03-11,0.05,0.12,0.83,0.0,-0.00023362732219927017,1.2515675073617445
2010-03-12,0.05,0.12,0.8300000000000001,0.0,0.0004961867840223055,1.2521885186182091
2010-03-15,0.05,0.12,0.8300000000000001,0.0,0.0005213384772056884,1.2528413326736798
2010-03-16,0.05,0.12,0.8299999999999998,0.0,0.0022260706021413213,1.2556302459334923
2010-03-17,0.05,0.12,0.8300000000000001,0.0,0.00042885038063416475,1.2561687234423966
2010-03-18,0.05,0.12,0.8299999999999998,0.0,-0.0006219727860746715,1.2553874206816973
2010-03-19,0.05,0.12,0.83,0.0,-0.0006397709069970857,1.2545842603329351
2010-03-22,0.05,0.12,0.8299999999999998,0.0,0.0011843963867131714,1.2560701853977005
2010-03-23,0.05,0.12,0.8299999999999998,0.0,-0.00010793550308523691,1.2559346108303293
2010-03-24,0.05,0.12,0.8300000000000001,0.0,-0.004835666184143329,1.249861330303242
2010-03-25,0.05,0.12,0.8299999999999998,0.0,-0.0013579384772512237,1.248164095511595
2010-03-26,0.05,0.12,0.8300000000000001,0.0,0.0021630594358207486,1.2508639486358442
2010-03-29,0.05,0.12,0.8299999999999998,0.0,0.00022679062001800256,1.2511476328463134
2010-03-30,0.05,0.12,0.83,0.0,4.715590922487855e-05,1.2512066318505146
2010-03-31,0.05,0.12,0.8299999999999998,0.0,0.0006592959072613969,1.2520315472620318
2010-04-01,0.05,0.12,0.8300000000000001,0.0,-0.0009161813738639222,1.2508844592789403
2010-04-05,0.05,0.12,0.8300000000000001,0.0,-0.004657317738333621,1.2450586928981346
2010-04-06,0.05,0.12,0.83,0.0,0.0016085325656471428,1.2470614103518034
2010-04-07,0.05,0.12,0.8299999999999998,0.0,0.003853382130986289,1.2518668145066956
2010-04-08,0.05,0.12,0.83,0.0,-0.001150307524377174,1.2504267826904505
2010-04-09,0.05,0.12,0.8300000000000001,0.0,0.0005860905042211639,1.2511596459540093
2010-04-12,0.05,0.12,0.8299999999999998,0.0,0.0018030749305424944,1.2534155805457354
2010-04-13,0.05,0.12,0.8300000000000001,0.0,0.001596917721011135,1.2554171820981004
2010-04-14,0.05,0.12,0.8300000000000001,0.0,-0.0003916167151580564,1.254925539745094
2010-04-15,0.05,0.12,0.8300000000000001,0.0,0.0016034429523208039,1.2569377412574858
2010-04-16,0.05,0.12,0.83,0.0,0.0028039753623172146,1.2604621637159386
2010-04-19,0.05,0.12,0.8299999999999998,0.0,-0.0019014647553168749,1.2580654393362223
2010-04-20,0.05,0.12,0.8300000000000001,0.0,0.00023697962573114624,1.2583635752131814
2010-04-21,0.05,0.12,0.83,0.0,0.0021566460888977758,1.2610774200960764
2010-04-22,0.05,0.12,0.83,0.0,-0.001667078755485205,1.2589751047200122
2010-04-23,0.05,0.12,0.83,0.0,-0.0018064449586947316,1.2567008354889686
2010-04-26,0.05,0.12,0.8299999999999998,0.0,0.0001710424232613672,1.256915784645185
2010-04-27,0.05,0.12,0.83,0.0,0.003763919095907439,1.2616467139689584
2010-04-28,0.05,0.12,0.8299999999999998,0.0,-0.0031910553505721142,1.257620729471816
2010-04-29,0.05,0.12,0.8299999999999998,0.0,0.001820299545031265,1.2599099759134953
2010-04-30,0.05,0.12,0.8299999999999998,0.0,0.0016414113474088516,1.2619780064446733
2010-05-03,0.05,0.12,0.83,0.0,-0.0025010904551828537,1.2588216852981038
2010-05-04,0.05,0.12,0.8299999999999998,0.0,0.0018208672416604131,1.261113832467955
2010-05-05,0.05,0.12,0.8299999999999998,0.0,0.00016465421694740402,1.2613214801785213
2010-05-06,0.05,0.12,0.8299999999999998,0.0,-0.0005078195925116203,1.260680956418431
2010-05-07,0.05,0.12,0.83,0.0,-0.005735751265623739,1.2534500040271062
2010-05-10,0.05,0.12,0.8300000000000001,0.0,-5.269126038565022e-06,1.2534433994410519
2010-05-11,0.05,0.12,0.8300000000000001,0.0,-0.0006981870840315452,1.2525682614489975
2010-05-12,0.05,0.12,0.83,0.0,0.0002801994150640762,1.2529192303431833
2010-05-13,0.05,0.12,0.8299999999999998,0.0,0.0010456604417481818,1.2542293584190587
2010-05-14,0.05,0.12,0.8299999999999998,0.0,0.0022852145237280846,1.257095541565004
2010-05-17,0.05,0.12,0.83,0.0,-0.001465250051741944,1.2552535822576814
2010-05-18,0.05,0.12,0.83,0.0,0.0024459938184387205,1.2583239247604567
2010-05-19,0.05,0.12,0.8299999999999998,0.0,-0.002761682297618736,1.2548488338527757
2010-05-20,0.05,0.12,0.83,0.0,-0.0013765217700869247,1.2531215071148092
2010-05-21,0.05,0.12,0.83,0.0,-0.00014187435360050405,1.2529437213110044
2010-05-24,0.05,0.12,0.83,0.0,-0.0012092310567130614,1.2514286228508815
2010-05-25,0.05,0.12,0.8299999999999998,0.0,-0.002235784153483338,1.248630698566696
2010-05-26,0.05,0.12,0.8299999999999998,0.0,-0.0013450025649929295,1.2469512870743948
2010-05-27,0.05,0.12,0.83,0.0,-0.00265770636556566,1.243637256701187
2010-05-28,0.05,0.12,0.83,0.0,0.002704366377162009,1.2470005074835957
2010-06-01,0.05,0.12,0.8300000000000001,0.0,-0.0015955269259639005,1.245010884597215
2010-06-02,0.05,0.12,0.8299999999999998,0.0,-0.0022130968521670447,1.242255554927599
2010-06-03,0.05,0.12,0.8300000000000001,0.0,4.043820682199449e-05,1.242305789514655
2010-06-04,0.05,0.12,0.83,0.0,0.005221497437724139,1.2487924860114754
2010-06-07,0.05,0.12,0.83,0.0,-0.0003551834520593855,1.248348935585388
2010-06-08,0.05,0.12,0.83,0.0,-0.0011195749120094755,1.246951315435673
2010-06-09,0.05,0.12,0.83,0.0,-0.0010127651586259523,1.245688446588897
2010-06-10,0.05,0.12,0.83,0.0,-0.004826680659901925,1.2396759062554832
2010-06-11,0.05,0.0,0.95,0.0,0.003331296849842522,1.2438056346968176
2010-06-14,0.05,0.0,0.95,0.0,-0.0012520003765414955,1.2422483895738328
2010-06-15,0.05,0.0,0.95,0.0,-0.0011641059477803027,1.2408022808349095
2010-06-16,0.05,0.0,0.95,0.0,0.0016138165345413124,1.2428047080718176
2010-06-17,0.05,0.0,0.95,0.0,0.003759185980780033,1.2474766421072485
2010-06-18,0.05,0.0,0.95,0.0,-0.0008915165165166216,1.2463644960768412
2010-06-21,0.05,0.0,0.95,0.0,0.0008031185421755293,1.2473654745139497
2010-06-22,0.05,0.0,0.95,0.0,0.0024964805255748954,1.2504794981293483
2010-06-23,0.05,0.0,0.95,0.0,0.001778526631096111,1.2527035092184111
2010-06-24,0.05,0.0,0.95,0.0,-0.0007100812856208837,1.2518139879000836
2010-06-25,0.05,0.0,0.95,0.0,0.0005329593267882293,1.2524811538403389
2010-06-28,0.05,0.0,0.95,0.0,0.0030184094944397666,1.2562616548466974
2010-06-29,0.05,0.0,0.95,0.0,0.0012389380530973826,1.2578180852155338
2010-06-30,0.05,0.12,0.426987382794678,0.4030126172053219,-0.00026514094334354474,1.2574845861418653
2010-07-01,0.05,0.12,0.426987382794678,0.4030126172053219,-3.064409848407841e-05,1.2574460516603654
2010-07-02,0.05,0.12,0.426987382794678,0.4030126172053219,-0.001055834981597828,1.2561183961315503
2010-07-06,0.05,0.12,0.426987382794678,0.4030126172053219,0.0020069021915376513,1.2586393028935774
2010-07-07,0.05,0.12,0.426987382794678,0.4030126172053219,-0.0008129720846287616,1.2576160642757084
2010-07-08,0.05,0.12,0.426987382794678,0.4030126172053219,-0.00021928387450155515,1.2573402893524985
2010-07-09,0.05,0.12,0.426987382794678,0.4030126172053219,-0.000471234796076084,1.256747786857647
2010-07-12,0.05,0.12,0.426987382794678,0.4030126172053219,0.0007716850501266464,1.257717600336545
2010-07-13,0.05,0.12,0.426987382794678,0.4030126172053219,-0.0008680911048197547,1.2566257868753175
2010-07-14,0.05,0.12,0.426987382794678,0.4030126172053219,0.0027048738258894484,1.2600248010751742
2010-07-15,0.05,0.12,0.426987382794678,0.4030126172053219,0.0023429992713207533,1.2629770382659393
2010-07-16,0.05,0.12,0.426987382794678,0.4030126172053219,0.001749582749885007,1.2651867211055903
2010-07-19,0.05,0.12,0.426987382794678,0.4030126172053219,-0.000664505429286706,1.2643459976603542
2010-07-20,0.05,0.12,0.426987382794678,0.4030126172053219,0.0010033719435844524,1.2656146069613898
2010-07-21,0.05,0.12,0.426987382794678,0.4030126172053219,0.0016073914517793254,1.2676489450618666
2010-07-22,0.05,0.12,0.426987382794678,0.4030126172053219,-0.0006220380597269759,1.2668604191716655
2010-07-23,0.05,0.12,0.426987382794678,0.4030126172053219,-0.0013410021916284171,1.265161556573069
2010-07-26,0.05,0.12,0.426987382794678,0.4030126172053219,0.0005700561844773627,1.2658827697427564
2010-07-27,0.05,0.12,0.426987382794678,0.4030126172053219,-0.0007634533348862727,1.2649163273206212
2010-07-28,0.05,0.12,0.426987382794678,0.4030126172053219,0.0023684027551687083,1.2679121586353053
2010-07-29,0.05,0.12,0.426987382794678,0.4030126172053219,0.0009549484797414052,1.2691229494236396
2010-07-30,0.05,0.12,0.6016834685751059,0.22831653142489408,0.0027801258635068897,1.2726512709593025
2010-08-02,0.05,0.12,0.6016834685751059,0.22831653142489408,-0.0016183128678093788,1.270591723031275
2010-08-03,0.05,0.12,0.6016834685751059,0.22831653142489408,0.002714999476883315,1.2740413788946374
2010-08-04,0.05,0.12,0.6016834685751059,0.22831653142489408,-0.0014492086065158308,1.272195027163286
2010-08-05,0.05,0.12,0.6016834685751059,0.22831653142489408,0.0013414023656884236,1.2739015525823398
2010-08-06,0.05,0.12,0.6016834685751059,0.22831653142489408,0.0025767907995702132,1.2771841303825922
2010-08-09,0.05,0.12,0.6016834685751059,0.22831653142489408,-0.0001468143670488009,1.2769966214028854
2010-08-10,0.05,0.12,0.6016834685751059,0.22831653142489408,0.0009834665287612476,1.2782525048373765
2010-08-11,0.05,0.12,0.6016834685751059,0.22831653142489408,0.0014104036347350555,1.2800553568163084
2010-08-12,0.05,0.12,0.6016834685751059,0.22831653142489408,-0.001746218014366212,1.2778201010928498
2010-08-13,0.05,0.12,0.6016834685751059,0.22831653142489408,0.0009683320847489372,1.2790574552952751
2010-08-16,0.05,0.12,0.6016834685751059,0.22831653142489408,0.0027163844996248025,1.2825318671409687
2010-08-17,0.05,0.12,0.6016834685751059,0.22831653142489408,-0.0018463047538734528,1.280163922457672
2010-08-18,0.05,0.12,0.6016834685751059,0.22831653142489408,0.00029597441033000837,1.280542818219747
2010-08-19,0.05,0.12,0.6016834685751059,0.22831653142489408,0.0017014378327223423,1.2827215822170868
2010-08-20,0.05,0.12,0.6016834685751059,0.22831653142489408,-0.0017566568602475207,1.2804682805498975
2010-08-23,0.05,0.12,0.6016834685751059,0.22831653142489408,0.0005247745697020436,1.2811402377408403
2010-08-24,0.05,0.12,0.6016834685751059,0.22831653142489408,0.002545577260535632,1.2844014791975906
2010-08-25,0.05,0.12,0.6016834685751059,0.22831653142489408,-0.0022346628370078464,1.28153127494423
2010-08-26,0.05,0.12,0.6016834685751059,0.22831653142489408,0.00101337082597271,1.2828299413508302
2010-08-27,0.05,0.12,0.6016834685751059,0.22831653142489408,-0.004351546184139687,1.2772476476146448
2010-08-30,0.05,0.12,0.6016834685751059,0.22831653142489408,0.003309965803853315,1.2814752936513014
2010-08-31,0.05,0.12,0.549361955432688,0.2806380445673119,1.2035509386919665e-05,1.2814907168592273
2010-09-01,0.05,0.12,0.549361955432688,0.2806380445673119,-0.0024702614681267362,1.2783250997196078
2010-09-02,0.05,0.12,0.549361955432688,0.2806380445673119,-0.0004897704110640703,1.2776990139100448
2010-09-03,0.05,0.12,0.549361955432688,0.2806380445673119,-0.0017186643560373025,1.2755030781570935
2010-09-07,0.05,0.12,0.549361955432688,0.2806380445673119,0.003096315160862999,1.2794524376757186
2010-09-08,0.05,0.12,0.549361955432688,0.2806380445673119,-0.0012209055392951552,1.2778903471072958
2010-09-09,0.05,0.12,0.549361955432688,0.2806380445673119,-0.0031906969572916546,1.273812986265028
2010-09-10,0.05,0.12,0.549361955432688,0.2806380445673119,-0.00032013245806798224,1.2734051973826161
2010-09-13,0.05,0.12,0.549361955432688,0.2806380445673119,0.0029816600585531386,1.2772020587980057
2010-09-14,0.05,0.12,0.549361955432688,0.2806380445673119,0.002633259567944952,1.2805652633395346
2010-09-15,0.05,0.12,0.549361955432688,0.2806380445673119,-0.0010346699563534632,1.2792403009344073
2010-09-16,0.05,0.12,0.549361955432688,0.2806380445673119,-0.0005599250596971209,1.2785240222325396
2010-09-17,0.05,0.12,0.549361955432688,0.2806380445673119,0.0006904165183088592,1.2794067363365436
2010-09-20,0.05,0.12,0.549361955432688,0.2806380445673119,0.001144752839189254,1.2808713408304426
2010-09-21,0.05,0.12,0.549361955432688,0.2806380445673119,0.0037721156628911586,1.2857029356773375
2010-09-22,0.05,0.12,0.549361955432688,0.2806380445673119,0.0002753804896037939,1.2860569931812496
2010-09-23,0.05,0.12,0.549361955432688,0.2806380445673119,-0.0004929585897704271,1.2854230203395265
2010-09-24,0.05,0.12,0.549361955432688,0.2806380445673119,-0.0012192752935518668,1.2838557358090636
2010-09-27,0.05,0.12,0.549361955432688,0.2806380445673119,0.0027717217629430343,1.2874142266924848
2010-09-28,0.05,0.12,0.549361955432688,0.2806380445673119,0.00179676925417117,1.2897274129923884
2010-09-29,0.05,0.12,0.549361955432688,0.2806380445673119,-0.0012064188537323796,1.288171461525179
2010-09-30,0.05,0.12,0.573087550824839,0.25691244917516104,-0.0012359211582630744,1.2865793831604093
2010-10-01,0.05,0.12,0.573087550824839,0.25691244917516104,0.0003405055990295863,1.2870174706439714
2010-10-04,0.05,0.12,0.573087550824839,0.25691244917516104,0.0015493416356474902,1.289011500397046
2010-10-05,0.05,0.12,0.573087550824839,0.25691244917516104,0.0009332645773248546,1.2902144891701308
2010-10-06,0.05,0.12,0.573087550824839,0.25691244917516104,0.0025370866071968835,1.293487875071016
2010-10-07,0.05,0.12,0.573087550824839,0.25691244917516104,0.0008599557816543606,1.2946002174476832
2010-10-08,0.05,0.12,0.573087550824839,0.25691244917516104,0.0009526517324631241,1.2958335205876819
2010-10-11,0.05,0.12,0.573087550824839,0.25691244917516104,0.0,1.2958335205876819
2010-10-12,0.05,0.12,0.573087550824839,0.25691244917516104,-0.0011117963189735455,1.29439281764949
2010-10-13,0.05,0.12,0.573087550824839,0.25691244917516104,0.0005802424088317912,1.2951438792559775
2010-10-14,0.05,0.12,0.573087550824839,0.25691244917516104,-0.0024022411162580807,1.2920326313777588
2010-10-15,0.05,0.12,0.573087550824839,0.25691244917516104,-0.0017726535724010778,1.2897423051180883
2010-10-18,0.05,0.12,0.573087550824839,0.25691244917516104,0.0023291216706908865,1.2927462718705456
2010-10-19,0.05,0.12,0.573087550824839,0.25691244917516104,0.0005692189338938681,1.293482127525215
2010-10-20,0.05,0.12,0.573087550824839,0.25691244917516104,-4.959067962119164e-05,1.2934179828674333
2010-10-21,0.05,0.12,0.573087550824839,0.25691244917516104,-0.0012667971119425588,1.2917794847022022
2010-10-22,0.05,0.12,0.573087550824839,0.25691244917516104,-0.0004962367437320208,1.2911384562570938
2010-10-25,0.05,0.12,0.573087550824839,0.25691244917516104,0.00024835723180269243,1.2914591198299636
2010-10-26,0.05,0.12,0.573087550824839,0.25691244917516104,-0.0022961923227090048,1.2884936813139174
2010-10-27,0.05,0.12,0.573087550824839,0.25691244917516104,-0.0016710044491081047,1.286340602639794
2010-10-28,0.05,0.12,0.573087550824839,0.25691244917516104,0.0025756236801329872,1.2896537319566699
2010-10-29,0.05,0.12,0.6287101651024587,0.20128983489754132,0.0017454774453826624,1.2919047934581538
2010-11-01,0.05,0.12,0.6287101651024587,0.20128983489754132,-0.001686493209616093,1.289726004796516
2010-11-02,0.05,0.12,0.6287101651024587,0.20128983489754132,0.0010227032692827337,1.2910450117981003
2010-11-03,0.05,0.12,0.6287101651024587,0.20128983489754132,0.00015478465210912344,1.2912448457511085
2010-11-04,0.05,0.12,0.6287101651024587,0.20128983489754132,0.004858608985929989,1.2975184995617106
2010-11-05,0.05,0.12,0.6287101651024587,0.20128983489754132,-0.0014681185733594706,1.2956135885532265
2010-11-08,0.05,0.12,0.6287101651024587,0.20128983489754132,-0.0007150727879990427,1.2946871305322902
2010-11-09,0.05,0.12,0.6287101651024587,0.20128983489754132,-0.003358033138078563,1.290339528244519
2010-11-10,0.05,0.12,0.6287101651024587,0.20128983489754132,0.000836777342504725,1.291419255125892
2010-11-11,0.05,0.12,0.6287101651024587,0.20128983489754132,0.0,1.291419255125892
2010-11-12,0.05,0.12,0.6287101651024587,0.20128983489754132,-0.0050203507609403964,1.2849358774857276
2010-11-15,0.05,0.12,0.6287101651024587,0.20128983489754132,-0.005580691303430583,1.2777650470087771
2010-11-16,0.05,0.12,0.83,0.0,0.00032106047551389347,1.2781752868623648
2010-11-17,0.05,0.12,0.83,0.0,-0.0006571157355910062,1.277335377768524
2010-11-18,0.05,0.12,0.8299999999999998,0.0,-0.0006624662569296047,1.2764891861819698
2010-11-19,0.05,0.12,0.83,0.0,-1.580384263492719e-05,1.2764690127477463
2010-11-22,0.05,0.12,0.8299999999999998,0.0,0.0021639594581789896,1.2792312399409542
2010-11-23,0.05,0.12,0.8299999999999998,0.0,0.00029106362530698196,1.2796035776232575
2010-11-24,0.05,0.12,0.8299999999999998,0.0,-0.0051042077200443734,1.2730722151637563
2010-11-26,0.05,0.12,0.83,0.0,0.0012182368590036628,1.2746231186604422
2010-11-29,0.05,0.12,0.8299999999999998,0.0,-0.00023092466082941243,1.2743287767490803
2010-11-30,0.05,0.12,0.8299999999999998,0.0,-0.001614731493580289,1.2722710779400879
2010-12-01,0.05,0.12,0.83,0.0,-0.005178310152470166,1.2656828637004967
2010-12-02,0.05,0.12,0.83,0.0,-0.00071070126428462,1.2647833412890812
2010-12-03,0.05,0.12,0.8300000000000001,0.0,0.0010826327776748833,1.2661526371910181
2010-12-06,0.05,0.12,0.8300000000000001,0.0,0.003280385860019808,1.2703061063986865
2010-12-07,0.88,0.12,0.0,0.0,-0.00668993702234966,1.2618078385477731
2010-12-08,0.88,0.12,0.0,0.0,-0.00013848817080208686,1.2616330930883088
2010-12-09,0.88,0.12,0.0,0.0,-1.155401502022535e-05,1.2616185161606013
2010-12-10,0.88,0.12,0.0,0.0,0.0,1.2616185161606013
2010-12-13,0.88,0.12,0.0,0.0,1.1555127587863367e-05,1.2616330943235228
2010-12-14,0.88,0.12,0.0,0.0,-4.621606008088808e-05,1.2615747866126354
2010-12-15,0.88,0.12,0.0,0.0,-0.00012714313234443608,1.2614143860425788
2010-12-16,0.88,0.12,0.0,0.0,-8.099508244141073e-05,1.2613122176803886
2010-12-17,0.88,0.12,0.0,0.0,2.315708220763213e-05,1.2613414259911029
2010-12-20,0.88,0.12,0.0,0.0,3.472892147404316e-05,1.261385231018438
2010-12-21,0.88,0.12,0.0,0.0,9.258366284116803e-05,1.2615020146833793
2010-12-22,0.88,0.12,0.0,0.0,5.782017924254923e-05,1.2615749549559832
2010-12-23,0.88,0.12,0.0,0.0,4.6233866307074934e-05,1.2616332824437868
2010-12-27,0.88,0.12,0.0,0.0,1.155401502022535e-05,1.2616478593736822
2010-12-28,0.88,0.12,0.0,0.0,4.621161066718393e-05,1.2617061621533587
2010-12-29,0.88,0.12,0.0,0.0,0.00011548455394092549,1.2618518697266994
2010-12-30,0.88,0.12,0.0,0.0,0.00011537352177674264,1.2619974540208703
2010-12-31,0.88,0.12,0.0,0.0,9.221016232830336e-05,1.2621138230109636
2011-01-03,0.88,0.12,0.0,0.0,0.000264900662251657,1.2624481577985163
2011-01-04,0.88,0.12,0.0,0.0,0.00022984102662325866,1.2627383201791633
2011-01-05,0.88,0.12,0.0,0.0,0.00010323073982029918,1.2628686735901549
2011-01-06,0.88,0.12,0.0,0.0,0.00017190335211537898,1.2630857649484266
2011-01-07,0.88,0.12,0.0,0.0,4.5775319473584375e-05,1.2631435831028397
2011-01-10,0.88,0.12,0.0,0.0,-9.151572926598295e-05,1.2630279855966644
2011-01-11,0.88,0.12,0.0,0.0,9.158557527190857e-05,1.2631436607413098
2011-01-12,0.88,0.12,0.0,0.0,0.0001601525262154535,1.2633459563895504
2011-01-13,0.88,0.12,0.0,0.0,0.0001256664127951268,1.263504716544009
2011-01-14,0.88,0.12,0.0,0.0,2.282453637659998e-05,1.2635335554533738
2011-01-18,0.88,0.12,0.0,0.0,2.28201958733365e-05,1.263562389536602
2011-01-19,0.88,0.12,0.0,0.0,3.4223785530942404e-05,1.2636056334248262
2011-01-20,0.88,0.12,0.0,0.0,-9.123740733701257e-05,1.2634903453229362
2011-01-21,0.88,0.12,0.0,0.0,4.565341449496607e-05,1.2635480279713818
2011-01-24,0.88,0.12,0.0,0.0,0.00010268111808326985,1.263677770495646
2011-01-25,0.88,0.12,0.0,0.0,0.00011399259048161525,1.2638218203982388
2011-01-26,0.88,0.12,0.0,0.0,4.555376293060576e-05,1.2638793922378317
2011-01-27,0.88,0.12,0.0,0.0,0.00010245707238402346,1.264008885620207
2011-01-28,0.88,0.12,0.0,0.0,4.549763033177001e-05,1.2640663950292208
2011-01-31,0.88,0.12,0.0,0.0,-0.00017055144968733504,1.2638508066730474
2011-02-01,0.88,0.12,0.0,0.0,0.00010247651579847527,1.2639803217002044
2011-02-02,0.88,0.12,0.0,0.0,0.00010238907849827504,1.2641097394805834
2011-02-03,0.88,0.12,0.0,0.0,4.5467462347259514e-05,1.264167215342566
2011-02-04,0.88,0.12,0.0,0.0,9.090048290880226e-05,1.2642821287529182
2011-02-07,0.88,0.12,0.0,0.0,0.00013624751632131726,1.2644543840528903
2011-02-08,0.88,0.12,0.0,0.0,6.804649844061039e-05,1.264540425746163
2011-02-09,0.88,0.12,0.0,0.0,1.1334655709829277e-05,1.26455475887652
2011-02-10,0.88,0.12,0.0,0.0,-9.066868152626028e-05,1.2644401033638148
2011-02-11,0.88,0.12,0.0,0.0,1.1342155009463894e-05,1.2644544448394672
2011-02-14,0.88,0.12,0.0,0.0,4.5364332293722494e-05,1.2645118059710732
2011-02-15,0.88,0.12,0.0,0.0,3.401039206423206e-05,1.264554812513364
2011-02-16,0.88,0.12,0.0,0.0,1.1333585190795859e-05,1.2645691444530602
2011-02-17,0.88,0.12,0.0,0.0,0.00014732269336102275,1.2647554441853623
2011-02-18,0.88,0.12,0.0,0.0,0.00010186757215619125,1.2648842817518329
2011-02-22,0.88,0.12,0.0,0.0,-1.130901894261349e-05,1.2648699771515304
2011-02-23,0.88,0.12,0.0,0.0,-0.00014703110273325937,1.2646840019239756
2011-02-24,0.88,0.12,0.0,0.0,-0.00012456355572331378,1.2645264683878294
2011-02-25,0.88,0.12,0.0,0.0,6.80143585868187e-05,1.2646124743444929
2011-02-28,0.88,0.12,0.0,0.0,-7.930513595166388e-05,1.2645121840802889
2011-03-01,0.88,0.12,0.0,0.0,0.00013604156825698153,1.2646842103008913
2011-03-02,0.88,0.12,0.0,0.0,-2.2647919222418268e-05,1.2646555678350544
2011-03-03,0.88,0.12,0.0,0.0,4.530438886265031e-05,1.2647128622826769
2011-03-04,0.88,0.12,0.0,0.0,4.528729125390818e-05,1.2647701377024236
2011-03-07,0.88,0.12,0.0,0.0,-1.1317551636338407e-05,1.264755823601082
2011-03-08,0.88,0.12,0.0,0.0,-1.1318619128459772e-05,1.2647415083116242
2011-03-09,0.88,0.12,0.0,0.0,-1.131968682200668e-05,1.2647271918338394
2011-03-10,0.88,0.12,0.0,0.0,-0.00020377358490566432,1.2644694738400317
2011-03-11,0.88,0.12,0.0,0.0,-0.00011340011340011279,1.2643260828583074
2011-03-14,0.88,0.12,0.0,0.0,-3.405221339387143e-05,1.2642830297567345
2011-03-15,0.88,0.12,0.0,0.0,-0.0005336361055918281,1.2636083626843693
2011-03-16,0.88,0.12,0.0,0.0,7.983273141988434e-05,1.2637092399914074
2011-03-17,0.88,0.12,0.0,0.0,3.419128122327031e-05,1.2637524478294162
2011-03-18,0.88,0.12,0.0,0.0,0.00014812001519179496,1.2639396348611873
2011-03-21,0.88,0.12,0.0,0.0,0.00011379800853484667,1.2640834686745428
2011-03-22,0.88,0.12,0.0,0.0,2.2738038844156703e-05,1.264112211453556
2011-03-23,0.88,0.12,0.0,0.0,-1.1366865586808216e-05,1.2640978424599616
2011-03-24,0.88,0.12,0.0,0.0,2.273588480483646e-05,1.2641265828428898
2011-03-25,0.88,0.12,0.0,0.0,0.0,1.2641265828428898
2011-03-28,0.88,0.12,0.0,0.0,1.1365788975181701e-05,1.264140950638868
2011-03-29,0.88,0.12,0.0,0.0,-4.545885026991492e-05,1.2640834842446729
2011-03-30,0.88,0.12,0.0,0.0,5.6845097110365114e-05,1.2641553411930904
2011-03-31,0.88,0.12,0.0,0.0,-6.818181818180946e-05,1.2640691487834637
2011-04-01,0.88,0.12,0.0,0.0,7.959067652074658e-05,1.2641697569021844
2011-04-04,0.88,0.12,0.0,0.0,0.00013635072436321671,1.264342127364256
2011-04-05,0.88,0.12,0.0,0.0,1.1349664239101998e-05,1.264356477222885
2011-04-06,0.88,0.12,0.0,0.0,0.00013618309059959977,1.264528661195573
2011-04-07,0.88,0.12,0.0,0.0,9.068581144907383e-05,1.2646433360033142
2011-04-08,0.88,0.12,0.0,0.0,5.663583160280261e-05,1.2647149601303296
2011-04-11,0.88,0.12,0.0,0.0,2.2643645626967412e-05,1.264743597887706
2011-04-12,0.88,0.12,0.0,0.0,-6.791812093198679e-05,1.2646576988790768
2011-04-13,0.88,0.12,0.0,0.0,3.3978291647001057e-05,1.2647006697872027
2011-04-14,0.88,0.12,0.0,0.0,-3.396867333458786e-05,1.2646577095832847
2011-04-15,0.88,0.12,0.0,0.0,4.530438886265031e-05,1.2647150041279378
2011-04-18,0.88,0.12,0.0,0.0,-6.793093688082229e-05,1.2646290908528202
2011-04-19,0.88,0.12,0.0,0.0,-1.1328235627310334e-05,1.2646147648364978
2011-04-20,0.88,0.12,0.0,0.0,0.00010196374622356785,1.2647437096954504
2011-04-21,0.88,0.12,0.0,0.0,4.527874728797343e-05,1.2648009757062657
2011-04-25,0.88,0.12,0.0,0.0,2.263083451202519e-05,1.2648295992078373
2011-04-26,0.88,0.12,0.0,0.0,3.3939851041768776e-05,1.2648725273360277
2011-04-27,0.88,0.12,0.0,0.0,2.262016965127067e-05,1.2649011389671834
2011-04-28,0.88,0.12,0.0,0.0,6.784771956277246e-05,1.2649869596249348
2011-04-29,0.88,0.12,0.0,0.0,0.00011301563382934532,1.2651299229279627
2011-05-02,0.88,0.12,0.0,0.0,-0.00011290929619871104,1.264987077998765
2011-05-03,0.88,0.12,0.0,0.0,1.1301563382923874e-05,1.2650013743304056
2011-05-04,0.88,0.12,0.0,0.0,3.390149731613334e-05,1.2650442597711022
2011-05-05,0.05,0.12,0.8300000000000001,0.0,-3.389192242515993e-05,1.2650013849891857
2011-05-06,0.05,0.12,0.83,0.0,0.0006591073218653242,1.2658351566642019
2011-05-09,0.05,0.12,0.8299999999999998,0.0,0.0007240217696907347,1.2667516488744666
2011-05-10,0.05,0.12,0.8300000000000001,0.0,-0.001838825810024863,1.2644223132476247
2011-05-11,0.05,0.12,0.8300000000000001,0.0,0.0011969901485884217,1.2659358143002375
2011-05-12,0.05,0.12,0.8300000000000001,0.0,-0.001371317458364033,1.2641998144169193
2011-05-13,0.05,0.12,0.8300000000000001,0.0,0.00116332627168243,1.2656704912736865
2011-05-16,0.05,0.12,0.8300000000000001,0.0,0.0005933399284681462,1.266421464112443
2011-05-17,0.05,0.12,0.83,0.0,0.00037194140989494696,1.2668924986973262
2011-05-18,0.05,0.12,0.83,0.0,-0.0017418840791976562,1.2646857188237906
2011-05-19,0.05,0.12,0.8300000000000001,0.0,0.00047189451479615394,1.2652825170774444
2011-05-20,0.05,0.12,0.8299999999999998,0.0,0.0006792216893412829,1.2661419244061876
2011-05-23,0.05,0.12,0.83,0.0,-0.0001807228915662673,1.2659131035764757
2011-05-24,0.05,0.12,0.83,0.0,-4.524886877826706e-05,1.2658558224405674
2011-05-25,0.05,0.12,0.8299999999999998,0.0,-0.0005731260515461723,1.2651303274912253
2011-05-26,0.05,0.12,0.83,0.0,0.002278426898298755,1.2680128344592347
2011-05-27,0.05,0.12,0.83,0.0,-0.0002861184637499614,1.2676500325750242
2011-05-31,0.05,0.12,0.5722906257429591,0.25770937425704094,-0.001031488150018711,1.2663424665880523
2011-06-01,0.05,0.12,0.5722906257429591,0.25770937425704094,0.002170425011481816,1.2690909679506366
2011-06-02,0.05,0.12,0.5722906257429591,0.25770937425704094,-0.0022261163597969602,1.266265823784811
2011-06-03,0.05,0.12,0.5722906257429591,0.25770937425704094,0.0007965807959828776,1.2672745068226474
2011-06-06,0.05,0.12,0.5722906257429591,0.25770937425704094,-0.00020214331272205553,1.26701833575571
2011-06-07,0.05,0.12,0.5722906257429591,0.25770937425704094,-0.00017635549550831624,1.2667948901092898
2011-06-08,0.05,0.12,0.5722906257429591,0.25770937425704094,0.0011470101736741271,1.2682479167362035
2011-06-09,0.05,0.12,0.5722906257429591,0.25770937425704094,-0.0021353992848445616,1.2655397010417995
2011-06-10,0.05,0.12,0.5722906257429591,0.25770937425704094,0.000498303991847391,1.26617032452667
2011-06-13,0.05,0.12,0.5722906257429591,0.25770937425704094,-0.001216384749484409,1.264630174253666
2011-06-14,0.05,0.12,0.5722906257429591,0.25770937425704094,-0.003206813523080877,1.2605747411091734
2011-06-15,0.05,0.12,0.5722906257429591,0.25770937425704094,0.0037299262817350617,1.2652765919661277
2011-06-16,0.05,0.12,0.5722906257429591,0.25770937425704094,0.0007101249850499948,1.266175096487082
2011-06-17,0.05,0.12,0.5722906257429591,0.25770937425704094,-0.001122231503888501,1.264754154904365
2011-06-20,0.05,0.12,0.5722906257429591,0.25770937425704094,-0.0009156591603304801,1.2635960711768608
2011-06-21,0.05,0.12,0.5722906257429591,0.25770937425704094,-0.0004522985765337596,1.263024548472554
2011-06-22,0.05,0.12,0.5722906257429591,0.25770937425704094,-0.0002020978337366078,1.2627692939473516
2011-06-23,0.05,0.12,0.5722906257429591,0.25770937425704094,0.0020552705324533684,1.2653646264664886
2011-06-24,0.05,0.12,0.5722906257429591,0.25770937425704094,0.0012190667654584418,1.2669071904288005
2011-06-27,0.05,0.12,0.5722906257429591,0.25770937425704094,-0.0023846738088925106,1.2638860300334873
2011-06-28,0.05,0.12,0.5722906257429591,0.25770937425704094,-0.004218613223844548,1.2585541837137557
2011-06-29,0.05,0.12,0.5722906257429591,0.25770937425704094,-0.0009561353554187624,1.257350835561997
2011-06-30,0.05,0.0,0.0,0.95,-0.0008150114708819206,1.256326080208091
2011-07-01,0.05,0.0,0.0,0.95,-0.0019021739130434588,1.253936329512043
2011-07-05,0.05,0.0,0.95,0.0,0.0029951275437087085,1.2576920287506215
2011-07-06,0.05,0.0,0.95,0.0,0.0012358297714178622,1.2592463220030266
2011-07-07,0.05,0.0,0.95,0.0,-0.002292130660727537,1.256359964898955
2011-07-08,0.05,0.0,0.95,0.0,0.005479069767441924,1.263243648799657
2011-07-11,0.05,0.0,0.95,0.0,0.002548094709581905,1.2664625132580765
2011-07-12,0.05,0.0,0.95,0.0,-0.0004381514620422022,1.2659076108562708
2011-07-13,0.05,0.0,0.95,0.0,0.0007890365448505298,1.266906458223641
2011-07-14,0.05,0.0,0.95,0.0,-0.0019271553711387667,1.264464932637945
2011-07-15,0.05,0.0,0.95,0.0,0.0010533123902797925,1.2657968092185667
2011-07-18,0.05,0.0,0.95,0.0,-0.0004383940932164487,1.2652418913741932
2011-07-19,0.05,0.0,0.95,0.0,-0.0002631578947368818,1.2649089329817262
2011-07-20,0.05,0.0,0.95,0.0,-0.0009651796434838266,1.2636880686287515
2011-07-21,0.05,0.0,0.95,0.0,-0.002459319526627218,1.2605802558860069
2011-07-22,0.05,0.0,0.95,0.0,0.0018492769744161252,1.2629114179276204
2011-07-25,0.05,0.0,0.95,0.0,-0.0011425663798686812,1.261468457800744
2011-07-26,0.05,0.0,0.95,0.0,0.002111893293812639,1.2641325445771296
2011-07-27,0.05,0.0,0.95,0.0,-0.0013170055452865759,1.2624676750059443
2011-07-28,0.05,0.0,0.95,0.0,0.001494678389634396,1.2643546581573875
2011-07-29,0.05,0.0,0.3647436460157573,0.5852563539842427,0.005267048604694091,1.271014075595474
2011-08-01,0.05,0.0,0.3647436460157573,0.5852563539842427,0.0014950112772609868,1.2729142559720465
2011-08-02,0.05,0.0,0.3647436460157573,0.5852563539842427,0.0031980239191634996,1.2769850662096895
2011-08-03,0.05,0.0,0.3647436460157573,0.5852563539842427,-0.00018827310089369252,1.2767446442714794
2011-08-04,0.05,0.0,0.3647436460157573,0.5852563539842427,0.003448056909138405,1.281146932463365
2011-08-05,0.05,0.0,0.3647436460157573,0.5852563539842427,-0.004157793890283478,1.2758201875750135
2011-08-08,0.05,0.0,0.266512239054928,0.683487760945072,0.0032666438960228398,1.2799878378031782
2011-08-09,0.05,0.0,0.27939364456754423,0.6706063554324556,0.004509877241150546,1.285760425821836
2011-08-10,0.05,0.0,0.25496708510329763,0.6950329148967023,0.00012853436711049372,1.2859256902244247
2011-08-11,0.05,0.0,0.09351806490726584,0.8564819350927342,-0.004482015997940594,1.280162150708676
2011-08-12,0.05,0.0,0.1471781965376702,0.8028218034623298,0.0023888875720798055,1.283220314160751
2011-08-15,0.05,0.0,0.11654797775564814,0.8334520222443518,-0.0014684166017068776,1.28133601214779
2011-08-16,0.05,0.0,0.15751980054930279,0.7924801994506971,0.001992451185902437,1.2838890116047332
2011-08-17,0.05,0.0,0.18139275939355007,0.7686072406064499,0.0009959961026958968,1.2851677600565856
2011-08-18,0.05,0.0,0.17014058190795533,0.7798594180920446,0.0010171306017908383,1.2864749435137741
2011-08-19,0.05,0.0,0.14650697118088463,0.8034930288191153,-0.00034738304963029514,1.2860280439246232
2011-08-22,0.05,0.0,0.1253694022275491,0.8246305977724508,-0.0008098744347167621,1.2849865226895199
2011-08-23,0.05,0.0,0.05288871509862722,0.8971112849013727,-0.0013704774186224032,1.2832254776769398
2011-08-24,0.05,0.0,0.0,0.95,-0.003108557826630154,1.279236497074976
2011-08-25,0.05,0.0,0.0,0.95,0.0017651430694908708,1.281494532512028
2011-08-26,0.05,0.0,0.0,0.95,0.0010571216617210387,1.2828492281417234
2011-08-29,0.05,0.0,0.0,0.95,-0.0020238977399036294,1.2802528724882503
2011-08-30,0.05,0.0,0.0,0.95,0.0024691358024691358,1.2834139906919249
2011-08-31,0.05,0.0,0.0,0.95,-0.0019350060179612548,1.2809305768964003
2011-09-01,0.05,0.0,0.0,0.95,0.001762686705631211,1.2831884561951323
2011-09-02,0.05,0.0,0.05071852928529746,0.8992814707147025,0.0021113066024632254,1.2858976604549017
2011-09-06,0.05,0.0,0.0,0.95,-0.00026422712368587834,1.2855578914147252
2011-09-07,0.05,0.0,0.0,0.95,-0.001316883836983551,1.2838649610060144
2011-09-08,0.05,0.0,0.05,0.8999999999999998,0.001406625948547102,1.2856708787745958
2011-09-09,0.05,0.0,0.05,0.9,0.001871096307632125,1.288076492808701
2011-09-12,0.05,0.0,0.0,0.95,-0.0015997715433701486,1.2860158646898217
2011-09-13,0.05,0.0,0.0,0.95,-0.0014038976632492982,1.2842104300224821
2011-09-14,0.05,0.0,0.0,0.95,-0.0005272407732865303,1.2835333419222943
2011-09-15,0.05,0.0,0.0,0.95,-0.0017584451642758347,1.2812763189240042
2011-09-16,0.05,0.0,0.0,0.95,0.0004404265183126088,1.2818406269921443
2011-09-19,0.05,0.0,0.0,0.95,0.003521779425393878,1.2863549869389193
2011-09-20,0.05,0.0,0.0,0.95,-0.0003508771929823684,1.2859036343119232
2011-09-21,0.05,0.0,0.0,0.95,0.00026325512654723493,1.2862421550359018
2011-09-22,0.05,0.0,0.0,0.95,0.0032459137501153587,1.2904171861329108
2011-09-23,0.05,0.0,0.0,0.95,-0.0028851463279955746,1.2866941437267572
2011-09-26,0.05,0.0,0.0,0.95,-0.002455460168005141,1.2835347175084306
2011-09-27,0.05,0.0,0.0,0.95,-0.0026376677464136464,1.2801491793826565
2011-09-28,0.05,0.0,0.0,0.95,0.00026450116009284485,1.280487780325695
2011-09-29,0.05,0.0,0.0,0.95,0.0007932826127297287,1.2815035690176404
2011-09-30,0.05,0.0,0.0,0.95,8.806897191049323e-05,1.2816164297194634
2011-10-03,0.05,0.0,0.0,0.95,0.0035224323322210704,1.2861308368690132
2011-10-04,0.05,0.0,0.0,0.95,-0.0004386775027705958,1.2855666402052592
2011-10-05,0.05,0.0,0.0,0.95,-0.002896609073269851,1.2818428562109476
2011-10-06,0.05,0.0,0.0,0.95,-0.0020250231696015697,1.2792470947273322
2011-10-07,0.05,0.0,0.0,0.95,-0.0025587443113216646,1.275973828500924
2011-10-10,0.05,0.0,0.0,0.95,0.0,1.275973828500924
2011-10-11,0.05,0.0,0.0,0.95,-0.0024771838331160865,1.272813006761482
2011-10-12,0.05,0.0,0.0,0.95,-0.001153127917833796,1.2713452905492033
2011-10-13,0.05,0.0,0.0,0.95,0.001953818827708742,1.2738292689143973
2011-10-14,0.05,0.0,0.0,0.95,-0.0008862767049164998,1.2727003037073177
2011-10-17,0.05,0.0,0.0,0.95,0.001774208609580663,1.274958339543571
2011-10-18,0.05,0.0,0.0,0.95,0.0005312703886661385,1.2756356871561536
2011-10-19,0.05,0.0,0.0,0.95,-8.849557522118134e-05,1.275522799042246
2011-10-20,0.05,0.0,0.0,0.95,-0.0006195267374698166,1.274732578563987
2011-10-21,0.05,0.0,0.0,0.95,-0.00035424629439723685,1.2742810092716832
2011-10-24,0.05,0.0,0.0,0.95,-0.0010631353166092206,1.272926276127442
2011-10-25,0.05,0.0,0.0,0.95,0.002926897581925125,1.2766520009670086
2011-10-26,0.05,0.0,0.0,0.95,-0.002210536113179473,1.2738299156149082
2011-10-27,0.05,0.0,0.0,0.95,-0.004520011195074086,1.2680721901357086
2011-10-28,0.05,0.0,0.0,0.95,0.0026715410573678543,1.2714598970553626
2011-10-31,0.05,0.0,0.0,0.95,0.0024864460646850882,1.2746213135128008
2011-11-01,0.05,0.0,0.0,0.95,0.004074212194667126,1.2798143912118973
2011-11-02,0.05,0.0,0.0,0.95,0.00017638321574453553,1.2800401289897756
2011-11-03,0.05,0.0,0.0,0.95,-0.0011462780768516367,1.2785728470524242
2011-11-04,0.05,0.0,0.0,0.95,0.000706254065607359,1.27947584432383
2011-11-07,0.05,0.0,0.0,0.95,0.0007057294084872323,1.2803788080546186
2011-11-08,0.05,0.0,0.0,0.95,-0.0015867124431659218,1.2783472150679125
2011-11-09,0.05,0.0,0.0,0.95,0.0023840505623198617,1.2813948594648352
2011-11-10,0.05,0.0,0.0,0.95,-0.0019376970146486316,1.2789119044710642
2011-11-11,0.05,0.0,0.0,0.95,0.0,1.2789119044710642
2011-11-14,0.05,0.0,0.0,0.95,0.00026477146042365175,1.2792505238437641
2011-11-15,0.05,0.0,0.0,0.95,-0.0005293953747561919,1.2785732945332868
2011-11-16,0.05,0.0,0.0,0.95,0.0005296905492055193,1.2792505427238678
2011-11-17,0.05,0.0,0.0,0.95,0.0011470233119717842,1.2807178729182245
2011-11-18,0.05,0.0,0.0,0.95,-0.0021150278293134536,1.2780091189755032
2011-11-21,0.05,0.0,0.0,0.95,0.0009715507623651475,1.2792507697093534
2011-11-22,0.05,0.0,0.0,0.95,0.0007058604996749928,1.28015374229687
2011-11-23,0.05,0.0,0.0,0.95,0.0013225058004640133,1.2818467530465434
2011-11-25,0.05,0.0,0.0,0.95,-0.0021130676552364113,1.279138124133711
2011-11-28,0.05,0.0,0.0,0.95,0.00044120378970831093,1.2797024847216392
2011-11-29,0.05,0.0,0.0,0.95,-0.0008819979574783143,1.2785737897439347
2011-11-30,0.05,0.0,0.0,0.95,-0.00017656351640173428,1.2783480402596383
2011-12-01,0.05,0.0,0.0,0.95,-0.0008829816897482023,1.2772192823469635
2011-12-02,0.05,0.0,0.0,0.95,0.0017676062889570353,1.2794769031828173
2011-12-05,0.05,0.0,0.0,0.95,-0.00035286470424361616,1.279025420943789
2011-12-06,0.05,0.0,0.0,0.95,-0.0008824895494659035,1.2778966943763048
2011-12-07,0.05,0.0,0.0,0.95,0.002384937238493656,1.2809443977896708
2011-12-08,0.05,0.0,0.0,0.95,0.0014978668150620877,1.2828630818950597
2011-12-09,0.05,0.0,0.0,0.95,-0.0020233354940271783,1.2802674194874843
2011-12-12,0.05,0.0,0.0,0.95,0.0009697475872307959,1.2815089557285426
2011-12-13,0.05,0.0,0.0,0.95,0.0008806897191061979,1.2826375674907953
2011-12-14,0.05,0.0,0.0,0.95,0.0007038992312679348,1.2835404150885474
2011-12-15,0.05,0.0,0.0,0.95,-0.0003516890328550404,1.2830890080013346
2011-12-16,0.05,0.0,0.0,0.95,0.001495231922970075,1.28500752364611
2011-12-19,0.05,0.0,0.0,0.95,0.0006147162137177364,1.2857974386056445
2011-12-20,0.05,0.0,0.0,0.95,-0.002545034642032423,1.2825250395817567
2011-12-21,0.05,0.0,0.0,0.95,-0.0012319377547240218,1.280945048564117
2011-12-22,0.05,0.0,0.0,0.95,0.0,1.280945048564117
2011-12-23,0.05,0.0,0.0,0.95,-0.0025551845668706883,1.2776719975450166
2011-12-27,0.05,0.0,0.0,0.95,0.0002650423137730118,1.278010634687489
2011-12-28,0.05,0.0,0.0,0.95,0.0025613611007809013,1.281284081413562
2011-12-29,0.05,0.0,0.0,0.95,0.0005285118219749196,1.2819612551978974
2011-12-30,0.05,0.12,0.0,0.8300000000000001,0.0008803632656844806,1.2830898467950043
2012-01-03,0.05,0.12,0.0,0.8300000000000001,0.00013539290624626967,1.2832635680583369
2012-01-04,0.05,0.12,0.0,0.8300000000000001,-0.0003095037432130788,1.2828663931804938
2012-01-05,0.05,0.12,0.0,0.8300000000000001,0.00034328834043029,1.2833067862556025
2012-01-06,0.05,0.12,0.0,0.8300000000000001,0.0008101745119623827,1.2843464887048552
2012-01-09,0.05,0.12,0.0,0.8300000000000001,0.0003662688146875448,1.2848169047709213
2012-01-10,0.05,0.12,0.0,0.8300000000000001,-0.0001439689678280032,1.2846319310072933
2012-01-11,0.05,0.12,0.0,0.8300000000000001,0.0014502683744094004,1.2864949920695896
2012-01-12,0.05,0.12,0.0,0.8300000000000001,-0.0006796049251648517,1.2856206837367792
2012-01-13,0.05,0.12,0.0,0.8300000000000001,0.001485895163542086,1.2875309812928935
2012-01-17,0.05,0.12,0.0,0.8300000000000001,0.00017682609854624112,1.287758650373073
2012-01-18,0.05,0.12,0.0,0.8300000000000001,-0.0009271065932097034,1.2865647608378492
2012-01-19,0.05,0.12,0.0,0.8300000000000001,-0.0012858043994477112,1.2849104902081896
2012-01-20,0.05,0.12,0.0,0.8300000000000001,-0.0014154875801057933,1.2830917153677524
2012-01-23,0.05,0.12,0.0,0.8300000000000001,-0.0005496436154985929,1.2823864721983014
2012-01-24,0.05,0.12,0.0,0.8300000000000001,0.0002895885577970692,1.2827578366473238
2012-01-25,0.05,0.12,0.0,0.8300000000000001,0.0025464594047007716,1.2860243274044079
2012-01-26,0.05,0.12,0.0,0.8300000000000001,0.002286733556298666,1.2889651223880998
2012-01-27,0.05,0.12,0.0,0.8300000000000001,0.0006181290400732231,1.2897618691618895
2012-01-30,0.05,0.12,0.0,0.8300000000000001,0.000747272319215806,1.2907256725050944
2012-01-31,0.05,0.12,0.5731384387039506,0.2568615612960494,-0.0006911454990077782,1.2898335932660887
2012-02-01,0.05,0.12,0.5731384387039506,0.2568615612960494,-0.0001228701332050086,1.289675111240672
2012-02-02,0.05,0.12,0.5731384387039506,0.2568615612960494,0.0011296243282136183,1.291131959621821
2012-02-03,0.05,0.12,0.5731384387039506,0.2568615612960494,-0.0016862296241865434,1.2889548146627725
2012-02-06,0.05,0.12,0.5731384387039506,0.2568615612960494,0.0016082946123916276,1.2910278337468108
2012-02-07,0.05,0.12,0.5731384387039506,0.2568615612960494,-0.0013647840290284983,1.289265859578282
2012-02-08,0.05,0.12,0.83,0.0,0.0003412189956466085,1.2897057815800088
2012-02-09,0.05,0.12,0.8299999999999998,0.0,-0.0006546668714149173,1.2888614539309362
2012-02-10,0.05,0.12,0.8300000000000001,0.0,0.001173002047468021,1.2903732910552999
2012-02-13,0.05,0.12,0.8299999999999998,0.0,-0.0008031947318660671,1.2893368700257835
2012-02-14,0.05,0.12,0.8300000000000001,0.0,0.0014665323043172715,1.2912277241968235
2012-02-15,0.05,0.12,0.8300000000000001,0.0,-0.00022934512296208354,1.2909315874156455
2012-02-16,0.05,0.12,0.8300000000000001,0.0,-0.002749017227104517,1.2873827942428264
2012-02-17,0.05,0.12,0.8299999999999998,0.0,0.0006554180644529417,1.288226568182039
2012-02-21,0.05,0.12,0.8299999999999998,0.0,-0.0005216477153324804,1.2875545677359164
2012-02-22,0.05,0.12,0.83,0.0,0.001725729222477814,1.289776538278993
2012-02-23,0.05,0.12,0.8299999999999998,0.0,0.0007190936703482519,1.290704008423833
2012-02-24,0.05,0.12,0.8299999999999998,0.0,0.0007219124939486509,1.2916357837735037
2012-02-27,0.05,0.12,0.83,0.0,0.0015638697270154785,1.293655733874077
2012-02-28,0.05,0.12,0.8300000000000001,0.0,0.0009765240278485976,1.294919019781969
2012-02-29,0.05,0.12,0.8300000000000001,0.0,-0.0008810397087959088,1.293778144705866
2012-03-01,0.05,0.12,0.83,0.0,-0.0005003100501116997,1.2931308544974547
2012-03-02,0.05,0.12,0.8299999999999998,0.0,0.0022497040669122973,1.2960400162398673
2012-03-05,0.05,0.12,0.8300000000000001,0.0,-0.001111112851269984,1.2945999695220631
2012-03-06,0.05,0.12,0.83,0.0,-0.00036746530791799344,1.2941242489456322
2012-03-07,0.05,0.12,0.8300000000000001,0.0,-0.00044200496323759214,1.2935522396045522
2012-03-08,0.05,0.12,0.8299999999999998,0.0,-0.0005606417020633203,1.2928270202752326
2012-03-09,0.05,0.12,0.8299999999999998,0.0,-0.00037804250393166027,1.2923382767113372
2012-03-12,0.05,0.12,0.83,0.0,7.639911634756967e-05,1.2924370102137
2012-03-13,0.05,0.12,0.8299999999999998,0.0,-0.001600580122439259,1.2903683612256471
2012-03-14,0.05,0.12,0.83,0.0,-0.003597712810108012,1.2857259864427075
2012-03-15,0.05,0.12,0.83,0.0,0.00042077539572721307,1.2862669883034499
2012-03-16,0.05,0.12,0.83,0.0,3.103934685259269e-05,1.2863069131906448
2012-03-19,0.05,0.12,0.8299999999999998,0.0,-0.0019433079822389675,1.2838072226986323
2012-03-20,0.05,0.12,0.8299999999999998,0.0,-0.00027996710839674253,1.2834477989027546
2012-03-21,0.05,0.12,0.83,0.0,0.002356120056242323,1.2864717560028895
2012-03-22,0.05,0.12,0.8299999999999998,0.0,0.00010432244185601069,1.2866059638778544
2012-03-23,0.05,0.12,0.8300000000000001,0.0,0.0006450738068106763,1.2874359196848384
2012-03-26,0.05,0.12,0.8299999999999998,0.0,9.966312490528929e-05,1.2875642295717096
2012-03-27,0.05,0.12,0.8300000000000001,0.0,0.0019864145082846346,1.2901218658376792
2012-03-28,0.05,0.12,0.83,0.0,-0.0004055653206610688,1.289598637149469
2012-03-29,0.05,0.12,0.8300000000000001,0.0,0.0005399397569402997,1.2902949427241621
2012-03-30,0.05,0.12,0.8299999999999998,0.0,-0.0012430390666449366,1.2886910557028617
2012-04-02,0.05,0.12,0.8300000000000001,0.0,-0.0009116683215276498,1.2875161968911413
2012-04-03,0.05,0.12,0.8299999999999998,0.0,-0.002661375797642035,1.284089632445663
2012-04-04,0.05,0.12,0.8299999999999998,0.0,0.0006546121660707759,1.2849302131413873
2012-04-05,0.05,0.12,0.8300000000000001,0.0,0.0008535129489993241,1.286026917716864
2012-04-09,0.05,0.12,0.83,0.0,0.002035397844032574,1.2886444941325528
2012-04-10,0.05,0.12,0.83,0.0,0.0003629674791557713,1.2891122301761162
2012-04-11,0.05,0.12,0.8300000000000001,0.0,-0.001381675253581598,1.2873310957085926
2012-04-12,0.05,0.12,0.83,0.0,9.673803281598057e-05,1.2874556295863744
2012-04-13,0.05,0.12,0.8299999999999998,0.0,0.001349149895158963,1.2891926002140528
2012-04-16,0.05,0.12,0.8300000000000001,0.0,0.0003061036326757182,1.2895872267521968
2012-04-17,0.05,0.12,0.8300000000000001,0.0,-0.0003854982926579343,1.2890900930780504
2012-04-18,0.05,0.12,0.8300000000000001,0.0,0.0004173042549560569,1.2896280358589136
2012-04-19,0.05,0.12,0.83,0.0,0.0007231650888056352,1.2905606498319917
2012-04-20,0.05,0.12,0.83,0.0,-0.0004775570463486056,1.2899443334999243
2012-04-23,0.05,0.12,0.83,0.0,0.00043188674866546424,1.2905014433640791
2012-04-24,0.05,0.12,0.83,0.0,-0.0005916726832993002,1.2897378889122824
2012-04-25,0.05,0.12,0.8300000000000001,0.0,0.0001880770628804329,1.2899804590263144
2012-04-26,0.05,0.12,0.8299999999999998,0.0,0.000922137008224222,1.2911699977474687
2012-04-27,0.05,0.12,0.8299999999999997,0.0,0.0011009193504664292,1.2925914717827307
2012-04-30,0.05,0.12,0.8300000000000001,0.0,0.000125990264388669,1.292754325724007
2012-05-01,0.05,0.12,0.83,0.0,-0.00038207881546685094,1.2922603916825448
2012-05-02,0.05,0.12,0.8299999999999998,0.0,0.0011041426795818231,1.2936872315341348
2012-05-03,0.05,0.12,0.8300000000000001,0.0,0.0005949303685138795,1.294456885355533
2012-05-04,0.05,0.12,0.8300000000000001,0.0,0.0011477416967082335,1.2959425874974466
2012-05-07,0.05,0.12,0.8299999999999998,0.0,-0.0003617069959429631,1.2954738359972084
2012-05-08,0.05,0.12,0.8299999999999998,0.0,0.0006516831544535838,1.2963180744731633
2012-05-09,0.05,0.12,0.83,0.0,-0.0007688397747663188,1.29532141357676
2012-05-10,0.05,0.12,0.83,0.0,-0.00038869708209651076,1.2948179259229253
2012-05-11,0.05,0.12,0.8300000000000001,0.0,0.0006519624010064718,1.2956620985267762
2012-05-14,0.05,0.12,0.8300000000000001,0.0,-0.0011234143613790427,1.2942065331177965
2012-05-15,0.05,0.12,0.8299999999999998,0.0,-0.0009113570723758991,1.2930270488407245
2012-05-16,0.05,0.12,0.83,0.0,-0.0016718283494902672,1.2908653295638148
2012-05-17,0.05,0.12,0.83,0.0,-0.001763519340596855,1.2885888635890232
2012-05-18,0.05,0.12,0.83,0.0,-0.0025248211600249425,1.2853354071596612
2012-05-21,0.05,0.12,0.83,0.0,-0.0015802888050929554,1.283304206004937
2012-05-22,0.05,0.12,0.8299999999999998,0.0,-0.0005357348133778339,1.282616695265626
2012-05-23,0.05,0.12,0.83,0.0,0.0006791272618958464,1.2834877552299435
2012-05-24,0.05,0.12,0.83,0.0,-0.0009988890946120953,1.2822056933081762
2012-05-25,0.05,0.0,0.95,0.0,0.0005617920754208395,1.2829260263057363
2012-05-29,0.05,0.0,0.95,0.0,0.0005279733234532124,1.2836033770235895
2012-05-30,0.05,0.0,0.95,0.0,0.0020227735604518627,1.2861998159967396
2012-05-31,0.05,0.0,0.42516442182519626,0.5248355781748036,0.0007020785219399861,1.2871028292624742
2012-06-01,0.05,0.0,0.42516442182519626,0.5248355781748036,0.0017356298946118037,1.2893367634103816
2012-06-04,0.05,0.0,0.42516442182519626,0.5248355781748036,-0.00234068780401809,1.2863188285729947
2012-06-05,0.05,0.0,0.42516442182519626,0.5248355781748036,-0.0004397219297002877,1.2857532059754848
2012-06-06,0.05,0.0,0.42516442182519626,0.5248355781748036,-0.0018456518514070415,1.2833801531904236
2012-06-07,0.05,0.0,0.95,0.0,0.0008946926465548151,1.2845283839762174
2012-06-08,0.05,0.0,0.95,0.0,0.0006150004624063454,1.2853183695263368
2012-06-11,0.05,0.0,0.95,0.0,0.0013170055452863649,1.2870111409464615
2012-06-12,0.05,0.0,0.95,0.0,-0.002893401015228414,1.2832873016046367
2012-06-13,0.05,0.0,0.95,0.0,0.001934826883910312,1.285770240375562
2012-06-14,0.05,0.0,0.95,0.0,-0.0004388396156689067,1.285205993457437
2012-06-15,0.05,0.0,0.95,0.0,0.0019317866715963027,1.2876887372658536
2012-06-18,0.05,0.0,0.95,0.0,-8.763029240841935e-05,1.287575896725276
2012-06-19,0.05,0.0,0.95,0.0,-8.763837638384175e-05,1.287463055664216
2012-06-20,0.05,0.0,0.95,0.0,-0.0006135252329551255,1.2866731645930685
2012-06-21,0.05,0.0,0.95,0.0,0.0013155465288036238,1.2883658430084537
2012-06-22,0.05,0.12,0.8299999999999998,0.0,-0.0010509818382963387,1.2870117939063705
2012-06-25,0.05,0.0,0.95,0.0,0.001304816530473287,1.2886911081699735
2012-06-26,0.05,0.0,0.95,0.0,-0.0007877280265340458,1.2876759700665228
2012-06-27,0.05,0.0,0.95,0.0,0.00026279391424619545,1.2880143634749772
2012-06-28,0.05,0.10221472751463008,0.8477852724853698,0.0,0.0013136061946901422,1.2897063071216879
2012-06-29,0.05,0.12,0.6448901654871011,0.1851098345128989,-0.00046489541091283674,1.2891067285780815
2012-07-02,0.05,0.12,0.8299999999999998,0.0,0.0023580919003792725,1.2921465607134657
2012-07-03,0.05,0.12,0.8299999999999998,0.0,-0.0006237022626186205,1.2913406459799137
2012-07-05,0.05,0.12,0.8299999999999998,0.0,0.0012901822940719462,1.2930067108169723
2012-07-06,0.05,0.12,0.8299999999999998,0.0,0.0013530084895472315,1.2947561598737491
2012-07-09,0.05,0.12,0.8299999999999998,0.0,0.000643208050141244,1.29558895745875
2012-07-10,0.05,0.12,0.8299999999999998,0.0,0.0008340471515984381,1.2966695397383607
2012-07-11,0.05,0.12,0.8299999999999998,0.0,0.00023250826982149195,1.2969710261295757
2012-07-12,0.05,0.12,0.8299999999999998,0.0,0.0004925051410449943,1.2976097910277309
2012-07-13,0.05,0.12,0.8299999999999998,0.0,0.0003035567340221279,1.2980036892179305
2012-07-16,0.05,0.12,0.8299999999999998,0.0,0.0014759162782196041,1.2999194339920364
2012-07-17,0.05,0.12,0.8299999999999998,0.0,1.63740737603424e-05,1.299940718968731
2012-07-18,0.05,0.12,0.8299999999999998,0.0,0.001838772974584568,1.3023310148313327
2012-07-19,0.05,0.12,0.8300000000000001,0.0,0.0002823628154964286,1.3026987446833889
2012-07-20,0.05,0.12,0.8299999999999998,0.0,0.0008313604079403515,1.3037817568431922
2012-07-23,0.05,0.12,0.83,0.0,-0.0005543039482172873,1.3030590654677603
2012-07-24,0.05,0.12,0.8299999999999998,0.0,0.0004531804531804262,1.30364958636557
2012-07-25,0.05,0.12,0.83,0.0,-0.0002954188837032578,1.3032644636600257
2012-07-26,0.05,0.12,0.83,0.0,-2.4533679464648883e-05,1.3032324897874166
2012-07-27,0.05,0.12,0.83,0.0,-0.0013381657907895683,1.3014885486521375
2012-07-30,0.05,0.12,0.83,0.0,0.00234790665771867,1.3045443222804627
2012-07-31,0.05,0.12,0.8299999999999998,0.0,0.0007733591151974339,1.3055532035232775
2012-08-01,0.05,0.12,0.8299999999999998,0.0,-0.0011040746017105217,1.3041117753900857
2012-08-02,0.05,0.12,0.8300000000000001,0.0,0.0011971832618793308,1.3056730361792024
2012-08-03,0.05,0.12,0.8299999999999998,0.0,-0.0017259517516111248,1.3034195075153774
2012-08-06,0.05,0.12,0.8299999999999998,0.0,0.0014975058381489668,1.305371385837439
2012-08-07,0.05,0.12,0.8299999999999998,0.0,-0.0015993574189015298,1.303283630427078
2012-08-08,0.05,0.12,0.8299999999999998,0.0,-0.00022689994532536724,1.3029879154425907
2012-08-09,0.05,0.12,0.83,0.0,-0.0002724337603123905,1.302632937545145
2012-08-10,0.05,0.12,0.8299999999999998,0.0,0.0011727472130655702,1.3041605966922987
2012-08-13,0.05,0.12,0.8299999999999998,0.0,-0.0007141673244597923,1.303229207808293
2012-08-14,0.05,0.12,0.83,0.0,-0.0014823162551589949,1.3012974099693606
2012-08-15,0.05,0.12,0.83,0.0,-0.0022121433489908117,1.298418753558838
2012-08-16,0.05,0.12,0.8299999999999998,0.0,-0.0005240639594495499,1.2977382990858244
2012-08-17,0.05,0.12,0.83,0.0,0.000718095335205373,1.2986701989047151
2012-08-20,0.05,0.12,0.8300000000000001,0.0,0.0002733817136806471,1.2990252315891977
2012-08-21,0.05,0.12,0.8300000000000001,0.0,0.0005580019679705494,1.2997500902248678
2012-08-22,0.05,0.12,0.8299999999999998,0.0,0.0026248426761926406,1.303161729730075
2012-08-23,0.05,0.12,0.83,0.0,0.0012555592556584047,1.3047979265014575
2012-08-24,0.05,0.12,0.8299999999999998,0.0,-0.0006155104532054222,1.3039948097383751
2012-08-27,0.05,0.12,0.8300000000000001,0.0,0.0008654273531020039,1.3051233225150256
2012-08-28,0.05,0.12,0.83,0.0,0.0004643519925768303,1.305729359130394
2012-08-29,0.05,0.12,0.8300000000000001,0.0,-0.0004940521253489671,1.3050842607653852
2012-08-30,0.05,0.12,0.8300000000000001,0.0,0.0009060311107067466,1.3062667077077323
2012-08-31,0.05,0.12,0.8299999999999998,0.0,0.0013048911388663421,1.3079712435596165
2012-09-04,0.05,0.12,0.8300000000000001,0.0,-0.0006663642641407373,1.3070996582643848
2012-09-05,0.05,0.12,0.8299999999999998,0.0,-7.114027780595001e-05,1.3070066708315757
2012-09-06,0.05,0.12,0.8300000000000001,0.0,-0.0012390406332956835,1.305387236458427
2012-09-07,0.05,0.12,0.8299999999999998,0.0,0.002012881435557561,1.3080148261929079
2012-09-10,0.05,0.12,0.8300000000000001,0.0,-0.0001016532433900252,1.3078818622434232
2012-09-11,0.05,0.12,0.8300000000000001,0.0,0.0003202498580002366,1.3083007112240876
2012-09-12,0.05,0.12,0.8299999999999998,0.0,-0.0003285008600554507,1.3078709333152394
2012-09-13,0.05,0.12,0.8299999999999998,0.0,0.0013080902071101262,1.309581746475273
2012-09-14,0.05,0.12,0.83,0.0,-0.00020909821189486798,1.309307915273755
2012-09-17,0.05,0.12,0.83,0.0,0.0009156723350437001,1.310506812309825
2012-09-18,0.05,0.12,0.8299999999999998,0.0,0.0008618033405426616,1.3116362114584776
2012-09-19,0.05,0.12,0.8299999999999998,0.0,0.0006017217942910768,1.3124254515530935
2012-09-20,0.05,0.12,0.8299999999999998,0.0,-0.0002959253533851891,1.312037071587551
2012-09-21,0.05,0.12,0.8299999999999998,0.0,0.0006732461647969455,1.3129203955140687
2012-09-24,0.05,0.12,0.8300000000000001,0.0,0.000537859586587379,1.3136265623352221
2012-09-25,0.05,0.12,0.83,0.0,0.00013153542617721841,1.3137993507649366
2012-09-26,0.05,0.12,0.8300000000000001,0.0,0.00024722749504245693,1.3141241580874146
2012-09-27,0.05,0.12,0.8299999999999998,0.0,-0.00011862223477685402,1.3139682737430078
2012-09-28,0.05,0.12,0.83,0.0,0.0006109583862855516,1.3147710536791641
2012-10-01,0.05,0.12,0.83,0.0,-0.0007603303700556618,1.3137713933173818
2012-10-02,0.05,0.12,0.83,0.0,0.0006110667155825089,1.3145741952877226
2012-10-03,0.05,0.12,0.8300000000000001,0.0,0.00018373451473643554,1.3148157279395787
2012-10-04,0.05,0.12,0.8299999999999998,0.0,-2.5535591964440688e-05,1.3147821533416417
2012-10-05,0.05,0.12,0.83,0.0,-0.0007748562818944348,1.3137633861308022
2012-10-08,0.05,0.12,0.8300000000000001,0.0,0.0,1.3137633861308022
2012-10-09,0.05,0.12,0.8299999999999998,0.0,0.0003823427032375304,1.31426569397527
2012-10-10,0.05,0.12,0.83,0.0,0.000498133980263049,1.314920374376533
2012-10-11,0.05,0.12,0.8300000000000001,0.0,0.0007685719069211382,1.315930985236117
2012-10-12,0.05,0.12,0.8300000000000001,0.0,0.0008120644863436711,1.3169996060557063
2012-10-15,0.05,0.12,0.83,0.0,0.0008943229615032444,1.3181774290436927
2012-10-16,0.05,0.12,0.8300000000000001,0.0,-5.5203493322328876e-05,1.3181046610447908
2012-10-17,0.05,0.12,0.83,0.0,-0.001067952269131707,1.316696988181075
2012-10-18,0.05,0.12,0.8299999999999998,0.0,0.00020581687299608075,1.3169679866378659
2012-10-19,0.05,0.12,0.8299999999999998,0.0,0.0010214393705742018,1.3183131895892037
2012-10-22,0.05,0.12,0.8299999999999998,0.0,-0.0013152928258700289,1.3165792217086871
2012-10-23,0.05,0.12,0.8299999999999998,0.0,-0.00015365798331126834,1.3163769188006098
2012-10-24,0.05,0.12,0.8300000000000002,0.0,-5.230195485708465e-05,1.3163080697144278
2012-10-25,0.05,0.12,0.83,0.0,-0.001410612329938821,1.3144512693212906
2012-10-26,0.05,0.12,0.8299999999999998,0.0,0.0015777864158595166,1.316525192678335
2012-10-31,0.05,0.12,0.8299999999999998,0.0,-0.00012095802724541475,1.3163659483882098
2012-11-01,0.05,0.12,0.83,0.0,-0.0005714599914773365,1.3156136979145627
2012-11-02,0.05,0.12,0.8299999999999998,0.0,2.6753106240868797e-05,1.3156488946675948
2012-11-05,0.05,0.12,0.8299999999999998,0.0,0.0008983494182375827,1.3168308070867243
2012-11-06,0.05,0.12,0.83,0.0,-0.0017383547051056864,1.314541688057397
2012-11-07,0.05,0.12,0.8299999999999998,0.0,0.0017495639839154563,1.3168415628501775
2012-11-08,0.05,0.12,0.83,0.0,0.0005079047444735883,1.317510392927669
2012-11-09,0.05,0.12,0.8299999999999998,0.0,-0.0008393115132477524,1.3164045912860611
2012-11-12,0.05,0.12,0.83,0.0,0.0,1.3164045912860611
2012-11-13,0.05,0.12,0.8300000000000001,0.0,-0.0006524587431187622,1.3155456916009949
2012-11-14,0.05,0.12,0.8300000000000001,0.0,-0.00037190131021801355,1.3150564384346368
2012-11-15,0.05,0.12,0.8299999999999998,0.0,-0.0013115208703219205,1.3133317144699785
2012-11-16,0.05,0.12,0.8299999999999998,0.0,-0.00011404675917125573,1.3131819332442265
2012-11-19,0.05,0.12,0.8299999999999998,0.0,-0.0004750572682105879,1.312558096622356
2012-11-20,0.05,0.12,0.8299999999999998,0.0,-0.001051466523077725,1.311177985724163
2012-11-21,0.05,0.12,0.8299999999999998,0.0,-0.0006484121246077888,1.3103278020207008
2012-11-23,0.05,0.12,0.83,0.0,-0.00019134400926278157,1.3100770786456135
2012-11-26,0.05,0.12,0.8300000000000001,0.0,0.0010383612297065281,1.3114374118920062
2012-11-27,0.05,0.12,0.8299999999999998,0.0,0.0008573681034903613,1.3125617964986864
2012-11-28,0.05,0.12,0.83,0.0,0.0007318862930717039,1.3135224424863532
2012-11-29,0.05,0.12,0.83,0.0,0.0005080707765110514,1.314189804853672
2012-11-30,0.05,0.12,0.8299999999999998,0.0,-0.000794637662335671,1.3131455001392778
2012-12-03,0.05,0.12,0.8300000000000001,0.0,-0.0004870428008690718,1.3125059420769414
2012-12-04,0.05,0.12,0.8299999999999998,0.0,0.0006609883970229281,1.313373493275678
2012-12-05,0.05,0.12,0.8299999999999998,0.0,0.000829723697368303,1.314463230386544
2012-12-06,0.05,0.12,0.8299999999999998,0.0,0.0002624694200829891,1.314808236788344
2012-12-07,0.05,0.12,0.8300000000000001,0.0,-0.0009782070207388159,1.3135220821401925
2012-12-10,0.05,0.12,0.8300000000000001,0.0,0.00035637810134153463,1.313990192645896
2012-12-11,0.05,0.12,0.83,0.0,-0.0004319029504348138,1.3134226764048498
2012-12-12,0.05,0.12,0.8299999999999998,0.0,-0.00085283340962072,1.3123025456654582
2012-12-13,0.05,0.12,0.8300000000000001,0.0,-0.0008269178516438268,1.3112173792636899
2012-12-14,0.05,0.12,0.8299999999999998,0.0,0.00047076464685957614,1.311834654050195
2012-12-17,0.05,0.12,0.8300000000000001,0.0,-0.0013872327359360057,1.3100148340739615
2012-12-18,0.05,0.12,0.8300000000000001,0.0,-0.001311021985706794,1.3082973758248886
2012-12-19,0.05,0.12,0.83,0.0,0.0012631644785562669,1.3099499705974191
2012-12-20,0.05,0.12,0.83,0.0,0.00016187130181551047,1.3101620139044727
2012-12-21,0.05,0.12,0.83,0.0,0.0009090197664007892,1.3113529770722994
2012-12-24,0.05,0.12,0.8299999999999998,0.0,-0.0009363691700822118,1.3101250665734734
2012-12-26,0.05,0.12,0.83,0.0,0.0003124538437219803,1.3105344201862807
2012-12-27,0.05,0.12,0.8300000000000001,0.0,0.0013214728955571163,1.3122662559012515
2012-12-28,0.05,0.12,0.8300000000000001,0.0,0.00010547004097549053,1.312404660677032
2012-12-31,0.05,0.12,0.83,0.0,-0.0017687794818881208,1.3100833062412922
2013-01-02,0.05,0.12,0.8300000000000001,0.0,-0.0006608422522040092,1.309217547838621
2013-01-03,0.05,0.12,0.83,0.0,-0.0005410941697102435,1.3085091378566032
2013-01-04,0.05,0.12,0.8299999999999998,0.0,0.00012016809925057936,1.3086663789125514
2013-01-07,0.05,0.12,0.8299999999999998,0.0,0.0007907714270470521,1.3097012348925325
2013-01-08,0.05,0.12,0.83,0.0,0.0009827789569424737,1.3109883817060666
2013-01-09,0.05,0.12,0.8300000000000001,0.0,0.0005857023908165892,1.3117562307355648
2013-01-10,0.05,0.12,0.8299999999999998,0.0,-0.0008892655248479499,1.3105897311425672
2013-01-11,0.05,0.12,0.8299999999999998,0.0,0.0005189259028231929,1.311269830102031
2013-01-14,0.05,0.12,0.8300000000000001,0.0,0.0001394918801498268,1.3114527415960155
2013-01-15,0.05,0.12,0.8299999999999998,0.0,0.00020101218823322944,1.3117163595813681
2013-01-16,0.05,0.12,0.83,0.0,-0.0001393995920824953,1.3115335068559144
2013-01-17,0.05,0.12,0.8300000000000001,0.0,-0.0012548514142499466,1.30988772718
2013-01-18,0.05,0.12,0.83,0.0,0.0007985842368031148,1.3109337828709078
2013-01-22,0.05,0.12,0.83,0.0,0.00028164200696461527,1.3113029968925134
2013-01-23,0.05,0.12,0.83,0.0,1.36454203870795e-05,1.311320890173161
2013-01-24,0.05,0.12,0.83,0.0,-0.00017041261874814473,1.3110974245462474
2013-01-25,0.88,0.12,0.0,0.0,-0.002506193408019912,1.3078115608235776
2013-01-28,0.88,0.12,0.0,0.0,-6.661115736886547e-05,1.3077244459818909
2013-01-29,0.88,0.12,0.0,0.0,-0.0002443765620660887,1.307404868777652
2013-01-30,0.88,0.12,0.0,0.0,-0.00023374455059828935,1.3070992700141495
2013-01-31,0.88,0.12,0.0,0.0,-0.00040148698884758357,1.3065744866641067
2013-02-01,0.88,0.12,0.0,0.0,3.356956359567675e-05,1.306618347799429
2013-02-04,0.88,0.12,0.0,0.0,-0.00023492122681084915,1.3063113954141905
2013-02-05,0.88,0.12,0.0,0.0,-0.00013450401643938292,1.3061356912847868
2013-02-06,0.88,0.12,0.0,0.0,-2.2442491116505536e-05,1.3061063783461382
2013-02-07,0.88,0.12,0.0,0.0,-0.0001234567901234529,1.3059451306451078
2013-02-08,0.88,0.12,0.0,0.0,-3.3704709296880075e-05,1.3059011141441217
2013-02-11,0.88,0.12,0.0,0.0,-1.1238059561722302e-05,1.3058864383496191
2013-02-12,0.88,0.12,0.0,0.0,1.1239112110157378e-05,1.3059011153537028
2013-02-13,0.88,0.12,0.0,0.0,0.0001348567147405877,1.3060772248878953
2013-02-14,0.88,0.12,0.0,0.0,4.490177736200529e-05,1.306135870076665
2013-02-15,0.88,0.12,0.0,0.0,3.3663736674771626e-05,1.3061798394906565
2013-02-19,0.88,0.12,0.0,0.0,1.121809853229294e-05,1.3061944923447968
2013-02-20,0.88,0.12,0.0,0.0,4.4868199663490315e-05,1.3062530989400787
2013-02-21,0.88,0.12,0.0,0.0,-0.00014576714632778652,1.3060626901534644
2013-02-22,0.88,0.12,0.0,0.0,5.6132472635415096e-05,1.3061360026816795
2013-02-25,0.88,0.12,0.0,0.0,0.00012343370114082042,1.3062972238826838
2013-02-26,0.88,0.12,0.0,0.0,-0.00011209715086407446,1.306150791685705
2013-02-27,0.88,0.12,0.0,0.0,0.00011220196353436406,1.306297344369204
2013-02-28,0.88,0.12,0.0,0.0,0.000100887435777679,1.3064291333586409
2013-03-01,0.88,0.12,0.0,0.0,-1.1200298674638454e-05,1.30641450096215
2013-03-04,0.88,0.12,0.0,0.0,3.360403248390042e-05,1.3064584017574778
2013-03-05,0.88,0.12,0.0,0.0,0.00013437849944008206,1.306633961677087
2013-03-06,0.88,0.12,0.0,0.0,7.829977628635909e-05,1.3067362708239743
2013-03-07,0.88,0.12,0.0,0.0,7.824871914299258e-05,1.3068385212634241
2013-03-08,0.88,0.12,0.0,0.0,0.0,1.3068385212634241
2013-03-11,0.88,0.12,0.0,0.0,0.0,1.3068385212634241
2013-03-12,0.88,0.12,0.0,0.0,5.585552038726682e-05,1.3069115154090916
2013-03-13,0.88,0.12,0.0,0.0,2.233181352935709e-05,1.306940701113353
2013-03-14,0.88,0.12,0.0,0.0,4.465531677366741e-05,1.3069990629643655
2013-03-15,0.88,0.12,0.0,0.0,6.695805821631318e-05,1.3070865770837121
2013-03-18,0.88,0.12,0.0,0.0,-8.922762338507084e-05,1.3069699488548805
2013-03-19,0.88,0.12,0.0,0.0,2.2323504790247027e-05,1.3069991250047945
2013-03-20,0.88,0.12,0.0,0.0,2.2319352738771058e-05,1.3070282963792947
2013-03-21,0.88,0.12,0.0,0.0,-1.1157601115749926e-05,1.3070137130789168
2013-03-22,0.88,0.12,0.0,0.0,-2.2317277292183135e-05,1.3069845440914574
2013-03-25,0.88,0.12,0.0,0.0,0.0,1.3069845440914574
2013-03-26,0.88,0.12,0.0,0.0,-1.1160714285698424e-05,1.3069699572103848
2013-03-27,0.88,0.12,0.0,0.0,-4.4647009580507375e-05,1.3069116049101839
2013-03-28,0.88,0.12,0.0,0.0,0.0,1.3069116049101839
2013-04-01,0.88,0.12,0.0,0.0,-0.00010049316088210691,1.306780269232013
2013-04-02,0.88,0.12,0.0,0.0,5.587632706276935e-05,1.3068532873137357
2013-04-03,0.88,0.12,0.0,0.0,0.0,1.3068532873137357
2013-04-04,0.88,0.12,0.0,0.0,0.0,1.3068532873137357
2013-04-05,0.88,0.12,0.0,0.0,-8.936051382296472e-05,1.3067365062324903
2013-04-08,0.88,0.12,0.0,0.0,3.353516534700063e-05,1.3067803278572918
2013-04-09,0.88,0.12,0.0,0.0,7.822685788789307e-05,1.3068825531762898
2013-04-10,0.88,0.12,0.0,0.0,0.0002010237319683483,1.3071452675843735
2013-04-11,0.88,0.12,0.0,0.0,0.00018953823283471394,1.3073930215884497
2013-04-12,0.88,0.12,0.0,0.0,4.4526901669756925e-05,1.3074512357489658
2013-04-15,0.88,0.12,0.0,0.0,-0.00018916913946587233,1.3072039063238057
2013-04-16,0.88,0.12,0.0,0.0,0.0,1.3072039063238057
2013-04-17,0.88,0.12,0.0,0.0,-7.801616049039061e-05,1.3071019232940562
2013-04-18,0.88,0.12,0.0,0.0,1.1152416356887684e-05,1.3071165006389256
2013-04-19,0.88,0.12,0.0,0.0,2.230275996654818e-05,1.3071456529444878
2013-04-22,0.88,0.12,0.0,0.0,7.804515469665318e-05,1.307247669329183
2013-04-23,0.88,0.12,0.0,0.0,0.00017827298050139716,1.3074807162674478
2013-04-24,0.88,0.12,0.0,0.0,0.00015575746337844975,1.3076843661472297
2013-04-25,0.88,0.12,0.0,0.0,0.00018888888888890065,1.3079313731941684
2013-04-26,0.05,0.12,0.8300000000000001,0.0,0.00011093648886011386,1.3080764705083805
2013-04-29,0.05,0.12,0.8299999999999998,0.0,2.6562416242167355e-05,1.3081112161800665
2013-04-30,0.05,0.12,0.8300000000000001,0.0,-0.0005699965308236298,1.3073655973249123
2013-05-01,0.05,0.12,0.8299999999999998,0.0,0.0012132528120966236,1.3089517623123053
2013-05-02,0.05,0.12,0.8300000000000001,0.0,0.0005535090826973054,1.309676279001558
2013-05-03,0.88,0.12,0.0,0.0,-0.002373815073300577,1.3065673497093198
2013-05-06,0.88,0.12,0.0,0.0,4.403669724771575e-05,1.3066248866201324
2013-05-07,0.88,0.12,0.0,0.0,0.00018708730741010093,1.3068693395519653
2013-05-08,0.05,0.12,0.83,0.0,4.395201904587864e-05,1.3069267790980676
2013-05-09,0.05,0.12,0.83,0.0,-0.0001401449330918203,1.306743619932055
2013-05-10,0.88,0.12,0.0,0.0,-0.002680791822392995,1.303240512321777
2013-05-13,0.88,0.12,0.0,0.0,-0.00035200293335778453,1.302781767838569
2013-05-14,0.88,0.12,0.0,0.0,-0.00013238944561919208,1.302609293282562
2013-05-15,0.88,0.12,0.0,0.0,-8.835710998621238e-05,1.3024941984899663
2013-05-16,0.88,0.12,0.0,0.0,-3.3158331030662676e-05,1.3024510099561672
2013-05-17,0.88,0.12,0.0,0.0,-2.21116639027219e-05,1.3024222105971852
2013-05-20,0.88,0.12,0.0,0.0,3.317360855143114e-05,1.3024654166417684
2013-05-21,0.88,0.12,0.0,0.0,-1.1054813450011024e-05,1.3024510181295623
2013-05-22,0.88,0.12,0.0,0.0,-2.21116639027219e-05,1.3024222187703995
2013-05-23,0.88,0.12,0.0,0.0,-0.0004533726502027191,1.3018317361573928
2013-05-24,0.88,0.12,0.0,0.0,-0.00011099805753399306,1.3016872353634432
2013-05-28,0.88,0.12,0.0,0.0,-0.00011110082399778509,1.301542616839007
2013-05-29,0.88,0.12,0.0,0.0,-0.0006338615512927381,1.3007176190168237
2013-05-30,0.88,0.12,0.0,0.0,-4.471771939632329e-05,1.3006594538913228
2013-05-31,0.88,0.12,0.0,0.0,-0.0005591798695246997,1.2999321513075996
2013-06-03,0.1,0.0,0.0,0.9,-0.0004943820224719087,1.29928948822156
2013-06-04,0.1,0.0,0.0,0.9,-0.0003425635169855168,1.2988443990448926
2013-06-05,0.1,0.0,0.0,0.9,0.0007710613993336723,1.2998458878247368
2013-06-06,0.1,0.0,0.0,0.9,0.0005136009130682684,1.3005134898595714
2013-06-07,0.1,0.0,0.0,0.9,-0.002480988593155897,1.2972869307259844
2013-06-10,0.1,0.0,0.0,0.9,-0.0013726050900771392,1.2955062680815794
2013-06-11,0.1,0.0,0.0,0.9,0.0001718377088304246,1.295728884910462
2013-06-12,0.1,0.0,0.0,0.9,-0.0008590245299226251,1.2946158220141948
2013-06-13,0.1,0.0,0.0,0.9,0.00146173688736031,1.2965082097161933
2013-06-14,0.1,0.0,0.0,0.9,0.0021461274322778,1.2992906815512386
2013-06-17,0.1,0.0,0.0,0.9,-0.0008564087924636921,1.298177957587592
2013-06-18,0.1,0.0,0.0,0.9,-0.00017144489951425036,1.2979553915981017
2013-06-19,0.1,0.0,0.0,0.9,-0.0048871106030293765,1.2916121400415634
2013-06-20,0.1,0.0,0.0,0.9,-0.002758620689655256,1.288049072069035
2013-06-21,0.1,0.0,0.0,0.9,-0.003112990007686434,1.2840393881782743
2013-06-24,0.1,0.0,0.0,0.9,-0.0012148091014269168,1.2824795254429247
2013-06-25,0.1,0.0,0.0,0.9,-0.0009557829696852483,1.2812537533535362
2013-06-26,0.1,0.0,0.0,0.9,0.0015656712090462044,1.2832597754666442
2013-06-27,0.1,0.0,0.0,0.9,0.001910274963820635,1.2857111544877962
2013-06-28,0.1,0.0,0.0,0.9,-0.00025994031000285965,1.2853769463317244
2013-07-01,0.1,0.0,0.0,0.9,-0.0006933744221879979,1.2844856988342679
2013-07-02,0.1,0.0,0.0,0.9,0.00043369313801082664,1.2850427714677255
2013-07-03,0.1,0.0,0.0,0.9,-0.0010403622001734726,1.2837058615426844
2013-07-05,0.1,0.0,0.0,0.9,-0.005902208506123963,1.2761291618873258
2013-07-08,0.1,0.0,0.0,0.9,0.0025337345888747365,1.2793625344846715
2013-07-09,0.1,0.0,0.0,0.9,0.0005227492739592999,1.280031320320704
2013-07-10,0.1,0.0,0.0,0.9,-0.0009578173374612864,1.2788052841296076
2013-07-11,0.1,0.0,0.0,0.9,0.0035738498789346543,1.283375542239475
2013-07-12,0.1,0.0,0.0,0.9,-0.0011286899479066026,1.2819270091655601
2013-07-15,0.1,0.0,0.0,0.9,0.0013909011880614886,1.2837100429656167
2013-07-16,0.1,0.0,0.0,0.9,0.0006075802873951153,1.2844899998824537
2013-07-17,0.1,0.0,0.0,0.9,0.0015612952968388162,1.2864954680781069
2013-07-18,0.1,0.0,0.0,0.9,-0.0008658841639407333,1.2853815120253165
2013-07-19,0.1,0.0,0.0,0.9,0.000953389830508522,1.286606981687205
2013-07-22,0.1,0.0,0.0,0.9,0.0,1.286606981687205
2013-07-23,0.1,0.0,0.0,0.9,-0.0006060606060606432,1.285827219880122
2013-07-24,0.1,0.0,0.0,0.9,-0.001906045437042725,1.2833763747748441
2013-07-25,0.1,0.0,0.0,0.9,-0.00043411151842563943,1.282819246308079
2013-07-26,0.1,0.0,0.0,0.9,0.0015635556413473807,1.284825005577473
2013-07-29,0.1,0.0,0.0,0.9,-0.0005202813373157534,1.2841565351053545
2013-07-30,0.1,0.0,0.0,0.9,-0.00034705485394775915,1.2837108623466176
2013-07-31,0.1,0.0,0.0,0.9,-0.0009547690230494954,1.282485214980697
2013-08-01,0.1,0.0,0.0,0.9,-0.00356246379609958,1.2779164078332952
2013-08-02,0.1,0.0,0.0,0.9,0.004012794416981702,1.2830444236600178
2013-08-05,0.1,0.0,0.0,0.9,-0.000955321818006405,1.281818703328624
2013-08-06,0.1,0.0,0.0,0.9,-8.693972179284471e-05,1.2817072623671677
2013-08-07,0.1,0.0,0.0,0.9,0.000869481209544909,1.282821682747933
2013-08-08,0.1,0.0,0.0,0.9,0.000434321011485439,1.2833788391587395
2013-08-09,0.1,0.0,0.0,0.9,-8.682230368500798e-05,1.2832674132514232
2013-08-12,0.1,0.0,0.0,0.9,-0.0006078147612156748,1.2824874243750621
2013-08-13,0.1,0.0,0.0,0.9,-0.003214906352577762,1.2783643474073376
2013-08-14,0.1,0.0,0.0,0.9,0.0002616025578916936,1.2786987707905368
2013-08-15,0.1,0.0,0.0,0.9,-0.0013076327005035581,1.2770267024637574
2013-08-16,0.1,0.0,0.0,0.9,-0.0019206518576001864,1.2745739787554653
2013-08-19,0.1,0.0,0.0,0.9,-0.0014873140857392664,1.2726782869235456
2013-08-20,0.1,0.0,0.0,0.9,0.0020155793573515047,1.2752434710072182
2013-08-21,0.1,0.0,0.0,0.9,-0.0017487612940833342,1.2730133745845884
2013-08-22,0.1,0.0,0.0,0.9,-0.002102599046043152,1.2703367378775867
2013-08-23,0.1,0.0,0.0,0.9,0.0016684554590691957,1.2724562381427547
2013-08-26,0.1,0.0,0.0,0.9,0.000701207635372092,1.2733484941726172
2013-08-27,0.1,0.0,0.0,0.9,0.00218956792526277,1.2761365771931392
2013-08-28,0.1,0.0,0.0,0.9,-0.0016600330065043134,1.2740181483541912
2013-08-29,0.1,0.0,0.0,0.9,0.0007002528690916555,1.274910283217851
2013-08-30,0.1,0.0,0.0,0.9,-0.00026239067055392476,1.2745757586537414
2013-09-03,0.1,0.0,0.0,0.9,-0.0016622922134733153,1.2724570412946494
2013-09-04,0.1,0.0,0.0,0.9,-0.002103622906116176,1.269780271515533
2013-09-05,0.1,0.0,0.0,0.9,-0.0028992581023037367,1.2660988507751962
2013-09-06,0.1,0.0,0.0,0.9,0.0019390853001664432,1.268553924445292
2013-09-09,0.1,0.0,0.0,0.9,0.0017590149516270692,1.2707853297653364
2013-09-10,0.1,0.0,0.0,0.9,-0.0017555837315907708,1.268554359714056
2013-09-11,0.1,0.0,0.0,0.9,0.001495162708882969,1.2704510548868915
2013-09-12,0.1,0.0,0.0,0.9,0.00017560975609756113,1.2706741584867742
2013-09-13,0.1,0.0,0.0,0.9,0.00017557549746403112,1.2708972577342652
2013-09-16,0.1,0.0,0.0,0.9,0.0016676418958454064,1.273016659246578
2013-09-17,0.1,0.0,0.0,0.9,0.0007884746422660571,1.274020400601576
2013-09-18,0.1,0.0,0.0,0.9,0.005076833300914352,1.2804883897973944
2013-09-19,0.1,0.0,0.0,0.9,-0.0012185686653771732,1.278928026769208
2013-09-20,0.1,0.0,0.0,0.9,8.71586287041426e-05,1.2790394963822325
2013-09-23,0.1,0.0,0.0,0.9,0.00043575094412693364,1.2795968390503565
2013-09-24,0.1,0.0,0.0,0.9,0.0014808362369338024,1.2814917124182883
2013-09-25,0.1,0.0,0.0,0.9,0.0010435790897671772,1.282829050373078
2013-09-26,0.1,0.0,0.0,0.9,-0.0006949136183766025,1.2819375949959246
2013-09-27,0.1,0.0,0.0,0.9,0.0008693132425384054,1.2830520003233623
2013-09-30,0.1,0.0,0.0,0.9,-0.0004342371900028841,1.2824948514281143
2013-10-01,0.1,0.0,0.0,0.9,-0.0009557829696852483,1.2812690646904104
2013-10-02,0.1,0.0,0.0,0.9,0.0009567990721948805,1.282494981742738
2013-10-03,0.1,0.0,0.0,0.9,0.0005213361652828263,1.283163592758514
2013-10-04,0.1,0.0,0.0,0.9,-0.0013894249324585273,1.2813807332703124
2013-10-07,0.1,0.0,0.0,0.9,8.697332817921844e-05,1.2814921792173497
2013-10-08,0.1,0.0,0.0,0.9,-0.0006087544690307368,1.2807120651262232
2013-10-09,0.1,0.0,0.0,0.9,0.0,1.2807120651262232
2013-10-10,0.1,0.0,0.0,0.9,-0.0006091665055115714,1.2799318982329437
2013-10-11,0.1,0.0,0.0,0.9,0.0003483309143687885,1.280377738081385
2013-10-14,0.1,0.0,0.0,0.9,0.0,1.280377738081385
2013-10-15,0.1,0.0,0.0,0.9,-0.0006963923009962514,1.279486092882218
2013-10-16,0.1,0.0,0.0,0.9,0.001306746684735205,1.2811580570922567
2013-10-17,0.1,0.0,0.0,0.9,0.002261743669050964,1.2840557082169388
2013-10-18,0.1,0.0,0.0,0.9,-0.00034708831469333347,1.2836100274852014
2013-10-21,0.1,0.0,0.0,0.9,-0.0005208333333333482,1.282941480595886
2013-10-22,0.1,0.0,0.0,0.9,0.002431962941517063,1.2860615467328302
2013-10-23,0.1,0.0,0.0,0.9,0.00043310875842150764,1.2866185512525894
2013-10-24,0.1,0.0,0.0,0.9,-0.0009523809523809823,1.2853932002513964
2013-10-25,0.1,0.0,0.0,0.9,0.0006067026194144232,1.2861730516729666
2013-10-28,0.1,0.0,0.0,0.9,-0.00017322683091128833,1.2859502519912218
2013-10-29,0.1,0.0,0.0,0.9,8.663008951772523e-05,1.2860616539766672
2013-10-30,0.1,0.0,0.0,0.9,-0.00017324350336870298,1.2858388521501842
2013-10-31,0.1,0.0,0.0,0.9,-0.0005198305737389886,1.2851704338019352
2013-11-01,0.1,0.0,0.0,0.9,-0.0018204584858408257,1.2828308343799688
2013-11-04,0.1,0.0,0.0,0.9,0.0005211852137825268,1.2834994268426319
2013-11-05,0.1,0.0,0.0,0.9,-0.0011285810745634618,1.2820508936802841
2013-11-06,0.1,0.0,0.0,0.9,0.0012169209967162642,1.2836110483316625
2013-11-07,0.1,0.0,0.0,0.9,0.0006944444444443976,1.2845024448930038
2013-11-08,0.1,0.0,0.0,0.9,-0.003382806476484168,1.28015722170336
2013-11-11,0.1,0.0,0.0,0.9,0.0,1.28015722170336
2013-11-12,0.1,0.0,0.0,0.9,-0.0009577246783399107,1.2789311835399797
2013-11-13,0.1,0.0,0.0,0.9,0.0015688553166763653,1.2809376415269396
2013-11-14,0.1,0.0,0.0,0.9,0.0016531322505801249,1.2830552008531297
2013-11-15,0.1,0.0,0.0,0.9,-0.00034738975200224734,1.2826094806251003
2013-11-18,0.1,0.0,0.0,0.9,0.0008688097306690069,1.2837238242225157
2013-11-19,0.1,0.0,0.0,0.9,-0.0011283633908765855,1.282275317255267
2013-11-20,0.88,0.12,0.0,0.0,-0.000608342989571331,1.2814952540553144
2013-11-21,0.1,0.0,0.0,0.9,-0.00013683010262257155,1.2813199069281918
2013-11-22,0.88,0.12,0.0,0.0,0.00026086956521733653,1.2816541642952164
2013-11-25,0.88,0.12,0.0,0.0,0.000125463358996285,1.2818149649317403
2013-11-26,0.88,0.12,0.0,0.0,7.975693125712446e-05,1.2819171985597828
2013-11-27,0.88,0.12,0.0,0.0,4.55451181326616e-05,1.2819755836300275
2013-11-29,0.88,0.12,0.0,0.0,0.0,1.2819755836300275
2013-12-02,0.88,0.12,0.0,0.0,-0.0001252015555344954,1.2818150782927997
2013-12-03,0.88,0.12,0.0,0.0,-2.2787694644881283e-05,1.2817858686822043
2013-12-04,0.88,0.12,0.0,0.0,-9.116809116808788e-05,1.2816690107112705
2013-12-05,0.88,0.12,0.0,0.0,-2.280935183424315e-05,1.2816397766718701
2013-12-06,0.88,0.12,0.0,0.0,2.281368821292595e-05,1.2816690156021364
2013-12-09,0.88,0.12,0.0,0.0,7.983273141988434e-05,1.2817713347404283
2013-12-10,0.88,0.12,0.0,0.0,6.838256244656726e-05,1.2818589855487683
2013-12-11,0.88,0.12,0.0,0.0,1.1390602752747724e-05,1.2818735866952577
2013-12-12,0.88,0.12,0.0,0.0,-0.00011389521640090993,1.2817275874257024
2013-12-13,0.88,0.12,0.0,0.0,-6.840205206156913e-05,1.2816399146285384
2013-12-16,0.88,0.12,0.0,0.0,1.1406844106449654e-05,1.2816545340952452
2013-12-17,0.88,0.12,0.0,0.0,-5.7028799543763496e-05,1.281581442875736
2013-12-18,0.88,0.12,0.0,0.0,-2.2822365918599985e-05,1.2815521941550923
2013-12-19,0.88,0.12,0.0,0.0,2.2826707247469714e-05,1.2815814477718506
2013-12-20,0.88,0.12,0.0,0.0,3.4233548877899974e-05,1.2816253208529838
2013-12-23,0.88,0.12,0.0,0.0,2.281585702061939e-05,1.2816545622330582
2013-12-24,0.88,0.12,0.0,0.0,-1.1405759908744706e-05,1.2816399439888353
2013-12-26,0.88,0.12,0.0,0.0,-2.281368821292595e-05,1.281610705054752
2013-12-27,0.88,0.12,0.0,0.0,-2.2818026240742917e-05,1.2815814612280538
2013-12-30,0.88,0.12,0.0,0.0,3.4233548877899974e-05,1.2816253343096478
2013-12-31,0.88,0.12,0.0,0.0,2.281585702061939e-05,1.2816545756900293
2014-01-02,0.88,0.12,0.0,0.0,9.124607927003758e-05,1.2817715216450396
2014-01-03,0.88,0.12,0.0,0.0,2.2794187482189088e-05,1.2818007385854133
2014-01-06,0.88,0.12,0.0,0.0,0.00010255436330832701,1.2819321928440472
2014-01-07,0.88,0.12,0.0,0.0,0.0001593927893738023,1.2821365235920525
2014-01-08,0.88,0.12,0.0,0.0,-1.1370096645828553e-05,1.2821219455758661
2014-01-09,0.88,0.12,0.0,0.0,1.1371174073735446e-05,1.282136524807693
2014-01-10,0.88,0.12,0.0,0.0,0.00011370096645820559,1.282282304969695
2014-01-13,0.88,0.12,0.0,0.0,5.67966679288201e-05,1.2823551343319612
2014-01-14,0.88,0.12,0.0,0.0,2.270791938688177e-05,1.282384253948977
2014-01-15,0.88,0.12,0.0,0.0,9.081449247943851e-05,1.2825007130241628
2014-01-16,0.88,0.12,0.0,0.0,4.537290859248699e-05,1.2825589038117846
2014-01-17,0.88,0.12,0.0,0.0,4.535575923652502e-05,1.2826170752446326
2014-01-21,0.88,0.12,0.0,0.0,3.400396712948783e-05,1.2826606893134989
2014-01-22,0.88,0.12,0.0,0.0,0.0,1.2826606893134989
2014-01-23,0.88,0.12,0.0,0.0,-0.00010198300283286166,1.282529879724787
2014-01-24,0.88,0.12,0.0,0.0,-0.00040827899064360907,1.2820062497200226
2014-01-27,0.88,0.12,0.0,0.0,-0.00014793741109531133,1.281816593034431
2014-01-28,0.88,0.12,0.0,0.0,3.418154196733525e-05,1.2818604075021003
2014-01-29,0.88,0.12,0.0,0.0,-5.695301376364536e-05,1.2817874016886688
2014-01-30,0.88,0.12,0.0,0.0,5.6980056980044936e-05,1.2818604380078533
2014-01-31,0.1,0.0,0.0,0.9,-0.0001139060275272774,1.2817144263775155
2014-02-03,0.1,0.0,0.0,0.9,0.0023560209424082546,1.2847341724082477
2014-02-04,0.1,0.0,0.0,0.9,-0.0008703220191470518,1.2836160399692502
2014-02-05,0.1,0.0,0.0,0.9,-0.0009582809021392302,1.282385975232468
2014-02-06,0.88,0.12,0.0,0.0,-0.0009593023255813571,1.2811557793841346
2014-02-07,0.05,0.12,0.83,0.0,0.00018245747410435163,1.2813895358315752
2014-02-10,0.05,0.12,0.8300000000000001,0.0,2.397467147801979e-05,1.2814202567247321
2014-02-11,0.88,0.12,0.0,0.0,-0.0007487096445114318,1.28046084501985
2014-02-12,0.88,0.12,0.0,0.0,0.00012494084240415759,1.2806208268764925
2014-02-13,0.05,0.12,0.8300000000000001,0.0,1.1346444780615528e-05,1.2806353573699896
2014-02-14,0.05,0.12,0.8300000000000002,0.0,-0.00016750014244332537,1.2804208507652122
2014-02-18,0.05,0.12,0.8300000000000001,0.0,0.0012583950106446488,1.2820321259753404
2014-02-19,0.05,0.12,0.8300000000000002,0.0,-0.0005474469867642862,1.2813302813510403
2014-02-20,0.05,0.12,0.8299999999999998,0.0,-0.0006613473521524051,1.280482876962236
2014-02-21,0.05,0.12,0.8300000000000001,0.0,0.0006856902235512318,1.2813608915523937
2014-02-24,0.88,0.12,0.0,0.0,-0.00011136046159361814,1.2812181986120423
2014-02-25,0.05,0.12,0.8299999999999997,0.0,0.00018048505358152055,1.2814494393472686
2014-02-26,0.05,0.12,0.8299999999999998,0.0,0.0008853507305864225,1.2825839715446041
2014-02-27,0.05,0.12,0.83,0.0,0.0009515955418914411,1.2838044727340274
2014-02-28,0.05,0.12,0.83,0.0,-0.0006146972532227579,1.2830153216509628
2014-03-03,0.05,0.12,0.8300000000000001,0.0,0.0007376325987948816,1.2839617155769658
2014-03-04,0.05,0.12,0.83,0.0,-0.0018097612660372166,1.2816380513970398
2014-03-05,0.05,0.12,0.83,0.0,-8.964768377490384e-05,1.2815231555142943
2014-03-06,0.05,0.12,0.8300000000000001,0.0,-0.0011764310982642144,1.2800155318210016
2014-03-07,0.05,0.12,0.8299999999999998,0.0,-0.0023001771243285974,1.2770712693759216
2014-03-10,0.88,0.12,0.0,0.0,-3.412154434791815e-05,1.2770276937319682
2014-03-11,0.05,0.12,0.8300000000000001,0.0,2.2586109542617192e-05,1.2770565368193478
2014-03-12,0.88,0.12,0.0,0.0,0.00028034380718427126,1.2774145517108695
2014-03-13,0.05,0.12,0.83,0.0,2.2603126765874392e-05,1.2774434252739144
2014-03-14,0.05,0.12,0.83,0.0,-0.0006514014310623262,1.2766112967985899
2014-03-17,0.88,0.12,0.0,0.0,-0.0012888868614076543,1.2749658892710216
2014-03-18,0.88,0.12,0.0,0.0,0.00016968325791855143,1.2751822296368482
2014-03-19,0.88,0.12,0.0,0.0,7.907370799209446e-05,1.2752830630241112
2014-03-20,0.88,0.12,0.0,0.0,-0.00020319849482596018,1.2750239274252277
2014-03-21,0.88,0.12,0.0,0.0,0.00010177157934411872,1.2751536886240233
2014-03-24,0.88,0.12,0.0,0.0,1.1298371151511332e-05,1.2751680957836726
2014-03-25,0.88,0.12,0.0,0.0,1.129730747505775e-05,1.2751825017497331
2014-03-26,0.88,0.12,0.0,0.0,7.907370799209446e-05,1.275283335158513
2014-03-27,0.88,0.12,0.0,0.0,-5.644402634054302e-05,1.275211353032352
2014-03-28,0.88,0.12,0.0,0.0,2.2588235294112022e-05,1.275240157806444
2014-03-31,0.88,0.12,0.0,0.0,-1.1291992095601166e-05,1.2752257578046622
2014-04-01,0.88,0.12,0.0,0.0,2.2586109542617192e-05,1.2752545601933196
2014-04-02,0.88,0.12,0.0,0.0,0.0,1.2752545601933196
2014-04-03,0.88,0.12,0.0,0.0,2.2581859239734213e-05,1.2752833578122926
2014-04-04,0.88,0.12,0.0,0.0,0.00010159924741299341,1.2754129256416846
2014-04-07,0.88,0.12,0.0,0.0,-6.76755334147927e-05,1.2753266113916177
2014-04-08,0.88,0.12,0.0,0.0,-1.1285620238878913e-05,1.275312218539801
2014-04-09,0.88,0.12,0.0,0.0,5.643340857790058e-05,1.2753841887552944
2014-04-10,0.88,0.12,0.0,0.0,7.896963429536719e-05,1.2754849053782664
2014-04-11,0.88,0.12,0.0,0.0,-0.00018038331454340637,1.2752548291833843
2014-04-14,0.88,0.12,0.0,0.0,2.2581859239734213e-05,1.2752836268084315
2014-04-15,0.88,0.12,0.0,0.0,0.0,1.2752836268084315
2014-04-16,0.88,0.12,0.0,0.0,-1.1288805268092616e-05,1.275269230379907
2014-04-17,0.88,0.12,0.0,0.0,-4.5159469376239156e-05,1.2752116398981512
2014-04-21,0.1,0.0,0.0,0.9,-2.2588235294112022e-05,1.2751828351175793
2014-04-22,0.88,0.12,0.0,0.0,-0.000526932084309184,1.2745109003683954
2014-04-23,0.88,0.12,0.0,0.0,1.1294117647056011e-05,1.2745252948444468
2014-04-24,0.88,0.12,0.0,0.0,2.2586109542617192e-05,1.274554081412371
2014-04-25,0.88,0.12,0.0,0.0,-3.3872788859614645e-05,1.2745109087110813
2014-04-28,0.88,0.12,0.0,0.0,-2.2588235294112022e-05,1.2744821197587903
2014-04-29,0.88,0.12,0.0,0.0,3.388873199661191e-05,1.2745253103417813
2014-04-30,0.88,0.12,0.0,0.0,7.905138339920015e-05,1.2746260633307411
2014-05-01,0.88,0.12,0.0,0.0,2.2571240477757825e-05,1.274654833222136
2014-05-02,0.88,0.12,0.0,0.0,2.2566995768693586e-05,1.274683598352364
2014-05-05,0.88,0.12,0.0,0.0,-1.128137632792292e-05,1.2746692181669919
2014-05-06,0.88,0.12,0.0,0.0,5.641218503196654e-05,1.2747411250427816
2014-05-07,0.05,0.12,0.83,0.0,5.638567803776695e-05,1.2748130021854398
2014-05-08,0.05,0.12,0.8300000000000001,0.0,0.0011076193151105574,1.2762250096898144
2014-05-09,0.05,0.12,0.83,0.0,-0.0004690148803918015,1.2756264411695417
2014-05-12,0.88,0.12,0.0,0.0,-0.0011950966178670929,1.2741019443240382
2014-05-13,0.05,0.12,0.83,0.0,5.629045876724525e-05,1.2741736641070005
2014-05-14,0.05,0.12,0.8299999999999998,0.0,0.002089427812012428,1.2768359579981194
2014-05-15,0.05,0.12,0.83,0.0,0.0008018450087634087,1.27785978253805
2014-05-16,0.05,0.12,0.8300000000000001,0.0,-0.0005792471261183106,1.2771195859314326
2014-05-19,0.05,0.12,0.8299999999999998,0.0,1.1255979739237532e-05,1.2771339611636163
2014-05-20,0.05,0.12,0.83,0.0,0.0008915250125988592,1.2782725580344332
2014-05-21,0.05,0.12,0.8299999999999998,0.0,-0.0007573380959264675,1.2773044735292562
2014-05-22,0.05,0.12,0.8299999999999998,0.0,-0.0008134066508080672,1.2762655055753807
2014-05-23,0.05,0.12,0.8299999999999998,0.0,0.0007578481504881028,1.2772327210283128
2014-05-27,0.05,0.12,0.83,0.0,0.0003569034901885714,1.2776885698442306
2014-05-28,0.05,0.12,0.8299999999999998,0.0,0.0022271919914269088,1.2805342275945255
2014-05-29,0.05,0.12,0.83,0.0,-0.00011044434986783868,1.2803927998242752
2014-05-30,0.05,0.12,0.83,0.0,-0.00033247412568574884,1.2799671023476193
2014-06-02,0.05,0.12,0.8299999999999998,0.0,-0.0032677276065369086,1.2757845185118188
2014-06-03,0.05,0.12,0.83,0.0,-0.0014729668044027619,1.27390533026648
2014-06-04,0.05,0.12,0.8300000000000001,0.0,-0.000413582900431253,1.2733784648051136
2014-06-05,0.05,0.12,0.8300000000000001,0.0,0.00086132355316348,1.2744752556689414
2014-06-06,0.05,0.12,0.8300000000000001,0.0,5.685724906777766e-05,1.2745477188259837
2014-06-09,0.05,0.12,0.83,0.0,-0.0003122382130029133,1.2741497563238704
2014-06-10,0.05,0.12,0.8300000000000001,0.0,-0.0006478224303006086,1.2733243335321618
2014-06-11,0.05,0.12,0.83,0.0,-0.00010074220545887247,1.2731960560305373
2014-06-12,0.05,0.12,0.8299999999999998,0.0,0.0013534658013522227,1.2749192833507912
2014-06-13,0.05,0.12,0.8299999999999998,0.0,-0.001027426452425758,1.273609397554369
2014-06-16,0.05,0.12,0.8299999999999998,0.0,-0.00012284415223854704,1.2734529420876435
2014-06-17,0.05,0.12,0.8300000000000001,0.0,-0.0016997032186470958,1.2712884500231816
2014-06-18,0.05,0.12,0.8299999999999998,0.0,0.0011766373688686118,1.2727842955200899
2014-06-19,0.05,0.12,0.83,0.0,0.0008284398025809867,1.2738387206905988
2014-06-20,0.05,0.12,0.83,0.0,-8.92590800703108e-05,1.273725019018232
2014-06-23,0.05,0.12,0.8300000000000001,0.0,0.00016776499236300645,1.2739387054863203
2014-06-24,0.05,0.12,0.8299999999999998,0.0,0.0010733006073716013,1.2753060246726728
2014-06-25,0.05,0.12,0.8300000000000001,0.0,0.0006807586840751465,1.2761742003238221
2014-06-26,0.05,0.12,0.8299999999999998,0.0,0.0009034109850703722,1.277327110115258
2014-06-27,0.05,0.12,0.8299999999999998,0.0,-0.0002676580058911959,1.2769852232880936
2014-06-30,0.05,0.12,0.8299999999999998,0.0,-0.0006476898270761832,1.2761581329496432
2014-07-01,0.05,0.12,0.83,0.0,-0.0013827136493688094,1.2743935716804606
2014-07-02,0.05,0.12,0.83,0.0,-0.0018098049363606261,1.272087167903567
2014-07-03,0.05,0.12,0.83,0.0,-0.0008173984389060196,1.2710473658383703
2014-07-07,0.05,0.12,0.83,0.0,0.000549097438805266,1.2717452946915522
2014-07-08,0.05,0.12,0.8300000000000001,0.0,0.001354825267259454,1.2734682873503187
2014-07-09,0.05,0.12,0.8300000000000001,0.0,0.00041331311289372736,1.2739946284923351
2014-07-10,0.05,0.12,0.83,0.0,0.0001992378662163331,1.2742484564636871
2014-07-11,0.05,0.12,0.8300000000000001,0.0,0.0003352308581428676,1.2746756238672345
2014-07-14,0.05,0.12,0.8299999999999998,0.0,-0.0010158162304650564,1.273380787679932
2014-07-15,0.05,0.12,0.8300000000000001,0.0,-0.0003925566115726053,1.2728809136326786
2014-07-16,0.05,0.12,0.8300000000000001,0.0,-0.0002024461308281045,1.2726232238167088
2014-07-17,0.05,0.12,0.83,0.0,0.0011488334905658815,1.2740852559971012
2014-07-18,0.05,0.0,0.95,0.0,-0.0008402546817018574,1.2730146998958622
2014-07-21,0.05,0.0,0.95,0.0,-0.0004474799811588159,1.272445051301938
2014-07-22,0.05,0.07615724988697303,0.8738427501130269,0.0,0.0006267672007540636,1.273242578124856
2014-07-23,0.05,0.12,0.83,0.0,0.00022221414576085582,1.2735255106367003
2014-07-24,0.05,0.12,0.8299999999999998,0.0,-0.001384238543909927,1.2717626475382244
2014-07-25,0.05,0.12,0.83,0.0,0.0007149370709290557,1.2726718778003723
2014-07-28,0.05,0.12,0.83,0.0,-0.0009398154393973312,1.2714758011203287
2014-07-29,0.05,0.0,0.95,0.0,0.0004902320037401231,1.2720991192500188
2014-07-30,0.05,0.0,0.95,0.0,-0.0029553167420814375,1.2683396634253121
2014-07-31,0.05,0.0,0.95,0.0,-0.00044917257683215194,1.2677699600303929
2014-08-01,0.05,0.0,0.95,0.0,0.0017975402081361835,1.270048827508215
2014-08-04,0.05,0.0,0.95,0.0,0.00044853635505182066,1.2706184905800435
2014-08-05,0.05,0.0,0.95,0.0,-8.966493629076755e-05,1.2705045606540357
2014-08-06,0.05,0.0,0.95,0.0,-0.0002690202001133124,1.2701627692628836
2014-08-07,0.05,0.0,0.95,0.0,0.0015248796147673493,1.272099614577169
2014-08-08,0.05,0.0,0.95,0.0,-0.00026866515837103977,1.271757845732755
2014-08-11,0.05,0.0,0.95,0.0,-8.958038660999423e-05,1.27164392117326
2014-08-12,0.05,0.0,0.95,0.0,-0.0002687665032063746,1.2713021458832425
2014-08-13,0.05,0.0,0.95,0.0,0.0011649844354305716,1.2727831930959261
2014-08-14,0.05,0.0,0.95,0.0,0.0008055398530244284,1.2738084706822246
2014-08-15,0.05,0.0,0.95,0.0,0.001341428974865677,1.275517194273227
2014-08-18,0.05,0.0,0.95,0.0,-0.0011609325061100906,1.274036404900293
2014-08-19,0.05,0.0,0.95,0.0,-0.0004470588235294059,1.2734668356839847
2014-08-20,0.05,0.0,0.95,0.0,-0.0013418079096045865,1.2717580878112447
2014-08-21,0.05,0.0,0.95,0.0,0.0006270627062706979,1.2725555598795093
2014-08-22,0.05,0.0,0.95,0.0,-0.0005371277798718432,1.2718720349368677
2014-08-25,0.05,0.0,0.95,0.0,0.00017914388082215237,1.2720998830291155
2014-08-26,0.05,0.0,0.95,0.0,0.00044777526395173295,1.272669497890012
2014-08-27,0.05,0.0,0.95,0.0,0.0008951286158484617,1.2738087007760908
2014-08-28,0.05,0.07955618097001944,0.8704438190299805,0.0,0.0006260001882707478,1.2746061052625974
2014-08-29,0.05,0.12,0.8300000000000001,0.0,-0.00024565676924649405,1.2742929896447168
2014-09-02,0.05,0.0,0.95,0.0,-0.0024565099099326695,1.2711626762874968
2014-09-03,0.05,0.0,0.95,0.0,0.0002689440407662169,1.2715045479141287
2014-09-04,0.05,0.0,0.95,0.0,-0.0011650943396226464,1.2700231251625496
2014-09-05,0.05,0.0,0.95,0.0,8.973269103614844e-05,1.2701370877552485
2014-09-08,0.1,0.0,0.0,0.9,-0.0007177937287495606,1.2692253913190055
2014-09-09,0.1,0.0,0.0,0.9,-0.001316046012867944,1.2675550323033293
2014-09-10,0.1,0.0,0.0,0.9,-0.0007029190666797636,1.2666640437030574
2014-09-11,0.1,0.0,0.0,0.9,8.793356130922803e-05,1.2667754259834028
2014-09-12,0.1,0.0,0.0,0.9,-0.001494724501758482,1.26488194571596
2014-09-15,0.1,0.0,0.0,0.9,0.0007045699187787857,1.2657731434857178
2014-09-16,0.1,0.0,0.0,0.9,0.0004400117336461396,1.2663300985209855
2014-09-17,0.1,0.0,0.0,0.9,-0.000879593432369008,1.2652162428831153
2014-09-18,0.1,0.0,0.0,0.9,-0.001144590099784737,1.2637680888974245
2014-09-19,0.1,0.0,0.0,0.9,0.0006171025565676836,1.264547963415992
2014-09-22,0.1,0.0,0.0,0.9,0.0010571652310102043,1.2658847995558602
2014-09-23,0.1,0.0,0.0,0.9,0.0007919436840047256,1.266887309027546
2014-09-24,0.1,0.0,0.0,0.9,-0.0010549965810296104,1.2655507472479723
2014-09-25,0.1,0.0,0.0,0.9,0.001584352078239748,1.2675558252044925
2014-09-26,0.1,0.0,0.0,0.9,-0.0012301083666894864,1.2659965941786624
2014-09-29,0.1,0.0,0.0,0.9,0.0010558216834489988,1.267333260833969
2014-09-30,0.1,0.0,0.0,0.9,-0.0010545845132310272,1.2659967508039909
2014-10-01,0.1,0.0,0.0,0.9,0.003167465050346996,1.2700067512660154
2014-10-02,0.1,0.0,0.0,0.9,-0.0007014125669752791,1.269115952570534
2014-10-03,0.1,0.0,0.0,0.9,-0.0010529394559812056,1.2677796503098573
2014-10-06,0.1,0.0,0.0,0.9,0.0012298682284040297,1.2693388522223905
2014-10-07,0.1,0.0,0.0,0.9,0.0018422848230821964,1.2716773359251883
2014-10-08,0.1,0.0,0.0,0.9,0.0018385214007782037,1.2740153419221711
2014-10-09,0.1,0.0,0.0,0.9,8.737015823703232e-05,1.2741266528441915
2014-10-10,0.1,0.0,0.0,0.9,0.00034944670937677726,1.274571892210357
2014-10-13,0.1,0.0,0.0,0.9,0.0,1.274571892210357
2014-10-14,0.05,0.0,0.95,0.0,0.0033184552687754334,1.2788015020214956
2014-10-15,0.05,0.0,0.95,0.0,0.0028644115707153303,1.282464515840534
2014-10-16,0.05,0.0,0.95,0.0,-0.0028558008454673987,1.2788020525919146
2014-10-17,0.05,0.0,0.95,0.0,-0.0012531800621879308,1.2771994833561215
2014-10-20,0.05,0.0,0.95,0.0,0.0008066798754600812,1.278229774476293
2014-10-21,0.05,0.0,0.95,0.0,-0.0005373303167420795,1.2775429428667044
2014-10-22,0.05,0.0,0.95,0.0,-0.0008064516129031806,1.2765126662998765
2014-10-23,0.05,0.0,0.95,0.0,-0.0018833191730388665,1.274108585520807
2014-10-24,0.05,0.0,0.95,0.0,0.00017972001513432144,1.2743375683350795
2014-10-27,0.05,0.0,0.95,0.0,0.0005390580669566436,1.2750245102813165
2014-10-28,0.05,0.0,0.95,0.0,-0.0008081285444234587,1.2739941265797186
2014-10-29,0.1,0.0,0.0,0.9,-0.0023365812127517983,1.2710173358383963
2014-10-30,0.1,0.0,0.0,0.9,0.0006119475473529868,1.2717951317797056
2014-10-31,0.1,0.0,0.0,0.9,-0.0010483401281303317,1.2704618579083
2014-11-03,0.1,0.0,0.0,0.9,-0.0005247813411078495,1.2697951432306804
2014-11-04,0.1,0.0,0.0,0.9,0.0,1.2697951432306804
2014-11-05,0.1,0.0,0.0,0.9,-8.751458576437e-05,1.269684017634715
2014-11-06,0.1,0.0,0.0,0.9,-0.0007877078673538929,1.2686838775449707
2014-11-07,0.1,0.0,0.0,0.9,0.0020147946272144335,1.2712400150050818
2014-11-10,0.1,0.0,0.0,0.9,-0.0015732737690588362,1.2692400064352964
2014-11-11,0.1,0.0,0.0,0.9,0.0,1.2692400064352964
2014-11-12,0.1,0.0,0.0,0.9,0.00017511431073062857,1.2694622685241752
2014-11-13,0.1,0.0,0.0,0.9,0.0006127808578931581,1.2702401707021442
2014-11-14,0.1,0.0,0.0,0.9,0.0005248833592535806,1.2709068986300012
2014-11-17,0.1,0.0,0.0,0.9,-0.0006120069943655993,1.2701290947188522
2014-11-18,0.1,0.0,0.0,0.9,0.000524934383202047,1.2707958291517754
2014-11-19,0.1,0.0,0.0,0.9,-0.0008743806470417171,1.2696846698724238
2014-11-20,0.1,0.0,0.0,0.9,0.0006126616746087166,1.2704625570084929
2014-11-21,0.1,0.0,0.0,0.9,0.0002623906705540247,1.2707959145307401
2014-11-24,0.1,0.0,0.0,0.9,0.0002623141941124452,1.2711292623369417
2014-11-25,0.1,0.0,0.0,0.9,0.0011363636363636686,1.2725737274077793
2014-11-26,0.1,0.0,0.0,0.9,0.0006984188573092132,1.2734625168963172
2014-11-28,0.1,0.0,0.0,0.9,0.001134050596103542,1.2749066878227189
2014-12-01,0.1,0.0,0.0,0.9,-0.00017424975798643327,1.2746845356409104
2014-12-02,0.1,0.0,0.0,0.9,-0.0020042602633618014,1.2721297360778037
2014-12-03,0.1,0.0,0.0,0.9,-0.0005240174672488829,1.2714631178754923
2014-12-04,0.1,0.0,0.0,0.9,0.0007864841246723042,1.2724631034328078
2014-12-05,0.1,0.0,0.0,0.9,-0.0029685681024447463,1.2686857100524194
2014-12-08,0.1,0.0,0.0,0.9,0.000700798131204916,1.2695748026271103
2014-12-09,0.1,0.0,0.0,0.9,0.0011379109122738652,1.2710194656489675
2014-12-10,0.1,0.0,0.0,0.9,0.001748421563866076,1.2732417434908017
2014-12-11,0.1,0.0,0.0,0.9,-0.0009597673291323217,1.2720197276633118
2014-12-12,0.1,0.0,0.0,0.9,0.0023583074534161866,1.2750195412679526
2014-12-15,0.1,0.0,0.0,0.9,-0.0013938631303842986,1.2732423385388598
2014-12-16,0.1,0.0,0.0,0.9,0.0013960252060106315,1.2750198169368199
2014-12-17,0.1,0.0,0.0,0.9,-0.0027006098151196034,1.2715764859047283
2014-12-18,0.1,0.0,0.0,0.9,-0.001398058252427148,1.2697987479050168
2014-12-19,0.1,0.0,0.0,0.9,0.00017502917152854014,1.2700209997278706
2014-12-22,0.1,0.0,0.0,0.9,-8.749756951196286e-05,1.2699098759771652
2014-12-23,0.1,0.0,0.0,0.9,-0.002362664073893961,1.2669095055361108
2014-12-24,0.1,0.0,0.0,0.9,-0.00026320920257358885,1.2665760432954258
2014-12-26,0.1,0.0,0.0,0.9,0.0,1.2665760432954258
2014-12-29,0.1,0.0,0.0,0.9,0.001404193076547955,1.2683545606063429
2014-12-30,0.1,0.0,0.0,0.9,0.0007886281764190484,1.2693548207505267
2014-12-31,0.1,0.0,0.0,0.9,0.0002626459143968862,1.2696882116081167
2015-01-02,0.1,0.0,0.0,0.9,0.0010502771564718572,1.2710217361326102
2015-01-05,0.1,0.0,0.0,0.9,0.0016610004856725924,1.2731329038536268
2015-01-06,0.1,0.0,0.0,0.9,0.002181500872600295,1.2759102443943195
2015-01-07,0.1,0.0,0.0,0.9,0.0005222942257471886,1.2765766449475384
2015-01-08,0.1,0.0,0.0,0.9,-0.0008699855002417101,1.2754660417764867
2015-01-09,0.1,0.0,0.0,0.9,0.0016545718432511957,1.2775763919762333
2015-01-12,0.1,0.0,0.0,0.9,0.0016515356384006585,1.2796863549183612
2015-01-13,0.1,0.0,0.0,0.9,0.0009544008483563627,1.2809076886611255
2015-01-14,0.1,0.0,0.0,0.9,0.0018201078582434694,1.283239078810942
2015-01-15,0.1,0.0,0.0,0.9,0.0022489187890437855,1.2861249792861151
2015-01-16,0.1,0.0,0.0,0.9,-0.0019844693701467574,1.2835727036585411
2015-01-20,0.1,0.0,0.0,0.9,-0.00017294388931583527,1.2833507176029508
2015-01-21,0.1,0.0,0.0,0.9,-0.001383817028637313,1.281574795026218
2015-01-22,0.1,0.0,0.0,0.9,-0.0012993262752647229,1.2799096112213233
2015-01-23,0.1,0.0,0.0,0.9,0.0017349397590361582,1.2821301772938039
2015-01-26,0.1,0.0,0.0,0.9,-0.0006060606060606432,1.2813531287015045
2015-01-27,0.1,0.0,0.0,0.9,0.0004331921447825238,1.2819082008115503
2015-01-28,0.1,0.0,0.0,0.9,0.00259790243433069,1.2852384732470272
2015-01-29,0.1,0.0,0.0,0.9,-0.0007771275064760719,1.2842396790770856
2015-01-30,0.05,0.0,0.24518973335637925,0.7048102666436208,0.002506241597849157,1.287458293982397
2015-02-02,0.05,0.0,0.24518973335637925,0.7048102666436208,0.0003605760407915152,1.2879225205967253
2015-02-03,0.05,0.0,0.24518973335637925,0.7048102666436208,-0.003100837106097036,1.283928882655081
2015-02-04,0.05,0.0,0.24518973335637925,0.7048102666436208,-0.0002939304268366198,1.2835514968905744
2015-02-05,0.05,0.0,0.24518973335637925,0.7048102666436208,-0.0003385581067555101,1.2831169401258637
2015-02-06,0.05,0.0,0.24518973335637925,0.7048102666436208,-0.005065480060589478,1.2766173368502516
2015-02-09,0.1,0.0,0.0,0.9,-0.00047863808116086707,1.2760062991777648
2015-02-10,0.1,0.0,0.0,0.9,-0.0009574468085106647,1.2747845910189775
2015-02-11,0.1,0.0,0.0,0.9,0.0,1.2747845910189775
2015-02-12,0.1,0.0,0.0,0.9,0.000435666569851767,1.2753399720490466
2015-02-13,0.1,0.0,0.0,0.9,-0.0006967292432746297,1.2744514053954028
2015-02-17,0.1,0.0,0.0,0.9,-0.0033120278907613153,1.2702303867953133
2015-02-18,0.1,0.0,0.0,0.9,0.002886858475894294,1.273897362153772
2015-02-19,0.1,0.0,0.0,0.9,-0.0013952136420888662,1.272120003175474
2015-02-20,0.1,0.0,0.0,0.9,-0.0009606986899562853,1.2708978791549561
2015-02-23,0.1,0.0,0.0,0.9,0.002010880124344383,1.2734535024402203
2015-02-24,0.1,0.0,0.0,0.9,0.0025298051759231168,1.276675091701991
2015-02-25,0.1,0.0,0.0,0.9,0.0,1.276675091701991
2015-02-26,0.1,0.0,0.0,0.9,-0.0018267929634640633,1.27434287062784
2015-02-27,0.1,0.0,0.0,0.9,0.0006973365617432448,1.2752315165037256
2015-03-02,0.1,0.0,0.0,0.9,-0.002264589180296195,1.2723436410090785
2015-03-03,0.1,0.0,0.0,0.9,-0.001135150868341861,1.270899339020158
2015-03-04,0.1,0.0,0.0,0.9,0.0004371478531182138,1.27145490993774
2015-03-05,0.05,0.0,0.95,0.0,0.0007864841246723042,1.2724548890396425
2015-03-06,0.1,0.0,0.0,0.9,-0.004241474304170206,1.267057804324565
2015-03-09,0.1,0.0,0.0,0.9,0.001227711195556891,1.2686133853763522
2015-03-10,0.1,0.0,0.0,0.9,0.0015763355064707385,1.2706131456997047
2015-03-11,0.1,0.0,0.0,0.9,8.742107819328383e-05,1.2707242240708685
2015-03-12,0.05,0.0,0.95,0.0,0.0009615384615384581,1.2719460742863213
2015-03-13,0.05,0.0,0.95,0.0,-0.0009034712315740656,1.27079690760009
2015-03-16,0.1,0.0,0.0,0.9,-0.0002712993812469977,1.2704521411853675
2015-03-17,0.05,0.0,0.95,0.0,0.00043655413271237453,1.2710067623180152
2015-03-18,0.05,0.0,0.95,0.0,0.004070653208912589,1.2761805900735945
2015-03-19,0.05,0.0,0.95,0.0,-0.0013510950981322379,1.2744563487340146
2015-03-20,0.05,0.0,0.95,0.0,0.0019844284086594664,1.2769854161180387
2015-03-23,0.05,0.0,0.95,0.0,0.0008101193860146515,1.278019926759294
2015-03-24,0.05,0.0,0.95,0.0,0.001169175423648705,1.2795141562485943
2015-03-25,0.05,0.0,0.95,0.0,-0.0013473903177005197,1.2777901512631042
2015-03-26,0.05,0.0,0.95,0.0,-0.002698608086355436,1.2743418964282403
2015-03-27,0.05,0.0,0.95,0.0,0.0020748267021176822,1.276985935022577
2015-03-30,0.05,0.0,0.95,0.0,-9.001326511280937e-05,1.2768709893490624
2015-03-31,0.05,0.0,0.2914651759087412,0.6585348240912587,0.0009002179475030014,1.2780204515303204
2015-04-01,0.05,0.0,0.2914651759087412,0.6585348240912587,0.0017503362851973626,1.2802574170998582
2015-04-02,0.05,0.0,0.2914651759087412,0.6585348240912587,-0.0007634038557224256,1.279280063651327
2015-04-06,0.05,0.0,0.2914651759087412,0.6585348240912587,0.0010646249539033284,1.2806420171301212
2015-04-07,0.05,0.0,0.2914651759087412,0.6585348240912587,-0.0003252756477236519,1.280225455468497
2015-04-08,0.05,0.0,0.2914651759087412,0.6585348240912587,-7.180849946868226e-05,1.2801335243995584
2015-04-09,0.05,0.0,0.2914651759087412,0.6585348240912587,-0.0018740584653282712,1.277734479331407
2015-04-10,0.05,0.12,0.83,0.0,-0.0001906770072651341,1.2774908447448086
2015-04-13,0.05,0.12,0.8300000000000001,0.0,0.0007768599234330286,1.2784832761846434
2015-04-14,0.05,0.12,0.8300000000000001,0.0,0.0009496801717150083,1.2796974264019052
2015-04-15,0.05,0.12,0.83,0.0,0.000602397110259667,1.2804683124335763
2015-04-16,0.05,0.12,0.8300000000000001,0.0,0.0008731644045469244,1.2815863717851437
2015-04-17,0.05,0.0,0.95,0.0,4.63132582176451e-06,1.2815923072292001
2015-04-20,0.05,0.0,0.95,0.0,-0.0014324757327301985,1.2797564573498406
2015-04-21,0.05,0.0,0.95,0.0,-0.0004483246814535213,1.2791827109437612
2015-04-22,0.1,0.0,0.0,0.9,-0.00179414542020781,1.2768876711413124
2015-04-23,0.05,0.0,0.95,0.0,0.0009557829696853481,1.2781080986315905
2015-04-24,0.05,0.0,0.95,0.0,0.0012568512568511658,1.2797144904017472
2015-04-27,0.05,0.0,0.95,0.0,-0.0004482823707059435,1.279140816956163
2015-04-28,0.1,0.0,0.0,0.9,-0.0017939760173732776,1.2768460690077004
2015-04-29,0.1,0.0,0.0,0.9,-0.0012162162162162038,1.2752931481129615
2015-04-30,0.1,0.0,0.0,0.9,-0.0004349507055867008,1.2747384584583599
2015-05-01,0.1,0.0,0.0,0.9,-0.0020887728459529245,1.2720758193806403
2015-05-04,0.1,0.0,0.0,0.9,-8.723466123881086e-05,1.2719648502774665
2015-05-05,0.1,0.0,0.0,0.9,-0.0013086467623108834,1.2703002975943776
2015-05-06,0.1,0.0,0.0,0.9,-0.001223182215318952,1.2687464888622457
2015-05-07,0.1,0.0,0.0,0.9,0.0007874015748029706,1.2697455018456016
2015-05-08,0.1,0.0,0.0,0.9,0.001835664335664311,1.2720763283787098
2015-05-11,0.1,0.0,0.0,0.9,-0.003053213143355682,1.2681924082135523
2015-05-12,0.1,0.0,0.0,0.9,0.00043765804318240953,1.26874744282131
2015-05-13,0.1,0.0,0.0,0.9,0.00026246719160112343,1.2690804473994783
2015-05-14,0.1,0.0,0.0,0.9,0.0014868804664722735,1.2709674183270985
2015-05-15,0.1,0.0,0.0,0.9,0.001659066653730612,1.273076037988823
2015-05-18,0.1,0.0,0.0,0.9,-0.002178965717606063,1.2703020489461396
2015-05-19,0.1,0.0,0.0,0.9,-0.001485292690030149,1.2684152785987095
2015-05-20,0.1,0.0,0.0,0.9,0.0008751458576429005,1.269525326975546
2015-05-21,0.1,0.0,0.0,0.9,0.001398873129978684,1.2713012318432797
2015-05-22,0.1,0.0,0.0,0.9,-0.0020077594568379763,1.2687487647725566
2015-05-26,0.1,0.0,0.0,0.9,0.001924759405074439,1.271190800890229
2015-05-27,0.1,0.0,0.0,0.9,-0.00017460471432735326,1.270968844983584
2015-05-28,0.1,0.0,0.0,0.9,0.0007858736780828268,1.27196766594452
2015-05-29,0.1,0.0,0.0,0.9,0.0010469174098487466,1.2732993110387618
2015-06-01,0.1,0.0,0.0,0.9,-0.0029628195197521803,1.2695267549855291
2015-06-02,0.1,0.0,0.0,0.9,-0.0017485914124733548,1.2673068714038564
2015-06-03,0.1,0.0,0.0,0.9,-0.0024527934592174063,1.2641984293988557
2015-06-04,0.1,0.0,0.0,0.9,0.001405426507905605,1.2659751673827855
2015-06-05,0.1,0.0,0.0,0.9,-0.003069577080491215,1.2620891590245162
2015-06-08,0.1,0.0,0.0,0.9,0.0009680258140216669,1.2633108939100488
2015-06-09,0.1,0.0,0.0,0.9,-0.0009669857394022374,1.2620892902912062
2015-06-10,0.88,0.12,0.0,0.0,-0.0015840422411263822,1.2600900875433116
2015-06-11,0.88,0.12,0.0,0.0,0.00017765495459928893,1.2603139487906052
2015-06-12,0.1,0.0,0.0,0.9,-0.00013008771065339264,1.2601499974343024
2015-06-15,0.1,0.0,0.0,0.9,0.000967836543161682,1.2613696166516843
2015-06-16,0.1,0.0,0.0,0.9,0.0009667968749999201,1.262589104855283
2015-06-17,0.1,0.0,0.0,0.9,0.0011413520632132634,1.2640301635351003
2015-06-18,0.1,0.0,0.0,0.9,-0.000526110678098235,1.2633651437686262
2015-06-19,0.1,0.0,0.0,0.9,0.0019302008188729848,1.2658036922036642
2015-06-22,0.1,0.0,0.0,0.9,-0.0020136186770427947,1.2632548462475732
2015-06-23,0.1,0.0,0.0,0.9,-0.0016671541386369837,1.2611488057024984
2015-06-24,0.1,0.0,0.0,0.9,0.0008790779449112885,1.2622574538028426
2015-06-25,0.1,0.0,0.0,0.9,-0.000526932084309184,1.2615923298517755
2015-06-26,0.1,0.0,0.0,0.9,-0.0018453427065026728,1.2592642596473038
2015-06-29,0.1,0.0,0.0,0.9,0.004050484297035628,1.2643648897568236
2015-06-30,0.1,0.0,0.0,0.9,-0.0007012759325995655,1.2634782210896132
2015-07-01,0.1,0.0,0.0,0.9,-0.0025441076128278283,1.260263796528697
2015-07-02,0.1,0.0,0.0,0.9,0.0017595307917888548,1.2624812694844658
2015-07-06,0.1,0.0,0.0,0.9,0.0028975609756097588,1.266139385943362
2015-07-07,0.1,0.0,0.0,0.9,0.0010502771564718572,1.2674691832173275
2015-07-08,0.1,0.0,0.0,0.9,0.0010490529383194059,1.2687988254882108
2015-07-09,0.1,0.0,0.0,0.9,-0.0025322596293779974,1.2655858974446248
2015-07-10,0.1,0.0,0.0,0.9,-0.0034150612959719883,1.2612638440295336
2015-07-13,0.1,0.0,0.0,0.9,-0.0006152944623499357,1.26048779537074
2015-07-14,0.1,0.0,0.0,0.9,0.0011434714620798703,1.2619291271930466
2015-07-15,0.1,0.0,0.0,0.9,0.0013177159590043175,1.2635919913430813
2015-07-16,0.1,0.0,0.0,0.9,-0.0007894736842104288,1.2625944187183369
2015-07-17,0.1,0.0,0.0,0.9,-0.000438981562774432,1.2620401630472575
2015-07-20,0.1,0.0,0.0,0.9,-0.0011419090376732167,1.2605990279791672
2015-07-21,0.1,0.0,0.0,0.9,0.0010554089709762017,1.2619294755021004
2015-07-22,0.1,0.0,0.0,0.9,0.0,1.2619294755021004
2015-07-23,0.1,0.0,0.0,0.9,0.0009663250366031662,1.2631489095487056
2015-07-24,0.1,0.0,0.0,0.9,0.0003510140405616147,1.2635922925512773
2015-07-27,0.1,0.0,0.0,0.9,0.0015789473684210576,1.2655874382763583
2015-07-28,0.1,0.0,0.0,0.9,-0.0006129597197899517,1.264811684154823
2015-07-29,0.1,0.0,0.0,0.9,-0.000701002823483543,1.2639250475930555
2015-07-30,0.1,0.0,0.0,0.9,-0.0003507746273018975,1.2634816947555485
2015-07-31,0.1,0.0,0.0,0.9,0.002280924066673129,1.2663636005609176
2015-08-03,0.1,0.0,0.0,0.9,0.0011375789985415663,1.267804189197433
2015-08-04,0.1,0.0,0.0,0.9,-0.002447077102349948,1.2647017745957847
2015-08-05,0.1,0.0,0.0,0.9,-0.0015774099318404122,1.262706821455721
2015-08-06,0.1,0.0,0.0,0.9,0.0009656652360515716,1.263926173536526
2015-08-07,0.1,0.0,0.0,0.9,0.0008769365682548936,1.2650345566176744
2015-08-10,0.1,0.0,0.0,0.9,-0.0013141244037768952,1.2633721438352021
2015-08-11,0.1,0.0,0.0,0.9,0.0029830376291675397,1.2671408304799046
2015-08-12,0.1,0.0,0.0,0.9,0.0005246793626118018,1.2678056731231804
2015-08-13,0.1,0.0,0.0,0.9,-0.0020974946591571842,1.2651464574949554
2015-08-14,0.1,0.0,0.0,0.9,-0.000700798131205016,1.264259845221842
2015-08-17,0.1,0.0,0.0,0.9,0.0013150204558738166,1.2659223727798488
2015-08-18,0.1,0.0,0.0,0.9,-0.0008754012255618116,1.264814182783251
2015-08-19,0.1,0.0,0.0,0.9,0.002365884529257145,1.267806587090683
2015-08-20,0.1,0.0,0.0,0.9,0.00043697805399105504,1.2683605907459468
2015-08-21,0.1,0.0,0.0,0.9,0.0013976511695622308,1.2701333164090294
2015-08-24,0.1,0.0,0.0,0.9,0.00200600833414093,1.272681214427216
2015-08-25,0.1,0.0,0.0,0.9,-0.0037420228195707674,1.2679188122807903
2015-08-26,0.1,0.0,0.0,0.9,-0.00017477424992711212,1.2676972127214055
2015-08-27,0.1,0.0,0.0,0.9,-0.0002622122948431227,1.2673648069260914
2015-08-28,0.1,0.0,0.0,0.9,-0.0012240139887312984,1.2658135346735881
2015-08-31,0.1,0.0,0.0,0.9,-0.00043774319066147704,1.2652594334181377
2015-09-01,0.1,0.0,0.0,0.9,0.0009635036496351113,1.2664785154999714
2015-09-02,0.1,0.0,0.0,0.9,-0.0005249854170717771,1.2658136327482992
2015-09-03,0.1,0.0,0.0,0.9,0.0010505836575875449,1.267143475864416
2015-09-04,0.1,0.0,0.0,0.9,0.0007870190439176029,1.2681407419112973
2015-09-08,0.1,0.0,0.0,0.9,-0.001834773322978378,1.2658139911082564
2015-09-09,0.1,0.0,0.0,0.9,0.00035019455252918166,1.2662572722724579
2015-09-10,0.1,0.0,0.0,0.9,-0.0007001166861143604,1.2653707444272262
2015-09-11,0.1,0.0,0.0,0.9,0.0012261580381472072,1.266922288936742
2015-09-14,0.1,0.0,0.0,0.9,-8.746355685137487e-05,1.2668114794070973
2015-09-15,0.1,0.0,0.0,0.9,-0.0031489940713382847,1.262822297568941
2015-09-16,0.1,0.0,0.0,0.9,-0.0005266751194772712,1.2621572004844903
2015-09-17,0.1,0.0,0.0,0.9,0.003601053967014667,1.266702296678291
2015-09-18,0.1,0.0,0.0,0.9,0.001924572317262796,1.2691401568526912
2015-09-21,0.1,0.0,0.0,0.9,-0.002095053346265741,1.2664812405201968
2015-09-22,0.1,0.0,0.0,0.9,0.0023624343768227974,1.2694732193404028
2015-09-23,0.1,0.0,0.0,0.9,-0.0005236109764375718,1.2688085092284627
2015-09-24,0.1,0.0,0.0,0.9,0.0005239157853885512,1.2694732580350827
2015-09-25,0.1,0.0,0.0,0.9,-0.0011344904489478892,1.2680330527486472
2015-09-28,0.1,0.0,0.0,0.9,0.0019223300970874658,1.2704706308500475
2015-09-29,0.1,0.0,0.0,0.9,0.0013078860685914685,1.272132261688691
2015-09-30,0.1,0.0,0.0,0.9,-0.0002611976395472393,1.271799983744746
2015-10-01,0.1,0.0,0.0,0.9,8.709115540919133e-05,1.2719107462747796
2015-10-02,0.1,0.0,0.0,0.9,0.0025253991291728675,1.2751228285658076
2015-10-05,0.1,0.0,0.0,0.9,-0.00191045928213045,1.2726867583221178
2015-10-06,0.1,0.0,0.0,0.9,0.0005221427190098326,1.2733512824465558
2015-10-07,0.1,0.0,0.0,0.9,-0.0009567066099729016,1.2721330588578217
2015-10-08,0.1,0.0,0.0,0.9,-0.0011318564380382035,1.2706931868651121
2015-10-09,0.1,0.0,0.0,0.9,-0.00017435102673382107,1.2704716402033185
2015-10-12,0.1,0.0,0.0,0.9,0.0,1.2704716402033185
2015-10-13,0.1,0.0,0.0,0.9,0.001395078473164113,1.2722440478393315
2015-10-14,0.1,0.0,0.0,0.9,0.0026117237376669157,1.275566797819179
2015-10-15,0.05,0.0,0.0,0.95,-0.0016493055555556692,1.2734629984130534
2015-10-16,0.1,0.0,0.0,0.9,-0.0004589815441104761,1.2728785023996743
2015-10-19,0.1,0.0,0.0,0.9,0.0,1.2728785023996743
2015-10-20,0.1,0.0,0.0,0.9,-0.0014791183294663225,1.2709957644755911
2015-10-21,0.1,0.0,0.0,0.9,0.0009586520770794139,1.2722142072051648
2015-10-22,0.1,0.0,0.0,0.9,0.00043528728961115263,1.272767985879224
2015-10-23,0.1,0.0,0.0,0.9,-0.0021753843178961675,1.269999226362422
2015-10-26,0.1,0.0,0.0,0.9,0.0005233572397749909,1.2706638896520472
2015-10-27,0.1,0.0,0.0,0.9,0.001133281673769937,1.272103909751711
2015-10-28,0.1,0.0,0.0,0.9,-0.003047305794718125,1.268227420136041
2015-10-29,0.1,0.0,0.0,0.9,-0.0018345952242282304,1.2659007361678243
2015-10-30,0.1,0.0,0.0,0.9,0.0,1.2659007361678243
2015-11-02,0.1,0.0,0.0,0.9,-0.0010504814706741139,1.2645709309007673
2015-11-03,0.1,0.0,0.0,0.9,-0.0010517090271691676,1.2632409702372434
2015-11-04,0.1,0.0,0.0,0.9,-0.0012284293653113565,1.2616891679339395
2015-11-05,0.1,0.0,0.0,0.9,-0.0002635946500048614,1.261356593419303
2015-11-06,0.1,0.0,0.0,0.9,-0.00298828124999998,1.2575873051616242
2015-11-09,0.1,0.0,0.0,0.9,-8.818342151675208e-05,1.2574764068101991
2015-11-10,0.1,0.0,0.0,0.9,0.0009701126898580048,1.2586963006296428
2015-11-11,0.1,0.0,0.0,0.9,0.0,1.2586963006296428
2015-11-12,0.1,0.0,0.0,0.9,-0.0004404855129208518,1.2581418631440484
2015-11-13,0.1,0.0,0.0,0.9,0.0013221036137498476,1.2598052570479212
2015-11-16,0.1,0.0,0.0,0.9,0.0005280657148444279,1.2604705170115489
2015-11-17,0.1,0.0,0.0,0.9,0.0,1.2604705170115489
2015-11-18,0.1,0.0,0.0,0.9,-0.000439796716184504,1.2599161662173197
2015-11-19,0.1,0.0,0.0,0.9,0.00017600469345857572,1.2601379173759384
2015-11-20,0.1,0.0,0.0,0.9,-0.0005279108417244994,1.2594726769072875
2015-11-23,0.1,0.0,0.0,0.9,0.00017607355962034887,1.2596944367447551
2015-11-24,0.1,0.0,0.0,0.9,0.00026405867970662466,1.2600270699945557
2015-11-25,0.1,0.0,0.0,0.9,0.00017598748533425025,1.2602488189900571
2015-11-27,0.1,0.0,0.0,0.9,0.0002639296187682883,1.2605814359804064
2015-11-30,0.1,0.0,0.0,0.9,-0.0007915567282322011,1.2595836142632715
2015-12-01,0.1,0.0,0.0,0.9,0.0017605633802817656,1.2618011910489464
2015-12-02,0.1,0.0,0.0,0.9,-0.001054275673565086,1.260470904748348
2015-12-03,0.1,0.0,0.0,0.9,-0.003518373729476032,1.2560360970303126
2015-12-04,0.1,0.0,0.0,0.9,0.0010596546310832845,1.2573670614973385
2015-12-07,0.1,0.0,0.0,0.9,0.0011466091728732587,1.25880877010372
2015-12-08,0.1,0.0,0.0,0.9,-0.0002642654399530486,1.2584761104502717
2015-12-09,0.1,0.0,0.0,0.9,0.0012336009398863368,1.2600285677629477
2015-12-10,0.1,0.0,0.0,0.9,-0.001319906140007876,1.2583654483197722
2015-12-11,0.1,0.0,0.0,0.9,0.0030843043180261986,1.2622466303056799
2015-12-14,0.1,0.0,0.0,0.9,-0.0026346604215456205,1.2589210390665841
2015-12-15,0.1,0.0,0.0,0.9,-0.0012331180270111486,1.2573686408387277
2015-12-16,0.1,0.0,0.0,0.9,-0.001411211289690395,1.2555942280174734
2015-12-17,0.1,0.0,0.0,0.9,0.0007950530035335746,1.2565924919796783
2015-12-18,0.1,0.0,0.0,0.9,0.0015004413062665646,1.2584779352597888
2015-12-21,0.1,0.0,0.0,0.9,0.00017622870569793393,1.258699715197469
2015-12-22,0.1,0.0,0.0,0.9,-0.0013214565387626553,1.2570363982284827
2015-12-23,0.1,0.0,0.0,0.9,-0.0005293598666797239,1.2563709736083049
2015-12-24,0.1,0.0,0.0,0.9,0.0001765571358508078,1.2565927948689712
2015-12-28,0.1,0.0,0.0,0.9,8.826125330976265e-05,1.2567037033239463
2015-12-29,0.1,0.0,0.0,0.9,-0.0020298097666209603,1.2541528338731907
2015-12-30,0.1,0.0,0.0,0.9,8.845208845205121e-05,1.254263766310585
2015-12-31,0.1,0.0,0.0,0.9,0.0010613207547169434,1.2555949424776598
2016-01-04,0.1,0.0,0.0,0.9,0.0008833922261485494,1.256704125289036
2016-01-05,0.1,0.0,0.0,0.9,8.825259854865486e-05,1.2568150326936995
2016-01-06,0.1,0.0,0.0,0.9,0.0022060986371213345,1.2595876906244388
2016-01-07,0.1,0.0,0.0,0.9,0.0010563380281689795,1.260918241001859
2016-01-08,0.1,0.0,0.0,0.9,0.0009671746776085177,1.2621377691950906
2016-01-11,0.1,0.0,0.0,0.9,0.0,1.2621377691950906
2016-01-12,0.1,0.0,0.0,0.9,0.0013174587684200878,1.2638005836660708
2016-01-13,0.1,0.0,0.0,0.9,0.0008770220229973758,1.264908964610623
2016-01-14,0.1,0.0,0.0,0.9,-0.0003504672897195138,1.264465655394054
2016-01-15,0.1,0.0,0.0,0.9,0.0020159719516945397,1.2670147826892095
2016-01-19,0.1,0.0,0.0,0.9,-0.0004372752890874909,1.2664607484338308
2016-01-20,0.1,0.0,0.0,0.9,0.0018374489597510202,1.2687878054186061
2016-01-21,0.1,0.0,0.0,0.9,-0.0006112350829533098,1.268012277799111
2016-01-22,0.1,0.0,0.0,0.9,-0.001223300970873742,1.2664611171485995
2016-01-25,0.1,0.0,0.0,0.9,0.0004374878475598143,1.2670151784967592
2016-01-26,0.1,0.0,0.0,0.9,0.0009620056359925799,1.268234054239361
2016-01-27,0.1,0.0,0.0,0.9,0.00017472335468848854,1.268455644347848
2016-01-28,0.1,0.0,0.0,0.9,0.0006987577639751442,1.2693419875775944
2016-01-29,0.1,0.0,0.0,0.9,0.0020073700543055575,1.2718900266721302
2016-02-01,0.05,0.0,0.0,0.95,-0.0013062409288824074,1.2702286318622538
2016-02-02,0.05,0.0,0.0,0.95,0.0034060077519378006,1.27455504042911
2016-02-03,0.05,0.0,0.0,0.95,9.17254031090664e-05,1.2746719495039778
2016-02-04,0.05,0.0,0.0,0.95,0.0007337323807684925,1.2756072175881863
2016-02-05,0.05,0.0,0.0,0.95,0.0,1.2756072175881863
2016-02-08,0.05,0.0,0.0,0.95,0.00339089330503568,1.2799326655621612
2016-02-09,0.05,0.0,0.0,0.95,-0.0003652792463712639,1.2794651327226787
2016-02-10,0.05,0.0,0.0,0.95,0.0003654197518992763,1.2799326745540418
2016-02-11,0.05,0.0,0.0,0.95,0.0019177160434489249,1.2823872219785686
2016-02-12,0.05,0.0,0.0,0.95,-0.003372026093629987,1.2780629788039193
2016-02-16,0.05,0.0,0.0,0.95,-0.0007316838355636401,1.277127840781496
2016-02-17,0.05,0.0,0.0,0.95,-0.0014644956161480815,1.275257492657411
2016-02-18,0.05,0.0,0.0,0.95,0.0018334459133455105,1.2775956082957869
2016-02-19,0.05,0.0,0.0,0.95,-0.00045747857074060483,1.2770111356829192
2016-02-22,0.05,0.0,0.0,0.95,-0.0004576989786085339,1.2764266489904454
2016-02-23,0.05,0.0,0.0,0.95,0.0007326713583341582,1.2773618502371753
2016-02-24,0.05,0.0,0.0,0.95,9.151334168192581e-05,1.2774787458886274
2016-02-25,0.05,0.0,0.0,0.95,0.001738586014255472,1.2796997525697378
2016-02-26,0.05,0.0,0.0,0.95,-0.003105470627824264,1.2757256825756984
2016-02-29,0.05,0.0,0.0,0.95,0.0007330953988618494,1.2766609112038045
2016-03-01,0.05,0.0,0.0,0.95,-0.0032963855421687003,1.2724525446338604
2016-03-02,0.05,0.0,0.0,0.95,-0.0008269658574330484,1.2714002698242444
2016-03-03,0.05,0.0,0.0,0.95,0.0006437560503388728,1.2722187414403463
2016-03-04,0.05,0.0,0.0,0.95,-0.0019299603366548122,1.2697634097298176
2016-03-07,0.1,0.0,0.0,0.9,-0.0009208995734780289,1.2685940851473794
2016-03-08,0.1,0.0,0.0,0.9,0.0020085387153115255,1.271142105481413
2016-03-09,0.1,0.0,0.0,0.9,-0.001394133023526134,1.2693699642945668
2016-03-10,0.1,0.0,0.0,0.9,-0.0014835644332395705,1.2674867721629168
2016-03-11,0.88,0.12,0.0,0.0,-0.0013111888111887794,1.265824857688927
2016-03-14,0.88,0.12,0.0,0.0,0.000174545454545445,1.2660458016640872
2016-03-15,0.88,0.12,0.0,0.0,-0.00048552754435107645,1.2654311015549693
2016-03-16,0.88,0.12,0.0,0.0,-0.0002250000000000085,1.2651463795571194
2016-03-17,0.05,0.12,0.83,0.0,0.0006887914840325849,1.266017801609413
2016-03-18,0.05,0.12,0.8299999999999998,0.0,0.002567353067190687,1.2692681162954929
2016-03-21,0.05,0.12,0.83,0.0,-0.0007686390016275989,1.2682925073177858
2016-03-22,0.05,0.12,0.8300000000000001,0.0,-0.0005209085227293752,1.2676318429414102
2016-03-23,0.05,0.12,0.8300000000000001,0.0,0.0017938876151982175,1.2699058320050935
2016-03-24,0.05,0.12,0.8299999999999998,0.0,-0.001631576117461937,1.2678338839781684
2016-03-28,0.05,0.12,0.8299999999999998,0.0,0.0003083126638792599,1.268224773220294
2016-03-29,0.05,0.12,0.83,0.0,0.002133195398743308,1.2709301444710999
2016-03-30,0.05,0.12,0.83,0.0,0.0009293849740947134,1.2721113278504954
2016-03-31,0.05,0.12,0.4757248297939096,0.35427517020609023,0.0032167384068466907,1.2762033772165768
2016-04-01,0.05,0.12,0.4757248297939096,0.35427517020609023,-0.0006322690890091547,1.2753964732698737
2016-04-04,0.05,0.12,0.4757248297939096,0.35427517020609023,0.0009393637456937927,1.2765945344782492
2016-04-05,0.05,0.12,0.4757248297939096,0.35427517020609023,0.0008633959124731202,1.2776967409812032
2016-04-06,0.05,0.12,0.4757248297939096,0.35427517020609023,-0.00012529207306648466,1.2775366557077754
2016-04-07,0.05,0.12,0.4757248297939096,0.35427517020609023,0.0017134794965164809,1.279725688573379
2016-04-08,0.05,0.12,0.4757248297939096,0.35427517020609023,-0.0005680903337758432,1.278998688779816
2016-04-11,0.05,0.12,0.4757248297939096,0.35427517020609023,0.00032045411921691723,1.2794085491781086
2016-04-12,0.05,0.12,0.4757248297939096,0.35427517020609023,-0.0011910128975337081,1.2778847570948226
2016-04-13,0.05,0.12,0.4757248297939096,0.35427517020609023,0.0012312047606478772,1.2794580948913172
2016-04-14,0.05,0.12,0.4757248297939096,0.35427517020609023,-0.00015262190335032388,1.279262821561618
2016-04-15,0.05,0.12,0.4757248297939096,0.35427517020609023,0.0010719473272388783,1.280634123924027
2016-04-18,0.05,0.12,0.4757248297939096,0.35427517020609023,-0.0004831342763487774,1.2800154056832975
2016-04-19,0.05,0.12,0.4757248297939096,0.35427517020609023,0.0005618044852173327,1.2807345240793577
2016-04-20,0.05,0.12,0.4757248297939096,0.35427517020609023,-0.0012956453409042978,1.279075146360299
2016-04-21,0.05,0.12,0.8300000000000001,0.0,9.119989944709453e-05,1.2791917978850322
2016-04-22,0.05,0.12,0.8299999999999998,0.0,-0.00032477134901764406,1.2787763530391807
2016-04-25,0.05,0.12,0.8299999999999998,0.0,-0.0004900947179745529,1.2781496315030854
2016-04-26,0.05,0.12,0.8300000000000001,0.0,-0.00033280178638947044,1.277724261022448
2016-04-27,0.05,0.12,0.8300000000000001,0.0,0.002266531984125333,1.2806202639269482
2016-04-28,0.05,0.12,0.8300000000000001,0.0,0.0017692249316646215,1.2828859692258825
2016-04-29,0.05,0.12,0.8300000000000001,0.0,0.0004792458427694557,1.2835007869933812
2016-05-02,0.05,0.12,0.83,0.0,-0.001298308218927894,1.2818344073726273
2016-05-03,0.05,0.12,0.83,0.0,0.0013286154002587858,1.2835374723068442
2016-05-04,0.05,0.12,0.83,0.0,-0.0002490832568003287,1.2832177646130167
2016-05-05,0.05,0.12,0.8300000000000001,0.0,0.0008135858296137565,1.2842617724026144
2016-05-06,0.05,0.12,0.8300000000000001,0.0,-0.001582107950529077,1.2822299316419357
2016-05-09,0.05,0.12,0.83,0.0,0.0004587808837418561,1.2828181942231347
2016-05-10,0.05,0.12,0.83,0.0,0.00017797142359995854,1.2830464992033803
2016-05-11,0.05,0.12,0.83,0.0,0.0006115851163506481,1.2838311913458789
2016-05-12,0.05,0.12,0.83,0.0,-0.001259217929367704,1.2822145680914547
2016-05-13,0.05,0.12,0.83,0.0,0.0010043777234258933,1.283502395840298
2016-05-16,0.05,0.12,0.83,0.0,-0.0014063754310020382,1.2816973096051558
2016-05-17,0.05,0.12,0.83,0.0,-0.0002884018224236984,1.2813276657652701
2016-05-18,0.05,0.12,0.83,0.0,-0.004020042047472027,1.2761766746723047
2016-05-19,0.05,0.12,0.8300000000000001,0.0,0.00017204004164112603,1.2763962281605568
2016-05-20,0.05,0.12,0.83,0.0,0.0003305785123966842,1.2768181773268907
2016-05-23,0.05,0.12,0.83,0.0,-3.114453244542181e-05,1.27677841142174
2016-05-24,0.05,0.12,0.8300000000000001,0.0,-0.00013145046495866122,1.2766105783059094
2016-05-25,0.05,0.12,0.8300000000000001,0.0,0.000360120159105557,1.2770703115104847
2016-05-26,0.05,0.12,0.83,0.0,0.0019691530936574364,1.2795850584652135
2016-05-27,0.05,0.12,0.83,0.0,-0.0002395151981530741,1.2792785783963814
2016-05-31,0.05,0.12,0.8300000000000001,0.0,2.244490637458684e-05,1.2793072916843005
2016-06-01,0.05,0.12,0.8299999999999998,0.0,-0.000997791914167363,1.2780308092129224
2016-06-02,0.05,0.12,0.8300000000000002,0.0,0.0009766415483968213,1.2792789872013308
2016-06-03,0.05,0.12,0.8299999999999998,0.0,0.003862788602633674,1.2842205714926809
2016-06-06,0.05,0.12,0.8299999999999998,0.0,0.0001376317655125914,1.284397321037243
2016-06-07,0.05,0.12,0.8299999999999998,0.0,0.0009195400200822278,1.2855783757756234
2016-06-08,0.05,0.12,0.8299999999999998,0.0,0.0005568928885202772,1.2862943052307283
2016-06-09,0.05,0.12,0.8299999999999998,0.0,0.0005949139530774315,1.287059539660674
2016-06-10,0.05,0.12,0.8299999999999998,0.0,0.0005002966584472589,1.2877034512475891
2016-06-13,0.05,0.12,0.8299999999999998,0.0,-8.639729930834969e-06,1.2876923258375395
2016-06-14,0.05,0.12,0.8299999999999998,0.0,-0.0015376062458558601,1.285712362074591
2016-06-15,0.05,0.12,0.8299999999999998,0.0,0.0009332621420341723,1.2869122687476604
2016-06-16,0.05,0.12,0.8299999999999998,0.0,-0.00028445228533891204,1.2865462036117845
2016-06-17,0.05,0.12,0.8299999999999998,0.0,-0.000859595989449897,1.2854402936549179
2016-06-20,0.05,0.12,0.8299999999999998,0.0,0.00010712561635338523,1.2855779972386612
2016-06-21,0.05,0.12,0.8299999999999998,0.0,-0.0005733814355102395,1.284840870681144
2016-06-22,0.05,0.12,0.8299999999999998,0.0,0.0010247983077000431,1.286157573431082
2016-06-23,0.05,0.12,0.8299999999999998,0.0,-0.0005905723598336296,1.2853980043178228
2016-06-24,0.05,0.12,0.8299999999999998,0.0,0.001756647307722578,1.2876559952614597
2016-06-27,0.05,0.12,0.8299999999999998,0.0,0.0014390758653212506,1.2895090299270768
2016-06-28,0.05,0.12,0.8299999999999998,0.0,0.0002272449731615478,1.289802064371974
2016-06-29,0.05,0.12,0.8299999999999998,0.0,0.0009709761901288827,1.2910544314664583
2016-06-30,0.05,0.12,0.6311827008842046,0.19881729911579543,0.0005766071817576223,1.2917988627236818
2016-07-01,0.05,0.12,0.6311827008842046,0.19881729911579543,0.0013454725619024318,1.2935369426489733
2016-07-05,0.05,0.12,0.6311827008842046,0.19881729911579543,0.0026205823828927078,1.2969267627725
2016-07-06,0.05,0.12,0.6311827008842046,0.19881729911579543,-0.0006561161214807536,1.2960758282150653
2016-07-07,0.05,0.12,0.6311827008842046,0.19881729911579543,0.0007688579650611657,1.2970723264389117
2016-07-08,0.05,0.12,0.6311827008842046,0.19881729911579543,0.0012456794146746548,1.2986880627353008
2016-07-11,0.05,0.12,0.6311827008842046,0.19881729911579543,-0.0009677530561995771,1.2974312533935388
2016-07-12,0.05,0.12,0.6311827008842046,0.19881729911579543,-0.0008621442331381301,1.2963126805205325
2016-07-13,0.05,0.12,0.6311827008842046,0.19881729911579543,0.0008629675860778294,1.2974313563452433
2016-07-14,0.05,0.12,0.6311827008842046,0.19881729911579543,-0.000787044951853298,1.2964102195458556
2016-07-15,0.05,0.12,0.6311827008842046,0.19881729911579543,-0.0016896932603668081,1.2942196839352182
2016-07-18,0.05,0.12,0.6311827008842046,0.19881729911579543,0.0004277931710813999,1.2947733422778849
2016-07-19,0.05,0.12,0.6311827008842046,0.19881729911579543,0.0007148422295735158,1.2956989009406712
2016-07-20,0.05,0.12,0.6311827008842046,0.19881729911579543,-0.00046888530031874984,1.295091366772381
2016-07-21,0.05,0.12,0.6311827008842046,0.19881729911579543,0.0010922399295269654,1.2965059172755553
2016-07-22,0.05,0.12,0.6311827008842046,0.19881729911579543,-0.00025365806126059043,1.2961770480981665
2016-07-25,0.05,0.12,0.6311827008842046,0.19881729911579543,-0.0004689699736156991,1.2955691799821187
2016-07-26,0.05,0.12,0.8299999999999998,0.0,-0.00026434780924829837,1.2952266991076609
2016-07-27,0.05,0.12,0.8300000000000001,0.0,0.0010208422991739095,1.2965489213091295
2016-07-28,0.05,0.12,0.8299999999999998,0.0,-6.344740649224076e-05,1.296466658642682
2016-07-29,0.05,0.12,0.8299999999999998,0.0,0.0014202932598568528,1.2983080214995815
2016-08-01,0.05,0.12,0.8300000000000001,0.0,-0.001628168799170243,1.2961941568872635
2016-08-02,0.05,0.12,0.8300000000000001,0.0,-0.0015092406813305517,1.2942378879347862
2016-08-03,0.05,0.12,0.8300000000000001,0.0,-0.0001530238763677894,1.2940398386362324
2016-08-04,0.05,0.12,0.83,0.0,0.00201791713566716,1.2966511038008524
2016-08-05,0.05,0.12,0.83,0.0,-0.0022529114916009295,1.2937298636285024
2016-08-08,0.05,0.12,0.83,0.0,0.00043809258605596033,1.2942966370901172
2016-08-09,0.05,0.12,0.8300000000000001,0.0,0.0018225043721889999,1.2966554983701233
2016-08-10,0.05,0.12,0.83,0.0,0.001477157481869682,1.2985708627409482
2016-08-11,0.05,0.12,0.8300000000000001,0.0,-0.0021237680060651565,1.2958129994890506
2016-08-12,0.05,0.12,0.8300000000000001,0.0,0.0018173263613214898,1.298167914612365
2016-08-15,0.05,0.12,0.8300000000000001,0.0,-0.0004177982030016947,1.2976255423904455
2016-08-16,0.05,0.12,0.8300000000000001,0.0,-0.0005008570075290409,1.2969756175443905
2016-08-17,0.05,0.12,0.8300000000000001,0.0,0.0005399731394628327,1.2976759495404027
2016-08-18,0.05,0.12,0.83,0.0,0.0014093587443710631,1.2995048404872476
2016-08-19,0.05,0.12,0.83,0.0,-0.0012581714827095435,1.2978698405553035
2016-08-22,0.05,0.12,0.8299999999999998,0.0,0.0008981587193295293,1.299035533669153
2016-08-23,0.05,0.12,0.8299999999999998,0.0,0.0001407624633431137,1.2992183891108426
2016-08-24,0.05,0.12,0.8299999999999998,0.0,0.0,1.2992183891108426
2016-08-25,0.05,0.12,0.8299999999999998,0.0,-0.0006879065428125818,1.298324648280431
2016-08-26,0.05,0.12,0.8299999999999998,0.0,-0.0021691396220120647,1.295508400843611
2016-08-29,0.05,0.12,0.83,0.0,0.0020523062291963163,1.2981671808046387
2016-08-30,0.05,0.12,0.8300000000000001,0.0,3.291092519736033e-06,1.298171453192937
2016-08-31,0.05,0.12,0.8299999999999998,0.0,-0.00038202739580938674,1.2976755161333595
2016-09-01,0.05,0.12,0.8299999999999998,0.0,-0.00019588102110835724,1.297421326128192
2016-09-02,0.05,0.12,0.8299999999999998,0.0,-0.000560013616315188,1.2966947525194625
2016-09-06,0.05,0.12,0.8300000000000001,0.0,0.0022024457688044814,1.2995506523905802
2016-09-07,0.05,0.12,0.83,0.0,-9.881951215393037e-05,1.2994222314290915
2016-09-08,0.05,0.12,0.8300000000000001,0.0,-0.0023368023195130404,1.296385738544661
2016-09-09,0.05,0.12,0.8299999999999998,0.0,-0.0023290581129660195,1.2933663808227702
2016-09-12,0.05,0.12,0.8299999999999998,0.0,-0.0005424943889476019,1.2926647368183204
2016-09-13,0.05,0.12,0.8299999999999998,0.0,-0.0023657841757833906,1.2896065710393625
2016-09-14,0.05,0.12,0.83,0.0,0.0014034506758506678,1.2914164702530693
2016-09-15,0.05,0.12,0.8300000000000001,0.0,-7.914560884913601e-05,1.2913142603102532
2016-09-16,0.05,0.12,0.83,0.0,-0.0006048529881652742,1.2905332050212441
2016-09-19,0.05,0.12,0.8300000000000001,0.0,0.0001501484141574605,1.2907269765353957
2016-09-20,0.05,0.12,0.8299999999999998,0.0,0.0002730267589642588,1.291079379538507
2016-09-21,0.05,0.12,0.83,0.0,0.00020912789014082108,1.291349380245154
2016-09-22,0.05,0.12,0.8300000000000001,0.0,0.002117743417500657,1.2940841268948617
2016-09-23,0.05,0.12,0.8299999999999998,0.0,0.0007228993372014325,1.295019619452477
2016-09-26,0.05,0.12,0.8300000000000001,0.0,0.00028585068241647075,1.29538980169444
2016-09-27,0.05,0.12,0.8299999999999998,0.0,0.0004146343247018037,1.2959269147700911
2016-09-28,0.05,0.12,0.8299999999999998,0.0,-0.0001624982534582408,1.2957163289098315
2016-09-29,0.05,0.12,0.8300000000000001,0.0,0.0005270545107117285,1.296399242045586
2016-09-30,0.05,0.12,0.8299999999999998,0.0,-0.0017199442521460373,1.2941695076207433
2016-10-03,0.05,0.12,0.8299999999999998,0.0,-0.0006526936144262129,1.293324811447134
2016-10-04,0.05,0.12,0.83,0.0,-0.0013974791323481625,1.2915174170117887
2016-10-05,0.05,0.12,0.83,0.0,-0.0007780511284848423,1.2905125504280248
2016-10-06,0.88,0.12,0.0,0.0,-0.0004525733837615941,1.289928498796291
2016-10-07,0.05,0.12,0.8300000000000001,0.0,1.1692487576739907e-05,1.2899435812692381
2016-10-10,0.05,0.12,0.83,0.0,0.0,1.2899435812692381
2016-10-11,0.05,0.12,0.83,0.0,-0.0007047653130069798,1.2890344737774235
2016-10-12,0.05,0.12,0.8300000000000002,0.0,-0.00044373201063447,1.288462487918597
2016-10-13,0.05,0.12,0.83,0.0,0.0013335496568965492,1.290180716627285
2016-10-14,0.05,0.12,0.83,0.0,-0.0010017070195970966,1.2888883335468906
2016-10-17,0.05,0.12,0.8299999999999998,0.0,0.0008733499139086364,1.2900139840620317
2016-10-18,0.05,0.12,0.83,0.0,0.0010154504940081052,1.2913239293994248
2016-10-19,0.05,0.12,0.8300000000000001,0.0,0.00044794826991034764,1.2919023757194932
2016-10-20,0.05,0.12,0.8300000000000001,0.0,0.00012825495530509377,1.2920680686009496
2016-10-21,0.05,0.12,0.83,0.0,-4.658837231875434e-05,1.2920078732527085
2016-10-24,0.05,0.12,0.83,0.0,-0.0006663158467713592,1.291146987932607
2016-10-25,0.05,0.12,0.8300000000000001,0.0,-0.00010257587495479447,1.2910145474006245
2016-10-26,0.05,0.12,0.8300000000000001,0.0,-0.0015482127065879583,1.289015782273949
2016-10-27,0.88,0.12,0.0,0.0,-0.001732982046005247,1.2867819410662509
2016-10-28,0.88,0.12,0.0,0.0,-0.0002809482001755992,1.28642042199589
2016-10-31,0.88,0.12,0.0,0.0,-0.00037547667937810837,1.2859374011275546
2016-11-01,0.88,0.12,0.0,0.0,-0.0004943599803825415,1.28530168513916
2016-11-02,0.88,0.12,0.0,0.0,-0.0003427558357135929,1.284861140485926
2016-11-03,0.88,0.12,0.0,0.0,0.0,1.284861140485926
2016-11-04,0.05,0.12,0.8300000000000001,0.0,-0.0001303832477281652,1.2846936161175497
2016-11-07,0.05,0.12,0.8300000000000002,0.0,-0.00044003119092502667,1.2841283108556758
2016-11-08,0.88,0.12,0.0,0.0,-0.0012410167052950506,1.2825346861701616
2016-11-09,0.88,0.12,0.0,0.0,-0.0003189290284476964,1.282125648628751
2016-11-10,0.88,0.12,0.0,0.0,-0.000402684563758382,1.2816093564212494
2016-11-11,0.88,0.12,0.0,0.0,0.0,1.2816093564212494
2016-11-14,0.1,0.0,0.0,0.9,-0.00121212121212122,1.2800558905346782
2016-11-15,0.88,0.12,0.0,0.0,-0.0007965384993608215,1.2790362767365338
2016-11-16,0.88,0.12,0.0,0.0,3.5828025477719906e-05,1.2790821020808436
2016-11-17,0.88,0.12,0.0,0.0,0.00016714754750770666,1.2792958975172675
2016-11-18,0.88,0.12,0.0,0.0,-0.0002146050670640953,1.279021354135386
2016-11-21,0.88,0.12,0.0,0.0,0.0001433263660794193,1.2792046716182124
2016-11-22,0.88,0.12,0.0,0.0,0.0003936773039069496,1.2797082654644802
2016-11-23,0.88,0.12,0.0,0.0,0.0,1.2797082654644802
2016-11-25,0.88,0.12,0.0,0.0,0.0,1.2797082654644802
2016-11-28,0.88,0.12,0.0,0.0,9.51248513674141e-05,1.2798299975230263
2016-11-29,0.88,0.12,0.0,0.0,-7.128712871287135e-05,1.2797387621172622
2016-11-30,0.88,0.12,0.0,0.0,0.0004517535169407605,1.280316888603814
2016-12-01,0.88,0.12,0.0,0.0,-5.9218318199758536e-05,1.2802410703909082
2016-12-02,0.88,0.12,0.0,0.0,4.739804483065768e-05,1.2803017513145565
2016-12-05,0.88,0.12,0.0,0.0,0.00014213799230086365,1.2804837308350274
2016-12-06,0.88,0.12,0.0,0.0,0.00031943212067434777,1.280892758468657
2016-12-07,0.88,0.12,0.0,0.0,0.00043657817109143515,1.2814519682865133
2016-12-08,0.88,0.12,0.0,0.0,0.000152836288821403,1.281647820649649
2016-12-09,0.88,0.12,0.0,0.0,0.00017612524461839028,1.2818735511855757
2016-12-12,0.88,0.12,0.0,0.0,0.00010552027357107362,1.2820088148333804
2016-12-13,0.88,0.12,0.0,0.0,0.00014057008980867812,1.282189026927617
2016-12-14,0.88,0.12,0.0,0.0,-3.510140405616813e-05,1.2821440202925065
2016-12-15,0.88,0.12,0.0,0.0,-0.0005266751194772245,1.281468746937432
2016-12-16,0.88,0.12,0.0,0.0,-5.8777429467076203e-05,1.2813934254985446
2016-12-19,0.88,0.12,0.0,0.0,8.2328726845029e-05,1.2814989209878536
2016-12-20,0.88,0.12,0.0,0.0,3.5259549461326145e-05,1.2815441060624426
2016-12-21,0.88,0.12,0.0,0.0,9.399784588269177e-05,1.281664568447816
2016-12-22,0.88,0.12,0.0,0.0,7.044320516582658e-05,1.2817548530079652
2016-12-23,0.88,0.12,0.0,0.0,8.213552361396203e-05,1.2818601306139619
2016-12-27,0.88,0.12,0.0,0.0,8.207934336524224e-05,1.281965344851769
2016-12-28,0.88,0.12,0.0,0.0,4.687042281029008e-05,1.2820254311095103
2016-12-29,0.88,0.12,0.0,0.0,3.513909224011513e-05,1.2820704803193883
2016-12-30,0.88,0.12,0.0,0.0,1.1709601873519659e-05,1.2820854928542866
2017-01-03,0.88,0.12,0.0,0.0,0.00021075226851400506,1.2823556952803346
2017-01-04,0.88,0.12,0.0,0.0,0.00036232589850977877,1.282820325959836
2017-01-05,0.88,0.12,0.0,0.0,0.00019809671780927294,1.2830744484559478
2017-01-06,0.88,0.12,0.0,0.0,3.490063015028077e-05,1.2831192285627286
2017-01-09,0.88,0.12,0.0,0.0,-1.1630160883893126e-05,1.2831043056796672
2017-01-10,0.88,0.12,0.0,0.0,5.815644082582061e-05,1.2831789264592937
2017-01-11,0.88,0.12,0.0,0.0,-6.975392365820898e-05,1.2830894196944176
2017-01-12,0.88,0.12,0.0,0.0,-6.979449398991644e-05,1.2829998671176261
2017-01-13,0.88,0.12,0.0,0.0,5.819592628517611e-05,1.2830745324833166
2017-01-17,0.88,0.12,0.0,0.0,-4.653417353369438e-05,1.2830148256703653
2017-01-18,0.88,0.12,0.0,0.0,-4.65522257783002e-05,1.2829550984745237
2017-01-19,0.88,0.12,0.0,0.0,-0.00015135344911224814,1.2827609187953135
2017-01-20,0.88,0.12,0.0,0.0,-0.00011657276083155032,1.2826113838135227
2017-01-23,0.88,0.12,0.0,0.0,-8.168028004667871e-05,1.2825066197565018
2017-01-24,0.88,0.12,0.0,0.0,9.341247445751933e-05,1.2826264218733616
2017-01-25,0.88,0.12,0.0,0.0,0.00022168206125425802,1.2829107571423817
2017-01-26,0.88,0.12,0.0,0.0,6.987577639750774e-05,1.2830004015275858
2017-01-27,0.88,0.12,0.0,0.0,4.655674102814089e-05,1.2830601338450187
2017-01-30,0.88,0.12,0.0,0.0,-0.00015125072716695164,1.2828660700667758
2017-01-31,0.88,0.12,0.0,0.0,-0.00010484418988447875,1.2827315690129295
2017-02-01,0.88,0.12,0.0,0.0,0.00010493587252234704,1.2828661735693356
2017-02-02,0.88,0.12,0.0,0.0,8.15454810212568e-05,1.2829707855085453
2017-02-03,0.88,0.12,0.0,0.0,0.00023282887077998637,1.283269498147779
2017-02-06,0.88,0.12,0.0,0.0,3.4856700232390734e-05,1.2833142286879933
2017-02-07,0.88,0.12,0.0,0.0,0.0,1.2833142286879933
2017-02-08,0.88,0.12,0.0,0.0,-0.00012777078695189737,1.2831502586190873
2017-02-09,0.88,0.12,0.0,0.0,0.0,1.2831502586190873
2017-02-10,0.88,0.12,0.0,0.0,3.4883720930229954e-05,1.2831950196746207
2017-02-13,0.88,0.12,0.0,0.0,4.64981110142304e-05,1.2832546858190983
2017-02-14,0.88,0.12,0.0,0.0,1.1620025176739546e-05,1.2832695972708557
2017-02-15,0.88,0.12,0.0,0.0,-1.1618900077459137e-05,1.2832546870896324
2017-02-16,0.88,0.12,0.0,0.0,-4.648010070687824e-05,1.283195041282544
2017-02-17,0.88,0.12,0.0,0.0,-4.6498111014243724e-05,1.2831353751370616
2017-02-21,0.88,0.12,0.0,0.0,0.00020932260877994045,1.2834039643812032
2017-02-22,0.88,0.12,0.0,0.0,0.0001160878397987819,1.2835529519750173
2017-02-23,0.88,0.12,0.0,0.0,0.00013917077413744928,1.28373158503299
2017-02-24,0.88,0.12,0.0,0.0,-1.1584129742261417e-05,1.2837167141197547
2017-02-27,0.88,0.12,0.0,0.0,4.6340992469602324e-05,1.2837762028263369
2017-02-28,0.88,0.12,0.0,0.0,5.79038795599196e-05,1.2838505384489671
2017-03-01,0.88,0.12,0.0,0.0,0.00024307900067522148,1.2841626155548698
2017-03-02,0.88,0.12,0.0,0.0,-6.931074316519847e-05,1.2840736092896408
2017-03-03,0.88,0.12,0.0,0.0,-0.0001733769986514977,1.2838509804612146
2017-03-06,0.88,0.12,0.0,0.0,-0.0002893797627085881,1.2834794599691355
2017-03-07,0.88,0.12,0.0,0.0,-0.0004061110036743409,1.282958224837452
2017-03-08,0.88,0.12,0.0,0.0,-0.00041913262831085426,1.282420495184663
2017-03-09,0.88,0.12,0.0,0.0,-0.000549118878395487,1.2817162938807158
2017-03-10,0.88,0.12,0.0,0.0,4.6948356807519076e-05,1.281776468354607
2017-03-13,0.88,0.12,0.0,0.0,-0.00030504497457959354,1.2813854688844009
2017-03-14,0.88,0.12,0.0,0.0,-0.0004469711821211408,1.2808127265066207
2017-03-15,0.88,0.12,0.0,0.0,0.0004722550177095641,1.2814175967434598
2017-03-16,0.88,0.12,0.0,0.0,0.0005880047040376279,1.2821710763181815
2017-03-17,0.88,0.12,0.0,0.0,-2.340550029257482e-05,1.2821410664626796
2017-03-20,0.88,0.12,0.0,0.0,-0.0001404603979711183,1.2819609764182291
2017-03-21,0.88,0.12,0.0,0.0,-0.000210937500000008,1.281690562774766
2017-03-22,0.88,0.12,0.0,0.0,-0.0003756603404421721,1.2812090824616125
2017-03-23,0.88,0.12,0.0,0.0,0.00018842001962708464,1.2814504879020763
2017-03-24,0.88,0.12,0.0,0.0,0.0001646090534979372,1.2816614262539943
2017-03-27,0.88,0.12,0.0,0.0,-0.00015264187866929292,1.281465791046073
2017-03-28,0.88,0.12,0.0,0.0,0.00032918585284609665,1.2818876314553915
2017-03-29,0.88,0.12,0.0,0.0,0.0003986321446018603,1.2823986330710573
2017-03-30,0.88,0.12,0.0,0.0,0.00029214139643588764,1.28277327479851
2017-03-31,0.88,0.12,0.0,0.0,0.0001282300369147027,1.2829377648628908
2017-04-03,0.88,0.12,0.0,0.0,-2.328966521106146e-05,1.2829078856718605
2017-04-04,0.88,0.12,0.0,0.0,-2.329418615937051e-05,1.2828780013767465
2017-04-05,0.88,0.12,0.0,0.0,0.00022133773420056178,1.283161950686827
2017-04-06,0.88,0.12,0.0,0.0,-2.3255813953477756e-05,1.2831321097112296
2017-04-07,0.88,0.12,0.0,0.0,5.8150804419465627e-05,1.2832067248755858
2017-04-10,0.88,0.12,0.0,0.0,3.48735832606728e-05,1.2832514748921464
2017-04-11,0.88,0.12,0.0,0.0,-6.972690296339401e-05,1.283161997741079
2017-04-12,0.88,0.12,0.0,0.0,-5.813953488372103e-05,1.28308739529935
2017-04-13,0.88,0.12,0.0,0.0,-5.8167716917121304e-05,1.2830127610349602
2017-04-17,0.88,0.12,0.0,0.0,-5.819592628516279e-05,1.282938094918896
2017-04-18,0.88,0.12,0.0,0.0,-4.65793304221096e-05,1.2828783365214618
2017-04-19,0.88,0.12,0.0,0.0,0.000139792253179305,1.2830576729746792
2017-04-20,0.88,0.12,0.0,0.0,6.981479685832959e-05,1.2831472493854754
2017-04-21,0.88,0.12,0.0,0.0,4.65161352844401e-05,1.2832069364365177
2017-04-24,0.88,0.12,0.0,0.0,0.0002557396105783205,1.2835351032787332
2017-04-25,0.88,0.12,0.0,0.0,0.00016239729337843122,1.2837435459054618
2017-04-26,0.88,0.12,0.0,0.0,0.00010425716768028613,1.283877385371586
2017-04-27,0.88,0.12,0.0,0.0,2.3148148148139924e-05,1.2839071047555064
2017-04-28,0.88,0.12,0.0,0.0,8.10028929604556e-05,1.2840111049452843
2017-05-01,0.88,0.12,0.0,0.0,-4.6256143394036715e-05,1.2839517115434944
2017-05-02,0.88,0.12,0.0,0.0,3.470548539477924e-05,1.283996271710867
2017-05-03,0.88,0.12,0.0,0.0,-2.3130300693918746e-05,1.2839665724910125
2017-05-04,0.88,0.12,0.0,0.0,-0.00027761711972237976,1.2836101213893378
2017-05-05,0.88,0.12,0.0,0.0,-0.00010434782608696124,1.2834761794636276
2017-05-08,0.88,0.12,0.0,0.0,1.1604293588627357e-05,1.2834910732980283
2017-05-09,0.88,0.12,0.0,0.0,9.28253722684147e-05,1.2836102138347105
2017-05-10,0.88,0.12,0.0,0.0,3.4782608695644866e-05,1.2836548611464962
2017-05-11,0.88,0.12,0.0,0.0,4.636337293537629e-05,1.2837143757155438
2017-05-12,0.05,0.12,0.83,0.0,3.475910012551431e-05,1.283758996472062
2017-05-15,0.05,0.12,0.8300000000000001,0.0,0.00019657727022249995,1.2840113543112122
2017-05-16,0.05,0.12,0.83,0.0,0.0005654386906258236,1.2847373840101426
2017-05-17,0.05,0.12,0.83,0.0,0.0029275352836035905,1.288498498031997
2017-05-18,0.05,0.12,0.8299999999999998,0.0,-0.001080516588158612,1.2871062540310558
2017-05-19,0.05,0.12,0.8299999999999998,0.0,2.5071651484764916e-05,1.2871385239104807
2017-05-22,0.05,0.12,0.83,0.0,-5.6958053573796786e-05,1.287065211005479
2017-05-23,0.05,0.12,0.8300000000000001,0.0,-0.0008970161437158985,1.285910692733192
2017-05-24,0.05,0.12,0.8299999999999998,0.0,0.0005874440930862513,1.2866660933738745
2017-05-25,0.05,0.12,0.8300000000000001,0.0,0.0003799875785897576,1.2871550105071492
2017-05-26,0.05,0.12,0.83,0.0,0.00013799429757124226,1.2873326305586894
2017-05-30,0.05,0.12,0.8299999999999998,0.0,0.0011160038836160035,1.2887692987738986
2017-05-31,0.05,0.12,0.8299999999999998,0.0,3.428246259332911e-05,1.2888134809591754
2017-06-01,0.05,0.12,0.8299999999999998,0.0,-0.0004359523348187443,1.2882516197130054
2017-06-02,0.05,0.12,0.8300000000000001,0.0,0.0017015169970349571,1.2904436017404048
2017-06-05,0.05,0.12,0.8299999999999998,0.0,-0.0006424770198354891,1.289614521380893
2017-06-06,0.05,0.12,0.8300000000000001,0.0,0.0009987642500819203,1.2909025422612348
2017-06-07,0.05,0.12,0.8300000000000001,0.0,-0.0010669461078957167,1.2895252188180966
2017-06-08,0.05,0.12,0.8300000000000001,0.0,-0.0007928259823884388,1.2885028497196724
2017-06-09,0.05,0.12,0.8300000000000001,0.0,-0.0001950941376015414,1.2882514703674093
2017-06-12,0.05,0.12,0.83,0.0,-0.00039070692481069764,1.287748141597039
2017-06-13,0.05,0.12,0.8300000000000001,0.0,0.00028792499184127963,1.288118916470202
2017-06-14,0.05,0.12,0.8299999999999998,0.0,0.0020464140374039743,1.2907549411027122
2017-06-15,0.05,0.12,0.8300000000000001,0.0,-0.0011131698055957216,1.2893181116758532
2017-06-16,0.05,0.12,0.8299999999999998,0.0,0.00026378950765972855,1.289658220265749
2017-06-19,0.05,0.12,0.8299999999999998,0.0,-0.001090134742821863,1.2882523190334716
2017-06-20,0.05,0.12,0.8299999999999998,0.0,0.0007576446814866087,1.2892283565514
2017-06-21,0.05,0.12,0.8300000000000001,0.0,-0.0005069904077238329,1.288574730141263
2017-06-22,0.05,0.12,0.8300000000000001,0.0,-1.2320259875762122e-05,1.2885588545657183
2017-06-23,0.05,0.12,0.83,0.0,0.00029909774120320256,1.2889442596085263
2017-06-26,0.05,0.12,0.8299999999999998,0.0,0.0004488932736361706,1.2895228580167566
2017-06-27,0.05,0.12,0.8299999999999998,0.0,-0.0015600338131345956,1.2875111587554404
2017-06-28,0.05,0.12,0.8300000000000001,0.0,-0.00010362129144859565,1.2873777451864157
2017-06-29,0.05,0.12,0.8299999999999998,0.0,-0.0010694049172346378,1.2860010170953748
2017-06-30,0.88,0.12,0.0,0.0,-0.0013124774705571129,1.2843131697333237
2017-07-03,0.88,0.12,0.0,0.0,2.3161551823962512e-05,1.2843429164193627
2017-07-05,0.88,0.12,0.0,0.0,-2.315708220763213e-05,1.2843131747848644
2017-07-06,0.88,0.12,0.0,0.0,-0.00019687319050376128,1.2840603279525384
2017-07-07,0.88,0.12,0.0,0.0,-0.0002435959400676735,1.2837475360698474
2017-07-10,0.88,0.12,0.0,0.0,2.3246803564509476e-05,1.283777379096645
2017-07-11,0.88,0.12,0.0,0.0,-2.3242300987811327e-05,1.2837475411563986
2017-07-12,0.05,0.12,0.83,0.0,0.0002905850445563818,1.2841205789928447
2017-07-13,0.88,0.12,0.0,0.0,-0.00034517084844426613,1.283677338003089
2017-07-14,0.88,0.12,0.0,0.0,0.0001622561328955019,1.283885622523839
2017-07-17,0.05,0.12,0.8299999999999998,0.0,0.0001736111111110894,1.2841085193333048
2017-07-18,0.05,0.12,0.8299999999999998,0.0,0.0014845460765927473,1.2860148375976004
2017-07-19,0.05,0.12,0.83,0.0,0.00015010102953910476,1.2862078697487263
2017-07-20,0.05,0.12,0.8300000000000001,0.0,0.0002645766684689899,1.286548170341863
2017-07-21,0.05,0.12,0.83,0.0,0.0009299899605087393,1.2877446472239917
2017-07-24,0.05,0.12,0.8300000000000001,0.0,-0.0006653409049947456,1.2868878580350056
2017-07-25,0.05,0.12,0.8300000000000001,0.0,-0.0019510756002912534,1.2843770425348824
2017-07-26,0.05,0.12,0.8300000000000001,0.0,0.0019331516914613035,1.2868599381871328
2017-07-27,0.05,0.12,0.8299999999999998,0.0,-0.0004936984579929082,1.2862246174199972
2017-07-28,0.05,0.12,0.8300000000000001,0.0,0.0006317709751750344,1.2870372168008388
2017-07-31,0.05,0.12,0.83,0.0,-0.00027559444288570824,1.2866825164961013
2017-08-01,0.05,0.12,0.8300000000000001,0.0,0.0013092542944310504,1.2883671111063932
2017-08-02,0.05,0.12,0.8300000000000001,0.0,-0.00047002193132224653,1.2877615503085789
2017-08-03,0.05,0.12,0.8299999999999998,0.0,0.000814268932525517,1.288810134531496
2017-08-04,0.05,0.12,0.8300000000000001,0.0,-0.0014327715518416227,1.286963564035014
2017-08-07,0.05,0.12,0.83,0.0,0.00012613146854705492,1.2871258906393124
2017-08-08,0.05,0.12,0.8299999999999998,0.0,-0.0010907721502437695,1.2857219295639453
2017-08-09,0.05,0.12,0.8299999999999998,0.0,4.413875678318293e-05,1.285778679731485
2017-08-10,0.05,0.0,0.95,0.0,-0.0002785897861530162,1.2854204749240585
2017-08-11,0.05,0.0,0.95,0.0,0.0005519511958942846,1.2861299642924198
2017-08-14,0.05,0.0,0.95,0.0,-0.000827446046646646,1.2850657611379923
2017-08-15,0.1,0.0,0.0,0.9,-0.0014722975590856,1.2831737619546044
2017-08-16,0.1,0.0,0.0,0.9,0.0011560122517537909,1.284657126544553
2017-08-17,0.05,0.0,0.95,0.0,0.0007104795737121972,1.2855698491921868
2017-08-18,0.05,0.0,0.95,0.0,-9.192955293213512e-05,1.2854516673306875
2017-08-21,0.05,0.0,0.95,0.0,0.0003677537985097845,1.2859243970641492
2017-08-22,0.05,0.0,0.95,0.0,-0.001194737351262548,1.284388055156077
2017-08-23,0.05,0.0,0.95,0.0,0.0013802789616428556,1.2861608689671942
2017-08-24,0.05,0.0,0.95,0.0,-0.0008269658574330484,1.285097257841392
2017-08-25,0.05,0.0713466414902562,0.8786533585097437,0.0,0.0008276863504356635,1.2861609153006897
2017-08-28,0.05,0.12,0.8300000000000001,0.0,0.0004663181979643047,1.2867606755410048
2017-08-29,0.05,0.12,0.8299999999999998,0.0,0.0006989626435990083,1.28766007318446
2017-08-30,0.05,0.12,0.83,0.0,-0.00030805154181138715,1.2872634075135867
2017-08-31,0.05,0.12,0.8299999999999998,0.0,0.0006444513878487922,1.2880929862030857
2017-09-01,0.05,0.12,0.83,0.0,-0.0008587352293981408,1.2869868553770925
2017-09-05,0.05,0.12,0.83,0.0,0.0025566034824126916,1.2902771704533689
2017-09-06,0.05,0.12,0.83,0.0,-0.0012560347114310454,1.2886565375399124
2017-09-07,0.05,0.12,0.8300000000000001,0.0,0.0013508073784386653,1.2903972642990946
2017-09-08,0.05,0.12,0.83,0.0,-0.0002524742501019206,1.290071472217457
2017-09-11,0.05,0.12,0.8300000000000001,0.0,-0.00196587968534375,1.2875353469175832
2017-09-12,0.05,0.12,0.8299999999999998,0.0,-0.0011801214749335312,1.2860158988049497
2017-09-13,0.05,0.12,0.8299999999999998,0.0,-0.0005738913169478276,1.2852778654471686
2017-09-14,0.05,0.12,0.83,0.0,-0.00014921301090596524,1.2850860852670145
2017-09-15,0.05,0.12,0.8299999999999998,0.0,-0.00016080596725763895,1.2848794357560638
2017-09-18,0.05,0.12,0.8300000000000001,0.0,-0.000505126480440261,1.2842304091288903
2017-09-19,0.88,0.12,0.0,0.0,-5.736288812467572e-05,1.2841567419636053
2017-09-20,0.88,0.12,0.0,0.0,5.7764513333973254e-05,1.2842309206528493
2017-09-21,0.88,0.12,0.0,0.0,-5.7736720554268925e-05,1.2841567733710564
2017-09-22,0.88,0.12,0.0,0.0,-1.1552902666802643e-05,1.2841419376328447
2017-09-25,0.05,0.12,0.8300000000000001,0.0,3.4662045060649407e-05,1.2841864486185512
2017-09-26,0.05,0.12,0.8299999999999998,0.0,-9.154864156401434e-05,1.2840688830936653
2017-09-27,0.88,0.12,0.0,0.0,-0.0019078848183326223,1.2816190275659176
2017-09-28,0.05,0.12,0.8299999999999998,0.0,3.4648700673720613e-05,1.2816634339999815
2017-09-29,0.05,0.12,0.8300000000000001,0.0,-0.00035657127901435044,1.2812064296300543
2017-10-02,0.88,0.12,0.0,0.0,-0.00034524278838148574,1.2807641023497967
2017-10-03,0.88,0.12,0.0,0.0,3.460872909055723e-05,1.2808084279676437
2017-10-04,0.88,0.12,0.0,0.0,1.1532916866894282e-05,1.2808231994247659
2017-10-05,0.88,0.12,0.0,0.0,4.6127234287913764e-05,1.2808822802565671
2017-10-06,0.88,0.12,0.0,0.0,-3.45821325648421e-05,1.2808379846157514
2017-10-09,0.88,0.12,0.0,0.0,0.0,1.2808379846157514
2017-10-10,0.88,0.12,0.0,0.0,0.0,1.2808379846157514
2017-10-11,0.88,0.12,0.0,0.0,1.1530700490052226e-05,1.2808527535749281
2017-10-12,0.88,0.12,0.0,0.0,-0.00010376633358955444,1.2807198441808216
2017-10-13,0.05,0.12,0.83,0.0,-2.3079142225204128e-05,1.280690286265387
2017-10-16,0.88,0.12,0.0,0.0,-0.001194853557935983,1.2791600489202288
2017-10-17,0.88,0.12,0.0,0.0,8.0784766301214e-05,1.2792633855658426
2017-10-18,0.88,0.12,0.0,0.0,6.919750120133905e-05,1.279351907395502
2017-10-19,0.88,0.12,0.0,0.0,-1.1526270291044583e-05,1.27933716123962
2017-10-20,0.88,0.12,0.0,0.0,1.1527377521618476e-05,1.279351908642055
2017-10-23,0.88,0.12,0.0,0.0,4.610508116415168e-05,1.2794108932656405
2017-10-24,0.88,0.12,0.0,0.0,0.0,1.2794108932656405
2017-10-25,0.88,0.12,0.0,0.0,-0.00021891502640423608,1.2791308109961594
2017-10-26,0.88,0.12,0.0,0.0,-1.1542901115801918e-05,1.2791160461156938
2017-10-27,0.88,0.12,0.0,0.0,-4.617604617605853e-05,1.2790569815940838
2017-10-30,0.05,0.12,0.83,0.0,0.0,1.2790569815940838
2017-10-31,0.88,0.12,0.0,0.0,-0.0007256654361764192,1.2781288141516407
2017-11-01,0.88,0.12,0.0,0.0,3.4645366182264325e-05,1.2781730953924353
2017-11-02,0.88,0.12,0.0,0.0,-5.772561092938222e-05,1.2780993120696302
2017-11-03,0.88,0.12,0.0,0.0,-3.465203580710341e-05,1.2780550233265033
2017-11-06,0.88,0.12,0.0,0.0,-8.087810514152416e-05,1.27795165665795
2017-11-07,0.88,0.12,0.0,0.0,-0.00013874168995086755,1.2777743514854298
2017-11-08,0.88,0.12,0.0,0.0,-0.00039355647728369633,1.2772714751128957
2017-11-09,0.1,0.0,0.0,0.9,-0.0004413045582115549,1.2767078093888549
2017-11-10,0.1,0.0,0.0,0.9,-0.001700139192682426,1.2745372284045091
2017-11-13,0.1,0.0,0.0,0.9,-0.00044825181791016135,1.2739659147748825
2017-11-14,0.1,0.0,0.0,0.9,0.0002690851106239123,1.2743087200339909
2017-11-15,0.1,0.0,0.0,0.9,0.0008070140480222366,1.2753371050725757
2017-11-16,0.1,0.0,0.0,0.9,-0.0008062910611187912,1.2743088121648425
2017-11-17,0.1,0.0,0.0,0.9,-8.966822755807069e-05,1.274194547152294
2017-11-20,0.1,0.0,0.0,0.9,-0.0008967716221601419,1.2730518856412965
2017-11-21,0.1,0.0,0.0,0.9,-0.0003590664272891231,1.2725947754489655
2017-11-22,0.1,0.0,0.0,0.9,0.0017960486928757069,1.274880417631971
2017-11-24,0.1,0.0,0.0,0.9,-0.0007169886476797172,1.2739663428453798
2017-11-27,0.1,0.0,0.0,0.9,0.0005381702212478246,1.2746519535939713
2017-11-28,0.1,0.0,0.0,0.9,-0.00044820717131484057,1.27408064544744
2017-11-29,0.1,0.0,0.0,0.9,-0.0008071748878922591,1.2730522395452852
2017-11-30,0.1,0.0,0.0,0.9,-0.0008976660682226579,1.2719094637467707
2017-12-01,0.1,0.0,0.0,0.9,0.001078274760383513,1.2732809316190217
2017-12-04,0.1,0.0,0.0,0.9,-0.0009872357399281495,1.2720239031763585
2017-12-05,0.1,0.0,0.0,0.9,8.984725965861528e-05,1.2721381910382792
2017-12-06,0.1,0.0,0.0,0.9,0.0008983829107605867,1.2732810582492338
2017-12-07,0.1,0.0,0.0,0.9,-0.0008974870362982723,1.2721383050058908
2017-12-08,0.1,0.0,0.0,0.9,8.983829107593877e-05,1.2722525917372247
2017-12-11,0.1,0.0,0.0,0.9,-0.00044914662141924965,1.271681163784054
2017-12-12,0.1,0.0,0.0,0.9,-0.0003594967046135933,1.2712239985963545
2017-12-13,0.1,0.0,0.0,0.9,0.001888111888111954,1.2736242117405576
2017-12-14,0.1,0.0,0.0,0.9,-0.00044860931113548385,1.2730528520602833
2017-12-15,0.1,0.0,0.0,0.9,-0.0008078994614003521,1.2720243533467697
2017-12-18,0.1,0.0,0.0,0.9,-0.0004492362982928766,1.2714529138349338
2017-12-19,0.1,0.0,0.0,0.9,-0.0017079504594486373,1.2692813352465822
2017-12-20,0.1,0.0,0.0,0.9,-0.0007205043530472466,1.2683668125192953
2017-12-21,0.1,0.0,0.0,0.9,9.013520280434229e-05,1.2684811370191722
2017-12-22,0.1,0.0,0.0,0.9,-0.0003605047065892819,1.268023843599057
2017-12-26,0.1,0.0,0.0,0.9,0.0003606491685033131,1.2684811553438933
2017-12-27,0.1,0.0,0.0,0.9,0.001261766473062287,1.2700816823374175
2017-12-28,0.1,0.0,0.0,0.9,-0.0006299999999999306,1.269281530877545
2017-12-29,0.1,0.0,0.0,0.9,0.0008105673971779526,1.2703103691043143
2018-01-02,0.1,0.0,0.0,0.9,-0.001439712057588427,1.2684814879490351
2018-01-03,0.1,0.0,0.0,0.9,9.012617664732048e-05,1.2685958113356919
2018-01-04,0.1,0.0,0.0,0.9,-0.000540702913787916,1.2679098778840836
2018-01-05,0.1,0.0,0.0,0.9,-0.0006311992786294352,1.267109574083796
2018-01-08,0.1,0.0,0.0,0.9,0.0,1.267109574083796
2018-01-09,0.1,0.0,0.0,0.9,-0.0012632845398034998,1.265508854148619
2018-01-10,0.1,0.0,0.0,0.9,-0.00018072289156618738,1.2652801477291946
2018-01-11,0.1,0.0,0.0,0.9,0.0004518979714801308,1.2658519252613074
2018-01-12,0.1,0.0,0.0,0.9,-0.0009033423667569651,1.264708427587178
2018-01-16,0.1,0.0,0.0,0.9,-0.0001808499949763842,1.2644797050744023
2018-01-17,0.1,0.0,0.0,0.9,-0.0011757612300272169,1.2629929788610197
2018-01-18,0.1,0.0,0.0,0.9,-0.0005433688871000264,1.2623067077716807
2018-01-19,0.1,0.0,0.0,0.9,-0.0008155457108335651,1.2612772389504012
2018-01-22,0.1,0.0,0.0,0.9,-0.000725587020054419,1.2603620725571287
2018-01-23,0.1,0.0,0.0,0.9,0.0011800302571860933,1.2618493379377558
2018-01-24,0.1,0.0,0.0,0.9,-0.000815874294923502,1.2608198274988662
2018-01-25,0.1,0.0,0.0,0.9,0.0006351446718420695,1.2616206304944548
2018-01-26,0.1,0.0,0.0,0.9,-0.0015414064074149249,1.2596759603708838
2018-01-29,0.1,0.0,0.0,0.9,-0.0008174386920981047,1.2586462525013709
2018-01-30,0.1,0.0,0.0,0.9,-0.0003636363636364659,1.2581885629550067
2018-01-31,0.1,0.0,0.0,0.9,-0.0007275666936136016,1.257273146862315
2018-02-01,0.1,0.0,0.0,0.9,-0.0011832524271844114,1.2557854753596565
2018-02-02,0.1,0.0,0.0,0.9,-0.001367088607595024,1.2540687053427089
2018-02-05,0.1,0.0,0.0,0.9,0.0023732251521298986,1.257044892736727
2018-02-06,0.1,0.0,0.0,0.9,0.0002731134938297242,1.2573882086592831
2018-02-07,0.1,0.0,0.0,0.9,-0.001911214480736101,1.2549850701069867
2018-02-08,0.1,0.0,0.0,0.9,-0.0001824077827321746,1.2547561510629865
2018-02-09,0.1,0.0,0.0,0.9,0.0015507804581390784,1.256702002381785
2018-02-12,0.1,0.0,0.0,0.9,-0.0012749165233228888,1.2550998122340555
2018-02-13,0.1,0.0,0.0,0.9,9.119464991398374e-05,1.2552142706220393
2018-02-14,0.1,0.0,0.0,0.9,-0.0027355623100303707,1.2517805537723135
2018-02-15,0.1,0.0,0.0,0.9,0.00018292682926832616,1.2520095380199547
2018-02-16,0.1,0.0,0.0,0.9,0.000457224141434609,1.252581987006044
2018-02-20,0.1,0.0,0.0,0.9,-0.0006397887681526826,1.2517805991195672
2018-02-21,0.1,0.0,0.0,0.9,-0.001006097560975594,1.2505211857119165
2018-02-22,0.1,0.0,0.0,0.9,0.0009156577474818795,1.2516662351240038
2018-02-23,0.1,0.0,0.0,0.9,0.0010976725276959254,1.2530401547641439
2018-02-26,0.1,0.0,0.0,0.9,0.0003654451324738739,1.2534980721894968
2018-02-27,0.1,0.0,0.0,0.9,-0.0017351598173515283,1.251323052703506
2018-02-28,0.1,0.0,0.0,0.9,0.0006405042700285302,1.2521245304619477
2018-03-01,0.1,0.0,0.0,0.9,0.002285888448643636,1.254986747462394
2018-03-02,0.1,0.0,0.0,0.9,-0.0014592622618565976,1.253155392662692
2018-03-05,0.1,0.0,0.0,0.9,-0.0006394640682094499,1.2523540448172013
2018-03-06,0.1,0.0,0.0,0.9,0.0,1.2523540448172013
2018-03-07,0.1,0.0,0.0,0.9,-0.00018283392585066727,1.2521250720106323
2018-03-08,0.1,0.0,0.0,0.9,0.0003657421517828219,1.2525830269287708
2018-03-09,0.1,0.0,0.0,0.9,-0.0005483903727023564,1.2518961224557927
2018-03-12,0.1,0.0,0.0,0.9,0.0005487247230973269,1.2525830688089339
2018-03-13,0.1,0.0,0.0,0.9,0.0003655935818017042,1.253041005139564
2018-03-14,0.1,0.0,0.0,0.9,0.0007308902649477478,1.2539568406118007
2018-03-15,0.1,0.0,0.0,0.9,-0.00045643574399027996,1.2533844898883244
2018-03-16,0.1,0.0,0.0,0.9,-0.000639334280495274,1.2525831582172977
2018-03-19,0.1,0.0,0.0,0.9,9.139839545042605e-05,1.252697642308127
2018-03-20,0.1,0.0,0.0,0.9,-0.0011880584890334057,1.2512093642399909
2018-03-21,0.1,0.0,0.0,0.9,-0.00036603965429584664,1.2507513719968528
2018-03-22,0.1,0.0,0.0,0.9,0.0019224900823924696,1.2531559291050556
2018-03-23,0.1,0.0,0.0,0.9,0.0005481120584652999,1.2538427989809355
2018-03-26,0.1,0.0,0.0,0.9,-0.0007303712720632794,1.2529270282208764
2018-03-27,0.1,0.0,0.0,0.9,0.0016446700507614543,1.254987679779981
2018-03-28,0.1,0.0,0.0,0.9,-9.12038913660873e-05,1.2548732200199686
2018-03-29,0.1,0.0,0.0,0.9,0.0008209182122226322,1.2559033683003136
2018-04-02,0.1,0.0,0.0,0.9,0.0006379100850546938,1.2567045217248065
2018-04-03,0.1,0.0,0.0,0.9,-0.0017302438530810704,1.254530116450953
2018-04-04,0.1,0.0,0.0,0.9,-9.124087591241282e-05,1.2544156520242695
2018-04-05,0.1,0.0,0.0,0.9,-0.001095001520835337,1.2530420649775433
2018-04-06,0.1,0.0,0.0,0.9,0.0017358643792507512,1.2552171760638406
2018-04-09,0.1,0.0,0.0,0.9,-0.0004559270516717118,1.25464488859755
2018-04-10,0.1,0.0,0.0,0.9,-0.0006386213887481396,1.2538436455364081
2018-04-11,0.1,0.0,0.0,0.9,9.12964090079349e-05,1.2539581169587029
2018-04-12,0.1,0.0,0.0,0.9,-0.001551881529566912,1.2520121225181442
2018-04-13,0.1,0.0,0.0,0.9,-9.144482828700173e-05,1.2518976324845872
2018-04-16,0.1,0.0,0.0,0.9,-0.0001829082410323757,1.2516686500906768
2018-04-17,0.1,0.0,0.0,0.9,0.00018294542128265425,1.2518976371391741
2018-04-18,0.1,0.0,0.0,0.9,-0.001646174169291681,1.2498367955863183
2018-04-19,0.1,0.0,0.0,0.9,-0.0010078387458007155,1.248577161637799
2018-04-20,0.1,0.0,0.0,0.9,-0.0009172441907869033,1.2474319114895376
2018-04-23,0.1,0.0,0.0,0.9,-0.0008263619669454325,1.2464010812015287
2018-04-24,0.1,0.0,0.0,0.9,0.00018380475850083845,1.2466301756512541
2018-04-25,0.1,0.0,0.0,0.9,-0.0008269525267994515,1.2455992716775148
2018-04-26,0.1,0.0,0.0,0.9,0.0006437768240343145,1.246401159620655
2018-04-27,0.1,0.0,0.0,0.9,0.0006433166547532343,1.2472029902451427
2018-04-30,0.1,0.0,0.0,0.9,0.0005510204081633719,1.24789022454589
2018-05-01,0.1,0.0,0.0,0.9,-0.0011013665102998283,1.2465158400440448
2018-05-02,0.1,0.0,0.0,0.9,0.0004594649785582661,1.2470885704177632
2018-05-03,0.1,0.0,0.0,0.9,0.0006429227472192434,1.247890352027482
2018-05-04,0.1,0.0,0.0,0.9,0.0,1.247890352027482
2018-05-07,0.1,0.0,0.0,0.9,-9.178054252501067e-05,1.2477758199739613
2018-05-08,0.1,0.0,0.0,0.9,-0.000642529321774521,1.2469740874226267
2018-05-09,0.1,0.0,0.0,0.9,-0.0009185548071035777,1.245828673380291
2018-05-10,0.1,0.0,0.0,0.9,0.00018389865140988615,1.2460577795932135
2018-05-11,0.1,0.0,0.0,0.9,0.0,1.2460577795932135
2018-05-14,0.1,0.0,0.0,0.9,-0.0004596527068437828,1.2454850257619396
2018-05-15,0.1,0.0,0.0,0.9,-0.0022994379151762947,1.2426211102709184
2018-05-16,0.1,0.0,0.0,0.9,-0.00027663934426234163,1.2422773523818065
2018-05-17,0.1,0.0,0.0,0.9,9.224146766426689e-05,1.2423919418680363
2018-05-18,0.1,0.0,0.0,0.9,0.0012912482065997378,1.2439961782348672
2018-05-21,0.1,0.0,0.0,0.9,-0.0001841997544003271,1.2437670344443614
2018-05-22,0.1,0.0,0.0,0.9,0.0,1.2437670344443614
2018-05-23,0.1,0.0,0.0,0.9,0.002118730808597724,1.2464022419789569
2018-05-24,0.1,0.0,0.0,0.9,0.0006433166547532343,1.2472040732997438
2018-05-25,0.1,0.0,0.0,0.9,0.0014693877551020585,1.2490366996931637
2018-05-29,0.1,0.0,0.0,0.9,0.0056845965770172535,1.2561369694408082
2018-05-30,0.1,0.0,0.0,0.9,-0.0029155699534319625,1.2524746142353114
2018-05-31,0.1,0.0,0.0,0.9,0.0006398537477149135,1.2532760148111475
2018-06-01,0.1,0.0,0.0,0.9,-0.00237491119456007,1.2502995955736989
2018-06-04,0.1,0.0,0.0,0.9,-0.001465350564770518,1.2484674683551926
2018-06-05,0.1,0.0,0.0,0.9,0.0007338701457546559,1.2493836813581645
2018-06-06,0.1,0.0,0.0,0.9,-0.0015582034830431302,1.247436887354215
2018-06-07,0.1,0.0,0.0,0.9,0.0011018159559274432,1.2488113332207145
2018-06-08,0.1,0.0,0.0,0.9,9.170572651322484e-05,1.2489258563713055
2018-06-11,0.1,0.0,0.0,0.9,-0.0008252674477840283,1.2478951585173466
2018-06-12,0.1,0.0,0.0,0.9,-0.00018356108504992142,1.2476660935280206
2018-06-13,0.1,0.0,0.0,0.9,-0.00100979192166466,1.246406210385841
2018-06-14,0.1,0.0,0.0,0.9,0.0007352190340039533,1.2473225919558175
2018-06-15,0.1,0.0,0.0,0.9,0.000642791551882449,1.2481243603803989
2018-06-18,0.1,0.0,0.0,0.9,0.0,1.2481243603803989
2018-06-19,0.1,0.0,0.0,0.9,0.0009176182707993696,1.2492696620977135
2018-06-20,0.1,0.0,0.0,0.9,-0.0009166836422897839,1.2481244770336597
2018-06-21,0.1,0.0,0.0,0.9,0.0010093800978791868,1.2493843090404533
2018-06-22,0.1,0.0,0.0,0.9,-0.00018331805682857418,1.2491552743366878
2018-06-25,0.1,0.0,0.0,0.9,0.0009167770194559833,1.250300471185932
2018-06-26,0.1,0.0,0.0,0.9,-9.15844102980512e-05,1.250185963154583
2018-06-27,0.1,0.0,0.0,0.9,0.0015570934256054602,1.2521326194985953
2018-06-28,0.1,0.0,0.0,0.9,-0.0007314843035661434,1.2512167041414488
2018-06-29,0.1,0.0,0.0,0.9,-9.150991357386174e-05,1.2511022054089906
2018-07-02,0.1,0.0,0.0,0.9,-0.0006406345332520381,1.2503007061315778
2018-07-03,0.1,0.0,0.0,0.9,0.000732675282385209,1.2512167705545094
2018-07-05,0.1,0.0,0.0,0.9,-0.00036603965429584664,1.2507587756003664
2018-07-06,0.1,0.0,0.0,0.9,0.0005492828806834771,1.2514457959836682
2018-07-09,0.1,0.0,0.0,0.9,-0.0009149130832571961,1.2503008318519355
2018-07-10,0.1,0.0,0.0,0.9,-0.0006410908720870578,1.2494992754012724
2018-07-11,0.1,0.0,0.0,0.9,0.0008248472505091531,1.2505299214431005
2018-07-12,0.1,0.0,0.0,0.9,-0.00036626309899279175,1.2500718984786896
2018-07-13,0.1,0.0,0.0,0.9,0.0008244274809160679,1.2511024921049165
2018-07-16,0.1,0.0,0.0,0.9,-0.0008236729713239632,1.2500719927978137
2018-07-17,0.1,0.0,0.0,0.9,-0.0001832061068701707,1.2498429719747057
2018-07-18,0.1,0.0,0.0,0.9,-0.00018324340832749365,1.2496139464886469
2018-07-19,0.1,0.0,0.0,0.9,0.0008247632623968881,1.2506445821638896
2018-07-20,0.1,0.0,0.0,0.9,-0.0007324516785350732,1.2497285454404328
2018-07-23,0.1,0.0,0.0,0.9,-0.002015882712278583,1.2472092392706384
2018-07-24,0.1,0.0,0.0,0.9,0.00036734693877551463,1.247667397766697
2018-07-25,0.1,0.0,0.0,0.9,9.179926560569651e-05,1.2477819327175321
2018-07-26,0.1,0.0,0.0,0.9,-0.0011014788373278073,1.2464075273250437
2018-07-27,0.1,0.0,0.0,0.9,0.0002757071377513576,1.2467511707768741
2018-07-30,0.1,0.0,0.0,0.9,-9.187423438128395e-05,1.246636626467595
2018-07-31,0.1,0.0,0.0,0.9,0.0005513016845329677,1.247323899339767
2018-08-01,0.1,0.0,0.0,0.9,-0.0009182736455464413,1.246178514675543
2018-08-02,0.1,0.0,0.0,0.9,0.0007353692166274906,1.247094915993658
2018-08-03,0.1,0.0,0.0,0.9,0.001010307174201497,1.2483548649341967
2018-08-06,0.1,0.0,0.0,0.9,0.00036697247706427575,1.2488129768112368
2018-08-07,0.1,0.0,0.0,0.9,-0.001100468718157799,1.2474386971954265
2018-08-08,0.1,0.0,0.0,0.9,9.181799632727028e-05,1.247553234517144
2018-08-09,0.1,0.0,0.0,0.9,0.0009180863001120754,1.2486985960504149
2018-08-10,0.1,0.0,0.0,0.9,0.002384591867930297,1.2516762325680528
2018-08-13,0.1,0.0,0.0,0.9,-0.0004573635532066356,1.2511037614788614
2018-08-14,0.1,0.0,0.0,0.9,-0.0006406345332520381,1.2503022612045764
2018-08-15,0.1,0.0,0.0,0.9,0.0013737661544724667,1.2520198841338797
2018-08-16,0.1,0.0,0.0,0.9,-0.0006401137980086125,1.2512184489306644
2018-08-17,0.1,0.0,0.0,0.9,-9.150991357386174e-05,1.2511039500385406
2018-08-20,0.1,0.0,0.0,0.9,0.001555826723611964,1.2530504509980271
2018-08-21,0.1,0.0,0.0,0.9,-0.0007308902649477478,1.2521346086219043
2018-08-22,0.1,0.0,0.0,0.9,0.0006400487656201382,1.252936035832543
2018-08-23,0.1,0.0,0.0,0.9,-0.0001827411167512616,1.252707072902137
2018-08-24,0.1,0.0,0.0,0.9,-0.0003655564581641402,1.2522491377414497
2018-08-27,0.1,0.0,0.0,0.9,-0.0006399837464444946,1.251447718646796
2018-08-28,0.1,0.0,0.0,0.9,-0.0009149130832571961,1.2503027527559938
2018-08-29,0.1,0.0,0.0,0.9,-0.0002747532308944534,1.249959228035078
2018-08-30,0.1,0.0,0.0,0.9,0.0008245114006514287,1.2509898336689422
2018-08-31,0.1,0.0,0.0,0.9,0.0008237567375166454,1.2520203449729919
2018-09-04,0.1,0.0,0.0,0.9,-0.0012802275960170251,1.2504174739765828
2018-09-05,0.1,0.0,0.0,0.9,9.157509157515786e-05,1.2505319810712692
2018-09-06,0.1,0.0,0.0,0.9,0.0008240919727336316,1.2515625344385166
2018-09-07,0.1,0.0,0.0,0.9,-0.002287050213457986,1.248700148076973
2018-09-10,0.1,0.0,0.0,0.9,-9.171507184343453e-05,1.2485856234531811
2018-09-11,0.1,0.0,0.0,0.9,-0.001284141867101485,1.246982262379444
2018-09-12,0.1,0.0,0.0,0.9,0.00027556644213100334,1.2473258888448884
2018-09-13,0.1,0.0,0.0,0.9,-9.182736455466411e-05,1.247211350195775
2018-09-14,0.1,0.0,0.0,0.9,-0.0010102040816326152,1.2459514121991486
2018-09-17,0.1,0.0,0.0,0.9,-0.00018387986515473466,1.245722306821484
2018-09-18,0.1,0.0,0.0,0.9,-0.0010115459282722173,1.2444622014942608
2018-09-19,0.1,0.0,0.0,0.9,-0.0008285597381342713,1.2434310902184729
2018-09-20,0.1,0.0,0.0,0.9,0.0,1.2434310902184729
2018-09-21,0.1,0.0,0.0,0.9,0.00027644107709625667,1.2437748256483478
2018-09-24,0.1,0.0,0.0,0.9,-0.00018423746161717603,1.243545675731647
2018-09-25,0.1,0.0,0.0,0.9,-0.0007371007371008931,1.2426290572974465
2018-09-26,0.1,0.0,0.0,0.9,0.0011065573770491666,1.2440040976477347
2018-09-27,0.1,0.0,0.0,0.9,0.0,1.2440040976477347
2018-09-28,0.1,0.0,0.0,0.9,0.0002762996316005406,1.2443478155216243
2018-10-01,0.1,0.0,0.0,0.9,-0.00036828644501282206,1.2438895390882863
2018-10-02,0.1,0.0,0.0,0.9,0.000552655818237735,1.2445769818793087
2018-10-03,0.1,0.0,0.0,0.9,-0.002669530530837561,1.2412545456282043
2018-10-04,0.1,0.0,0.0,0.9,-0.0009232663110382733,1.2401085371228027
2018-10-05,0.1,0.0,0.0,0.9,-0.0006469500924213723,1.2393062487900985
2018-10-08,0.1,0.0,0.0,0.9,0.0,1.2393062487900985
2018-10-09,0.1,0.0,0.0,0.9,0.00046243962593768285,1.2398793531082113
2018-10-10,0.1,0.0,0.0,0.9,-9.244042728024926e-05,1.239764738131034
2018-10-11,0.1,0.0,0.0,0.9,0.002218798151001633,1.242515525839676
2018-10-12,0.1,0.0,0.0,0.9,0.0,1.242515525839676
2018-10-15,0.1,0.0,0.0,0.9,-0.000737780510298125,1.2415988221009686
2018-10-16,0.1,0.0,0.0,0.9,0.0,1.2415988221009686
2018-10-17,0.1,0.0,0.0,0.9,-0.000646087580760979,1.2407966405217217
2018-10-18,0.1,0.0,0.0,0.9,0.00036945812807889224,1.2412550629258554
2018-10-19,0.1,0.0,0.0,0.9,-0.000830939679934406,1.240223654841151
2018-10-22,0.1,0.0,0.0,0.9,0.00018482390389151782,1.2404528778187374
2018-10-23,0.1,0.0,0.0,0.9,0.0011087157376040492,1.2418281874461312
2018-10-24,0.1,0.0,0.0,0.9,0.0013841894801600364,1.2435471129593605
2018-10-25,0.1,0.0,0.0,0.9,-0.00036855036855044655,1.2430888032125695
2018-10-26,0.1,0.0,0.0,0.9,0.002120032773453451,1.2457241922156932
2018-10-29,0.1,0.0,0.0,0.9,-0.0003678348830081335,1.245265971403189
2018-10-30,0.1,0.0,0.0,0.9,-0.0006439742410302651,1.244464052194374
2018-10-31,0.1,0.0,0.0,0.9,-0.001012684124386276,1.2432038032053474
2018-11-01,0.1,0.0,0.0,0.9,0.0006451612903225268,1.244005870175157
2018-11-02,0.1,0.0,0.0,0.9,-0.002210397052803925,1.241256123266051
2018-11-05,0.1,0.0,0.0,0.9,0.00036930652441526937,1.2417145272508436
2018-11-06,0.1,0.0,0.0,0.9,-0.0006460213289581351,1.2409123531817625
2018-11-07,0.1,0.0,0.0,0.9,-0.0002770651616213149,1.2405685396000703
2018-11-08,0.1,0.0,0.0,0.9,-0.000831451447341458,1.2395370670922936
2018-11-09,0.1,0.0,0.0,0.9,0.001479502722695969,1.2413709655579392
2018-11-12,0.1,0.0,0.0,0.9,0.0,1.2413709655579392
2018-11-13,0.1,0.0,0.0,0.9,0.0016617088932198154,1.2434337627311918
2018-11-14,0.1,0.0,0.0,0.9,0.0009214702569877887,1.244579549960083
2018-11-15,0.1,0.0,0.0,0.9,0.0002761583307762994,1.2449232509711181
2018-11-16,0.1,0.0,0.0,0.9,0.001564417177914068,1.246870830290122
2018-11-19,0.1,0.0,0.0,0.9,0.0008267837092988728,1.2479017227802056
2018-11-20,0.1,0.0,0.0,0.9,-9.178054252501067e-05,1.247787189683071
2018-11-21,0.1,0.0,0.0,0.9,-0.0005507394186640036,1.2470999840916086
2018-11-23,0.1,0.0,0.0,0.9,0.00027553832023679,1.2474436079263926
2018-11-26,0.1,0.0,0.0,0.9,-0.000642725974290892,1.2466418435181152
2018-11-27,0.1,0.0,0.0,0.9,0.0004594180704440731,1.247214573308399
2018-11-28,0.1,0.0,0.0,0.9,0.0007346938775510293,1.2481308942194012
2018-11-29,0.1,0.0,0.0,0.9,0.0,1.2481308942194012
2018-11-30,0.1,0.0,0.0,0.9,0.0008258564437193527,1.2491616711609974
2018-12-03,0.1,0.0,0.0,0.9,0.00018335540389111671,1.2493907117037384
2018-12-04,0.1,0.0,0.0,0.9,0.001374885426214556,1.2511084807849078
2018-12-06,0.1,0.0,0.0,0.9,0.001555826723611964,1.2530549887934506
2018-12-07,0.1,0.0,0.0,0.9,0.001553141813013914,1.2550011608905514
2018-12-10,0.1,0.0,0.0,0.9,-0.0004560194568302367,1.2544288559428407
2018-12-11,0.1,0.0,0.0,0.9,-0.0010037513940991173,1.2531697212298898
2018-12-12,0.1,0.0,0.0,0.9,-0.0005481120584652999,1.25248284379438
2018-12-13,0.1,0.0,0.0,0.9,0.00018281535649011804,1.252711816891966
2018-12-14,0.1,0.0,0.0,0.9,0.0010052802599512356,1.253971143352895
2018-12-17,0.1,0.0,0.0,0.9,0.0011867329343745682,1.2554592722074673
2018-12-18,0.05,0.0,0.0,0.95,0.0011851701782820358,1.2569472050969355
2018-12-19,0.05,0.0,0.0,0.95,0.0009610520991401804,1.2581551968469022
2018-12-20,0.05,0.0,0.0,0.95,-0.0005760485093482092,1.2574304384212298
2018-12-21,0.05,0.0,0.0,0.95,0.0002881990089999786,1.2577928286274693
2018-12-24,0.05,0.0,0.0,0.95,0.0017286696320258587,1.2599671368936975
2018-12-26,0.05,0.0,0.0,0.95,-0.0014379414732592576,1.2581553778926144
2018-12-27,0.05,0.0,0.0,0.95,0.0022081859525012403,1.2609336189241407
2018-12-28,0.05,0.0,0.0,0.95,0.0004789272030650604,1.2615375143355025
2018-12-31,0.05,0.0,0.0,0.95,0.0022019550539150276,1.264315363240897
2019-01-02,0.05,0.0,0.0,0.95,0.00047757892620164943,1.2649191736144538
2019-01-03,0.05,0.0,0.05,0.9000000000000001,0.00420058285599425,1.2702325714093572
2019-01-04,0.05,0.0,0.0,0.95,-0.0038144375954684956,1.2653873485339846
2019-01-07,0.05,0.0,0.0,0.95,-0.0011451531893519606,1.2639382861760453
2019-01-08,0.05,0.0,0.0,0.95,-0.0016242582721512355,1.2618853239592351
2019-01-09,0.05,0.0,0.0,0.95,0.00019141648196652206,1.2621268696085925
2019-01-10,0.05,0.0,0.0,0.95,0.0,1.2621268696085925
2019-01-11,0.05,0.0,0.0,0.95,0.0011482675261885622,1.263576128906894
2019-01-14,0.05,0.0,0.0,0.95,-9.557344064395346e-05,1.263455364588739
2019-01-15,0.05,0.0,0.0,0.95,0.0,1.263455364588739
2019-01-16,0.05,0.0,0.0,0.95,-0.0006690813965188669,1.2626100101089606
2019-01-17,0.05,0.0,0.0,0.95,-0.0008608538058798742,1.2615230874764163
2019-01-18,0.05,0.0,0.0,0.95,-0.0014360576438577964,1.2597114676037426
2019-01-22,0.05,0.0,0.07566732316814634,0.8743326768318536,0.001629995962858388,1.261764792210303
2019-01-23,0.05,0.0,0.05,0.8999999999999999,-0.000624317218529521,1.2609770507247917
2019-01-24,0.05,0.0,0.200285673522022,0.7497143264779779,0.0014775818525025186,1.262840247531365
2019-01-25,0.05,0.0,0.15953573856938702,0.790464261430613,-0.001198281641386578,1.261327009246744
2019-01-28,0.05,0.0,0.1732174258773217,0.7767825741226783,0.00035194724676260104,1.2617709298149156
2019-01-29,0.05,0.0,0.26197789268171573,0.6880221073182842,0.0011236021578717183,1.2631886583543954
2019-01-30,0.05,0.0,0.32694074958010344,0.6230592504198965,0.0013231772717699434,1.2648600808770876
2019-01-31,0.05,0.0,0.38800882414353277,0.5619911758564672,0.0029454659689850337,1.2685856832008386
2019-02-01,0.05,0.0,0.39482046541109855,0.5551795345889013,-0.001879856538994406,1.2662009241089989
2019-02-04,0.05,0.0,0.4002945832342638,0.5497054167657361,-0.0007401382331133283,1.2652637603942622
2019-02-05,0.05,0.0,0.4296092564999365,0.5203907435000635,0.0009352126625054157,1.2664470510843924
2019-02-06,0.05,0.0,0.4272491272695603,0.5227508727304395,0.00018164408440913486,1.2666770936994391
2019-02-07,0.05,0.0,0.4156840235693729,0.534315976430627,0.0014174006764182813,1.2684724826688523
2019-02-08,0.05,0.0,0.4192323234416256,0.5307676765583744,0.0006132775308042391,1.2692504083409166
2019-02-11,0.05,0.0,0.414583080869276,0.535416919130724,-0.0011005294938465312,1.2678535608314607
2019-02-12,0.05,0.0,0.4157737034872313,0.5342262965127685,-0.0005303629365501186,1.2671811382938227
2019-02-13,0.05,0.0,0.430287156333087,0.5197128436669128,-0.0008823119864191222,1.2660630891865419
2019-02-14,0.05,0.0,0.430287156333087,0.5197128436669128,0.0015796129564246,1.2680629788458717
2019-02-15,0.05,0.0,0.430287156333087,0.5197128436669128,-0.0003471561103814466,1.2676227630344168
2019-02-19,0.05,0.0,0.430287156333087,0.5197128436669128,0.0008580154013556618,1.2687104028882095
2019-02-20,0.05,0.0,0.430287156333087,0.5197128436669128,-0.00019049803604969013,1.2684687160481436
2019-02-21,0.05,0.0,0.430287156333087,0.5197128436669128,-0.001143217459448663,1.267018580465193
2019-02-22,0.05,0.0,0.430287156333087,0.5197128436669128,0.001464796283471699,1.2688745045729481
2019-02-25,0.05,0.0,0.430287156333087,0.5197128436669128,-0.0004943654079982248,1.2682472169107963
2019-02-26,0.05,0.0,0.430287156333087,0.5197128436669128,0.0014201691732303547,1.2700483425122882
2019-02-27,0.05,0.0,0.430287156333087,0.5197128436669128,-0.0014792798412514058,1.268169585601795
2019-02-28,0.05,0.12,0.507693782101367,0.322306217898633,-0.00016576541614901058,1.26795936694269
2019-03-01,0.05,0.12,0.507693782101367,0.322306217898633,-0.0010168695329404133,1.2666700176934396
2019-03-04,0.05,0.12,0.507693782101367,0.322306217898633,0.0008968313830433642,1.267806007117267
2019-03-05,0.05,0.12,0.507693782101367,0.322306217898633,-8.079599323719403e-05,1.26770357347169
2019-03-06,0.05,0.12,0.507693782101367,0.322306217898633,0.0008473597247031215,1.2687777744227122
2019-03-07,0.05,0.12,0.507693782101367,0.322306217898633,0.0015399996679097932,1.2707316917739744
2019-03-08,0.05,0.12,0.507693782101367,0.322306217898633,-0.00020047704287345466,1.270476939242122
2019-03-11,0.05,0.12,0.507693782101367,0.322306217898633,-0.00013700378591719484,1.2703028790915254
2019-03-12,0.05,0.12,0.507693782101367,0.322306217898633,0.0014091003344977304,1.2720928633033668
2019-03-13,0.05,0.12,0.507693782101367,0.322306217898633,0.0003293751428474312,1.2725118590719326
2019-03-14,0.05,0.12,0.507693782101367,0.322306217898633,-0.0003476500684861282,1.2720694702369768
2019-03-15,0.05,0.12,0.507693782101367,0.322306217898633,0.0012473250813165005,1.2736561543923803
2019-03-18,0.05,0.12,0.507693782101367,0.322306217898633,-0.00019978255775474727,1.2734017001081557
2019-03-19,0.05,0.12,0.507693782101367,0.322306217898633,-0.00013360365638897403,1.2732315689849694
2019-03-20,0.05,0.12,0.507693782101367,0.322306217898633,0.0023758633374756435,1.2762565931898375
2019-03-21,0.05,0.12,0.507693782101367,0.322306217898633,0.00032803133669926504,1.276675245346073
2019-03-22,0.05,0.12,0.507693782101367,0.322306217898633,0.002563237703915088,1.2799476674705992
2019-03-25,0.05,0.12,0.507693782101367,0.322306217898633,0.0014074047216704939,1.2817490718612885
2019-03-26,0.05,0.12,0.507693782101367,0.322306217898633,0.00044564900398780304,1.282320282058526
2019-03-27,0.05,0.12,0.507693782101367,0.322306217898633,0.0010798912286963803,1.2837050484835006
2019-03-28,0.05,0.12,0.507693782101367,0.322306217898633,-0.0006400765914970838,1.2828833789315797
2019-03-29,0.05,0.12,0.5496479175174235,0.28035208248257637,-0.0008004274227565444,1.2818565238948842
2019-04-01,0.05,0.12,0.5496479175174235,0.28035208248257637,-0.001731666311832518,1.2796367761358527
2019-04-02,0.05,0.12,0.5496479175174235,0.28035208248257637,0.0007797770529454728,1.2806346075299884
2019-04-03,0.05,0.12,0.5496479175174235,0.28035208248257637,-0.0006765157402935881,1.2797682380604296
2019-04-04,0.05,0.12,0.5496479175174235,0.28035208248257637,0.0002735538743383561,1.2801183236202063
2019-04-05,0.05,0.12,0.5496479175174235,0.28035208248257637,0.0004981160182551896,1.2807559710624634
2019-04-08,0.05,0.12,0.5496479175174235,0.28035208248257637,-0.0003068628750794739,1.2803629546029078
2019-04-09,0.05,0.12,0.5496479175174235,0.28035208248257637,0.0007395027780110203,1.2813097865646992
2019-04-10,0.05,0.12,0.5496479175174235,0.28035208248257637,0.0009871676662426168,1.282574654156436
2019-04-11,0.05,0.12,0.5496479175174235,0.28035208248257637,-0.0004150192289392857,1.282042361012411
2019-04-12,0.05,0.12,0.5496479175174235,0.28035208248257637,-0.0010922293891261433,1.2806420766676085
2019-04-15,0.05,0.12,0.5496479175174235,0.28035208248257637,0.00021383831738295848,1.2809159270144528
2019-04-16,0.05,0.12,0.5496479175174235,0.28035208248257637,-0.0009404278823625491,1.279711317961726
2019-04-17,0.05,0.12,0.5496479175174235,0.28035208248257637,6.950575260143399e-05,1.2798002652599936
2019-04-18,0.05,0.12,0.5496479175174235,0.28035208248257637,0.000863143372548161,1.280904916377138
2019-04-22,0.05,0.12,0.5496479175174235,0.28035208248257637,-0.0009130225838660672,1.2797354212607006
2019-04-23,0.05,0.12,0.5496479175174235,0.28035208248257637,0.0009699882724673418,1.2809767496111846
2019-04-24,0.05,0.12,0.5496479175174235,0.28035208248257637,0.0016341849461138174,1.283070102531721
2019-04-25,0.05,0.12,0.5496479175174235,0.28035208248257637,-0.000572472149082191,1.2823355806327017
2019-04-26,0.05,0.12,0.5496479175174235,0.28035208248257637,0.001283456944341738,1.2839814031386414
2019-04-29,0.05,0.12,0.5496479175174235,0.28035208248257637,-0.0007309662987511451,1.2830428560047238
2019-04-30,0.05,0.12,0.5669736801749357,0.2630263198250641,0.001048113411983577,1.284387630430252
2019-05-01,0.05,0.12,0.5669736801749357,0.2630263198250641,-0.00043264331852384144,1.2838319487035517
2019-05-02,0.05,0.12,0.5669736801749357,0.2630263198250641,-0.0019957565102997643,1.2812697327337956
2019-05-03,0.05,0.12,0.5669736801749357,0.2630263198250641,0.0007872917413949265,1.2822784658128763
2019-05-06,0.05,0.12,0.5669736801749357,0.2630263198250641,0.0007038013354214835,1.2831809351094976
2019-05-07,0.05,0.12,0.5669736801749357,0.2630263198250641,0.0010763389442377106,1.2845620727224591
2019-05-08,0.05,0.12,0.5669736801749357,0.2630263198250641,-0.0010552371837561953,1.2832065550584795
2019-05-09,0.05,0.12,0.5669736801749357,0.2630263198250641,0.0001907580977429725,1.2834513370999336
2019-05-10,0.05,0.12,0.5669736801749357,0.2630263198250641,1.6314723175399508e-05,1.2834722762532074
2019-05-13,0.05,0.12,0.5669736801749357,0.2630263198250641,0.0008950959509251926,1.2846211070908065
2019-05-14,0.05,0.12,0.5669736801749357,0.2630263198250641,-0.0002462055169264372,1.2843048262870806
2019-05-15,0.05,0.12,0.5669736801749357,0.2630263198250641,0.0011887125640933107,1.2858314955702137
2019-05-16,0.05,0.12,0.5669736801749357,0.2630263198250641,-0.0006293283271350477,1.285022285386129
2019-05-17,0.05,0.12,0.5669736801749357,0.2630263198250641,8.396498815946666e-05,1.2851301822671062
2019-05-20,0.05,0.12,0.5669736801749357,0.2630263198250641,-0.0008827000403453948,1.2839957978033698
2019-05-21,0.05,0.12,0.5669736801749357,0.2630263198250641,-0.0004893622747535056,1.2833674586989827
2019-05-22,0.05,0.12,0.5669736801749357,0.2630263198250641,0.0008268132328783346,1.2844285638964805
2019-05-23,0.05,0.12,0.5669736801749357,0.2630263198250641,0.0022249614238882384,1.2872863679028905
2019-05-24,0.05,0.12,0.5669736801749357,0.2630263198250641,-0.0011652318164136822,1.2857863808701744
2019-05-28,0.05,0.12,0.5669736801749357,0.2630263198250641,0.0015546454328072426,1.28778532279476
2019-05-29,0.05,0.12,0.5669736801749357,0.2630263198250641,1.3594241649111764e-05,1.2878028292596302
2019-05-30,0.05,0.12,0.5669736801749357,0.2630263198250641,0.0005031282290184469,1.2884507592164405
2019-05-31,0.05,0.0931393746498914,0.46250894761002037,0.3943516777400882,0.0023745700860267104,1.2915102758465942
2019-06-03,0.05,0.0931393746498914,0.46250894761002037,0.3943516777400882,0.002393792260700743,1.2946018831495312
2019-06-04,0.05,0.0931393746498914,0.46250894761002037,0.3943516777400882,-0.0007155322848690204,1.2936755537060856
2019-06-05,0.05,0.0931393746498914,0.46250894761002037,0.3943516777400882,0.0008498566883131913,1.29477499252791
2019-06-06,0.05,0.0931393746498914,0.46250894761002037,0.3943516777400882,-0.0003935335246593334,1.2942654551614596
2019-06-07,0.05,0.0931393746498914,0.46250894761002037,0.3943516777400882,0.0015249926253396804,1.296239200435813
2019-06-10,0.05,0.0931393746498914,0.46250894761002037,0.3943516777400882,-0.001207298196696454,1.2946742531866395
2019-06-11,0.05,0.0931393746498914,0.46250894761002037,0.3943516777400882,9.64249743363972e-05,1.2947990921182773
2019-06-12,0.05,0.0931393746498914,0.46250894761002037,0.3943516777400882,0.0006464784901407488,1.2956361518803856
2019-06-13,0.05,0.0931393746498914,0.46250894761002037,0.3943516777400882,0.0016297402503114497,1.2977477022668635
2019-06-14,0.05,0.0931393746498914,0.46250894761002037,0.3943516777400882,-0.0005005014519000492,1.297098177657679
2019-06-17,0.05,0.0931393746498914,0.46250894761002037,0.3943516777400882,-2.154649271909985e-05,1.2970702297412382
2019-06-18,0.05,0.0931393746498914,0.46250894761002037,0.3943516777400882,0.001174301049374629,1.2985933806731358
2019-06-19,0.05,0.0931393746498914,0.46250894761002037,0.3943516777400882,0.0021909426884085606,1.3014385243457374
2019-06-20,0.05,0.0931393746498914,0.46250894761002037,0.3943516777400882,0.001838486189926086,1.3038312010997848
2019-06-21,0.05,0.0931393746498914,0.46250894761002037,0.3943516777400882,-0.0015963934636701383,1.30174977349262
2019-06-24,0.05,0.0931393746498914,0.46250894761002037,0.3943516777400882,0.001962560307642365,1.304304535928559
2019-06-25,0.05,0.0931393746498914,0.46250894761002037,0.3943516777400882,0.00038161113752141506,1.304802273066189
2019-06-26,0.05,0.0931393746498914,0.46250894761002037,0.3943516777400882,-0.001992273311215252,1.3022027503211464
2019-06-27,0.05,0.0931393746498914,0.46250894761002037,0.3943516777400882,0.00148579977795494,1.304137562878426
2019-06-28,0.05,0.12,0.5666512184025991,0.2633487815974008,0.0005747282937997376,1.3048870876348193
2019-07-01,0.05,0.12,0.5666512184025991,0.2633487815974008,0.00011830888531311694,1.3050414673716169
2019-07-02,0.05,0.12,0.5666512184025991,0.2633487815974008,0.001661696996290641,1.307210050857983
2019-07-03,0.05,0.12,0.5666512184025991,0.2633487815974008,0.0005561128839202866,1.307937007209255
2019-07-05,0.05,0.12,0.5666512184025991,0.2633487815974008,-0.0032636798030315824,1.3036683196151888
2019-07-08,0.05,0.12,0.5666512184025991,0.2633487815974008,-8.270972823947619e-05,1.3035604935627592
2019-07-09,0.05,0.12,0.5666512184025991,0.2633487815974008,-0.0011649263915587097,1.3020419415408147
2019-07-10,0.05,0.12,0.5666512184025991,0.2633487815974008,0.0011547187837532683,1.3035454338279464
2019-07-11,0.05,0.12,0.5666512184025991,0.2633487815974008,-0.001410144281775935,1.3017072466883988
2019-07-12,0.05,0.12,0.5666512184025991,0.2633487815974008,0.00045857801876374345,1.3023041810185956
2019-07-15,0.05,0.12,0.5666512184025991,0.2633487815974008,0.000424952921037043,1.302857598984398
2019-07-16,0.05,0.12,0.5666512184025991,0.2633487815974008,-0.0009797102548182509,1.3015811760341052
2019-07-17,0.05,0.12,0.5666512184025991,0.2633487815974008,0.0014019674214991865,1.3034059504393416
2019-07-18,0.05,0.12,0.5666512184025991,0.2633487815974008,0.0009078228924254772,1.3045892121992742
2019-07-19,0.05,0.12,0.5666512184025991,0.2633487815974008,-0.0004013234851489878,1.3040656499099466
2019-07-22,0.05,0.12,0.5666512184025991,0.2633487815974008,0.0002942645636054787,1.3044493902193302
2019-07-23,0.05,0.12,0.5666512184025991,0.2633487815974008,-0.0004438642123346236,1.30387039181821
2019-07-24,0.05,0.12,0.5666512184025991,0.2633487815974008,0.0007262999977915805,1.304817392880908
2019-07-25,0.05,0.12,0.5666512184025991,0.2633487815974008,-0.0006312465728632048,1.3039937313734395
2019-07-26,0.05,0.12,0.5666512184025991,0.2633487815974008,-0.00010633446945105571,1.3038550718918465
2019-07-29,0.05,0.12,0.5666512184025991,0.2633487815974008,0.0008799425111896556,1.3050023893980343
2019-07-30,0.05,0.12,0.5666512184025991,0.2633487815974008,-0.0005496035481003646,1.3042851554545416
2019-07-31,0.05,0.12,0.5622296736560273,0.26777032634397263,0.00027985539154680244,1.30465016668741
2019-08-01,0.05,0.12,0.5622296736560273,0.26777032634397263,0.0044289740216898535,1.3104284283830618
2019-08-02,0.05,0.12,0.5622296736560273,0.26777032634397263,-0.00024298571346088394,1.3101100129964518
2019-08-05,0.05,0.12,0.5622296736560273,0.26777032634397263,0.002344199760634204,1.3131811725753224
2019-08-06,0.05,0.12,0.5622296736560273,0.26777032634397263,-0.00039886418114695987,1.3126573916422255
2019-08-07,0.05,0.12,0.5622296736560273,0.26777032634397263,0.0007654777491936857,1.3136622016678423
2019-08-08,0.05,0.12,0.5622296736560273,0.26777032634397263,-0.000337246780355452,1.3132191733198553
2019-08-09,0.05,0.12,0.5622296736560273,0.26777032634397263,-0.0006827185746009507,1.3123226141977076
2019-08-12,0.05,0.12,0.5622296736560273,0.26777032634397263,0.0021797514822477757,1.3151831513611922
2019-08-13,0.05,0.12,0.5622296736560273,0.26777032634397263,-0.0019888132480390323,1.3125674976861674
2019-08-14,0.05,0.12,0.5622296736560273,0.26777032634397263,0.0016023960273612845,1.3146707506301032
2019-08-15,0.05,0.12,0.5622296736560273,0.26777032634397263,0.0016177087584161704,1.316797505017831
2019-08-16,0.05,0.12,0.5622296736560273,0.26777032634397263,0.0004156674428352784,1.3173448548694737
2019-08-19,0.05,0.12,0.5622296736560273,0.26777032634397263,-0.0012286684236183735,1.3157262748432794
2019-08-20,0.05,0.12,0.5622296736560273,0.26777032634397263,0.0013971529658727822,1.3175645457104534
2019-08-21,0.05,0.12,0.5622296736560273,0.26777032634397263,-0.00027408398505459876,1.3172034223691984
2019-08-22,0.05,0.12,0.5622296736560273,0.26777032634397263,-0.00045309189734437294,1.3166066081713688
2019-08-23,0.05,0.12,0.5622296736560273,0.26777032634397263,0.0023406621917913474,1.3196883394805783
2019-08-26,0.05,0.12,0.5622296736560273,0.26777032634397263,-0.0005738640849870807,1.3189310177391742
2019-08-27,0.05,0.12,0.5622296736560273,0.26777032634397263,0.0014689648926383202,1.3208684811000446
2019-08-28,0.05,0.12,0.5622296736560273,0.26777032634397263,0.0005548749511537482,1.3216013979339756
2019-08-29,0.05,0.12,0.5622296736560273,0.26777032634397263,-0.0011567783647968076,1.3200725980299604
2019-08-30,0.05,0.12,0.5112483763018367,0.31875162369816323,0.0006072431091850884,1.320874203018738
2019-09-03,0.05,0.12,0.5112483763018367,0.31875162369816323,0.001394436456099309,1.3227160781613485
2019-09-04,0.05,0.12,0.5112483763018367,0.31875162369816323,0.000734604095705807,1.323687750809822
2019-09-05,0.05,0.12,0.5112483763018367,0.31875162369816323,-0.003207645688607533,1.3194418295028743
2019-09-06,0.05,0.12,0.5112483763018367,0.31875162369816323,0.0004982145069967011,1.3200991945634708
2019-09-09,0.05,0.12,0.5112483763018367,0.31875162369816323,-0.0017954277967622558,1.3177290517750682
2019-09-10,0.05,0.12,0.5112483763018367,0.31875162369816323,-0.0026085689119043597,1.3142916647362946
2019-09-11,0.05,0.12,0.5112483763018367,0.31875162369816323,-0.0008744728579157871,1.3131423523480978
2019-09-12,0.05,0.12,0.5112483763018367,0.31875162369816323,-0.0015293876976449953,1.31113404858916
2019-09-13,0.05,0.12,0.5112483763018367,0.31875162369816323,-0.003108171931815518,1.3070588185404874
2019-09-16,0.05,0.12,0.5112483763018367,0.31875162369816323,0.0017709454356285906,1.3093735483892797
2019-09-17,0.05,0.12,0.5112483763018367,0.31875162369816323,0.0009626499747679893,1.3106340168025983
2019-09-18,0.05,0.12,0.5112483763018367,0.31875162369816323,0.00042553202533312774,1.3111917335502385
2019-09-19,0.05,0.12,0.5112483763018367,0.31875162369816323,0.0004626217760688641,1.3117983193987803
2019-09-20,0.05,0.12,0.5112483763018367,0.31875162369816323,0.000833452349311855,1.3128916407899065
2019-09-23,0.05,0.12,0.5112483763018367,0.31875162369816323,0.0015352235679735459,1.3149072229790426
2019-09-24,0.05,0.12,0.5112483763018367,0.31875162369816323,0.001970351189510642,1.3174980519899355
2019-09-25,0.05,0.12,0.5112483763018367,0.31875162369816323,-0.003342076867627061,1.3130948722272362
2019-09-26,0.05,0.12,0.5112483763018367,0.31875162369816323,0.0011476975994330644,1.3146019080599194
2019-09-27,0.05,0.12,0.5112483763018367,0.31875162369816323,0.0005152192947491612,1.3152792163278657
2019-09-30,0.05,0.12,0.5128501585309163,0.31714984146908365,0.00014112412412991117,1.3154648339552562
2019-10-01,0.05,0.12,0.5128501585309163,0.31714984146908365,0.0013866035937769618,1.3172888622215058
2019-10-02,0.05,0.12,0.5128501585309163,0.31714984146908365,0.0010265098930697593,1.3186410722706068
2019-10-03,0.05,0.12,0.5128501585309163,0.31714984146908365,0.0021676900547182884,1.3214994774087108
2019-10-04,0.05,0.12,0.5128501585309163,0.31714984146908365,0.000679556926091735,1.3223975115314106
2019-10-07,0.05,0.12,0.5128501585309163,0.31714984146908365,-0.0015935914128948785,1.3202901502126005
2019-10-08,0.05,0.12,0.5128501585309163,0.31714984146908365,0.00033127684319235316,1.320727531765661
2019-10-09,0.05,0.12,0.5128501585309163,0.31714984146908365,-0.0013116746008733594,1.31899516700757
2019-10-10,0.05,0.12,0.5128501585309163,0.31714984146908365,-0.0019420877930462885,1.3164335625946375
2019-10-11,0.05,0.12,0.5128501585309163,0.31714984146908365,-0.0024022369962421164,1.3132711771874779
2019-10-14,0.05,0.12,0.5128501585309163,0.31714984146908365,0.0,1.3132711771874779
2019-10-15,0.05,0.12,0.5128501585309163,0.31714984146908365,3.6184632975955726e-05,1.3133186974230222
2019-10-16,0.05,0.12,0.5128501585309163,0.31714984146908365,0.0010983338596490732,1.3147611598169122
2019-10-17,0.05,0.12,0.5128501585309163,0.31714984146908365,3.5860612456810147e-06,1.3147658746309547
2019-10-18,0.05,0.12,0.5128501585309163,0.31714984146908365,0.0006268383140599942,1.315590020255192
2019-10-21,0.05,0.12,0.5128501585309163,0.31714984146908365,-0.001119085830701676,1.314117762104512
2019-10-22,0.05,0.12,0.5128501585309163,0.31714984146908365,0.0008044576607527068,1.3151749142053681
2019-10-23,0.05,0.12,0.5128501585309163,0.31714984146908365,0.0002376754735098597,1.31548749902585
2019-10-24,0.05,0.12,0.5128501585309163,0.31714984146908365,-8.287546423869087e-05,1.315378477388668
2019-10-25,0.05,0.12,0.5128501585309163,0.31714984146908365,-0.0009148839098796588,1.314175058784303
2019-10-28,0.05,0.12,0.5128501585309163,0.31714984146908365,-0.001064441188567416,1.3127761967227451
2019-10-29,0.05,0.12,0.5128501585309163,0.31714984146908365,0.0004636068350918962,1.3133848087404916
2019-10-30,0.05,0.12,0.5128501585309163,0.31714984146908365,0.00039609714663606374,1.3139050367156688
2019-10-31,0.05,0.12,0.6084101869954117,0.22158981300458833,0.00301510873228212,1.3178666032652597
2019-11-01,0.05,0.12,0.6084101869954117,0.22158981300458833,-0.0007978601302209717,1.3168151300455646
2019-11-04,0.05,0.12,0.6084101869954117,0.22158981300458833,-0.0011747922222057916,1.315268145872704
2019-11-05,0.05,0.12,0.6084101869954117,0.22158981300458833,-0.0020984196594764073,1.3125081613379217
2019-11-06,0.05,0.12,0.6084101869954117,0.22158981300458833,0.0014532908291784235,1.314415617412016
2019-11-07,0.05,0.12,0.6084101869954117,0.22158981300458833,-0.003053419408468253,1.3104021552550165
2019-11-08,0.05,0.12,0.6084101869954117,0.22158981300458833,-0.00010577864838392514,1.3102635426861942
2019-11-11,0.05,0.12,0.6084101869954117,0.22158981300458833,0.0,1.3102635426861942
2019-11-12,0.05,0.12,0.6084101869954117,0.22158981300458833,0.0005388636582397868,1.3109695960920642
2019-11-13,0.05,0.12,0.6084101869954117,0.22158981300458833,0.0010248917088768977,1.3123131979616887
2019-11-14,0.05,0.12,0.6084101869954117,0.22158981300458833,0.001390210385510066,1.314137589398537
2019-11-15,0.05,0.12,0.6084101869954117,0.22158981300458833,-0.0006599096140048268,1.3132703773691676
2019-11-18,0.05,0.12,0.6084101869954117,0.22158981300458833,0.0007880347921839953,1.3143052801180792
2019-11-19,0.05,0.12,0.6084101869954117,0.22158981300458833,0.00015688817283961482,1.3145114790720303
2019-11-20,0.05,0.12,0.6084101869954117,0.22158981300458833,0.0008352138785785181,1.315609377302902
2019-11-21,0.05,0.12,0.6084101869954117,0.22158981300458833,-0.0013365752871017976,1.3138509663217195
2019-11-22,0.05,0.12,0.83,0.0,-0.00015553506755778483,1.3136466164229117
2019-11-25,0.05,0.12,0.83,0.0,0.000788434411485226,1.3146823406198307
2019-11-26,0.05,0.12,0.83,0.0,0.0011725665917681272,1.3162238932112291
2019-11-27,0.05,0.12,0.83,0.0,-0.0008447195316037835,1.31511205318067
2019-11-29,0.05,0.12,0.8300000000000001,0.0,-3.5280282242258205e-05,1.3150656556562534
2019-12-02,0.05,0.12,0.83,0.0,-0.001415852309805692,1.3132037169101465
2019-12-03,0.05,0.12,0.8299999999999998,0.0,0.0035487760992665572,1.3178639828741852
2019-12-04,0.05,0.12,0.8299999999999998,0.0,-0.0015956251905179671,1.315761165905435
2019-12-05,0.05,0.12,0.8299999999999998,0.0,3.525264394828476e-05,1.3158075499653374
2019-12-06,0.05,0.12,0.8299999999999998,0.0,-0.0007956149098116169,1.3147606738601423
2019-12-09,0.05,0.12,0.8299999999999998,0.0,0.0003292151509433472,1.3151935129938415
2019-12-10,0.05,0.12,0.8299999999999998,0.0,-5.317467334985057e-05,1.315123578008396
2019-12-11,0.05,0.12,0.8300000000000001,0.0,0.0015338521175271833,1.3171407830933342
2019-12-12,0.05,0.12,0.8300000000000001,0.0,-0.002526982535178414,1.313812391338086
2019-12-13,0.05,0.12,0.83,0.0,0.0031161899515852356,1.3179064803102418
2019-12-16,0.05,0.12,0.8299999999999998,0.0,-0.0015467085775049537,1.3158680630527966
2019-12-17,0.05,0.12,0.8299999999999997,0.0,0.0005599321929418876,1.316604859942964
2019-12-18,0.05,0.12,0.8299999999999998,0.0,-0.0003691353286410647,1.3161188545752986
2019-12-19,0.05,0.12,0.8300000000000001,0.0,0.0007821859508446781,1.3171483042529895
2019-12-20,0.05,0.12,0.8300000000000001,0.0,-0.0002262954676856888,1.3168502395614672
2019-12-23,0.05,0.12,0.8300000000000001,0.0,-0.0006694671741911684,1.315968651552755
2019-12-24,0.05,0.12,0.8300000000000001,0.0,0.0008732663797225638,1.317117842732925
2019-12-26,0.05,0.12,0.8299999999999998,0.0,0.00024953326805845946,1.3174465074526405
2019-12-27,0.05,0.12,0.8299999999999998,0.0,0.0013710265096783232,1.3192527615394412
2019-12-30,0.05,0.12,0.8300000000000001,0.0,-0.0003514625779562452,1.3187890935628945
2019-12-31,0.05,0.12,0.83,0.0,0.00023240050353441787,1.3190955808122942
2020-01-02,0.05,0.12,0.8299999999999998,0.0,0.0005678806878145948,1.319844669718019
2020-01-03,0.05,0.12,0.83,0.0,0.002329769627499216,1.322919603742545
2020-01-06,0.05,0.12,0.83,0.0,-0.0009912022284536792,1.3216083228832503
2020-01-07,0.05,0.12,0.83,0.0,-0.00042777752825950646,1.3210429685415601
2020-01-08,0.05,0.12,0.8299999999999998,0.0,-0.001265002857687245,1.3193718454112273
2020-01-09,0.05,0.12,0.8299999999999998,0.0,0.0008149884675845341,1.3204471182496933
2020-01-10,0.05,0.12,0.83,0.0,0.0010747033544847538,1.321866207197096
2020-01-13,0.05,0.12,0.8299999999999998,0.0,-0.0005299285145563703,1.3211657126014738
2020-01-14,0.05,0.12,0.8299999999999998,0.0,0.0006112812258959764,1.3219733163978846
2020-01-15,0.05,0.12,0.83,0.0,0.0008132257955333542,1.3230483791997862
2020-01-16,0.05,0.12,0.83,0.0,-0.00030417872623477723,1.3226459360290543
2020-01-17,0.05,0.12,0.83,0.0,-0.00010208405392458041,1.3225109149699976
2020-01-21,0.05,0.12,0.83,0.0,0.0017797196985900475,1.32486461369697
2020-01-22,0.05,0.12,0.83,0.0,0.0002016585709000873,1.3251317840016044
2020-01-23,0.05,0.12,0.83,0.0,0.00015074779168594563,1.3253315446917355
2020-01-24,0.05,0.12,0.83,0.0,0.001275524750866399,1.3270220378800939
2020-01-27,0.05,0.12,0.83,0.0,0.00019933887856937954,1.327286564964962
2020-01-28,0.05,0.12,0.83,0.0,-0.0003289669912457927,1.3268499314971645
2020-01-29,0.05,0.12,0.83,0.0,0.0018684678188330237,1.3293291078945877
2020-01-30,0.05,0.12,0.83,0.0,0.0003045381495882071,1.3297339393212997
2020-01-31,0.05,0.12,0.5942341773559927,0.23576582264400744,0.0011520963250721003,1.3312659209061155
2020-02-03,0.05,0.12,0.5942341773559927,0.23576582264400744,-0.00024700161871150434,1.3309370960687164
2020-02-04,0.05,0.12,0.5942341773559927,0.23576582264400744,-0.002033668374186204,1.3282304113884102
2020-02-05,0.05,0.12,0.5942341773559927,0.23576582264400744,-0.0005366568418035374,1.3275176074506472
2020-02-06,0.05,0.12,0.5942341773559927,0.23576582264400744,0.00037442943096238434,1.3280146691129975
2020-02-07,0.05,0.12,0.5942341773559927,0.23576582264400744,0.0017827666959435726,1.3303822094368167
2020-02-10,0.05,0.12,0.5942341773559927,0.23576582264400744,0.0008564597349840386,1.3315216282313385
2020-02-11,0.05,0.12,0.5942341773559927,0.23576582264400744,-0.0009032903515530462,1.330318877591673
2020-02-12,0.05,0.12,0.5942341773559927,0.23576582264400744,-0.0007985866665055235,1.3292565026738277
2020-02-13,0.05,0.12,0.5942341773559927,0.23576582264400744,0.00022606848322850173,1.3295570056752086
2020-02-14,0.05,0.12,0.5942341773559927,0.23576582264400744,0.0009024176057379181,1.330756821324962
2020-02-18,0.05,0.12,0.5942341773559927,0.23576582264400744,0.0005388322586019254,1.3314738760286466
2020-02-19,0.05,0.12,0.5942341773559927,0.23576582264400744,-0.00039212636924083693,1.3309517700119005
2020-02-20,0.05,0.12,0.5942341773559927,0.23576582264400744,0.0009131686360189723,1.3321671534243291
2020-02-21,0.05,0.12,0.5942341773559927,0.23576582264400744,0.0012141628112644616,1.333784621240405
2020-02-24,0.05,0.12,0.5942341773559927,0.23576582264400744,0.00105969442904779,1.335198025373083
2020-02-25,0.05,0.12,0.5942341773559927,0.23576582264400744,0.0007081763424250805,1.336143581027105
2020-02-26,0.05,0.12,0.5942341773559927,0.23576582264400744,0.0002058906105571442,1.3364186804447946
2020-02-27,0.05,0.12,0.5942341773559927,0.23576582264400744,-0.001909730812620909,1.333866480512187
2020-02-28,0.05,0.0,0.4802367960392362,0.46976320396076365,0.003023987816236795,1.3379000764977425
2020-03-02,0.05,0.0,0.4802367960392362,0.46976320396076365,0.0014788051515756784,1.3398785700231608
2020-03-03,0.05,0.0,0.4802367960392362,0.46976320396076365,0.0031814276602407142,1.3441412967671962
2020-03-04,0.05,0.0,0.4802367960392362,0.46976320396076365,0.002232120991633988,1.3471415827714324
2020-03-05,0.05,0.0,0.4802367960392362,0.46976320396076365,0.0013790271797938455,1.3489993276291046
2020-03-06,0.05,0.0,0.4802367960392362,0.46976320396076365,0.00226089327860725,1.3520492711417869
2020-03-09,0.05,0.0,0.30985422265484236,0.6401457773451577,-0.002927820905813779,1.3480907130200477
2020-03-10,0.05,0.0,0.228172717729554,0.721827282270446,-0.007696363543294147,1.3377153168033067
2020-03-11,0.05,0.0,0.14818484254724695,0.8018151574527531,-0.0030802264984752695,1.333594850637073
2020-03-12,0.05,0.0,0.0,0.95,-0.0018668065676881692,1.3311052870112685
2020-03-13,0.05,0.0,0.0,0.95,-0.0023299688708612485,1.3280038531286935
2020-03-16,0.05,0.0,0.0,0.95,0.007366430260047207,1.33778650089784
2020-03-17,0.05,0.0,0.0,0.95,-0.00632917331331509,1.3293194182774444
2020-03-18,0.05,0.0,0.0,0.95,-0.0066408464009067684,1.320491612202921
2020-03-19,0.05,0.0,0.0,0.95,0.005151255707762481,1.3272938021573337
2020-03-20,0.05,0.0,0.0,0.95,0.004853817768947033,1.3337362443988583
2020-03-23,0.05,0.0,0.0,0.95,0.0053657158994633415,1.3408926941711197
2020-03-24,0.05,0.0,0.0,0.95,-0.0027567162781990673,1.33719623345378
2020-03-25,0.05,0.0,0.0,0.95,0.0,1.33719623345378
2020-03-26,0.05,0.0,0.0,0.95,0.002318813368381578,1.340296941956062
2020-03-27,0.05,0.0,0.0,0.95,0.0016903914590747802,1.3425625684593685
2020-03-30,0.05,0.0,0.0,0.95,0.0016873889875665736,1.344827993752506
2020-03-31,0.05,0.0,0.0,0.95,-0.00017730496453892685,1.3445895490727628
2020-04-01,0.05,0.0,0.0,0.95,0.0005320141870449047,1.3453048897886217
2020-04-02,0.05,0.0,0.0,0.95,-0.0002658582089552497,1.344947229440124
2020-04-03,0.05,0.0,0.0,0.95,0.0005318652608006569,1.3456625601490733
2020-04-06,0.05,0.0,0.0,0.95,-0.002746432901240381,1.3419667882199127
2020-04-07,0.05,0.0,0.0,0.95,-0.0010662177328843946,1.3405359594333706
2020-04-08,0.05,0.0,0.0,0.95,-0.00017790262172283632,1.3402974745716736
2020-04-09,0.05,0.0,0.0,0.95,0.0019572953736653686,1.342920832617988
2020-04-13,0.05,0.0,0.0,0.95,-0.0008878504672896248,1.341728519729215
2020-04-14,0.05,0.0,0.0,0.95,0.0003554724041158752,1.342205467191794
2020-04-15,0.05,0.0,0.0,0.95,0.002665045820086087,1.3457825062618303
2020-04-16,0.05,0.0,0.0,0.95,8.858634837755064e-05,1.3459017242197704
2020-04-17,0.05,0.0,0.0,0.95,-0.001062937062937086,1.344471115394026
2020-04-20,0.05,0.0,0.0,0.95,0.0004433865397182712,1.3450672357896316
2020-04-21,0.05,0.0,0.0,0.95,0.0007977234558685153,1.3461402274733412
2020-04-22,0.05,0.0,0.0,0.95,-0.001062738883191816,1.3447096319113765
2020-04-23,0.05,0.0,0.0,0.95,-0.00026598226784885215,1.3443519629938825
2020-04-24,0.05,0.0,0.0,0.95,0.00035474234503350964,1.3448288615617852
2020-04-27,0.05,0.0,0.0,0.95,-0.0016843971631205434,1.342563635642488
2020-04-28,0.05,0.0,0.0,0.95,0.001243339253996434,1.3442328977116702
2020-04-29,0.05,0.0,0.0,0.95,-8.869386611894958e-05,1.344113672499008
2020-04-30,0.05,0.0,0.1824164631108632,0.7675835368891366,-0.0005322128851539543,1.3433983178833924
2020-05-01,0.05,0.0,0.1824164631108632,0.7675835368891366,-0.0009607393355570142,1.3421076622760808
2020-05-04,0.05,0.0,0.1824164631108632,0.7675835368891366,0.00043066216769542916,1.3426856572711974
2020-05-05,0.05,0.0,0.1824164631108632,0.7675835368891366,-0.0002889794772822139,1.3422976486718048
2020-05-06,0.05,0.0,0.1824164631108632,0.7675835368891366,-0.000765776465276562,1.3412697487230558
2020-05-07,0.05,0.0,0.1824164631108632,0.7675835368891366,0.0026624894353369025,1.3448408652589678
2020-05-08,0.05,0.0,0.1824164631108632,0.7675835368891366,-0.0015285770609830098,1.3427851723616604
2020-05-11,0.05,0.0,0.1824164631108632,0.7675835368891366,-0.0014962292859708967,1.3407760578620054
2020-05-12,0.05,0.0,0.1824164631108632,0.7675835368891366,0.0013180552074471654,1.342543274727091
2020-05-13,0.05,0.0,0.1824164631108632,0.7675835368891366,0.0008722740078528166,1.3437143403300529
2020-05-14,0.05,0.0,0.1824164631108632,0.7675835368891366,0.0005345459781321988,1.344432617426435
2020-05-15,0.05,0.0,0.1824164631108632,0.7675835368891366,-0.0003408173523946485,1.3439744114612906
2020-05-18,0.05,0.0,0.1824164631108632,0.7675835368891366,-0.002096014416246154,1.3411574217198017
2020-05-19,0.05,0.0,0.1824164631108632,0.7675835368891366,0.001379829498103716,1.3430079902918914
2020-05-20,0.05,0.0,0.1824164631108632,0.7675835368891366,0.0011984919676863955,1.344617574580795
2020-05-21,0.05,0.0,0.1824164631108632,0.7675835368891366,0.00022194048796865936,1.3449159996614286
2020-05-22,0.05,0.0,0.1824164631108632,0.7675835368891366,0.00017248152714716676,1.3451479728269349
2020-05-26,0.05,0.0,0.1824164631108632,0.7675835368891366,-0.00038450473035647726,1.3446307570683536
2020-05-27,0.05,0.0,0.1824164631108632,0.7675835368891366,0.0005798799394629361,1.3454104814703625
2020-05-28,0.05,0.0,0.1824164631108632,0.7675835368891366,-0.00020424109091404232,1.3451356933658998
2020-05-29,0.05,0.0,0.27134367880280896,0.678656321197191,0.0015924150482701043,1.3472777076859808
2020-06-01,0.05,0.0,0.27134367880280896,0.678656321197191,0.0007240384773257467,1.3482531885859885
2020-06-02,0.05,0.0,0.27134367880280896,0.678656321197191,-0.00011278341876267935,1.348101127982022
2020-06-03,0.05,0.0,0.27134367880280896,0.678656321197191,-0.0013564765093668407,1.3462724604696634
2020-06-04,0.05,0.0,0.27134367880280896,0.678656321197191,-0.0005721592842290864,1.3455021781823038
2020-06-05,0.05,0.0,0.27134367880280896,0.678656321197191,-0.0011719422512425632,1.3439253273305531
2020-06-08,0.05,0.0,0.27134367880280896,0.678656321197191,0.0010282827122444862,1.3453072625111948
2020-06-09,0.05,0.0,0.27134367880280896,0.678656321197191,0.001235325077970883,1.3469691543101512
2020-06-10,0.05,0.0,0.27134367880280896,0.678656321197191,0.0022104117244847905,1.3499465107213577
2020-06-11,0.05,0.0,0.27134367880280896,0.678656321197191,0.000625680947992013,1.3507911465339244
2020-06-12,0.05,0.0,0.27134367880280896,0.678656321197191,-0.0011522712218123494,1.3492346687690944
2020-06-15,0.05,0.0,0.27134367880280896,0.678656321197191,-0.00030387048449029156,1.3488246761766043
2020-06-16,0.05,0.0,0.27134367880280896,0.678656321197191,0.0006169664171133424,1.349656855704379
2020-06-17,0.05,0.0,0.27134367880280896,0.678656321197191,0.0007084909565155159,1.350613075381045
2020-06-18,0.05,0.0,0.27134367880280896,0.678656321197191,0.0005067570692080083,1.3512975081047593
2020-06-19,0.05,0.0,0.27134367880280896,0.678656321197191,8.73011283409984e-05,1.3514154779019414
2020-06-22,0.05,0.0,0.27134367880280896,0.678656321197191,-0.0004046075494453155,1.3508686849971452
2020-06-23,0.05,0.0,0.27134367880280896,0.678656321197191,0.00018914831873680056,1.3511241995377465
2020-06-24,0.05,0.0,0.27134367880280896,0.678656321197191,0.00014166311673511606,1.3513156040029493
2020-06-25,0.05,0.0,0.27134367880280896,0.678656321197191,-8.733499583864211e-05,1.351197586860297
2020-06-26,0.05,0.0,0.27134367880280896,0.678656321197191,0.0008357956993728892,1.352326911992398
2020-06-29,0.05,0.0,0.27134367880280896,0.678656321197191,0.0002153354362836212,1.35261811589799
2020-06-30,0.05,0.12,0.6120121106145144,0.21798788938548566,-0.0015212245922043468,1.3505604799562247
2020-07-01,0.05,0.12,0.6120121106145144,0.21798788938548566,0.0002502706491572504,1.3508984856042694
2020-07-02,0.05,0.12,0.6120121106145144,0.21798788938548566,0.0018540015637008847,1.353403053508981
2020-07-06,0.05,0.12,0.6120121106145144,0.21798788938548566,0.00093813408296796,1.3546727270414707
2020-07-07,0.05,0.12,0.6120121106145144,0.21798788938548566,0.0007597978299172559,1.3557020044397248
2020-07-08,0.05,0.12,0.6120121106145144,0.21798788938548566,-5.1679047799677835e-05,1.3556319430510353
2020-07-09,0.05,0.12,0.6120121106145144,0.21798788938548566,0.0006207274988575889,1.3564734210764169
2020-07-10,0.05,0.12,0.6120121106145144,0.21798788938548566,-0.0010297417125398763,1.3550766038127828
2020-07-13,0.05,0.12,0.6120121106145144,0.21798788938548566,0.0006031111034118907,1.355893865558516
2020-07-14,0.05,0.12,0.6120121106145144,0.21798788938548566,0.00040589266831158493,1.3564442129375547
2020-07-15,0.05,0.12,0.6120121106145144,0.21798788938548566,0.0010072306024688938,1.3578104650593672
2020-07-16,0.05,0.12,0.6120121106145144,0.21798788938548566,0.0008007789571557232,1.3588977711075927
2020-07-17,0.05,0.12,0.6120121106145144,0.21798788938548566,0.00017781112517319136,1.3591393982492685
2020-07-20,0.05,0.12,0.6120121106145144,0.21798788938548566,0.001055439122704761,1.3605738871433901
2020-07-21,0.05,0.12,0.6120121106145144,0.21798788938548566,0.0019190036557861917,1.3631848334067853
2020-07-22,0.05,0.12,0.6120121106145144,0.21798788938548566,0.0008655522250334555,1.3643647410724724
2020-07-23,0.05,0.12,0.6120121106145144,0.21798788938548566,0.0004512226851449751,1.3649803733944563
2020-07-24,0.05,0.12,0.6120121106145144,0.21798788938548566,-0.0004093953437648022,1.3644215567852582
2020-07-27,0.05,0.12,0.6120121106145144,0.21798788938548566,-0.00041236902143859796,1.363858911603057
2020-07-28,0.05,0.12,0.6120121106145144,0.21798788938548566,0.0006124334851323207,1.3646941844695188
2020-07-29,0.05,0.12,0.6120121106145144,0.21798788938548566,0.000750585334729957,1.365718503910773
2020-07-30,0.05,0.12,0.6120121106145144,0.21798788938548566,0.0009644404692530722,1.3670356581055523
2020-07-31,0.05,0.12,0.6404116294634431,0.18958837053655683,0.000740233880297667,1.368047584215257
2020-08-03,0.05,0.12,0.6404116294634431,0.18958837053655683,1.6328989717907913e-05,1.3680699230501934
2020-08-04,0.05,0.12,0.6404116294634431,0.18958837053655683,0.0014367087762494507,1.3700354411151625
2020-08-05,0.05,0.12,0.6404116294634431,0.18958837053655683,0.00011490606707711804,1.3701928664994574
2020-08-06,0.05,0.12,0.6404116294634431,0.18958837053655683,0.0005265339792931203,1.3709143196018543
2020-08-07,0.05,0.12,0.6404116294634431,0.18958837053655683,-0.0004809680859062758,1.3702549535656139
2020-08-10,0.05,0.12,0.6404116294634431,0.18958837053655683,-8.208729110707275e-05,1.3701424730483498
2020-08-11,0.05,0.12,0.6404116294634431,0.18958837053655683,-0.0018929207006774212,1.3675489019982392
2020-08-12,0.05,0.12,0.6404116294634431,0.18958837053655683,-0.0003739436777754562,1.3670375157322883
2020-08-13,0.05,0.12,0.6404116294634431,0.18958837053655683,-0.0014883025757864395,1.3650029502764272
2020-08-14,0.05,0.12,0.6404116294634431,0.18958837053655683,-0.0003323016217344433,1.364549357582378
2020-08-17,0.05,0.12,0.6404116294634431,0.18958837053655683,0.00014174429241157086,1.3647427746655292
2020-08-18,0.05,0.12,0.6404116294634431,0.18958837053655683,5.9472607105999156e-05,1.3648239394763675
2020-08-19,0.05,0.12,0.6404116294634431,0.18958837053655683,-6.474099037959406e-05,1.364735579422832
2020-08-20,0.05,0.12,0.6404116294634431,0.18958837053655683,0.00037677290341030234,1.3652497748094785
2020-08-21,0.05,0.12,0.6404116294634431,0.18958837053655683,1.7025887453613025e-05,1.3652730193984906
2020-08-24,0.05,0.12,0.6404116294634431,0.18958837053655683,0.000157762879126835,1.3654884088008252
2020-08-25,0.05,0.12,0.6404116294634431,0.18958837053655683,-0.0003832021278234113,1.3649651507370546
2020-08-26,0.05,0.12,0.8300000000000001,0.0,-0.00014718121506442636,1.3647642535076485
2020-08-27,0.05,0.12,0.8300000000000001,0.0,-0.0012118419068830268,1.363110374992232
2020-08-28,0.05,0.12,0.8300000000000001,0.0,0.001125256375454029,1.3646442236321394
2020-08-31,0.05,0.12,0.7376488576289311,0.09235114237106871,0.0009010196563923612,1.3658737949016142
2020-09-01,0.05,0.12,0.7376488576289311,0.09235114237106871,0.0010267368734269006,1.3672761878912871
2020-09-02,0.05,0.12,0.7376488576289311,0.09235114237106871,0.0009932012651077326,1.3686341683308525
2020-09-03,0.05,0.12,0.7376488576289311,0.09235114237106871,0.0002531881248606178,1.3689806902495525
2020-09-04,0.05,0.12,0.83,0.0,-0.0033542241360157068,1.364388822176578
2020-09-08,0.05,0.12,0.8300000000000001,0.0,-0.00010433953853840718,1.3642464624764852
2020-09-09,0.05,0.12,0.8300000000000001,0.0,-0.00036847645508698347,1.363743769776127
2020-09-10,0.05,0.12,0.8300000000000001,0.0,0.0004801605218463068,1.3643985856962872
2020-09-11,0.05,0.12,0.8299999999999998,0.0,0.00021661328456981326,1.3646941325553974
2020-09-14,0.05,0.12,0.8300000000000001,0.0,-7.60491112333461e-05,1.3645903487795112
2020-09-15,0.05,0.12,0.83,0.0,7.029876977154181e-05,1.3646862778022726
2020-09-16,0.05,0.12,0.8299999999999998,0.0,0.00016973289489297992,1.3649179099548248
2020-09-17,0.05,0.12,0.83,0.0,-0.00018720748829952782,1.3646623871011672
2020-09-18,0.05,0.12,0.83,0.0,-0.00039794644493320816,1.3641193245556862
2020-09-21,0.05,0.12,0.8299999999999998,0.0,-0.0012482504878568057,1.3624165619433146
2020-09-22,0.05,0.12,0.8299999999999998,0.0,-0.00020082693443591813,1.362142952001755
2020-09-23,0.05,0.12,0.8300000000000001,0.0,-0.0011669516669611843,1.360553397013277
2020-09-24,0.05,0.12,0.8300000000000001,0.0,-0.002140289785355314,1.357641418475219
2020-09-25,0.05,0.12,0.83,0.0,-0.001040105098649622,1.356229328713725
2020-09-28,0.05,0.12,0.8299999999999998,0.0,0.0005818656091218188,1.357018471918186
2020-09-29,0.05,0.12,0.8300000000000001,0.0,0.0009882874346583924,1.3583595962225818
2020-09-30,0.05,0.12,0.8299999999999998,0.0,-0.0005532841337327599,1.3576080374100883
2020-10-01,0.05,0.12,0.8300000000000001,0.0,0.00038299149305192064,1.3581279897393153
2020-10-02,0.05,0.12,0.83,0.0,-0.0004000941898565847,1.357584610621539
2020-10-05,0.05,0.12,0.8299999999999998,0.0,-0.00030896711138388773,1.3571651616259361
2020-10-06,0.05,0.12,0.83,0.0,0.0017890174683097854,1.3595931538074664
2020-10-07,0.05,0.12,0.83,0.0,-0.0007052224405743101,1.35863433820535
2020-10-08,0.05,0.12,0.8300000000000001,0.0,0.0012517580921358505,1.3603350197324522
2020-10-09,0.05,0.12,0.8299999999999998,0.0,0.0001403371991033975,1.3605259253389637
2020-10-12,0.05,0.12,0.8299999999999998,0.0,0.0,1.3605259253389637
2020-10-13,0.05,0.12,0.8300000000000001,0.0,0.0019549501301022684,1.3631856856737123
2020-10-14,0.05,0.12,0.8300000000000001,0.0,-8.163265306122991e-05,1.3630744052095756
2020-10-15,0.05,0.12,0.83,0.0,-0.0011471287999487113,1.3615107833028868
2020-10-16,0.05,0.12,0.8299999999999998,0.0,0.00017560975609756113,1.361749877879467
2020-10-19,0.05,0.12,0.83,0.0,-0.00024663992867552607,1.3614140159867127
2020-10-20,0.05,0.12,0.8300000000000001,0.0,-0.0005987218066784183,1.3605989077274239
2020-10-21,0.05,0.12,0.8299999999999998,0.0,-0.00027580435873206135,1.3602236486181865
2020-10-22,0.05,0.12,0.83,0.0,-0.0008752220739834291,1.3590331508553617
2020-10-23,0.05,0.12,0.8299999999999998,0.0,0.0005288805885707282,1.3597519171080734
2020-10-26,0.05,0.12,0.8300000000000001,0.0,0.000331804669253186,1.3602030891431958
2020-10-27,0.05,0.12,0.8300000000000001,0.0,0.0006227077957756589,1.3610500982106435
2020-10-28,0.05,0.12,0.8299999999999998,0.0,-0.0018133830653528351,1.3585819930114515
2020-10-29,0.05,0.12,0.8299999999999998,0.0,-0.0015800003986178597,1.3564354329209385
2020-10-30,0.05,0.12,0.8300000000000001,0.0,-0.0009007256272540763,1.3552136567647912
2020-11-02,0.05,0.12,0.8300000000000001,0.0,0.0003074497437918744,1.3556303168563468
2020-11-03,0.05,0.12,0.8299999999999998,0.0,0.00010063830023812056,1.3557667451871867
2020-11-04,0.05,0.12,0.8300000000000001,0.0,0.00476489495420115,1.362226831310403
2020-11-05,0.05,0.12,0.83,0.0,0.001602668955854205,1.3644100299637756
2020-11-06,0.05,0.12,0.8300000000000001,0.0,-0.0008595066719550793,1.3632373104397393
2020-11-09,0.05,0.12,0.83,0.0,-0.0003950534029137267,1.3626987589012711
2020-11-10,0.05,0.12,0.8300000000000001,0.0,-0.0006196864353097576,1.3618543129649665
2020-11-11,0.05,0.12,0.83,0.0,0.0,1.3618543129649665
2020-11-12,0.05,0.12,0.8299999999999998,0.0,0.0011817347129131383,1.3634636634805275
2020-11-13,0.05,0.12,0.8300000000000001,0.0,-0.0003513726382960246,1.3629845796558697
2020-11-16,0.05,0.12,0.8300000000000001,0.0,0.00046529868227256576,1.3636187745847415
2020-11-17,0.05,0.12,0.8300000000000001,0.0,0.0012366106297068025,1.3653050400562607
2020-11-18,0.05,0.12,0.8299999999999998,0.0,0.0004778424888371036,1.3659574408146231
2020-11-19,0.05,0.12,0.83,0.0,0.0006462051869978545,1.3668401295980956
2020-11-20,0.05,0.12,0.8299999999999998,0.0,0.0004979268985541528,1.3675207160646456
2020-11-23,0.05,0.12,0.8299999999999998,0.0,-0.0004697375322299256,1.366878340258208
2020-11-24,0.05,0.12,0.8300000000000001,0.0,0.00044496004805792737,1.3674865465101786
2020-11-25,0.05,0.12,0.8299999999999998,0.0,0.0003114326599323803,1.36791242648278
2020-11-27,0.05,0.12,0.8299999999999998,0.0,0.0011521308160711194,1.3694884405430174
2020-11-30,0.05,0.12,0.8299999999999998,0.0,0.0006280900669998512,1.3703486026293938
2020-12-01,0.05,0.12,0.8300000000000001,0.0,-0.0013112634453079494,1.368551714599437
2020-12-02,0.05,0.12,0.8299999999999998,0.0,0.0005593629287888758,1.3693172316947142
2020-12-03,0.05,0.12,0.83,0.0,0.0013272916198892014,1.3711347149813125
2020-12-04,0.05,0.12,0.8300000000000001,0.0,-0.0008038272781008359,1.3700325594954594
2020-12-07,0.05,0.12,0.8299999999999998,0.0,0.0011208553741251404,1.3715681678524962
2020-12-08,0.05,0.12,0.8300000000000001,0.0,-0.000379445917527752,1.3710477319105936
2020-12-09,0.05,0.12,0.83,0.0,-0.0014692624060222517,1.3690333030212352
2020-12-10,0.05,0.12,0.8300000000000001,0.0,0.0008023001626947602,1.3701316786629836
2020-12-11,0.05,0.12,0.83,0.0,0.00029994642204409953,1.3705426447577278
2020-12-14,0.05,0.12,0.8299999999999998,0.0,0.00022042088789061773,1.3708447409843774
2020-12-15,0.05,0.12,0.8299999999999998,0.0,-0.0004327079640841102,1.3702515655474306
2020-12-16,0.05,0.12,0.83,0.0,0.0007596558667399144,1.3712924851881083
2020-12-17,0.05,0.12,0.83,0.0,0.00019745434625036305,1.3715632528492891
2020-12-18,0.05,0.12,0.8299999999999998,0.0,-0.00019341318727133627,1.3712979744290115
2020-12-21,0.05,0.12,0.8299999999999998,0.0,-0.0006800738950698592,1.37036539047424
2020-12-22,0.05,0.12,0.8299999999999998,0.0,0.0009725651863046835,1.371698160145532
2020-12-23,0.05,0.12,0.8300000000000001,0.0,-0.0006442375686081546,1.3708144606579755
2020-12-24,0.05,0.12,0.8299999999999998,0.0,0.0007175746501437641,1.3717981223649942
2020-12-28,0.05,0.12,0.8300000000000001,0.0,0.0006916105342559176,1.3727468723972942
2020-12-29,0.05,0.12,0.8299999999999998,0.0,0.0004133079726837852,1.3733142396241327
2020-12-30,0.05,0.12,0.8299999999999998,0.0,0.0006518989511742167,1.374209501736576
2020-12-31,0.05,0.12,0.8299999999999998,0.0,0.0007499272499685494,1.3752400588890938
2021-01-04,0.05,0.12,0.8299999999999998,0.0,-0.0002763868591774732,1.3748599606086023
2021-01-05,0.05,0.12,0.8300000000000001,0.0,-0.0013852723857265001,1.37295540507093
2021-01-06,0.05,0.12,0.83,0.0,-0.0019447179940176931,1.3702853939897046
2021-01-07,0.05,0.12,0.8299999999999998,0.0,-0.0003459263400991696,1.3698113761784703
2021-01-08,0.05,0.12,0.8299999999999998,0.0,-0.0005095612756976763,1.3691133733461596
2021-01-11,0.05,0.12,0.83,0.0,-0.0010415651929179513,1.3676873525113238
2021-01-12,0.05,0.12,0.83,0.0,-0.0003117131733378042,1.3672610263465386
2021-01-13,0.05,0.12,0.8300000000000001,0.0,0.0014966630748623876,1.3693073554383697
2021-01-14,0.05,0.12,0.83,0.0,-0.00037296951890770653,1.368796645532775
2021-01-15,0.05,0.12,0.83,0.0,0.000913258756647719,1.3700467110553778
2021-01-19,0.05,0.12,0.83,0.0,0.0003495740040754746,1.370525643769932
2021-01-20,0.05,0.12,0.8300000000000001,0.0,0.00022377665903228203,1.370832335419613
2021-01-21,0.05,0.12,0.8300000000000001,0.0,-0.0006192455645639017,1.3699834535761437
2021-01-22,0.05,0.12,0.8300000000000001,0.0,-0.0003258528932710747,1.3695370405040626
2021-01-25,0.05,0.12,0.83,0.0,0.0007263549469619758,1.3705318105084805
2021-01-26,0.05,0.12,0.83,0.0,-6.459753509651777e-05,1.3704432775317503
2021-01-27,0.05,0.12,0.8300000000000001,0.0,-9.84064614530977e-05,1.3703084170581863
2021-01-28,0.05,0.12,0.8299999999999998,0.0,-0.0008621915855065211,1.36912694867145
2021-01-29,0.05,0.12,0.83,0.0,-0.0007871023390250063,1.3680493056477285
2021-02-01,0.05,0.12,0.8300000000000001,0.0,9.523913109178218e-05,1.3681795974748892
2021-02-02,0.05,0.12,0.8299999999999998,0.0,-0.00038448005637180315,1.3676535597061252
2021-02-03,0.05,0.12,0.83,0.0,-0.00013373534393465553,1.3674706560869345
2021-02-04,0.05,0.12,0.8299999999999998,0.0,0.000365097898399771,1.3679699167495953
2021-02-05,0.05,0.12,0.8300000000000001,0.0,0.00015910597594468888,1.3681875689382628
2021-02-08,0.05,0.12,0.83,0.0,0.0002966012432120202,1.368593375072157
2021-02-09,0.05,0.12,0.8299999999999998,0.0,0.000132862924731556,1.3687752103907374
2021-02-10,0.05,0.12,0.83,0.0,0.0007954116423194123,1.3698639501288004
2021-02-11,0.05,0.12,0.83,0.0,-0.0002168754075291157,1.3695668603263567
2021-02-12,0.05,0.12,0.83,0.0,-0.0010231830071308003,1.3681655427877413
2021-02-16,0.88,0.12,0.0,0.0,-0.0024069809663808893,1.364872394367393
2021-02-17,0.88,0.12,0.0,0.0,-7.938758151404101e-05,1.364764040448929
2021-02-18,0.88,0.12,0.0,0.0,-7.944013618308431e-05,1.3646556234076979
2021-02-19,0.88,0.12,0.0,0.0,0.0,1.3646556234076979
2021-02-22,0.88,0.12,0.0,0.0,-0.00015898552096148765,1.3644386629224774
2021-02-23,0.88,0.12,0.0,0.0,-0.00011371174073722123,1.3642835102269872
2021-02-24,0.88,0.12,0.0,0.0,0.0,1.3642835102269872
2021-02-25,0.88,0.12,0.0,0.0,-0.00036422270700939394,1.363786607193764
2021-02-26,0.88,0.12,0.0,0.0,-0.0002739986680620232,1.3634129314798722
2021-03-01,0.88,0.12,0.0,0.0,0.00020596929531799368,1.3636937526805966
2021-03-02,0.05,0.12,0.83,0.0,9.138505473583969e-05,1.3638183739088283
2021-03-03,0.05,0.12,0.8300000000000001,0.0,-0.002038291276929719,1.3610385148139736
2021-03-04,0.05,0.12,0.83,0.0,-0.0029399965099664244,1.3570370663304907
2021-03-05,0.05,0.12,0.8300000000000001,0.0,-0.0019458758842087784,1.3543964406291407
2021-03-08,0.88,0.12,0.0,0.0,-0.00266240531857765,1.350790488342147
2021-03-09,0.88,0.12,0.0,0.0,-0.00014935375777884729,1.3505887427067413
2021-03-10,0.88,0.12,0.0,0.0,-4.601226993864671e-05,1.3505265990529358
2021-03-11,0.88,0.12,0.0,0.0,0.0003912543153049519,1.3510549984127493
2021-03-12,0.88,0.12,0.0,0.0,-0.00026381189065188604,1.3506985740392434
2021-03-15,0.88,0.12,0.0,0.0,-6.897212376665074e-05,1.3506054134900234
2021-03-16,0.88,0.12,0.0,0.0,0.0,1.3506054134900234
2021-03-17,0.88,0.12,0.0,0.0,-0.00027604715805616296,1.3502325827039743
2021-03-18,0.88,0.12,0.0,0.0,-0.0002536266692285549,1.349890127711339
2021-03-19,0.88,0.12,0.0,0.0,-5.7764513333986576e-05,1.3498121519650574
2021-03-22,0.88,0.12,0.0,0.0,0.000288961664419185,1.3502021959311425
2021-03-23,0.88,0.12,0.0,0.0,0.00014989910637073223,1.3504045900337323
2021-03-24,0.88,0.12,0.0,0.0,0.0001957773512476102,1.3506689686674815
2021-03-25,0.88,0.12,0.0,0.0,-3.4492670307559866e-05,1.3506223804880506
2021-03-26,0.88,0.12,0.0,0.0,6.900517538814377e-05,1.3507155804222994
2021-03-29,0.88,0.12,0.0,0.0,2.2988505747134622e-05,1.3507466313551828
2021-03-30,0.88,0.12,0.0,0.0,-3.447615399348347e-05,1.3507000628063142
2021-03-31,0.88,0.12,0.0,0.0,9.196283168886765e-05,1.350824277008852
2021-04-01,0.88,0.12,0.0,0.0,0.00017229826744520336,1.3510570216914037
2021-04-05,0.88,0.12,0.0,0.0,0.00016058115083157352,1.351273975982786
2021-04-06,0.88,0.12,0.0,0.0,0.0001718213058419238,1.3515061536418898
2021-04-07,0.88,0.12,0.0,0.0,0.00011438375750643992,1.3516607439940362
2021-04-08,0.88,0.12,0.0,0.0,0.00010284734787163074,1.3517997587167783
2021-04-09,0.88,0.12,0.0,0.0,-7.992388201711442e-05,1.3516917176323517
2021-04-12,0.88,0.12,0.0,0.0,-0.00012567837760640187,1.3515218392102557
2021-04-13,0.88,0.12,0.0,0.0,-0.00012581014105985666,1.3513518040570192
2021-04-14,0.88,0.12,0.0,0.0,0.00010304360270966483,1.3514910522154373
2021-04-15,0.88,0.12,0.0,0.0,0.00022878932316491073,1.3518002589385372
2021-04-16,0.88,0.12,0.0,0.0,4.567078972408822e-05,1.351861996723912
2021-04-19,0.88,0.12,0.0,0.0,-0.00012554688986113672,1.351692274654702
2021-04-20,0.88,0.12,0.0,0.0,-0.00023993144815767753,1.3513679611697804
2021-04-21,0.88,0.12,0.0,0.0,0.0,1.3513679611697804
2021-04-22,0.88,0.12,0.0,0.0,5.724098454495952e-05,1.3514453148023602
2021-04-23,0.88,0.12,0.0,0.0,9.154190903021941e-05,1.351569028686427
2021-04-26,0.88,0.12,0.0,0.0,3.43020485945722e-05,1.351615390272928
2021-04-27,0.88,0.12,0.0,0.0,0.0,1.351615390272928
2021-04-28,0.88,0.12,0.0,0.0,-5.71537435701952e-05,1.3515381403935067
2021-04-29,0.88,0.12,0.0,0.0,4.5744782235779265e-05,1.3515999662114224
2021-04-30,0.88,0.12,0.0,0.0,-8.002286367533084e-05,1.3514918073115827
2021-05-03,0.88,0.12,0.0,0.0,3.431839847474194e-05,1.3515381883459614
2021-05-04,0.88,0.12,0.0,0.0,-0.00010292576003050336,1.3513990802507156
2021-05-05,0.88,0.12,0.0,0.0,0.00010301411674932481,1.3515382934333435
2021-05-06,0.88,0.12,0.0,0.0,0.0,1.3515382934333435
2021-05-07,0.88,0.12,0.0,0.0,9.148956447155853e-05,1.3516619450831762
2021-05-10,0.88,0.12,0.0,0.0,0.0,1.3516619450831762
2021-05-11,0.88,0.12,0.0,0.0,-0.0003199695267117386,1.3512294544503336
2021-05-12,0.88,0.12,0.0,0.0,-0.00019478659409911446,1.3509662530670548
2021-05-13,0.88,0.12,0.0,0.0,-2.295332823259333e-05,1.350935243895217
2021-05-14,0.88,0.12,0.0,0.0,0.00010330973789936415,1.3510748086611826
2021-05-17,0.88,0.12,0.0,0.0,-4.5875943801960694e-05,1.351012826829188
2021-05-18,0.88,0.12,0.0,0.0,-1.147337221532485e-05,1.3509973261561583
2021-05-19,0.1,0.0,0.0,0.9,-0.00029833620195065966,1.3505942747450275
2021-05-20,0.88,0.12,0.0,0.0,0.001402005646967286,1.3524878155449815
2021-05-21,0.88,0.12,0.0,0.0,9.198045415350186e-05,1.3526122179884925
2021-05-24,0.88,0.12,0.0,0.0,3.4466251795128854e-05,1.3526588374617787
2021-05-25,0.88,0.12,0.0,0.0,0.00010336906584991645,1.3527986605422206
2021-05-26,0.88,0.12,0.0,0.0,3.442669981831514e-05,1.3528452329356215
2021-05-27,0.88,0.12,0.0,0.0,5.736137667306629e-05,1.3529228340006083
2021-05-28,0.88,0.12,0.0,0.0,2.2933588150984006e-05,1.3529538613756833
2021-06-01,0.88,0.12,0.0,0.0,2.2929206076227616e-05,1.3529848835335825
2021-06-02,0.88,0.12,0.0,0.0,0.00011462412837903279,1.3531399682465675
2021-06-03,0.88,0.12,0.0,0.0,-4.580589750931452e-05,1.3530779864558662
2021-06-04,0.88,0.12,0.0,0.0,0.00010310262529832137,1.353217492348503
2021-06-07,0.88,0.12,0.0,0.0,0.0,1.353217492348503
2021-06-08,0.88,0.12,0.0,0.0,0.000114460129721472,1.3533723817982184
2021-06-09,0.88,0.12,0.0,0.0,0.00017152658662092257,1.3536045211432952
2021-06-10,0.88,0.12,0.0,0.0,2.283756779902113e-05,1.3536354341783199
2021-06-11,0.88,0.12,0.0,0.0,4.566644467701941e-05,1.3536972498959876
2021-06-14,0.88,0.12,0.0,0.0,0.0,1.3536972498959876
2021-06-15,0.88,0.12,0.0,0.0,-1.1412268188313312e-05,1.3536818011399259
2021-06-16,0.88,0.12,0.0,0.0,-5.706676811870093e-05,1.3536045508944738
2021-06-17,0.88,0.12,0.0,0.0,-0.00014844419069370395,1.353403616162397
2021-06-18,0.88,0.12,0.0,0.0,-9.146341463414309e-05,1.3532798292462846
2021-06-21,0.88,0.12,0.0,0.0,8.009153318078609e-05,1.3533882155026318
2021-06-22,0.88,0.12,0.0,0.0,1.1434016198172968e-05,1.35340369016541
2021-06-23,0.88,0.12,0.0,0.0,5.716463414634276e-05,1.3534810569922107
2021-06-24,0.88,0.12,0.0,0.0,0.00010284734787163074,1.353620258929317
2021-06-25,0.88,0.12,0.0,0.0,7.992388201714106e-05,1.3537284455151875
2021-06-28,0.88,0.12,0.0,0.0,3.4230293810031395e-05,1.3537747840376166
2021-06-29,0.88,0.12,0.0,0.0,4.56273764258519e-05,1.3538365532292835
2021-06-30,0.88,0.12,0.0,0.0,-1.140250855186764e-05,1.3538211160964075
2021-07-01,0.88,0.12,0.0,0.0,6.842155278912188e-05,1.3539137466393696
2021-07-02,0.88,0.12,0.0,0.0,5.698546870548604e-05,1.3539909000488088
2021-07-06,0.88,0.12,0.0,0.0,9.113347256503701e-05,1.3541142939413517
2021-07-07,0.88,0.12,0.0,0.0,6.829823562890524e-05,1.3542067775584676
2021-07-08,0.88,0.12,0.0,0.0,-0.00014789533560865653,1.354006496692617
2021-07-09,0.88,0.12,0.0,0.0,5.6953013763658685e-05,1.3540836114432595
2021-07-12,0.88,0.12,0.0,0.0,1.1385199240976362e-05,1.3540990279549647
2021-07-13,0.88,0.12,0.0,0.0,-4.5536476615106735e-05,1.3540373670562438
2021-07-14,0.88,0.12,0.0,0.0,-6.833064439593527e-05,1.3539448448104165
2021-07-15,0.88,0.12,0.0,0.0,-0.000125344221821293,1.3537751356474548
2021-07-16,0.88,0.12,0.0,0.0,-9.12547528517038e-05,1.3536515972320347
2021-07-19,0.1,0.0,0.0,0.9,-0.0006164383561643927,1.3528171544666177
2021-07-20,0.88,0.12,0.0,0.0,0.00017413175969809293,1.3530527228982747
2021-07-21,0.88,0.12,0.0,0.0,0.00028636884306988187,1.3534401950411437
2021-07-22,0.88,0.12,0.0,0.0,7.999238167793798e-05,1.3535484599458036
2021-07-23,0.88,0.12,0.0,0.0,5.709935287400824e-05,1.35362574668695
2021-07-26,0.88,0.12,0.0,0.0,0.0,1.35362574668695
2021-07-27,0.88,0.12,0.0,0.0,-0.00012555883192238326,1.353455787019336
2021-07-28,0.88,0.12,0.0,0.0,-2.2852789944765027e-05,1.3534248567785359
2021-07-29,0.88,0.12,0.0,0.0,9.142857142856897e-05,1.353548598479727
2021-07-30,0.88,0.12,0.0,0.0,0.0,1.353548598479727
2021-08-02,0.88,0.12,0.0,0.0,0.00012561857632279683,1.3537186293276517
2021-08-03,0.88,0.12,0.0,0.0,-0.00017111892765471202,1.353486982447455
2021-08-04,0.1,0.0,0.0,0.9,-0.00011424219345012253,1.3533323571257738
2021-08-05,0.88,0.12,0.0,0.0,-0.0013051044083526198,1.3515661171005227
2021-08-06,0.88,0.12,0.0,0.0,-1.1432926829257894e-05,1.351550664744001
2021-08-09,0.88,0.12,0.0,0.0,-0.00014864221057647508,1.3513497672654875
2021-08-10,0.1,0.0,0.0,0.9,-5.724098454493287e-05,1.3512724146743447
2021-08-11,0.1,0.0,0.0,0.9,0.00026241617261149044,1.351627010409559
2021-08-12,0.1,0.0,0.0,0.9,-0.0004372328021764016,1.3510360347443002
2021-08-13,0.88,0.12,0.0,0.0,0.001399825021872192,1.3529272487911865
2021-08-16,0.88,0.12,0.0,0.0,-5.7312064189503074e-05,1.3528497097378602
2021-08-17,0.88,0.12,0.0,0.0,-3.440366972477626e-05,1.3528031667432592
2021-08-18,0.88,0.12,0.0,0.0,2.2942357327222493e-05,1.352834203236904
2021-08-19,0.1,0.0,0.0,0.9,-0.0002064417471088564,1.3525549217804393
2021-08-20,0.1,0.0,0.0,0.9,-0.0006108794725103173,1.3517286737432808
2021-08-23,0.88,0.12,0.0,0.0,0.0001746555404618544,1.351964760645351
2021-08-24,0.88,0.12,0.0,0.0,0.00018343364860990086,1.3522127564741884
2021-08-25,0.88,0.12,0.0,0.0,6.868262901842393e-05,1.3523056300012952
2021-08-26,0.88,0.12,0.0,0.0,2.2881113547521537e-05,1.352336572259966
2021-08-27,0.88,0.12,0.0,0.0,0.00022876751501287984,1.352645942937063
2021-08-30,0.88,0.12,0.0,0.0,0.00011416611169250856,1.352800369264865
2021-08-31,0.88,0.12,0.0,0.0,5.702879954379014e-05,1.3528775178459465
2021-09-01,0.88,0.12,0.0,0.0,5.7001710051300944e-05,1.3529546341779537
2021-09-02,0.88,0.12,0.0,0.0,0.00010255436330832701,1.353093385579047
2021-09-03,0.88,0.12,0.0,0.0,-1.1385199240989684e-05,1.3530779803412605
2021-09-07,0.88,0.12,0.0,0.0,-9.109023626529655e-05,1.3529547281483458
2021-09-08,0.88,0.12,0.0,0.0,3.418478776944233e-05,1.3530009786185893
2021-09-09,0.88,0.12,0.0,0.0,6.835010442376443e-05,1.3530934563767634
2021-09-10,0.88,0.12,0.0,0.0,4.554079696393209e-05,1.3531550773311334
2021-09-13,0.88,0.12,0.0,0.0,4.552352048560415e-05,1.3532166777140167
2021-09-14,0.88,0.12,0.0,0.0,3.412969283277611e-05,1.3532628625835632
2021-09-15,0.88,0.12,0.0,0.0,3.411998862667076e-05,1.3533090358970434
2021-09-16,0.88,0.12,0.0,0.0,-3.4110289937472336e-05,1.353262874133454
2021-09-17,0.88,0.12,0.0,0.0,-3.411998862667076e-05,1.3532167008195797
2021-09-20,0.88,0.12,0.0,0.0,-0.00045506257110353496,1.3526009025484445
2021-09-21,0.88,0.12,0.0,0.0,0.0001370384468976038,1.3527862608754018
2021-09-22,0.88,0.12,0.0,0.0,0.0001368821292775557,1.3529714331392477
2021-09-23,0.88,0.12,0.0,0.0,-1.1393847322440641e-05,1.352956017589307
2021-09-24,0.88,0.12,0.0,0.0,-0.000125344221821293,1.3527864323701237
2021-09-27,0.88,0.12,0.0,0.0,-0.00013688212927756905,1.3526012600828032
2021-09-28,0.1,0.0,0.0,0.9,-0.00034259611724399617,1.3521378641429196
2021-09-29,0.88,0.12,0.0,0.0,0.00017633228840114868,1.3523762897067377
2021-09-30,0.1,0.0,0.0,0.9,-0.00014876978828913588,1.3521750969724309
2021-10-01,0.1,0.0,0.0,0.9,0.0019394651777842054,1.3547975934872758
2021-10-04,0.1,0.0,0.0,0.9,-0.0005278076434366841,1.3540825209621234
2021-10-05,0.1,0.0,0.0,0.9,-0.0011442542787285738,1.3525331062437609
2021-10-06,0.1,0.0,0.0,0.9,-0.00017626321974155703,1.3522947044036473
2021-10-07,0.1,0.0,0.0,0.9,-0.0011459353574925669,1.3507450620881212
2021-10-08,0.1,0.0,0.0,0.9,-0.0009708737864077887,1.34943365911522
2021-10-11,0.1,0.0,0.0,0.9,0.0,1.34943365911522
2021-10-12,0.1,0.0,0.0,0.9,-0.00044178283919106277,1.348837502481996
2021-10-13,0.1,0.0,0.0,0.9,-8.839996071112744e-05,1.3487182652997711
2021-10-14,0.1,0.0,0.0,0.9,0.0010609037328095372,1.350149125541936
2021-10-15,0.1,0.0,0.0,0.9,-0.002207613814756693,1.347168517680408
2021-10-18,0.1,0.0,0.0,0.9,-0.0009737385659486786,1.3458567277399107
2021-10-19,0.1,0.0,0.0,0.9,-0.00026585269791261633,1.3454989280978373
2021-10-20,0.1,0.0,0.0,0.9,0.0002659312518467738,1.3458567383121447
2021-10-21,0.1,0.0,0.0,0.9,-0.0020382040173296924,1.3431136077013666
2021-10-22,0.1,0.0,0.0,0.9,0.0,1.3431136077013666
2021-10-25,0.1,0.0,0.0,0.9,0.001065824533701898,1.3445451311360035
2021-10-26,0.1,0.0,0.0,0.9,-8.871365204543569e-05,1.3444258516270806
2021-10-27,0.1,0.0,0.0,0.9,0.0014195583596214422,1.3463343425836491
2021-10-28,0.1,0.0,0.0,0.9,-0.0011515748031495244,1.344783937878115
2021-10-29,0.1,0.0,0.0,0.9,-8.86961663546404e-05,1.34466466069825
2021-11-01,0.1,0.0,0.0,0.9,-0.0007983441750442965,1.3435911554989937
2021-11-02,0.1,0.0,0.0,0.9,0.0015093222846996213,1.3456190675715136
2021-11-03,0.1,0.0,0.0,0.9,-0.0009749852274965721,1.3443071088587937
2021-11-04,0.1,0.0,0.0,0.9,0.0023070097604257936,1.3474084384799407
2021-11-05,0.1,0.0,0.0,0.9,0.0016815812764284122,1.3496742152817902
2021-11-08,0.1,0.0,0.0,0.9,-0.002031802120141224,1.3469319443496808
2021-11-09,0.88,0.12,0.0,0.0,0.0018593212001966287,1.3494363234690323
2021-11-10,0.1,0.0,0.0,0.9,-0.00028730128327906,1.3490486286815964
2021-11-11,0.1,0.0,0.0,0.9,0.0,1.3490486286815964
2021-11-12,0.1,0.0,0.0,0.9,-0.0009764276555873419,1.3477313802918194
2021-11-15,0.1,0.0,0.0,0.9,-0.0008886255924169917,1.3465337516955886
2021-11-16,0.1,0.0,0.0,0.9,-0.0002668511563550413,1.3461744276068777
2021-11-17,0.1,0.0,0.0,0.9,0.0008897676717745773,1.3473722100931318
2021-11-18,0.1,0.0,0.0,0.9,0.00035555555555568665,1.3478512757678318
2021-11-19,0.1,0.0,0.0,0.9,0.0007108302892683938,1.3488093692800767
2021-11-22,0.1,0.0,0.0,0.9,-0.0033737792246227418,1.344258784252023
2021-11-23,0.1,0.0,0.0,0.9,-0.0005347064065748364,1.343540000467989
2021-11-24,0.1,0.0,0.0,0.9,-0.0002675121371247591,1.3431805872111513
2021-11-26,0.1,0.0,0.0,0.9,0.005084241823587687,1.3500096421292813
2021-11-29,0.1,0.0,0.0,0.9,-0.0003547846654182618,1.349530679410087
2021-11-30,0.1,0.0,0.0,0.9,0.0008873114463175514,1.3507281334290842
2021-12-01,0.1,0.0,0.0,0.9,-0.0003545750024623651,1.3502491989978476
2021-12-02,0.1,0.0,0.0,0.9,-0.0015075376884422509,1.3482136474415694
2021-12-03,0.1,0.0,0.0,0.9,0.002753651796288992,1.3519261583736282
2021-12-06,0.1,0.0,0.0,0.9,-0.0028338089146905054,1.3480950579740256
2021-12-07,0.1,0.0,0.0,0.9,-0.0016878886585726895,1.3458196236149933
2021-12-08,0.1,0.0,0.0,0.9,-0.0003560126582279,1.3453404947932948
2021-12-09,0.1,0.0,0.0,0.9,0.0002671151563118368,1.345699855629854
2021-12-10,0.1,0.0,0.0,0.9,0.00026703590149352864,1.346059205803942
2021-12-13,0.1,0.0,0.0,0.9,0.001334783468459655,1.347855903379417
2021-12-14,0.1,0.0,0.0,0.9,-0.0007108302892685936,1.3468978065777255
2021-12-15,0.1,0.0,0.0,0.9,-0.0008892401936566929,1.3457000909113686
2021-12-16,0.1,0.0,0.0,0.9,0.0024923350806052014,1.3490540264559205
2021-12-17,0.1,0.0,0.0,0.9,0.0,1.3490540264559205
2021-12-20,0.1,0.0,0.0,0.9,0.00017753230101582584,1.349293527121432
2021-12-21,0.1,0.0,0.0,0.9,-0.002307464747066257,1.3461800798741546
2021-12-22,0.1,0.0,0.0,0.9,0.0006228373702422241,1.3470185311349758
2021-12-23,0.1,0.0,0.0,0.9,-0.0009780675755779455,1.3457010559859701
2021-12-27,0.1,0.0,0.0,0.9,-0.00017802393432888585,1.345461488989553
2021-12-28,0.1,0.0,0.0,0.9,0.000178059155208099,1.3457010607256477
2021-12-29,0.1,0.0,0.0,0.9,-0.0011571555731381578,1.3441438752434511
2021-12-30,0.1,0.0,0.0,0.9,0.0007130124777183334,1.3451022665983485
2021-12-31,0.1,0.0,0.0,0.9,0.00017811201266570986,1.3453418454702937
2022-01-03,0.1,0.0,0.0,0.9,-0.003561535417490991,1.3405503628390185
2022-01-04,0.1,0.0,0.0,0.9,-0.0003575685339690438,1.3400710242110665
2022-01-05,0.1,0.0,0.0,0.9,-0.0018779809220985544,1.337554396393341
2022-01-06,0.1,0.0,0.0,0.9,-0.0015234491685751194,1.3355167002602315
2022-01-07,0.1,0.0,0.0,0.9,-0.0008078994614003521,1.3344377370374
2022-01-10,0.1,0.0,0.0,0.9,-0.0009883198562443685,1.3331188857249643
2022-01-11,0.1,0.0,0.0,0.9,0.0008095142914251507,1.3341980645151272
2022-01-12,0.1,0.0,0.0,0.9,0.0004493260109835529,1.3347975544093176
2022-01-13,0.1,0.0,0.0,0.9,0.0004491017964072475,1.3353970143888427
2022-01-14,0.1,0.0,0.0,0.9,-0.0022443890274313817,1.3323998639824837
2022-01-18,0.1,0.0,0.0,0.9,-0.0032400000000000428,1.3280828884231803
2022-01-19,0.1,0.0,0.0,0.9,0.0010839020473704998,1.3295224001850199
2022-01-20,0.1,0.0,0.0,0.9,-0.00027064955894150476,1.3291625655338069
2022-01-21,0.1,0.0,0.0,0.9,0.0024365787626591698,1.3324011748131082
2022-01-24,0.1,0.0,0.0,0.9,0.0008999999999999009,1.3336003358704398
2022-01-25,0.1,0.0,0.0,0.9,-0.0016183816183815037,1.3314420616005997
2022-01-26,0.1,0.0,0.0,0.9,-0.002431945556445081,1.328204066995226
2022-01-27,0.1,0.0,0.0,0.9,-0.0006322127446061754,1.327364359456634
2022-01-28,0.1,0.0,0.0,0.9,0.0009941755372564476,1.328683992631832
2022-01-31,0.1,0.0,0.0,0.9,-0.00027083960276858,1.3283241323870625
2022-02-01,0.1,0.0,0.0,0.9,-0.00036122817579762326,1.3278443042838524
2022-02-02,0.1,0.0,0.0,0.9,0.000813089741015749,1.3289239608653316
2022-02-03,0.1,0.0,0.0,0.9,-0.0018954969411291711,1.326404989562518
2022-02-04,0.1,0.0,0.0,0.9,-0.004251256281407068,1.3207661020189507
2022-02-07,0.1,0.0,0.0,0.9,0.0007270524083610175,1.3217263681943054
2022-02-08,0.1,0.0,0.0,0.9,-0.0013621228937545028,1.3199260144489091
2022-02-09,0.1,0.0,0.0,0.9,0.00018189167340350033,1.3201660980004462
2022-02-10,0.1,0.0,0.0,0.9,-0.005182865225298083,1.313323855039502
2022-02-11,0.1,0.0,0.0,0.9,0.002286353012905096,1.316326576992392
2022-02-14,0.1,0.0,0.0,0.9,-0.002006892357591672,1.313684851244931
2022-02-15,0.1,0.0,0.0,0.9,-0.0006399837464444946,1.312844114292184
2022-02-16,0.1,0.0,0.0,0.9,0.0006404391582799374,1.3136849110716942
2022-02-17,0.1,0.0,0.0,0.9,0.00237708248679398,1.3168076484669682
2022-02-18,0.1,0.0,0.0,0.9,0.0009118541033434236,1.318008384924537
2022-02-22,0.1,0.0,0.0,0.9,-0.0013663967611335039,1.3162074625362292
2022-02-23,0.1,0.0,0.0,0.9,-0.0008210846426761509,1.315126744802165
2022-02-24,0.1,0.0,0.0,0.9,0.0010957792207792806,1.3165678333618105
2022-02-25,0.1,0.0,0.0,0.9,-0.0011856505877585355,1.3150068439363611
2022-02-28,0.1,0.0,0.0,0.9,0.005296803652968096,1.3219721769910013
2022-03-01,0.1,0.0,0.0,0.9,0.005265812569353323,1.3289334346969357
2022-03-02,0.1,0.0,0.0,0.9,-0.006589108414401657,1.3201769482201944
2022-03-03,0.1,0.0,0.0,0.9,0.0003637098403716621,1.3206571095672939
2022-03-04,0.1,0.0,0.0,0.9,0.003453847707534008,1.3252184580976114
2022-03-07,0.1,0.0,0.0,0.9,-0.0018108651911468933,1.322818666121177
2022-03-08,0.1,0.0,0.0,0.9,-0.0037197580645161434,1.3178981007199801
2022-03-09,0.1,0.0,0.0,0.9,-0.002368660795627142,1.3147764471561734
2022-03-10,0.1,0.0,0.0,0.9,-0.002100882979803143,1.312014255696097
2022-03-11,0.1,0.0,0.0,0.9,-0.0005493387589013299,1.3112935154132122
2022-03-14,0.1,0.0,0.0,0.9,-0.004305781758957694,1.3056473717139065
2022-03-15,0.1,0.0,0.0,0.9,-0.0006443694384780319,1.304806052450145
2022-03-16,0.1,0.0,0.0,0.9,-0.0025793244626407643,1.3014405342800586
2022-03-17,0.1,0.0,0.0,0.9,0.0005543009648942388,1.3021619240239626
2022-03-18,0.1,0.0,0.0,0.9,0.0007386130488305387,1.3031237178127368
2022-03-21,0.1,0.0,0.0,0.9,-0.006273062730627321,1.2949491409851293
2022-03-22,0.1,0.0,0.0,0.9,-0.0016721717588768837,1.292783763602392
2022-03-23,0.1,0.0,0.0,0.9,0.0016752843846947751,1.294949544054342
2022-03-24,0.1,0.0,0.0,0.9,-0.0008360858794383419,1.293866855025973
2022-03-25,0.1,0.0,0.0,0.9,-0.006136997623721563,1.2859263972112667
2022-03-28,0.1,0.0,0.0,0.9,-9.362321855806988e-05,1.285806004643131
2022-03-29,0.1,0.0,0.0,0.9,0.0022471910112359605,1.2886954563389583
2022-03-30,0.1,0.0,0.0,0.9,0.0012141967621419393,1.290260186189432
2022-03-31,0.1,0.0,0.0,0.9,0.0010260130583479299,1.291584009989129
2022-04-01,0.1,0.0,0.0,0.9,-0.003726708074534035,1.2867706534301635
2022-04-04,0.1,0.0,0.0,0.9,-0.00046777546777545533,1.2861687336858354
2022-04-05,0.1,0.0,0.0,0.9,-0.00430577223088926,1.280630784068093
2022-04-06,0.1,0.0,0.0,0.9,-0.0004702685756087344,1.2800285436533887
2022-04-07,0.1,0.0,0.0,0.9,9.410288582187843e-05,1.280148998033281
2022-04-08,0.1,0.0,0.0,0.9,-0.0020700470465237486,1.2774990293807917
2022-04-11,0.1,0.0,0.0,0.9,-0.0009430996541968773,1.2762942204879457
2022-04-12,0.1,0.0,0.0,0.9,0.0034931291303892833,1.2807524810084796
2022-04-13,0.1,0.0,0.0,0.9,0.0014106583072099887,1.282559185135294
2022-04-14,0.1,0.0,0.0,0.9,-0.0038497652582159315,1.2776216333427544
2022-04-18,0.1,0.0,0.0,0.9,-0.0011316010058675886,1.2761758754173456
2022-04-19,0.1,0.0,0.0,0.9,-0.002832563994964299,1.2725610255813964
2022-04-20,0.1,0.0,0.0,0.9,0.0013260366238686317,1.274248488107425
2022-04-21,0.1,0.0,0.0,0.9,-0.003499369482975956,1.2697894218344137
2022-04-22,0.1,0.0,0.0,0.9,0.0003797868973519636,1.2702716712192224
2022-04-25,0.1,0.0,0.0,0.9,0.0029421069281873936,1.2740089463037967
2022-04-26,0.1,0.0,0.0,0.9,0.0022703384486020273,1.2769013777984533
2022-04-27,0.1,0.0,0.0,0.9,-0.0006605158314111126,1.2760579642232668
2022-04-28,0.1,0.0,0.0,0.9,-0.002171860245514656,1.2732865446597978
2022-04-29,0.1,0.0,0.0,0.9,-0.0011358855700463355,1.2718402368471846
2022-05-02,0.1,0.0,0.0,0.9,-0.00331718618365624,1.267621305985697
2022-05-03,0.1,0.0,0.0,0.9,0.0002853820949159758,1.2679830624095592
2022-05-04,0.1,0.0,0.0,0.9,0.0034234995773457346,1.2723240018877997
2022-05-05,0.1,0.0,0.0,0.9,-0.004357894736842083,1.2667793478164149
2022-05-06,0.1,0.0,0.0,0.9,-0.0005711867992384212,1.2660557801753942
2022-05-09,0.1,0.0,0.0,0.9,0.002190939881456222,1.2688296322763286
2022-05-10,0.1,0.0,0.0,0.9,0.0018055115616093075,1.271120518847116
2022-05-11,0.1,0.0,0.0,0.9,0.0014225500526869217,1.2729287514081735
2022-05-12,0.1,0.0,0.0,0.9,0.00340873224618623,1.277267824690196
2022-05-13,0.1,0.0,0.0,0.9,-0.003395870453830874,1.272930388622702
2022-05-16,0.1,0.0,0.0,0.9,0.0020831141504471518,1.275582047927776
2022-05-17,0.1,0.0,0.0,0.9,-0.003967670830271841,1.2705209582445944
2022-05-18,0.1,0.0,0.0,0.9,0.002182393252504067,1.2732937346110325
2022-05-19,0.1,0.0,0.0,0.9,0.0015145140933949808,1.2752221559171324
2022-05-20,0.1,0.0,0.0,0.9,0.0017009659806803913,1.2773912654221573
2022-05-23,0.1,0.0,0.0,0.9,-0.002075036679941289,1.2747406316917698
2022-05-24,0.1,0.0,0.0,0.9,0.0038760504201680534,1.2796815906528438
2022-05-25,0.1,0.0,0.0,0.9,0.0009413241292751895,1.2808861858119147
2022-05-26,0.1,0.0,0.0,0.9,9.403406122665547e-05,1.2810066327419356
2022-05-27,0.1,0.0,0.0,0.9,-0.00047012118679478075,1.280404404383459
2022-05-31,0.1,0.0,0.0,0.9,-0.0018814675446849006,1.27799536505254
2022-06-01,0.1,0.0,0.0,0.9,-0.003959358960930137,1.272935322651892
2022-06-02,0.1,0.0,0.0,0.9,0.0008521830615465076,1.2740200965723
2022-06-03,0.1,0.0,0.0,0.9,-0.0012297666596594147,1.2724533491337993
2022-06-06,0.1,0.0,0.0,0.9,-0.002747079254815321,1.2689578189356736
2022-06-07,0.1,0.0,0.0,0.9,0.0016152871621622378,1.2710075502099258
2022-06-08,0.1,0.0,0.0,0.9,-0.0016123932975024347,1.2689581861548924
2022-06-09,0.1,0.0,0.0,0.9,-0.0010451858108107893,1.267631889064211
2022-06-10,0.1,0.0,0.0,0.9,-0.005993023993235392,1.260034940738459
2022-06-13,0.1,0.0,0.0,0.9,-0.007661204511598185,1.250381555365702
2022-06-14,0.1,0.0,0.0,0.9,-0.004443013522215178,1.2448260932072837
2022-06-15,0.1,0.0,0.0,0.9,0.004270923209663513,1.2501426498607575
2022-06-16,0.1,0.0,0.0,0.9,0.003091455560326328,1.2540074103068706
2022-06-17,0.1,0.0,0.0,0.9,0.0012516046213094211,1.2555769317767669
2022-06-21,0.1,0.0,0.0,0.9,-0.0013460100416622268,1.253886912618516
2022-06-22,0.1,0.0,0.0,0.9,0.005199529260725333,1.2604065343103166
2022-06-23,0.1,0.0,0.0,0.9,0.002872034889905395,1.2640264658523206
2022-06-24,0.1,0.0,0.0,0.9,-0.0012405895451171546,1.2624583278340327
2022-06-27,0.1,0.0,0.0,0.9,-0.0024846039498832907,1.2593216188861331
2022-06-28,0.1,0.0,0.0,0.9,-0.0003833049403748623,1.2588389146880932
2022-06-29,0.1,0.0,0.0,0.9,0.003547081380485806,1.2633041187634144
2022-06-30,0.1,0.0,0.0,0.9,0.004870026525198967,1.2694564433311852
2022-07-01,0.1,0.0,0.0,0.9,0.003324187420852631,1.2736763544714271
2022-07-05,0.1,0.0,0.0,0.9,0.002365681842077505,1.2766894674958835
2022-07-06,0.1,0.0,0.0,0.9,-0.004247063758389314,1.2712672859277643
2022-07-07,0.1,0.0,0.0,0.9,-0.003318933726688422,1.2670480340568628
2022-07-08,0.1,0.0,0.0,0.9,-0.002950507614213205,1.2633095991848042
2022-07-11,0.1,0.0,0.0,0.9,0.0030557029177718186,1.2671698980130823
2022-07-12,0.1,0.0,0.0,0.9,0.0011420112086285128,1.26861702023985
2022-07-13,0.1,0.0,0.0,0.9,-0.00019009399091769464,1.2683758637675264
2022-07-14,0.1,0.0,0.0,0.9,-0.0013309390514418262,1.266687732798532
2022-07-15,0.1,0.0,0.0,0.9,0.0006664550936209546,1.2675319232900826
2022-07-18,0.1,0.0,0.0,0.9,-0.00066596194503169,1.2666877952650586
2022-07-19,0.1,0.0,0.0,0.9,-0.002380196762932452,1.2636728290751227
2022-07-20,0.1,0.0,0.0,0.9,-0.0007636826474331837,1.2627077840635252
2022-07-21,0.1,0.0,0.0,0.9,0.005350318471337579,1.269463672844502
2022-07-22,0.1,0.0,0.0,0.9,0.004463908822287888,1.2751304429332866
2022-07-25,0.1,0.0,0.0,0.9,-0.001039588365011024,1.2738048321609416
2022-07-26,0.1,0.0,0.0,0.9,0.0004730866274179402,1.2744074521929771
2022-07-27,0.1,0.0,0.0,0.9,0.0025533256278238436,1.2776614294009512
2022-07-28,0.1,0.0,0.0,0.9,0.0028290025146688216,1.2812759367976219
2022-07-29,0.1,0.0,0.0,0.9,0.00047002297890126333,1.2818781659302299
2022-08-01,0.1,0.0,0.0,0.9,0.001315377388036243,1.283564319483912
2022-08-02,0.1,0.0,0.0,0.9,-0.006004378192432036,1.2758573138754188
2022-08-03,0.1,0.0,0.0,0.9,-0.0003777941022143572,1.2753753025069696
2022-08-04,0.1,0.0,0.0,0.9,0.0030236220472439346,1.27923155539014
2022-08-05,0.1,0.0,0.0,0.9,-0.006497854975410666,1.270919294263246
2022-08-08,0.1,0.0,0.0,0.9,0.002086846543001775,1.2735715077989134
2022-08-09,0.1,0.0,0.0,0.9,-0.0019873817034699592,1.2710404350862532
2022-08-10,0.1,0.0,0.0,0.9,0.0018020866266202917,1.2733309600562157
2022-08-11,0.1,0.0,0.0,0.9,-0.0021771140092554098,1.2705587733846586
2022-08-12,0.1,0.0,0.0,0.9,0.00037954665260946373,1.2710410097140403
2022-08-15,0.1,0.0,0.0,0.9,0.0020866266202971273,1.2736931977203991
2022-08-16,0.1,0.0,0.0,0.9,-0.0015140363789295952,1.2717647798834553
2022-08-17,0.1,0.0,0.0,0.9,-0.002559241706161064,1.2685100264183509
2022-08-18,0.1,0.0,0.0,0.9,0.0008555133079847232,1.2695952536272637
2022-08-19,0.1,0.0,0.0,0.9,-0.0025641025641025216,1.2663398811820656
2022-08-22,0.1,0.0,0.0,0.9,-0.002095238095238061,1.2636865976214937
2022-08-23,0.1,0.0,0.0,0.9,9.546033092919793e-05,1.2638072295622933
2022-08-24,0.1,0.0,0.0,0.9,-0.0017181037225581064,1.2616358776565866
2022-08-25,0.1,0.0,0.0,0.9,0.0017213898629264257,1.263807644867089
2022-08-26,0.1,0.0,0.0,0.9,-0.0008590518612791032,1.262721968557467
2022-08-29,0.1,0.0,0.0,0.9,-0.0021019108280254774,1.2600678395789706
2022-08-30,0.1,0.0,0.0,0.9,-0.0004788252819748928,1.2594644872403769
2022-08-31,0.1,0.0,0.0,0.9,-0.00019163206643254548,1.2592231334580886
2022-09-01,0.1,0.0,0.0,0.9,-0.003833457565754317,1.2543959550101607
2022-09-02,0.1,0.0,0.0,0.9,0.003657362848893109,1.2589837361738168
2022-09-06,0.1,0.0,0.0,0.9,-0.004792842688252197,1.2529496251792676
2022-09-07,0.1,0.0,0.0,0.9,0.002601991647928026,1.2562097896392586
2022-09-08,0.1,0.0,0.0,0.9,-0.0012491992312619771,1.2546405333357373
2022-09-09,0.1,0.0,0.0,0.9,-0.0015396129584090202,1.2527088725124684
2022-09-12,0.1,0.0,0.0,0.9,-0.00048195351826080257,1.2521051250640045
2022-09-13,0.1,0.0,0.0,0.9,-0.004147021003000329,1.2469126188123998
2022-09-14,0.1,0.0,0.0,0.9,-9.688879319627031e-05,1.246791806953542
2022-09-15,0.1,0.0,0.0,0.9,-0.0025193798449612004,1.2436506648042405
2022-09-16,0.1,0.0,0.0,0.9,0.001263226085078739,1.2452216767647466
2022-09-19,0.1,0.0,0.0,0.9,-0.0019407008086253508,1.2428050740497314
2022-09-20,0.1,0.0,0.0,0.9,-0.002042139384116637,1.2402670928612345
2022-09-21,0.1,0.0,0.0,0.9,0.0002923976608187884,1.2406297440579779
2022-09-22,0.1,0.0,0.0,0.9,-0.00565118544982135,1.2336187152997418
2022-09-23,0.1,0.0,0.0,0.9,-0.0010785488615317918,1.232288197238791
2022-09-26,0.1,0.0,0.0,0.9,-0.006184554973822043,1.2246670431393756
2022-09-27,0.1,0.0,0.0,0.9,-0.0017792421746292142,1.2224880638863436
2022-09-28,0.1,0.0,0.0,0.9,0.00931000330141958,1.2338694317970713
2022-09-29,0.1,0.0,0.0,0.9,-0.002352684892713264,1.2309665258253017
2022-09-30,0.1,0.0,0.0,0.9,-0.0013759965054056078,1.229272720187495
2022-10-03,0.1,0.0,0.0,0.9,0.00462649021109045,1.2349599383942027
2022-10-04,0.1,0.0,0.0,0.9,0.001175190424374173,1.2364112514882892
2022-10-05,0.1,0.0,0.0,0.9,-0.0032275592262551614,1.2324206609461026
2022-10-06,0.1,0.0,0.0,0.9,-0.0028465481513795464,1.2289125161919645
2022-10-07,0.1,0.0,0.0,0.9,-0.0023632385120351154,1.2260083028057778
2022-10-10,0.1,0.0,0.0,0.9,0.0,1.2260083028057778
2022-10-11,0.1,0.0,0.0,0.9,-0.0007898200965335556,1.225039976809705
2022-10-12,0.1,0.0,0.0,0.9,0.0015810276679840696,1.2269767989074278
2022-10-13,0.1,0.0,0.0,0.9,-0.003649715037264223,1.2224986832340812
2022-10-14,0.1,0.0,0.0,0.9,-0.0016837240013206302,1.220440332859537
2022-10-17,0.1,0.0,0.0,0.9,0.0009922822491731376,1.2216513541380083
2022-10-18,0.1,0.0,0.0,0.9,0.001288546255506673,1.2232255084159176
2022-10-19,0.1,0.0,0.0,0.9,-0.004354998350379513,1.217898363344624
2022-10-20,0.1,0.0,0.0,0.9,-0.0029837551110619364,1.2142644528782405
2022-10-21,0.1,0.0,0.0,0.9,0.0029936800088700365,1.2178995720963037
2022-10-24,0.1,0.0,0.0,0.9,-0.00039783401480821825,1.2174150502199035
2022-10-25,0.1,0.0,0.0,0.9,0.0038805970149253357,1.222139347429712
2022-10-26,0.1,0.0,0.0,0.9,0.0017833553500660626,1.224318856173477
2022-10-27,0.1,0.0,0.0,0.9,0.0034607778510218792,1.2285559517535105
2022-10-28,0.1,0.0,0.0,0.9,-0.0026595162525994034,1.2252885872325943
2022-10-31,0.1,0.0,0.0,0.9,-0.002074643249176622,1.222746550536799
2022-11-01,0.1,0.0,0.0,0.9,-0.0007921663549345204,1.2217779318588515
2022-11-02,0.1,0.0,0.0,0.9,-0.0006937561942517601,1.2209303158506244
2022-11-03,0.1,0.0,0.0,0.9,-0.0027771655278819086,1.2175395902654982
2022-11-04,0.1,0.0,0.0,0.9,0.0003979659518019485,1.2180241295673946
2022-11-07,0.1,0.0,0.0,0.9,-0.0014917127071823466,1.2162071874956644
2022-11-08,0.1,0.0,0.0,0.9,0.0025899280575539807,1.219357076614358
2022-11-09,0.1,0.0,0.0,0.9,0.0017878821322149907,1.2215371433444269
2022-11-10,0.1,0.0,0.0,0.9,0.010210375592025422,1.2340094963775832
2022-11-11,0.1,0.0,0.0,0.9,0.0,1.2340094963775832
2022-11-14,0.1,0.0,0.0,0.9,-0.001862339359616616,1.2317113519223384
2022-11-15,0.1,0.0,0.0,0.9,0.0029466331987341612,1.2353407534831706
2022-11-16,0.1,0.0,0.0,0.9,0.002055912107037972,1.237880505494574
2022-11-17,0.1,0.0,0.0,0.9,-0.0030280008682440295,1.234132202249154
2022-11-18,0.1,0.0,0.0,0.9,-0.001960143743874554,1.2317131257338012
2022-11-21,0.1,0.0,0.0,0.9,-0.0002946633198734561,1.2313501850550408
2022-11-22,0.1,0.0,0.0,0.9,0.0015720524017468485,1.233285932070848
2022-11-23,0.1,0.0,0.0,0.9,0.0018635571054925527,1.2355842308326628
2022-11-25,0.1,0.0,0.0,0.9,0.00019575856443714292,1.235826107027932
2022-11-28,0.1,0.0,0.0,0.9,0.0002935739915190361,1.2361889134309956
2022-11-29,0.1,0.0,0.0,0.9,-0.0013695652173912666,1.2344958720930357
2022-11-30,0.1,0.0,0.0,0.9,0.005290659699542877,1.2410271696527702
2022-12-01,0.1,0.0,0.0,0.9,0.0046753246753244776,1.2468293746017958
2022-12-02,0.1,0.0,0.0,0.9,0.00048449612403103084,1.2474334586011184
2022-12-05,0.1,0.0,0.0,0.9,-0.0049392015495534295,1.241272133329431
2022-12-06,0.1,0.0,0.0,0.9,0.002142393421337352,1.2439314265819654
2022-12-07,0.1,0.0,0.0,0.9,0.003983160621761606,1.2488862052564984
2022-12-08,0.1,0.0,0.0,0.9,-0.002708221386351406,1.2455039449263035
2022-12-09,0.1,0.0,0.0,0.9,-0.002037296539829647,1.242966484048961
2022-12-12,0.1,0.0,0.0,0.9,-0.0008751080380294596,1.2418787540877685
2022-12-13,0.88,0.12,0.0,0.0,0.004379798853682316,1.2473179332313344
2022-12-14,0.1,0.0,0.0,0.9,3.9656311962978915e-05,1.2473673972604116
2022-12-15,0.1,0.0,0.0,0.9,0.00029019776440235566,1.2477293804904848
2022-12-16,0.1,0.0,0.0,0.9,-9.67014075425765e-05,1.2476087233031592
2022-12-19,0.1,0.0,0.0,0.9,-0.002901353965183684,1.2439889687868058
2022-12-20,0.88,0.12,0.0,0.0,-0.0021345407503234105,1.2413336236399775
2022-12-21,0.88,0.12,0.0,0.0,0.0006182795698924615,1.2421011148588945
2022-12-22,0.88,0.12,0.0,0.0,-0.00032092712279919056,1.2417024909218772
2022-12-23,0.88,0.12,0.0,0.0,-0.00013407821229049599,1.2415360056716978
2022-12-27,0.1,0.0,0.0,0.9,-0.0002818791946308874,1.2411860425023138
2022-12-28,0.1,0.0,0.0,0.9,-0.0005866376969039244,1.240457915980911
2022-12-29,0.1,0.0,0.0,0.9,0.0010762039352103737,1.2417929016715525
2022-12-30,0.1,0.0,0.0,0.9,-0.00039087947882732177,1.2413075103093356
2023-01-03,0.1,0.0,0.0,0.9,0.0011731479469911487,1.2427637476666398
2023-01-04,0.1,0.0,0.0,0.9,0.0026361466695595803,1.2460398551811005
2023-01-05,0.1,0.0,0.0,0.9,-0.001557598702001084,1.2440990251200288
2023-01-06,0.88,0.12,0.0,0.0,0.0063387149203596675,1.251985014172962
2023-01-09,0.88,0.12,0.0,0.0,0.0006626905235255265,1.2528146927774506
2023-01-10,0.88,0.12,0.0,0.0,-9.226713532514363e-05,1.2526990991546547
2023-01-11,0.88,0.12,0.0,0.0,0.00046169066725294523,1.2532774586376108
2023-01-12,0.05,0.12,0.83,0.0,0.0005650459921156336,1.2539856180426228
2023-01-13,0.88,0.12,0.0,0.0,-0.0016857295563869356,1.2518717374230042
2023-01-17,0.05,0.12,0.8299999999999998,0.0,-2.615803814713935e-05,1.2518389909143415
2023-01-18,0.05,0.12,0.8300000000000001,0.0,0.005977875321181569,1.2593223283242212
2023-01-19,0.05,0.12,0.8300000000000001,0.0,-0.0019530111998411538,1.256862857712794
2023-01-20,0.05,0.12,0.8300000000000001,0.0,-0.002658903755436205,1.2535209803403533
2023-01-23,0.88,0.12,0.0,0.0,-0.0008176531612803839,1.2524960349480467
2023-01-24,0.05,0.12,0.83,0.0,-3.936577364680005e-05,1.2524467294726414
2023-01-25,0.05,0.0,0.95,0.0,0.00027541372808060683,1.252791670495628
2023-01-26,0.05,0.0,0.95,0.0,-0.0007091064192792539,1.2519033078800599
2023-01-27,0.05,0.12,0.8299999999999998,0.0,-0.000608259524063448,1.2511418257698355
2023-01-30,0.05,0.10122476753751812,0.8487752324624818,0.0,-0.0016078428307651823,1.2491301863550008
2023-01-31,0.05,0.12,0.83,0.0,0.004111754019688697,1.2542663024198604
2023-02-01,0.05,0.12,0.8299999999999998,0.0,0.003901639759560611,1.2591599976944587
2023-02-02,0.05,0.12,0.8299999999999998,0.0,0.002923998306644377,1.2628417793955118
2023-02-03,0.05,0.12,0.8300000000000001,0.0,-0.005541105490110791,1.255844239878562
2023-02-06,0.05,0.12,0.8300000000000001,0.0,-0.005199300736513217,1.2493147279972157
2023-02-07,0.88,0.12,0.0,0.0,-0.0005721423541709458,1.248599942127639
2023-02-08,0.1,0.0,0.0,0.9,-0.0001962494548626381,1.248354905069655
2023-02-09,0.1,0.0,0.0,0.9,-0.0021329311644941898,1.2456922499882828
2023-02-10,0.1,0.0,0.0,0.9,-0.0017492711370261983,1.243513196489761
2023-02-13,0.1,0.0,0.0,0.9,0.0005842259006813899,1.2442396891069893
2023-02-14,0.1,0.0,0.0,0.9,-0.0030165423289002626,1.2404863874175005
2023-02-15,0.1,0.0,0.0,0.9,-0.0006834454328488838,1.2396385826615088
2023-02-16,0.1,0.0,0.0,0.9,-0.0011725111279992095,1.238185092628641
2023-02-17,0.1,0.0,0.0,0.9,0.0015653875421242525,1.2401233321474858
2023-02-21,0.1,0.0,0.0,0.9,-0.004492674986435197,1.2345518610730521
2023-02-22,0.1,0.0,0.0,0.9,0.0005889409968371063,1.2352789392767596
2023-02-23,0.1,0.0,0.0,0.9,0.0012752043596729434,1.2368541723655373
2023-02-24,0.1,0.0,0.0,0.9,-0.0031345232912493803,1.2329772241543786
2023-02-27,0.1,0.0,0.0,0.9,0.0011795543905635864,1.2344315878525947
2023-02-28,0.1,0.0,0.0,0.9,0.0005890052356020137,1.2351586745208323
2023-03-01,0.1,0.0,0.0,0.9,-0.0034336167429692035,1.230917613015774
2023-03-02,0.1,0.0,0.0,0.9,-0.0013787066418645578,1.2292205387271211
2023-03-03,0.1,0.0,0.0,0.9,0.0025643835616438572,1.232372731670268
2023-03-06,0.1,0.0,0.0,0.9,-0.0006884493497978817,1.231524305464441
2023-03-07,0.1,0.0,0.0,0.9,-0.0016732283464567122,1.2294636840871875
2023-03-08,0.1,0.0,0.0,0.9,-0.0006902596691135354,1.2286150348914224
2023-03-09,0.1,0.0,0.0,0.9,0.004046052631578823,1.2335860759865422
2023-03-10,0.1,0.0,0.0,0.9,0.008940072044536552,1.244614424378999
2023-03-13,0.1,0.0,0.0,0.9,0.009922178988327012,1.256963711469141
2023-03-14,0.1,0.0,0.0,0.9,-0.005195638229634403,1.2504329827565688
2023-03-15,0.1,0.0,0.0,0.9,0.008419354838709814,1.2609608217404227
2023-03-16,0.1,0.0,0.0,0.9,-0.005656759348034535,1.2538278698245373
2023-03-17,0.05,0.0,0.95,0.0,0.007043310463121788,1.2626589687790262
2023-03-20,0.05,0.0,0.95,0.0,-0.0020482966796033395,1.2600726686058046
2023-03-21,0.05,0.0,0.95,0.0,-0.0010263612791703068,1.2587793788098067
2023-03-22,0.05,0.0,0.95,0.0,0.008528012113346473,1.2695142646003275
2023-03-23,0.05,0.0,0.95,0.0,0.0028513238289205266,1.2731340608741368
2023-03-24,0.05,0.0,0.95,0.0,-0.0011168109436784756,1.2717122108221828
2023-03-27,0.05,0.0,0.95,0.0,-0.005082388187459902,1.2652488757040516
2023-03-28,0.05,0.0,0.95,0.0,-0.001532917383820942,1.263309353707625
2023-03-29,0.05,0.0,0.95,0.0,0.00010235965951934655,1.2634386656229382
2023-03-30,0.05,0.0,0.95,0.0,0.0019446240034477367,1.2658955787789925
2023-03-31,0.05,0.12,0.48919250089004906,0.34080749910995095,0.005209117299214949,1.27248977733741
2023-04-03,0.05,0.12,0.48919250089004906,0.34080749910995095,0.002927726009560033,1.2762152787554197
2023-04-04,0.05,0.12,0.48919250089004906,0.34080749910995095,0.0031829441003833675,1.2802774006477535
2023-04-05,0.05,0.12,0.48919250089004906,0.34080749910995095,0.0005515271627685634,1.2809835084100893
2023-04-06,0.05,0.12,0.48919250089004906,0.34080749910995095,-4.124873377057456e-05,1.2809306694623865
2023-04-10,0.05,0.12,0.48919250089004906,0.34080749910995095,-0.004747973973880706,1.2748488439814336
2023-04-11,0.05,0.12,0.48919250089004906,0.34080749910995095,0.00030299902239843286,1.2752351219348657
2023-04-12,0.05,0.12,0.48919250089004906,0.34080749910995095,0.0019828684177067317,1.2777637453833008
2023-04-13,0.05,0.12,0.48919250089004906,0.34080749910995095,-8.816807907421095e-05,1.2776510874083598
2023-04-14,0.05,0.12,0.48919250089004906,0.34080749910995095,-0.002491188846033744,1.2744682172702853
2023-04-17,0.05,0.12,0.48919250089004906,0.34080749910995095,-0.002710397679961188,1.2710139015710116
2023-04-18,0.05,0.12,0.48919250089004906,0.34080749910995095,0.0006394425489149369,1.2718266419399384
2023-04-19,0.05,0.12,0.48919250089004906,0.34080749910995095,-0.0013704516052132272,1.270083665076939
2023-04-20,0.05,0.12,0.48919250089004906,0.34080749910995095,0.002074023212977321,1.2727178480807317
2023-04-21,0.05,0.12,0.48919250089004906,0.34080749910995095,-0.0007925826695937346,1.2717091139710603
2023-04-24,0.05,0.12,0.48919250089004906,0.34080749910995095,0.0022409082019153033,1.2745588973550084
2023-04-25,0.05,0.12,0.48919250089004906,0.34080749910995095,0.00492744168440709,1.2808392119950676
2023-04-26,0.05,0.12,0.48919250089004906,0.34080749910995095,-0.002255073611850609,1.277950825287074
2023-04-27,0.05,0.12,0.48919250089004906,0.34080749910995095,-0.0031680936858629475,1.2739021573466387
2023-04-28,0.05,0.12,0.5280811759990356,0.30191882400096437,0.0032249712165262753,1.2780104551367522
2023-05-01,0.05,0.12,0.5280811759990356,0.30191882400096437,-0.004384604668646569,1.2724068845285805
2023-05-02,0.05,0.12,0.5280811759990356,0.30191882400096437,0.004552632756828299,1.2781996857910993
2023-05-03,0.05,0.12,0.5280811759990356,0.30191882400096437,0.003337812185520504,1.2824660762778615
2023-05-04,0.05,0.12,0.5280811759990356,0.30191882400096437,-0.0011448121434553353,1.2809978935401691
2023-05-05,0.05,0.12,0.5280811759990356,0.30191882400096437,-0.002295015560642866,1.2780579834413437
2023-05-08,0.05,0.12,0.5280811759990356,0.30191882400096437,-0.003001613432516398,1.2742217474307114
2023-05-09,0.05,0.12,0.5280811759990356,0.30191882400096437,-0.0006710349546561901,1.2733667000982023
2023-05-10,0.05,0.12,0.5280811759990356,0.30191882400096437,0.00406245183867725,1.2785396909903266
2023-05-11,0.05,0.12,0.5280811759990356,0.30191882400096437,0.0010099351210365246,1.2798309331278968
2023-05-12,0.05,0.12,0.5280811759990356,0.30191882400096437,-0.0026469588387649495,1.276443273327329
2023-05-15,0.05,0.12,0.5280811759990356,0.30191882400096437,-0.0008607705407503845,1.2753445485607098
2023-05-16,0.05,0.12,0.5280811759990356,0.30191882400096437,-0.002104288326250433,1.2726608559152264
2023-05-17,0.05,0.12,0.5280811759990356,0.30191882400096437,-0.0018747903080366761,1.2702748836771387
2023-05-18,0.05,0.12,0.5280811759990356,0.30191882400096437,-0.0031510667971321347,1.2662721626679527
2023-05-19,0.05,0.12,0.5280811759990356,0.30191882400096437,-0.0010363214832694763,1.264959897622114
2023-05-22,0.05,0.12,0.5280811759990356,0.30191882400096437,-0.0001645335394903558,1.264751769292845
2023-05-23,0.05,0.12,0.5280811759990356,0.30191882400096437,0.0004568683031532727,1.2653295942875917
2023-05-24,0.05,0.12,0.5280811759990356,0.30191882400096437,-0.002274259797135438,1.2624519060611776
2023-05-25,0.1,0.0,0.0,0.9,-0.003313760681672706,1.2582684425723694
2023-05-26,0.1,0.0,0.0,0.9,-0.0010670403104117044,1.2569258194228257
2023-05-30,0.05,0.0,0.95,0.0,0.004855940433797268,1.263029376331645
2023-05-31,0.05,0.0,0.41932694566847184,0.5306730543315281,0.0023499677349967606,1.2659974546143773
2023-06-01,0.05,0.0,0.41932694566847184,0.5306730543315281,0.0017185560179635026,1.2681731421587314
2023-06-02,0.05,0.0,0.41932694566847184,0.5306730543315281,-0.004078206648497387,1.263001270018934
2023-06-05,0.05,0.0,0.41932694566847184,0.5306730543315281,0.00035118630819504015,1.2634448187721976
2023-06-06,0.05,0.0,0.41932694566847184,0.5306730543315281,-0.00030600848855205404,1.2630581939328362
2023-06-07,0.88,0.12,0.0,0.0,-0.0029921790508174893,1.2592788976649871
2023-06-08,0.05,0.12,0.8299999999999998,0.0,5.302109797856502e-05,1.2593456660148026
2023-06-09,0.88,0.12,0.0,0.0,-0.0019466928093401833,1.2568941068622979
2023-06-12,0.05,0.12,0.8299999999999998,0.0,-3.97131825703223e-05,1.2568441915971604
2023-06-13,0.88,0.12,0.0,0.0,-0.0024828243065586615,1.2537236682887059
2023-06-14,0.88,0.12,0.0,0.0,-7.93213616833821e-05,1.2536242212201625
2023-06-15,0.05,0.12,0.8300000000000001,0.0,0.0002381214860544567,1.2539227360826735
2023-06-16,0.88,0.12,0.0,0.0,-0.001326082941703415,1.25225993053214
2023-06-20,0.88,0.12,0.0,0.0,-0.00019801980198020706,1.2520119582686684
2023-06-21,0.05,0.12,0.8299999999999998,0.0,-0.000383471074380175,1.2515318478978943
2023-06-22,0.05,0.12,0.8300000000000001,0.0,-0.0026625000882870517,1.2481996442423722
2023-06-23,0.05,0.12,0.83,0.0,0.000961049967680523,1.2493992264701301
2023-06-26,0.05,0.12,0.8300000000000001,0.0,0.0011488886326495784,1.2508346470390628
2023-06-27,0.05,0.12,0.83,0.0,-0.0014030430800131767,1.249079672143294
2023-06-28,0.05,0.12,0.8300000000000002,0.0,0.0021711260043617764,1.251791581501004
2023-06-29,0.88,0.12,0.0,0.0,-0.004020142207470459,1.2467592013292554
2023-06-30,0.88,0.12,0.0,0.0,0.0004247317774582626,1.2472887395808983
2023-07-03,0.88,0.12,0.0,0.0,2.645211065798847e-05,1.24732173300066
2023-07-05,0.1,0.0,0.0,0.9,-0.00022479338842975593,1.2470413433218368
2023-07-06,0.1,0.0,0.0,0.9,-0.0035194438409732465,1.2426524513466437
2023-07-07,0.1,0.0,0.0,0.9,0.0005888767720829913,1.2433842205110137
2023-07-10,0.1,0.0,0.0,0.9,0.002844376634699075,1.2469208735357888
2023-07-11,0.1,0.0,0.0,0.9,0.00039109179793601624,1.2474085340621037
2023-07-12,0.1,0.0,0.0,0.9,0.004984254533608268,1.2536259357032644
2023-07-13,0.88,0.12,0.0,0.0,0.004373650107991312,1.2591088569123339
2023-07-14,0.88,0.12,0.0,0.0,-0.00017028708656259716,1.2588944469334251
2023-07-17,0.88,0.12,0.0,0.0,-0.00020988194140796778,1.2586302277228751
2023-07-18,0.88,0.12,0.0,0.0,0.0002890932982917338,1.2589940892867373
2023-07-19,0.88,0.12,0.0,0.0,0.00013109023377757544,1.2591591311162267
2023-07-20,0.1,0.0,0.0,0.9,-0.00043212570929724415,1.258615016083575
2023-07-21,0.88,0.12,0.0,0.0,0.00019444744517678193,1.2588597505579135
2023-07-24,0.88,0.12,0.0,0.0,9.192383453711982e-05,1.2589754697733293
2023-07-25,0.88,0.12,0.0,0.0,-0.00017058501913615575,1.2587607074187261
2023-07-26,0.1,0.0,0.0,0.9,-3.942181340339523e-05,1.2587110847889986
2023-07-27,0.1,0.0,0.0,0.9,-0.004279230602982564,1.2533247697946561
2023-07-28,0.1,0.0,0.0,0.9,0.0019543973941368088,1.2557742644587497
2023-07-31,0.88,0.12,0.0,0.0,0.0007800650054171632,1.2567538500171576
2023-08-01,0.88,0.12,0.0,0.0,-0.0003797054009820044,1.2562766537926011
2023-08-02,0.1,0.0,0.0,0.9,-0.0004991243432574421,1.2556496155328272
2023-08-03,0.1,0.0,0.0,0.9,-0.002148437500000011,1.2529519308119559
2023-08-04,0.88,0.12,0.0,0.0,0.004600826626060562,1.2587165454164095
2023-08-07,0.88,0.12,0.0,0.0,0.00013179571663922472,1.2588824388655582
2023-08-08,0.88,0.12,0.0,0.0,1.3165112451982708e-05,1.2588990121944297
2023-08-09,0.88,0.12,0.0,0.0,0.00015796401930671776,1.2590978729422972
2023-08-10,0.88,0.12,0.0,0.0,0.0001446099912357468,1.2592799510746682
2023-08-11,0.88,0.12,0.0,0.0,-0.00028887186781922924,1.258916180523094
2023-08-14,0.88,0.12,0.0,0.0,-0.00015794669299112218,1.2587173388756274
2023-08-15,0.88,0.12,0.0,0.0,-0.00022405271828665807,1.258435319834298
2023-08-16,0.88,0.12,0.0,0.0,-7.922535211267512e-05,1.258335619852973
2023-08-17,0.88,0.12,0.0,0.0,-0.000541730896278354,1.2576539405698108
2023-08-18,0.88,0.12,0.0,0.0,-0.00019909302068354061,1.2574035504478083
2023-08-21,0.88,0.12,0.0,0.0,-0.00013294925769999022,1.2572363795791468
2023-08-22,0.88,0.12,0.0,0.0,0.00013309671694766934,1.257403713613696
2023-08-23,0.88,0.12,0.0,0.0,0.0005317970307999075,1.2580723971751124
2023-08-24,0.88,0.12,0.0,0.0,-0.0001455989410986147,1.2578892231662582
2023-08-25,0.88,0.12,0.0,0.0,-1.325234676972542e-05,1.257872553182075
2023-08-28,0.88,0.12,0.0,0.0,0.0002783300198807126,1.2582226568748096
2023-08-29,0.05,0.12,0.83,0.0,0.00042314049586776646,1.2587550618337515
2023-08-30,0.05,0.12,0.83,0.0,0.00036637210040356026,1.2592162345696492
2023-08-31,0.05,0.12,0.8300000000000001,0.0,0.0016794712827658675,1.2613310520744014
2023-09-01,0.88,0.12,0.0,0.0,-0.002276373081292521,1.258459792020861
2023-09-05,0.88,0.12,0.0,0.0,-0.0003943044906900317,1.2579635756735144
2023-09-06,0.88,0.12,0.0,0.0,-0.00035604395604395213,1.2575156853454723
2023-09-07,0.88,0.12,0.0,0.0,6.613027664499782e-05,1.2575988452056295
2023-09-08,0.88,0.12,0.0,0.0,0.00011896893588896339,1.2577484604020188
2023-09-11,0.88,0.12,0.0,0.0,6.602839220864353e-05,1.257831507510662
2023-09-12,0.88,0.12,0.0,0.0,-9.23889133304101e-05,1.2577152978245305
2023-09-13,0.88,0.12,0.0,0.0,7.925151348375792e-05,1.2578149736654147
2023-09-14,0.88,0.12,0.0,0.0,0.00015839841601585468,1.2580142095648843
2023-09-15,0.88,0.12,0.0,0.0,-0.00018455454245853265,1.2577820373280317
2023-09-18,0.88,0.12,0.0,0.0,-0.00013202772582241007,1.257615975226063
2023-09-19,0.88,0.12,0.0,0.0,-0.00021147703491575243,1.2573500183285595
2023-09-20,0.88,0.12,0.0,0.0,5.2962595167169724e-05,1.2574166108485636
2023-09-21,0.88,0.12,0.0,0.0,-0.0006882099922796891,1.256551244172519
2023-09-22,0.88,0.12,0.0,0.0,7.986688851911338e-05,1.2566516010106559
2023-09-25,0.1,0.0,0.0,0.9,-0.0003724642500831221,1.2561835432144697
2023-09-26,0.1,0.0,0.0,0.9,-9.867339107544337e-05,1.2560595913244474
2023-09-27,0.1,0.0,0.0,0.9,-0.001973684210526372,1.2535805263415702
2023-09-28,0.1,0.0,0.0,0.9,0.001978021978021971,1.2560601361738941
2023-09-29,0.1,0.0,0.0,0.9,0.000493421052631593,1.2566799026884534
2023-10-02,0.1,0.0,0.0,0.9,-0.003057534246575322,1.2528375608490006
2023-10-03,0.1,0.0,0.0,0.9,-0.00277105784033429,1.2493658755033448
2023-10-04,0.1,0.0,0.0,0.9,0.002978160158835119,1.2530866871775772
2023-10-05,0.1,0.0,0.0,0.9,0.001088390501319214,1.2544505348252308
2023-10-06,0.1,0.0,0.0,0.9,-0.0021741517514,1.2517231689978958
2023-10-09,0.1,0.0,0.0,0.9,0.0,1.2517231689978958
2023-10-10,0.1,0.0,0.0,0.9,0.0046560264171711776,1.2575512251397352
2023-10-11,0.1,0.0,0.0,0.9,0.000985545335085547,1.2587905988833028
2023-10-12,0.1,0.0,0.0,0.9,-0.003642528987092608,1.2542054176381907
2023-10-13,0.1,0.0,0.0,0.9,0.0020757825370675497,1.2568088753420197
2023-10-16,0.1,0.0,0.0,0.9,-0.002169625246548357,1.2540820710759915
2023-10-17,0.1,0.0,0.0,0.9,-0.004547451669595837,1.2483791934680668
2023-10-18,0.1,0.0,0.0,0.9,-0.0013910355486862148,1.2466426536317126
2023-10-19,0.1,0.0,0.0,0.9,-0.0005970809376382058,1.2458983070671823
2023-10-20,0.1,0.0,0.0,0.9,0.0030869661429520747,1.2497443529586598
2023-10-23,0.1,0.0,0.0,0.9,0.0015878266622560532,1.2517287303632914
2023-10-24,0.1,0.0,0.0,0.9,0.0,1.2517287303632914
2023-10-25,0.1,0.0,0.0,0.9,-0.0030709961474957195,1.247884676254636
2023-10-26,0.1,0.0,0.0,0.9,0.0031809145129224393,1.2518540907317879
2023-10-27,0.1,0.0,0.0,0.9,0.0012876953554918247,1.2534660974301768
2023-10-30,0.1,0.0,0.0,0.9,-0.0013847675568744334,1.2517303382448135
2023-10-31,0.1,0.0,0.0,0.9,0.0002971931755640922,1.2521023439589865
2023-11-01,0.1,0.0,0.0,0.9,0.004753521126760508,1.2580542389038618
2023-11-02,0.1,0.0,0.0,0.9,0.0011821366024518999,1.2595414308675397
2023-11-03,0.88,0.12,0.0,0.0,0.0045255793616089555,1.2652415855721653
2023-11-06,0.88,0.12,0.0,0.0,-7.942636514065793e-05,1.2651410920319983
2023-11-07,0.88,0.12,0.0,0.0,-0.00018545093277404055,1.2649064704363904
2023-11-08,0.88,0.12,0.0,0.0,6.63349917081124e-05,1.2649903779966183
2023-11-09,0.88,0.12,0.0,0.0,-0.00035801104972374984,1.2645374974635013
2023-11-10,0.88,0.12,0.0,0.0,6.649673057739668e-05,1.2646215850727753
2023-11-13,0.88,0.12,0.0,0.0,1.3291980505112377e-05,1.2646383943982304
2023-11-14,0.05,0.12,0.83,0.0,0.0011296932107653123,1.2660670478064553
2023-11-15,0.05,0.12,0.83,0.0,-0.0029095593399140183,1.2623833506025526
2023-11-16,0.05,0.12,0.8300000000000001,0.0,0.0031305313912564545,1.2663352813094133
2023-11-17,0.05,0.12,0.8300000000000001,0.0,0.0005287400323740222,1.2670048434670493
2023-11-20,0.05,0.12,0.8299999999999998,0.0,0.0011492473293371508,1.268460945399661
2023-11-21,0.05,0.12,0.8300000000000001,0.0,0.000897588407050882,1.2695995012390484
2023-11-22,0.05,0.12,0.8300000000000001,0.0,0.0005429793072275735,1.2702888674966877
2023-11-24,0.05,0.12,0.83,0.0,-0.0016658021666159607,1.2681728175489837
2023-11-27,0.05,0.12,0.83,0.0,0.0034036942918234912,1.2724892901291207
2023-11-28,0.05,0.12,0.8300000000000001,0.0,0.0026277501593699793,1.275833074064054
2023-11-29,0.05,0.12,0.83,0.0,0.004070798204468185,1.2810267330511549
2023-11-30,0.05,0.12,0.7134096502815077,0.11659034971849223,-0.0003743526783028617,1.2805471772626595
2023-12-01,0.05,0.12,0.8300000000000001,0.0,0.004942008698966157,1.2868756525521283
2023-12-04,0.05,0.12,0.8300000000000001,0.0,-0.0016799829551507352,1.2847137233904422
2023-12-05,0.05,0.12,0.8300000000000001,0.0,0.0026124171923354836,1.2880699316086566
2023-12-06,0.05,0.12,0.8300000000000001,0.0,0.0012023797507844526,1.2896186808120171
2023-12-07,0.05,0.12,0.8300000000000001,0.0,-0.00020011787812899588,1.2893606050580175
2023-12-08,0.05,0.12,0.8300000000000001,0.0,-0.003134140743566171,1.285319567452556
2023-12-11,0.05,0.12,0.8300000000000001,0.0,-0.00011647972389991157,1.2851698537842158
2023-12-12,0.05,0.12,0.8300000000000001,0.0,0.001470927525049417,1.2870602454965108
2023-12-13,0.05,0.12,0.8300000000000001,0.0,0.008531458914531727,1.2980407471014914
2023-12-14,0.05,0.12,0.8300000000000001,0.0,0.006209125691156126,1.3061004452524867
2023-12-15,0.05,0.12,0.8300000000000001,0.0,-0.0009617569951845973,1.3048442940128513
2023-12-18,0.05,0.12,0.8300000000000001,0.0,-0.001022640101307133,1.303509907911832
2023-12-19,0.05,0.12,0.8300000000000001,0.0,0.000840104899393439,1.3046049929718764
2023-12-20,0.05,0.12,0.8300000000000001,0.0,0.002185653065494679,1.307456406874025
2023-12-21,0.05,0.12,0.8300000000000001,0.0,-0.0003843992584143208,1.3069538216008136
2023-12-22,0.05,0.12,0.8300000000000001,0.0,0.00011403230915425944,1.3071028565630487
2023-12-26,0.05,0.12,0.8300000000000001,0.0,0.00018679019050419133,1.3073470105546345
2023-12-27,0.05,0.12,0.8300000000000001,0.0,0.003923349472659992,1.3124761897590778
2023-12-28,0.05,0.12,0.8300000000000001,0.0,-0.0011898733890850378,1.3109145092670758
2023-12-29,0.05,0.12,0.6152515559149971,0.21474844408500277,-0.0004229289654887536,1.3103600855498272
2024-01-02,0.05,0.12,0.6152515559149971,0.21474844408500277,-0.002345892464175514,1.3072861216997795
2024-01-03,0.05,0.12,0.6152515559149971,0.21474844408500277,-0.0005732321002421614,1.30653674333062
2024-01-04,0.05,0.12,0.6152515559149971,0.21474844408500277,-0.0026522930482783293,1.3030714250089641
2024-01-05,0.05,0.12,0.6152515559149971,0.21474844408500277,-0.0011210738733628558,1.3016105856792608
2024-01-08,0.05,0.12,0.6152515559149971,0.21474844408500277,0.0016536506437693642,1.3037629948622065
2024-01-09,0.05,0.12,0.6152515559149971,0.21474844408500277,0.000563981968948772,1.3044982936830913
2024-01-10,0.05,0.12,0.6152515559149971,0.21474844408500277,0.0003825396735397047,1.30499731603449
2024-01-11,0.05,0.12,0.6152515559149971,0.21474844408500277,0.0028202097946278264,1.3086776822471338
2024-01-12,0.05,0.12,0.6152515559149971,0.21474844408500277,0.0022340072917862303,1.3116012777318717
2024-01-16,0.05,0.12,0.6152515559149971,0.21474844408500277,-0.0035873043719099273,1.3068961647340616
2024-01-17,0.05,0.12,0.6152515559149971,0.21474844408500277,-0.0028378608530706985,1.3031873752691345
2024-01-18,0.05,0.12,0.6152515559149971,0.21474844408500277,-0.00020283209408607727,1.302923047044822
2024-01-19,0.05,0.12,0.6152515559149971,0.21474844408500277,-0.0003377103251500154,1.302483036478959
2024-01-22,0.05,0.12,0.6152515559149971,0.21474844408500277,0.001309144327692034,1.3041881747580806
2024-01-23,0.05,0.12,0.6152515559149971,0.21474844408500277,-0.0008045590846710302,1.3031388783139584
2024-01-24,0.05,0.12,0.6152515559149971,0.21474844408500277,-0.0007527480942531552,1.3021579430067602
2024-01-25,0.05,0.12,0.6152515559149971,0.21474844408500277,0.002534417591222661,1.305458155004067
2024-01-26,0.05,0.12,0.6152515559149971,0.21474844408500277,-0.0004791244284809518,1.3048326781116448
2024-01-29,0.05,0.12,0.6152515559149971,0.21474844408500277,0.0020853058526851946,1.3075536533320862
2024-01-30,0.05,0.12,0.6152515559149971,0.21474844408500277,-0.000499886501787333,1.3069000249104228
2024-01-31,0.05,0.12,0.5913479805633448,0.2386520194366552,0.004354418949565966,1.3125908151440808
2024-02-01,0.05,0.12,0.5913479805633448,0.2386520194366552,0.002081815390251104,1.31532338690415
2024-02-02,0.05,0.12,0.5913479805633448,0.2386520194366552,-0.00541182423765108,1.308205087918553
2024-02-05,0.05,0.12,0.5913479805633448,0.2386520194366552,-0.004036169702742771,1.302924950177722
2024-02-06,0.05,0.12,0.5913479805633448,0.2386520194366552,0.0028194641026619144,1.3065985003032108
2024-02-07,0.05,0.12,0.5913479805633448,0.2386520194366552,-0.0005835704543200956,1.3058360080227749
2024-02-08,0.05,0.12,0.5913479805633448,0.2386520194366552,-0.0014997744012827398,1.303877548605669
2024-02-09,0.05,0.12,0.5913479805633448,0.2386520194366552,-0.0005615294280613773,1.3031453829915385
2024-02-12,0.05,0.12,0.5913479805633448,0.2386520194366552,0.0003381507381480693,1.3035860425647114
2024-02-13,0.05,0.12,0.5913479805633448,0.2386520194366552,-0.006019792713401032,1.295738724804389
2024-02-14,0.05,0.12,0.5913479805633448,0.2386520194366552,0.002193671075654969,1.2985811493665984
2024-02-15,0.05,0.12,0.5913479805633448,0.2386520194366552,0.0016090176485126966,1.300670589353955
2024-02-16,0.05,0.12,0.5913479805633448,0.2386520194366552,-0.0019491474421299958,1.298135390601662
2024-02-20,0.05,0.12,0.5913479805633448,0.2386520194366552,0.001294997849255562,1.2998164731405337
2024-02-21,0.05,0.12,0.5913479805633448,0.2386520194366552,-0.0013837791898454977,1.2980178141543834
2024-02-22,0.05,0.12,0.5913479805633448,0.2386520194366552,0.00015059291238013215,1.2982132864373384
2024-02-23,0.05,0.12,0.5913479805633448,0.2386520194366552,0.0012483244773937028,1.2998338778596759
2024-02-26,0.05,0.12,0.5913479805633448,0.2386520194366552,-0.0012671495155986707,1.2981867939909872
2024-02-27,0.05,0.12,0.5913479805633448,0.2386520194366552,-0.0007803968140763003,1.2971736931528808
2024-02-28,0.05,0.12,0.5913479805633448,0.2386520194366552,0.0009713022698608301,1.2984336409054438
2024-02-29,0.05,0.12,0.7253392549756341,0.10466074502436572,0.0010108439253567751,1.299746154663832
2024-03-01,0.05,0.12,0.7253392549756341,0.10466074502436572,0.0024930941929917853,1.3029865442543878
2024-03-04,0.05,0.12,0.7253392549756341,0.10466074502436572,-0.0007291089185954131,1.302036525144162
2024-03-05,0.05,0.12,0.7253392549756341,0.10466074502436572,0.002000237073897576,1.304640906873324
2024-03-06,0.05,0.12,0.7253392549756341,0.10466074502436572,0.000993953431538602,1.3059376591796363
2024-03-07,0.05,0.12,0.7253392549756341,0.10466074502436572,0.0013279720368552866,1.307671907872903
2024-03-08,0.05,0.12,0.7253392549756341,0.10466074502436572,0.001151735367919572,1.309177999858835
2024-03-11,0.05,0.12,0.7253392549756341,0.10466074502436572,-0.0009194594314574558,1.3079742637994083
2024-03-12,0.05,0.12,0.7253392549756341,0.10466074502436572,-0.0014376175920465693,1.3060938969878262
2024-03-13,0.05,0.12,0.7253392549756341,0.10466074502436572,-0.0005039153031970711,1.3054357362857218
2024-03-14,0.05,0.12,0.7253392549756341,0.10466074502436572,-0.0031619140823787376,1.3013080606475196
2024-03-15,0.05,0.12,0.7253392549756341,0.10466074502436572,-0.0010144727428940453,1.2999879190898844
2024-03-18,0.05,0.12,0.8299999999999998,0.0,7.112023914584916e-05,1.300080374541577
2024-03-19,0.05,0.12,0.8299999999999998,0.0,0.0016165680363734,1.3021820429197772
2024-03-20,0.05,0.12,0.8299999999999998,0.0,0.0013251869798798065,1.303907677608488
2024-03-21,0.05,0.12,0.8299999999999998,0.0,0.000701755697005435,1.3048227022496188
2024-03-22,0.05,0.12,0.8299999999999998,0.0,0.0018954341758070333,1.3072959077928317
2024-03-25,0.05,0.12,0.8299999999999998,0.0,-0.001257815561399803,1.3056515706566556
2024-03-26,0.05,0.12,0.8299999999999998,0.0,1.1530781273318954e-05,1.3056666258393361
2024-03-27,0.05,0.12,0.8299999999999998,0.0,0.001134427390808612,1.307147809822953
2024-03-28,0.05,0.12,0.709113048873985,0.12088695112601502,-0.00048457281589418523,1.306514401527957
2024-04-01,0.05,0.12,0.709113048873985,0.12088695112601502,-0.0028465725954753543,1.3027953134369736
2024-04-02,0.05,0.12,0.709113048873985,0.12088695112601502,-0.000628388238595389,1.3019766521847127
2024-04-03,0.05,0.12,0.709113048873985,0.12088695112601502,0.000887962153089139,1.3031327581760583
2024-04-04,0.05,0.12,0.709113048873985,0.12088695112601502,0.0014146129650235125,1.3049761866709209
2024-04-05,0.05,0.12,0.709113048873985,0.12088695112601502,-0.0031729878268789194,1.3008355131162472
2024-04-08,0.05,0.12,0.83,0.0,-0.0008542133852384962,1.2997243220089498
2024-04-09,0.05,0.12,0.83,0.0,0.0020169311344583373,1.3023457764602226
2024-04-10,0.05,0.12,0.83,0.0,-0.0072257673122351675,1.292935328919449
2024-04-11,0.05,0.12,0.8300000000000001,0.0,-0.0006819751427792474,1.2920535791639047
2024-04-12,0.05,0.12,0.83,0.0,0.0010059904971326228,1.2933533727863298
2024-04-15,0.05,0.12,0.8299999999999998,0.0,-0.003186802637979795,1.2892317108460942
2024-04-16,0.05,0.12,0.8300000000000001,0.0,-0.0030348237600056898,1.2853191198178657
2024-04-17,0.05,0.12,0.83,0.0,0.0025195614078484833,1.2885575602689288
2024-04-18,0.05,0.12,0.8299999999999998,0.0,-0.001667204669819623,1.2864092710871171
2024-04-19,0.05,0.12,0.8299999999999998,0.0,0.0007480120666821642,1.287371520744582
2024-04-22,0.05,0.12,0.83,0.0,0.0007629262403727009,1.2883536902588666
2024-04-23,0.05,0.12,0.8299999999999998,0.0,0.002038984966529551,1.2909806240648773
2024-04-24,0.05,0.12,0.83,0.0,-0.001148005341272704,1.2894985714129714
2024-04-25,0.05,0.12,0.83,0.0,-0.0023645053817163073,1.28644954510115
2024-04-26,0.05,0.12,0.83,0.0,0.001572531142643787,1.2884725270742614
2024-04-29,0.05,0.12,0.8299999999999998,0.0,0.0018468547898303012,1.2908521487324531
2024-04-30,0.05,0.12,0.83,0.0,-0.0018259713769633455,1.288495089656976
2024-05-01,0.05,0.12,0.8300000000000001,0.0,0.001959540076912256,1.2910199474240636
2024-05-02,0.05,0.12,0.83,0.0,0.003155630190673309,1.2950939289469163
2024-05-03,0.05,0.12,0.8299999999999998,0.0,0.0036616890333450746,1.2998361601836932
2024-05-06,0.05,0.12,0.8300000000000001,0.0,0.0008025773796489299,1.3008793792831064
2024-05-07,0.05,0.12,0.8300000000000001,0.0,0.000738457407374913,1.3018400232968395
2024-05-08,0.05,0.12,0.83,0.0,-0.0012388294915127085,1.3002272654827478
2024-05-09,0.05,0.12,0.8299999999999998,0.0,0.0007382570810484169,1.3011871674684625
2024-05-10,0.05,0.12,0.8299999999999998,0.0,-0.0016513895717841951,1.2990384005491658
2024-05-13,0.05,0.12,0.8300000000000001,0.0,0.00021269402381231202,1.2993146982536652
2024-05-14,0.05,0.12,0.8299999999999998,0.0,0.0013404621016457497,1.3010563803647854
2024-05-15,0.05,0.12,0.8299999999999998,0.0,0.0039053136280581572,1.3061374135778963
2024-05-16,0.05,0.12,0.8299999999999998,0.0,-0.0010335392085107295,1.3047874693492607
2024-05-17,0.05,0.12,0.8299999999999998,0.0,-0.0011605414454668238,1.303273209413555
2024-05-20,0.05,0.12,0.8299999999999998,0.0,-0.0003621640141864845,1.3028012107564522
2024-05-21,0.05,0.12,0.8299999999999998,0.0,0.0009498159761337808,1.3040386321601551
2024-05-22,0.05,0.12,0.8299999999999998,0.0,-0.001174496093746897,1.3025070438805881
2024-05-23,0.05,0.12,0.8299999999999998,0.0,-0.0020630072332848523,1.2998199624276578
2024-05-24,0.05,0.12,0.8299999999999998,0.0,0.00022504895333973034,1.3001124855497324
2024-05-28,0.05,0.12,0.8299999999999998,0.0,-0.001840529059765987,1.2977195907391135
2024-05-29,0.05,0.12,0.8300000000000001,0.0,-0.0022479171368133795,1.2948024246323127
2024-05-30,0.05,0.12,0.83,0.0,0.0022131402771203425,1.2976680040291795
2024-05-31,0.05,0.12,0.83,0.0,0.0031793386702707125,1.3017937300955624
2024-06-03,0.05,0.12,0.8300000000000001,0.0,0.0029525161866331005,1.305637297155327
2024-06-04,0.05,0.12,0.8299999999999998,0.0,0.0020069596391727386,1.3082576585141164
2024-06-05,0.05,0.12,0.83,0.0,0.001319569129635738,1.3099839949339012
2024-06-06,0.05,0.12,0.83,0.0,-0.0002607329842931949,1.3096424388975256
2024-06-07,0.05,0.12,0.8300000000000001,0.0,-0.004808892080560405,1.3033445097447454
2024-06-10,0.05,0.12,0.8299999999999998,0.0,-0.000774652878163461,1.302334870169033
2024-06-11,0.05,0.12,0.83,0.0,0.0020624837759956136,1.30502091470967
2024-06-12,0.05,0.12,0.8299999999999998,0.0,0.0032958399569485786,1.3093220547850237
2024-06-13,0.05,0.12,0.8299999999999998,0.0,0.0023858137894053285,1.3124458533981023
2024-06-14,0.05,0.12,0.8299999999999998,0.0,-0.000659518822404077,1.3115802706544
2024-06-17,0.05,0.12,0.8299999999999998,0.0,-0.0025299736271462434,1.308262007159759
2024-06-18,0.05,0.12,0.83,0.0,0.0022651382096120143,1.3112254014203601
2024-06-20,0.05,0.12,0.83,0.0,-0.0011912523668145781,1.3096634010574908
2024-06-21,0.05,0.12,0.8300000000000001,0.0,-9.872787858835942e-05,1.3095341007682395
2024-06-24,0.05,0.12,0.8300000000000001,0.0,0.0005224012589512306,1.3102182030311205
2024-06-25,0.05,0.12,0.8300000000000001,0.0,0.00011192662953618094,1.3103648513385426
2024-06-26,0.05,0.12,0.8300000000000001,0.0,-0.002881536905340777,1.3065889866599492
2024-06-27,0.05,0.12,0.8299999999999998,0.0,0.0011334033613445338,1.3080698790093255
2024-06-28,0.05,0.12,0.6873147797989023,0.1426852202010976,-0.0013805309126041086,1.3062640481055068
2024-07-01,0.05,0.12,0.8299999999999998,0.0,-0.002108170789361613,1.3035102203960975
2024-07-02,0.05,0.12,0.8299999999999998,0.0,0.001786078485829938,1.3058383919568064
2024-07-03,0.05,0.12,0.8299999999999998,0.0,0.003116531079643596,1.3099080778903314
2024-07-05,0.05,0.12,0.8299999999999998,0.0,0.0029945003520843966,1.313830598090772
2024-07-08,0.05,0.12,0.8299999999999998,0.0,0.0003240151973734817,1.3142562991713278
2024-07-09,0.05,0.12,0.8299999999999998,0.0,-0.000445617768541725,1.3136706432119993
2024-07-10,0.05,0.12,0.8299999999999998,0.0,0.0003722561756152465,1.3141596652216594
2024-07-11,0.05,0.12,0.8299999999999998,0.0,0.0033815128539416255,1.318603513021738
2024-07-12,0.05,0.12,0.8299999999999998,0.0,0.0015552319534011746,1.3206542473390563
2024-07-15,0.05,0.12,0.8299999999999998,0.0,-0.0006764658715238324,1.3197608698126484
2024-07-16,0.05,0.12,0.8299999999999998,0.0,0.0014804455953558748,1.3217147039792856
2024-07-17,0.05,0.12,0.8299999999999998,0.0,7.377823107305835e-05,1.3218122177521285
2024-07-18,0.05,0.12,0.8299999999999998,0.0,-0.0013786010514779709,1.319989966038879
2024-07-19,0.05,0.12,0.8299999999999998,0.0,-0.0015040762729219602,1.3180046004504649
2024-07-22,0.05,0.12,0.8299999999999998,0.0,-0.00014773884351777615,1.317809879975043
2024-07-23,0.05,0.12,0.8299999999999998,0.0,0.00039547363080520085,1.3183310390329877
2024-07-24,0.05,0.12,0.8299999999999998,0.0,-0.0010001316154600968,1.3170125344812085
2024-07-25,0.05,0.12,0.8299999999999998,0.0,0.00039538439335631056,1.317533260683197
2024-07-26,0.05,0.12,0.8299999999999998,0.0,0.0021864321089558065,1.320413957708972
2024-07-29,0.05,0.12,0.8299999999999998,0.0,0.000615722659471578,1.321226966502616
2024-07-30,0.05,0.12,0.8299999999999998,0.0,0.0005041775609581055,1.3218930994920592
2024-07-31,0.05,0.12,0.5298932629764337,0.3001067370235662,0.003999971919075031,1.3271806347700466
2024-08-01,0.05,0.12,0.5298932629764337,0.3001067370235662,0.0019722805826661084,1.329798207365694
2024-08-02,0.05,0.12,0.5298932629764337,0.3001067370235662,0.005931709382493135,1.3376861838691476
2024-08-05,0.05,0.12,0.5298932629764337,0.3001067370235662,-0.002054795362584203,1.3349375125019403
2024-08-06,0.05,0.12,0.5298932629764337,0.3001067370235662,-0.0024242786440710033,1.3317012519992124
2024-08-07,0.05,0.12,0.5298932629764337,0.3001067370235662,-0.0006166284740873198,1.330880087088252
2024-08-08,0.05,0.12,0.5298932629764337,0.3001067370235662,-0.000958523345941598,1.3296044074541291
2024-08-09,0.05,0.12,0.5298932629764337,0.3001067370235662,0.0012242454558220634,1.3312321696079958
2024-08-12,0.05,0.12,0.5298932629764337,0.3001067370235662,0.0012933276875991139,1.3329538890315724
2024-08-13,0.05,0.12,0.5298932629764337,0.3001067370235662,0.002330145331317787,1.3360598653129612
2024-08-14,0.05,0.12,0.5298932629764337,0.3001067370235662,0.0008823944428765539,1.3372387971134638
2024-08-15,0.05,0.12,0.5298932629764337,0.3001067370235662,-0.0024509239299343095,1.3339613265455819
2024-08-16,0.05,0.12,0.5298932629764337,0.3001067370235662,0.001113046952534773,1.3354460881348926
2024-08-19,0.05,0.12,0.5298932629764337,0.3001067370235662,0.0007309933299217946,1.3364222903177894
2024-08-20,0.05,0.12,0.5298932629764337,0.3001067370235662,0.0017248558427406452,1.338727426113613
2024-08-21,0.05,0.12,0.5298932629764337,0.3001067370235662,0.001512333428169909,1.3407520283513326
2024-08-22,0.05,0.12,0.5298932629764337,0.3001067370235662,-0.002057902211488953,1.33799289178713
2024-08-23,0.05,0.12,0.5298932629764337,0.3001067370235662,0.002804383690372437,1.341745137230692
2024-08-26,0.05,0.12,0.5298932629764337,0.3001067370235662,-0.00032352450409272953,1.3413110498005507
2024-08-27,0.05,0.12,0.5298932629764337,0.3001067370235662,0.0002080299629477581,1.341590082688542
2024-08-28,0.05,0.12,0.5298932629764337,0.3001067370235662,-0.0002732812427687539,1.3412234512834589
2024-08-29,0.05,0.12,0.5298932629764337,0.3001067370235662,-0.0007190059322451321,1.3402591036655198
2024-08-30,0.05,0.12,0.5482860525219557,0.28171394747804407,-0.0010271131318724397,1.3388825059400333
2024-09-03,0.05,0.12,0.5482860525219557,0.28171394747804407,0.002071626730978413,1.341656170728978
2024-09-04,0.05,0.12,0.5482860525219557,0.28171394747804407,0.002745830006857473,1.3453401305014512
2024-09-05,0.05,0.12,0.5482860525219557,0.28171394747804407,0.000920149741610048,1.3465780448749096
2024-09-06,0.05,0.12,0.5482860525219557,0.28171394747804407,0.0012293161525354862,1.348233415016124
2024-09-09,0.05,0.12,0.5482860525219557,0.28171394747804407,0.00034164067289580943,1.3486940263872507
2024-09-10,0.05,0.12,0.5482860525219557,0.28171394747804407,0.0016976954144201522,1.3509836980513041
2024-09-11,0.05,0.12,0.5482860525219557,0.28171394747804407,-0.000804117045575762,1.3498973490314061
2024-09-12,0.05,0.12,0.5482860525219557,0.28171394747804407,-0.0002778514300240143,1.3495222781225922
2024-09-13,0.05,0.12,0.5482860525219557,0.28171394747804407,0.0016667750987332307,1.3517716282509524
2024-09-16,0.05,0.12,0.5482860525219557,0.28171394747804407,0.0013596157359518405,1.3536095182281358
2024-09-17,0.05,0.12,0.5482860525219557,0.28171394747804407,-0.0004992251025076421,1.352933762377643
2024-09-18,0.05,0.12,0.5482860525219557,0.28171394747804407,-0.00131720180635693,1.3511516755819577
2024-09-19,0.05,0.12,0.5482860525219557,0.28171394747804407,0.0010090356151799974,1.35251503574413
2024-09-20,0.05,0.12,0.5482860525219557,0.28171394747804407,-0.0001767041128643146,1.3522760407746033
2024-09-23,0.05,0.12,0.5482860525219557,0.28171394747804407,-0.00019548819303352618,1.3520116867749097
2024-09-24,0.05,0.12,0.5482860525219557,0.28171394747804407,0.0009401618497100867,1.3532827965831775
2024-09-25,0.05,0.12,0.5482860525219557,0.28171394747804407,-0.0017445794050946668,1.3509218872869897
2024-09-26,0.05,0.12,0.5482860525219557,0.28171394747804407,-0.0008183013130969386,1.3498164261327315
2024-09-27,0.05,0.12,0.5482860525219557,0.28171394747804407,0.0019455783166656406,1.3524425997028942
2024-09-30,0.05,0.12,0.5360002471405279,0.293999752859472,-0.001308357001125816,1.350673121958952
2024-10-01,0.05,0.12,0.5360002471405279,0.293999752859472,0.0014912858339795952,1.3526873616520663
2024-10-02,0.05,0.12,0.5360002471405279,0.293999752859472,-0.0008927082186514664,1.3514798065270535
2024-10-03,0.05,0.12,0.5360002471405279,0.293999752859472,-0.0022213658584593005,1.348477675426437
2024-10-04,0.05,0.12,0.5360002471405279,0.293999752859472,-0.004852613733988146,1.3419340341386863
2024-10-07,0.05,0.12,0.5360002471405279,0.293999752859472,-0.001983374422600581,1.3392724764985584
2024-10-08,0.05,0.12,0.5360002471405279,0.293999752859472,0.00023166787083210864,1.339582742901653
2024-10-09,0.05,0.12,0.5360002471405279,0.293999752859472,-0.0014748031693148948,1.337607122026862
2024-10-10,0.05,0.12,0.5360002471405279,0.293999752859472,0.0004819641024567814,1.3382518006428694
2024-10-11,0.05,0.12,0.5360002471405279,0.293999752859472,0.0004452900965894963,1.3388477109164387
2024-10-14,0.05,0.12,0.5360002471405279,0.293999752859472,0.0,1.3388477109164387
2024-10-15,0.05,0.12,0.5360002471405279,0.293999752859472,0.0012557335995324991,1.3405289469716937
2024-10-16,0.05,0.12,0.5360002471405279,0.293999752859472,0.0008525701766777333,1.3416718419728548
2024-10-17,0.05,0.12,0.5360002471405279,0.293999752859472,-0.001965057292330949,1.339035379935871
2024-10-18,0.05,0.12,0.5360002471405279,0.293999752859472,0.0004456540324027888,1.3396321264524693
2024-10-21,0.05,0.12,0.5360002471405279,0.293999752859472,-0.0037407317726131156,1.3346209219934353
2024-10-22,0.05,0.12,0.5360002471405279,0.293999752859472,-0.0009114258306715184,1.3334045140109758
2024-10-23,0.05,0.12,0.5360002471405279,0.293999752859472,-0.001500529378223201,1.331403701364647
2024-10-24,0.05,0.12,0.5360002471405279,0.293999752859472,0.0007544708911613348,1.332408206701711
2024-10-25,0.05,0.12,0.5360002471405279,0.293999752859472,-0.0007906608472335653,1.331354723700139
2024-10-28,0.05,0.12,0.5360002471405279,0.293999752859472,-0.0009570011545584141,1.3300806156924312
2024-10-29,0.05,0.12,0.5360002471405279,0.293999752859472,0.00021518636820392744,1.3303668309095404
2024-10-30,0.05,0.12,0.5360002471405279,0.293999752859472,-0.0009213590811058939,1.3291410853486798
2024-10-31,0.05,0.12,0.6426090465395473,0.18739095346045254,-0.0006563281694464891,1.3282687326131968
2024-11-01,0.05,0.12,0.6426090465395473,0.18739095346045254,-0.0022785425859236583,1.3252422157403867
2024-11-04,0.05,0.12,0.6426090465395473,0.18739095346045254,0.0022156620465634087,1.3281785046203063
2024-11-05,0.05,0.12,0.6426090465395473,0.18739095346045254,0.0001743590251030356,1.3284100845295348
2024-11-06,0.05,0.12,0.6426090465395473,0.18739095346045254,-0.002742312091015408,1.3247671694929026
2024-11-07,0.05,0.12,0.8300000000000001,0.0,0.004252972424834634,1.330401367734082
2024-11-08,0.05,0.12,0.8300000000000001,0.0,0.0006355675953727658,1.3312469277322536
2024-11-11,0.05,0.12,0.8300000000000001,0.0,0.0,1.3312469277322536
2024-11-12,0.05,0.12,0.8300000000000001,0.0,-0.004246656571448269,1.325593579218379
2024-11-13,0.05,0.12,0.83,0.0,3.672719853090811e-05,1.3256422645569343
2024-11-14,0.05,0.12,0.83,0.0,-0.001262723617204958,1.3239683447615134
2024-11-15,0.05,0.12,0.83,0.0,-0.00018320600685120203,1.3237257858078721
2024-11-18,0.05,0.12,0.8299999999999998,0.0,0.0011662178283774515,1.3252695384191644
2024-11-19,0.05,0.12,0.8300000000000001,0.0,0.0008583847909645347,1.3264071296348718
2024-11-20,0.05,0.12,0.8300000000000001,0.0,-0.0010534429351885524,1.3250098354149744
2024-11-21,0.05,0.12,0.8300000000000001,0.0,-0.0004170120631934571,1.3244572903297565
2024-11-22,0.05,0.12,0.8299999999999998,0.0,-0.0001963093763700863,1.3241972869450631
2024-11-25,0.05,0.12,0.83,0.0,0.004835664190778041,1.3306006603470688
2024-11-26,0.05,0.12,0.83,0.0,-0.001245356650288648,1.3289435879658271
2024-11-27,0.05,0.12,0.83,0.0,0.0013936530383719514,1.3307956742350207
2024-11-29,0.05,0.12,0.83,0.0,0.0020750494451559453,1.333557141060458
2024-12-02,0.05,0.12,0.83,0.0,0.0007193549903952356,1.3345164420448572
2024-12-03,0.05,0.12,0.83,0.0,-0.000535393303440278,1.3338019508784553
2024-12-04,0.05,0.12,0.83,0.0,0.0018146347370834026,1.3362223142309089
2024-12-05,0.05,0.12,0.8300000000000001,0.0,-0.0001458133991136179,1.3360274751132994
2024-12-06,0.05,0.12,0.8300000000000001,0.0,0.0013980662615248086,1.3378953300507255
2024-12-09,0.05,0.12,0.8300000000000001,0.0,-0.001274557439415095,1.3361901056046506
2024-12-10,0.05,0.12,0.83,0.0,-0.0005956483199839891,1.335394206213068
2024-12-11,0.05,0.12,0.83,0.0,-0.0005716153201727336,1.3346308744263267
2024-12-12,0.05,0.12,0.8299999999999998,0.0,-0.0018743303422395728,1.3321293352826997
2024-12-13,0.05,0.12,0.8300000000000001,0.0,-0.002170689224626606,1.3292376964887926
2024-12-16,0.05,0.12,0.8300000000000001,0.0,6.113455586572281e-05,1.3293189588450074
2024-12-17,0.05,0.12,0.8300000000000001,0.0,-0.0005621696294818646,1.3285716560984502
2024-12-18,0.88,0.12,0.0,0.0,-0.004280052414645382,1.3228852997737366
2024-12-19,0.88,0.12,0.0,0.0,-0.0006629156010230197,1.3220083384701524
2024-12-20,0.88,0.12,0.0,0.0,0.0002098549531941174,1.3222857684681444
2024-12-23,0.88,0.12,0.0,0.0,-0.00012322858903264232,1.3221228250585981
2024-12-24,0.88,0.12,0.0,0.0,0.0,1.3221228250585981
2024-12-26,0.88,0.12,0.0,0.0,0.0,1.3221228250585981
2024-12-27,0.88,0.12,0.0,0.0,2.4671052631566326e-05,1.3221554432204004
2024-12-30,0.88,0.12,0.0,0.0,-2.4665981500504584e-05,1.322122830958697
2024-12-31,0.88,0.12,0.0,0.0,0.0001850328947368407,1.322367467173307
2025-01-02,0.88,0.12,0.0,0.0,0.00016011495432617371,1.322579197979916
2025-01-03,0.88,0.12,0.0,0.0,0.00015990159901598132,1.3227906805084981
2025-01-06,0.88,0.12,0.0,0.0,0.00015968881154673653,1.3230019153801935
2025-01-07,0.88,0.12,0.0,0.0,-0.00024534859946839126,1.322677318713161
2025-01-08,0.88,0.12,0.0,0.0,-0.00011063306699446772,1.322530986864748
2025-01-10,0.88,0.12,0.0,0.0,-0.00035681328821901114,1.3220590902345533
2025-01-13,0.1,0.0,0.0,0.9,-0.00025915261209378035,1.3217164751679766
2025-01-14,0.1,0.0,0.0,0.9,0.0003813559322034088,1.322220519586473
2025-01-15,0.88,0.12,0.0,0.0,0.004383735705209691,1.328016784888345
2025-01-16,0.88,0.12,0.0,0.0,0.00011056511056509066,1.3281636172109985
2025-01-17,0.88,0.12,0.0,0.0,0.00020865296103098174,1.3284407424824634
2025-01-21,0.88,0.12,0.0,0.0,0.00019603839085154283,1.3287011678679612
2025-01-22,0.88,0.12,0.0,0.0,0.0,1.3287011678679612
2025-01-23,0.88,0.12,0.0,0.0,-8.562691131497767e-05,1.328587395290896
2025-01-24,0.88,0.12,0.0,0.0,0.00011017035601345703,1.32873376623723
2025-01-27,0.88,0.12,0.0,0.0,3.6689767631461475e-05,1.3287825171703573
2025-01-28,0.88,0.12,0.0,0.0,2.4452368823224544e-05,1.328815009050553
2025-01-29,0.05,0.12,0.8300000000000001,0.0,-2.444738718549555e-05,1.3287825229955288
2025-01-30,0.05,0.12,0.83,0.0,0.0009691599739576008,1.3300703258309106
2025-01-31,0.05,0.12,0.83,0.0,0.00013468353117228825,1.3302494643991007
2025-02-03,0.05,0.12,0.83,0.0,-0.0009185080152822099,1.3290276196037252
2025-02-04,0.05,0.12,0.8299999999999998,0.0,0.0013247372918774756,1.3307882320533493
2025-02-05,0.05,0.12,0.8300000000000001,0.0,0.0024006833039453453,1.3339830331431268
2025-02-06,0.05,0.12,0.8300000000000001,0.0,-0.0007576698682580063,1.332972314394147
2025-02-07,0.88,0.12,0.0,0.0,-0.0022131369903815013,1.3300222640580068
2025-02-10,0.05,0.12,0.8300000000000001,0.0,7.331228999082562e-05,1.3301197710359236
2025-02-11,0.05,0.12,0.8300000000000001,0.0,-0.000808701317615277,1.3290441014245007
2025-02-12,0.88,0.12,0.0,0.0,-0.0027354187130015544,1.3254086093190598
2025-02-13,0.88,0.12,0.0,0.0,0.0002204756558130061,1.3257008296514197
2025-02-14,0.05,0.12,0.8300000000000001,0.0,0.00022007131940904757,1.325992578382143
2025-02-18,0.88,0.12,0.0,0.0,-0.0017615679998777437,1.3236567522879896
2025-02-19,0.88,0.12,0.0,0.0,-0.00010987892969783085,1.323511310300761
2025-02-20,0.05,0.12,0.8300000000000001,0.0,6.109979633399654e-05,1.323592176572266
2025-02-21,0.05,0.12,0.8299999999999998,0.0,0.002130017959065183,1.326411451678843
2025-02-24,0.05,0.12,0.8300000000000001,0.0,0.0007325146652389457,1.3273830675193388
2025-02-25,0.05,0.12,0.8300000000000001,0.0,0.002683652019854197,1.3309453017696071
2025-02-26,0.05,0.12,0.8300000000000001,0.0,0.0011316148039806585,1.332451419176378
2025-02-27,0.05,0.12,0.8300000000000001,0.0,-0.0005345142699279238,1.3317392048788426
2025-02-28,0.05,0.12,0.480725078211089,0.349274921788911,0.0017868395139004336,1.3341188091123304
2025-03-03,0.05,0.12,0.480725078211089,0.349274921788911,0.0010606677857015324,1.3355338659554543
2025-03-04,0.05,0.12,0.480725078211089,0.349274921788911,-0.0010989447231638104,1.334066188060856
2025-03-05,0.05,0.12,0.480725078211089,0.349274921788911,-0.0018623767788634475,1.3315816541707446
2025-03-06,0.05,0.12,0.8299999999999998,0.0,-0.0003195303092568258,1.3311561734729866
2025-03-07,0.88,0.12,0.0,0.0,-0.0009362182116488791,1.3299099208208323
2025-03-10,0.05,0.0,0.95,0.0,-0.00026892125904043774,1.3295522797705148
2025-03-11,0.05,0.0,0.95,0.0,-0.0029176904176905602,1.32567305782401
2025-03-12,0.1,0.0,0.0,0.9,-0.0017560073937152587,1.3233451661328217
2025-03-13,0.1,0.0,0.0,0.9,0.0016820683210466481,1.325571123114584
2025-03-14,0.1,0.0,0.0,0.9,-0.0020520261166960597,1.3228510165504146
2025-03-17,0.1,0.0,0.0,0.9,-0.00018697413524458863,1.3226036776255377
2025-03-18,0.1,0.0,0.0,0.9,0.0005610389610390731,1.3233457098186991
2025-03-19,0.1,0.0,0.0,0.9,0.0015886200809885676,1.325448003387407
2025-03-20,0.1,0.0,0.0,0.9,0.0007462686567163646,1.3264371436884423
2025-03-21,0.1,0.0,0.0,0.9,9.320629660301006e-05,1.3265607759822822
2025-03-24,0.1,0.0,0.0,0.9,-0.0027958993476234983,1.3228518455741305
2025-03-25,0.1,0.0,0.0,0.9,0.0008413836086007987,1.3239648714336039
2025-03-26,0.1,0.0,0.0,0.9,-0.0007471980074719164,1.3229756075197059
2025-03-27,0.1,0.0,0.0,0.9,9.347735770677268e-05,1.3230992757838074
2025-03-28,0.1,0.0,0.0,0.9,0.0033648353930833654,1.3275512870555275
2025-03-31,0.05,0.0,0.3547196444693283,0.5952803555306717,0.0014899120538024446,1.3295292217201526
2025-04-01,0.05,0.0,0.3547196444693283,0.5952803555306717,0.0011372519137519289,1.331041231371943
2025-04-02,0.05,0.0,0.3547196444693283,0.5952803555306717,-0.0006977856264656361,1.3301124499324586
2025-04-03,0.05,0.0,0.3547196444693283,0.5952803555306717,0.004913700070701063,1.336648223571732
2025-04-04,0.05,0.0,0.3547196444693283,0.5952803555306717,-0.0004272877878636102,1.3360770901091303
2025-04-07,0.05,0.0,0.3547196444693283,0.5952803555306717,-0.006109687759687829,1.3279140762656914
2025-04-08,0.05,0.0,0.3547196444693283,0.5952803555306717,-0.0008812938049597963,1.3267437938167594
2025-04-09,0.05,0.0,0.3547196444693283,0.5952803555306717,-0.003576042914309927,1.3219993010737763
2025-04-10,0.05,0.0,0.3547196444693283,0.5952803555306717,-0.0009597689125677791,1.3207304872421692
2025-04-11,0.05,0.0,0.3547196444693283,0.5952803555306717,-0.003385226881925273,1.3162595148929788
2025-04-14,0.05,0.0,0.3547196444693283,0.5952803555306717,0.004569677187434693,1.3222743959709289
2025-04-15,0.05,0.0,0.3547196444693283,0.5952803555306717,0.0012776208152520756,1.3239637612626962
2025-04-16,0.05,0.0,0.3547196444693283,0.5952803555306717,0.0026024613484381563,1.3274093257781152
2025-04-17,0.05,0.0,0.3547196444693283,0.5952803555306717,-0.0007235993659770248,1.3264488132315901
2025-04-21,0.05,0.0,0.3547196444693283,0.5952803555306717,-0.0014559494647361788,1.3245175707919656
2025-04-22,0.05,0.0,0.3547196444693283,0.5952803555306717,-0.00019756151606168196,1.3242558970926297
2025-04-23,0.05,0.0,0.3547196444693283,0.5952803555306717,-2.683217337902735e-06,1.3242523438262468
2025-04-24,0.05,0.0,0.3547196444693283,0.5952803555306717,0.0028946343403333744,1.328085570135953
2025-04-25,0.05,0.0,0.3547196444693283,0.5952803555306717,0.0019678459583915213,1.3306990379575434
2025-04-28,0.05,0.0,0.3547196444693283,0.5952803555306717,0.0022836276845996715,1.3337378591204934
2025-04-29,0.05,0.0,0.3547196444693283,0.5952803555306717,0.0012194401714751457,1.3353642726441222
2025-04-30,0.05,0.0,0.3302232460301501,0.6197767539698499,0.001731411448149886,1.3376763376332286
2025-05-01,0.05,0.0,0.3302232460301501,0.6197767539698499,-0.002885560346227977,1.3338163918372665
2025-05-02,0.05,0.0,0.3302232460301501,0.6197767539698499,-0.003365684485046835,1.3293271867013587
2025-05-05,0.05,0.0,0.3302232460301501,0.6197767539698499,-0.0005829604638853947,1.3285522415079438
2025-05-06,0.05,0.0,0.3302232460301501,0.6197767539698499,0.0014681898317234897,1.3305028083998391
2025-05-07,0.05,0.0,0.3302232460301501,0.6197767539698499,0.0008535301458470156,1.3316384326559425
2025-05-08,0.05,0.0,0.3302232460301501,0.6197767539698499,-0.0036348663597493857,1.326798104913732
2025-05-09,0.05,0.0,0.3302232460301501,0.6197767539698499,0.0003280033098151785,1.3272332990836002
2025-05-12,0.05,0.0,0.3302232460301501,0.6197767539698499,-0.003014371938547979,1.3232325242709362
2025-05-13,0.05,0.0,0.3302232460301501,0.6197767539698499,4.5203435269499e-05,1.3232923389266937
2025-05-14,0.05,0.0,0.3302232460301501,0.6197767539698499,-0.0016369392907830812,1.3211261897039124
2025-05-15,0.05,0.0,0.3302232460301501,0.6197767539698499,0.0032187773988056343,1.3253786008243016
2025-05-16,0.05,0.0,0.3302232460301501,0.6197767539698499,7.273729443289865e-06,1.3253882412696538
2025-05-19,0.05,0.0,0.3302232460301501,0.6197767539698499,0.00026406705218165363,1.325738232635522
2025-05-20,0.05,0.0,0.3302232460301501,0.6197767539698499,-9.451783554568848e-05,1.3256129267272732
2025-05-21,0.05,0.0,0.3302232460301501,0.6197767539698499,-0.00269351078405262,1.3220423740136535
2025-05-22,0.05,0.0,0.3302232460301501,0.6197767539698499,0.0013094090546386878,1.323773468268803
2025-05-23,0.05,0.0,0.3302232460301501,0.6197767539698499,0.0008466548335481624,1.3248942474742356
2025-05-27,0.05,0.0,0.3302232460301501,0.6197767539698499,0.0015853224948940167,1.3269946321281123
2025-05-28,0.05,0.0,0.3302232460301501,0.6197767539698499,-0.001078013970754283,1.3255641133755622
2025-05-29,0.05,0.0,0.3302232460301501,0.6197767539698499,0.001965840537248065,1.3281699610443571
2025-05-30,0.05,0.0,0.33042050593955585,0.6195794940604441,0.0014989130655996717,1.3301607723523035
2025-06-02,0.05,0.0,0.33042050593955585,0.6195794940604441,-0.0013311510517811918,1.3283901274411487
2025-06-03,0.05,0.0,0.33042050593955585,0.6195794940604441,-0.0004145798517347564,1.3278394036590682
2025-06-04,0.05,0.0,0.33042050593955585,0.6195794940604441,0.0034010322090484843,1.3323554282393564
2025-06-05,0.05,0.0,0.33042050593955585,0.6195794940604441,-0.0018239559452084336,1.3299252706348885
2025-06-06,0.05,0.0,0.33042050593955585,0.6195794940604441,-0.0039074384201388005,1.3247286695364962
2025-06-09,0.05,0.0,0.33042050593955585,0.6195794940604441,0.0009853021567930316,1.3260339275517559
2025-06-10,0.05,0.0,0.33042050593955585,0.6195794940604441,0.000490382337671225,1.32668419116898
2025-06-11,0.05,0.0,0.33042050593955585,0.6195794940604441,0.0023561169878673874,1.3298100143293283
2025-06-12,0.05,0.0,0.33042050593955585,0.6195794940604441,0.0017938524426060727,1.332195497271735
2025-06-13,0.05,0.0,0.33042050593955585,0.6195794940604441,-0.001861298229843409,1.3297158841508576
2025-06-16,0.05,0.0,0.33042050593955585,0.6195794940604441,-0.000974402783855228,1.3284202052916045
2025-06-17,0.05,0.0,0.33042050593955585,0.6195794940604441,0.0018261384586881156,1.330846084517786
2025-06-18,0.05,0.0,0.33042050593955585,0.6195794940604441,0.00015818916080533073,1.331056609943057
2025-06-20,0.05,0.0,0.33042050593955585,0.6195794940604441,0.0005861212877530978,1.331836770557349
2025-06-23,0.05,0.0,0.33042050593955585,0.6195794940604441,0.0017235667072134087,1.3341322800745241
2025-06-24,0.05,0.0,0.33042050593955585,0.6195794940604441,0.0017947790069390538,1.3365267526832816
2025-06-25,0.05,0.0,0.33042050593955585,0.6195794940604441,0.000452755261498832,1.3371318722026928
2025-06-26,0.05,0.0,0.33042050593955585,0.6195794940604441,0.0017499577183112363,1.339471796442854
2025-06-27,0.05,0.0,0.33042050593955585,0.6195794940604441,-0.0010339512211905153,1.3380868479431716
2025-06-30,0.05,0.12,0.5194294363083505,0.3105705636916494,0.00221121758306435,1.3410456491090108
2025-07-01,0.05,0.12,0.5194294363083505,0.3105705636916494,-0.0008288121772006682,1.3399341741448474
2025-07-02,0.05,0.12,0.5194294363083505,0.3105705636916494,-0.0002515768014783954,1.3395970777911246
2025-07-03,0.05,0.12,0.5194294363083505,0.3105705636916494,-0.001635755679299767,1.3374058242631544
2025-07-07,0.05,0.12,0.5194294363083505,0.3105705636916494,-0.0012834079154382845,1.3356893870421418
2025-07-08,0.05,0.12,0.5194294363083505,0.3105705636916494,-0.0008725246970583076,1.3345239650643488
2025-07-09,0.05,0.12,0.5194294363083505,0.3105705636916494,0.0017368200339765577,1.3368417930226943
2025-07-10,0.05,0.12,0.5194294363083505,0.3105705636916494,-0.00010453814943668154,1.3367020420555622
2025-07-11,0.05,0.12,0.5194294363083505,0.3105705636916494,-0.001892743951449945,1.3341720073505707
2025-07-14,0.05,0.12,0.5194294363083505,0.3105705636916494,-0.00018185207081189924,1.3339293854082148
2025-07-15,0.05,0.12,0.5194294363083505,0.3105705636916494,-0.001640408695103593,1.331741196045737
2025-07-16,0.05,0.12,0.5194294363083505,0.3105705636916494,0.0016322183135130943,1.3339148884147827
2025-07-17,0.05,0.12,0.5194294363083505,0.3105705636916494,-9.92816201347832e-05,1.333782455183539
2025-07-18,0.05,0.12,0.5194294363083505,0.3105705636916494,0.0013825055251123364,1.3356264167971283
2025-07-21,0.05,0.12,0.5194294363083505,0.3105705636916494,0.0014748186171750378,1.3375962235022116
2025-07-22,0.05,0.12,0.5194294363083505,0.3105705636916494,0.0009059231475621425,1.338807982883174
2025-07-23,0.05,0.12,0.5194294363083505,0.3105705636916494,-0.0012913355887936692,1.337079132488316
2025-07-24,0.05,0.12,0.5194294363083505,0.3105705636916494,-0.0006843288681238633,1.3361641306389882
2025-07-25,0.05,0.12,0.5194294363083505,0.3105705636916494,0.0008241043936557274,1.337265269369693
2025-07-28,0.05,0.12,0.5194294363083505,0.3105705636916494,-0.000580541826290575,1.3364889309479782
2025-07-29,0.05,0.12,0.5194294363083505,0.3105705636916494,0.0020981421486486206,1.3392930747052023
2025-07-30,0.05,0.12,0.5194294363083505,0.3105705636916494,-0.0017344273308411789,1.3369701681924273
2025-07-31,0.05,0.12,0.6259305184374486,0.20406948156255134,0.000601419426723716,1.3377742480245283
2025-08-01,0.05,0.12,0.6259305184374486,0.20406948156255134,0.004969040179975948,1.3444217020146993
2025-08-04,0.05,0.12,0.6259305184374486,0.20406948156255134,0.0006894159563933494,1.3453485677881898
2025-08-05,0.05,0.12,0.6259305184374486,0.20406948156255134,-0.00042492155591086284,1.3447769001815226
2025-08-06,0.05,0.12,0.6259305184374486,0.20406948156255134,0.00019531512155765855,1.3450395554452494
2025-08-07,0.05,0.12,0.6259305184374486,0.20406948156255134,-0.00030229106156981803,1.3446329620101805
2025-08-08,0.05,0.12,0.6259305184374486,0.20406948156255134,-0.0013498135829392503,1.3428179581739912
2025-08-11,0.05,0.12,0.6259305184374486,0.20406948156255134,8.831752127744792e-06,1.3428298176093505
2025-08-12,0.05,0.12,0.6259305184374486,0.20406948156255134,0.0005384058486681355,1.3435528050369174
2025-08-13,0.05,0.12,0.6259305184374486,0.20406948156255134,0.0023311684778461505,1.3466848529843414
2025-08-14,0.05,0.12,0.6259305184374486,0.20406948156255134,-0.0015575588091651827,1.3445873121284062
2025-08-15,0.05,0.12,0.6259305184374486,0.20406948156255134,-0.0005396077480266746,1.3438617623968834
2025-08-18,0.05,0.12,0.6259305184374486,0.20406948156255134,-0.00042332557039567313,1.3432928713497838
2025-08-19,0.05,0.12,0.6259305184374486,0.20406948156255134,0.000723214219055697,1.3442643598547
2025-08-20,0.05,0.12,0.6259305184374486,0.20406948156255134,0.0001072620420487669,1.3444085483949915
2025-08-21,0.05,0.12,0.6259305184374486,0.20406948156255134,-0.0016145698738726493,1.342237906854576
2025-08-22,0.05,0.12,0.6259305184374486,0.20406948156255134,0.003358807244242587,1.346746225259616
2025-08-25,0.05,0.12,0.6259305184374486,0.20406948156255134,-0.0005798700649409845,1.3459652874385157
2025-08-26,0.05,0.12,0.6259305184374486,0.20406948156255134,0.0009525104697775746,1.347247333466758
2025-08-27,0.05,0.12,0.6259305184374486,0.20406948156255134,0.0008171509366536156,1.3483482378872047
2025-08-28,0.05,0.12,0.6259305184374486,0.20406948156255134,0.00048193881553660294,1.348998059239903
2025-08-29,0.05,0.12,0.5800273153719846,0.24997268462801536,-0.00048257578544243695,1.348347065441905
2025-09-02,0.05,0.12,0.5800273153719846,0.24997268462801536,-0.0015479579165669159,1.3462598809276745
2025-09-03,0.05,0.12,0.5800273153719846,0.24997268462801536,0.0015966305972889311,1.3484093606454661
2025-09-04,0.05,0.12,0.5800273153719846,0.24997268462801536,0.0022252068984541674,1.3514098504567145
2025-09-05,0.05,0.12,0.5800273153719846,0.24997268462801536,0.0022859854930324715,1.3544991537699995
2025-09-08,0.05,0.12,0.5800273153719846,0.24997268462801536,0.0011423618351270061,1.3560464819089781
2025-09-09,0.05,0.12,0.5800273153719846,0.24997268462801536,-0.00134340540460964,1.3542247617362797
2025-09-10,0.05,0.12,0.5800273153719846,0.24997268462801536,0.0010262007371990148,1.3556144681851068
2025-09-11,0.05,0.12,0.5800273153719846,0.24997268462801536,0.0008349514650706818,1.356746340471389
2025-09-12,0.05,0.12,0.5800273153719846,0.24997268462801536,-0.0009548210926322127,1.3554508904481555
2025-09-15,0.05,0.12,0.5800273153719846,0.24997268462801536,0.001087797783655454,1.3569253469226388
2025-09-16,0.05,0.12,0.5800273153719846,0.24997268462801536,0.0004280975071240138,1.3575062432810097
2025-09-17,0.05,0.12,0.5800273153719846,0.24997268462801536,-0.001314646728012554,1.3557216021400238
2025-09-18,0.05,0.12,0.5800273153719846,0.24997268462801536,-0.0007677670689131175,1.3546807237392866
2025-09-19,0.05,0.12,0.5800273153719846,0.24997268462801536,4.4478467554910116e-05,1.3547409778619046
2025-09-22,0.05,0.12,0.5800273153719846,0.24997268462801536,-0.0007744551105301821,1.3536917917881548
2025-09-23,0.05,0.12,0.5800273153719846,0.24997268462801536,0.000848238132905587,1.3548400447861508
2025-09-24,0.05,0.12,0.5800273153719846,0.24997268462801536,-0.0015646904336710035,1.3527201395289195
2025-09-25,0.05,0.12,0.5800273153719846,0.24997268462801536,-0.0018541695503433192,1.3502119670360688
2025-09-26,0.05,0.12,0.5800273153719846,0.24997268462801536,0.0001283530127930993,1.3503852708099473
2025-09-29,0.05,0.12,0.5800273153719846,0.24997268462801536,0.0010816568393195371,1.3518459242738352
2025-09-30,0.05,0.12,0.6459635469818961,0.18403645301810387,0.00029328719254299396,1.352242403369716
2025-10-01,0.05,0.12,0.6459635469818961,0.18403645301810387,0.0019127382226989584,1.3548288891009954
2025-10-02,0.05,0.12,0.6459635469818961,0.18403645301810387,0.0004605952992233903,1.3554529169185674
2025-10-03,0.05,0.12,0.6459635469818961,0.18403645301810387,-0.001046438951383255,1.3540345181895377
2025-10-06,0.05,0.12,0.6459635469818961,0.18403645301810387,-0.00092847073989606,1.3527773367585894
2025-10-07,0.05,0.12,0.6459635469818961,0.18403645301810387,0.0007452426699503915,1.3537854841528836
2025-10-08,0.05,0.12,0.6459635469818961,0.18403645301810387,-0.0004103250839259948,1.3532299920104807
2025-10-09,0.05,0.12,0.6459635469818961,0.18403645301810387,-0.0011264031818593383,1.3517057094416927
2025-10-10,0.05,0.12,0.6459635469818961,0.18403645301810387,0.001098006131491964,1.3531898905986324
2025-10-13,0.05,0.12,0.6459635469818961,0.18403645301810387,0.0,1.3531898905986324
2025-10-14,0.05,0.12,0.6459635469818961,0.18403645301810387,0.0016810668181417184,1.3554646932223626
2025-10-15,0.05,0.12,0.6459635469818961,0.18403645301810387,0.0004076130382714619,1.3560171983042368
2025-10-16,0.05,0.12,0.6459635469818961,0.18403645301810387,0.0018436452715614837,1.3585172130000467
2025-10-17,0.05,0.12,0.6459635469818961,0.18403645301810387,-0.0011742807448125623,1.3569219323953243
2025-10-20,0.05,0.12,0.6459635469818961,0.18403645301810387,0.0008103956943022481,1.3580215760868417
2025-10-21,0.05,0.12,0.6459635469818961,0.18403645301810387,0.0005578952110044324,1.358779209820581
2025-10-22,0.05,0.12,0.6459635469818961,0.18403645301810387,-0.0003105653602066152,1.358357220065842
2025-10-23,0.05,0.12,0.6459635469818961,0.18403645301810387,-0.001000301973450089,1.35699845265796
2025-10-24,0.05,0.12,0.6459635469818961,0.18403645301810387,0.0008821865739172626,1.3581955784737212
2025-10-27,0.05,0.12,0.6459635469818961,0.18403645301810387,0.00030333680623771556,1.3586075691827415
2025-10-28,0.05,0.12,0.6459635469818961,0.18403645301810387,0.0001913361591623168,1.3588675199368379
2025-10-29,0.05,0.12,0.6459635469818961,0.18403645301810387,-0.0031063595757714066,1.3546463888040772
2025-10-30,0.05,0.12,0.6459635469818961,0.18403645301810387,-0.0010481380503370925,1.3532265323792199
2025-10-31,0.05,0.12,0.5218594679787314,0.30814053202126857,-0.00022275848955518723,1.352925089680841
2025-11-03,0.05,0.12,0.5218594679787314,0.30814053202126857,-0.0008859670040947836,1.3517264426923716
2025-11-04,0.05,0.12,0.5218594679787314,0.30814053202126857,0.0002614914670737762,1.3520799076229537
2025-11-05,0.05,0.12,0.5218594679787314,0.30814053202126857,-0.0016410385618021695,1.3498610923559065
2025-11-06,0.05,0.12,0.5218594679787314,0.30814053202126857,0.0020247105124480656,1.352594170299944
2025-11-07,0.05,0.12,0.5218594679787314,0.30814053202126857,-0.0002394909238367446,1.3522702362725225
2025-11-10,0.05,0.12,0.5218594679787314,0.30814053202126857,-0.00027319793235276756,1.3519007988399907
2025-11-11,0.05,0.12,0.5074959667421093,0.3225040332578906,0.0,1.3519007988399907
