Date,Signal,Daily Return,Drawdown,Equity Curve
2008-03-25,1,0.0,0.0,1.0
2008-03-26,1,0.000926784059314123,0.0,1.0009267840593141
2008-03-27,1,-0.0009259259259258856,-0.0009259259259258856,1.0
2008-03-28,1,0.0017608897126968337,0.0,1.0017608897126968
2008-03-31,1,-0.0012027014524933488,-0.0012027014524934598,1.0005560704355883
2008-04-01,1,-0.005650240829937037,-0.006846146729577285,0.9949026876737718
2008-04-02,1,-0.002515137401024603,-0.009344065130909573,0.9924003707136235
2008-04-03,1,-0.0009338812103100169,-0.010269220094365816,0.9914735866543094
2008-04-04,1,0.003739016638623971,-0.006568600240540401,0.995180722891566
2008-04-07,1,-0.003538834047308592,-0.010084189101674634,0.9916589434661721
2008-04-08,1,0.00037383177570093906,-0.00971412711629216,0.9920296570898978
2008-04-09,1,0.004297458893871342,-0.005458414284392976,0.9962928637627428
2008-04-10,1,-0.0026976744186046897,-0.008141363678416558,0.9936051899907317
2008-04-11,1,0.0022385971457887788,-0.005920991766121153,0.9958294717330858
2008-04-14,1,-0.0007445323406235493,-0.006661115736886214,0.9950880444856345
2008-04-15,1,-0.0016764459346186866,-0.00832639467110774,0.9934198331788688
2008-04-16,1,-0.005877413937867337,-0.014154870940882969,0.9875810936051895
2008-04-17,1,-0.002721471471471504,-0.01683782033490655,0.9848934198331784
2008-04-18,1,-0.0015996988802108314,-0.018410583772782374,0.9833178869323442
2008-04-21,1,0.0007540056550425778,-0.01767045980201709,0.9840593141797958
2008-04-22,1,-0.0009417969485779887,-0.018595614765473556,0.9831325301204815
2008-04-23,1,-0.0002828054298642524,-0.01887316125451044,0.9828544949026873
2008-04-24,1,-0.0047147571900046925,-0.02349893607179221,0.9782205746061164
2008-04-25,1,-0.0015158692562765586,-0.02497918401332233,0.9767377201112138
2008-04-28,1,0.001423284941645342,-0.0235914515681378,0.9781278962001851
2008-04-29,1,0.0006632556376728882,-0.02294384309371833,0.978776645041705
2008-04-30,1,0.0009468800303000791,-0.022018688130261976,0.9797034291010192
2008-05-01,1,-0.0009459842966605958,-0.02294384309371833,0.978776645041705
2008-05-02,1,-0.003598144115140589,-0.026459431954852564,0.9752548656163111
2008-05-05,1,0.0004751496721466797,-0.025996854473124387,0.9757182576459682
2008-05-06,1,-0.0006648936170213782,-0.026644462947543968,0.9750695088044482
2008-05-07,1,0.0014257199885943095,-0.025256730502359326,0.9764596848934195
2008-05-08,1,0.0029422930903568734,-0.022388750115644562,0.9793327154772935
2008-05-09,1,0.0010409766253429709,-0.021371079655842617,0.980352177942539
2008-05-12,1,-0.0009453582907921199,-0.02229623461929897,0.9794253938832249
2008-05-13,1,-0.006150643451930393,-0.028309741881765493,0.9734012974976827
2008-05-14,1,-0.0019042178425212608,-0.030160051808678312,0.9715477293790542
2008-05-15,1,0.00343413145092053,-0.02682949394023537,0.9748841519925853
2008-05-16,1,-0.0002851982127578534,-0.027107040429272256,0.974606116774791
2008-05-19,1,0.0008558387219474994,-0.026274400962161604,0.9754402224281737
2008-05-20,1,0.0027553444180523634,-0.023591451568138022,0.9781278962001849
2008-05-21,1,-0.002653022550691664,-0.02618188546581579,0.9755329008341053
2008-05-22,1,-0.004370131103933139,-0.030437598297715196,0.97126969416126
2008-05-23,1,0.0033396946564885344,-0.027199555925617847,0.9745134383688596
2008-05-27,1,-0.0032334759866857743,-0.030345082801369605,0.9713623725671914
2008-05-28,1,-0.003625608243488121,-0.03386067166250373,0.9678405931417976
2008-05-29,1,-0.0022024322512688155,-0.03598852807845343,0.965708989805375
2008-05-30,1,0.0007677543186179747,-0.03524840410768837,0.9664504170528263
2008-06-02,1,0.005657844265439138,-0.029789989823295837,0.9719184430027799
2008-06-03,1,0.0032421092781538263,-0.02664446294754419,0.975069508804448
2008-06-04,1,-0.0009504799923960583,-0.027569617911000543,0.9741427247451339
2008-06-05,1,-0.0029492912187232267,-0.030437598297715196,0.97126969416126
2008-06-06,1,0.0034351145038167274,-0.027107040429272367,0.9746061167747909
2008-06-09,1,-0.006276150627614996,-0.03321306318808437,0.9684893419833174
2008-06-10,1,-0.0053588516746411186,-0.03839393098344013,0.963299351251158
2008-06-11,1,0.0020203963825284887,-0.03645110556018161,0.9652455977757178
2008-06-12,1,-0.006144983197311604,-0.04237209732630254,0.959314179796107
2008-06-13,1,-0.002125398512221044,-0.04440743824590654,0.9572752548656158
2008-06-16,1,0.0004840739665019633,-0.04394486076417847,0.9577386468952728
2008-06-17,1,0.00183859105864137,-0.042187066333611356,0.9594995366079697
2008-06-18,1,0.003090891529025308,-0.03922657045055111,0.962465245597775
2008-06-19,1,-0.00288878189696673,-0.042002035340920174,0.9596848934198325
2008-06-20,1,0.003283437952679824,-0.03885650846516853,0.9628359592215007
2008-06-23,1,-0.0019251131003946709,-0.040706818392081234,0.9609823911028723
2008-06-24,1,0.0029896807792457736,-0.03783883800536658,0.9638554216867462
2008-06-25,1,0.0,-0.03783883800536658,0.9638554216867462
2008-06-26,1,0.004615384615384688,-0.033398094180775884,0.9683039851714543
2008-06-27,1,0.0012442572741193647,-0.032195392728282646,0.9695088044485627
2008-06-30,1,-0.001051524710830698,-0.03321306318808459,0.9684893419833172
2008-07-01,1,-0.0003827751196172624,-0.03358312517346729,0.9681186283595914
2008-07-02,1,0.0015316867700556624,-0.032102877231936944,0.9696014828544942
2008-07-03,1,0.0005735041101129212,-0.031547784253863065,0.9701575532900828
2008-07-07,1,0.0021016431027893745,-0.029512443334259175,0.9721964782205739
2008-07-08,1,0.0013346043851287792,-0.028217226385420124,0.9734939759036138
2008-07-09,1,0.0018088347296267848,-0.026459431954853008,0.9752548656163107
2008-07-10,1,0.0005701796065760156,-0.02590433897677924,0.9758109360518992
2008-07-11,1,-0.006363377338778675,-0.032102877231937055,0.9696014828544941
2008-07-14,1,0.0031542726056204007,-0.029049865852531,0.9726598702502309
2008-07-15,1,0.0022868032396379245,-0.026829493940235705,0.9748841519925849
2008-07-16,1,-0.0023766517729821857,-0.02914238134887659,0.9725671918442995
2008-07-17,1,-0.004859919954259495,-0.03386067166250406,0.9678405931417973
2008-07-18,1,-0.0019151584793641874,-0.03571098158941677,0.9659870250231689
2008-07-21,1,0.0,-0.03571098158941677,0.9659870250231689
2008-07-22,1,-0.0016310083469250891,-0.0372837450272927,0.9644114921223348
2008-07-23,1,-0.0024024601191620087,-0.03959663243593359,0.9620945319740494
2008-07-24,1,0.005972449667662083,-0.03386067166250406,0.9678405931417973
2008-07-25,1,-0.0032557694149191185,-0.03700619853825582,0.964689527340129
2008-07-28,1,0.003938899029685805,-0.03321306318808459,0.9684893419833172
2008-07-29,1,-0.0012440191387559363,-0.03441576464057783,0.9672845227062088
2008-07-30,1,-0.0002874389192296656,-0.03469331112961471,0.9670064874884146
2008-07-31,1,0.0023001725129383477,-0.03247293921731953,0.9692307692307685
2008-08-01,1,0.0011474469305794432,-0.031362753261171994,0.9703429101019454
2008-08-04,1,-0.0009551098376313627,-0.03228790822462846,0.9694161260426312
2008-08-05,1,-0.0008604206500955058,-0.03312054769173911,0.9685820203892485
2008-08-06,1,-0.001243900105253215,-0.03432324914423257,0.9673772011121399
2008-08-07,1,0.00507760107300248,-0.029419927837913695,0.9722891566265051
2008-08-08,1,-0.0016204365646744767,-0.03099269127578952,0.9707136237256709
2008-08-11,1,-0.001909490166125516,-0.03284300120270223,0.9688600556070427
2008-08-12,1,0.0037306294241439275,-0.02923489684522229,0.972474513438368
2008-08-13,1,-0.0013342228152101177,-0.030530113794061342,0.9711770157553281
2008-08-14,1,0.0017177211565988504,-0.028864834859839927,0.9728452270620935
2008-08-15,1,0.0014289797084880984,-0.027477102414655397,0.9742354031510647
2008-08-18,1,0.0014269406392692918,-0.026089369969470977,0.9756255792400359
2008-08-19,1,-0.00037997530160527315,-0.02645943195485334,0.9752548656163104
2008-08-20,1,0.0019956286230162767,-0.02451660653159493,0.9772011121408701
2008-08-21,1,-0.001991654021244238,-0.02645943195485323,0.9752548656163105
2008-08-22,1,-0.0020906585574456127,-0.02849477287445723,0.9732159406858193
2008-08-25,1,0.00323778687744003,-0.025349245998705805,0.9763670064874873
2008-08-26,1,-0.00028476506881824903,-0.02562679248774269,0.9760889712696931
2008-08-27,1,0.0008545385491833812,-0.024794153020632037,0.9769230769230758
2008-08-28,1,-0.0012332795749928627,-0.025996854473125164,0.9757182576459674
2008-08-29,1,-0.0004749240121579845,-0.02645943195485334,0.9752548656163104
2008-09-02,1,0.004086287180461667,-0.02248126561199104,0.9792400370713612
2008-09-03,1,0.0017035775127769437,-0.020815986677769516,0.9809082483781268
2008-09-04,1,0.0018896447467875443,-0.018965676750856808,0.9827618164967551
2008-09-05,1,-0.0015088645794041344,-0.020445924692387152,0.9812789620018523
2008-09-08,1,-0.0012278050623346637,-0.02164862614488039,0.9800741427247439
2008-09-09,1,0.002647754137115932,-0.01905819224720251,0.9826691380908237
2008-09-10,1,-0.0014146939545411907,-0.02044592469238704,0.9812789620018524
2008-09-11,1,0.0010389119758216214,-0.019428254232585096,0.9822984244670979
2008-09-12,1,-0.0031135012737050216,-0.02248126561199104,0.9792400370713612
2008-09-15,1,0.012398258565209153,-0.010361735590712629,0.9913809082483769
2008-09-16,1,-0.0024305880153314696,-0.012767138495699215,0.9889712696941599
2008-09-17,1,0.006184987348889726,-0.006661115736886991,0.9950880444856337
2008-09-18,1,-0.0003725435410264488,-0.007031177722269577,0.994717330861908
2008-09-19,1,-0.016398024783378373,-0.023313905079101915,0.9784059314179784
2008-09-22,1,-0.0013261343184615138,-0.024609122027940633,0.9771084337349387
2008-09-23,1,0.0002845489898508635,-0.02433157553890397,0.9773864689527327
2008-09-24,1,0.004361843352929995,-0.020075862707004677,0.9816496756255779
2008-09-25,1,-0.005003776435045348,-0.02497918401332344,0.9767377201112127
2008-09-26,1,0.0020874845810798792,-0.02294384309371933,0.978776645041704
2008-09-29,1,0.009942240318151718,-0.013229715977427281,0.988507877664503
2008-09-30,1,-0.011438214888430553,-0.024516606531595042,0.97720111214087
2008-10-01,1,0.003414264036418757,-0.021186048663152213,0.980537534754401
2008-10-02,1,0.0060491493383743045,-0.015265056897031393,0.9864689527340117
2008-10-03,1,0.0002818489289739823,-0.01498751040799462,0.9867469879518058
2008-10-06,1,0.009674086597163623,-0.005458414284393864,0.996292863762742
2008-10-07,1,-0.0031627906976744447,-0.008603941160145623,0.9931417979610737
2008-10-08,1,-0.008585293019783502,-0.017115366823944322,0.9846153846153832
2008-10-09,1,-0.004894578313253017,-0.021926172633917496,0.9797961075069495
2008-10-10,1,0.0023647370412409607,-0.01961328522527661,0.9821130676552349
2008-10-13,1,0.0,-0.01961328522527661,0.9821130676552349
2008-10-14,1,-0.007077474757006708,-0.026551947451199487,0.9751621872103785
2008-10-15,1,0.002090857251473066,-0.024516606531595375,0.9772011121408697
2008-10-16,1,0.002181335356600922,-0.022388750115645784,0.9793327154772923
2008-10-17,1,-0.00047317119333767366,-0.02285132759737396,0.9788693234476352
2008-10-20,1,0.0006627532664267299,-0.02220371912295449,0.9795180722891551
2008-10-21,1,0.007001608477623433,-0.015357572393377206,0.9863762743280802
2008-10-22,1,0.0016912524664098871,-0.01369229345915568,0.9880444856348457
2008-10-23,1,0.00243879561016791,-0.011286890554169093,0.9904541241890625
2008-10-24,1,-0.004304294937774955,-0.015542603386068499,0.9861909175162172
2008-10-27,1,-0.0015036180810074073,-0.01702285132759873,0.9847080630213145
2008-10-28,1,-0.0022588235294117576,-0.019243223239894025,0.9824837812789605
2008-10-29,1,-0.0005659843410998899,-0.019798316217967793,0.981927710843372
2008-10-30,1,-0.0014157621519584884,-0.021186048663152435,0.9805375347544008
2008-10-31,1,-0.0012287334593572563,-0.022388750115645673,0.9793327154772924
2008-11-03,1,0.004258540740039729,-0.01822555278009197,0.9835032437442062
2008-11-04,1,0.004428948360346796,-0.013877324451846973,0.9878591288229829
2008-11-05,1,0.0017825311942958333,-0.012119530021279967,0.9896200185356797
2008-11-06,1,0.00018730099269514966,-0.011934499028588785,0.9898053753475424
2008-11-07,1,-0.002434456928838813,-0.014339901933575261,0.9873957367933257
2008-11-10,1,0.0014079219072646865,-0.012952169488390841,0.9887859128822968
2008-11-11,1,0.0,-0.012952169488390841,0.9887859128822968
2008-11-12,1,0.004780204330302684,-0.00823387917476337,0.993512511584799
2008-11-13,1,-0.0017723880597014796,-0.009991673605330487,0.9917516218721021
2008-11-14,1,0.001682085786375076,-0.008326394671108961,0.9934198331788676
2008-11-17,1,0.0018658456945610524,-0.006476084744196253,0.995273401297496
2008-11-18,1,0.004376571375360738,-0.002127856415951479,0.9996292863762725
2008-11-19,1,0.003523085481179189,0.0,1.0031510658016662
2008-11-20,1,0.006559497413155979,0.0,1.009731232622797
2008-11-21,1,-0.002386415787058338,-0.002386415787058338,1.00732159406858
2008-11-24,1,-0.006532339681663335,-0.008903166590178868,1.0007414272474495
2008-11-25,1,0.0072235599185035415,-0.0017439192290040761,1.0079703429101001
2008-11-26,1,0.0023905847738137087,0.0,1.0103799814643168
2008-11-28,1,0.0020179783525957617,0.0,1.012418906394808
2008-12-01,1,0.009337239106554485,0.0,1.0218721037998126
2008-12-02,1,0.0008162524941046634,0.0,1.0227062094531951
2008-12-03,1,0.001178069777979296,0.0,1.0239110287303037
2008-12-04,1,0.003077480086893347,0.0,1.0270620945319717
2008-12-05,1,-0.004872766648619353,-0.004872766648619353,1.0220574606116752
2008-12-08,1,-0.00244831338411311,-0.007309149972928863,1.019555143651527
2008-12-09,1,0.003272429779110908,-0.0040606388738492205,1.0228915662650582
2008-12-10,1,-0.0003624173235481365,-0.004421584551524749,1.0225208526413325
2008-12-11,1,0.0028097525605004225,-0.0016242555495394884,1.0253938832252065
2008-12-12,1,0.0011749819233550785,-0.0004511820970939384,1.026598702502315
2008-12-15,1,0.001805543017062483,0.0,1.0284522706209436
2008-12-16,1,0.005767324502117699,0.0,1.0343836886005544
2008-12-17,1,0.0013439655944809115,0.0,1.0357738646895258
2008-12-18,1,0.0027738010021474135,0.0,1.0386468952733998
2008-12-19,1,-0.0028553582582313553,-0.0028553582582312442,1.0356811862835946
2008-12-22,1,-0.001521252796420569,-0.004372267332916624,1.0341056533827606
2008-12-23,1,-0.0007169743681663121,-0.005086106897474463,1.0333642261353093
2008-12-24,1,-0.0014349775784753271,-0.00651378602659014,1.0318813716404067
2008-12-26,1,0.001616669660499337,-0.004907647006335059,1.0335495829471721
2008-12-29,1,0.001883070301291312,-0.0030338181493705374,1.035495829471732
2008-12-30,1,0.0,-0.0030338181493705374,1.035495829471732
2008-12-31,1,-0.009397655061308519,-0.012402962434192588,1.025764596848933
2009-01-02,1,-0.006685941452837074,-0.019005978406352875,1.018906394810008
2009-01-05,1,0.0001819174094961351,-0.01882751851521347,1.019091751621871
2009-01-06,1,-0.0004547108039286707,-0.019273668243062092,1.0186283595922139
2009-01-07,1,0.00081885178782648,-0.01847059873293433,1.0194624652455968
2009-01-08,1,0.001636363636363658,-0.016864459712679025,1.0211306765523624
2009-01-09,1,0.0017244508985296836,-0.015169090746853908,1.0228915662650595
2009-01-12,1,0.002899338588384426,-0.012313732488622664,1.0258572752548647
2009-01-13,1,-9.034239768712649e-05,-0.012402962434192366,1.0257645968489333
2009-01-14,1,0.0022587640043367774,-0.010172213794949148,1.0280815569972186
2009-01-15,1,-0.0003605877580457051,-0.010529133577228289,1.0277108433734927
2009-01-16,1,-0.0032464604563080535,-0.013741411617738786,1.0243744207599617
2009-01-20,1,-0.0006333122229259525,-0.014366021236726811,1.0237256719184418
2009-01-21,1,-0.00588448307079481,-0.020165967698759335,1.0177015755328997
2009-01-22,1,-0.0012749294235497866,-0.021415186936735497,1.01640407784986
2009-01-23,1,-0.0015501048600347067,-0.0229320960114211,1.0148285449490257
2009-01-26,1,-0.0011872146118721005,-0.02409208530382756,1.0136237256719174
2009-01-27,1,0.003291579043613435,-0.020879807263317174,1.0169601482854485
2009-01-28,1,-0.004374373462134318,-0.025162844650664318,1.0125115848007404
2009-01-29,1,-0.004668192219679734,-0.0297135718747209,1.007784986098238
2009-01-30,1,-0.0007356998344675292,-0.03042741143927874,1.0070435588507867
2009-02-02,1,0.003589177250137965,-0.026947443562059137,1.010658016682112
2009-02-03,1,-0.004218248509857858,-0.031052021058266766,1.0063948100092668
2009-02-04,1,-0.002394327286122211,-0.03337199964307991,1.0039851714550498
2009-02-05,1,0.0008307947936860849,-0.032568930132952145,1.0048192771084328
2009-02-06,1,-0.0024903154399557037,-0.03497813866333499,1.0023169601482844
2009-02-09,1,-0.0018492834026815341,-0.03676273757472981,1.000463392029656
2009-02-10,1,0.0067623899953681565,-0.030248951548139225,1.0072289156626495
2009-02-11,1,0.00156422524843558,-0.028732042473453845,1.0088044485634835
2009-02-12,1,0.0019292604501608412,-0.026858213616489324,1.0107506950880434
2009-02-13,1,-0.00550155877498637,-0.03221201035067345,1.0051899907321582
2009-02-17,1,0.006730591923289619,-0.025698224324082863,1.0119555143651517
2009-02-18,1,-0.003480172176939189,-0.029088962255732764,1.0084337349397579
2009-02-19,1,-0.0037680360261005408,-0.03274739002409188,1.0046339202965697
2009-02-20,1,0.0026752767527673527,-0.030159721602569745,1.0073215940685807
2009-02-23,1,-0.0008280430582390252,-0.030962791112697285,1.006487488415198
2009-02-24,1,-0.0013812154696132284,-0.03230124029624315,1.0050973123262268
2009-02-25,1,-0.005071461502996755,-0.03720888730257854,0.9999999999999988
2009-02-26,1,-0.0006487488415199971,-0.03783349692156679,0.9993512511584788
2009-02-27,1,0.000185477139942547,-0.03765503703042716,0.9995366079703417
2009-03-02,1,0.004543347241539264,-0.033282769697510206,1.0040778498609813
2009-03-03,1,-0.0014768321949417684,-0.034710448826625884,1.0025949953660787
2009-03-04,1,-0.002865594379737546,-0.03747657713928765,0.9997219647822047
2009-03-05,1,0.005840363400389403,-0.031855090568394306,1.005560704355884
2009-03-06,1,-0.001290322580645209,-0.0331043098063708,1.004263206672844
2009-03-09,1,-0.0019379844961239234,-0.03497813866333499,1.0023169601482844
2009-03-10,1,-0.003328710124826606,-0.03819041670384549,0.9989805375347534
2009-03-11,1,0.0016699137211242387,-0.036584277683590294,1.0006487488415188
2009-03-12,1,0.0012040381587477,-0.035424288391183834,1.0018535681186271
2009-03-13,1,0.0011100832562442875,-0.034353529044346964,1.0029657089898043
2009-03-16,1,-0.0019404915912030196,-0.03622735790131126,1.0010194624652446
2009-03-17,1,-0.0020368484399592157,-0.038190416703845376,0.9989805375347535
2009-03-18,1,0.016606364226737114,-0.02221825644686304,1.0155699721964773
2009-03-19,1,-0.002737725862383633,-0.0248951548139551,1.0127896200185347
2009-03-20,1,-0.00036603221083464366,-0.025252074596234242,1.0124189063948088
2009-03-23,1,-0.0011900402782862862,-0.026412063888640702,1.0112140871177004
2009-03-24,1,-0.00018330125561361044,-0.026590523779780217,1.0110287303058376
2009-03-25,1,-0.0037583646530386927,-0.030248951548139225,1.0072289156626495
2009-03-26,1,0.002024291497975783,-0.028285892745605,1.0092678405931408
2009-03-27,1,-0.0008264462809918216,-0.029088962255732764,1.0084337349397579
2009-03-30,1,0.00202187298961487,-0.027125903453198763,1.010472659870249
2009-03-31,1,-0.004769329542327783,-0.031765860622824826,1.0056533827618153
2009-04-01,1,0.0007372592387797638,-0.031052021058266988,1.0063948100092666
2009-04-02,1,-0.0036835804401879058,-0.03462121888105629,1.0026876737720098
2009-04-03,1,-0.005730659025787954,-0.04015347550637982,0.996941612604262
2009-04-06,1,-0.0008366644975363879,-0.04095654501650736,0.9961075069508792
2009-04-07,1,0.0011164867882396123,-0.039885785669670604,0.9972196478220562
2009-04-08,1,0.0015799256505575343,-0.038368876594985224,0.9987951807228902
2009-04-09,1,-0.0022269648325136115,-0.04051039528865885,0.9965708989805362
2009-04-13,1,0.0034409002138937606,-0.03720888730257865,0.9999999999999987
2009-04-14,1,0.002131603336422483,-0.03515659855447495,1.0021316033364212
2009-04-15,1,0.0007398501803383972,-0.03444275898991711,1.0028730305838724
2009-04-16,1,-0.0026799741243876962,-0.03703042741143925,1.0001853568118615
2009-04-17,1,-0.003891771682727918,-0.04077808512536796,0.996292863762742
2009-04-20,1,0.0030697674418604937,-0.03783349692156679,0.9993512511584788
2009-04-21,1,-0.0021329871093388464,-0.039885785669670715,0.9972196478220561
2009-04-22,1,-0.0020446096654275214,-0.04184884447220483,0.9951807228915649
2009-04-23,1,0.0010243993294840603,-0.04086731507093777,0.9962001853568104
2009-04-24,1,-0.0022327658386825933,-0.0430088337646114,0.9939759036144564
2009-04-27,1,0.003170163170163276,-0.039975015615240306,0.9971269694161248
2009-04-28,1,-0.0028813086718096903,-0.04274114392790207,0.9942539388322508
2009-04-29,1,-0.0024235645041014164,-0.0450611225127151,0.9918443002780339
2009-04-30,1,-0.002055690525135434,-0.047024181315249214,0.9898053753475428
2009-05-01,1,-0.000936329588014928,-0.04791648077094657,0.9888785912882286
2009-05-04,1,0.0,-0.04791648077094657,0.9888785912882286
2009-05-05,1,-0.0002811621368322692,-0.048184170607655674,0.9886005560704344
2009-05-06,1,0.00018749414080798665,-0.04800571071651638,0.9887859128822971
2009-05-07,1,-0.0036554503702315166,-0.051485678593735984,0.9851714550509718
2009-05-08,1,0.0,-0.051485678593735984,0.9851714550509718
2009-05-11,1,0.0042333019755409484,-0.047470331043097946,0.9893419833178856
2009-05-12,1,0.0002810304449649692,-0.04720264120638873,0.9896200185356799
2009-05-13,1,0.0020603109196477565,-0.04523958240385473,0.991658943466171
2009-05-14,1,0.0,-0.04523958240385473,0.991658943466171
2009-05-15,1,-0.0005607476635514086,-0.04577496207727305,0.9911028730305825
2009-05-18,1,-0.0033663736674770517,-0.048987240117783326,0.9877664504170516
2009-05-19,1,-0.0007506098705197806,-0.049701079682341165,0.9870250231696003
2009-05-20,1,0.001971830985915357,-0.047827250825376866,0.9889712696941599
2009-05-21,1,-0.0038421891106737993,-0.051485678593735984,0.9851714550509718
2009-05-22,1,-0.0027281279397929348,-0.05407334701525823,0.9824837812789607
2009-05-26,1,-0.0018866144703330034,-0.05585794592665283,0.9806302131603324
2009-05-27,1,-0.005008978357433191,-0.060587133041848706,0.9757182576459672
2009-05-28,1,-0.00037993920972645423,-0.060944052824127626,0.9753475440222416
2009-05-29,1,0.005511212466742688,-0.05576871598108313,0.9807228915662638
2009-06-01,1,-0.009544509544509472,-0.06478094048362604,0.9713623725671907
2009-06-02,1,0.001431161148745197,-0.06344249130008028,0.9727525486561618
2009-06-03,1,0.002858231707317138,-0.06076559293298822,0.9755329008341044
2009-06-04,1,-0.004750142504275079,-0.06522709021147477,0.9708989805375335
2009-06-05,1,-0.009641084383352427,-0.0742393147140179,0.9615384615384603
2009-06-08,1,-0.002409638554216831,-0.07647006335326112,0.9592215013901749
2009-06-09,1,0.002512077294686055,-0.07415008476844798,0.9616311399443919
2009-06-10,1,-0.0024094063222821482,-0.0763808334076913,0.9593141797961064
2009-06-11,1,0.0025118346053520924,-0.07406085482287827,0.9617238183503233
2009-06-12,1,0.0021200732388937382,-0.07209779602034416,0.9637627432808145
2009-06-15,1,0.002404077315126374,-0.06986704738110083,0.9660797034290999
2009-06-16,1,0.001151189562548005,-0.06879628803426407,0.9671918443002769
2009-06-17,1,0.0009582215408201478,-0.06790398857856672,0.9681186283595911
2009-06-18,1,-0.006318207926478969,-0.07379316498616906,0.9620018535681175
2009-06-19,1,0.001348747591522148,-0.07254394574819278,0.9632993512511574
2009-06-22,1,0.003655955358860874,-0.069153207816543,0.9668211306765513
2009-06-23,1,0.0010544478527607648,-0.06817167841527583,0.9678405931417969
2009-06-24,1,-0.0013406109355549312,-0.0694208976532521,0.966543095458757
2009-06-25,1,0.004890209991370131,-0.06487017042919574,0.9712696941612593
2009-06-26,1,0.0014312977099237845,-0.06353172124564965,0.9726598702502307
2009-06-29,1,9.528346831810808e-05,-0.06344249130008006,0.972752548656162
2009-06-30,1,-0.0051448170731706044,-0.06826090836084553,0.9677479147358655
2009-07-01,1,0.0006703696609844378,-0.0676362987418575,0.9683966635773854
2009-07-02,1,0.0026796822662455977,-0.06513786026590485,0.9709916589434652
2009-07-06,1,0.0005726830199483945,-0.06460248059248652,0.9715477293790536
2009-07-07,1,0.0011447104836401767,-0.06353172124564965,0.9726598702502307
2009-07-08,1,0.005335874225821824,-0.05853484429374456,0.9778498609823901
2009-07-09,1,-0.0037911098474079363,-0.062104042116533975,0.9741427247451333
2009-07-10,1,0.003805537056417174,-0.05853484429374456,0.9778498609823901
2009-07-13,1,-0.001516443938963219,-0.05996252342286046,0.9763670064874873
2009-07-14,1,-0.0030374940673942863,-0.06281788168109181,0.973401297497682
2009-07-15,1,-0.0055222317433114565,-0.06799321852413642,0.9680259499536598
2009-07-16,1,0.001819052178075653,-0.06629784955831142,0.9697868396663567
2009-07-17,1,-0.002771406727828829,-0.06888551797983378,0.9670991658943455
2009-07-20,1,0.0026832774317202546,-0.06638707950388112,0.9696941612604253
2009-07-21,1,0.0035362706680683864,-0.06308557151780114,0.9731232622798877
2009-07-22,1,-0.002571428571428558,-0.06549478004818388,0.9706209453197394
2009-07-23,1,-0.005824501098061652,-0.07093780672793759,0.9649675625579229
2009-07-24,1,0.0012485593545907836,-0.06977781743553113,0.9661723818350313
2009-07-27,1,-0.001151079136690658,-0.070848576782368,0.9650602409638542
2009-07-28,1,-0.0005762028233938787,-0.07138395645578643,0.9645041705282656
2009-07-29,1,-0.000864802536754028,-0.07218702596591398,0.9636700648748829
2009-07-30,1,0.00038468936333901915,-0.07183010618363517,0.9640407784986085
2009-07-31,1,0.0034608729090559454,-0.06861782814312478,0.9673772011121395
2009-08-03,1,-0.004885993485341911,-0.07316855536718114,0.9626506024096373
2009-08-04,1,-0.0009627418888996653,-0.0740608548228785,0.9617238183503231
2009-08-05,0,-0.002312807169702169,-0.07620237351655212,0.959499536607969
2009-08-06,0,0.0,-0.07620237351655212,0.959499536607969
2009-08-07,0,-0.0,-0.07620237351655212,0.959499536607969
2009-08-10,0,0.0,-0.07620237351655212,0.959499536607969
2009-08-11,0,0.0,-0.07620237351655212,0.959499536607969
2009-08-12,0,0.0,-0.07620237351655212,0.959499536607969
2009-08-13,0,0.0,-0.07620237351655212,0.959499536607969
2009-08-14,0,0.0,-0.07620237351655212,0.959499536607969
2009-08-17,0,0.0,-0.07620237351655212,0.959499536607969
2009-08-18,0,-0.0,-0.07620237351655212,0.959499536607969
2009-08-19,0,0.0,-0.07620237351655212,0.959499536607969
2009-08-20,0,0.0,-0.07620237351655212,0.959499536607969
2009-08-21,0,-0.0,-0.07620237351655212,0.959499536607969
2009-08-24,0,0.0,-0.07620237351655212,0.959499536607969
2009-08-25,0,0.0,-0.07620237351655212,0.959499536607969
2009-08-26,0,0.0,-0.07620237351655212,0.959499536607969
2009-08-27,0,-0.0,-0.07620237351655212,0.959499536607969
2009-08-28,0,0.0,-0.07620237351655212,0.959499536607969
2009-08-31,0,0.0,-0.07620237351655212,0.959499536607969
2009-09-01,0,0.0,-0.07620237351655212,0.959499536607969
2009-09-02,0,0.0,-0.07620237351655212,0.959499536607969
2009-09-03,0,-0.0,-0.07620237351655212,0.959499536607969
2009-09-04,0,-0.0,-0.07620237351655212,0.959499536607969
2009-09-08,0,-0.0,-0.07620237351655212,0.959499536607969
2009-09-09,0,-0.0,-0.07620237351655212,0.959499536607969
2009-09-10,0,0.0,-0.07620237351655212,0.959499536607969
2009-09-11,0,-0.0,-0.07620237351655212,0.959499536607969
2009-09-14,0,-0.0,-0.07620237351655212,0.959499536607969
2009-09-15,0,-0.0,-0.07620237351655212,0.959499536607969
2009-09-16,0,-0.0,-0.07620237351655212,0.959499536607969
2009-09-17,0,0.0,-0.07620237351655212,0.959499536607969
2009-09-18,0,-0.0,-0.07620237351655212,0.959499536607969
2009-09-21,0,-0.0,-0.07620237351655212,0.959499536607969
2009-09-22,0,0.0,-0.07620237351655212,0.959499536607969
2009-09-23,0,0.0,-0.07620237351655212,0.959499536607969
2009-09-24,0,0.0,-0.07620237351655212,0.959499536607969
2009-09-25,0,0.0,-0.07620237351655212,0.959499536607969
2009-09-28,0,0.0,-0.07620237351655212,0.959499536607969
2009-09-29,0,-0.0,-0.07620237351655212,0.959499536607969
2009-09-30,0,-0.0,-0.07620237351655212,0.959499536607969
2009-10-01,0,0.0,-0.07620237351655212,0.959499536607969
2009-10-02,0,-0.0,-0.07620237351655212,0.959499536607969
2009-10-05,0,-0.0,-0.07620237351655212,0.959499536607969
2009-10-06,0,-0.0,-0.07620237351655212,0.959499536607969
2009-10-07,0,0.0,-0.07620237351655212,0.959499536607969
2009-10-08,0,-0.0,-0.07620237351655212,0.959499536607969
2009-10-09,0,-0.0,-0.07620237351655212,0.959499536607969
2009-10-12,0,0.0,-0.07620237351655212,0.959499536607969
2009-10-13,0,0.0,-0.07620237351655212,0.959499536607969
2009-10-14,0,-0.0,-0.07620237351655212,0.959499536607969
2009-10-15,0,-0.0,-0.07620237351655212,0.959499536607969
2009-10-16,0,0.0,-0.07620237351655212,0.959499536607969
2009-10-19,0,0.0,-0.07620237351655212,0.959499536607969
2009-10-20,0,0.0,-0.07620237351655212,0.959499536607969
2009-10-21,0,-0.0,-0.07620237351655212,0.959499536607969
2009-10-22,0,-0.0,-0.07620237351655212,0.959499536607969
2009-10-23,0,-0.0,-0.07620237351655212,0.959499536607969
2009-10-26,0,-0.0,-0.07620237351655212,0.959499536607969
2009-10-27,0,0.0,-0.07620237351655212,0.959499536607969
2009-10-28,0,0.0,-0.07620237351655212,0.959499536607969
2009-10-29,0,-0.0,-0.07620237351655212,0.959499536607969
2009-10-30,0,0.0,-0.07620237351655212,0.959499536607969
2009-11-02,0,-0.0,-0.07620237351655212,0.959499536607969
2009-11-03,0,-0.0,-0.07620237351655212,0.959499536607969
2009-11-04,0,-0.0,-0.07620237351655212,0.959499536607969
2009-11-05,0,0.0,-0.07620237351655212,0.959499536607969
2009-11-06,0,0.0,-0.07620237351655212,0.959499536607969
2009-11-09,0,0.0,-0.07620237351655212,0.959499536607969
2009-11-10,0,0.0,-0.07620237351655212,0.959499536607969
2009-11-11,0,0.0,-0.07620237351655212,0.959499536607969
2009-11-12,0,0.0,-0.07620237351655212,0.959499536607969
2009-11-13,0,0.0,-0.07620237351655212,0.959499536607969
2009-11-16,0,0.0,-0.07620237351655212,0.959499536607969
2009-11-17,0,0.0,-0.07620237351655212,0.959499536607969
2009-11-18,0,-0.0,-0.07620237351655212,0.959499536607969
2009-11-19,0,0.0,-0.07620237351655212,0.959499536607969
2009-11-20,0,-0.0,-0.07620237351655212,0.959499536607969
2009-11-23,0,-0.0,-0.07620237351655212,0.959499536607969
2009-11-24,1,0.0,-0.07620237351655212,0.959499536607969
2009-11-25,1,0.0011378721790251678,-0.07515120989832713,0.9605913244364628
2009-11-27,1,0.0027467323356697992,-0.07261089782094976,0.9632298116886563
2009-11-30,1,-0.002644752998961053,-0.07506361293014163,0.960682306755504
2009-12-01,1,-0.0016100009470594312,-0.07655276138929379,0.9591356073318045
2009-12-02,1,-0.002181749193701399,-0.07856749165755839,0.957043013993858
2009-12-03,1,-0.001616123205627873,-0.08005664011671054,0.9554963145701585
2009-12-04,1,-0.004570557988954338,-0.08426129458961062,0.9511291632561835
2009-12-07,1,0.002200114788597496,-0.08224656432134603,0.9532217565941298
2009-12-08,1,0.0025770735897681085,-0.07988144618033965,0.9556782792082409
2009-12-09,1,-0.0009520182787510212,-0.08075741586219387,0.9547684560178293
2009-12-10,1,-0.0018105584143319753,-0.08242175825771691,0.9530397919560475
2009-12-11,1,-0.0022911694510738823,-0.08452408549416679,0.95085621629906
2009-12-14,1,-0.001243900105253215,-0.08566284608057739,0.9496734461515249
2009-12-15,1,-0.002107683464265153,-0.08758997938065671,0.9476718351326197
2009-12-16,1,0.0005760368663594306,-0.08706439757154416,0.9482177290468665
2009-12-17,1,0.004125887545576745,-0.08329772793957102,0.952129968765636
2009-12-18,1,-0.0022933588150980677,-0.08540005517602123,0.9499463931086484
2009-12-21,1,-0.004597260798773983,-0.08960470964892131,0.9455792417946732
2009-12-22,1,-0.0020205907822573588,-0.09144424598081524,0.943668613094809
2009-12-23,1,-0.0006748939452371205,-0.09205742475811318,0.943031736861521
2009-12-24,1,-0.0022190062711047176,-0.09407215502637789,0.9409391435235744
2009-12-28,1,-0.0018371688261458186,-0.09573649742190093,0.9392104794617926
2009-12-29,1,0.0005812263876781021,-0.09521091561278827,0.9397563733760396
2009-12-30,1,0.0006777035531029263,-0.09459773683549044,0.9403932496093276
2009-12-31,1,-0.003773219814241502,-0.09801401859472181,0.9368449391667227
2010-01-04,1,0.0009711566475671951,-0.0971380489128677,0.9377547623571342
2010-01-05,1,0.003395750460851943,-0.09407215502637778,0.9409391435235746
2010-01-06,1,-0.0009669309611294308,-0.0949481247082321,0.940029320333163
2010-01-07,1,-0.0008710801393727596,-0.09573649742190082,0.9392104794617927
2010-01-08,1,0.0012593238399689621,-0.09459773683549044,0.9403932496093276
2010-01-11,1,9.674922600622082e-05,-0.09451013986730494,0.9404842319283687
2010-01-12,1,0.0029021959949695475,-0.0918822308217423,0.9432137014996033
2010-01-13,1,-0.00202565833896029,-0.09372176715363623,0.941303072799739
2010-01-14,1,0.0017398028223467588,-0.09214502172629868,0.9429407545424797
2010-01-15,1,0.0021227325357005,-0.09021788842621947,0.944942365561385
2010-01-19,1,-0.0012516849605237468,-0.09135664901262985,0.9437595954138501
2010-01-20,1,0.0013496577653524522,-0.09013029145803386,0.9450333478804264
2010-01-21,1,0.0019254837777991085,-0.08837835209432543,0.9468529942612494
2010-01-22,1,0.0006726241952532686,-0.08776517331702738,0.9474898704945375
2010-01-25,1,-0.0009602458229306388,-0.0886411429988816,0.946580047304126
2010-01-26,1,0.0,-0.0886411429988816,0.946580047304126
2010-01-27,1,-0.0009611687812380865,-0.08951711268073581,0.9456702241137145
2010-01-28,1,0.00038483740619588147,-0.08916672480799415,0.9460341533898791
2010-01-29,1,0.0018272744758607296,-0.0875023824124711,0.9477628174516609
2010-02-01,1,-0.002303926274359158,-0.0896047096489212,0.9455792417946733
2010-02-02,1,0.000577311652073309,-0.08907912783980887,0.9461251357089201
2010-02-03,1,-0.0019232618521010103,-0.09083106720351719,0.9443054893280972
2010-02-04,1,0.0034685422487714668,-0.0876775763488421,0.9475808528135785
2010-02-05,1,0.0027844455112817634,-0.08513726427146495,0.9502193400657718
2010-02-08,1,-0.001819226350057379,-0.08680160666698788,0.9484906760039901
2010-02-09,1,-0.0015347721822541738,-0.08820315815795454,0.9470349588993316
2010-02-10,1,-0.0022096262849458093,-0.09021788842621936,0.9449423655613851
2010-02-11,1,-0.00048141729250916754,-0.09065587326714641,0.9444874539661794
2010-02-12,1,0.001444947500240712,-0.08934191874436515,0.9458521887517966
2010-02-16,1,0.001154290111581524,-0.08829075512614004,0.9469439765802905
2010-02-17,1,-0.003074558032282848,-0.09109385810807347,0.9440325423709737
2010-02-18,1,-0.0021202775636083304,-0.09302099140815268,0.9420309313520684
2010-02-19,1,-0.0003863241259417505,-0.09337137928089445,0.9416670020759037
2010-02-22,1,0.0001932367149757308,-0.09319618534452379,0.9418489667139859
2010-02-23,1,0.0034775888717155645,-0.09004269448984858,0.9451243301994673
2010-02-24,1,-9.626492106262763e-05,-0.09013029145803397,0.9450333478804263
2010-02-25,1,0.0021180321555791526,-0.08820315815795454,0.9470349588993316
2010-02-26,1,0.0017292727447399958,-0.08662641273061711,0.9486726406420722
2010-03-01,1,-0.0008631437613886295,-0.08741478544428583,0.9478537997707019
2010-03-02,1,9.5987713572665e-05,-0.08732718847610044,0.9479447820897431
2010-03-03,1,-0.0001919570016315486,-0.0875023824124711,0.9477628174516609
2010-03-04,1,-0.00019199385619661502,-0.08767757634884199,0.9475808528135786
2010-03-05,1,-0.0025924147863659597,-0.09004269448984847,0.9451243301994674
2010-03-08,1,-0.0006738544474392816,-0.09065587326714641,0.9444874539661794
2010-03-09,1,0.0005779790000963736,-0.09013029145803386,0.9450333478804264
2010-03-10,1,-0.0011552902666795983,-0.09118145507625885,0.9439415600519325
2010-03-11,1,-0.0007710843373494036,-0.09188223082174218,0.9432137014996034
2010-03-12,1,-0.00019291984180569433,-0.09205742475811307,0.9430317368615211
2010-03-15,1,0.0003859141341051586,-0.0917070368853714,0.9433956661376857
2010-03-16,1,0.0020252676246503842,-0.08986750055347759,0.9453062948375498
2010-03-17,1,-0.00038498556304145115,-0.09021788842621936,0.9449423655613851
2010-03-18,1,-0.0015405353360292695,-0.09161943991718613,0.9434866484567267
2010-03-19,1,-0.0011571841851495401,-0.09267060353541112,0.9423948606282329
2010-03-22,1,0.0011585248117398361,-0.09161943991718602,0.9434866484567268
2010-03-23,1,-9.643201542919311e-05,-0.09170703688537152,0.9433956661376856
2010-03-24,1,-0.0054971549811938525,-0.09670006407194032,0.9382096739523401
2010-03-25,1,-0.0019394879751746252,-0.09845200343564886,0.936390027571517
2010-03-26,1,0.001748931208705784,-0.09687525800831132,0.9380277093142577
2010-03-29,1,9.699321047529352e-05,-0.09678766104012593,0.9381186916332989
2010-03-30,1,-0.00019396760740952868,-0.0969628549764967,0.9379367269952166
2010-03-31,1,-0.0010670288097778258,-0.09792642162653631,0.936935921485764
2010-04-01,1,-0.0009710623422024556,-0.09880239130839052,0.9360260982953524
2010-04-05,1,-0.005637636080870867,-0.10388301546314493,0.9307491237909657
2010-04-06,1,0.0010752688172042113,-0.10291944881310533,0.9317499293004183
2010-04-07,1,0.0038082218533346257,-0.09950316705387396,0.9352982397430232
2010-04-08,1,-0.0008754863813229541,-0.10029153976754268,0.9344793988716529
2010-04-09,1,9.736150326156157e-05,-0.10020394279935729,0.934570381190694
2010-04-12,1,0.0015576323987538387,-0.09880239130839064,0.9360260982953523
2010-04-13,1,0.0010692068429238866,-0.09783882465835103,0.937026903804805
2010-04-14,1,-0.0012622584716962537,-0.09897758524476141,0.9358441336572701
2010-04-15,1,0.0008749756951196286,-0.09818921253109258,0.9366629745286406
2010-04-16,1,0.003108305002428313,-0.09538610954915916,0.9395744087379573
2010-04-19,1,-0.0016461702333688821,-0.09687525800831132,0.9380277093142577
2010-04-20,1,-0.0004849660523763566,-0.09731324284923837,0.937572797719052
2010-04-21,1,0.0017467248908298316,-0.09573649742190071,0.9392104794617928
2010-04-22,1,-0.0014530659691950332,-0.09705045194468198,0.9378457446761755
2010-04-23,1,-0.0020372526193247475,-0.0988899882765758,0.9359351159763114
2010-04-26,1,0.0004860503548167472,-0.09845200343564875,0.9363900275715171
2010-04-27,1,0.004760979401476906,-0.09415975199456317,0.9408481612045335
2010-04-28,1,-0.0029010733971569502,-0.09678766104012582,0.938118691633299
2010-04-29,1,0.0019396760740957308,-0.09503572167641727,0.9399383380141221
2010-04-30,1,0.0016455328622593246,-0.093546573217265,0.9414850374378217
2010-05-03,1,-0.0019327406262079627,-0.09529851258097344,0.9396653910569988
2010-05-04,1,0.003001549186677055,-0.09258300656722529,0.9424858429472744
2010-05-05,1,0.0027029636065256657,-0.09013029145803364,0.9450333478804266
2010-05-06,1,0.0052950803889477704,-0.0853124582078355,0.9500373754276898
2010-05-07,1,-0.0016280406052480156,-0.08680160666698766,0.9484906760039903
2010-05-10,1,-0.0030695443645083476,-0.08960470964892098,0.9455792417946736
2010-05-11,1,9.621860867881082e-05,-0.0895171126807357,0.9456702241137146
2010-05-12,1,-0.0008658841639407333,-0.09030548539440442,0.9448513832423443
2010-05-13,1,0.0002888781896965842,-0.09004269448984825,0.9451243301994676
2010-05-14,1,0.004235656526761611,-0.08618842788968983,0.9491275522372782
2010-05-17,1,-0.0010544478527607648,-0.08715199453972944,0.9481267467278255
2010-05-18,1,0.003166682660013631,-0.08426129458961051,0.9511291632561836
2010-05-19,1,-0.0003826286588866079,-0.08461168246235229,0.9507652339800189
2010-05-20,1,0.002966507177033506,-0.08189617644860414,0.9535856858702946
2010-05-21,1,0.000954107432496798,-0.08102020676675004,0.954495509060706
2010-05-24,1,-0.0009531979792202216,-0.08189617644860414,0.9535856858702946
2010-05-25,1,0.001431161148745197,-0.08058222192582298,0.9549504206559117
2010-05-26,1,-0.0026676829268291735,-0.08303493703501463,0.9524029157227596
2010-05-27,1,-0.0034390523500192893,-0.08618842788969006,0.949127552237278
2010-05-28,1,0.0026840490797546135,-0.08373571278049818,0.9516750571704302
2010-06-01,1,9.560229445515489e-05,-0.08364811581231268,0.9517660394894715
2010-06-02,1,-0.0014338973329509619,-0.08496207033509406,0.9504013047038542
2010-06-03,1,-0.0009573042312845947,-0.08583804001694817,0.9494914815134428
2010-06-04,1,0.006420084323495612,-0.07996904314852493,0.9555872968891999
2010-06-07,1,0.00019042178425210388,-0.07979384921215404,0.9557692615272821
2010-06-08,1,0.0002855782960495823,-0.07953105830759777,0.9560422084844057
2010-06-09,1,-0.00047582794061662437,-0.07996904314852482,0.9555872968892
2010-06-10,1,-0.004474911929924774,-0.08408610065323951,0.951311127894266
2010-06-11,1,0.0036342769701607214,-0.08075741586219354,0.9547684560178297
2010-06-14,1,-0.0016199733180864984,-0.0822465643213457,0.9532217565941301
2010-06-15,1,-0.001145366039896789,-0.08329772793957069,0.9521299687656364
2010-06-16,1,0.0008600095556616782,-0.08250935522590197,0.9529488096370067
2010-06-17,1,0.0028642352491885514,-0.07988144618033932,0.9556782792082412
2010-06-18,1,-0.0012376237623763497,-0.08102020676674992,0.9544955090607061
2010-06-21,1,-0.00047659898961016633,-0.08145819160767698,0.9540405974655004
2010-06-22,1,0.0024794964714858203,-0.079180670434856,0.9564061377605704
2010-06-23,1,0.0019025875190257224,-0.07742873107114767,0.9582257841413933
2010-06-24,1,-9.494872768700535e-05,-0.07751632803933306,0.9581348018223521
2010-06-25,1,0.0006647042066278974,-0.07690314926203534,0.95877167805564
2010-06-28,1,0.002751945340671913,-0.07436283718465808,0.9614101653078334
2010-06-29,1,0.0017980505346835152,-0.07269849478913493,0.9631388293696154
2010-06-30,1,-0.002456074060079416,-0.07497601596195591,0.9607732890745454
2010-07-01,1,9.469696969710562e-05,-0.07488841899377041,0.9608642713935867
2010-07-02,1,-0.0012309440393901694,-0.07602717958018079,0.9596815012460518
2010-07-06,1,0.0017064846416381396,-0.07445043415284336,0.9613191829887924
2010-07-07,1,-0.0009464319515426478,-0.07532640383469746,0.9604093597983809
2010-07-08,1,-0.0009473285335355186,-0.07620237351655179,0.9594995366079694
2010-07-09,1,-0.001232694860610617,-0.07734113410296217,0.9583167664604345
2010-07-12,1,0.0002848191398461264,-0.0770783431984059,0.9585897134175579
2010-07-13,1,-0.002088078967350082,-0.07900547649848522,0.9565881023986526
2010-07-14,1,0.002568004565341342,-0.07664035835747895,0.9590446250127636
2010-07-15,1,0.002371691490370864,-0.07445043415284347,0.9613191829887923
2010-07-16,1,0.0017035775127769437,-0.07287368872550581,0.9629568647315331
2010-07-19,1,-0.000661375661375696,-0.07348686750280375,0.962319988498245
2010-07-20,1,0.001039992436418613,-0.07252330085276426,0.9633207940076975
2010-07-21,1,0.0012278050623348857,-0.07138454026635366,0.9645035641552326
2010-07-22,1,-0.0010376379586831685,-0.07234810691639326,0.9635027586457799
2010-07-23,1,-0.002077431539187935,-0.07427524021647247,0.9615011476268747
2010-07-26,1,-0.0001892505677517642,-0.07445043415284347,0.9613191829887923
2010-07-27,1,-0.0018928639030854066,-0.0762023735165519,0.9594995366079693
2010-07-28,1,0.002465389721221456,-0.0739248523437308,0.9618650769030394
2010-07-29,1,0.0009458948164964287,-0.07304888266187648,0.9627749000934509
2010-07-30,1,0.003402003402003473,-0.06989539180720128,0.9660502635789324
2010-08-02,1,-0.0016010548125824364,-0.07138454026635344,0.9645035641552329
2010-08-03,1,0.0025469295349493937,-0.06901942212534717,0.9669600867693438
2010-08-04,1,-0.0018818216033120727,-0.07077136148905572,0.9651404403885206
2010-08-05,1,0.0013197586726998445,-0.06954500393445984,0.9664141928550968
2010-08-06,1,0.002636038410845476,-0.06709228882526797,0.968961697788249
2010-08-09,1,-0.00046948356807507974,-0.06753027366619502,0.9685067861930433
2010-08-10,1,0.0015030530765618444,-0.06612872217522814,0.9699625032977018
2010-08-11,1,0.0025325954413282226,-0.06376360403422177,0.972419025911813
2010-08-12,1,-0.0013098802395209441,-0.06498996158881765,0.9711452734452368
2010-08-13,1,0.0006557991380926609,-0.0643767828115197,0.9717821496785249
2010-08-16,1,0.003089598352214118,-0.06148608286140089,0.9747845662068828
2010-08-17,1,-0.0021467239126377047,-0.0635008131296656,0.9726919728689363
2010-08-18,1,-0.0002806098587596617,-0.06376360403422188,0.9724190259118128
2010-08-19,1,0.0016841317365270392,-0.06218685860688422,0.9740567076545537
2010-08-20,1,-0.001868111339435874,-0.06393879797059254,0.9722370612737307
2010-08-23,1,0.0006550626988583996,-0.0633256191932946,0.9728739375070188
2010-08-24,1,0.0029926119891516834,-0.06052251621136118,0.9757853717163355
2010-08-25,1,-0.001958041958041945,-0.062362052543255,0.9738747430164714
2010-08-26,1,0.0011210762331836932,-0.061310888925030116,0.974966530844965
2010-08-27,1,-0.004665920119447553,-0.0656907373343012,0.9704174148929074
2010-08-30,1,0.0037502343896493873,-0.06218685860688444,0.9740567076545534
2010-08-31,1,0.0008406501027462543,-0.061398485893215504,0.974875548525924
2010-09-01,1,-0.00298646756882881,-0.06420158887514893,0.9719641143166071
2010-09-02,1,-0.0010296733127398427,-0.06516515552518853,0.9709633088071545
2010-09-03,1,-0.0025299850074962382,-0.0675302736661948,0.9685067861930435
2010-09-07,1,0.0031000469704085543,-0.06463957371607598,0.9715092027214014
2010-09-08,1,-0.001779359430604921,-0.06630391611159903,0.9697805386596196
2010-09-09,1,-0.0037526972511493506,-0.06980779483901589,0.9661412458979735
2010-09-10,1,-0.001035879084659519,-0.0707713614890555,0.9651404403885209
2010-09-13,1,0.0023567119155354366,-0.06858143728442001,0.9674149983645496
2010-09-14,1,0.0027273582243958483,-0.06604112520704275,0.970053485616743
2010-09-15,1,-0.0010317013693490473,-0.06700469185708235,0.9690526801072904
2010-09-16,1,-0.0008449910806497263,-0.06779306457075118,0.96823383923592
2010-09-17,1,0.000563803796278961,-0.06726748276163863,0.968779733150167
2010-09-20,1,0.001126972201352272,-0.06621631914341364,0.9698715209786607
2010-09-21,1,0.0038461538461540545,-0.06262484344781116,0.973601796059348
2010-09-22,1,0.0005606952621248773,-0.06209926163869872,0.9741476899735948
2010-09-23,1,-0.00028019052955996493,-0.06236205254325489,0.9738747430164715
2010-09-24,1,-0.001494768310911887,-0.06376360403422177,0.972419025911813
2010-09-27,1,0.0027133233532934398,-0.061223291956844506,0.9750575131640064
2010-09-28,1,0.0019595035924231397,-0.059383755624950796,0.9769681418638704
2010-09-29,1,-0.0014900353883404716,-0.060785307115917564,0.975512424759212
2010-09-30,1,-0.0007461294534601981,-0.061486082861401004,0.9747845662068827
2010-10-01,1,0.0,-0.061486082861401004,0.9747845662068827
2010-10-04,1,0.001586708978906115,-0.05999693440224885,0.9763312656305823
2010-10-05,1,0.0006523157208087049,-0.05938375562495102,0.9769681418638702
2010-10-06,1,0.001862544235425645,-0.057631816261242474,0.9787877882446933
2010-10-07,1,0.000557724484104849,-0.057106234452130034,0.9793336821589401
2010-10-08,1,0.0007432181345223832,-0.056405458706646705,0.9800615407112693
2010-10-11,1,0.0,-0.056405458706646705,0.9800615407112693
2010-10-12,1,-0.0012996658002227823,-0.057631816261242585,0.9787877882446931
2010-10-13,1,0.00018590816136820898,-0.05745662232487192,0.9789697528827753
2010-10-14,1,-0.0019516728624534574,-0.05929615865676563,0.9770591241829113
2010-10-15,1,-0.0014898966384206958,-0.0606977101477324,0.9756034070782529
2010-10-18,1,0.0026112095495662846,-0.05824499503854064,0.978150912011405
2010-10-19,1,0.0006511022230488717,-0.05763181626124281,0.9787877882446929
2010-10-20,1,0.00018590816136820898,-0.05745662232487214,0.9789697528827751
2010-10-21,1,-0.0015799256505575343,-0.05894577078402419,0.9774230534590757
2010-10-22,1,-0.0007446709485247061,-0.05964654652950763,0.9766951949067464
2010-10-25,1,-0.00037261294829993297,-0.05999693440224929,0.9763312656305818
2010-10-26,1,-0.0029820147236977457,-0.06280003738418272,0.973419831421265
2010-10-27,1,-0.0021497336199644,-0.06481476765244742,0.9713272380833186
2010-10-28,1,0.002903709254402198,-0.0620992616386995,0.974147689973594
2010-10-29,1,0.0017745400205473327,-0.060434919243176566,0.9758763540353759
2010-11-01,1,-0.0006526198023495411,-0.061048098020474506,0.9752394778020878
2010-11-02,1,0.0005597537083683601,-0.060522516211361954,0.9757853717163347
2010-11-03,1,0.0003729603729605291,-0.06017212833862007,0.9761493009924995
2010-11-04,1,0.004101034579177876,-0.05631786173846165,0.9801525230303101
2010-11-05,1,-0.0021349670472478044,-0.05833259200672636,0.9780599296923635
2010-11-08,1,-0.0010232558139534609,-0.05929615865676596,0.977059124182911
2010-11-09,1,-0.003910978675854326,-0.0629752313205536,0.9732378667831827
2010-11-10,1,0.0014957464709730584,-0.06157367982958695,0.974693583887841
2010-11-11,1,0.0,-0.06157367982958695,0.974693583887841
2010-11-12,1,-0.004573882199197188,-0.06586593127067242,0.9702354502548247
2010-11-15,1,-0.004969992498124576,-0.07050857058449977,0.9654133873456437
2010-11-16,1,0.001225143718782462,-0.06936980999808928,0.9665961574931787
2010-11-17,1,-9.412650602402817e-05,-0.06945740696627456,0.9665051751741377
2010-11-18,1,-0.0013178951332015743,-0.07068376452087055,0.9652314227075616
2010-11-19,1,-0.0002827787727401887,-0.07094655542542683,0.964958475750438
2010-11-22,1,0.0025457288327361827,-0.06858143728442057,0.967414998364549
2010-11-23,1,0.001598796200507957,-0.0670922888252683,0.9689616977882487
2010-11-24,1,-0.005258215962441359,-0.07199771904365182,0.9638666879219443
2010-11-26,1,0.0011327166320558302,-0.07094655542542683,0.964958475750438
2010-11-29,1,0.0012257212898358905,-0.06980779483901645,0.9661412458979729
2010-11-30,1,-0.0015067332140502598,-0.07120934632998321,0.9646855287933145
2010-12-01,1,-0.005564462887861943,-0.07637756745292301,0.9593175719698867
2010-12-02,1,-0.0015174506828528056,-0.07777911894388978,0.9578618548652282
2010-12-03,1,0.000949848024315969,-0.07690314926203567,0.9587716780556396
2010-12-06,1,0.0030366293414310075,-0.07410004628010225,0.9616831122649564
2010-12-07,1,-0.008041627246925365,-0.08154578857586314,0.9539496151464585
2010-12-08,1,-0.0036242250834525036,-0.08487447336690912,0.9504922870228948
2010-12-09,1,-0.0008614913372260169,-0.08566284608057795,0.9496734461515244
2010-12-10,1,-0.0019160758766045838,-0.08741478544428627,0.9478537997707015
2010-12-13,1,0.001631791130735083,-0.08592563698513433,0.9494004991944008
2010-12-14,1,-0.005174892189745983,-0.09065587326714697,0.9444874539661788
2010-12-15,1,-0.001926596666987801,-0.0924078126308554,0.9426678075853558
2010-12-16,1,0.0015442524852813388,-0.09100626113988863,0.9441235246900143
2010-12-17,1,0.0041437795123833165,-0.08723959150791538,0.9480357644087839
2010-12-20,1,-0.00019193857965449368,-0.08741478544428616,0.9478537997707016
2010-12-21,1,0.00019197542714533,-0.08723959150791538,0.9480357644087839
2010-12-22,1,-0.001151631477927073,-0.08829075512614037,0.9469439765802901
2010-12-23,1,-0.002305918524212136,-0.09039308236259047,0.9447604009233025
2010-12-27,1,0.0010593220338983578,-0.08942951571255087,0.9457612064327552
2010-12-28,1,-0.0037518037518037284,-0.09284579747178223,0.9422128959901503
2010-12-29,1,0.0054074932406333875,-0.0879403672533986,0.9473079058564547
2010-12-30,1,-0.0012485593545908946,-0.0890791278398092,0.9461251357089198
2010-12-31,1,0.0011539571112606506,-0.08802796422158421,0.9472169235374135
2011-01-03,1,-0.00048026126212652454,-0.08846594906251126,0.9467620119422078
2011-01-04,1,-0.0002882952142994055,-0.08872873996706754,0.9464890649850843
2011-01-05,1,-0.004998558108238016,-0.0932837823127094,0.9417579843949445
2011-01-06,1,0.0025118346053520924,-0.09100626113988852,0.9441235246900144
2011-01-07,1,0.003951045581574775,-0.08741478544428616,0.9478537997707016
2011-01-10,1,0.001151852562871758,-0.08636362182606128,0.9489455875991952
2011-01-11,1,-0.0014381591562798723,-0.08767757634884255,0.9475808528135781
2011-01-12,1,-0.00019203072491613682,-0.08785277028521343,0.9473988881754957
2011-01-13,1,0.0021127436857772963,-0.08592563698513433,0.9494004991944008
2011-01-14,1,-0.0009583133684714085,-0.08680160666698844,0.9484906760039894
2011-01-18,1,-0.0007673860911270314,-0.08750238241247177,0.9477628174516602
2011-01-19,1,0.000671978496687986,-0.08688920363517405,0.9483996936849481
2011-01-20,1,-0.004125095932463463,-0.09065587326714708,0.9444874539661787
2011-01-21,1,0.0011559580001927472,-0.08960470964892198,0.9455792417946726
2011-01-24,1,9.621860867881082e-05,-0.0895171126807367,0.9456702241137136
2011-01-25,1,0.002886280546469111,-0.08688920363517405,0.9483996936849481
2011-01-26,1,-0.0024942440521871223,-0.08916672480799481,0.9460341533898784
2011-01-27,1,0.0017311021350259193,-0.08758997938065716,0.9476718351326191
2011-01-28,1,0.0019201228878649168,-0.08583804001694872,0.9494914815134422
2011-01-31,1,-0.0022039095438866063,-0.08785277028521343,0.9473988881754957
2011-02-01,1,-0.0024968789013731785,-0.0901302914580343,0.9450333478804258
2011-02-02,1,-0.0024068547222489967,-0.0923202156626699,0.942758789904397
2011-02-03,1,-0.002123142250530785,-0.09424734896274922,0.9407571788854917
2011-02-04,1,-0.004061895551257244,-0.09792642162653686,0.9369359214857634
2011-02-07,1,-9.710623422032327e-05,-0.09801401859472236,0.9368449391667222
2011-02-08,0,-0.003399048266485294,-0.10107991248121195,0.933660558000282
2011-02-09,0,0.0,-0.10107991248121195,0.933660558000282
2011-02-10,0,-0.0,-0.10107991248121195,0.933660558000282
2011-02-11,0,0.0,-0.10107991248121195,0.933660558000282
2011-02-14,0,0.0,-0.10107991248121195,0.933660558000282
2011-02-15,0,0.0,-0.10107991248121195,0.933660558000282
2011-02-16,0,-0.0,-0.10107991248121195,0.933660558000282
2011-02-17,0,0.0,-0.10107991248121195,0.933660558000282
2011-02-18,0,0.0,-0.10107991248121195,0.933660558000282
2011-02-22,0,0.0,-0.10107991248121195,0.933660558000282
2011-02-23,0,-0.0,-0.10107991248121195,0.933660558000282
2011-02-24,0,0.0,-0.10107991248121195,0.933660558000282
2011-02-25,0,0.0,-0.10107991248121195,0.933660558000282
2011-02-28,0,0.0,-0.10107991248121195,0.933660558000282
2011-03-01,0,0.0,-0.10107991248121195,0.933660558000282
2011-03-02,0,-0.0,-0.10107991248121195,0.933660558000282
2011-03-03,0,-0.0,-0.10107991248121195,0.933660558000282
2011-03-04,0,0.0,-0.10107991248121195,0.933660558000282
2011-03-07,0,-0.0,-0.10107991248121195,0.933660558000282
2011-03-08,0,-0.0,-0.10107991248121195,0.933660558000282
2011-03-09,0,0.0,-0.10107991248121195,0.933660558000282
2011-03-10,0,0.0,-0.10107991248121195,0.933660558000282
2011-03-11,0,0.0,-0.10107991248121195,0.933660558000282
2011-03-14,0,0.0,-0.10107991248121195,0.933660558000282
2011-03-15,0,0.0,-0.10107991248121195,0.933660558000282
2011-03-16,0,0.0,-0.10107991248121195,0.933660558000282
2011-03-17,0,-0.0,-0.10107991248121195,0.933660558000282
2011-03-18,0,-0.0,-0.10107991248121195,0.933660558000282
2011-03-21,0,-0.0,-0.10107991248121195,0.933660558000282
2011-03-22,0,-0.0,-0.10107991248121195,0.933660558000282
2011-03-23,0,-0.0,-0.10107991248121195,0.933660558000282
2011-03-24,0,-0.0,-0.10107991248121195,0.933660558000282
2011-03-25,0,-0.0,-0.10107991248121195,0.933660558000282
2011-03-28,0,-0.0,-0.10107991248121195,0.933660558000282
2011-03-29,0,-0.0,-0.10107991248121195,0.933660558000282
2011-03-30,0,0.0,-0.10107991248121195,0.933660558000282
2011-03-31,0,-0.0,-0.10107991248121195,0.933660558000282
2011-04-01,0,-0.0,-0.10107991248121195,0.933660558000282
2011-04-04,0,0.0,-0.10107991248121195,0.933660558000282
2011-04-05,0,-0.0,-0.10107991248121195,0.933660558000282
2011-04-06,0,-0.0,-0.10107991248121195,0.933660558000282
2011-04-07,0,0.0,-0.10107991248121195,0.933660558000282
2011-04-08,0,-0.0,-0.10107991248121195,0.933660558000282
2011-04-11,0,0.0,-0.10107991248121195,0.933660558000282
2011-04-12,0,0.0,-0.10107991248121195,0.933660558000282
2011-04-13,0,0.0,-0.10107991248121195,0.933660558000282
2011-04-14,0,-0.0,-0.10107991248121195,0.933660558000282
2011-04-15,0,0.0,-0.10107991248121195,0.933660558000282
2011-04-18,0,0.0,-0.10107991248121195,0.933660558000282
2011-04-19,0,0.0,-0.10107991248121195,0.933660558000282
2011-04-20,0,-0.0,-0.10107991248121195,0.933660558000282
2011-04-21,0,-0.0,-0.10107991248121195,0.933660558000282
2011-04-25,0,0.0,-0.10107991248121195,0.933660558000282
2011-04-26,0,0.0,-0.10107991248121195,0.933660558000282
2011-04-27,0,-0.0,-0.10107991248121195,0.933660558000282
2011-04-28,0,0.0,-0.10107991248121195,0.933660558000282
2011-04-29,0,0.0,-0.10107991248121195,0.933660558000282
2011-05-02,0,0.0,-0.10107991248121195,0.933660558000282
2011-05-03,0,0.0,-0.10107991248121195,0.933660558000282
2011-05-04,0,0.0,-0.10107991248121195,0.933660558000282
2011-05-05,0,0.0,-0.10107991248121195,0.933660558000282
2011-05-06,1,0.0,-0.10107991248121195,0.933660558000282
2011-05-09,1,0.0008604206500957279,-0.10030646307512492,0.9344638988245654
2011-05-10,1,-0.002196962460597973,-0.10228305600179155,0.9324109167180638
2011-05-11,1,0.0016274171931840442,-0.10082209601251624,0.9339283382750432
2011-05-12,1,-0.0011468985950491284,-0.10185336188729865,0.932857217175999
2011-05-13,1,0.0011482154817719081,-0.10082209601251624,0.9339283382750432
2011-05-16,1,0.001433623243811688,-0.09953301366903788,0.9352672396488487
2011-05-17,1,0.0006680664248901458,-0.09893144190874814,0.9358920602899579
2011-05-18,1,-0.0020028612303290005,-0.10073615718961759,0.9340175983666303
2011-05-19,1,0.0004778287461773001,-0.10030646307512492,0.9344638988245654
2011-05-20,1,0.0008596809628427238,-0.099533013669038,0.9352672396488486
2011-05-23,1,0.0004771903034930247,-0.09910331955454532,0.9357135401067838
2011-05-24,1,0.0001907850806066591,-0.09893144190874825,0.9358920602899578
2011-05-25,1,0.0003814973772056085,-0.098587686617154,0.936249100656306
2011-05-26,1,0.002764801220326074,-0.09609546075309616,0.9388376433123297
2011-05-27,1,0.0,-0.09609546075309616,0.9388376433123297
2011-05-31,1,0.00019015021867274662,-0.09592358310729909,0.9390161634955037
2011-06-01,1,0.0027566539923953304,-0.09343135724324136,0.9416047061515272
2011-06-02,1,-0.0018011185894397652,-0.09506419487831386,0.9399087644113737
2011-06-03,1,0.0014245014245015675,-0.0937751125348355,0.9412476657851793
2011-06-06,1,9.483167377899449e-05,-0.09368917371193697,0.9413369258767662
2011-06-07,1,9.482268158556018e-05,-0.09360323488903832,0.9414261859683534
2011-06-08,1,0.0020859012041338776,-0.09171258078527034,0.9433899079832679
2011-06-09,1,-0.002081559277131273,-0.09360323488903832,0.9414261859683534
2011-06-10,1,0.0008533232198730811,-0.09282978548295129,0.9422295267926367
2011-06-13,1,-0.0007578628268283261,-0.09351729606613968,0.9415154460599405
2011-06-14,1,-0.0036025786879030353,-0.09678297133628455,0.9381235625796335
2011-06-15,1,0.004852521408182708,-0.09240009136845861,0.9426758272505718
2011-06-16,1,0.0015150080484802597,-0.09102507020208195,0.9441039887159641
2011-06-17,1,-0.001039992436418613,-0.09197039725396594,0.9431221277085069
2011-06-20,1,-0.0004732159757713239,-0.09240009136845861,0.9426758272505718
2011-06-21,1,-0.0005681280181800696,-0.09291572430584993,0.9421402667010497
2011-06-22,1,0.0,-0.09291572430584993,0.9421402667010497
2011-06-23,1,0.0029369966840360195,-0.09025162079599491,0.9449073295402475
2011-06-24,1,0.0017003589646704675,-0.08870472198382096,0.9465140111888141
2011-06-27,1,-0.0020746887966806016,-0.09059537608758916,0.9445502891738994
2011-06-28,1,-0.005103005103004987,-0.09523607252411048,0.9397302442282002
2011-06-29,1,-0.0018996960486322712,-0.0969548489820814,0.9379450423964596
2011-06-30,1,-0.0019033117624667195,-0.09867362544005243,0.936159840564719
2011-07-01,1,-0.0020022883295194305,-0.10047834072092188,0.9342853786413915
2011-07-05,1,0.0031527658354828514,-0.09764235956527001,0.9372309616637632
2011-07-06,1,0.0015238095238094829,-0.09626733839889334,0.9386591231291556
2011-07-07,1,-0.002852795739824998,-0.09884550308584972,0.9359813203815448
2011-07-08,1,0.005531184436391445,-0.09386105135773393,0.9411584056935923
2011-07-11,1,0.003224582701062184,-0.09093913137918341,0.9441932488075512
2011-07-12,1,0.0001890716581585128,-0.09076725373338623,0.9443717689907253
2011-07-13,1,0.0005671077504725286,-0.09025162079599502,0.9449073295402474
2011-07-14,1,-0.0016058945777441824,-0.09171258078527034,0.9433899079832679
2011-07-15,1,0.0016084776232376807,-0.09025162079599514,0.9449073295402473
2011-07-18,1,0.00018892877385212614,-0.09007974315019818,0.9450858497234211
2011-07-19,1,-9.444654325641011e-05,-0.09016568197309671,0.9449965896318342
2011-07-20,1,-0.0012279210352319492,-0.09128288667077777,0.9438362084412029
2011-07-21,1,-0.002553432948742107,-0.09360323488903843,0.9414261859683533
2011-07-22,1,0.0012325779842607965,-0.09248603019135748,0.9425865671589845
2011-07-25,1,-0.0009469696969696129,-0.09334541842034283,0.9416939662431143
2011-07-26,1,0.0017061611374409313,-0.09179851960816887,0.9433006478916809
2011-07-27,1,-0.0015140045420137804,-0.09317354077454576,0.9418724864262883
2011-07-28,1,0.0012319939347991138,-0.0920563360768647,0.9430328676169196
2011-07-29,1,0.004921911973497339,-0.08758751728614045,0.9476743923794448
2011-08-01,1,0.0016953941791466587,-0.0860406184739666,0.9492810740280113
2011-08-02,1,0.0032910202162670377,-0.08303275967251744,0.9524051772335572
2011-08-03,1,-9.372071227742307e-05,-0.08311869849541598,0.9523159171419702
2011-08-04,1,0.004124097853594577,-0.07933739028788,0.9562433611717993
2011-08-05,1,-0.003920470456454828,-0.08294682084961902,0.9524944373251442
2011-08-08,1,0.005810139630775035,-0.07761861382990909,0.9580285630035398
2011-08-09,1,0.005310723935526118,-0.07272010092469183,0.9631163882240004
2011-08-10,1,0.0006487488415198861,-0.07211852916440209,0.9637412088651095
2011-08-11,1,-0.0034268778364361374,-0.07529826561164832,0.9604385854763895
2011-08-12,1,0.0024163568773234445,-0.07306385621628608,0.9627593478576522
2011-08-15,1,-0.0013906916373076506,-0.07435293855976433,0.9614204464838467
2011-08-16,1,0.0020425215857395873,-0.07246228445599623,0.9633841684987614
2011-08-17,1,0.0010191790975633275,-0.07151695740411212,0.9643660295062187
2011-08-18,1,0.0013883746760459115,-0.07022787506063399,0.9657049308800241
2011-08-19,1,-0.00018485996857375842,-0.07039975270643106,0.9655264106968501
2011-08-22,1,-0.0007395765924008701,-0.07108726328961945,0.9648123299641539
2011-08-23,1,-0.0010176704598020558,-0.07203259034150344,0.9638304689566966
2011-08-24,1,-0.0031487312465271478,-0.07495451032005407,0.9607956258427377
2011-08-25,1,0.00185804533630618,-0.07323573386208315,0.9625808276744782
2011-08-26,1,0.001112759643916883,-0.07220446798730062,0.9636519487735224
2011-08-29,1,-0.002130418673582768,-0.07418106091396715,0.9615989666670209
2011-08-30,1,0.002599090318388564,-0.07177477387280784,0.9640982492314576
2011-08-31,1,-0.0020368484399592157,-0.07366542797657583,0.9621345272165431
2011-09-01,1,0.001855459690138117,-0.07194665151860502,0.9639197290482835
2011-09-02,1,0.002222428002592869,-0.06988411976903985,0.9660619712463722
2011-09-06,1,-0.00018479164741758147,-0.07005599741483703,0.9658834510631981
2011-09-07,1,-0.0013861935126142644,-0.07134507975831517,0.9645445496893927
2011-09-08,1,0.001480658893207476,-0.06997005859193839,0.9659727111547851
2011-09-09,1,0.0020328959526889623,-0.0680794044881704,0.9679364331696997
2011-09-12,1,-0.0015676872002950981,-0.06954036447744572,0.9664190116127203
2011-09-13,1,-0.0014777870139466298,-0.07091538564382238,0.9649908501473279
2011-09-14,1,-0.0005549902876700319,-0.0714310185812137,0.9644552895978057
2011-09-15,1,-0.0018509949097640366,-0.07314979503918473,0.9626700877660651
2011-09-16,1,0.0004636068613816935,-0.07272010092469183,0.9631163882240004
2011-09-19,1,0.003707136237256714,-0.06928254800875,0.9666867918874814
2011-09-20,1,-0.00036934441366565096,-0.06962630330034403,0.9663297515211334
2011-09-21,1,0.0002771106595234052,-0.06936848683164831,0.9665975317958946
2011-09-22,1,0.003416751315910904,-0.0661887503844022,0.9699001551846145
2011-09-23,1,-0.003036996134732184,-0.06902473154005417,0.9669545721622427
2011-09-26,1,-0.0025846949136896225,-0.07143101858121337,0.964455289597806
2011-09-27,1,-0.002776492364645944,-0.07400918326816963,0.9617774868501954
2011-09-28,1,0.00027842227378194195,-0.07375136679947392,0.9620452671249565
2011-09-29,1,0.0008350343291891882,-0.07297791739338688,0.9628486079492399
2011-09-30,1,9.270418095841393e-05,-0.07289197857048857,0.9629378680408267
2011-10-03,1,0.0037078235076011268,-0.06945442565454663,0.9665082717043078
2011-10-04,1,-0.00046176579239010085,-0.06988411976903941,0.9660619712463726
2011-10-05,1,-0.003049062182389317,-0.07272010092469139,0.9631163882240008
2011-10-06,1,-0.002131603336422705,-0.07469669385135802,0.9610634061174992
2011-10-07,1,-0.0026934150645491206,-0.07718891971541575,0.9584748634614755
2011-10-10,1,0.0,-0.07718891971541575,0.9584748634614755
2011-10-11,1,-0.0026075619295958807,-0.07959520675657517,0.9559755808970387
2011-10-12,1,-0.00121381886087768,-0.08071241145425623,0.9548151997064074
2011-10-13,1,0.0020566513975881495,-0.07882175735048824,0.956778921721322
2011-10-14,1,-0.0009329228472805262,-0.0796811455794737,0.9558863208054517
2011-10-17,1,0.0018675880100849085,-0.07796236912150278,0.9576715226371921
2011-10-18,1,0.0005592319880696195,-0.07744673618411158,0.9582070831867142
2011-10-19,1,-9.315323707492773e-05,-0.07753267500701011,0.9581178230951273
2011-10-20,1,-0.0006521334078629648,-0.07813424676729996,0.957493002454018
2011-10-21,1,-0.00037289083620761776,-0.07847800205889399,0.95713596208767
2011-10-24,1,-0.0011190898069570743,-0.07950926793367663,0.9560648409886257
2011-10-25,1,0.0030809448230790792,-0.07667328677802465,0.9590104240109975
2011-10-26,1,-0.0023268801191362876,-0.07882175735048835,0.9567789217213218
2011-10-27,1,-0.004757906521130617,-0.08320463731831407,0.9522266570503837
2011-10-28,1,0.0028121484814398467,-0.08062647263135769,0.9549044597979944
2011-10-31,1,0.002617311647036935,-0.07822018559019828,0.9574037423624312
2011-11-01,1,0.00428864441543908,-0.07426699973686524,0.9615097065754343
2011-11-02,1,0.00018566654288898476,-0.07409512209106806,0.9616882267586084
2011-11-03,1,-0.0012066085019490913,-0.07521232678874923,0.9605278455679771
2011-11-04,1,0.0007434253322182727,-0.07452481620556073,0.9612419263006734
2011-11-07,1,0.0007428730615655077,-0.07383730562237245,0.9619560070333695
2011-11-08,1,-0.001670223624385181,-0.07538420443454619,0.9603493253848031
2011-11-09,1,0.0025095269077051174,-0.07306385621628553,0.9627593478576527
2011-11-10,1,-0.002039681068051191,-0.07495451032005362,0.9607956258427381
2011-11-11,1,0.0,-0.07495451032005362,0.9607956258427381
2011-11-14,1,0.0002787068004459492,-0.07469669385135802,0.9610634061174992
2011-11-15,1,-0.0005572582892170441,-0.07521232678874934,0.960527845567977
2011-11-16,1,0.0005575689991637045,-0.07469669385135802,0.9610634061174992
2011-11-17,1,0.0012073929599702993,-0.07357948915367685,0.9622237873081305
2011-11-18,1,-0.002226345083487846,-0.0756420209032419,0.960081545110042
2011-11-21,1,0.0010226850130159448,-0.07469669385135802,0.9610634061174992
2011-11-22,1,0.0007430110522894662,-0.07400918326816952,0.9617774868501955
2011-11-23,1,0.0013921113689094877,-0.07272010092469139,0.9631163882240008
2011-11-25,1,-0.0022242817423541172,-0.07478263267425656,0.9609741460259121
2011-11-28,1,0.0004644250417982221,-0.07435293855976377,0.9614204464838473
2011-11-29,1,-0.0009284189026087519,-0.07521232678874923,0.9605278455679771
2011-11-30,1,-0.00018585633305445715,-0.07538420443454619,0.9603493253848031
2011-12-01,1,-0.0009294544102612656,-0.07624359266353176,0.9594567244689328
2011-12-02,1,0.0018606381989021425,-0.07452481620556084,0.9612419263006733
2011-12-05,1,-0.00037143653078275385,-0.07486857149715498,0.9608848859343252
2011-12-06,1,-0.0009289363678588458,-0.07572795972614055,0.9599922850184549
2011-12-07,1,0.002510460251045954,-0.07340761150787989,0.9624023074913045
2011-12-08,1,0.0015767019105916713,-0.07194665151860458,0.9639197290482839
2011-12-09,1,-0.0021298268358180827,-0.0739232444452711,0.9618667469417824
2011-12-12,1,0.0010207869339271536,-0.0729779173933871,0.9628486079492397
2011-12-13,1,0.0009270418095854716,-0.07211852916440187,0.9637412088651097
2011-12-14,1,0.0007409465592294051,-0.07143101858121348,0.9644552895978059
2011-12-15,1,-0.0003701989819526741,-0.0717747738728075,0.9640982492314579
2011-12-16,1,0.0015739283399685,-0.0703138138835323,0.9656156707884374
2011-12-19,1,0.0006470696986502489,-0.06971224212324256,0.9662404914295464
2011-12-20,1,-0.0026789838337183403,-0.07220446798730051,0.9636519487735226
2011-12-21,1,-0.001296776583920023,-0.07340761150788022,0.9624023074913042
2011-12-22,1,0.0,-0.07340761150788022,0.9624023074913042
2011-12-23,1,-0.0026896679651270405,-0.07589983737193795,0.9598137648352805
2011-12-27,1,0.00027899190923474926,-0.07564202090324224,0.9600815451100416
2011-12-28,1,0.0026961695797693697,-0.0731497950391845,0.9626700877660653
2011-12-29,1,0.0005563282336578101,-0.0726341621017933,0.9632056483155874
2011-12-30,1,0.0009266981744047165,-0.07177477387280762,0.9640982492314578
2012-01-03,1,-0.0019442644199612058,-0.07357948915367718,0.9622237873081302
2012-01-04,1,-0.0005565862708719616,-0.07409512209106839,0.9616882267586081
2012-01-05,1,0.0003712641544459938,-0.07375136679947414,0.9620452671249563
2012-01-06,1,0.0008350343291891882,-0.0729779173933871,0.9628486079492397
2012-01-09,1,0.0003708167238340998,-0.07263416210179308,0.9632056483155876
2012-01-10,1,-0.00037067926976175336,-0.0729779173933871,0.9628486079492397
2012-01-11,1,0.0017613794382127512,-0.07134507975831472,0.9645445496893932
2012-01-12,1,-0.0008328706274292053,-0.07211852916440165,0.9637412088651099
2012-01-13,1,0.0019449847179773272,-0.07031381388353208,0.9656156707884376
2012-01-17,1,0.00018487705675718225,-0.07014193623773501,0.9657941909716116
2012-01-18,1,-0.0012014787430685292,-0.07125914093541619,0.9646338097809801
2012-01-19,1,-0.0019431849727028494,-0.07306385621628564,0.9627593478576526
2012-01-20,1,-0.0017615427405895945,-0.07469669385135802,0.9610634061174992
2012-01-23,1,-0.0009287638153617772,-0.07555608208034348,0.9601708052016289
2012-01-24,1,0.00027888816584553666,-0.07529826561164776,0.96043858547639
2012-01-25,1,0.0027881040892194786,-0.07272010092469128,0.9631163882240009
2012-01-26,1,0.002224281742353895,-0.07065756917512633,0.9652586304220894
2012-01-27,1,0.0006473090438319229,-0.0700559974148367,0.9658834510631984
2012-01-30,1,0.0011089548100915447,-0.06902473154005406,0.9669545721622428
2012-01-31,1,-0.0012923474568448112,-0.07022787506063366,0.9657049308800244
2012-02-01,1,-0.0010167298271559488,-0.07117320211251776,0.9647230698725671
2012-02-02,1,0.0005551443375277909,-0.07065756917512644,0.9652586304220893
2012-02-03,1,-0.0033290179397077457,-0.07375136679947403,0.9620452671249564
2012-02-06,1,0.001298942289849725,-0.07254822327889432,0.9632949084071748
2012-02-07,1,-0.002131208302446286,-0.07452481620556095,0.9612419263006732
2012-02-08,1,-0.00037143653078275385,-0.07486857149715509,0.9608848859343251
2012-02-09,1,-0.0013934045517882687,-0.07615765384063333,0.9595459845605196
2012-02-10,1,0.0019534883720928597,-0.07435293855976399,0.9614204464838471
2012-02-13,1,-0.001206944573391433,-0.07547014325744505,0.9602600652932158
2012-02-14,1,0.001301357129577907,-0.07426699973686546,0.9615097065754341
2012-02-15,1,0.00018566654288898476,-0.07409512209106828,0.9616882267586082
2012-02-16,1,-0.0023204009652868507,-0.07624359266353209,0.9594567244689325
2012-02-17,1,-0.0004651595497254801,-0.07667328677802465,0.9590104240109975
2012-02-21,1,-0.001303052866716281,-0.07787643029860425,0.9577607827287792
2012-02-22,1,0.0014911463187325946,-0.07650140913222747,0.9591889441941717
2012-02-23,1,0.00027917364600793526,-0.07624359266353176,0.9594567244689328
2012-02-24,1,-0.0004651595497254801,-0.07667328677802432,0.9590104240109978
2012-02-27,1,0.0017684288905435164,-0.07504044914295205,0.9607063657511512
2012-02-28,1,0.0,-0.07504044914295205,0.9607063657511512
2012-02-29,1,-0.00232277246120971,-0.07718891971541564,0.9584748634614756
2012-03-01,1,-0.0013969081765691227,-0.07847800205889388,0.9571359620876703
2012-03-02,1,0.0018651496782617905,-0.07675922560092285,0.9589211639194108
2012-03-05,1,-0.0011170064227870036,-0.07779049147570549,0.9578500428203665
2012-03-06,1,0.0018637592023111882,-0.07607171501773446,0.959635244652107
2012-03-07,1,-0.0010231606362198775,-0.07701704206961846,0.9586533836446498
2012-03-08,1,-0.0012104283054004128,-0.07813424676729952,0.9574930024540185
2012-03-09,1,-0.0010254497995711986,-0.07907957381918362,0.9565111414465611
2012-03-12,1,-9.331840238890887e-05,-0.07916551264208205,0.9564218813549742
2012-03-13,1,-0.002519832011199319,-0.08148586086034282,0.9540118588821245
2012-03-14,1,-0.005333083832335217,-0.08638437376555985,0.9489240336616641
2012-03-15,1,0.0005643871695983904,-0.08586874082816853,0.9494595942111863
2012-03-16,1,-0.0008461032245934419,-0.08664219023425546,0.9486562533869031
2012-03-19,1,-0.002728641324802439,-0.0891344160983133,0.9460677107308794
2012-03-20,1,-0.0002830455703368706,-0.08939223256700901,0.9457999304561182
2012-03-21,1,0.0023593808984523346,-0.08724376199454531,0.9480314327457939
2012-03-22,1,0.0007532247434329786,-0.08655625141135681,0.9487455134784902
2012-03-23,1,0.001128986734405757,-0.0855249855365744,0.9498166345775344
2012-03-26,1,0.0,-0.0855249855365744,0.9498166345775344
2012-03-27,1,0.002161450991448266,-0.08354839260990776,0.951869616684036
2012-03-28,1,-0.0002813203300825462,-0.08380620907860348,0.9516018364092749
2012-03-29,1,0.0011255979739237532,-0.08277494320382084,0.9526729575083193
2012-03-30,1,-0.0016864986414316663,-0.08432184201599469,0.9510662758597528
2012-04-02,1,0.0009385265133741161,-0.08346245378700912,0.9519588767756232
2012-04-03,1,-0.0031879981247070477,-0.08638437376555974,0.9489240336616642
2012-04-04,1,0.0017872260370614956,-0.08475153613048736,0.9506199754018178
2012-04-05,1,0.001877934272300541,-0.08303275967251633,0.9524051772335583
2012-04-09,1,0.004029990627928637,-0.079337390287879,0.9562433611718003
2012-04-10,1,0.0017735461588723744,-0.07770455265280674,0.9579393029119537
2012-04-11,1,-0.0010249720462168765,-0.07864987970469062,0.9569574419044965
2012-04-12,1,-0.0005596492864470282,-0.07916551264208171,0.9564218813549745
2012-04-13,1,0.0013065795613624864,-0.07796236912150223,0.9576715226371928
2012-04-16,1,0.0005592319880696195,-0.07744673618411102,0.9582070831867149
2012-04-17,1,-0.0009315323707498324,-0.07830612441309637,0.9573144822708447
2012-04-18,1,0.0005594405594406826,-0.07779049147570494,0.957850042820367
2012-04-19,1,0.0006523157208087049,-0.0771889197154153,0.958474863461476
2012-04-20,1,-0.00046563605885641124,-0.07761861382990798,0.9580285630035409
2012-04-23,1,0.001118047144321288,-0.07658734795512545,0.9590996841025852
2012-04-24,1,-0.0009306654257794644,-0.07744673618411102,0.9582070831867149
2012-04-25,1,-0.00037261294829993297,-0.07779049147570516,0.9578500428203668
2012-04-26,1,0.0007455036809242976,-0.07710298089251688,0.9585641235530629
2012-04-27,1,0.0005587112394078719,-0.07658734795512545,0.9590996841025852
2012-04-30,1,-0.0012098650535133926,-0.07770455265280674,0.9579393029119537
2012-05-01,1,-0.001118151323145633,-0.07873581852758915,0.9568681818129096
2012-05-02,1,0.0007462686567163423,-0.07804830794440087,0.9575822625456056
2012-05-03,1,0.0,-0.07804830794440087,0.9575822625456056
2012-05-04,1,0.0012117822520507637,-0.07693110324671981,0.958742643736237
2012-05-07,1,0.0,-0.07693110324671981,0.958742643736237
2012-05-08,1,0.0009310120100549657,-0.07607171501773424,0.9596352446521073
2012-05-09,1,-9.301460329280697e-05,-0.076157653840633,0.9595459845605201
2012-05-10,1,-0.00046511627906975495,-0.07658734795512567,0.959099684102585
2012-05-11,1,0.0009306654257794644,-0.07572795972614021,0.9599922850184552
2012-05-14,1,0.0010227801022779648,-0.07478263267425622,0.9609741460259125
2012-05-15,1,-0.00027865502507895545,-0.07504044914295183,0.9607063657511514
2012-05-16,1,0.0,-0.07504044914295183,0.9607063657511514
2012-05-17,1,0.0007432871875869829,-0.07435293855976355,0.9614204464838475
2012-05-18,1,-9.284189026081968e-05,-0.07443887738266208,0.9613311863922606
2012-05-21,1,-0.0006499535747447327,-0.07504044914295194,0.9607063657511513
2012-05-22,1,-0.0013936634767257594,-0.07632953148643007,0.959367464377346
2012-05-23,1,0.0016747301823594185,-0.07478263267425633,0.9609741460259124
2012-05-24,1,-0.0012075051086753996,-0.0758998373719374,0.9598137648352811
2012-05-25,1,0.0004649865153909527,-0.07547014325744472,0.9602600652932162
2012-05-29,1,9.295408068421551e-05,-0.07538420443454608,0.9603493253848032
2012-05-30,1,0.0029742541128356947,-0.07263416210179274,0.963205648315588
2012-05-31,1,-9.266981744038283e-05,-0.07272010092469117,0.963116388224001
2012-06-01,1,0.00240963855421672,-0.07048569152932904,0.9654371506052636
2012-06-04,1,-0.002218934911242587,-0.0725482232788941,0.963294908407175
2012-06-05,1,-0.0004633061527057336,-0.07297791739338688,0.9628486079492399
2012-06-06,1,-0.002317604523964012,-0.07512638796585047,0.9606171056595643
2012-06-07,1,0.0002787585950567717,-0.07486857149715476,0.9608848859343254
2012-06-08,1,0.0,-0.07486857149715476,0.9608848859343254
2012-06-11,1,0.0009289363678588458,-0.0740091832681693,0.9617774868501957
2012-06-12,1,-0.002134570765661259,-0.07598577619483593,0.9597245047436941
2012-06-13,1,0.001581101190476275,-0.0745248162055605,0.9612419263006736
2012-06-14,1,-0.0005571547961742418,-0.07504044914295183,0.9607063657511514
2012-06-15,1,0.0011149307813806963,-0.07400918326816919,0.9617774868501958
2012-06-18,1,-0.0001856148491878873,-0.07418106091396626,0.9615989666670218
2012-06-19,1,-0.0010210711965097374,-0.07512638796585025,0.9606171056595646
2012-06-20,1,-0.0011150343802267537,-0.07615765384063278,0.9595459845605203
2012-06-21,1,0.0005581395348837059,-0.07564202090324157,0.9600815451100424
2012-06-22,1,-0.0013945704722946317,-0.07693110324671981,0.958742643736237
2012-06-25,1,0.001768922819104235,-0.07529826561164754,0.9604385854763903
2012-06-26,1,-0.0004646840148698761,-0.07572795972614033,0.9599922850184551
2012-06-27,1,9.29800092981381e-05,-0.07564202090324168,0.9600815451100423
2012-06-28,1,0.00130159910747496,-0.07443887738266197,0.9613311863922607
2012-06-29,1,-0.0018570102135562205,-0.076157653840633,0.9595459845605201
2012-07-02,1,0.0026976744186046897,-0.07366542797657505,0.9621345272165439
2012-07-03,1,-0.0014843677521106935,-0.07504044914295183,0.9607063657511514
2012-07-05,1,0.0011149307813806963,-0.07400918326816919,0.9617774868501958
2012-07-06,1,0.001299303944315655,-0.07280603974758948,0.9630271281324143
2012-07-09,1,0.0007414959681155686,-0.0721185291644012,0.9637412088651104
2012-07-10,1,0.0001852366398074068,-0.07194665151860402,0.9639197290482845
2012-07-11,1,-0.00018520233354935023,-0.07211852916440109,0.9637412088651105
2012-07-12,1,0.0002778549597111102,-0.07186071269570538,0.9640089891398717
2012-07-13,1,-0.0003703703703704653,-0.07220446798729963,0.9636519487735234
2012-07-16,1,0.001296776583920023,-0.07100132446672003,0.9649015900557418
2012-07-17,1,-0.0010175763182238562,-0.07194665151860391,0.9639197290482846
2012-07-18,1,0.0009260116677471952,-0.07108726328961834,0.964812329964155
2012-07-19,1,-0.0008326394671107629,-0.07186071269570526,0.9640089891398718
2012-07-20,1,0.001388888888888884,-0.07057163035222713,0.9653478905136771
2012-07-23,1,0.0005547850208043048,-0.07005599741483604,0.9658834510631991
2012-07-24,1,0.0006468903058867159,-0.06945442565454629,0.9665082717043082
2012-07-25,1,-0.00018470631695599593,-0.06962630330034325,0.9663297515211342
2012-07-26,1,-0.0007389617587290065,-0.07031381388353164,0.965615670788438
2012-07-27,1,-0.003420225550009315,-0.07349355033077787,0.962313047399718
2012-07-30,1,0.0015768481587978833,-0.07203259034150267,0.9638304689566974
2012-07-31,1,-0.001389146138173758,-0.07332167268498091,0.962491567582892
2012-08-01,1,-0.0018547713994250259,-0.07504044914295172,0.9607063657511515
2012-08-02,1,0.0015794852736226161,-0.07357948915367651,0.962223787308131
2012-08-03,1,-0.002782931354359919,-0.07615765384063289,0.9595459845605202
2012-08-06,1,0.0008372093023256699,-0.07538420443454585,0.9603493253848036
2012-08-07,1,-0.0023236360256528865,-0.07753267500700944,0.9581178230951279
2012-08-08,1,-0.0005589714924538747,-0.07804830794440076,0.9575822625456057
2012-08-09,1,-0.00037285607755410677,-0.0783920632359949,0.9572252221792577
2012-08-10,1,0.001212234240955068,-0.07727485853831362,0.9583856033698892
2012-08-13,1,-0.0003725435410264488,-0.07761861382990787,0.958028563003541
2012-08-14,1,-0.0018634119072020727,-0.07933739028787878,0.9562433611718005
2012-08-15,1,-0.002146924297582231,-0.0813139832145452,0.9541903790652991
2012-08-16,1,-0.000935453695042221,-0.08217337144353076,0.9532977781494287
2012-08-17,1,0.000468164794007464,-0.08174367732903798,0.9537440786073639
2012-08-20,1,0.00018717828731884545,-0.0815717996832408,0.9539225987905381
2012-08-21,1,9.35716290819677e-05,-0.08148586086034226,0.954011858882125
2012-08-22,1,0.0028068862275449913,-0.07890769617338578,0.9566896616297359
2012-08-23,1,0.0012129128568763026,-0.07779049147570472,0.9578500428203672
2012-08-24,1,-0.000652315720808927,-0.07839206323599457,0.957225222179258
2012-08-27,1,0.0008392390898919189,-0.07761861382990753,0.9580285630035413
2012-08-28,1,0.00037268238144050336,-0.07727485853831328,0.9583856033698895
2012-08-29,1,-0.000465679426283061,-0.07770455265280618,0.9579393029119543
2012-08-30,1,0.0012113306000747226,-0.07658734795512478,0.9590996841025858
2012-08-31,1,0.0028850628199161843,-0.07392324444526999,0.9618667469417835
2012-09-04,1,-0.0009279881217520991,-0.07478263267425544,0.9609741460259132
2012-09-05,1,-0.00018577001671926663,-0.07495451032005251,0.9607956258427393
2012-09-06,1,-0.0024154589371980784,-0.07718891971541475,0.9584748634614766
2012-09-07,1,0.0009312721177128225,-0.07632953148642918,0.9593674643773469
2012-09-10,1,-0.0007443245254931119,-0.07701704206961757,0.9586533836446507
2012-09-11,1,-0.00018621973929244806,-0.07718891971541475,0.9584748634614766
2012-09-12,1,-0.0013969081765691227,-0.07847800205889288,0.9571359620876713
2012-09-13,1,0.0011190898069568522,-0.07744673618411047,0.9582070831867154
2012-09-14,1,-0.0029809035863995748,-0.0801967785168638,0.9553507602559307
2012-09-17,1,0.0003737269924319886,-0.07985302322526966,0.9557078006222788
2012-09-18,1,0.0006537779023070289,-0.0792514514649798,0.956332621263388
2012-09-19,1,0.00046667911144293583,-0.07882175735048702,0.9567789217213232
2012-09-20,1,-9.329228472798601e-05,-0.07890769617338556,0.9566896616297362
2012-09-21,1,0.0006531069229334108,-0.07830612441309559,0.9573144822708455
2012-09-24,1,0.0007459207459208361,-0.0776186138299072,0.9580285630035418
2012-09-25,1,0.0007453647628807847,-0.07693110324671881,0.958742643736238
2012-09-26,1,0.001489619216087812,-0.07555608208034215,0.9601708052016303
2012-09-27,1,-0.0004648136097424871,-0.07598577619483482,0.9597245047436952
2012-09-28,1,0.0001860119047620845,-0.07581389854903764,0.9599030249268694
2012-10-01,1,-0.0001859773107681928,-0.07598577619483471,0.9597245047436953
2012-10-02,1,0.0002790178571427937,-0.0757279597261391,0.9599922850184563
2012-10-03,1,9.29800092981381e-05,-0.07564202090324046,0.9600815451100435
2012-10-04,1,-0.0011156563778356166,-0.07667328677802299,0.9590104240109992
2012-10-05,1,-0.002047654504839902,-0.07856394088179097,0.9570467019960847
2012-10-08,1,0.0,-0.07856394088179097,0.9570467019960847
2012-10-09,1,0.00018653236336496626,-0.07839206323599401,0.9572252221792587
2012-10-10,1,0.00037299515106314907,-0.07804830794439965,0.9575822625456069
2012-10-11,1,0.00018642803877688685,-0.0778764302986028,0.9577607827287807
2012-10-12,1,0.0,-0.0778764302986028,0.9577607827287807
2012-10-15,1,9.319664492091206e-05,-0.07779049147570405,0.9578500428203679
2012-10-16,1,-0.00158419532196441,-0.07925145146497936,0.9563326212633885
2012-10-17,1,-0.0030800821355235763,-0.08208743262063134,0.9533870382410167
2012-10-18,1,-0.00028087257747400063,-0.08234524908932694,0.9531192579662556
2012-10-19,1,0.001123805956171564,-0.08131398321454442,0.9541903790652999
2012-10-22,1,-0.000935453695042221,-0.08217337144352999,0.9532977781494295
2012-10-23,1,0.0007490636704119424,-0.08148586086034171,0.9540118588821257
2012-10-24,1,9.356287425155152e-05,-0.08139992203744306,0.9541011189737127
2012-10-25,1,-0.0019646365422396617,-0.08320463731831251,0.9522266570503852
2012-10-26,1,0.00206224221972251,-0.08131398321454453,0.9541903790652998
2012-10-31,1,0.0,-0.08131398321454453,0.9541903790652998
2012-11-01,1,-0.0007483629560337546,-0.08200149379773303,0.9534762983326035
2012-11-02,1,-0.00028084628346736196,-0.08225931026642852,0.9532085180578426
2012-11-05,1,0.0012173424477945893,-0.08114210556874746,0.9543688992484738
2012-11-06,1,-0.0018705574261129732,-0.08286088202671837,0.9525836974167333
2012-11-07,1,0.003279610194902416,-0.07985302322526933,0.9557078006222791
2012-11-08,1,0.0009339684318669939,-0.07899363499628387,0.9566004015381494
2012-11-09,1,0.0,-0.07899363499628387,0.9566004015381494
2012-11-12,1,0.0,-0.07899363499628387,0.9566004015381494
2012-11-13,1,0.0006531678641410466,-0.07839206323599412,0.9572252221792585
2012-11-14,1,0.0,-0.07839206323599412,0.9572252221792585
2012-11-15,1,0.0,-0.07839206323599412,0.9572252221792585
2012-11-16,1,0.00037299515106314907,-0.07804830794439976,0.9575822625456067
2012-11-19,1,-0.0011185682326622093,-0.07907957381918229,0.9565111414465625
2012-11-20,1,-0.0012131392310563704,-0.08019677851686347,0.9553507602559311
2012-11-21,1,-0.0009343174810799715,-0.08105616674584881,0.954458159340061
2012-11-23,1,-0.00037407649864407144,-0.08139992203744306,0.9541011189737127
2012-11-26,1,0.0007484329684721569,-0.0807124114542549,0.9548151997064088
2012-11-27,1,0.0005609049266148691,-0.08019677851686369,0.9553507602559309
2012-11-28,1,0.0009343174810800825,-0.07933739028787812,0.9562433611718012
2012-11-29,1,0.0,-0.07933739028787812,0.9562433611718012
2012-11-30,1,0.0011201344161300142,-0.07830612441309548,0.9573144822708456
2012-12-03,1,-0.0005594405594405716,-0.0788217573504868,0.9567789217213234
2012-12-04,1,0.00027987685418406905,-0.0785639408817912,0.9570467019960844
2012-12-05,1,0.000652863271777715,-0.07796236912150134,0.9576715226371937
2012-12-06,1,0.00018641066268987316,-0.07779049147570427,0.9578500428203677
2012-12-07,1,-0.0011182555213866685,-0.0788217573504868,0.9567789217213234
2012-12-10,1,0.00027987685418406905,-0.0785639408817912,0.9570467019960844
2012-12-11,1,-0.0008393956351426812,-0.07933739028787812,0.9562433611718012
2012-12-12,1,-0.0009334453467748638,-0.08019677851686358,0.955350760255931
2012-12-13,1,-0.0012146127254040184,-0.08131398321454453,0.9541903790652998
2012-12-14,1,0.0002806361085125886,-0.08105616674584892,0.9544581593400608
2012-12-17,1,-0.0015898251192368873,-0.08251712673512424,0.9529407377830814
2012-12-18,1,-0.00177969276882739,-0.08414996437019673,0.9512447960429278
2012-12-19,1,0.000750680304025586,-0.08346245378700823,0.9519588767756241
2012-12-20,1,-9.376465072674645e-05,-0.08354839260990687,0.951869616684037
2012-12-21,1,0.0009377344336083393,-0.08268900438092142,0.9527622175999072
2012-12-24,1,-0.0007494847292486284,-0.0833765149641098,0.952048136867211
2012-12-26,1,0.00037502343896500534,-0.08303275967251555,0.9524051772335592
2012-12-27,1,0.001405810684161013,-0.08174367732903753,0.9537440786073644
2012-12-28,1,9.35891436593117e-05,-0.08165773850613889,0.9538333386989515
2012-12-31,1,-0.0017780273254726087,-0.08329057614121138,0.952137396958798
2013-01-02,1,-0.002249929689697172,-0.08535310789077644,0.9499951547607094
2013-01-03,1,-0.0017852109367660907,-0.08698594552584893,0.9482992130205558
2013-01-04,1,-0.0005647590361445021,-0.08750157846324014,0.9477636524710337
2013-01-07,1,0.00018835938971561994,-0.08732970081744296,0.9479421726542078
2013-01-08,1,0.001129943502824693,-0.08629843494266054,0.9490132937532519
2013-01-09,1,0.0007524454477052522,-0.08561092435947204,0.9497273744859484
2013-01-10,1,-0.0011278195488721998,-0.08664219023425457,0.9486562533869041
2013-01-11,1,0.0003763643206622369,-0.08629843494266043,0.949013293753252
2013-01-14,1,0.0003762227238526261,-0.08595467965106618,0.9493703341196003
2013-01-15,1,0.0007521624670929761,-0.08526716906787768,0.9500844148522966
2013-01-16,1,9.394964299147546e-05,-0.08518123024497903,0.9501736749438837
2013-01-17,1,-0.001596993893846932,-0.08664219023425446,0.9486562533869042
2013-01-18,1,0.0006586375611592477,-0.08604061847396449,0.9492810740280134
2013-01-22,1,0.0004701457451810054,-0.08561092435947182,0.9497273744859486
2013-01-23,1,0.0,-0.08561092435947182,0.9497273744859486
2013-01-24,1,-0.00028195488721804995,-0.08586874082816742,0.9494595942111875
2013-01-25,1,-0.00329040142897441,-0.08887659962961647,0.9463354910056416
2013-01-28,1,-0.0009432182607054251,-0.08973598785860193,0.9454428900897714
2013-01-29,1,0.0,-0.08973598785860193,0.9454428900897714
2013-01-30,1,-9.44108761329332e-05,-0.08982192668150046,0.9453536299981844
2013-01-31,1,0.0003776791615524022,-0.08947817138990621,0.9457106703645326
2013-02-01,1,-0.00047192071731949614,-0.08990786550439889,0.9452643699065975
2013-02-04,1,0.0012275731822473102,-0.08879066080671794,0.9464247510972287
2013-02-05,1,-0.0012260680939356616,-0.089907865504399,0.9452643699065973
2013-02-06,1,0.0014164305949007083,-0.08861878316092098,0.9466032712804026
2013-02-07,1,0.0003771805752004198,-0.08827502786932684,0.9469603116467507
2013-02-08,1,-0.0002827787727401887,-0.08853284433802255,0.9466925313719895
2013-02-11,1,-0.00018857250612858145,-0.08870472198381962,0.9465140111888155
2013-02-12,1,-0.0011316484345530453,-0.08973598785860226,0.9454428900897711
2013-02-13,1,-0.0011329305135951984,-0.09076725373338479,0.9443717689907268
2013-02-14,1,0.0014177693761814325,-0.08947817138990666,0.9457106703645322
2013-02-15,1,-0.0003775365738556413,-0.0898219266815008,0.9453536299981841
2013-02-19,1,-0.0006609385327164263,-0.09042349844179054,0.9447288093570749
2013-02-20,1,0.00037792894935750887,-0.0900797431501964,0.945085849723423
2013-02-21,1,0.0011333585190782536,-0.08904847727541376,0.9461569708224674
2013-02-22,1,0.0002830188679245893,-0.08879066080671805,0.9464247510972286
2013-02-25,1,0.001886258606054847,-0.08707188434874713,0.948209952928969
2013-02-26,1,0.0004706768332862765,-0.08664219023425446,0.9486562533869042
2013-02-27,1,-0.0002822732404967887,-0.08690000670295006,0.9483884731121431
2013-02-28,1,0.0010352941176470232,-0.08595467965106607,0.9493703341196004
2013-03-01,1,0.0006581421587064096,-0.08535310789077621,0.9499951547607096
2013-03-04,1,-0.000563750822136666,-0.08586874082816753,0.9494595942111874
2013-03-05,1,-0.0005640688163955909,-0.08638437376555885,0.9489240336616652
2013-03-06,1,-0.0012228388674629942,-0.0875015784632398,0.947763652471034
2013-03-07,1,-0.0016952345074402464,-0.08904847727541365,0.9461569708224675
2013-03-08,1,-0.0017924528301886955,-0.09068131491048603,0.944461029082314
2013-03-11,1,0.0,-0.09068131491048603,0.944461029082314
2013-03-12,1,0.0008505812305075189,-0.08990786550439911,0.9452643699065972
2013-03-13,1,-9.442870632681011e-05,-0.08999380432729787,0.9451751098150101
2013-03-14,1,-0.00018887524789867882,-0.09016568197309482,0.9449965896318361
2013-03-15,1,0.0013223764994805265,-0.08896253845251523,0.9462462309140545
2013-03-18,1,0.0010376379586831685,-0.08801721140063112,0.9472280919215118
2013-03-19,1,0.0011307953260459858,-0.0869859455258486,0.9482992130205561
2013-03-20,1,-0.0005647590361445021,-0.0875015784632398,0.947763652471034
2013-03-21,1,-0.00018835938971561994,-0.08767345610903698,0.9475851322878599
2013-03-22,1,0.00028259231348903846,-0.08741563964034138,0.9478529125626209
2013-03-25,1,9.417082587814818e-05,-0.08732970081744273,0.947942172654208
2013-03-26,1,0.00028248587570622874,-0.08707188434874713,0.948209952928969
2013-03-27,1,0.0014120304998586075,-0.08578280200526911,0.9495488543027742
2013-03-28,1,-0.0005640157924422518,-0.08629843494266043,0.949013293753252
2013-04-01,1,0.0002821670428894141,-0.08604061847396482,0.9492810740280131
2013-04-02,1,-0.0004701457451810054,-0.08647031258845761,0.948834773570078
2013-04-03,1,0.0014111006585137975,-0.08518123024497926,0.9501736749438835
2013-04-04,1,0.0015030530765618444,-0.08380620907860248,0.951601836409276
2013-04-05,1,0.0008441984804428149,-0.08303275967251544,0.9524051772335593
2013-04-08,1,-0.0010309278350515427,-0.08397808672439933,0.9514233162261021
2013-04-09,1,-0.0002814522938362485,-0.08423590319309504,0.951155535951341
2013-04-10,1,-0.0014076576576577127,-0.08552498553657328,0.9498166345775355
2013-04-11,1,0.0003759045202518241,-0.08518123024497914,0.9501736749438836
2013-04-12,1,0.0014091122592765348,-0.08389214790150112,0.9515125763176888
2013-04-15,1,0.0002814258911820744,-0.08363433143280541,0.95178035659245
2013-04-16,1,-0.0004689111882208996,-0.08406402554729808,0.9513340561345149
2013-04-17,1,0.00028147870144490383,-0.08380620907860248,0.951601836409276
2013-04-18,1,9.379983116031276e-05,-0.08372027025570383,0.951691096500863
2013-04-19,1,-0.0005627462014631268,-0.08423590319309504,0.951155535951341
2013-04-22,1,0.0002815315315314315,-0.08397808672439955,0.9514233162261019
2013-04-23,1,-9.38174312787865e-05,-0.0840640255472982,0.9513340561345148
2013-04-24,1,0.00018765246762986187,-0.08389214790150112,0.9515125763176888
2013-04-25,1,-0.00028142589118196337,-0.08414996437019673,0.9512447960429278
2013-04-26,1,0.001126020456038379,-0.08311869849541409,0.9523159171419722
2013-04-29,1,0.0,-0.08311869849541409,0.9523159171419722
2013-04-30,1,-0.0014996719467615938,-0.08449371966179076,0.9508877556765798
2013-05-01,1,0.000844832441565746,-0.08372027025570383,0.951691096500863
2013-05-02,1,0.0001875820671544126,-0.08354839260990676,0.9518696166840371
2013-05-03,1,-0.003188297074268598,-0.08647031258845728,0.9488347735700783
2013-05-06,1,-0.0007525870178739513,-0.08715782317164567,0.9481206928373821
2013-05-07,1,-0.00018828845791751814,-0.08732970081744262,0.9479421726542081
2013-05-08,1,0.0003766478342748236,-0.0869859455258486,0.9482992130205561
2013-05-09,1,-0.00028237951807230655,-0.0872437619945442,0.948031432745795
2013-05-10,1,-0.00254213350908572,-0.08956411021280486,0.9456214102729454
2013-05-13,1,-0.0004719652633565774,-0.08999380432729753,0.9451751098150104
2013-05-14,1,-0.0008499386155444988,-0.09076725373338446,0.9443717689907272
2013-05-15,1,0.0002835538752363753,-0.09050943726468874,0.9446395492654883
2013-05-16,1,0.002173296796749602,-0.08853284433802211,0.9466925313719899
2013-05-17,1,-0.002357156326607601,-0.09068131491048581,0.9444610290823143
2013-05-20,1,-0.00028352707683587663,-0.09093913137918141,0.9441932488075532
2013-05-21,1,0.00047267914539617095,-0.09050943726468874,0.9446395492654883
2013-05-22,1,-0.0023622791269016785,-0.09265790783715244,0.9424080469758126
2013-05-23,1,-9.47149081266252e-05,-0.09274384666005098,0.9423187868842255
2013-05-24,1,9.472387989006847e-05,-0.09265790783715255,0.9424080469758125
2013-05-28,1,-0.0038833112331880804,-0.09618139957599292,0.9387483832207445
2013-05-29,1,-9.508414947234645e-05,-0.09626733839889146,0.9386591231291574
2013-05-30,1,9.509319132749994e-05,-0.09618139957599292,0.9387483832207445
2013-05-31,1,-0.001521346391556544,-0.09755642074236959,0.9373202217553521
2013-06-03,1,0.0007618322064564254,-0.09686891015918131,0.9380343024880482
2013-06-04,1,-0.00038062612998390755,-0.09721266545077567,0.9376772621217
2013-06-05,1,0.0008567348881485248,-0.09643921604468875,0.9384806029459832
2013-06-06,1,0.0005706676811869649,-0.09592358310729754,0.9390161634955053
2013-06-07,1,-0.0027566539923954414,-0.09841580897135527,0.9364276208394816
2013-06-10,1,-0.0015251167667523768,-0.09979083013773205,0.9349994593740892
2013-06-11,1,0.00019093078758936066,-0.09961895249193509,0.9351779795572631
2013-06-12,1,-0.0009544716999140279,-0.10047834072092043,0.9342853786413929
2013-06-13,1,0.001624152097067011,-0.09901738073164523,0.9358028001983724
2013-06-14,1,0.0023845860358642224,-0.09686891015918142,0.9380343024880481
2013-06-17,1,-0.0009515653249596578,-0.0977282983881671,0.9371417015721777
2013-06-18,1,-0.0001904943327936115,-0.09790017603396417,0.9369631813890036
2013-06-19,1,-0.005430122892254863,-0.1027986889391812,0.9318753561685432
2013-06-20,1,-0.0030651340996169507,-0.10554873127193476,0.9290190332377584
2013-06-21,1,-0.0034588777863182596,-0.10864252889628245,0.9258056699406254
2013-06-24,1,-0.001349787890474352,-0.10984567241686216,0.924556028658407
2013-06-25,1,-0.0010619810774280536,-0.11079099946874604,0.9235741676509498
2013-06-26,1,0.0017396346767180049,-0.1092441006565722,0.9251808492995164
2013-06-27,1,0.0021225277375784835,-0.10735344655280399,0.9271445713144311
2013-06-28,1,-0.00028882256666984407,-0.10761126302149959,0.92687679103967
2013-07-01,1,-0.0007704160246533309,-0.10829877360468798,0.9261627103069738
2013-07-02,1,0.00048188126445647406,-0.1078690794901952,0.926609010764909
2013-07-03,1,-0.0011559580001927472,-0.10890034536497784,0.9255378896658646
2013-07-05,0,-0.006558009451248847,-0.11474418532207897,0.9194682034379469
2013-07-08,0,0.0,-0.11474418532207897,0.9194682034379469
2013-07-09,0,0.0,-0.11474418532207897,0.9194682034379469
2013-07-10,0,-0.0,-0.11474418532207897,0.9194682034379469
2013-07-11,0,0.0,-0.11474418532207897,0.9194682034379469
2013-07-12,0,-0.0,-0.11474418532207897,0.9194682034379469
2013-07-15,0,0.0,-0.11474418532207897,0.9194682034379469
2013-07-16,0,0.0,-0.11474418532207897,0.9194682034379469
2013-07-17,0,0.0,-0.11474418532207897,0.9194682034379469
2013-07-18,0,-0.0,-0.11474418532207897,0.9194682034379469
2013-07-19,0,0.0,-0.11474418532207897,0.9194682034379469
2013-07-22,0,0.0,-0.11474418532207897,0.9194682034379469
2013-07-23,0,-0.0,-0.11474418532207897,0.9194682034379469
2013-07-24,0,-0.0,-0.11474418532207897,0.9194682034379469
2013-07-25,0,-0.0,-0.11474418532207897,0.9194682034379469
2013-07-26,0,0.0,-0.11474418532207897,0.9194682034379469
2013-07-29,0,-0.0,-0.11474418532207897,0.9194682034379469
2013-07-30,0,-0.0,-0.11474418532207897,0.9194682034379469
2013-07-31,0,-0.0,-0.11474418532207897,0.9194682034379469
2013-08-01,0,-0.0,-0.11474418532207897,0.9194682034379469
2013-08-02,0,0.0,-0.11474418532207897,0.9194682034379469
2013-08-05,0,-0.0,-0.11474418532207897,0.9194682034379469
2013-08-06,0,-0.0,-0.11474418532207897,0.9194682034379469
2013-08-07,0,0.0,-0.11474418532207897,0.9194682034379469
2013-08-08,0,0.0,-0.11474418532207897,0.9194682034379469
2013-08-09,0,-0.0,-0.11474418532207897,0.9194682034379469
2013-08-12,0,-0.0,-0.11474418532207897,0.9194682034379469
2013-08-13,0,-0.0,-0.11474418532207897,0.9194682034379469
2013-08-14,0,0.0,-0.11474418532207897,0.9194682034379469
2013-08-15,0,-0.0,-0.11474418532207897,0.9194682034379469
2013-08-16,0,-0.0,-0.11474418532207897,0.9194682034379469
2013-08-19,0,-0.0,-0.11474418532207897,0.9194682034379469
2013-08-20,0,0.0,-0.11474418532207897,0.9194682034379469
2013-08-21,0,-0.0,-0.11474418532207897,0.9194682034379469
2013-08-22,0,-0.0,-0.11474418532207897,0.9194682034379469
2013-08-23,0,0.0,-0.11474418532207897,0.9194682034379469
2013-08-26,0,0.0,-0.11474418532207897,0.9194682034379469
2013-08-27,0,0.0,-0.11474418532207897,0.9194682034379469
2013-08-28,0,-0.0,-0.11474418532207897,0.9194682034379469
2013-08-29,0,0.0,-0.11474418532207897,0.9194682034379469
2013-08-30,0,-0.0,-0.11474418532207897,0.9194682034379469
2013-09-03,0,-0.0,-0.11474418532207897,0.9194682034379469
2013-09-04,0,-0.0,-0.11474418532207897,0.9194682034379469
2013-09-05,0,-0.0,-0.11474418532207897,0.9194682034379469
2013-09-06,0,0.0,-0.11474418532207897,0.9194682034379469
2013-09-09,0,0.0,-0.11474418532207897,0.9194682034379469
2013-09-10,0,-0.0,-0.11474418532207897,0.9194682034379469
2013-09-11,0,0.0,-0.11474418532207897,0.9194682034379469
2013-09-12,0,0.0,-0.11474418532207897,0.9194682034379469
2013-09-13,0,0.0,-0.11474418532207897,0.9194682034379469
2013-09-16,0,0.0,-0.11474418532207897,0.9194682034379469
2013-09-17,0,0.0,-0.11474418532207897,0.9194682034379469
2013-09-18,0,0.0,-0.11474418532207897,0.9194682034379469
2013-09-19,0,-0.0,-0.11474418532207897,0.9194682034379469
2013-09-20,0,0.0,-0.11474418532207897,0.9194682034379469
2013-09-23,0,0.0,-0.11474418532207897,0.9194682034379469
2013-09-24,0,0.0,-0.11474418532207897,0.9194682034379469
2013-09-25,0,0.0,-0.11474418532207897,0.9194682034379469
2013-09-26,0,-0.0,-0.11474418532207897,0.9194682034379469
2013-09-27,0,0.0,-0.11474418532207897,0.9194682034379469
2013-09-30,0,-0.0,-0.11474418532207897,0.9194682034379469
2013-10-01,0,-0.0,-0.11474418532207897,0.9194682034379469
2013-10-02,0,0.0,-0.11474418532207897,0.9194682034379469
2013-10-03,0,0.0,-0.11474418532207897,0.9194682034379469
2013-10-04,0,-0.0,-0.11474418532207897,0.9194682034379469
2013-10-07,0,0.0,-0.11474418532207897,0.9194682034379469
2013-10-08,0,-0.0,-0.11474418532207897,0.9194682034379469
2013-10-09,0,0.0,-0.11474418532207897,0.9194682034379469
2013-10-10,0,-0.0,-0.11474418532207897,0.9194682034379469
2013-10-11,0,0.0,-0.11474418532207897,0.9194682034379469
2013-10-14,0,0.0,-0.11474418532207897,0.9194682034379469
2013-10-15,0,-0.0,-0.11474418532207897,0.9194682034379469
2013-10-16,0,0.0,-0.11474418532207897,0.9194682034379469
2013-10-17,0,0.0,-0.11474418532207897,0.9194682034379469
2013-10-18,0,-0.0,-0.11474418532207897,0.9194682034379469
2013-10-21,0,-0.0,-0.11474418532207897,0.9194682034379469
2013-10-22,0,0.0,-0.11474418532207897,0.9194682034379469
2013-10-23,0,0.0,-0.11474418532207897,0.9194682034379469
2013-10-24,0,-0.0,-0.11474418532207897,0.9194682034379469
2013-10-25,0,0.0,-0.11474418532207897,0.9194682034379469
2013-10-28,0,-0.0,-0.11474418532207897,0.9194682034379469
2013-10-29,0,0.0,-0.11474418532207897,0.9194682034379469
2013-10-30,0,-0.0,-0.11474418532207897,0.9194682034379469
2013-10-31,0,-0.0,-0.11474418532207897,0.9194682034379469
2013-11-01,0,-0.0,-0.11474418532207897,0.9194682034379469
2013-11-04,0,0.0,-0.11474418532207897,0.9194682034379469
2013-11-05,0,-0.0,-0.11474418532207897,0.9194682034379469
2013-11-06,0,0.0,-0.11474418532207897,0.9194682034379469
2013-11-07,0,0.0,-0.11474418532207897,0.9194682034379469
2013-11-08,0,-0.0,-0.11474418532207897,0.9194682034379469
2013-11-11,0,0.0,-0.11474418532207897,0.9194682034379469
2013-11-12,0,-0.0,-0.11474418532207897,0.9194682034379469
2013-11-13,0,0.0,-0.11474418532207897,0.9194682034379469
2013-11-14,0,0.0,-0.11474418532207897,0.9194682034379469
2013-11-15,0,-0.0,-0.11474418532207897,0.9194682034379469
2013-11-18,0,0.0,-0.11474418532207897,0.9194682034379469
2013-11-19,0,-0.0,-0.11474418532207897,0.9194682034379469
2013-11-20,0,-0.0,-0.11474418532207897,0.9194682034379469
2013-11-21,0,0.0,-0.11474418532207897,0.9194682034379469
2013-11-22,0,0.0,-0.11474418532207897,0.9194682034379469
2013-11-25,0,0.0,-0.11474418532207897,0.9194682034379469
2013-11-26,0,0.0,-0.11474418532207897,0.9194682034379469
2013-11-27,0,-0.0,-0.11474418532207897,0.9194682034379469
2013-11-29,0,-0.0,-0.11474418532207897,0.9194682034379469
2013-12-02,0,-0.0,-0.11474418532207897,0.9194682034379469
2013-12-03,0,0.0,-0.11474418532207897,0.9194682034379469
2013-12-04,0,-0.0,-0.11474418532207897,0.9194682034379469
2013-12-05,0,-0.0,-0.11474418532207897,0.9194682034379469
2013-12-06,0,-0.0,-0.11474418532207897,0.9194682034379469
2013-12-09,0,0.0,-0.11474418532207897,0.9194682034379469
2013-12-10,0,0.0,-0.11474418532207897,0.9194682034379469
2013-12-11,0,-0.0,-0.11474418532207897,0.9194682034379469
2013-12-12,0,-0.0,-0.11474418532207897,0.9194682034379469
2013-12-13,0,0.0,-0.11474418532207897,0.9194682034379469
2013-12-16,0,-0.0,-0.11474418532207897,0.9194682034379469
2013-12-17,0,0.0,-0.11474418532207897,0.9194682034379469
2013-12-18,0,-0.0,-0.11474418532207897,0.9194682034379469
2013-12-19,0,-0.0,-0.11474418532207897,0.9194682034379469
2013-12-20,0,-0.0,-0.11474418532207897,0.9194682034379469
2013-12-23,0,-0.0,-0.11474418532207897,0.9194682034379469
2013-12-24,0,-0.0,-0.11474418532207897,0.9194682034379469
2013-12-26,0,-0.0,-0.11474418532207897,0.9194682034379469
2013-12-27,0,-0.0,-0.11474418532207897,0.9194682034379469
2013-12-30,0,0.0,-0.11474418532207897,0.9194682034379469
2013-12-31,0,-0.0,-0.11474418532207897,0.9194682034379469
2014-01-02,0,0.0,-0.11474418532207897,0.9194682034379469
2014-01-03,0,-0.0,-0.11474418532207897,0.9194682034379469
2014-01-06,0,0.0,-0.11474418532207897,0.9194682034379469
2014-01-07,0,0.0,-0.11474418532207897,0.9194682034379469
2014-01-08,0,-0.0,-0.11474418532207897,0.9194682034379469
2014-01-09,0,0.0,-0.11474418532207897,0.9194682034379469
2014-01-10,0,0.0,-0.11474418532207897,0.9194682034379469
2014-01-13,0,0.0,-0.11474418532207897,0.9194682034379469
2014-01-14,0,-0.0,-0.11474418532207897,0.9194682034379469
2014-01-15,0,-0.0,-0.11474418532207897,0.9194682034379469
2014-01-16,0,0.0,-0.11474418532207897,0.9194682034379469
2014-01-17,0,0.0,-0.11474418532207897,0.9194682034379469
2014-01-21,0,-0.0,-0.11474418532207897,0.9194682034379469
2014-01-22,0,-0.0,-0.11474418532207897,0.9194682034379469
2014-01-23,0,0.0,-0.11474418532207897,0.9194682034379469
2014-01-24,0,0.0,-0.11474418532207897,0.9194682034379469
2014-01-27,0,-0.0,-0.11474418532207897,0.9194682034379469
2014-01-28,0,0.0,-0.11474418532207897,0.9194682034379469
2014-01-29,0,0.0,-0.11474418532207897,0.9194682034379469
2014-01-30,0,-0.0,-0.11474418532207897,0.9194682034379469
2014-01-31,0,0.0,-0.11474418532207897,0.9194682034379469
2014-02-03,0,0.0,-0.11474418532207897,0.9194682034379469
2014-02-04,0,-0.0,-0.11474418532207897,0.9194682034379469
2014-02-05,0,-0.0,-0.11474418532207897,0.9194682034379469
2014-02-06,0,-0.0,-0.11474418532207897,0.9194682034379469
2014-02-07,0,0.0,-0.11474418532207897,0.9194682034379469
2014-02-10,0,-0.0,-0.11474418532207897,0.9194682034379469
2014-02-11,0,-0.0,-0.11474418532207897,0.9194682034379469
2014-02-12,0,-0.0,-0.11474418532207897,0.9194682034379469
2014-02-13,0,0.0,-0.11474418532207897,0.9194682034379469
2014-02-14,0,-0.0,-0.11474418532207897,0.9194682034379469
2014-02-18,0,0.0,-0.11474418532207897,0.9194682034379469
2014-02-19,0,-0.0,-0.11474418532207897,0.9194682034379469
2014-02-20,0,-0.0,-0.11474418532207897,0.9194682034379469
2014-02-21,0,0.0,-0.11474418532207897,0.9194682034379469
2014-02-24,0,-0.0,-0.11474418532207897,0.9194682034379469
2014-02-25,0,0.0,-0.11474418532207897,0.9194682034379469
2014-02-26,0,0.0,-0.11474418532207897,0.9194682034379469
2014-02-27,0,0.0,-0.11474418532207897,0.9194682034379469
2014-02-28,0,-0.0,-0.11474418532207897,0.9194682034379469
2014-03-03,0,0.0,-0.11474418532207897,0.9194682034379469
2014-03-04,0,-0.0,-0.11474418532207897,0.9194682034379469
2014-03-05,0,-0.0,-0.11474418532207897,0.9194682034379469
2014-03-06,0,-0.0,-0.11474418532207897,0.9194682034379469
2014-03-07,0,-0.0,-0.11474418532207897,0.9194682034379469
2014-03-10,0,0.0,-0.11474418532207897,0.9194682034379469
2014-03-11,0,0.0,-0.11474418532207897,0.9194682034379469
2014-03-12,0,0.0,-0.11474418532207897,0.9194682034379469
2014-03-13,0,0.0,-0.11474418532207897,0.9194682034379469
2014-03-14,0,-0.0,-0.11474418532207897,0.9194682034379469
2014-03-17,0,-0.0,-0.11474418532207897,0.9194682034379469
2014-03-18,0,0.0,-0.11474418532207897,0.9194682034379469
2014-03-19,0,-0.0,-0.11474418532207897,0.9194682034379469
2014-03-20,0,-0.0,-0.11474418532207897,0.9194682034379469
2014-03-21,0,0.0,-0.11474418532207897,0.9194682034379469
2014-03-24,0,-0.0,-0.11474418532207897,0.9194682034379469
2014-03-25,0,0.0,-0.11474418532207897,0.9194682034379469
2014-03-26,0,0.0,-0.11474418532207897,0.9194682034379469
2014-03-27,0,0.0,-0.11474418532207897,0.9194682034379469
2014-03-28,0,-0.0,-0.11474418532207897,0.9194682034379469
2014-03-31,0,-0.0,-0.11474418532207897,0.9194682034379469
2014-04-01,0,-0.0,-0.11474418532207897,0.9194682034379469
2014-04-02,0,-0.0,-0.11474418532207897,0.9194682034379469
2014-04-03,0,0.0,-0.11474418532207897,0.9194682034379469
2014-04-04,0,0.0,-0.11474418532207897,0.9194682034379469
2014-04-07,0,0.0,-0.11474418532207897,0.9194682034379469
2014-04-08,0,0.0,-0.11474418532207897,0.9194682034379469
2014-04-09,0,0.0,-0.11474418532207897,0.9194682034379469
2014-04-10,0,0.0,-0.11474418532207897,0.9194682034379469
2014-04-11,0,0.0,-0.11474418532207897,0.9194682034379469
2014-04-14,0,-0.0,-0.11474418532207897,0.9194682034379469
2014-04-15,0,-0.0,-0.11474418532207897,0.9194682034379469
2014-04-16,0,-0.0,-0.11474418532207897,0.9194682034379469
2014-04-17,0,-0.0,-0.11474418532207897,0.9194682034379469
2014-04-21,0,0.0,-0.11474418532207897,0.9194682034379469
2014-04-22,0,-0.0,-0.11474418532207897,0.9194682034379469
2014-04-23,0,0.0,-0.11474418532207897,0.9194682034379469
2014-04-24,0,-0.0,-0.11474418532207897,0.9194682034379469
2014-04-25,0,0.0,-0.11474418532207897,0.9194682034379469
2014-04-28,0,0.0,-0.11474418532207897,0.9194682034379469
2014-04-29,0,-0.0,-0.11474418532207897,0.9194682034379469
2014-04-30,0,0.0,-0.11474418532207897,0.9194682034379469
2014-05-01,0,0.0,-0.11474418532207897,0.9194682034379469
2014-05-02,0,-0.0,-0.11474418532207897,0.9194682034379469
2014-05-05,0,-0.0,-0.11474418532207897,0.9194682034379469
2014-05-06,0,0.0,-0.11474418532207897,0.9194682034379469
2014-05-07,0,0.0,-0.11474418532207897,0.9194682034379469
2014-05-08,0,0.0,-0.11474418532207897,0.9194682034379469
2014-05-09,0,-0.0,-0.11474418532207897,0.9194682034379469
2014-05-12,0,-0.0,-0.11474418532207897,0.9194682034379469
2014-05-13,0,0.0,-0.11474418532207897,0.9194682034379469
2014-05-14,0,0.0,-0.11474418532207897,0.9194682034379469
2014-05-15,0,0.0,-0.11474418532207897,0.9194682034379469
2014-05-16,0,-0.0,-0.11474418532207897,0.9194682034379469
2014-05-19,0,0.0,-0.11474418532207897,0.9194682034379469
2014-05-20,0,0.0,-0.11474418532207897,0.9194682034379469
2014-05-21,0,-0.0,-0.11474418532207897,0.9194682034379469
2014-05-22,0,-0.0,-0.11474418532207897,0.9194682034379469
2014-05-23,0,0.0,-0.11474418532207897,0.9194682034379469
2014-05-27,0,0.0,-0.11474418532207897,0.9194682034379469
2014-05-28,0,0.0,-0.11474418532207897,0.9194682034379469
2014-05-29,0,-0.0,-0.11474418532207897,0.9194682034379469
2014-05-30,0,-0.0,-0.11474418532207897,0.9194682034379469
2014-06-02,0,-0.0,-0.11474418532207897,0.9194682034379469
2014-06-03,0,-0.0,-0.11474418532207897,0.9194682034379469
2014-06-04,0,-0.0,-0.11474418532207897,0.9194682034379469
2014-06-05,0,0.0,-0.11474418532207897,0.9194682034379469
2014-06-06,0,-0.0,-0.11474418532207897,0.9194682034379469
2014-06-09,0,-0.0,-0.11474418532207897,0.9194682034379469
2014-06-10,0,-0.0,-0.11474418532207897,0.9194682034379469
2014-06-11,0,0.0,-0.11474418532207897,0.9194682034379469
2014-06-12,0,0.0,-0.11474418532207897,0.9194682034379469
2014-06-13,0,-0.0,-0.11474418532207897,0.9194682034379469
2014-06-16,0,-0.0,-0.11474418532207897,0.9194682034379469
2014-06-17,0,-0.0,-0.11474418532207897,0.9194682034379469
2014-06-18,0,0.0,-0.11474418532207897,0.9194682034379469
2014-06-19,0,0.0,-0.11474418532207897,0.9194682034379469
2014-06-20,0,-0.0,-0.11474418532207897,0.9194682034379469
2014-06-23,0,-0.0,-0.11474418532207897,0.9194682034379469
2014-06-24,0,0.0,-0.11474418532207897,0.9194682034379469
2014-06-25,1,0.0,-0.11474418532207897,0.9194682034379469
2014-06-26,1,0.0011673151750972721,-0.11371081277576234,0.9205415126248394
2014-06-27,1,0.0,-0.11371081277576234,0.9205415126248394
2014-06-30,1,-9.716284492811145e-05,-0.11379692715462209,0.9204520701925983
2014-07-01,1,-0.0012632397240306403,-0.11491641407979836,0.9192893185734649
2014-07-02,1,-0.0020431990659661725,-0.1167248160358525,0.9174110274964029
2014-07-03,1,-0.0010724383347957556,-0.11767207420330938,0.9164271607417515
2014-07-07,1,0.0002927971891470982,-0.11741373106673014,0.9166954880384747
2014-07-08,1,0.0012684164308713886,-0.11629424414155365,0.9178582396576084
2014-07-09,1,0.0006821282401090478,-0.11569144348953564,0.9184843366832957
2014-07-10,1,0.0009738046547862478,-0.11483029970093839,0.9193787610057061
2014-07-11,1,0.00019457145636736506,-0.11465807094321889,0.9195576458701883
2014-07-14,1,-0.0010699348312420698,-0.11560532911067578,0.9185737791155368
2014-07-15,1,-0.0005842259006816342,-0.11612201538383415,0.9180371245220905
2014-07-16,1,-0.00019485580670297598,-0.11629424414155354,0.9178582396576085
2014-07-17,1,0.001851490937438971,-0.11465807094321889,0.9195576458701883
2014-07-18,1,-0.0006808676198813979,-0.11526087159523701,0.9189315488445009
2014-07-21,1,-0.00038933229511384226,-0.11560532911067589,0.9185737791155367
2014-07-22,1,0.0006815968841284992,-0.11500252845865788,0.919199876141224
2014-07-23,1,0.0001946093217866096,-0.11483029970093839,0.9193787610057061
2014-07-24,1,-0.001653857379122492,-0.11629424414155365,0.9178582396576084
2014-07-25,1,0.0007795751315533561,-0.11560532911067578,0.9185737791155368
2014-07-28,1,-0.0008763388510224512,-0.11638035852041329,0.9177687972253674
2014-07-29,1,0.000779651106129986,-0.11569144348953553,0.9184843366832958
2014-07-30,1,-0.0025318921024442,-0.1179304173398883,0.9161588334450286
2014-07-31,1,-9.762764815002267e-05,-0.11801653171874804,0.9160693910127875
2014-08-01,1,0.002831478226908768,-0.11551921473181614,0.9186632215477778
2014-08-04,1,0.0004868075163082519,-0.11508864283751741,0.9191104337089832
2014-08-05,1,0.0,-0.11508864283751741,0.9191104337089832
2014-08-06,1,0.00029194239003493827,-0.11483029970093828,0.9193787610057063
2014-08-07,1,0.0015565716509386984,-0.11345246963918287,0.9208098399215628
2014-08-08,1,-0.00038853812530359466,-0.11379692715462175,0.9204520701925987
2014-08-11,1,-0.00019434457292777374,-0.11396915591234114,0.9202731853281166
2014-08-12,1,-0.00029157352512387824,-0.11422749904892027,0.9200048580313935
2014-08-13,1,0.0012638537818392415,-0.113108012123744,0.921167609650527
2014-08-14,1,0.00048548402757564446,-0.11267744022944526,0.9216148218117324
2014-08-15,1,0.0009704968944099779,-0.11181629644084812,0.9225092461341429
2014-08-18,1,-0.001066511537715753,-0.112763554608305,0.9215253793794913
2014-08-19,1,-0.0005823546539842628,-0.11328024088146327,0.9209887247860451
2014-08-20,1,-0.0014567349713509037,-0.11457195656435915,0.9196470883024294
2014-08-21,1,0.000291772028788273,-0.1143136134277799,0.9199154155991526
2014-08-22,1,-0.0008750607681088374,-0.1150886428375173,0.9191104337089833
2014-08-25,1,-9.73141300116831e-05,-0.11517475721637704,0.9190209912767422
2014-08-26,1,0.0003892944038930146,-0.11483029970093805,0.9193787610057065
2014-08-27,1,0.0007782858254694602,-0.11414138467006019,0.9200943004636349
2014-08-28,1,0.0007776805677068843,-0.11345246963918232,0.9208098399215634
2014-08-29,1,-9.713453132598193e-05,-0.11353858401804218,0.9207203974893222
2014-09-02,1,-0.0023314552166310287,-0.11560532911067545,0.9185737791155372
2014-09-03,1,9.737098344686501e-05,-0.11551921473181581,0.9186632215477781
2014-09-04,1,-0.0009736150326160598,-0.11638035852041295,0.9177687972253677
2014-09-05,1,0.00048728194133129676,-0.11594978662611433,0.918216009386573
2014-09-08,1,-0.0007792713812585506,-0.11663870165699208,0.9175004699286446
2014-09-09,1,-0.001462273347631049,-0.11793041733988785,0.916158833445029
2014-09-10,1,-0.0007810211851997373,-0.11861933237076572,0.9154432939871006
2014-09-11,1,9.770395701025336e-05,-0.11853321799190597,0.9155327364193416
2014-09-12,1,-0.001660805001953869,-0.11999716243252112,0.9140122150712439
2014-09-15,1,0.0007828554653097619,-0.11930824740164336,0.9147277545291723
2014-09-16,1,0.0004889019262734884,-0.11887767550734485,0.9151749666903775
2014-09-17,1,-0.0009773260359655644,-0.11973881929594188,0.9142805423679671
2014-09-18,1,-0.0012717667775385966,-0.12085830622111826,0.9131177907488335
2014-09-19,1,0.0006856695072974262,-0.12025550556910025,0.9137438877745208
2014-09-22,1,0.0011746280344557825,-0.11922213302278373,0.9148171969614133
2014-09-23,1,0.0008799374266719173,-0.11844710361304622,0.9156221788515827
2014-09-24,1,-0.0011722184233662336,-0.11948047615936275,0.9145488696646902
2014-09-25,1,0.0017603911980441644,-0.11793041733988774,0.9161588334450291
2014-09-26,1,-0.0013667870740994292,-0.11913601864392387,0.9149066393936545
2014-09-29,1,0.0011731352038322207,-0.11810264609760723,0.915979948580547
2014-09-30,1,-0.0011717605702566969,-0.11913601864392376,0.9149066393936546
2014-10-01,1,0.003519405611496662,-0.11603590100497385,0.9181265669543321
2014-10-02,1,-0.000779347296639199,-0.11672481603585172,0.9174110274964037
2014-10-03,1,-0.0011699327288680061,-0.11775818858216835,0.9163377183095112
2014-10-06,1,0.0013665202537822552,-0.11655258727813234,0.9175899123608857
2014-10-07,1,0.002046983136757996,-0.1147441853220782,0.9194682034379477
2014-10-08,1,0.002042801556420226,-0.11293578336602406,0.9213464945150096
2014-10-09,1,9.707795359670257e-05,-0.11284966898716442,0.9214359369472506
2014-10-10,1,0.0003882741215297525,-0.11250521147172565,0.9217937066762147
2014-10-13,1,0.0,-0.11250521147172565,0.9217937066762147
2014-10-14,1,0.0036871725208615924,-0.10923286507505625,0.9251925191013745
2014-10-15,1,0.004543696829079735,-0.10518548926864935,0.9293963134167037
2014-10-16,1,-0.002309691078818177,-0.1072522343612825,0.9272496950429187
2014-10-17,1,-0.001736278576251582,-0.10880229318075751,0.9256397312625798
2014-10-20,1,0.000869649241472592,-0.10802726377102001,0.9264447131527492
2014-10-21,1,-0.0005792624058699181,-0.10854395004417838,0.9259080585593029
2014-10-22,1,-0.0009659969088098297,-0.10940509383277552,0.9250136342368925
2014-10-23,1,-0.0015470895378070226,-0.11078292389453104,0.9235825553210358
2014-10-24,1,-9.684292078249168e-05,-0.11086903827339079,0.9234931128887948
2014-10-27,1,0.0004842615012106144,-0.11043846637909216,0.92394032505
2014-10-28,1,-0.0006776379477250183,-0.11104126703111017,0.9233142280243127
2014-10-29,1,-0.0027123898091639953,-0.11345246963918221,0.9208098399215635
2014-10-30,1,0.0006799417192810964,-0.11284966898716431,0.9214359369472507
2014-10-31,1,-0.0011648223645892575,-0.11388304153348083,0.9203626277603583
2014-11-03,1,-0.0005830903790087216,-0.1143997278066391,0.9198259731669121
2014-11-04,1,0.0,-0.1143997278066391,0.9198259731669121
2014-11-05,1,-9.723842862707777e-05,-0.11448584218549884,0.919736530734671
2014-11-06,1,-0.0008752309637265476,-0.11526087159523635,0.9189315488445016
2014-11-07,1,0.002238660696904926,-0.11328024088146271,0.9209887247860458
2014-11-10,1,-0.001748081965620929,-0.1148302997009375,0.919378761005707
2014-11-11,1,0.0,-0.1148302997009375,0.919378761005707
2014-11-12,1,0.00019457145636736506,-0.114658070943218,0.9195576458701892
2014-11-13,1,0.0006808676198812869,-0.1140552702912,0.9201837428958765
2014-11-14,1,0.0005832037325039785,-0.11353858401804173,0.9207203974893228
2014-11-17,1,-0.0006800077715173325,-0.11414138467005963,0.9200943004636355
2014-11-18,1,0.0005832604257800522,-0.11362469839690148,0.9206309550570817
2014-11-19,1,-0.0009715340522685745,-0.11448584218549862,0.9197365307346712
2014-11-20,1,0.0006807351940096851,-0.1138830415334805,0.9203626277603587
2014-11-21,1,0.00029154518950447184,-0.11362469839690126,0.9206309550570819
2014-11-24,1,0.00029146021568049463,-0.11336635526032213,0.920899282353805
2014-11-25,1,0.0012626262626262985,-0.11224686833514574,0.9220620339729386
2014-11-26,1,0.0007760209525657924,-0.11155795330426788,0.9227775734308671
2014-11-28,1,0.0012600562178928243,-0.1104384663790915,0.9239403250500007
2014-12-01,1,-0.00019361084220714808,-0.11061069513681088,0.9237614401855186
2014-12-02,1,-0.002226955848179779,-0.11259132585058451,0.9217042642439746
2014-12-03,1,-0.0005822416302765365,-0.11310801212374277,0.9211676096505284
2014-12-04,1,0.0008738712496358936,-0.11233298271400527,0.9219725915406978
2014-12-05,1,-0.003298409002716385,-0.11526087159523568,0.9189315488445022
2014-12-08,1,0.0007786645902276845,-0.11457195656435804,0.9196470883024306
2014-12-09,1,0.0012643454580820723,-0.11345246963918165,0.9208098399215642
2014-12-10,1,0.0019426906265178623,-0.11173018206198715,0.9225986885663852
2014-12-11,1,-0.0010664081434803574,-0.11267744022944404,0.9216148218117337
2014-12-12,1,0.0026203416149068737,-0.11035235200023152,0.924029767482242
2014-12-15,1,-0.0015487368115381095,-0.11173018206198704,0.9225986885663853
2014-12-16,1,0.0015511391177895906,-0.11035235200023152,0.924029767482242
2014-12-17,1,-0.003000677572355115,-0.11302189774488292,0.9212570520827695
2014-12-18,1,-0.0015533980582523865,-0.11439972780663843,0.9198259731669128
2014-12-19,1,0.0001944768572539335,-0.11422749904891905,0.9200048580313949
2014-12-22,1,-9.721952167995873e-05,-0.11431361342777879,0.9199154155991538
2014-12-23,1,-0.002625182304326623,-0.11663870165699108,0.9175004699286456
2014-12-24,1,-0.0002924546695262098,-0.11689704479357022,0.9172321426319225
2014-12-26,1,0.0,-0.11689704479357022,0.9172321426319225
2014-12-29,1,0.0015602145294977277,-0.1155192147318147,0.9186632215477792
2014-12-30,1,0.0008762535293544982,-0.11474418532207731,0.9194682034379487
2014-12-31,1,0.00029182879377431803,-0.11448584218549818,0.9197365307346718
2015-01-02,1,0.0011669746183020635,-0.11345246963918154,0.9208098399215643
2015-01-05,1,0.0018455560951917693,-0.1118162964408469,0.9225092461341441
2015-01-06,1,0.002423889858444772,-0.10966343696935388,0.9247453069401702
2015-01-07,1,0.0005803269174968761,-0.1091467506961955,0.9252819615336165
2015-01-08,1,-0.0009666505558241223,-0.11000789448479276,0.924387537211206
2015-01-09,1,0.0018384131591679953,-0.108371721286458,0.9260869434237861
2015-01-12,1,0.001835039598222954,-0.10673554808812324,0.927786349636366
2015-01-13,1,0.0010604453870626251,-0.10578828992066625,0.9287702163910175
2015-01-14,1,0.002022342064714966,-0.1039798879646121,0.9306485074680795
2015-01-15,1,0.002498798654493095,-0.10174091411425945,0.9329740107063467
2015-01-16,1,-0.0022049659668297306,-0.10372154482803297,0.9309168347648026
2015-01-20,1,-0.00019215987701759474,-0.10389377358575236,0.9307379499003205
2015-01-21,1,-0.0015375744762636812,-0.10527160364750787,0.9293068709844639
2015-01-22,1,-0.0014436958614052475,-0.10656331933040375,0.9279652345008481
2015-01-23,1,0.001927710843373509,-0.10484103175320936,0.929754083145669
2015-01-26,1,-0.0006734006734007147,-0.10544383240522748,0.9291279861199816
2015-01-27,1,0.0004813246053139153,-0.10501326051092874,0.929575198281187
2015-01-28,1,0.0028865582603674333,-0.10242982914513721,0.9322584712484182
2015-01-29,1,-0.0008634750071956354,-0.10320485855487471,0.9314534893582488
2015-01-30,1,0.0027847128864990633,-0.10070754156794282,0.9340473198932392
2015-02-02,1,0.00047878961984104684,-0.10027696967364419,0.9344945320544444
2015-02-03,1,-0.0033499234303216996,-0.10329097293373446,0.9313640469260077
2015-02-04,1,-0.00038413521559577113,-0.10363543044917323,0.9310062771970437
2015-02-05,1,-0.0004803535402055914,-0.10406600234347185,0.9305590650358384
2015-02-06,1,-0.005574778931180413,-0.10906063631733565,0.9253714039658577
2015-02-09,1,-0.0005799342741155122,-0.10957732259049391,0.9248347493724115
2015-02-10,1,-0.0010638297872340718,-0.11052458075795091,0.9238508826177599
2015-02-11,1,0.0,-0.11052458075795091,0.9238508826177599
2015-02-12,1,0.0004840739665019633,-0.11009400886365239,0.9242980947789651
2015-02-13,1,-0.0007741436036384775,-0.11078292389453015,0.9235825553210367
2015-02-17,1,-0.003680030989734795,-0.11405527029119966,0.9201837428958769
2015-02-18,1,0.0032076205287714377,-0.11121349578882878,0.9231353431598315
2015-02-19,1,-0.0015502373800987401,-0.11259132585058429,0.9217042642439748
2015-02-20,1,-0.001067442988840317,-0.11353858401804118,0.9207203974893233
2015-02-23,1,0.0022343112492715367,-0.11155795330426743,0.9227775734308675
2015-02-24,1,0.002810894639914574,-0.10906063631733565,0.9253714039658577
2015-02-25,1,0.0,-0.10906063631733565,0.9253714039658577
2015-02-26,1,-0.002029769959404515,-0.11086903827338968,0.9234931128887959
2015-02-27,1,0.0007748184019369386,-0.11018012324251203,0.9242086523467241
2015-03-02,1,-0.0025162102003291054,-0.1124190970928648,0.9218831491084569
2015-03-03,1,-0.0012612787426020677,-0.11353858401804118,0.9207203974893233
2015-03-04,1,0.00048571983679801534,-0.11310801212374266,0.9211676096505285
2015-03-05,1,0.0008738712496358936,-0.11233298271400516,0.9219725915406979
2015-03-06,1,-0.0043655413271246335,-0.11620812976269257,0.9179476820898508
2015-03-09,1,0.0013641235506187677,-0.11500252845865644,0.9191998761412254
2015-03-10,1,0.0017514838960785983,-0.11345246963918154,0.9208098399215643
2015-03-11,1,9.713453132587091e-05,-0.1133663552603218,0.9208992823538054
2015-03-12,1,0.0010683760683760646,-0.1124190970928649,0.9218831491084568
2015-03-13,1,-0.00029106432521575076,-0.11267744022944393,0.9216148218117338
2015-03-16,1,0.0003881987577638579,-0.11233298271400516,0.9219725915406979
2015-03-17,1,0.0004850601474581939,-0.11190241081970664,0.922419803701903
2015-03-18,1,0.00465431979055575,-0.10776892063443999,0.9267130404494733
2015-03-19,1,-0.001737284045941423,-0.10931897945391478,0.9251030766691346
2015-03-20,1,0.001836991201779048,-0.10768280625558013,0.9268024828817145
2015-03-23,1,0.0005790387955992848,-0.10716611998242187,0.9273391374751607
2015-03-24,1,0.0009645061728393856,-0.10630497619382473,0.9282335617975711
2015-03-25,1,-0.001252649836191888,-0.10742446311900111,0.9270708101784375
2015-03-26,1,-0.0021225277375783724,-0.10931897945391489,0.9251030766691345
2015-03-27,1,0.001836991201779048,-0.10768280625558024,0.9268024828817144
2015-03-30,1,-0.0001930129318665763,-0.10785503501329985,0.9266235980172322
2015-03-31,1,0.0007722007722008595,-0.10716611998242198,0.9273391374751606
2015-04-01,1,0.0017361111111109384,-0.1056160611629472,0.9289491012554992
2015-04-02,1,-0.0008665511265164572,-0.1063910905726847,0.9281441193653298
2015-04-06,1,0.001156403584851251,-0.10535771802636795,0.9292174285522224
2015-04-07,1,-0.0005775339301183902,-0.10587440429952633,0.9286807739587761
2015-04-08,1,-0.0001926225561013073,-0.10604663305724571,0.9285018890942941
2015-04-09,1,-0.001926596666987801,-0.10776892063444021,0.9267130404494731
2015-04-10,1,-0.00028954734099029267,-0.10802726377101934,0.9264447131527499
2015-04-13,1,0.0006758061401814786,-0.10742446311900145,0.9270708101784372
2015-04-14,1,0.0013506994693681662,-0.1062188618149652,0.928323004229812
2015-04-15,1,0.00048174197899597537,-0.10578828992066669,0.9287702163910171
2015-04-16,1,0.0010593220338983578,-0.10484103175320969,0.9297540831456687
2015-04-17,1,0.0,-0.10484103175320969,0.9297540831456687
2015-04-20,1,-0.0012506012506013908,-0.10596051867838618,0.928591331526535
2015-04-21,1,-0.00048160277403197504,-0.10639109057268481,0.9281441193653297
2015-04-22,1,-0.0018309723426809255,-0.10802726377101945,0.9264447131527498
2015-04-23,1,0.0010619810774281646,-0.10708000560356257,0.9274285799074014
2015-04-24,1,0.0010608544700549949,-0.10613274743610557,0.9284124466620529
2015-04-27,1,-0.0005780346820809523,-0.10664943370926394,0.9278757920686066
2015-04-28,1,-0.0013495276653171517,-0.10785503501329996,0.9266235980172319
2015-04-29,1,-0.0013513513513513375,-0.10906063631733609,0.9253714039658573
2015-04-30,1,-0.0004832785617630009,-0.10949120821163472,0.924924191804652
2015-05-01,1,-0.0023208587177254714,-0.11155795330426799,0.922777573430867
2015-05-04,1,-9.69274013764565e-05,-0.11164406768312773,0.9226881309986259
2015-05-05,1,-0.0014540519581232036,-0.1129357833660235,0.9213464945150103
2015-05-06,1,-0.001359091350354391,-0.11414138467005952,0.9200943004636356
2015-05-07,1,0.0008748906386699673,-0.11336635526032235,0.9208992823538048
2015-05-08,1,0.002039627039627012,-0.11155795330426821,0.9227775734308667
2015-05-11,1,-0.00339245904817298,-0.11457195656435837,0.9196470883024301
2015-05-12,1,0.0004862867146471217,-0.11414138467005963,0.9200943004636355
2015-05-13,1,0.00029163021289013713,-0.1138830415334805,0.9203626277603587
2015-05-14,1,0.001652089407191415,-0.11241909709286524,0.9218831491084565
2015-05-15,1,0.0018434073930340134,-0.11078292389453037,0.9235825553210365
2015-05-18,1,-0.002421073019562292,-0.11293578336602339,0.9213464945150104
2015-05-19,1,-0.0016503252111446098,-0.11439972780663865,0.9198259731669125
2015-05-20,1,0.0009723842862698895,-0.11353858401804162,0.9207203974893229
2015-05-21,1,0.0015543034777540932,-0.112160753956286,0.9221514764051797
2015-05-22,1,-0.002230843840931085,-0.11414138467005952,0.9200943004636357
2015-05-26,1,0.002138621561193821,-0.11224686833514552,0.9220620339729388
2015-05-27,1,-0.0001940052381415036,-0.11241909709286502,0.9218831491084567
2015-05-28,1,0.0008731929756475854,-0.11164406768312751,0.9226881309986261
2015-05-29,1,0.0011632415664986073,-0.11061069513681088,0.9237614401855186
2015-06-01,1,-0.0032920216886135334,-0.11353858401804151,0.920720397489323
2015-06-02,1,-0.0019428793471926165,-0.1152608715952359,0.918931548844502
2015-06-03,1,-0.002725326065797118,-0.11767207420330805,0.9164271607417528
2015-06-04,1,0.0015615850087840055,-0.11629424414155243,0.9178582396576096
2015-06-05,1,-0.0034106412005457942,-0.11930824740164281,0.9147277545291729
2015-06-08,1,0.001075584237801852,-0.11836098923418592,0.9157116212838243
2015-06-09,1,-0.0010744285993358194,-0.11930824740164292,0.9147277545291728
2015-06-10,1,-0.001760046934584869,-0.1208583062211177,0.913117790748834
2015-06-11,1,0.0022529140954059557,-0.1188776755073443,0.915174966690378
2015-06-12,1,-0.0002931978107895139,-0.11913601864392331,0.914906639393655
2015-06-15,1,0.0010753739368463133,-0.11818876047646631,0.9158905061483066
2015-06-16,1,0.0010742187499999112,-0.11724150230900943,0.916874372902958
2015-06-17,1,0.0012681689591258483,-0.11612201538383315,0.9180371245220915
2015-06-18,1,-0.00058456742010915,-0.11663870165699153,0.9175004699286452
2015-06-19,1,0.0021446675765255385,-0.11474418532207775,0.9194682034379481
2015-06-22,1,-0.002237354085603105,-0.11672481603585139,0.917411027496404
2015-06-23,1,-0.0018523934873744263,-0.11836098923418603,0.9157116212838242
2015-06-24,1,0.0009767532721236538,-0.11749984544558867,0.9166060456062348
2015-06-25,1,-0.0005854800936768711,-0.11801653171874704,0.9160693910127885
2015-06-26,1,-0.00205038078500297,-0.11982493367480118,0.9141910999357266
2015-06-29,1,0.0045005381078173645,-0.11586367224725391,0.9183054518188147
2015-06-30,1,-0.0007791954806661838,-0.11655258727813167,0.9175899123608864
2015-07-01,1,-0.002826786236475365,-0.11904990426506368,0.914996081825896
2015-07-02,1,0.0019550342130987275,-0.11732761668786928,0.9167849304707169
2015-07-06,1,0.003219512195121954,-0.11448584218549851,0.9197365307346713
2015-07-07,1,0.0011669746183020635,-0.11345246963918199,0.9208098399215638
2015-07-08,1,0.001165614375910451,-0.11241909709286546,0.9218831491084563
2015-07-09,1,-0.0028136218104199973,-0.11491641407979714,0.9192893185734661
2015-07-10,1,-0.003794512551079987,-0.11827487485532628,0.9158010637160653
2015-07-13,1,-0.0006836605137221508,-0.1188776755073444,0.9151749666903779
2015-07-14,1,0.0012705238467554114,-0.11775818858216791,0.9163377183095116
2015-07-15,1,0.0014641288433381305,-0.11646647289927214,0.9176793547931272
2015-07-16,1,-0.0008771929824560321,-0.11724150230900954,0.9168743729029579
2015-07-17,1,-0.0004877572919715911,-0.11767207420330816,0.9164271607417527
2015-07-20,1,-0.0012687878196369073,-0.11879156112848455,0.9152644091226191
2015-07-21,1,0.0011726766344180017,-0.11775818858216791,0.9163377183095116
2015-07-22,1,0.0,-0.11775818858216791,0.9163377183095116
2015-07-23,1,0.001073694485114629,-0.11681093041471102,0.9173215850641631
2015-07-24,1,0.0003900156006240163,-0.11646647289927214,0.9176793547931272
2015-07-27,1,0.0017543859649122862,-0.11491641407979714,0.9192893185734661
2015-07-28,1,-0.0006810663553221685,-0.11551921473181526,0.9186632215477787
2015-07-29,1,-0.0007788920260928256,-0.11620812976269301,0.9179476820898503
2015-07-30,1,-0.0003897495858909972,-0.11655258727813189,0.9175899123608862
2015-07-31,1,0.0025343600740812544,-0.11431361342777913,0.9199154155991534
2015-08-03,1,0.0012639766650461848,-0.11319412650260285,0.921078167218287
2015-08-04,1,-0.002718974558166609,-0.11560532911067489,0.9185737791155377
2015-08-05,1,-0.0017526777020449025,-0.11715538793015001,0.9169638153351988
2015-08-06,1,0.0010729613733906351,-0.11620812976269301,0.9179476820898503
2015-08-07,1,0.0009743739647276595,-0.11534698597409576,0.9188421064122608
2015-08-10,1,-0.0014601382264187723,-0.11663870165699164,0.9175004699286451
2015-08-11,1,0.0033144862546305998,-0.11371081277576112,0.9205415126248407
2015-08-12,1,0.0005829770695686687,-0.11319412650260274,0.9210781672182871
2015-08-13,1,-0.00233054962128576,-0.11526087159523601,0.9189315488445019
2015-08-14,1,-0.0007786645902277955,-0.11594978662611377,0.9182160093865736
2015-08-17,1,0.0014611338398597962,-0.1146580709432179,0.9195576458701893
2015-08-18,1,-0.0009726680284020128,-0.11551921473181526,0.9186632215477787
2015-08-19,1,0.0026287605880634946,-0.11319412650260285,0.921078167218287
2015-08-20,1,0.0004855311711011723,-0.11276355460830423,0.9215253793794922
2015-08-21,1,0.001552945743958034,-0.11138572454654871,0.9229564582953489
2015-08-24,1,0.0022288981490454773,-0.10940509383277508,0.925013634236893
2015-08-25,1,-0.004157803132856408,-0.11310801212374322,0.9211676096505279
2015-08-26,1,-0.00019419361103012456,-0.1132802408814626,0.9209887247860459
2015-08-27,1,-0.00029134699427013633,-0.11353858401804173,0.9207203974893228
2015-08-28,1,-0.001360015543034776,-0.11474418532207775,0.9194682034379481
2015-08-31,1,-0.0004863813229571967,-0.11517475721637638,0.9190209912767429
2015-09-01,1,0.0010705596107056792,-0.11422749904891938,0.9200048580313944
2015-09-02,1,-0.0005833171300797524,-0.11474418532207775,0.9194682034379481
2015-09-03,1,0.0011673151750972721,-0.11371081277576112,0.9205415126248406
2015-09-04,1,0.000874465604352892,-0.11293578336602372,0.92134649451501
2015-09-08,1,-0.002038637025531531,-0.11474418532207775,0.9194682034379481
2015-09-09,1,0.00038910505836575737,-0.11439972780663887,0.9198259731669123
2015-09-10,1,-0.000777907429015956,-0.11508864283751663,0.9191104337089839
2015-09-11,1,0.0013623978201635634,-0.1138830415334805,0.9203626277603586
2015-09-14,1,-9.718172983486095e-05,-0.11396915591234025,0.9202731853281175
2015-09-15,1,-0.003498882301486983,-0.11706927355129015,0.91705325776744
2015-09-16,1,-0.000585194577196968,-0.11758595982444853,0.9165166031739936
2015-09-17,1,0.004001171074460741,-0.1140552702912,0.9201837428958765
2015-09-18,1,0.002138413685847551,-0.11216075395628622,0.9221514764051795
2015-09-21,1,-0.0023278370514063784,-0.11422749904891938,0.9200048580313944
2015-09-22,1,0.0026249270853586637,-0.11190241081970709,0.9224198037019026
2015-09-23,1,-0.0005817899738195242,-0.11241909709286546,0.9218831491084563
2015-09-24,1,0.0005821286504317236,-0.1119024108197072,0.9224198037019025
2015-09-25,1,-0.0012605449432754323,-0.11302189774488358,0.9212570520827689
2015-09-28,1,0.002135922330097184,-0.11112738140996958,0.923224785592072
2015-09-29,1,0.0014532067428794093,-0.1098356657270736,0.9245664220756878
2015-09-30,1,-0.00029021959949693255,-0.11009400886365273,0.9242980947789647
2015-10-01,1,9.676795045465703e-05,-0.1100078944847932,0.9243875372112056
2015-10-02,1,0.002805999032414297,-0.10751057749786119,0.9269813677461961
2015-10-05,1,-0.0021227325357005,-0.10940509383277497,0.9250136342368931
2015-10-06,1,0.0005801585766775919,-0.1088884075596167,0.9255502888303393
2015-10-07,1,-0.001063007344414335,-0.1098356657270736,0.9245664220756878
2015-10-08,1,-0.0012576182644868927,-0.11095515265225009,0.9234036704565541
2015-10-09,1,-0.00019372336303757898,-0.11112738140996958,0.923224785592072
2015-10-12,1,0.0,-0.11112738140996958,0.923224785592072
2015-10-13,1,0.00155008719240457,-0.10974955134821407,0.9246558645079287
2015-10-14,1,0.0029019152640743506,-0.10716611998242243,0.9273391374751602
2015-10-15,1,-0.0018325617283951878,-0.10880229318075718,0.9256397312625801
2015-10-16,1,-0.0004831384674847117,-0.1092328650750557,0.925192519101375
2015-10-19,1,0.0,-0.1092328650750557,0.925192519101375
2015-10-20,1,-0.001643464810518136,-0.11069680951567096,0.9236719977532772
2015-10-21,1,0.001065168974532682,-0.10974955134821407,0.9246558645079287
2015-10-22,1,0.00048365254401239177,-0.10931897945391544,0.9251030766691339
2015-10-23,1,-0.002417093686551297,-0.11147183892540846,0.9228670158631078
2015-10-26,1,0.0005815080441944342,-0.11095515265225031,0.9234036704565539
2015-10-27,1,0.0012592018597443744,-0.10983566572707382,0.9245664220756876
2015-10-28,1,-0.003385895327464583,-0.1128496689871642,0.9214359369472509
2015-10-29,1,-0.002038439138031367,-0.11465807094321812,0.9195576458701891
2015-10-30,1,0.0,-0.11465807094321812,0.9195576458701891
2015-11-02,1,-0.0011672016340823488,-0.11569144348953486,0.9184843366832964
2015-11-03,1,-0.0011685655857435195,-0.1167248160358515,0.9174110274964039
2015-11-04,1,-0.0013649215170126183,-0.1179304173398874,0.9161588334450295
2015-11-05,1,-0.00029288294444984597,-0.11818876047646654,0.9158905061483064
2015-11-06,1,-0.003320312499999978,-0.12111664935769695,0.9128494634521108
2015-11-09,1,-9.798157946305786e-05,-0.1212027637365567,0.9127600210198697
2015-11-10,1,0.0010779029887311165,-0.12025550556909981,0.9137438877745213
2015-11-11,1,0.0,-0.12025550556909981,0.9137438877745213
2015-11-12,1,-0.0004894283476898353,-0.12068607746339832,0.9132966756133162
2015-11-13,1,0.0014690040152776085,-0.11939436178050256,0.9146383120969318
2015-11-16,1,0.0005867396831604754,-0.1188776755073443,0.915174966690378
2015-11-17,1,0.0,-0.1188776755073443,0.915174966690378
2015-11-18,1,-0.0004886630179827822,-0.11930824740164292,0.9147277545291728
2015-11-19,1,0.00019556077050952858,-0.11913601864392342,0.9149066393936549
2015-11-20,1,-0.0005865676019161103,-0.1196527049170818,0.9143699848002086
2015-11-23,1,0.0001956372884670543,-0.11948047615936253,0.9145488696646905
2015-11-24,1,0.00029339853300736074,-0.11922213302278328,0.9148171969614137
2015-11-25,1,0.00019554165037138915,-0.11904990426506401,0.9149960818258956
2015-11-27,1,0.0002932551319647647,-0.11879156112848488,0.9152644091226187
2015-11-30,1,-0.0008795074758135568,-0.11956659053822238,0.9144594272324493
2015-12-01,1,0.001956181533646406,-0.11784430296102788,0.9162482758772703
2015-12-02,1,-0.0011714174150723178,-0.11887767550734463,0.9151749666903777
2015-12-03,1,-0.003909304143862258,-0.1223222506617333,0.9115972694007359
2015-12-04,1,0.0011773940345369827,-0.12128887811541655,0.9126705785876286
2015-12-07,1,0.0012740101920813984,-0.12016939119024028,0.913833330206762
2015-12-08,1,-0.0002936282666144985,-0.12042773432681952,0.9135650029100388
2015-12-09,1,0.0013706677109848187,-0.11922213302278362,0.9148171969614134
2015-12-10,1,-0.0014665623777865289,-0.12051384870567938,0.9134755604777977
2015-12-11,1,0.0034270047978068874,-0.11749984544558911,0.9166060456062344
2015-12-14,1,-0.0029274004683840227,-0.12008327681138065,0.913922772639003
2015-12-15,1,-0.0013701311411234984,-0.12128887811541678,0.9126705785876283
2015-12-16,1,-0.0015680125441004389,-0.1226667081771724,0.9112394996717715
2015-12-17,1,0.0008833922261484162,-0.1218916787674349,0.912044481561941
2015-12-18,1,0.0016671570069628494,-0.12042773432681964,0.9135650029100387
2015-12-21,1,0.00019580967299770435,-0.12025550556910036,0.9137438877745206
2015-12-22,1,-0.001468285043069617,-0.12154722125199613,0.912402251290905
2015-12-23,1,-0.0005881776296441377,-0.12206390752515439,0.9118655966974588
2015-12-24,1,0.00019617459538978643,-0.12189167876743501,0.9120444815619408
2015-12-28,1,9.80680592330696e-05,-0.12180556438857537,0.9121339239941818
2015-12-29,1,-0.0022553441851344003,-0.123786195102349,0.9100767480526377
2015-12-30,1,9.82800982800569e-05,-0.12370008072348937,0.9101661904848787
2015-12-31,1,0.001179245283018826,-0.12266670817717273,0.9112394996717712
2016-01-04,1,0.0009815469179428327,-0.12180556438857537,0.9121339239941818
2016-01-05,1,9.805844283183873e-05,-0.12171945000971574,0.9122233664264228
2016-01-06,1,0.0024512207079125936,-0.1195665905382226,0.914459427232449
2016-01-07,1,0.0011737089201877549,-0.11853321799190608,0.9155327364193415
2016-01-08,1,0.0010746385306761308,-0.11758595982444908,0.9165166031739931
2016-01-11,1,0.0,-0.11758595982444908,0.9165166031739931
2016-01-12,1,0.0014638430760223198,-0.1162942441415532,0.9178582396576088
2016-01-13,1,0.0009744689144415286,-0.11543310035295606,0.9187526639800192
2016-01-14,1,-0.00038940809968834866,-0.11577755786839483,0.9183948942510551
2016-01-15,1,0.002239968835216155,-0.11379692715462131,0.9204520701925991
2016-01-19,1,-0.00048586143231943435,-0.11422749904891982,0.920004858031394
2016-01-20,1,0.0020416099552789113,-0.1124190970928659,0.9218831491084558
2016-01-21,1,-0.0006791500921703442,-0.1130218977448838,0.9212570520827685
2016-01-22,1,-0.0013592233009708243,-0.11422749904891982,0.920004858031394
2016-01-25,1,0.00048609760839979366,-0.1137969271546212,0.9204520701925992
2016-01-26,1,0.0010688951511028666,-0.11284966898716431,0.9214359369472507
2016-01-27,1,0.00019413706076498727,-0.11267744022944493,0.9216148218117328
2016-01-28,1,0.0007763975155279379,-0.11198852519856717,0.9223303612696612
2016-01-29,1,0.002230411171450619,-0.11000789448479364,0.9243875372112051
2016-02-01,1,-0.0014513788098693414,-0.11129961016768941,0.9230459007275895
2016-02-02,1,0.003585271317829264,-0.10811337814987987,0.926355270720508
2016-02-03,1,9.655305590428043e-05,-0.10802726377102012,0.9264447131527491
2016-02-04,1,0.0007723498744931501,-0.10733834874014236,0.9271602526106775
2016-02-05,1,0.0,-0.10733834874014236,0.9271602526106775
2016-02-08,1,0.003569361373721769,-0.10415211672233282,0.9304696226035961
2016-02-09,1,-0.0003845044698644884,-0.1044965742377717,0.9301118528746319
2016-02-10,1,0.0003846523704202909,-0.10415211672233271,0.9304696226035962
2016-02-11,1,0.002018648466788342,-0.10234371476627868,0.9323479136806581
2016-02-12,1,-0.0035495011511894603,-0.10552994678408834,0.9290385436877394
2016-02-16,1,-0.0007701935111196212,-0.10621886181496598,0.9283230042298111
2016-02-17,1,-0.0015415743327874543,-0.1075966918767216,0.9268919253139543
2016-02-18,1,0.0019299430666794848,-0.10587440429952721,0.9286807739587751
2016-02-19,1,-0.00048155639025326824,-0.10630497619382584,0.9282335617975699
2016-02-22,1,-0.00048178839853529887,-0.10673554808812435,0.9277863496363647
2016-02-23,1,0.0007712330087727981,-0.1060466330572466,0.9285018890942931
2016-02-24,1,9.63298333493956e-05,-0.10596051867838685,0.9285913315265342
2016-02-25,1,0.0018300905413215496,-0.1043243454800522,0.9302907377391141
2016-02-26,1,-0.0032689164503413304,-0.10725223436128262,0.9272496950429185
2016-02-29,1,0.0007716793672229993,-0.10656331933040475,0.927965234500847
2016-03-01,1,-0.0034698795180723163,-0.10966343696935477,0.9247453069401693
2016-03-02,1,-0.0008704903762453142,-0.11043846637909227,0.9239403250499999
2016-03-03,1,0.0006776379477251293,-0.10983566572707415,0.9245664220756873
2016-03-04,1,-0.00203153719647875,-0.1116440676831284,0.9226881309986252
2016-03-07,1,-0.0009693679720821358,-0.11250521147172554,0.9217937066762149
2016-03-08,1,0.0022317096836794725,-0.1105245807579519,0.9238508826177589
2016-03-09,1,-0.0015490366928068156,-0.11190241081970764,0.922419803701902
2016-03-10,1,-0.0016484049258217448,-0.1133663552603228,0.9208992823538042
2016-03-11,1,-0.0014568764568764214,-0.11465807094321856,0.9195576458701886
2016-03-14,1,0.00019453360568033595,-0.11448584218549918,0.9197365307346707
2016-03-15,1,-9.72478848585423e-05,-0.11457195656435892,0.9196470883024296
2016-03-16,1,0.0025286909161641447,-0.11233298271400627,0.9219725915406968
2016-03-17,1,0.0010671323244082487,-0.11138572454654927,0.9229564582953483
2016-03-18,1,0.001356720612462503,-0.11018012324251314,0.924208652346723
2016-03-21,1,-0.0016452143617535775,-0.1116440676831284,0.9226881309986252
2016-03-22,1,-0.0009693679720821358,-0.11250521147172554,0.9217937066762149
2016-03-23,1,0.002134678827867331,-0.11061069513681165,0.9237614401855179
2016-03-24,1,-0.0007745933384972759,-0.11129961016768941,0.9230459007275895
2016-03-28,1,0.0005813953488371659,-0.11078292389453115,0.9235825553210357
2016-03-29,1,0.0022273871779971977,-0.10880229318075763,0.9256397312625797
2016-03-30,1,0.0010629046284664767,-0.10785503501330074,0.9266235980172312
2016-03-31,1,0.0014478764478764727,-0.10656331933040486,0.9279652345008469
2016-04-01,1,-0.0008674698795181346,-0.10733834874014236,0.9271602526106775
2016-04-04,1,0.000675284584217728,-0.10673554808812424,0.9277863496363649
2016-04-05,1,0.0014460618914489132,-0.10544383240522859,0.9291279861199805
2016-04-06,1,-0.000577589526376654,-0.10596051867838685,0.9285913315265342
2016-04-07,1,0.002215372760547174,-0.10397988796461333,0.9306485074680783
2016-04-08,1,-0.0008649687650168492,-0.10475491737435083,0.9298435255779088
2016-04-11,1,9.619084263179367e-05,-0.10466880299549108,0.9299329680101499
2016-04-12,1,-0.002019813407713733,-0.10647720495154511,0.928054676933088
2016-04-13,1,9.637625289116158e-05,-0.10639109057268548,0.9281441193653289
2016-04-14,1,-0.0008673026886382162,-0.10716611998242287,0.9273391374751596
2016-04-15,1,0.0011574074074072183,-0.10613274743610634,0.928412446662052
2016-04-18,1,-0.000674373795760963,-0.10673554808812424,0.9277863496363649
2016-04-19,1,-0.0006748288826762261,-0.10733834874014236,0.9271602526106775
2016-04-20,1,-0.0025081998842368947,-0.10957732259049513,0.9248347493724103
2016-04-21,1,-0.00048355899419738613,-0.11000789448479387,0.9243875372112049
2016-04-22,1,-0.0006773101112722557,-0.11061069513681177,0.9237614401855178
2016-04-25,1,-0.0004841208365607974,-0.11104126703111039,0.9233142280243125
2016-04-26,1,-0.0008718395815170421,-0.1118162964408479,0.9225092461341431
2016-04-27,1,0.002133023075431506,-0.10992178010593401,0.9244769796434461
2016-04-28,1,0.0012577399380804266,-0.10880229318075774,0.9256397312625796
2016-04-29,1,0.000579766160981654,-0.10828560690759947,0.9261763858560258
2016-05-02,1,-0.0017382906808304233,-0.10983566572707437,0.9245664220756871
2016-05-03,1,0.0023217567959756824,-0.10776892063444099,0.9267130404494722
2016-05-04,1,0.0005790946819805853,-0.10725223436128262,0.9272496950429185
2016-05-05,1,0.001157519050834388,-0.10621886181496598,0.9283230042298111
2016-05-06,1,-0.0008671355621929777,-0.1069938912247036,0.9275180223396415
2016-05-09,1,0.0009643201542912649,-0.10613274743610634,0.928412446662052
2016-05-10,1,-0.00019267822736024343,-0.10630497619382573,0.92823356179757
2016-05-11,1,0.0003854307188282391,-0.10596051867838685,0.9285913315265342
2016-05-12,1,-0.0014448083220958141,-0.1072522343612825,0.9272496950429187
2016-05-13,1,0.001157519050834388,-0.10621886181496587,0.9283230042298112
2016-05-16,1,-0.0018306195201851505,-0.10785503501330074,0.9266235980172312
2016-05-17,1,-0.0008687258687257726,-0.10863006442303813,0.9258186161270618
2016-05-18,1,-0.004444015071007668,-0.11259132585058529,0.9217042642439737
2016-05-19,1,0.0012615235322659402,-0.11147183892540902,0.9228670158631073
2016-05-20,1,-9.691800736577605e-05,-0.11155795330426876,0.9227775734308662
2016-05-23,1,-9.69274013764565e-05,-0.11164406768312851,0.9226881309986251
2016-05-24,1,-0.0006785575804574284,-0.11224686833514641,0.922062033972938
2016-05-25,1,-0.0002910078572121444,-0.11250521147172554,0.9217937066762149
2016-05-26,1,0.002037647972054968,-0.11069680951567151,0.9236719977532767
2016-05-27,1,-0.0006778348019753633,-0.11129961016768952,0.9230459007275894
2016-05-31,1,-0.0006782945736434343,-0.11190241081970764,0.922419803701902
2016-06-01,1,-0.0009696499563657257,-0.11276355460830467,0.9215253793794916
2016-06-02,1,0.0010676501989712595,-0.11181629644084778,0.9225092461341432
2016-06-03,1,0.0046538685282140335,-0.10768280625558124,0.9268024828817133
2016-06-06,1,-0.00048253232966621873,-0.10811337814987998,0.9263552707205079
2016-06-07,1,0.00038621222361689966,-0.1077689206344411,0.9267130404494721
2016-06-08,1,-9.651578033009756e-05,-0.10785503501330085,0.926623598017231
2016-06-09,1,0.0007722007722008595,-0.10716611998242298,0.9273391374751595
2016-06-10,1,0.0015432098765431057,-0.10578828992066758,0.9287702163910161
2016-06-13,1,0.0010593220338983578,-0.10484103175321069,0.9297540831456677
2016-06-14,1,9.620009619992764e-05,-0.10475491737435116,0.9298435255779085
2016-06-15,1,0.001154290111581524,-0.10372154482803442,0.9309168347648011
2016-06-16,1,0.0005764796310530063,-0.10320485855487616,0.9314534893582473
2016-06-17,1,-0.0015363933166890886,-0.10458268861663167,0.9300224104423906
2016-06-20,1,-0.00163492979419122,-0.10604663305724682,0.9285018890942929
2016-06-21,1,-0.000963298333493956,-0.10690777684584407,0.9276074647718824
2016-06-22,1,0.00048211358596095266,-0.10647720495154533,0.9280546769330877
2016-06-23,1,-0.0019275250578257852,-0.10819949252873984,0.9262658282882668
2016-06-24,1,0.005890305137118634,-0.10294651541829691,0.9317218166549706
2016-06-27,1,0.0032638955553423443,-0.10001862653706628,0.9347628593511662
2016-06-28,1,-0.0001913692469620587,-0.10019085529478577,0.9345839744866841
2016-06-29,1,-0.0006699205665613439,-0.10079365594680378,0.9339578774609968
2016-06-30,1,-9.576709442637998e-05,-0.10087977032566353,0.9338684350287557
2016-07-01,1,0.0002873287999234364,-0.10062142718908429,0.9341367623254789
2016-07-05,1,0.002680965147453085,-0.09821022458101225,0.9366411504282282
2016-07-06,1,-0.000954927425515617,-0.09907136836960939,0.9357467261058178
2016-07-07,1,0.0,-0.09907136836960939,0.9357467261058178
2016-07-08,1,0.0,-0.09907136836960939,0.9357467261058178
2016-07-11,1,-0.0025807684955077015,-0.1013964565988219,0.9333317804353094
2016-07-12,1,-0.0022041207474843283,-0.10337708731259543,0.9312746044937654
2016-07-13,1,0.0010564733000384408,-0.10242982914513843,0.932258471248417
2016-07-14,1,-0.0015350666794590184,-0.10380765920689405,0.9308273923325602
2016-07-15,1,-0.002113961756510019,-0.10570217554180783,0.9288596588232572
2016-07-18,1,0.0005777563793933904,-0.10518548926864957,0.9293963134167035
2016-07-19,1,0.0005774227697046275,-0.1046688029954912,0.9299329680101498
2016-07-20,1,-0.0009618159084350264,-0.10552994678408834,0.9290385436877394
2016-07-21,1,0.0011552902666793763,-0.10449657423777181,0.9301118528746318
2016-07-22,1,-0.000673141648235287,-0.10509937488978971,0.9294857558489447
2016-07-25,1,-0.0006735950731332485,-0.10570217554180783,0.9288596588232573
2016-07-26,1,9.62927298988614e-05,-0.10561606116294808,0.9289491012554983
2016-07-27,1,0.0016368187945310364,-0.10415211672233282,0.9304696226035961
2016-07-28,1,0.0002883783523983663,-0.10389377358575369,0.9307379499003192
2016-07-29,1,0.0020180665000959497,-0.10208537162969966,0.932616240977381
2016-08-01,1,-0.0005754291742591233,-0.10260205790285803,0.9320795863839347
2016-08-02,1,-0.0008636407254580813,-0.10337708731259543,0.9312746044937654
2016-08-03,1,9.60430272760604e-05,-0.1032909729337359,0.9313640469260063
2016-08-04,1,0.001344473254585532,-0.10208537162969988,0.9326162409773808
2016-08-05,1,-0.003548479907931279,-0.10527160364750943,0.9293068709844622
2016-08-08,1,-0.0002887391722810051,-0.10552994678408856,0.9290385436877391
2016-08-09,1,0.0010590160777894653,-0.10458268861663178,0.9300224104423905
2016-08-10,1,0.0013464127716869,-0.10337708731259565,0.9312746044937652
2016-08-11,1,-0.002881290818286697,-0.1059605186783873,0.9285913315265337
2016-08-12,1,0.0018300905413215496,-0.10432434548005265,0.9302907377391136
2016-08-15,1,-0.001057590616286852,-0.10527160364750943,0.9293068709844622
2016-08-16,1,-0.0010587102983637964,-0.10621886181496631,0.9283230042298107
2016-08-17,1,0.0003853935831967803,-0.10587440429952744,0.9286807739587749
2016-08-18,1,0.0012520466146586084,-0.10475491737435116,0.9298435255779085
2016-08-19,1,-0.0019238168526355404,-0.10647720495154545,0.9280546769330876
2016-08-22,1,0.0010601387818041097,-0.10552994678408856,0.9290385436877391
2016-08-23,1,-0.0003850967555598661,-0.10587440429952744,0.9286807739587749
2016-08-24,1,-9.631127805065365e-05,-0.10596051867838718,0.9285913315265338
2016-08-25,1,-0.0007705644384511379,-0.10664943370926494,0.9278757920686055
2016-08-26,1,-0.0028918449971081506,-0.10923286507505658,0.9251925191013741
2016-08-29,1,0.002223511214230589,-0.10725223436128284,0.9272496950429183
2016-08-30,1,-0.00019291984180569433,-0.10742446311900222,0.9270708101784363
2016-08-31,1,-0.00019295706705269033,-0.10759669187672172,0.9268919253139541
2016-09-01,1,0.0,-0.10759669187672172,0.9268919253139541
2016-09-02,1,-0.000578982920003912,-0.10811337814988009,0.9263552707205078
2016-09-06,1,0.002317273341701398,-0.1060466330572466,0.9285018890942931
2016-09-07,1,0.0,-0.1060466330572466,0.9285018890942931
2016-09-08,1,-0.0025045756670841746,-0.10828560690759947,0.9261763858560258
2016-09-09,1,-0.0014485755673586675,-0.10957732259049524,0.9248347493724102
2016-09-12,1,0.0005802707930366857,-0.10906063631733698,0.9253714039658564
2016-09-13,1,-0.0019331142470518925,-0.11078292389453126,0.9235825553210356
2016-09-14,1,0.002130544257214817,-0.10888840755961737,0.9255502888303386
2016-09-15,1,0.0002899110939311722,-0.10863006442303824,0.9258186161270617
2016-09-16,1,-0.0008694812095449977,-0.10940509383277575,0.9250136342368923
2016-09-19,1,0.0,-0.10940509383277575,0.9250136342368923
2016-09-20,1,9.6693096113043e-05,-0.10931897945391589,0.9251030766691335
2016-09-21,1,9.668374746185648e-05,-0.10923286507505636,0.9251925191013743
2016-09-22,1,0.0009667440061873478,-0.108371721286459,0.926086943423785
2016-09-23,1,0.0007726482518832789,-0.10768280625558124,0.9268024828817133
2016-09-26,1,0.0008685581933989273,-0.10690777684584374,0.9276074647718827
2016-09-27,1,0.0007713817375374354,-0.10621886181496587,0.9283230042298112
2016-09-28,1,-0.0003853935831968913,-0.10656331933040475,0.927965234500847
2016-09-29,1,0.0004819277108434328,-0.10613274743610623,0.9284124466620522
2016-09-30,1,-0.0016377649325626242,-0.10759669187672138,0.9268919253139545
2016-10-03,1,-0.0010614686866737832,-0.10854395004417838,0.9259080585593029
2016-10-04,1,-0.0017387944358577823,-0.11009400886365339,0.9242980947789641
2016-10-05,1,-0.0011612154054577717,-0.11112738140997014,0.9232247855920714
2016-10-06,1,-0.0009688044952528285,-0.11198852519856728,0.9223303612696611
2016-10-07,1,0.000290923196276216,-0.11173018206198804,0.9225986885663843
2016-10-10,1,0.0,-0.11173018206198804,0.9225986885663843
2016-10-11,1,-0.0008725157537566863,-0.11250521147172554,0.9217937066762149
2016-10-12,1,-0.000582185134872959,-0.1130218977448838,0.9212570520827685
2016-10-13,1,0.0016504854368932786,-0.11155795330426854,0.9227775734308664
2016-10-14,1,-0.0011631288165164788,-0.11259132585058529,0.9217042642439738
2016-10-17,1,0.001067442988840428,-0.11164406768312829,0.9226881309986253
2016-10-18,1,0.0005816207832494147,-0.11112738140996992,0.9232247855920717
2016-10-19,1,9.688044952538277e-05,-0.11104126703111006,0.9233142280243128
2016-10-20,1,-0.00029061319383905104,-0.1112996101676893,0.9230459007275896
2016-10-21,1,0.0,-0.1112996101676893,0.9230459007275896
2016-10-24,1,-0.0006782945736434343,-0.11190241081970742,0.9224198037019022
2016-10-25,1,-9.696499563649486e-05,-0.11198852519856706,0.9223303612696613
2016-10-26,1,-0.000872769588828537,-0.11276355460830456,0.9215253793794919
2016-10-27,1,-0.0013588275259632798,-0.11396915591234047,0.9202731853281173
2016-10-28,1,0.00048595587520661176,-0.11353858401804184,0.9207203974893227
2016-10-31,1,9.714396735960307e-05,-0.1134524696391821,0.9208098399215637
2016-11-01,1,0.0007770762506069673,-0.11276355460830445,0.921525379379492
2016-11-02,1,0.000776472871979017,-0.1120746395774267,0.9222409188374203
2016-11-03,1,0.0,-0.1120746395774267,0.9222409188374203
2016-11-04,1,0.0007758704296383367,-0.11138572454654883,0.9229564582953488
2016-11-07,1,-0.0016474464579900872,-0.11284966898716409,0.921435936947251
2016-11-08,1,-0.0016501650165016146,-0.11431361342777924,0.9199154155991532
2016-11-09,1,-0.005250364608653246,-0.11896378988620404,0.9150855242581369
2016-11-10,1,-0.0018571009676473516,-0.12059996308453869,0.913386118045557
2016-11-11,1,0.0,-0.12059996308453869,0.913386118045557
2016-11-14,1,-0.0042107324716020855,-0.12430288137550671,0.9095400934591921
2016-11-15,1,-0.0008850427770675795,-0.12507791078524422,0.9087351115690226
2016-11-16,1,9.842519685054896e-05,-0.12499179640638436,0.9088245540012638
2016-11-17,1,-0.0012794016336974412,-0.12611128333156074,0.9076618023821302
2016-11-18,1,-0.002069373275522368,-0.12791968528761488,0.9057835113050682
2016-11-21,1,-0.0004937296336525732,-0.1283502571819135,0.9053362991438629
2016-11-22,1,0.0006915629322268302,-0.1277474565298955,0.9059623961695502
2016-11-23,1,-0.0018758021522362611,-0.12938362972823025,0.9042629899569703
2016-11-25,1,-0.00039564787339263496,-0.12972808724366913,0.9039052202280061
2016-11-28,1,0.0014842667722143599,-0.12843637156077348,0.9052468567116216
2016-11-29,1,0.0006916312617331055,-0.12783357090875536,0.905872953737309
2016-11-30,1,-0.0017772511848341832,-0.12938362972823036,0.9042629899569702
2016-12-01,1,-0.0021760633036597143,-0.13127814606314425,0.9022952564476672
2016-12-02,1,0.002081681205392538,-0.1294697441070901,0.9041735475247291
2016-12-05,1,-0.00029676525868038706,-0.12972808724366924,0.903905220228006
2016-12-06,1,0.0,-0.12972808724366924,0.903905220228006
2016-12-07,1,0.0014842667722143599,-0.1284363715607736,0.9052468567116215
2016-12-08,1,-0.0007904357276948826,-0.12912528659165134,0.9045313172536932
2016-12-09,1,-0.0020765351527736176,-0.13093368854770548,0.9026530261766312
2016-12-12,1,-0.00019817677368205722,-0.13110591730542487,0.9024741413121492
2016-12-13,1,-0.0006937561942518267,-0.131708717957443,0.9018480442864618
2016-12-14,1,-0.002677774471883332,-0.13403380618665528,0.8994330986159537
2016-12-15,1,-0.0020883054892602004,-0.13584220814270953,0.8975548075388916
2016-12-16,1,-0.00019930244145482945,-0.13601443690042891,0.8973759226744096
2016-12-19,1,0.0015947373666898024,-0.1346366068386735,0.8988070015902662
2016-12-20,1,-0.0004975619464623326,-0.13506717873297214,0.8983597894290609
2016-12-21,1,0.0007964954201513663,-0.13437826370209438,0.8990753288869893
2016-12-22,1,-0.00019896538002384112,-0.13455049245981376,0.8988964440225072
2016-12-23,1,0.00019900497512437276,-0.13437826370209438,0.8990753288869893
2016-12-27,1,-0.000895344210107285,-0.13515329311183177,0.89827034699682
2016-12-28,1,0.001792293139500023,-0.13360323429235688,0.8998803107771587
2016-12-29,1,0.0015902991750322837,-0.13222540423060147,0.9013113896930154
2016-12-30,1,0.0013893023717377329,-0.13101980292656523,0.9025635837443902
2017-01-03,1,-0.0009909820632245658,-0.13188094671516237,0.9016691594219798
2017-01-04,1,-0.0001983930165657677,-0.13205317547288176,0.9014902745574978
2017-01-05,1,0.002976485762476333,-0.12946974410709022,0.904173547524729
2017-01-06,1,-0.0020773568107628204,-0.13127814606314447,0.902295256447667
2017-01-09,1,0.0013877874702616921,-0.13007254475910834,0.9035474504990416
2017-01-10,1,0.0,-0.13007254475910834,0.9035474504990416
2017-01-11,1,0.0002969708968521001,-0.1298142016225292,0.9038157777957647
2017-01-12,1,0.00019792182088074206,-0.12964197286480983,0.9039946626602468
2017-01-13,1,-0.0005936479667556505,-0.1301586591379681,0.9034580080668005
2017-01-17,1,0.001980001980001811,-0.1284363715607738,0.9052468567116213
2017-01-18,1,-0.0019760893192370954,-0.1301586591379681,0.9034580080668005
2017-01-19,1,-0.0023760023760024396,-0.13222540423060147,0.9013113896930154
2017-01-20,1,0.00039694353478214595,-0.1318809467151626,0.9016691594219796
2017-01-23,1,0.0024799127070727067,-0.12972808724366958,0.9039052202280057
2017-01-24,1,-0.0023748268355433533,-0.13179483233630296,0.9017586018542205
2017-01-25,1,-0.001586986708986271,-0.13317266239805836,0.9003275229383638
2017-01-26,1,0.0008940989469501393,-0.13239763298832086,0.9011325048285332
2017-01-27,1,0.0006947890818858049,-0.13179483233630296,0.9017586018542205
2017-01-30,1,9.9186669311635e-05,-0.1317087179574432,0.9018480442864616
2017-01-31,1,0.0005950609937519502,-0.13119203168428484,0.9023846988799079
2017-02-01,1,-0.0005947071067499143,-0.1317087179574432,0.9018480442864616
2017-02-02,1,0.0001983536645839834,-0.13153648919972372,0.9020269291509437
2017-02-03,1,-0.0004957858205254517,-0.13196706109402223,0.9015797169897386
2017-02-06,1,0.002777777777777768,-0.12955585848595008,0.9040841050924878
2017-02-07,1,0.0003957261574991655,-0.1292114009705111,0.9044418748214521
2017-02-08,1,0.000988924050632889,-0.12835025718191395,0.9053362991438625
2017-02-09,1,-0.0018770993874728248,-0.1299864303802487,0.9036368929312826
2017-02-10,1,-0.0005938830050480348,-0.13050311665340708,0.9031002383378363
2017-02-13,1,-0.0008913538674854005,-0.13127814606314459,0.9022952564476668
2017-02-14,1,-0.0015860428231562196,-0.1326559761249,0.9008641775318101
2017-02-15,1,-0.001290706910246131,-0.13377546305007626,0.8997014259126767
2017-02-16,1,0.0020876826722338038,-0.13196706109402223,0.9015797169897386
2017-02-17,1,0.0009920634920634885,-0.13110591730542498,0.9024741413121491
2017-02-21,1,-9.910802775026095e-05,-0.13119203168428473,0.902384698879908
2017-02-22,1,0.00019823570224986042,-0.13101980292656534,0.90256358374439
2017-02-23,1,0.0012882766821922242,-0.12990031600138885,0.9037263353635238
2017-02-24,1,0.002375296912114022,-0.12783357090875558,0.9058729537373088
2017-02-27,1,-0.002270932069510345,-0.1298142016225292,0.9038157777957647
2017-02-28,1,-9.896091044026001e-05,-0.12990031600138885,0.9037263353635238
2017-03-01,1,-0.003958828186856778,-0.13334489115577763,0.9001486380738819
2017-03-02,1,-0.0012917329093798946,-0.1344643780809539,0.8989858864547484
2017-03-03,1,0.0002984777634067459,-0.13420603494437466,0.8992542137514716
2017-03-06,1,0.00019892580067626398,-0.13403380618665528,0.8994330986159537
2017-03-07,1,-0.0009944311853620214,-0.13489494997525253,0.8985386742935432
2017-03-08,1,-0.0012940473820425291,-0.1360144369004288,0.8973759226744097
2017-03-09,1,-0.0012957241104355477,-0.1371339238256052,0.8962131710552761
2017-03-10,1,0.0006986027944111406,-0.13653112317358718,0.8968392680809634
2017-03-13,1,-0.0008975765433328897,-0.13730615258332457,0.8960342861907941
2017-03-14,1,0.0002994609702533513,-0.13704780944674555,0.896302613487517
2017-03-15,1,0.0034926654026545823,-0.13403380618665517,0.8994330986159538
2017-03-16,1,-0.0004972155926810107,-0.1344643780809538,0.8989858864547485
2017-03-17,1,0.0005969555268130478,-0.13394769180779564,0.8995225410481946
2017-03-20,1,0.000994332305856771,-0.1330865480191984,0.9004169653706052
2017-03-21,1,0.0010926790503624773,-0.1321392898517415,0.9014008321252567
2017-03-22,1,0.0010914864060329599,-0.1311920316842845,0.9023846988799082
2017-03-23,1,-0.0003964714045000539,-0.1315364891997235,0.902026929150944
2017-03-24,1,0.000396628656420539,-0.1311920316842845,0.9023846988799082
2017-03-27,1,0.0005947071067500254,-0.13067534541112613,0.9029213534733546
2017-03-28,1,-0.0014858841010402246,-0.131967061094022,0.9015797169897388
2017-03-29,1,0.0008928571428572507,-0.1311920316842844,0.9023846988799084
2017-03-30,1,-0.0007929428089998858,-0.13188094671516215,0.90166915942198
2017-03-31,1,0.0009919650828289495,-0.131019802926565,0.9025635837443904
2017-04-03,1,0.0016846695074819173,-0.12955585848594975,0.9040841050924882
2017-04-04,1,-9.893153937479138e-05,-0.1296419728648095,0.9039946626602471
2017-04-05,1,9.894132779275644e-05,-0.12955585848594964,0.9040841050924883
2017-04-06,1,0.0002967946181242631,-0.1292975153493705,0.9043524323892114
2017-04-07,1,-0.0017802393432894137,-0.1308475741688454,0.9027424686088726
2017-04-10,1,0.0004953928465272206,-0.1304170022745469,0.9031896807700778
2017-04-11,1,0.002277678748266787,-0.12843637156077348,0.9052468567116216
2017-04-12,1,9.88044659619991e-05,-0.12835025718191362,0.9053362991438628
2017-04-13,1,0.0022722782058881563,-0.1263696264681401,0.9073934750854069
2017-04-17,1,-0.0004928536224740876,-0.1268001983624386,0.9069462629242017
2017-04-18,1,0.002268244575936773,-0.1248195676486652,0.9090034388657456
2017-04-19,1,-0.0006887730000982861,-0.1254223683006831,0.9083773418400585
2017-04-20,1,-0.0014769594328476465,-0.12671408398357897,0.9070357053564427
2017-04-21,1,0.0003944384183021121,-0.12636962646813998,0.907393475085407
2017-04-24,1,-0.0014785608674224848,-0.12766134215103575,0.9060518386017913
2017-04-25,1,-0.001678183613030626,-0.129125286591651,0.9045313172536935
2017-04-26,1,0.0005932957579353193,-0.12860860031849264,0.9050679718471398
2017-04-27,1,0.0005929439667951009,-0.12809191404533438,0.905604626440586
2017-04-28,1,9.876543209874633e-05,-0.12800579966647463,0.9056940688728271
2017-05-01,1,-0.0010863124629666432,-0.12895305783393163,0.9047102021181755
2017-05-02,1,0.0010874938210578833,-0.12800579966647463,0.9056940688728271
2017-05-03,1,-0.000987556784515231,-0.128866943455072,0.9047996445504165
2017-05-04,1,-0.001383946223803889,-0.13007254475910812,0.9035474504990418
2017-05-05,1,0.0,-0.13007254475910812,0.9035474504990418
2017-05-08,1,-0.0006929320926548632,-0.13067534541112613,0.9029213534733546
2017-05-09,1,-0.00108964834076275,-0.13162260357858302,0.9019374867187031
2017-05-10,1,-0.00019833399444679767,-0.13179483233630263,0.9017586018542209
2017-05-11,1,0.000495933346558397,-0.1313642604420039,0.9022058140154262
2017-05-12,1,0.002478437592941418,-0.12921140097051087,0.9044418748214523
2017-05-15,1,-9.88924050633333e-05,-0.12929751534937062,0.9043524323892113
2017-05-16,1,0.00019780437147653984,-0.12912528659165123,0.9045313172536933
2017-05-17,1,0.0034608919212895106,-0.12611128333156096,0.90766180238213
2017-05-18,1,-0.0007883326763894472,-0.1268001983624386,0.9069462629242017
2017-05-19,1,-0.0004930966469428588,-0.12723077025673724,0.9064990507629964
2017-05-22,1,-0.00019733596447946145,-0.12740299901445662,0.9063201658985144
2017-05-23,1,-0.0011842494818908866,-0.12843637156077325,0.9052468567116219
2017-05-24,1,0.0007904357276951046,-0.12774745652989528,0.9059623961695504
2017-05-25,1,0.00039490571626021875,-0.1274029990144564,0.9063201658985146
2017-05-26,1,-9.868745682428681e-05,-0.12748911339331614,0.9062307234662735
2017-05-30,1,0.0010856691669958174,-0.12654185522585915,0.9072145902209252
2017-05-31,1,0.00019718032140381148,-0.12636962646813976,0.9073934750854072
2017-06-01,1,-0.0005914243469690161,-0.12688631274129814,0.9068568204919609
2017-06-02,1,0.0014794358417991038,-0.12559459705840226,0.9081984569755767
2017-06-05,1,-0.0007878668505023612,-0.12628351208928013,0.9074829175176482
2017-06-06,1,0.0009856100926475264,-0.12542236830068276,0.9083773418400588
2017-06-07,1,-0.001083103584088252,-0.12636962646813976,0.9073934750854072
2017-06-08,1,-0.0003942828979793811,-0.12671408398357875,0.907035705356443
2017-06-09,1,-0.0003944384183018901,-0.12705854149901763,0.9066779356274788
2017-06-12,1,-0.0005918910920390541,-0.1275752277721759,0.9061412810340325
2017-06-13,1,0.0,-0.1275752277721759,0.9061412810340325
2017-06-14,1,0.0019741387819562917,-0.1258529401949816,0.9079301296788533
2017-06-15,1,-0.001182149541917088,-0.12688631274129825,0.9068568204919608
2017-06-16,1,0.0005917743367196415,-0.12636962646813987,0.9073934750854071
2017-06-19,1,-0.0014785608674224848,-0.12766134215103564,0.9060518386017914
2017-06-20,1,0.000987166831194486,-0.1268001983624385,0.9069462629242019
2017-06-21,1,-0.00019723865877718794,-0.126972427120158,0.9067673780597197
2017-06-22,1,0.00029591635431058805,-0.12671408398357875,0.907035705356443
2017-06-23,1,0.00019721920915105606,-0.12654185522585926,0.9072145902209251
2017-06-26,1,9.859016070179472e-05,-0.12645574084699973,0.907304032653166
2017-06-27,1,-0.0018730283911672085,-0.12809191404533438,0.905604626440586
2017-06-28,1,9.876543209874633e-05,-0.12800579966647463,0.9056940688728271
2017-06-29,1,-0.0012838238198696894,-0.129125286591651,0.9045313172536935
2017-06-30,1,-0.0011865915158705276,-0.13015865913796754,0.9034580080668011
2017-07-03,1,-0.0015840015840017374,-0.13153648919972327,0.9020269291509442
2017-07-05,1,0.0001983143282102695,-0.13136426044200378,0.9022058140154263
2017-07-06,1,-0.0005948250223060114,-0.13188094671516215,0.90166915942198
2017-07-07,1,-0.0005951790496975251,-0.13239763298832052,0.9011325048285337
2017-07-10,1,0.0009925558312655625,-0.13153648919972327,0.9020269291509442
2017-07-11,1,0.000396628656420539,-0.13119203168428428,0.9023846988799085
2017-07-12,1,0.0013876499157499111,-0.12998643038024815,0.9036368929312831
2017-07-13,1,-0.0005938830050480348,-0.13050311665340653,0.9031002383378368
2017-07-14,1,0.0008913538674855115,-0.1297280872436689,0.9039052202280063
2017-07-17,1,0.0002968533544429608,-0.12946974410708967,0.9041735475247296
2017-07-18,1,0.0011870610347215482,-0.12843637156077303,0.9052468567116221
2017-07-19,1,-0.00019760893192366513,-0.12860860031849242,0.90506797184714
2017-07-20,1,9.882399446592416e-05,-0.12852248593963267,0.9051574142793811
2017-07-21,1,0.0008893280632411571,-0.12774745652989516,0.9059623961695505
2017-07-24,1,-0.0007898114325206596,-0.12843637156077314,0.905246856711622
2017-07-25,1,-0.0021736982511609826,-0.13033088789568703,0.903279123202319
2017-07-26,1,0.0020794138033468634,-0.1285224859396329,0.9051574142793809
2017-07-27,1,-0.0006916996047431345,-0.129125286591651,0.9045313172536935
2017-07-28,1,0.0004944131316129141,-0.12869471469735227,0.9049785294148989
2017-07-31,1,-0.00019766752322603054,-0.12886694345507177,0.9047996445504167
2017-08-01,1,0.0010873863187030874,-0.12791968528761477,0.9057835113050683
2017-08-02,1,-0.00059247556038311,-0.12843637156077303,0.9052468567116221
2017-08-03,1,0.0010868491255804358,-0.12748911339331614,0.9062307234662735
2017-08-04,1,-0.0012830635609948349,-0.12860860031849253,0.9050679718471399
2017-08-07,1,0.0003952959778634746,-0.12826414280305365,0.9054257415761041
2017-08-08,1,-0.0005927096710461877,-0.12878082907621202,0.9048890869826578
2017-08-09,1,0.0012849658989819712,-0.12766134215103564,0.9060518386017914
2017-08-10,1,0.0005923000987166915,-0.12714465587787738,0.9065884931952377
2017-08-11,1,0.001282557221783609,-0.1260251689527011,0.9077512448143712
2017-08-14,1,-0.001083850625677396,-0.126972427120158,0.9067673780597197
2017-08-15,1,-0.0016768593410929622,-0.12843637156077314,0.905246856711622
2017-08-16,1,0.001284458057504212,-0.12731688463559676,0.9064096083307556
2017-08-17,1,0.000789421748569108,-0.12662796960471912,0.9071251477886839
2017-08-18,1,0.0,-0.12662796960471912,0.9071251477886839
2017-08-21,1,0.0004929994084006406,-0.1261973977104206,0.907572359949889
2017-08-22,1,-0.0010840642554449387,-0.12714465587787738,0.9065884931952376
2017-08-23,1,0.001282557221783609,-0.12602516895270122,0.9077512448143711
2017-08-24,1,-0.000886786875554102,-0.1268001983624386,0.9069462629242018
2017-08-25,1,0.00039447731755415383,-0.12645574084699984,0.9073040326531658
2017-08-28,1,0.0005914826498423231,-0.12593905457384147,0.9078406872466122
2017-08-29,1,0.0007881773399014413,-0.1252501395429637,0.9085562267045405
2017-08-30,1,-0.000492222878519355,-0.12568071143726234,0.9081090145433353
2017-08-31,1,0.0009849305623952365,-0.1248195676486652,0.9090034388657456
2017-09-01,1,-0.0011807537144542524,-0.12585294019498172,0.9079301296788532
2017-09-05,1,0.002955373854792498,-0.12326950882919019,0.9106134026460845
2017-09-06,1,-0.0012768883213829518,-0.12438899575436657,0.9094506510269509
2017-09-07,1,0.0016719118804089383,-0.12292505131375153,0.9109711723750484
2017-09-08,1,0.0,-0.12292505131375153,0.9109711723750484
2017-09-11,1,-0.0021600392734413276,-0.12481956764866542,0.9090034388657454
2017-09-12,1,-0.0013775460001967943,-0.12602516895270155,0.9077512448143708
2017-09-13,1,-0.000886786875554102,-0.12680019836243883,0.9069462629242014
2017-09-14,1,-0.00039447731755426485,-0.1271446558778777,0.9065884931952373
2017-09-15,1,-0.0005919494869771613,-0.12766134215103608,0.906051838601791
2017-09-18,1,-0.0007897334649555887,-0.12835025718191384,0.9053362991438626
2017-09-19,1,-0.0003951788184152205,-0.1286947146973526,0.9049785294148985
2017-09-20,1,-0.0015813401858075782,-0.13007254475910823,0.9035474504990417
2017-09-21,1,-9.899029895066302e-05,-0.13015865913796787,0.9034580080668008
2017-09-22,1,0.0003960003960004066,-0.129814201622529,0.9038157777957649
2017-09-25,1,0.0013854527461651944,-0.12860860031849297,0.9050679718471395
2017-09-26,1,-0.0004941199723292877,-0.1290391722127916,0.9046207596859343
2017-09-27,1,-0.0020763298398259744,-0.13084757416884574,0.9027424686088723
2017-09-28,1,0.0006935499851381532,-0.13024477351682773,0.9033685656345596
2017-09-29,1,-0.0011881188118811892,-0.13127814606314436,0.9022952564476671
2017-10-02,1,-0.0003965107057889439,-0.13162260357858313,0.901937486718703
2017-10-03,1,0.00039666798889315125,-0.13127814606314436,0.9022952564476671
2017-10-04,1,-9.91276764471527e-05,-0.131364260442004,0.9022058140154261
2017-10-05,1,-0.000693962526023717,-0.13196706109402212,0.9015797169897387
2017-10-06,1,-0.000694444444444331,-0.13256986174604002,0.9009536199640515
2017-10-09,1,0.0,-0.13256986174604002,0.9009536199640515
2017-10-10,1,0.0006949270326614965,-0.131967061094022,0.9015797169897388
2017-10-11,1,-0.00029761904761904656,-0.13222540423060114,0.9013113896930157
2017-10-12,1,0.0004961794184776824,-0.13179483233630251,0.901758601854221
2017-10-13,1,0.001091053362428207,-0.13084757416884552,0.9027424686088725
2017-10-16,1,-0.0015852571088874612,-0.13222540423060114,0.9013113896930157
2017-10-17,1,9.923588369553649e-05,-0.1321392898517414,0.9014008321252568
2017-10-18,1,-0.0010914864060329599,-0.1330865480191984,0.9004169653706052
2017-10-19,1,0.0004966722956192271,-0.13265597612489988,0.9008641775318104
2017-10-20,1,-0.001588562351072298,-0.13403380618665528,0.8994330986159537
2017-10-23,1,0.0003977724741446309,-0.1336893486712165,0.8997908683449177
2017-10-24,1,-0.0006958250497016705,-0.1342921493232344,0.8991647713192306
2017-10-25,1,-0.0010942007360986716,-0.1352394074906913,0.8981809045645791
2017-10-26,1,-0.00039832702648878726,-0.13558386500613018,0.8978231348356149
2017-10-27,1,0.0008965929468021105,-0.13480883559639267,0.8986281167257844
2017-10-30,1,0.0015925151786602143,-0.13343100553463716,0.900059195641641
2017-10-31,1,-0.000596243664911067,-0.13394769180779553,0.8995225410481947
2017-11-01,1,-0.0003977329223425752,-0.1342921493232343,0.8991647713192307
2017-11-02,1,0.0006963095593355284,-0.1336893486712163,0.899790868344918
2017-11-03,1,-9.940357852877835e-05,-0.13377546305007593,0.899701425912677
2017-11-06,1,0.0005964807634954994,-0.13325877677691755,0.9002380805061234
2017-11-07,1,9.935419771478493e-05,-0.13317266239805792,0.9003275229383644
2017-11-08,1,-0.0005960659646334632,-0.13368934867121618,0.8997908683449181
2017-11-09,1,-0.00019880715705766772,-0.13386157742893567,0.8996119834804359
2017-11-10,1,-0.0018890435474249179,-0.13549775062727032,0.8979125772678561
2017-11-13,1,-0.0004980575754557348,-0.13592832252156895,0.8974653651066509
2017-11-14,1,0.0002989834562487914,-0.1356699793849897,0.8977336924033741
2017-11-15,1,0.0008966822755802628,-0.1348949499752523,0.8985386742935434
2017-11-16,1,-0.0008958789567986569,-0.1356699793849897,0.8977336924033741
2017-11-17,1,-9.963136395341188e-05,-0.13575609376384945,0.897644249971133
2017-11-20,1,-0.0009964129135112687,-0.1366172375524466,0.8967498256487226
2017-11-21,1,-0.00039896269698791453,-0.13696169506788558,0.8963920559197583
2017-11-22,1,0.0019956096587507854,-0.13523940749069108,0.8981809045645793
2017-11-24,1,-0.0007966540529774635,-0.13592832252156883,0.897465365106651
2017-11-27,1,0.0005979669124975828,-0.13541163624841046,0.8980020197000973
2017-11-28,1,-0.0004980079681276006,-0.1358422081427092,0.8975548075388919
2017-11-29,1,-0.0008968609865469546,-0.1366172375524466,0.8967498256487226
2017-11-30,1,-0.0009974067424696198,-0.13747838134104384,0.8958554013263121
2017-12-01,1,0.0011980830670927922,-0.1364450087947271,0.8969287105132048
2017-12-04,1,-0.0010969285999201661,-0.13739226696218398,0.8959448437585533
2017-12-05,1,9.983028850957254e-05,-0.13730615258332424,0.8960342861907944
2017-12-06,1,0.0009982032341784297,-0.1364450087947271,0.8969287105132048
2017-12-07,1,-0.0009972078181091915,-0.13730615258332424,0.8960342861907944
2017-12-08,1,9.982032341770974e-05,-0.1372200382044646,0.8961237286230354
2017-12-11,1,-0.0004990518015769441,-0.13765061009876312,0.8956765164618302
2017-12-12,1,-0.00039944078290399254,-0.1379950676142021,0.8953187467328659
2017-12-13,1,0.002097902097902171,-0.13618666565814785,0.897197037809928
2017-12-14,1,-0.0004984547901505376,-0.13661723755244648,0.8967498256487227
2017-12-15,1,-0.0008976660682226134,-0.13739226696218398,0.8959448437585533
2017-12-18,1,-0.0004991514425476407,-0.1378228388564826,0.8954976315973481
2017-12-19,1,-0.001897722732720708,-0.13945901205481726,0.8937982253847683
2017-12-20,1,-0.0008005603922747184,-0.14014792708569512,0.8930826859268398
2017-12-21,1,0.0001001502253381581,-0.14006181270683526,0.893172128359081
2017-12-22,1,-0.0004005607850992021,-0.14040627022227425,0.8928143586301167
2017-12-26,1,0.00040072129833701453,-0.14006181270683538,0.8931721283590809
2017-12-27,1,0.0014019627478469854,-0.13885621140279925,0.8944243224104556
2017-12-28,1,-0.0006999999999999229,-0.13945901205481726,0.8937982253847683
2017-12-29,1,0.0009006304413088362,-0.13868398264507986,0.8946032072749376
2018-01-02,1,-0.0015996800639871411,-0.14006181270683538,0.8931721283590809
2018-01-03,1,0.00010014019627480053,-0.13997569832797563,0.893261570791322
2018-01-04,1,-0.0006007810153199067,-0.1404923846011339,0.8927249161978756
2018-01-05,1,-0.0007013325318104835,-0.141095185253152,0.8920988191721883
2018-01-08,1,0.0,-0.141095185253152,0.8920988191721883
2018-01-09,1,-0.0014036494886705553,-0.14230078655718814,0.8908466251208136
2018-01-10,1,-0.0002008032128513193,-0.14247301531490753,0.8906677402563316
2018-01-11,1,0.0005021088572001453,-0.142042443420609,0.8911149524175367
2018-01-12,1,-0.0010037137408410723,-0.14290358720920615,0.8902205280951263
2018-01-16,1,-0.00020094443886264912,-0.14307581596692553,0.8900416432306443
2018-01-17,1,-0.0013064013666969077,-0.14419530289210203,0.8888788916115106
2018-01-18,1,-0.0006037432078889182,-0.1447119891652604,0.8883422370180643
2018-01-19,1,-0.0009061619009261834,-0.1454870185749978,0.8875372551278949
2018-01-22,1,-0.0008062078000604656,-0.14617593360587555,0.8868217156699666
2018-01-23,1,0.0013111447302067702,-0.14505644668069917,0.8879844672891002
2018-01-24,1,-0.0009065269943594467,-0.14583147609043667,0.8871794853989308
2018-01-25,1,0.0007057163020467438,-0.14522867543841844,0.8878055824246183
2018-01-26,1,-0.001712673786016583,-0.14669261987903381,0.8862850610765204
2018-01-29,1,-0.0009082652134423386,-0.1474676492887712,0.885480079186351
2018-01-30,1,-0.00040404040404051766,-0.1478121068042102,0.8851223094573867
2018-01-31,1,-0.0008084074373484462,-0.14850102183508795,0.8844067699994583
2018-02-01,1,-0.0013147249190937904,-0.14962050876026423,0.8832440183803248
2018-02-02,1,-0.0015189873417722488,-0.1509122244431601,0.8819023818967091
2018-02-05,1,0.0026369168356998873,-0.14867325059280723,0.8842278851349764
2018-02-06,1,0.0003034594375885824,-0.14841490745622798,0.8844962124316996
2018-02-07,1,-0.0021235716452623343,-0.150223309412282,0.8826179213546378
2018-02-08,1,-0.00020267531414686069,-0.15039553817000162,0.8824390364901555
2018-02-09,1,0.0017230893979323092,-0.14893159372938636,0.8839595578382533
2018-02-12,1,-0.0014165739148032097,-0.1501371950334225,0.8827073637868786
2018-02-13,1,0.00010132738879331527,-0.15005108065456263,0.8827968062191198
2018-02-14,1,-0.003039513677811523,-0.15263451202035427,0.8801135332518885
2018-02-15,1,0.0002032520325203624,-0.15246228326263478,0.8802924181163706
2018-02-16,1,0.0005080268238162322,-0.15203171136833626,0.8807396302775757
2018-02-20,1,-0.0007108764090585362,-0.15263451202035427,0.8801135332518885
2018-02-21,1,-0.001117886178861771,-0.15358177018781116,0.879129666497237
2018-02-22,1,0.0010173974972020883,-0.15272062639921402,0.8800240908196474
2018-02-23,1,0.0012196361418843615,-0.15168725385289739,0.8810974000065399
2018-02-26,1,0.0004060501471931932,-0.1513427963374585,0.8814551697355041
2018-02-27,1,-0.001927955352612809,-0.15297896953579315,0.8797557635229243
2018-02-28,1,0.0007116714111428113,-0.15237616888377503,0.8803818605486117
2018-03-01,1,0.0025398760540484844,-0.150223309412282,0.8826179213546378
2018-03-02,1,-0.0016214025131739973,-0.15160113947403764,0.881186842438781
2018-03-05,1,-0.0007105156313438332,-0.15220394012605565,0.8805607454130937
2018-03-06,1,0.0,-0.15220394012605565,0.8805607454130937
2018-03-07,1,-0.0002031488065007414,-0.15237616888377503,0.8803818605486117
2018-03-08,1,0.00040638016864757986,-0.15203171136833626,0.8807396302775757
2018-03-09,1,-0.0006093226363359516,-0.15254839764149464,0.8802029756841294
2018-03-12,1,0.0006096941367748077,-0.15203171136833626,0.8807396302775757
2018-03-13,1,0.00040621509089078245,-0.15168725385289727,0.88109740000654
2018-03-14,1,0.0008121002943863864,-0.15099833882201952,0.8818129394644684
2018-03-15,1,-0.0005071508266558666,-0.15142891071631814,0.8813657273032631
2018-03-16,1,-0.0007103714227725266,-0.15203171136833626,0.8807396302775757
2018-03-19,1,0.00010155377272269561,-0.15194559698947652,0.8808290727098168
2018-03-20,1,-0.0013200649878148951,-0.153065083914653,0.8796663210906831
2018-03-21,1,-0.00040671072699538513,-0.1534095414300919,0.8793085513617189
2018-03-22,1,0.0021361000915471884,-0.15160113947403775,0.8811868424387809
2018-03-23,1,0.0006090133982947776,-0.15108445320087938,0.8817234970322272
2018-03-26,1,-0.0008115236356258659,-0.15177336823175713,0.8810079575742988
2018-03-27,1,0.001827411167512727,-0.15022330941228212,0.8826179213546377
2018-03-28,1,-0.00010133765707343034,-0.15030942379114187,0.8825284789223966
2018-03-29,1,0.0009121313469140357,-0.14953439438140426,0.8833334608125661
2018-04-02,1,0.0007087889833941041,-0.14893159372938614,0.8839595578382535
2018-04-03,1,-0.0019224931700900783,-0.1505677669277209,0.8822601516256736
2018-04-04,1,-0.00010137875101379201,-0.15065388130658064,0.8821707091934325
2018-04-05,1,-0.0012166683564837077,-0.15168725385289716,0.8810974000065401
2018-04-06,1,0.0019287381991675012,-0.15005108065456252,0.8827968062191199
2018-04-09,1,-0.0005065856129685686,-0.15048165254886114,0.8823495940579147
2018-04-10,1,-0.0007095793208312662,-0.15108445320087927,0.8817234970322273
2018-04-11,1,0.000101440454453261,-0.15099833882201952,0.8818129394644684
2018-04-12,1,-0.0017243128106299022,-0.15246228326263478,0.8802924181163706
2018-04-13,1,-0.00010160536476333526,-0.15254839764149453,0.8802029756841295
2018-04-16,1,-0.00020323137892486187,-0.1527206263992139,0.8800240908196475
2018-04-17,1,0.00020327269031406026,-0.15254839764149442,0.8802029756841296
2018-04-18,1,-0.00182908241032409,-0.1540984564609693,0.8785930119037909
2018-04-19,1,-0.0011198208286674616,-0.1550457146284262,0.8776091451491393
2018-04-20,1,-0.0010191602119854482,-0.15590685841702356,0.8767147208267287
2018-04-23,1,-0.0009181799632727028,-0.15668188782676096,0.8759097389365594
2018-04-24,1,0.00020422750944537604,-0.15650965906904168,0.8760886238010414
2018-04-25,1,-0.0009188361408882795,-0.1572846884787792,0.8752836419108719
2018-04-26,1,0.0007153075822603494,-0.15668188782676118,0.8759097389365592
2018-04-27,1,0.0007147962830591492,-0.15607908717474328,0.8765358359622464
2018-04-30,1,0.000612244897959302,-0.1555624009015848,0.8770724905556928
2018-05-01,1,-0.0012237405669998092,-0.15659577344790143,0.8759991813688003
2018-05-02,1,0.0005105166428425179,-0.1561652015536028,0.8764463935300055
2018-05-03,1,0.0007143586080213815,-0.15556240090158457,0.877072490555693
2018-05-04,1,0.0,-0.15556240090158457,0.877072490555693
2018-05-07,1,-0.00010197838058334519,-0.15564851528044432,0.876983048123452
2018-05-08,1,-0.0007139214686383566,-0.15625131593246233,0.8763569510977647
2018-05-09,1,-0.0010206164523373085,-0.15711245972105958,0.8754625267753542
2018-05-10,1,0.0002043318348998735,-0.1569402309633401,0.8756414116398363
2018-05-11,1,0.0,-0.1569402309633401,0.8756414116398363
2018-05-14,1,-0.0005107252298264253,-0.15737080285763871,0.8751941994786311
2018-05-15,1,-0.0025549310168625494,-0.15952366232913173,0.872958138672605
2018-05-16,1,-0.00030737704918037956,-0.15978200546571097,0.8726898113758818
2018-05-17,1,0.0001024905196269632,-0.15969589108685123,0.8727792538081228
2018-05-18,1,0.0014347202295552641,-0.1584902897828151,0.8740314478594975
2018-05-21,1,-0.00020466639377814122,-0.1586625185405346,0.8738525629950153
2018-05-22,1,0.0,-0.1586625185405346,0.8738525629950153
2018-05-23,1,0.00235414534288636,-0.15668188782676107,0.8759097389365593
2018-05-24,1,0.0007147962830591492,-0.15607908717474317,0.8765358359622465
2018-05-25,1,0.0016326530612245094,-0.15470125711298766,0.8779669148781032
2018-05-29,1,0.0063162184189080595,-0.14936216562368487,0.8835123456770482
2018-05-30,1,-0.003239522170479958,-0.152117825747196,0.8806501878453347
2018-05-31,1,0.0007109486085721262,-0.1515150250951779,0.881276284871022
2018-06-01,1,-0.0026387902161778554,-0.15375399894553066,0.8789507816327549
2018-06-04,1,-0.0016281672941894643,-0.15513182900728606,0.8775197027168982
2018-06-05,1,0.0008154112730607288,-0.1544429139764084,0.8782352421748264
2018-06-06,1,-0.0017313372033812557,-0.15590685841702367,0.8767147208267286
2018-06-07,1,0.0012242399510304924,-0.15487348587070693,0.8777880300136213
2018-06-08,1,0.00010189525168136093,-0.15478737149184718,0.8778774724458623
2018-06-11,1,-0.0009169638308711425,-0.15556240090158469,0.8770724905556929
2018-06-12,1,-0.00020395676116657935,-0.15573462965930407,0.8768936056912109
2018-06-13,1,-0.0011219910240718445,-0.15668188782676107,0.8759097389365593
2018-06-14,1,0.0008169100377821703,-0.1559929727958832,0.8766252783944878
2018-06-15,1,0.0007142128354249433,-0.1553901721438652,0.8772513754201751
2018-06-18,1,0.0,-0.1553901721438652,0.8772513754201751
2018-06-19,1,0.001019575856443744,-0.15452902835526794,0.8781457997425856
2018-06-20,1,-0.0010185373803219822,-0.1553901721438653,0.877251375420175
2018-06-21,1,0.0011215334420879852,-0.1544429139764084,0.8782352421748264
2018-06-22,1,-0.00020368672980952685,-0.1546151427341278,0.8780563573103444
2018-06-25,1,0.0010186411327288702,-0.15375399894553077,0.8789507816327548
2018-06-26,1,-0.00010176045588672356,-0.1538401133243904,0.8788613392005138
2018-06-27,1,0.0017301038062282892,-0.15237616888377525,0.8803818605486115
2018-06-28,1,-0.0008127603372957148,-0.15306508391465323,0.8796663210906829
2018-06-29,1,-0.00010167768174873526,-0.15315119829351287,0.8795768786584419
2018-07-02,1,-0.00071181614805782,-0.15375399894553088,0.8789507816327545
2018-07-03,1,0.0008140836470946766,-0.15306508391465323,0.8796663210906829
2018-07-05,1,-0.00040671072699538513,-0.153409541430092,0.8793085513617187
2018-07-06,1,0.0006103143118705301,-0.15289285515693385,0.8798452059551649
2018-07-09,1,-0.0010165700925079957,-0.1537539989455311,0.8789507816327543
2018-07-10,1,-0.000712323191207842,-0.1543567995975491,0.878324684607067
2018-07-11,1,0.0009164969450101701,-0.1535817701878116,0.8791296664972365
2018-07-12,1,-0.0004069589988808797,-0.15392622770325048,0.8787718967682723
2018-07-13,1,0.0009160305343511865,-0.15315119829351298,0.8795768786584417
2018-07-16,1,-0.0009151921903599591,-0.15392622770325048,0.8787718967682723
2018-07-17,1,-0.00020356234096685633,-0.15409845646096987,0.8785930119037902
2018-07-18,1,-0.0002036037870305485,-0.15427068521868936,0.8784141270393081
2018-07-19,1,0.0009164036248854313,-0.15349565580895186,0.8792191089294775
2018-07-20,1,-0.0008138351983723036,-0.15418457083982962,0.8785035694715492
2018-07-23,1,-0.0022398696803095364,-0.1560790871747435,0.8765358359622462
2018-07-24,1,0.00040816326530612734,-0.15573462965930462,0.8768936056912103
2018-07-25,1,0.00010199918400632946,-0.1556485152804451,0.8769830481234512
2018-07-26,1,-0.0012238653748086747,-0.15668188782676162,0.8759097389365588
2018-07-27,1,0.0003063412641681751,-0.1564235446901826,0.8761780662332818
2018-07-30,1,-0.00010208248264587105,-0.15650965906904224,0.8760886238010408
2018-07-31,1,0.000612557427258853,-0.15599297279588387,0.8766252783944871
2018-08-01,1,-0.001020304050607157,-0.15685411658448112,0.8757308540720766
2018-08-02,1,0.0008170769073638784,-0.15616520155360336,0.876446393530005
2018-08-03,1,0.001122563526890552,-0.15521794338614636,0.8774302602846565
2018-08-06,1,0.00040774719673808413,-0.15487348587070737,0.8777880300136208
2018-08-07,1,-0.001222743020175332,-0.15590685841702412,0.8767147208267282
2018-08-08,1,0.0001020199959191892,-0.15582074403816437,0.8768041632589693
2018-08-09,1,0.001020095889013417,-0.15495960024956734,0.8776985875813795
2018-08-10,1,0.002649546519922552,-0.15272062639921458,0.8800240908196467
2018-08-13,1,-0.0005081817257851506,-0.1531511982935132,0.8795768786584415
2018-08-14,1,-0.00071181614805782,-0.15375399894553132,0.8789507816327541
2018-08-15,1,0.0015264068383027407,-0.15246228326263556,0.8802924181163698
2018-08-16,1,-0.0007112375533429027,-0.15306508391465357,0.8796663210906824
2018-08-17,1,-0.00010167768174873526,-0.1531511982935132,0.8795768786584415
2018-08-20,1,0.0017286963595688487,-0.15168725385289805,0.8810974000065392
2018-08-21,1,-0.0008121002943863864,-0.1523761688837758,0.8803818605486109
2018-08-22,1,0.0007111652951334868,-0.1517733682317579,0.8810079575742981
2018-08-23,1,-0.00020304568527917954,-0.1519455969894773,0.880829072709816
2018-08-24,1,-0.0004061738424046002,-0.15229005450491617,0.8804713029808519
2018-08-27,1,-0.000711093051604994,-0.15289285515693407,0.8798452059551646
2018-08-28,1,-0.0010165700925079957,-0.15375399894553143,0.878950781632754
2018-08-29,1,-0.00030528136766050373,-0.15401234208211056,0.8786824543360309
2018-08-30,1,0.0009161237785015874,-0.15323731267237306,0.8794874362262003
2018-08-31,1,0.0009152852639073839,-0.15246228326263556,0.8802924181163698
2018-09-04,1,-0.0014224751066855834,-0.15366788456667146,0.8790402240649953
2018-09-05,1,0.0001017501017501754,-0.15358177018781172,0.8791296664972363
2018-09-06,1,0.0009156577474818128,-0.15280674077807432,0.8799346483874056
2018-09-07,1,-0.002541166903842207,-0.15495960024956734,0.8776985875813795
2018-09-10,1,-0.00010190563538159392,-0.15504571462842698,0.8776091451491386
2018-09-11,1,-0.0014268242967794276,-0.1562513159324631,0.8763569510977639
2018-09-12,1,0.0003061849357011148,-0.15599297279588398,0.876625278394487
2018-09-13,1,-0.0001020304050607379,-0.15607908717474372,0.8765358359622459
2018-09-14,1,-0.0011224489795917947,-0.1570263453422006,0.8755519692075945
2018-09-17,1,-0.0002043109612830385,-0.15719857409992,0.8753730843431125
2018-09-18,1,-0.0011239399203024636,-0.158145832267377,0.8743892175884609
2018-09-19,1,-0.0009206219312603015,-0.1589208616771145,0.8735842356982915
2018-09-20,1,0.0,-0.1589208616771145,0.8735842356982915
2018-09-21,1,0.00030715675232917405,-0.15866251854053537,0.8738525629950146
2018-09-24,1,-0.00020470829068575114,-0.15883474729825475,0.8736736781305325
2018-09-25,1,-0.0008190008190009923,-0.1595236623291325,0.8729581386726041
2018-09-26,1,0.0012295081967212962,-0.15849028978281599,0.8740314478594966
2018-09-27,1,0.0,-0.15849028978281599,0.8740314478594966
2018-09-28,1,0.00030699959066726734,-0.15823194664623674,0.8742997751562198
2018-10-01,1,-0.0004092071611253578,-0.15857640416167562,0.8739420054272556
2018-10-02,1,0.00061406202026415,-0.15805971788851725,0.874478660020702
2018-10-03,1,-0.002966145034263956,-0.16055703487544892,0.8718848294857118
2018-10-04,1,-0.0010258514567091925,-0.16141817866404629,0.8709904051633012
2018-10-05,1,-0.0007188334360237469,-0.1620209793160643,0.8703643081376139
2018-10-08,1,0.0,-0.1620209793160643,0.8703643081376139
2018-10-09,1,0.0005138218065974254,-0.16159040742176578,0.870811520298819
2018-10-10,1,-0.00010271158586694362,-0.16167652180062553,0.870722077866578
2018-10-11,1,0.0024653312788907034,-0.15960977670799215,0.8728686962403631
2018-10-12,1,0.0,-0.15960977670799215,0.8728686962403631
2018-10-15,1,-0.0008197561225534722,-0.1602986917388699,0.8721531567824348
2018-10-16,1,0.0,-0.1602986917388699,0.8721531567824348
2018-10-17,1,-0.000717875089734421,-0.16090149239088802,0.8715270597567474
2018-10-18,1,0.00041050903119876914,-0.16055703487544903,0.8718848294857117
2018-10-19,1,-0.0009232663110382289,-0.16133206428518654,0.8710798475955422
2018-10-22,1,0.00020535989321279757,-0.16115983552746715,0.8712587324600243
2018-10-23,1,0.00123190637511561,-0.1601264629811504,0.8723320416469169
2018-10-24,1,0.0015379883112889292,-0.15883474729825464,0.8736736781305326
2018-10-25,1,-0.00040950040950049615,-0.15917920481369363,0.8733159084015684
2018-10-26,1,0.002355591970503834,-0.1571985740999201,0.8753730843431123
2018-10-29,1,-0.00040870542556459277,-0.1575430316153591,0.875015314614148
2018-10-30,1,-0.0007155269344780724,-0.1581458322673771,0.8743892175884608
2018-10-31,1,-0.0011252045826514179,-0.159093090434834,0.8734053508338092
2018-11-01,1,0.0007168458781361409,-0.1584902897828161,0.8740314478594965
2018-11-02,1,-0.0024559967253376946,-0.16055703487544926,0.8718848294857114
2018-11-05,1,0.0004103405826836326,-0.16021257736001038,0.8722425992146756
2018-11-06,1,-0.0007178014766201501,-0.1608153780120284,0.8716165021889883
2018-11-07,1,-0.00030785017957923877,-0.16107372114860752,0.8713481748922652
2018-11-08,1,-0.0009238349414905089,-0.16184875055834502,0.8705431930020958
2018-11-09,1,0.0016438919141066322,-0.1604709204965895,0.8719742719179525
2018-11-12,1,0.0,-0.1604709204965895,0.8719742719179525
2018-11-13,1,0.0018463432146886838,-0.1589208616771146,0.8735842356982914
2018-11-14,1,0.001023855841097543,-0.15805971788851747,0.8744786600207017
2018-11-15,1,0.00030684258975144374,-0.15780137475193834,0.8747469873174248
2018-11-16,1,0.001738241308793409,-0.15633743031132308,0.8762675086655226
2018-11-19,1,0.0009186485658876364,-0.15556240090158546,0.8770724905556921
2018-11-20,1,-0.00010197838058334519,-0.1556485152804452,0.8769830481234511
2018-11-21,1,-0.0006119326874044484,-0.15616520155360358,0.8764463935300048
2018-11-23,1,0.00030615368915198893,-0.15590685841702434,0.876714720826728
2018-11-26,1,-0.0007141399714343244,-0.15650965906904235,0.8760886238010407
2018-11-27,1,0.0005104645227156368,-0.15607908717474372,0.8765358359622459
2018-11-28,1,0.0008163265306122547,-0.15539017214386597,0.8772513754201743
2018-11-29,1,0.0,-0.15539017214386597,0.8772513754201743
2018-11-30,1,0.0009176182707992808,-0.15461514273412857,0.8780563573103436
2018-12-03,1,0.00020372822654568523,-0.1544429139764092,0.8782352421748256
2018-12-04,1,0.001527650473571729,-0.1531511982935133,0.8795768786584414
2018-12-06,1,0.0017286963595688487,-0.15168725385289816,0.8810974000065391
2018-12-07,1,0.0017257131255710156,-0.1502233094122829,0.8826179213546369
2018-12-10,1,-0.0005066882853669297,-0.15065388130658164,0.8821707091934315
2018-12-11,1,-0.0011152793267767969,-0.15160113947403853,0.8811868424387801
2018-12-12,1,-0.0006090133982947776,-0.1521178257471968,0.8806501878453338
2018-12-13,1,0.00020312817387790894,-0.1519455969894773,0.880829072709816
2018-12-14,1,0.001116978066612484,-0.1509983388220204,0.8818129394644675
2018-12-17,1,0.0013185921493050756,-0.14987885189684413,0.882975691083601
2018-12-18,1,0.0013168557536467063,-0.14875936497166775,0.8841384427027346
2018-12-19,1,0.001011633788568611,-0.1478982211830705,0.885032867025145
2018-12-20,1,-0.0006063668519454835,-0.14841490745622887,0.8844962124316987
2018-12-21,1,0.00030336737789471435,-0.14815656431964963,0.884764539728422
2018-12-24,1,0.001819652244237746,-0.14660650550017462,0.8863745035087608
2018-12-26,1,-0.0015136226034307976,-0.1478982211830704,0.8850328670251452
2018-12-27,1,0.0023244062657907794,-0.14591759046929687,0.8870900429666891
2018-12-28,1,0.0005041338979632215,-0.14548701857499835,0.8875372551278943
2018-12-31,1,0.0023178474251737136,-0.14350638786122494,0.8895944310694383
2019-01-02,1,0.000502714659159631,-0.1430758159669262,0.8900416432306436
2019-01-03,1,0.004421666164204474,-0.13928678329709854,0.8939771102492495
2019-01-04,1,-0.004002001000500299,-0.14273135845148743,0.8903994129596077
2019-01-07,1,-0.001205424409844169,-0.14376473099780396,0.8893261037727153
2019-01-08,1,-0.0017097455496328795,-0.14522867543841922,0.8878055824246175
2019-01-09,1,0.00020149103364897059,-0.14505644668069984,0.8879844672890995
2019-01-10,1,0.0,-0.14505644668069984,0.8879844672890995
2019-01-11,1,0.001208702659145855,-0.1440230741343832,0.889057776475992
2019-01-14,1,-0.00010060362173047732,-0.14410918851324306,0.8889683340437509
2019-01-15,1,0.0,-0.14410918851324306,0.8889683340437509
2019-01-16,1,-0.0007042962068619651,-0.14471198916526118,0.8883422370180635
2019-01-17,1,-0.0009061619009261834,-0.14548701857499846,0.8875372551278942
2019-01-18,1,-0.00151163962511347,-0.14677873425789434,0.8861956186442784
2019-01-22,1,0.0017157852240614613,-0.14531478981727897,0.8877161399923763
2019-01-23,1,-0.0007052896725440183,-0.14591759046929698,0.887090042966689
2019-01-24,1,0.0015124016938898865,-0.14462587478640132,0.8884316794503047
2019-01-25,1,-0.0014094432699084392,-0.14583147609043734,0.88717948539893
2019-01-28,1,0.00030244984373428707,-0.1455731329538581,0.8874478126956532
2019-01-29,1,0.0011086474501109667,-0.1446258747864012,0.8884316794503048
2019-01-30,1,0.0013087687506292411,-0.14350638786122483,0.8895944310694384
2019-01-31,1,0.002614116227629193,-0.14126741401087206,0.8919199343077056
2019-02-01,1,-0.002306458082631413,-0.1432480447246457,0.8898627583661615
2019-02-04,1,-0.0009046135289977331,-0.1440230741343831,0.8890577764759922
2019-02-05,1,0.0006036217303821978,-0.14350638786122483,0.8895944310694384
2019-02-06,1,0.0001005429318319262,-0.14342027348236508,0.8896838735016794
2019-02-07,1,0.0018095908314064157,-0.14187021466289018,0.8912938372820182
2019-02-08,1,0.0006021073758153417,-0.1413535283897318,0.8918304918754645
2019-02-11,1,-0.0012034901213517912,-0.14238690093604833,0.8907571826885721
2019-02-12,1,-0.0006024701275229027,-0.1429035872092067,0.8902205280951258
2019-02-13,1,-0.0011051944137445702,-0.1438508453766636,0.8892366613404743
2019-02-14,1,0.0017099175216255258,-0.14238690093604822,0.8907571826885722
2019-02-15,1,-0.0005020584396023819,-0.14281747283034685,0.8903099705273669
2019-02-19,1,0.0009041591320071429,-0.14204244342060945,0.8911149524175362
2019-02-20,1,-0.00020074274816817006,-0.14221467217832884,0.8909360675530542
2019-02-21,1,-0.0012046983234615949,-0.14324804472464558,0.8898627583661616
2019-02-22,1,0.0014071766006633624,-0.14204244342060945,0.8911149524175362
2019-02-25,1,-0.0007025996185887617,-0.14264524407262746,0.890488855391849
2019-02-26,1,0.0014061872237847162,-0.14143964276859133,0.8917410494432236
2019-02-27,1,-0.0016048144433299383,-0.14281747283034685,0.8903099705273669
2019-02-28,1,-0.00040184850311442144,-0.14316193034578584,0.8899522007984026
2019-03-01,1,-0.0016080402010050232,-0.14453976040754135,0.888521121882546
2019-03-04,1,0.0008053150795248598,-0.1438508453766636,0.8892366613404743
2019-03-05,1,-0.00010058338362506358,-0.14393695975552334,0.8891472189082332
2019-03-06,1,0.0013077155215774905,-0.14281747283034685,0.8903099705273669
2019-03-07,1,0.002109704641350074,-0.14100907087429282,0.8921882616044288
2019-03-08,1,0.0004010025062657352,-0.14066461335885383,0.892546031333393
2019-03-11,1,-0.0006012626515683461,-0.1411812996320122,0.8920093767399467
2019-03-12,1,0.0011029780407099121,-0.14023404146455531,0.8929932434945982
2019-03-13,1,0.0,-0.14023404146455531,0.8929932434945982
2019-03-14,1,-0.0006009615384615641,-0.1407507277377137,0.8924565889011519
2019-03-15,1,0.001102425335738566,-0.1398034695702568,0.8934404556558033
2019-03-18,1,-0.0005005506056662279,-0.14023404146455543,0.8929932434945981
2019-03-19,1,-0.00040064102564107973,-0.14057849897999442,0.8926354737656338
2019-03-20,1,0.002905811623246546,-0.13808118199306252,0.8952293043006242
2019-03-21,1,-0.00019982016185438045,-0.138253410750782,0.895050419436142
2019-03-22,1,0.0031977615669032122,-0.13549775062727087,0.8979125772678556
2019-03-25,1,0.0018926187867316369,-0.13386157742893623,0.8996119834804354
2019-03-26,1,0.00019884668920266968,-0.13368934867121673,0.8997908683449175
2019-03-27,1,0.0012922465208748957,-0.13256986174604024,0.9009536199640512
2019-03-28,1,-0.0008934776134220668,-0.13334489115577774,0.9001486380738818
2019-03-29,1,-0.0012917329093798946,-0.13446437808095402,0.8989858864547483
2019-04-01,1,-0.002387822107253079,-0.1365311231735874,0.8968392680809631
2019-04-02,1,0.00079784581629605,-0.13584220814270953,0.8975548075388916
2019-04-03,1,-0.001096163428002006,-0.13678946631016653,0.89657094078424
2019-04-04,1,0.0001995211492418214,-0.13661723755244704,0.8967498256487222
2019-04-05,1,9.974067424689537e-05,-0.1365311231735874,0.8968392680809631
2019-04-08,1,-0.0005983843622220375,-0.13704780944674577,0.8963026134875168
2019-04-09,1,0.0006985330805309165,-0.13644500879472765,0.8969287105132042
2019-04-10,1,0.0008974870362983278,-0.13566997938499015,0.8977336924033736
2019-04-11,1,-0.0011955763674404984,-0.13670335193130678,0.8966603832164811
2019-04-12,1,-0.001995012468827939,-0.13842563950850117,0.8948715345716602
2019-04-15,1,0.00019990004997505473,-0.13825341075078168,0.8950504194361424
2019-04-16,1,-0.0011991605875886213,-0.13928678329709832,0.8939771102492499
2019-04-17,1,0.0002001000500249095,-0.13911455453937893,0.8941559951137319
2019-04-18,1,0.0012003601080323723,-0.1380811819930623,0.8952293043006244
2019-04-22,1,-0.0006993705664902761,-0.13868398264508042,0.894603207274937
2019-04-23,1,0.000899820035992871,-0.1379089532353429,0.8954081891651064
2019-04-24,1,0.0016981320547397871,-0.13644500879472765,0.8969287105132042
2019-04-25,1,-0.0004986039090546512,-0.13687558068902628,0.896481498351999
2019-04-26,1,0.0013967873890052829,-0.13566997938499015,0.8977336924033736
2019-04-29,1,-0.0009963136395337857,-0.1365311231735874,0.8968392680809631
2019-04-30,1,0.0010970379974069022,-0.1355838650061305,0.8978231348356146
2019-05-01,1,-0.000597728631201444,-0.13610055127928888,0.8972864802421683
2019-05-02,1,-0.0017942583732056816,-0.13765061009876378,0.8956765164618296
2019-05-03,1,0.0006990213700817094,-0.13704780944674588,0.8963026134875167
2019-05-06,1,0.0011974852809102376,-0.13601443690042914,0.8973759226744094
2019-05-07,1,0.0014950662812718285,-0.13472272121753326,0.8987175591580251
2019-05-08,1,-0.000995222929936368,-0.1355838650061305,0.8978231348356146
2019-05-09,1,0.001195457262402888,-0.13455049245981388,0.8988964440225071
2019-05-10,1,0.00019900497512437276,-0.1343782637020945,0.8990753288869892
2019-05-13,1,0.002089136490250665,-0.13256986174604035,0.9009536199640511
2019-05-14,1,-0.00039710116152091857,-0.13291431926147923,0.9005958502350869
2019-05-15,1,0.0014897209256132804,-0.13162260357858346,0.9019374867187027
2019-05-16,1,-0.0011900039666798978,-0.1326559761249,0.9008641775318101
2019-05-17,1,0.00019857029388403724,-0.1324837473671806,0.9010430623962923
2019-05-20,1,-0.000794123486202114,-0.13317266239805825,0.9003275229383639
2019-05-21,1,-0.0008940989469501393,-0.13394769180779575,0.8995225410481945
2019-05-22,1,0.0012926319976136469,-0.13282820488261937,0.9006852926673281
2019-05-23,1,0.003674280039721811,-0.12964197286480994,0.9039946626602466
2019-05-24,1,-0.0014841199168892372,-0.1309336885477057,0.902653026176631
2019-05-28,1,0.0018826793499802097,-0.12929751534937095,0.9043524323892109
2019-05-29,1,0.0011868262288596831,-0.12826414280305432,0.9054257415761034
2019-05-30,1,0.0003951397806973844,-0.12791968528761544,0.9057835113050676
2019-05-31,1,0.0038510911424902705,-0.12456122451208651,0.9092717661624683
2019-06-03,1,0.0030493802872320064,-0.12189167876743512,0.9120444815619407
2019-06-04,1,-0.0013729528292635296,-0.12309728007147125,0.9107922875105661
2019-06-05,1,0.0004910144358243329,-0.12266670817717273,0.9112394996717712
2019-06-06,1,-0.0006870828425598052,-0.12326950882919074,0.9106134026460839
2019-06-07,1,0.0012768883213829518,-0.12215002190401436,0.9117761542652175
2019-06-10,1,-0.001961938395134366,-0.12387230948120875,0.9099873056203966
2019-06-11,1,-0.00019657951641438576,-0.12404453823892825,0.9098084207559145
2019-06-12,1,0.0009830908375934033,-0.123183394450331,0.910702845078325
2019-06-13,1,0.0018660381064625753,-0.12154722125199613,0.912402251290905
2019-06-14,1,-0.0004901480247035961,-0.12197779314629487,0.9119550391296997
2019-06-17,1,-9.807767752045837e-05,-0.1220639075251545,0.9118655966974587
2019-06-18,1,0.0004904364884747991,-0.12163333563085588,0.912312808858664
2019-06-19,1,0.0023529411764704466,-0.11956659053822272,0.9144594272324489
2019-06-20,1,0.0010758998435054234,-0.11861933237076594,0.9154432939871003
2019-06-21,1,-0.002442598925256445,-0.12077219184225885,0.9132072331810742
2019-06-24,1,0.0018609206660138433,-0.11913601864392398,0.9149066393936542
2019-06-25,1,0.0006843288689020177,-0.11853321799190619,0.9155327364193414
2019-06-26,1,-0.002442360296990964,-0.1206860774633991,0.9132966756133153
2019-06-27,1,0.0015669376162961157,-0.11930824740164359,0.914727754529172
2019-06-28,1,0.00029334115576418185,-0.11904990426506434,0.9149960818258952
2019-07-01,1,-0.0011730205278591699,-0.12008327681138098,0.9139227726390027
2019-07-02,1,0.0016637306713640498,-0.11861933237076594,0.9154432939871002
2019-07-03,1,0.00039081582804101345,-0.11827487485532717,0.9158010637160644
2019-07-05,1,-0.003906631506983116,-0.12171945000971596,0.9122233664264225
2019-07-08,1,0.0,-0.12171945000971596,0.9122233664264225
2019-07-09,1,-0.0008824394548484493,-0.12249447941945335,0.9114183845362532
2019-07-10,1,0.0013738959764475478,-0.12128887811541722,0.9126705785876279
2019-07-11,1,-0.0016660133281066747,-0.12275282255603248,0.9111500572395301
2019-07-12,1,0.0004908216354175821,-0.12232225066173397,0.9115972694007353
2019-07-15,1,0.0003924646781789942,-0.12197779314629509,0.9119550391296994
2019-07-16,1,-0.0011769321302470548,-0.12301116569261161,0.910881729942807
2019-07-17,1,0.001767478397486144,-0.12146110687313671,0.9124916937231458
2019-07-18,1,0.0015683199372673595,-0.12008327681138098,0.9139227726390027
2019-07-19,1,-0.0007829320806421736,-0.12077219184225896,0.9132072331810741
2019-07-22,1,0.00019588638589618235,-0.12059996308453946,0.9133861180455563
2019-07-23,1,-0.0009792401096749836,-0.12146110687313671,0.9124916937231458
2019-07-24,1,0.0003920799843168954,-0.12111664935769773,0.91284946345211
2019-07-25,1,-0.0010777973740936364,-0.12206390752515461,0.9118655966974586
2019-07-26,1,-0.00039234919077990593,-0.1224083650405936,0.9115078269684943
2019-07-29,1,0.0009812579727210835,-0.12154722125199635,0.9124022512909048
2019-07-30,1,-0.00039211841976283246,-0.12189167876743534,0.9120444815619405
2019-07-31,1,-0.0005884083553986397,-0.12240836504059371,0.9115078269684942
2019-08-01,1,0.006083799430870451,-0.11706927355129104,0.9170532577674391
2019-08-02,1,0.0004876621476641585,-0.11663870165699242,0.9175004699286443
2019-08-05,1,0.004776759602261649,-0.11241909709286602,0.9218831491084556
2019-08-06,1,-0.000485107208693103,-0.11284966898716464,0.9214359369472503
2019-08-07,1,0.0016501650165017256,-0.11138572454654938,0.9229564582953482
2019-08-08,1,-0.0012598119972865307,-0.11250521147172565,0.9217937066762146
2019-08-09,1,-0.000873277702309383,-0.11328024088146316,0.9209887247860452
2019-08-12,1,0.0028163542779451323,-0.11078292389453126,0.9235825553210356
2019-08-13,1,-0.0028084447026922588,-0.11328024088146305,0.9209887247860453
2019-08-14,1,0.0031077012722153796,-0.1105245807579519,0.9238508826177589
2019-08-15,1,0.00222674024590952,-0.10854395004417838,0.9259080585593029
2019-08-16,1,0.00019319938176209916,-0.10837172128645878,0.9260869434237852
2019-08-19,1,-0.0020282016611937737,-0.11018012324251292,0.9242086523467232
2019-08-20,1,0.0011613277847672965,-0.10914675069619617,0.9252819615336159
2019-08-21,1,-0.0013533107781537046,-0.1103523520002323,0.9240297674822412
2019-08-22,1,-0.001064756557932478,-0.1112996101676893,0.9230459007275896
2019-08-23,1,0.0028100775193797833,-0.1088022931807574,0.9256397312625799
2019-08-26,1,-0.0006763938544785963,-0.10940509383277541,0.9250136342368926
2019-08-27,1,0.0013537033455810477,-0.1081994925287394,0.9262658282882672
2019-08-28,1,0.0006759366550790347,-0.1075966918767215,0.9268919253139544
2019-08-29,1,-0.0015439544533435434,-0.10897452193847701,0.9254608463980977
2019-08-30,1,0.0005798782255725943,-0.10845783566531875,0.9259975009915439
2019-09-03,1,0.002607939727615083,-0.10613274743610634,0.928412446662052
2019-09-04,1,0.0008670520231213175,-0.10535771802636906,0.9292174285522213
2019-09-05,1,-0.004331504475888037,-0.10923286507505647,0.9251925191013742
2019-09-06,1,0.0003866976024748947,-0.1088884075596176,0.9255502888303384
2019-09-09,1,-0.002222651720139246,-0.11086903827339123,0.9234931128887943
2019-09-10,1,-0.0031961259079903437,-0.113710812775762,0.9205415126248397
2019-09-11,1,-0.000874465604352892,-0.11448584218549951,0.9197365307346703
2019-09-12,1,-0.0021394534668870424,-0.11638035852041329,0.9177687972253674
2019-09-13,1,-0.003605886365851352,-0.11956659053822294,0.9144594272324487
2019-09-16,1,0.0017605633802817433,-0.11801653171874804,0.9160693910127875
2019-09-17,1,0.0009763718023823031,-0.1171553879301509,0.9169638153351979
2019-09-18,1,0.0002926258291064965,-0.11689704479357177,0.917232142631921
2019-09-19,1,0.00019502681618721596,-0.11672481603585239,0.917411027496403
2019-09-20,1,0.0008774495466510324,-0.11594978662611488,0.9182160093865724
2019-09-23,1,0.001850769530489016,-0.11431361342778013,0.9199154155991524
2019-09-24,1,0.0025279533300923696,-0.11207463957742736,0.9222409188374195
2019-09-25,1,-0.0033944331296672514,-0.11508864283751752,0.919110433708983
2019-09-26,1,0.0013623978201635634,-0.11388304153348139,0.9203626277603577
2019-09-27,1,0.0008746355685129714,-0.113108012123744,0.921167609650527
2019-09-30,1,-0.0008738712496357826,-0.11388304153348139,0.9203626277603577
2019-10-01,1,0.0018464528668609148,-0.11224686833514674,0.9220620339729375
2019-10-02,1,0.002328062857697155,-0.11018012324251358,0.9242086523467226
2019-10-03,1,0.0030000967773153864,-0.10751057749786219,0.926981367746195
2019-10-04,1,0.0003859513701274242,-0.1071661199824232,0.9273391374751593
2019-10-07,1,-0.0020254629629630205,-0.10897452193847745,0.9254608463980972
2019-10-08,1,0.0008698173383590024,-0.10819949252873995,0.9262658282882666
2019-10-09,1,-0.0017381228273465332,-0.10974955134821496,0.9246558645079278
2019-10-10,1,-0.002418262720061959,-0.11190241081970798,0.9224198037019016
2019-10-11,1,-0.0034907398429167014,-0.115002528458658,0.9191998761412239
2019-10-14,1,0.0,-0.115002528458658,0.9191998761412239
2019-10-15,1,-0.000486523304466302,-0.11543310035295662,0.9187526639800186
2019-10-16,1,0.0010708722741432641,-0.11448584218549973,0.9197365307346701
2019-10-17,1,-0.0002917436545755159,-0.11474418532207886,0.919468203437947
2019-10-18,1,0.0005836575875486361,-0.11422749904892049,0.9200048580313933
2019-10-21,1,-0.0015555123468792287,-0.115605329110676,0.9185737791155366
2019-10-22,1,0.0004868549172345471,-0.11517475721637749,0.9190209912767417
2019-10-23,1,0.00029197080291964994,-0.11491641407979836,0.9192893185734649
2019-10-24,1,-0.00029188558085235794,-0.1151747572163776,0.9190209912767416
2019-10-25,1,-0.0013625304136253291,-0.11638035852041373,0.917768797225367
2019-10-28,1,-0.0014618458239937793,-0.1176720742033095,0.9164271607417512
2019-10-29,1,0.0004879953152450156,-0.11724150230901098,0.9168743729029565
2019-10-30,1,0.0006828602087600721,-0.11663870165699297,0.9175004699286438
2019-10-31,1,0.0037044258139988795,-0.11336635526032346,0.9208992823538036
2019-11-01,1,-0.0013597513597514155,-0.11457195656435959,0.9196470883024289
2019-11-04,1,-0.001750632172728972,-0.11612201538383449,0.9180371245220902
2019-11-05,1,-0.0024356975837880324,-0.1182748748553274,0.9158010637160641
2019-11-06,1,0.001562652602793202,-0.11689704479357199,0.9172321426319208
2019-11-07,1,-0.003803022915650933,-0.12025550556910103,0.91374388777452
2019-11-08,1,0.0,-0.12025550556910103,0.91374388777452
2019-11-11,1,0.0,-0.12025550556910103,0.91374388777452
2019-11-12,1,0.0005873140172278912,-0.11973881929594266,0.9142805423679663
2019-11-13,1,0.0014674232048523805,-0.11844710361304678,0.915622178851582
2019-11-14,1,0.0018560125036630737,-0.11681093041471224,0.9173215850641618
2019-11-15,1,-0.0008775351014040922,-0.11758595982444975,0.9165166031739924
2019-11-18,1,0.0008783058456134363,-0.11681093041471213,0.917321585064162
2019-11-19,1,0.0002925117004679567,-0.116552587278133,0.917589912360885
2019-11-20,1,0.0013646554245052567,-0.11534698597409698,0.9188421064122596
2019-11-21,1,-0.0013627956779908024,-0.116552587278133,0.917589912360885
2019-11-22,1,-0.0003899015498587399,-0.11689704479357199,0.9172321426319208
2019-11-25,1,0.0003900536323744319,-0.11655258727813311,0.9175899123608849
2019-11-26,1,0.0007798030997172578,-0.11586367224725536,0.9183054518188133
2019-11-27,1,-0.0013635920911658772,-0.11706927355129149,0.9170532577674386
2019-11-29,1,0.0,-0.11706927355129149,0.9170532577674386
2019-12-02,1,-0.0012679215839266345,-0.11818876047646776,0.915890506148305
2019-12-03,1,0.004296874999999867,-0.1143997278066402,0.919825973166911
2019-12-04,1,-0.0024309607156748347,-0.11655258727813322,0.9175899123608848
2019-12-05,1,-0.0003899015498587399,-0.11689704479357221,0.9172321426319205
2019-12-06,1,-0.0017552413456849436,-0.118447103613047,0.9156221788515818
2019-12-09,1,0.0001953697372276686,-0.11827487485532762,0.9158010637160638
2019-12-10,1,-0.0004883289383728062,-0.11870544674962613,0.9153538515548587
2019-12-11,1,0.001367989056087593,-0.11749984544559011,0.9166060456062334
2019-12-12,1,-0.003317720530835344,-0.12042773432682063,0.9135650029100377
2019-12-13,1,0.0028392402584689336,-0.11793041733988852,0.9161588334450282
2019-12-16,1,-0.002245435907449078,-0.11991104805366215,0.9141016575034842
2019-12-17,1,0.0002935420743639394,-0.11965270491708302,0.9143699848002073
2019-12-18,1,-0.0007825491538686613,-0.12034161994796078,0.9136544453422789
2019-12-19,1,0.0005873715124815604,-0.11982493367480251,0.9141910999357251
2019-12-20,1,-0.0003913511398101477,-0.12016939119024139,0.9138333302067609
2019-12-23,1,-0.0007830087109719219,-0.12085830622111915,0.9131177907488326
2019-12-24,1,0.0008815750808111034,-0.12008327681138165,0.913922772639002
2019-12-26,1,0.00029359953024066243,-0.11982493367480251,0.9141910999357251
2019-12-27,1,0.0014675667742882759,-0.11853321799190664,0.9155327364193409
2019-12-30,1,-9.769441187967853e-05,-0.11861933237076638,0.9154432939870998
2019-12-31,1,-0.0008793356130922803,-0.11939436178050378,0.9146383120969305
2020-01-02,1,0.0004889497359670258,-0.11896378988620526,0.9150855242581356
2020-01-03,1,0.002834522529566952,-0.11646647289927348,0.9176793547931259
2020-01-06,1,-0.0008771929824560321,-0.11724150230901087,0.9168743729029566
2020-01-07,1,-0.00029265437518288806,-0.11749984544559,0.9166060456062335
2020-01-08,1,-0.0015612802498049527,-0.11887767550734551,0.9151749666903767
2020-01-09,1,0.0003909304143863146,-0.11853321799190653,0.915532736419341
2020-01-10,1,0.0006838608831576387,-0.1179304173398884,0.9161588334450285
2020-01-13,1,-0.0006833935370497146,-0.11853321799190641,0.9155327364193411
2020-01-14,1,0.0007815552950372062,-0.11784430296102866,0.9162482758772695
2020-01-15,1,0.0008785630613041828,-0.11706927355129115,0.917053257767439
2020-01-16,1,-0.000585194577196968,-0.11758595982444953,0.9165166031739926
2020-01-17,1,-0.0004879476920074399,-0.11801653171874815,0.9160693910127874
2020-01-21,1,0.00205038078500297,-0.11620812976269401,0.9179476820898493
2020-01-22,1,0.0,-0.11620812976269401,0.9179476820898493
2020-01-23,1,0.0007794991717822164,-0.11551921473181614,0.9186632215477778
2020-01-24,1,0.00184986856197078,-0.11388304153348128,0.9203626277603578
2020-01-27,1,0.0023323615160348865,-0.11181629644084812,0.9225092461341429
2020-01-28,1,-0.0011634671320535084,-0.11284966898716464,0.9214359369472503
2020-01-29,1,0.0016501650165017256,-0.11138572454654938,0.9229564582953482
2020-01-30,1,0.001356720612462503,-0.11018012324251325,0.9242086523467229
2020-01-31,1,0.001451659730959065,-0.10888840755961737,0.9255502888303386
2020-02-03,1,-0.0004831851565519907,-0.109318979453916,0.9251030766691334
2020-02-04,1,-0.0029005124238616897,-0.11190241081970775,0.9224198037019019
2020-02-05,1,-0.0013575099389120382,-0.11310801212374377,0.9211676096505272
2020-02-06,1,-9.709680551506228e-05,-0.11319412650260341,0.9210781672182863
2020-02-07,1,0.0021363371528451136,-0.11129961016768974,0.9230459007275892
2020-02-10,1,0.0010658914728682856,-0.11035235200023275,0.9240297674822407
2020-02-11,1,-0.0015487368115381095,-0.11173018206198826,0.922598688566384
2020-02-12,1,-0.0011633543383422484,-0.11276355460830478,0.9215253793794915
2020-02-13,1,9.705910899748815e-05,-0.11267744022944493,0.9216148218117327
2020-02-14,1,0.0009704968944099779,-0.11181629644084778,0.9225092461341432
2020-02-18,1,0.0007756447547022649,-0.11112738140997014,0.9232247855920714
2020-02-19,1,-0.0005812826971517415,-0.11164406768312851,0.9226881309986251
2020-02-20,1,0.0014540519581234257,-0.11035235200023252,0.924029767482241
2020-02-21,1,0.0017423289129803177,-0.10880229318075751,0.9256397312625798
2020-02-24,1,0.003478596965890368,-0.10570217554180772,0.9288596588232574
2020-02-25,1,0.0020221473278767554,-0.10389377358575358,0.9307379499003193
2020-02-26,1,0.0010570824524311906,-0.10294651541829669,0.9317218166549708
2020-02-27,1,0.0007679754247864601,-0.10225760038741882,0.9324373561128992
2020-02-28,1,0.007098321342925651,-0.09588513635179952,0.9390560960987366
2020-03-02,1,0.0021906848271264767,-0.09390450563802588,0.9411132720402807
2020-03-03,1,0.0028511689792813932,-0.09132107427223446,0.943796545007512
2020-03-04,1,0.0022744503411675776,-0.08925432917960108,0.9459431633812971
2020-03-05,1,0.0020801815431163995,-0.0873598128446873,0.9479108968906
2020-03-06,1,0.0047178712964710545,-0.08305409390170126,0.9523830185026524
2020-03-09,1,0.005447032306536315,-0.0780594599278377,0.9575706795726329
2020-03-10,1,-0.007565850924715178,-0.08503472461547512,0.9503258425611081
2020-03-11,1,-0.0022588235294117576,-0.08710146970810828,0.948179224187323
2020-03-12,1,0.0,-0.08710146970810828,0.948179224187323
2020-03-13,1,-0.0024525988114328934,-0.08934044355846105,0.9458537209490558
2020-03-16,1,0.007754137115839166,-0.0822790644919641,0.9531880003928215
2020-03-17,1,-0.00666228769822641,-0.08839318539100405,0.9468375877037074
2020-03-18,1,-0.006990364632533441,-0.09476564942662324,0.9402188477178701
2020-03-19,1,0.005422374429223664,-0.08985712983161931,0.9453170663556096
2020-03-20,1,0.005109281862049508,-0.0852069533731944,0.9501469576966262
2020-03-23,1,0.005648121999435096,-0.08004009064161122,0.9555135036310888
2020-03-24,1,-0.002901806608630597,-0.08270963638626261,0.9527407882316163
2020-03-25,1,0.0,-0.08270963638626261,0.9527407882316163
2020-03-26,1,0.0024408561772437665,-0.08047066253590984,0.9550662914698835
2020-03-27,1,0.001779359430605032,-0.0788344893375752,0.9567656976824634
2020-03-30,1,0.001776198934280604,-0.07719831613924055,0.9584651038950432
2020-03-31,1,-0.00018663680477781774,-0.07737054489695994,0.9582862190305612
2020-04-01,1,0.0005600149337314786,-0.07685385862380167,0.9588228736240074
2020-04-02,1,-0.0002798507462686839,-0.07711220176038092,0.9585545463272842
2020-04-03,1,0.0005598581692638493,-0.07659551548722254,0.9590912009207305
2020-04-06,1,-0.002890982001305664,-0.07926506123187382,0.9563184855212581
2020-04-07,1,-0.001122334455667784,-0.08029843377819046,0.9552451763343656
2020-04-08,1,-0.0001872659176029856,-0.08047066253590984,0.9550662914698835
2020-04-09,1,0.0020603109196477565,-0.07857614620099618,0.9570340249791864
2020-04-13,1,-0.0009345794392522366,-0.07943728998959321,0.9561396006567761
2020-04-14,1,0.00037418147801671076,-0.07909283247415444,0.9564973703857401
2020-04-15,1,0.0028053113895643023,-0.0765094011083628,0.9591806433529716
2020-04-16,1,9.324878776584278e-05,-0.07642328672950305,0.9592700857852127
2020-04-17,1,-0.0011188811188811432,-0.07745665927581968,0.9581967765983201
2020-04-20,1,0.00046672267338765394,-0.07702608738152095,0.9586439887595255
2020-04-21,1,0.0008397089009142267,-0.07625105797178355,0.9594489706496948
2020-04-22,1,-0.0011186725086229643,-0.07728443051810008,0.9583756614628024
2020-04-23,1,-0.0002799813345777391,-0.07754277365467932,0.9581073341660792
2020-04-24,1,0.0003734129947721154,-0.07719831613924055,0.9584651038950432
2020-04-27,1,-0.0017730496453900457,-0.0788344893375752,0.9567656976824634
2020-04-28,1,0.0013087781621015093,-0.07762888803353907,0.9580178917338381
2020-04-29,1,-9.33619643357364e-05,-0.07771500241239881,0.957928449301597
2020-04-30,1,-0.0005602240896357413,-0.07823168868555708,0.9573917947081508
2020-05-01,1,-0.0009342301943199294,-0.07909283247415433,0.9564973703857403
2020-05-04,1,0.0005610622779128605,-0.07857614620099596,0.9570340249791867
2020-05-05,1,-0.00046728971962617383,-0.07900671809529458,0.9565868128179814
2020-05-06,1,-0.0007480130902290938,-0.07969563312617223,0.9558712733600531
2020-05-07,1,0.0029007205015438853,-0.07702608738152106,0.9586439887595254
2020-05-08,1,-0.0014928158238478595,-0.07840391744327668,0.9572129098436686
2020-05-11,1,-0.0014950476546439218,-0.07978174750503209,0.9557818309278119
2020-05-12,1,0.0012165450121655041,-0.07866226057985581,0.9569445825469455
2020-05-13,1,0.0008412001121600454,-0.07788723117011831,0.9577495644371149
2020-05-14,1,0.0005603287261859435,-0.07737054489696005,0.9582862190305611
2020-05-15,1,-0.00046667911144293583,-0.07780111679125867,0.9578390068693559
2020-05-18,1,-0.0027080026146232283,-0.08029843377819046,0.9552451763343656
2020-05-19,1,0.0009363295880151501,-0.0794372899895931,0.9561396006567762
2020-05-20,1,0.0007483629560336436,-0.07874837495871545,0.9568551401147045
2020-05-21,1,-9.347541596560482e-05,-0.0788344893375752,0.9567656976824634
2020-05-22,1,0.0,-0.0788344893375752,0.9567656976824634
2020-05-26,1,-0.0007478732354865292,-0.07952340436845284,0.9560501582245351
2020-05-27,1,0.00037421648423618947,-0.07917894685301397,0.9564079279534994
2020-05-28,1,-0.00046759562330511706,-0.07960951874731259,0.955960715792294
2020-05-29,1,0.0014034431137726067,-0.07831780306441671,0.9573023522759099
2020-06-01,1,0.0006540222367559245,-0.07771500241239881,0.957928449301597
2020-06-02,1,-0.0006535947712417167,-0.07831780306441671,0.9573023522759099
2020-06-03,1,-0.0023357937027002063,-0.08047066253590962,0.9550662914698838
2020-06-04,1,-0.0010301554598238782,-0.08141792070336651,0.9540824247152323
2020-06-05,1,-0.002437423830505381,-0.08365689455371939,0.951756921476965
2020-06-08,1,0.0004698806503147246,-0.08322632265942087,0.9522041336381701
2020-06-09,1,0.0015968438850273436,-0.0817623782188055,0.953724654986268
2020-06-10,1,0.0024383381787489444,-0.07952340436845284,0.9560501582245352
2020-06-11,1,0.0015904200580034722,-0.0780594599278377,0.9575706795726329
2020-06-12,1,-0.001214272370633207,-0.07917894685301397,0.9564079279534994
2020-06-15,1,-0.00018703824932209123,-0.07935117561073346,0.9562290430890172
2020-06-16,1,-0.001028902815452204,-0.08029843377819024,0.9552451763343658
2020-06-17,1,0.0005617977528089568,-0.07978174750503197,0.955781830927812
2020-06-18,1,0.0005614823133071045,-0.07926506123187382,0.9563184855212582
2020-06-19,1,-9.352787130567641e-05,-0.07935117561073346,0.9562290430890171
2020-06-22,1,-0.0003741464783462156,-0.07969563312617234,0.955871273360053
2020-06-23,1,9.35716290819677e-05,-0.0796095187473127,0.9559607157922939
2020-06-24,1,0.00046781437125753556,-0.07917894685301408,0.9564079279534992
2020-06-25,1,9.35191246609346e-05,-0.07909283247415444,0.9564973703857401
2020-06-26,1,0.0009351037965215081,-0.0782316886855573,0.9573917947081506
2020-06-29,1,0.0002802690582959233,-0.07797334554897817,0.9576601220048737
2020-06-30,1,-0.0022415242364807186,-0.08004009064161133,0.9555135036310887
2020-07-01,1,-0.0008424599831508006,-0.08081512005134883,0.9547085217409192
2020-07-02,1,0.0003747423646243142,-0.08047066253590995,0.9550662914698834
2020-07-06,1,-0.0004682524817380962,-0.08090123443020847,0.9546190793086783
2020-07-07,1,0.000468471844842,-0.08047066253590995,0.9550662914698834
2020-07-08,1,9.365049634757483e-05,-0.08038454815705032,0.9551557339021244
2020-07-09,1,0.0009364172675343507,-0.07952340436845318,0.9560501582245348
2020-07-10,1,-0.001029095331649299,-0.08047066253591006,0.9550662914698833
2020-07-13,1,-9.365049634768585e-05,-0.08055677691476981,0.9549768490376422
2020-07-14,1,0.0005619556055072028,-0.08004009064161144,0.9555135036310886
2020-07-15,1,-0.00018721332958904213,-0.08021231939933082,0.9553346187666065
2020-07-16,1,0.00037449676996526016,-0.07986786188389206,0.9556923884955706
2020-07-17,1,-0.00046794571829666953,-0.08029843377819068,0.9552451763343653
2020-07-20,1,-9.363295880138178e-05,-0.08038454815705032,0.9551557339021244
2020-07-21,1,0.0004682086337672864,-0.07995397626275158,0.9556029460633297
2020-07-22,1,0.0,-0.07995397626275158,0.9556029460633297
2020-07-23,1,9.359790340690566e-05,-0.07986786188389194,0.9556923884955707
2020-07-24,1,-0.00028076743097804613,-0.08012620502047119,0.9554240611988475
2020-07-27,1,-0.00046807713911245497,-0.0805567769147697,0.9549768490376424
2020-07-28,1,0.0007492741406762704,-0.07986786188389183,0.9556923884955708
2020-07-29,1,0.0002807674309779351,-0.0796095187473127,0.9559607157922939
2020-07-30,1,0.0008420658682635196,-0.07883448933757531,0.9567656976824633
2020-07-31,1,-0.0006543890810506436,-0.0794372899895931,0.9561396006567762
2020-08-03,1,-0.000467726847521166,-0.07986786188389183,0.9556923884955708
2020-08-04,1,0.0010294805802526508,-0.07892060371643506,0.9566762552502223
2020-08-05,1,-0.0007479431563200967,-0.0796095187473127,0.9559607157922939
2020-08-06,1,0.00018712574850310304,-0.07943728998959321,0.9561396006567761
2020-08-07,1,-0.000935453695042221,-0.08029843377819057,0.9552451763343655
2020-08-10,1,-0.0001872659176029856,-0.08047066253590995,0.9550662914698834
2020-08-11,1,-0.002341262408690814,-0.08262352200740308,0.9528302306638572
2020-08-12,1,-0.00018774054257009176,-0.08279575076512247,0.9526513457993752
2020-08-13,1,-0.000751103182799695,-0.08348466579600022,0.9519358063414468
2020-08-14,1,0.0004697923517804625,-0.08305409390170171,0.952383018502652
2020-08-17,1,0.00037565740045075735,-0.08270963638626283,0.9527407882316161
2020-08-18,1,0.00037551633496057946,-0.08236517887082395,0.9530985579605803
2020-08-19,1,-9.384384384392153e-05,-0.0824512932496837,0.9530091155283392
2020-08-20,1,0.0005631159080243808,-0.08193460697652544,0.9535457701217854
2020-08-21,1,-0.0002813994934809383,-0.08219295011310468,0.9532774428250622
2020-08-24,1,-0.00028147870144490383,-0.08245129324968381,0.9530091155283391
2020-08-25,1,-0.0006569685593617036,-0.08305409390170182,0.9523830185026518
2020-08-26,1,-9.391435011274485e-05,-0.08314020828056157,0.9522935760704108
2020-08-27,1,-0.001033154879308773,-0.08408746644801857,0.9513097093157592
2020-08-28,1,0.0010342233922526756,-0.08314020828056168,0.9522935760704107
2020-08-31,1,-0.00018784634169244363,-0.08331243703828106,0.9521146912059286
2020-09-01,1,0.0004697040864254376,-0.08288186514398255,0.9525619033671338
2020-09-02,1,9.389671361503815e-05,-0.0827957507651228,0.9526513457993748
2020-09-03,1,0.000751103182799806,-0.08210683573424493,0.9533668852573033
2020-09-04,1,-0.002720705507083254,-0.08460415272117694,0.9507730547223129
2020-09-08,1,0.0010348071495767108,-0.08365689455371994,0.9517569214769644
2020-09-09,1,-0.0003759045202518241,-0.08400135206915882,0.9513991517480003
2020-09-10,1,0.00047005734699623325,-0.0835707801748603,0.9518463639092054
2020-09-11,1,0.0003758691975190853,-0.08322632265942154,0.9522041336381695
2020-09-14,1,-0.00018786398647374636,-0.08339855141714092,0.9520252487736874
2020-09-15,1,-0.0002818489289740933,-0.08365689455372005,0.9517569214769643
2020-09-16,1,-0.00018795226012591204,-0.08382912331143944,0.9515780366124823
2020-09-17,1,0.00018798759281879462,-0.08365689455372005,0.9517569214769643
2020-09-18,1,-0.0004698806503148356,-0.08408746644801868,0.9513097093157591
2020-09-21,1,0.00037608123354648804,-0.0837430089325798,0.9516674790447233
2020-09-22,1,0.000281954887218161,-0.08348466579600056,0.9519358063414465
2020-09-23,1,-0.00046979235178057355,-0.08391523769029918,0.9514885941802412
2020-09-24,1,0.00018800526414741725,-0.08374300893257969,0.9516674790447234
2020-09-25,1,9.398496240597964e-05,-0.08365689455372005,0.9517569214769643
2020-09-28,1,-9.397613006290051e-05,-0.08374300893257969,0.9516674790447234
2020-09-29,1,0.0005639097744358779,-0.08322632265942154,0.9522041336381695
2020-09-30,1,-0.0022543678376855114,-0.0852930677520547,0.9500575152643844
2020-10-01,1,-0.00018828845791751814,-0.08546529650977408,0.9498786303999024
2020-10-02,1,-0.00047080979284364055,-0.0858958684040726,0.9494314182386973
2020-10-05,1,-0.0016957136128121775,-0.08744592722354771,0.9478214544583583
2020-10-06,1,0.00028309899028022834,-0.08718758408696858,0.9480897817550814
2020-10-07,1,-0.0011320754716981352,-0.08822095663328522,0.9470164725681889
2020-10-08,1,0.0008500188893085792,-0.08744592722354783,0.9478214544583582
2020-10-09,1,-0.0005661979805605677,-0.0879626134967062,0.9472847998649119
2020-10-12,1,0.0,-0.0879626134967062,0.9472847998649119
2020-10-13,1,0.0012274572750450297,-0.0868431265715297,0.9484475514840456
2020-10-14,1,0.0,-0.0868431265715297,0.9484475514840456
2020-10-15,1,-0.0003772161448510891,-0.0871875840869687,0.9480897817550813
2020-10-16,1,-0.00037735849056608206,-0.08753204160240757,0.9477320120261171
2020-10-19,1,-0.0004718761796904669,-0.0879626134967062,0.9472847998649119
2020-10-20,1,-0.0006609385327164263,-0.08856541414872421,0.9466587028392246
2020-10-21,1,-0.0004724111866968306,-0.08899598604302272,0.9462114906780195
2020-10-22,1,-0.0007562151432083386,-0.08968490107390059,0.945495951220091
2020-10-23,1,9.459842966608178e-05,-0.08959878669504084,0.9455853936523321
2020-10-26,1,0.0006621263715476111,-0.08899598604302272,0.9462114906780195
2020-10-27,1,0.0005671613574060874,-0.08847929976986446,0.9467481452714657
2020-10-28,1,-9.447331128942249e-05,-0.0885654141487241,0.9466587028392247
2020-10-29,1,-0.0012282690854120704,-0.08968490107390059,0.945495951220091
2020-10-30,1,-0.0005675905779962687,-0.09020158734705874,0.9449592966266449
2020-11-02,1,0.00018930430667296605,-0.09002935858933936,0.9451381814911269
2020-11-03,1,-0.0008517081480079458,-0.09080438799907686,0.9443331996009575
2020-11-04,1,0.002652017427543063,-0.08839318539100471,0.9468375877037067
2020-11-05,1,-0.00037785754770458535,-0.0887376429064437,0.9464798179747425
2020-11-06,1,-0.0010395010395010118,-0.08968490107390059,0.945495951220091
2020-11-09,1,-0.0032163466086462256,-0.09261278995513089,0.9424549085238956
2020-11-10,1,-0.000569422036632794,-0.09312947622828915,0.9419182539304494
2020-11-11,1,0.0,-0.09312947622828915,0.9419182539304494
2020-11-12,1,0.002278985851296156,-0.091062731135656,0.9440648723042344
2020-11-13,1,-0.0002842254855518478,-0.09132107427223513,0.9437965450075113
2020-11-16,1,-0.00028430629264597496,-0.09157941740881426,0.9435282177107881
2020-11-17,1,0.0008531614371030116,-0.09080438799907686,0.9443331996009575
2020-11-18,1,-0.0004735745406326819,-0.09123495989337538,0.9438859874397523
2020-11-19,1,0.00047379891973853283,-0.09080438799907686,0.9443331996009575
2020-11-20,1,0.00037885963250627874,-0.09045993048363787,0.9446909693299218
2020-11-23,1,-0.000662753266426841,-0.091062731135656,0.9440648723042344
2020-11-24,1,-0.0002842254855518478,-0.09132107427223513,0.9437965450075113
2020-11-25,1,0.00018953752843064997,-0.09114884551451563,0.9439754298719935
2020-11-27,1,0.0007580064430547928,-0.09045993048363787,0.9446909693299218
2020-11-30,1,-0.0018935807612194822,-0.09218221806083216,0.9429021206851009
2020-12-01,1,-0.0025611838360841688,-0.09450730629004456,0.9404871750145928
2020-12-02,1,0.0,-0.09450730629004456,0.9404871750145928
2020-12-03,1,0.0007608178792202214,-0.09381839125916669,0.9412027144725212
2020-12-04,1,-0.0009502993442935814,-0.09467953504776405,0.9403082901501106
2020-12-07,1,0.0011414439265671206,-0.09364616250144742,0.9413815993370032
2020-12-08,1,0.0001900237529690596,-0.09347393374372803,0.9415604842014852
2020-12-09,1,-0.0006649567778094223,-0.09407673439574604,0.9409343871757979
2020-12-10,1,0.0008555133079848343,-0.09330170498600854,0.9417393690659673
2020-12-11,1,0.0006648304682306261,-0.09269890433399042,0.9423654660916547
2020-12-14,1,0.0,-0.09269890433399042,0.9423654660916547
2020-12-15,1,-0.0005694760820045275,-0.09321559060714868,0.9418288114982085
2020-12-16,1,0.0,-0.09321559060714868,0.9418288114982085
2020-12-17,1,-0.0003798670465335885,-0.09356004812258745,0.9414710417692445
2020-12-18,1,-0.00028500855025648253,-0.09381839125916658,0.9412027144725214
2020-12-21,1,9.502993442933594e-05,-0.09373227688030683,0.9412921569047624
2020-12-22,1,0.00047510452299515116,-0.0933017049860081,0.9417393690659678
2020-12-23,1,-0.0006648304682306261,-0.09390450563802621,0.9411132720402804
2020-12-24,1,0.0002851168979280949,-0.09364616250144708,0.9413815993370035
2020-12-28,1,0.0,-0.09364616250144708,0.9413815993370035
2020-12-29,1,0.0,-0.09364616250144708,0.9413815993370035
2020-12-30,1,9.501187648464082e-05,-0.09356004812258734,0.9414710417692446
2020-12-31,1,-0.0003800114003420507,-0.09390450563802621,0.9411132720402804
2021-01-04,1,9.503896597617967e-05,-0.09381839125916636,0.9412027144725216
2021-01-05,1,-0.0009502993442935814,-0.09467953504776372,0.940308290150111
2021-01-06,1,-0.0020926471987063877,-0.0965740513826776,0.938340556640808
2021-01-07,1,-0.0007625583833762439,-0.09726296641355536,0.9376250171828796
2021-01-08,1,-0.0009539254030334066,-0.0981241102021525,0.9367305928604692
2021-01-11,1,-0.0007638689964670764,-0.09881302523303026,0.9360150534025409
2021-01-12,1,-0.00019111323459164442,-0.09898525399074976,0.9358361685380586
2021-01-13,1,0.0010513237121283492,-0.09803799582329298,0.9368200352927101
2021-01-14,1,-0.0006683215581438917,-0.09864079647531099,0.9361939382670228
2021-01-15,1,0.000955383586509928,-0.09777965268671385,0.9370883625894332
2021-01-19,1,0.0001908943399828722,-0.09760742392899435,0.9372672474539153
2021-01-20,1,0.0,-0.09760742392899435,0.9372672474539153
2021-01-21,1,-0.0001908579062888105,-0.09777965268671385,0.9370883625894332
2021-01-22,1,0.0003817886799657444,-0.09743519517127486,0.9374461323183975
2021-01-25,1,0.000954107432496798,-0.09657405138267772,0.9383405566408078
2021-01-26,1,-9.531979792198886e-05,-0.09666016576153735,0.9382511142085669
2021-01-27,1,0.0005719733079121436,-0.0961434794883792,0.938787768802013
2021-01-28,1,-0.0010480182926829729,-0.0970907376558362,0.9378039020473614
2021-01-29,1,-0.0006676204101095928,-0.09769353830785421,0.9371778050216741
2021-02-01,1,0.0,-0.09769353830785421,0.9371778050216741
2021-02-02,1,-0.0007635044855888173,-0.09838245333873197,0.9364622655637458
2021-02-03,1,-0.0005730659025787732,-0.09889913961189012,0.9359256109702996
2021-02-04,1,-9.556574923552663e-05,-0.09898525399074987,0.9358361685380585
2021-02-05,1,-0.000477874414603785,-0.09941582588504838,0.9353889563768534
2021-02-08,1,-9.562057754830544e-05,-0.09950194026390813,0.9352995139446123
2021-02-09,1,0.0,-0.09950194026390813,0.9352995139446123
2021-02-10,1,0.0006694080520226464,-0.09889913961189001,0.9359256109702997
2021-02-11,1,-0.00019113149847094224,-0.09907136836960939,0.9357467261058177
2021-02-12,1,-0.0008602561651692708,-0.09984639777934701,0.9349417442156481
2021-02-16,1,-0.0025829905290346566,-0.10217148600855941,0.93252679854514
2021-02-17,1,-9.591406100140087e-05,-0.10225760038741916,0.9324373561128989
2021-02-18,1,0.00028776978417277554,-0.10199925725083991,0.9327056834096221
2021-02-19,1,-0.0012466436517069024,-0.1031187441760163,0.9315429317904885
2021-02-22,1,-0.0005760921747479664,-0.10363543044917467,0.9310062771970422
2021-02-23,1,0.00028821212412344366,-0.10337708731259543,0.9312746044937654
2021-02-24,1,-0.0009604302727622693,-0.10423823110119268,0.9303801801713549
2021-02-25,1,-0.005191309363583807,-0.10888840755961737,0.9255502888303386
2021-02-26,1,0.0008697332817935166,-0.10811337814987998,0.9263552707205079
2021-03-01,1,0.0008689775031380798,-0.10733834874014236,0.9271602526106775
2021-03-02,1,0.0010611614894848742,-0.10639109057268537,0.928144119365329
2021-03-03,1,-0.0018309723426809255,-0.10802726377102012,0.9264447131527491
2021-03-04,1,-0.0019308746862328752,-0.10974955134821451,0.9246558645079282
2021-03-05,1,-0.00029019152640741286,-0.11000789448479364,0.9243875372112051
2021-03-08,1,-0.0016448959845185573,-0.1114718389254088,0.9228670158631075
2021-03-09,1,0.0009691800736575384,-0.11061069513681177,0.9237614401855178
2021-03-10,1,0.0009682416731215948,-0.10974955134821451,0.9246558645079282
2021-03-11,1,0.0003869220352099578,-0.10940509383277552,0.9250136342368925
2021-03-12,1,-0.0026107135950492744,-0.11173018206198793,0.9225986885663844
2021-03-15,1,0.00038778477944734213,-0.11138572454654905,0.9229564582953486
2021-03-16,1,0.0,-0.11138572454654905,0.9229564582953486
2021-03-17,1,0.0007752689214071129,-0.11069680951567129,0.9236719977532769
2021-03-18,1,-0.0028081727510408383,-0.11319412650260308,0.9210781672182867
2021-03-19,1,-0.00019421246844053552,-0.11336635526032246,0.9208992823538046
2021-03-22,1,0.0009712509712509476,-0.11250521147172543,0.921793706676215
2021-03-23,1,0.0009703085581214133,-0.11164406768312829,0.9226881309986253
2021-03-24,1,0.0005816207832494147,-0.11112738140996992,0.9232247855920717
2021-03-25,1,0.00038752179810130905,-0.11078292389453093,0.923582555321036
2021-03-26,1,-0.0012589579701725029,-0.11190241081970742,0.9224198037019022
2021-03-29,1,-0.0013575099389120382,-0.11310801212374344,0.9211676096505276
2021-03-30,1,-0.0005825808330904847,-0.1136246983969017,0.9206309550570814
2021-03-31,1,-0.002817448751578855,-0.11612201538383371,0.918037124522091
2021-04-01,1,0.0011691348402183,-0.11508864283751696,0.9191104337089836
2021-04-05,1,-0.0011677695601401972,-0.11612201538383371,0.918037124522091
2021-04-06,1,0.0020459859703818584,-0.11431361342777957,0.9199154155991529
2021-04-07,1,0.000486144871171712,-0.11388304153348083,0.9203626277603583
2021-04-08,1,0.0004859086491739717,-0.11345246963918221,0.9208098399215635
2021-04-09,1,-0.0009713453132589311,-0.11431361342777946,0.919915415599153
2021-04-12,1,-0.0006806028196402192,-0.11491641407979747,0.9192893185734657
2021-04-13,1,0.001654018291496362,-0.11345246963918221,0.9208098399215635
2021-04-14,1,-0.0005828071879553365,-0.11396915591234058,0.9202731853281172
2021-04-15,1,0.002332588200991248,-0.11190241081970742,0.9224198037019022
2021-04-16,1,-0.0010666149520023316,-0.11284966898716431,0.9214359369472508
2021-04-19,1,-0.0003882741215297525,-0.11319412650260308,0.9210781672182866
2021-04-20,1,0.0010681685764226678,-0.11224686833514619,0.9220620339729382
2021-04-21,1,-9.70026190707518e-05,-0.11233298271400594,0.9219725915406971
2021-04-22,1,9.701202949163878e-05,-0.11224686833514619,0.9220620339729382
2021-04-23,1,-0.0005820157144242888,-0.11276355460830456,0.9215253793794919
2021-04-26,1,-0.00048529554498688565,-0.11319412650260308,0.9210781672182866
2021-04-27,1,-0.0010681685764225568,-0.11414138467005996,0.9200943004636352
2021-04-28,1,0.00029163021289013713,-0.11388304153348072,0.9203626277603584
2021-04-29,1,-0.0001943634596697219,-0.11405527029120033,0.9201837428958761
2021-04-30,1,-0.0008748055987557457,-0.11483029970093772,0.9193787610057068
2021-05-03,1,0.0009728572818366032,-0.11396915591234069,0.9202731853281171
2021-05-04,1,0.00019438235008251148,-0.11379692715462131,0.9204520701925991
2021-05-05,1,0.00048586143231954537,-0.11336635526032268,0.9208992823538044
2021-05-06,1,0.0002913752913753509,-0.11310801212374344,0.9211676096505276
2021-05-07,1,0.00038838722206047116,-0.11276355460830456,0.9215253793794919
2021-05-10,1,-0.00048529554498688565,-0.11319412650260308,0.9210781672182866
2021-05-11,1,-0.0006797436395417078,-0.1137969271546212,0.9204520701925992
2021-05-12,1,-0.002137790302205844,-0.11569144348953508,0.9184843366832962
2021-05-13,1,0.0009738046547862478,-0.11483029970093783,0.9193787610057067
2021-05-14,1,0.0006810000972856667,-0.11422749904891982,0.920004858031394
2021-05-17,1,-0.00019443904335991746,-0.11439972780663932,0.9198259731669118
2021-05-18,1,9.723842862685572e-05,-0.11431361342777968,0.9199154155991528
2021-05-19,1,-0.0013612056392805494,-0.11551921473181581,0.9186632215477781
2021-05-20,1,0.0015577840521858732,-0.11414138467006019,0.9200943004636349
2021-05-21,1,-0.0002916302128900261,-0.11439972780663932,0.9198259731669118
2021-05-24,1,0.0006806690003888782,-0.11379692715462131,0.9204520701925991
2021-05-25,1,0.0010688951511028666,-0.11284966898716442,0.9214359369472506
2021-05-26,1,-0.00019413706076487625,-0.1130218977448838,0.9212570520827685
2021-05-27,1,-0.0007766990291262488,-0.11371081277576156,0.9205415126248402
2021-05-28,1,0.0002914885347842233,-0.11345246963918243,0.9208098399215633
2021-06-01,1,-0.00038853812530359466,-0.11379692715462131,0.9204520701925991
2021-06-02,1,0.00048586143231954537,-0.11336635526032268,0.9208992823538044
2021-06-03,1,-0.0015540015540015384,-0.1147441853220782,0.9194682034379477
2021-06-04,1,0.0019455252918287869,-0.1130218977448838,0.9212570520827685
2021-06-07,1,-0.0003883495145631244,-0.11336635526032268,0.9208992823538044
2021-06-08,1,0.0010683760683760646,-0.1124190970928659,0.9218831491084558
2021-06-09,1,0.0008731929756475854,-0.1116440676831284,0.9226881309986252
2021-06-10,1,0.0004846839860410679,-0.11121349578882977,0.9231353431598305
2021-06-11,1,-0.0003875593450246573,-0.11155795330426865,0.9227775734308663
2021-06-14,1,-0.0013569836192691698,-0.11276355460830467,0.9215253793794916
2021-06-15,1,0.0,-0.11276355460830467,0.9215253793794916
2021-06-16,1,-0.003008832378918802,-0.11543310035295606,0.9187526639800192
2021-06-17,1,0.0004867601246105746,-0.11500252845865744,0.9191998761412244
2021-06-18,1,0.0,-0.11500252845865744,0.9191998761412244
2021-06-21,1,-0.0002919139826798034,-0.11526087159523668,0.9189315488445012
2021-06-22,1,0.000681331516449335,-0.11465807094321856,0.9195576458701886
2021-06-23,1,-0.0005836008170411189,-0.11517475721637682,0.9190209912767424
2021-06-24,1,-0.00029197080291976096,-0.11543310035295606,0.9187526639800192
2021-06-25,1,-0.0010708722741432641,-0.11638035852041295,0.9177687972253677
2021-06-28,1,0.0014618458239938903,-0.11508864283751696,0.9191104337089836
2021-06-29,1,-9.73141300116831e-05,-0.11517475721637671,0.9190209912767425
2021-06-30,1,-0.0003892944038930146,-0.1155192147318157,0.9186632215477782
2021-07-01,1,-0.0009736150326160598,-0.11638035852041284,0.9177687972253679
2021-07-02,1,0.0013643894357275865,-0.11517475721637671,0.9190209912767425
2021-07-06,1,0.0018491484184914864,-0.11353858401804195,0.9207203974893224
2021-07-07,1,0.0010685836409558558,-0.11259132585058518,0.9217042642439739
2021-07-08,1,0.0013585638039785852,-0.11138572454654916,0.9229564582953484
2021-07-09,1,-0.0019381723035177822,-0.11310801212374344,0.9211676096505276
2021-07-12,1,-0.00038838722206036014,-0.11345246963918232,0.9208098399215634
2021-07-13,1,-0.0016512870325401385,-0.11491641407979769,0.9192893185734655
2021-07-14,1,0.001654018291496362,-0.11345246963918243,0.9208098399215633
2021-07-15,1,0.0012627489072365439,-0.11233298271400616,0.9219725915406969
2021-07-16,1,-0.0002910360884750274,-0.11259132585058529,0.9217042642439737
2021-07-19,1,0.003105288694808417,-0.10983566572707426,0.9245664220756872
2021-07-20,1,0.00019347973299788102,-0.10966343696935488,0.9247453069401692
2021-07-21,1,-0.0019344230583229205,-0.11138572454654938,0.9229564582953482
2021-07-22,1,0.00048454307587952883,-0.11095515265225064,0.9234036704565536
2021-07-23,1,-0.00038744672607504693,-0.11129961016768941,0.9230459007275895
2021-07-26,1,0.00019379844961231463,-0.11112738140997003,0.9232247855920716
2021-07-27,1,0.0008719240457275568,-0.11035235200023252,0.924029767482241
2021-07-28,1,-0.0009679605072113739,-0.11121349578882977,0.9231353431598305
2021-07-29,1,9.688983625633085e-05,-0.11112738140996992,0.9232247855920717
2021-07-30,1,0.000775043596202174,-0.11043846637909227,0.9239403250499999
2021-08-02,1,0.002032913843175388,-0.10863006442303791,0.9258186161270621
2021-08-03,1,0.0,-0.10863006442303791,0.9258186161270621
2021-08-04,1,-0.000676263162979529,-0.10923286507505603,0.9251925191013747
2021-08-05,1,-0.0014501160092806886,-0.1105245807579518,0.923850882617759
2021-08-06,1,-0.001839481072708038,-0.11216075395628666,0.922151476405179
2021-08-09,1,-0.0010669253152278957,-0.11310801212374344,0.9211676096505276
2021-08-10,1,-0.0009709680551509559,-0.11396915591234058,0.9202731853281172
2021-08-11,1,0.00029157352512387824,-0.11371081277576145,0.9205415126248403
2021-08-12,1,-0.0004858142246404462,-0.11414138467005996,0.9200943004636352
2021-08-13,1,0.0015553611354135466,-0.11276355460830456,0.9215253793794919
2021-08-16,1,0.0012617684169657917,-0.11164406768312829,0.9226881309986253
2021-08-17,1,-0.00029081039162470734,-0.11190241081970753,0.9224198037019021
2021-08-18,1,-0.00048482497818280734,-0.11233298271400605,0.921972591540697
2021-08-19,1,0.0004850601474581939,-0.11190241081970753,0.9224198037019021
2021-08-20,1,-0.0006787549694559081,-0.11250521147172543,0.921793706676215
2021-08-23,1,0.00019406171162428265,-0.11233298271400605,0.921972591540697
2021-08-24,1,-0.0006790842064415825,-0.11293578336602406,0.9213464945150097
2021-08-25,1,-0.001164935443160875,-0.11396915591234058,0.9202731853281172
2021-08-26,1,-0.0001943823500826225,-0.11414138467006008,0.920094300463635
2021-08-27,1,0.0012637309225236315,-0.11302189774488369,0.9212570520827686
2021-08-30,1,0.0008737864077670299,-0.1122468683351463,0.9220620339729381
2021-08-31,1,-0.0015520419051313628,-0.1136246983969017,0.9206309550570814
2021-09-01,1,-0.00019430681045384812,-0.11379692715462131,0.9204520701925991
2021-09-02,1,0.00019434457292799578,-0.1136246983969017,0.9206309550570814
2021-09-03,1,-0.00048576702613434275,-0.11405527029120033,0.9201837428958761
2021-09-07,1,-0.0013608087091757648,-0.11526087159523646,0.9189315488445015
2021-09-08,1,0.000681331516449335,-0.11465807094321834,0.9195576458701888
2021-09-09,1,0.0007781344227215659,-0.11396915591234058,0.9202731853281172
2021-09-10,1,-0.0010691029254543682,-0.11491641407979747,0.9192893185734657
2021-09-13,1,0.00038918077446958854,-0.1145719565643587,0.9196470883024298
2021-09-14,1,0.0009725734292940214,-0.11371081277576134,0.9205415126248404
2021-09-15,1,-0.0007773027594247806,-0.1143997278066391,0.9198259731669121
2021-09-16,1,-0.0009723842862700005,-0.11526087159523635,0.9189315488445016
2021-09-17,1,-0.0011679968853415268,-0.11629424414155287,0.9178582396576092
2021-09-20,1,0.0015591502631064902,-0.11491641407979747,0.9192893185734657
2021-09-21,1,-0.00029188558085235794,-0.11517475721637671,0.9190209912767425
2021-09-22,1,-0.0011678832116788218,-0.11620812976269335,0.91794768208985
2021-09-23,1,-0.0022410601188734836,-0.11818876047646676,0.9158905061483061
2021-09-24,1,-0.0012695312500000666,-0.11930824740164325,0.9147277545291724
2021-09-27,1,-0.0008800234672923235,-0.12008327681138053,0.9139227726390031
2021-09-28,1,-0.0009786651008025782,-0.12094442059997779,0.9130283483165926
2021-09-29,1,0.0001959247648901652,-0.1207721918422584,0.9132072331810747
2021-09-30,1,-9.794319294798015e-05,-0.12085830622111804,0.9131177907488337
2021-10-01,1,0.002154961308649117,-0.11896378988620437,0.9150855242581366
2021-10-04,1,-0.0005864529371518712,-0.11948047615936275,0.9145488696646903
2021-10-05,1,-0.0012713936430317485,-0.12059996308453902,0.9133861180455567
2021-10-06,1,-0.00019584802193506334,-0.12077219184225851,0.9132072331810746
2021-10-07,1,-0.0012732615083250742,-0.12189167876743479,0.9120444815619411
2021-10-08,1,-0.0010787486515642097,-0.12283893693489178,0.9110606148072895
2021-10-11,1,0.0,-0.12283893693489178,0.9110606148072895
2021-10-12,1,-0.0004908698213234031,-0.12326950882919041,0.9106134026460843
2021-10-13,1,-9.822217856791937e-05,-0.12335562320805016,0.9105239602138432
2021-10-14,1,0.0011787819253439302,-0.12232225066173341,0.9115972694007358
2021-10-15,1,-0.0024529042386185473,-0.12447511013322643,0.9093612085947097
2021-10-18,1,-0.0010819317399429762,-0.12542236830068343,0.9083773418400581
2021-10-19,1,-0.0002953918865695737,-0.12568071143726267,0.9081090145433349
2021-10-20,1,0.00029547916871863755,-0.12542236830068343,0.9083773418400581
2021-10-21,1,-0.0022646711303663247,-0.12740299901445695,0.906320165898514
2021-10-22,1,0.0,-0.12740299901445695,0.906320165898514
2021-10-25,1,0.0011842494818909977,-0.1263696264681402,0.9073934750854067
2021-10-26,1,-9.857072449492854e-05,-0.12645574084700006,0.9073040326531655
2021-10-27,1,0.001577287066246047,-0.12507791078524466,0.9087351115690222
2021-10-28,1,-0.001279527559055027,-0.12619739771042082,0.9075723599498887
2021-10-29,1,-9.855129594960044e-05,-0.12628351208928057,0.9074829175176476
2021-11-01,1,-0.0008870490833825517,-0.12705854149901796,0.9066779356274783
2021-11-02,1,0.001677024760777357,-0.1255945970584028,0.9081984569755761
2021-11-03,1,-0.0010833169194406356,-0.1265418552258597,0.9072145902209245
2021-11-04,1,0.0025633441782508815,-0.12430288137550716,0.9095400934591916
2021-11-05,1,0.0018684236404760135,-0.1226667081771724,0.9112394996717715
2021-11-08,1,-0.0022575579112680266,-0.12464733889094592,0.9091823237302276
2021-11-09,1,0.0020659124446629207,-0.1228389369348919,0.9110606148072894
2021-11-10,1,-0.004614176320439811,-0.1268863127412987,0.9068568204919603
2021-11-11,1,0.0,-0.1268863127412987,0.9068568204919603
2021-11-12,1,-0.0010849196173192688,-0.12783357090875558,0.9058729537373088
2021-11-15,1,-0.000987361769352213,-0.12869471469735272,0.9049785294148984
2021-11-16,1,-0.0002965012848389348,-0.12895305783393196,0.9047102021181752
2021-11-17,1,0.000988630746416197,-0.1280919140453347,0.9056046264405857
2021-11-18,1,0.00039506172839520737,-0.12774745652989572,0.90596239616955
2021-11-19,1,0.0007898114325204375,-0.12705854149901796,0.9066779356274783
2021-11-22,1,-0.0037486435829141573,-0.13033088789568748,0.9032791232023185
2021-11-23,1,-0.000594118229527596,-0.13084757416884574,0.9027424686088723
2021-11-24,1,-0.00029723570791639897,-0.13110591730542487,0.9024741413121492
2021-11-26,1,0.005649157581764097,-0.12619739771042082,0.9075723599498887
2021-11-29,1,-0.0003942051837980687,-0.1265418552258596,0.9072145902209247
2021-11-30,1,0.0009859016070195015,-0.12568071143726256,0.908109014543335
2021-12-01,1,-0.0003939722249581834,-0.12602516895270144,0.9077512448143709
2021-12-02,1,-0.0016750418760469454,-0.1274891133933166,0.9062307234662731
2021-12-03,1,0.0030596131069877686,-0.12481956764866531,0.9090034388657455
2021-12-06,1,-0.0031486765718783394,-0.12757522777217623,0.9061412810340321
2021-12-07,1,-0.0018754318428585437,-0.12921140097051087,0.9044418748214523
2021-12-08,1,-0.0003955696202532222,-0.12955585848594986,0.904084105092488
2021-12-09,1,0.0002967946181242631,-0.12929751534937073,0.9043524323892111
2021-12-10,1,0.0002967065572150318,-0.1290391722127915,0.9046207596859344
2021-12-13,1,0.0014830927427329499,-0.1277474565298956,0.9059623961695501
2021-12-14,1,-0.0007898114325206596,-0.1284363715607736,0.9052468567116215
2021-12-15,1,-0.0009880446596185477,-0.12929751534937073,0.9043524323892111
2021-12-16,1,0.002769261200672446,-0.12688631274129858,0.9068568204919604
2021-12-17,1,0.0,-0.12688631274129858,0.9068568204919604
2021-12-20,1,0.0001972581122398065,-0.1267140839835792,0.9070357053564424
2021-12-21,1,-0.0025638497189625076,-0.12895305783393185,0.9047102021181753
2021-12-22,1,0.0006920415224913601,-0.12835025718191384,0.9053362991438626
2021-12-23,1,-0.0010867417506421617,-0.12929751534937073,0.9043524323892111
2021-12-27,1,-0.00019780437147653984,-0.1294697441070901,0.9041735475247291
2021-12-28,1,0.00019784350578677667,-0.12929751534937084,0.904352432389211
2021-12-29,1,-0.001285728414597953,-0.13041700227454722,0.9031896807700774
2021-12-30,1,0.0007922360863537037,-0.12972808724366947,0.9039052202280058
2021-12-31,1,0.00019790223629523318,-0.12955585848595008,0.9040841050924878
2022-01-03,1,-0.00395726157498999,-0.13300043364033876,0.9005064078028461
2022-01-04,1,-0.0003972983710767153,-0.13334489115577763,0.9001486380738819
2022-01-05,1,-0.0020866454689983938,-0.13515329311183177,0.89827034699682
2022-01-06,1,-0.0016927212984167994,-0.13661723755244704,0.8967498256487222
2022-01-07,1,-0.0008976660682226134,-0.13739226696218454,0.8959448437585528
2022-01-10,1,-0.0010981331736048539,-0.13833952512964143,0.8949609770039013
2022-01-11,1,0.000899460323805723,-0.13756449571990392,0.8957659588940707
2022-01-12,1,0.0004992511233150587,-0.1371339238256053,0.896213171055276
2022-01-13,1,0.0004990019960080527,-0.13670335193130667,0.8966603832164812
2022-01-14,1,-0.0024937655860348684,-0.1388562114027997,0.8944243224104551
2022-01-18,1,-0.0036000000000000476,-0.1419563290417496,0.8912043948497774
2022-01-19,1,0.001204335608189444,-0.14092295649543296,0.89227770403667
2022-01-20,1,-0.00030072173215722753,-0.1411812996320122,0.8920093767399467
2022-01-21,1,0.002707309736287966,-0.1388562114027998,0.894424322410455
2022-01-24,1,0.0009999999999998899,-0.13799506761420266,0.8953187467328654
2022-01-25,1,-0.0017982017982016707,-0.13954512643367745,0.8937087829525266
2022-01-26,1,-0.0027021617293834232,-0.14187021466288985,0.8912938372820185
2022-01-27,1,-0.0007024586051179726,-0.14247301531490797,0.8906677402563311
2022-01-28,1,0.0011046394858404973,-0.14152575714745108,0.8916516070109826
2022-01-31,1,-0.0003009328919650889,-0.1417841002840302,0.8913832797142595
2022-02-01,1,-0.0004013646397751369,-0.14212855779946898,0.8910255099852954
2022-02-02,1,0.0009034330455730544,-0.1413535283897316,0.8918304918754647
2022-02-03,1,-0.0021061077123657457,-0.14316193034578562,0.8899522007984029
2022-02-04,0,-0.004723618090452297,-0.1472093061521924,0.8857484064830737
2022-02-07,0,0.0,-0.1472093061521924,0.8857484064830737
2022-02-08,0,-0.0,-0.1472093061521924,0.8857484064830737
2022-02-09,0,0.0,-0.1472093061521924,0.8857484064830737
2022-02-10,0,-0.0,-0.1472093061521924,0.8857484064830737
2022-02-11,0,0.0,-0.1472093061521924,0.8857484064830737
2022-02-14,0,-0.0,-0.1472093061521924,0.8857484064830737
2022-02-15,0,-0.0,-0.1472093061521924,0.8857484064830737
2022-02-16,0,0.0,-0.1472093061521924,0.8857484064830737
2022-02-17,0,0.0,-0.1472093061521924,0.8857484064830737
2022-02-18,0,0.0,-0.1472093061521924,0.8857484064830737
2022-02-22,0,-0.0,-0.1472093061521924,0.8857484064830737
2022-02-23,0,-0.0,-0.1472093061521924,0.8857484064830737
2022-02-24,0,0.0,-0.1472093061521924,0.8857484064830737
2022-02-25,0,-0.0,-0.1472093061521924,0.8857484064830737
2022-02-28,0,0.0,-0.1472093061521924,0.8857484064830737
2022-03-01,0,0.0,-0.1472093061521924,0.8857484064830737
2022-03-02,0,-0.0,-0.1472093061521924,0.8857484064830737
2022-03-03,0,0.0,-0.1472093061521924,0.8857484064830737
2022-03-04,0,0.0,-0.1472093061521924,0.8857484064830737
2022-03-07,0,-0.0,-0.1472093061521924,0.8857484064830737
2022-03-08,0,-0.0,-0.1472093061521924,0.8857484064830737
2022-03-09,0,-0.0,-0.1472093061521924,0.8857484064830737
2022-03-10,0,-0.0,-0.1472093061521924,0.8857484064830737
2022-03-11,0,-0.0,-0.1472093061521924,0.8857484064830737
2022-03-14,0,-0.0,-0.1472093061521924,0.8857484064830737
2022-03-15,0,-0.0,-0.1472093061521924,0.8857484064830737
2022-03-16,0,-0.0,-0.1472093061521924,0.8857484064830737
2022-03-17,0,0.0,-0.1472093061521924,0.8857484064830737
2022-03-18,0,0.0,-0.1472093061521924,0.8857484064830737
2022-03-21,0,-0.0,-0.1472093061521924,0.8857484064830737
2022-03-22,0,-0.0,-0.1472093061521924,0.8857484064830737
2022-03-23,0,0.0,-0.1472093061521924,0.8857484064830737
2022-03-24,0,-0.0,-0.1472093061521924,0.8857484064830737
2022-03-25,0,-0.0,-0.1472093061521924,0.8857484064830737
2022-03-28,0,-0.0,-0.1472093061521924,0.8857484064830737
2022-03-29,0,0.0,-0.1472093061521924,0.8857484064830737
2022-03-30,0,0.0,-0.1472093061521924,0.8857484064830737
2022-03-31,0,0.0,-0.1472093061521924,0.8857484064830737
2022-04-01,0,-0.0,-0.1472093061521924,0.8857484064830737
2022-04-04,0,-0.0,-0.1472093061521924,0.8857484064830737
2022-04-05,0,-0.0,-0.1472093061521924,0.8857484064830737
2022-04-06,0,-0.0,-0.1472093061521924,0.8857484064830737
2022-04-07,0,0.0,-0.1472093061521924,0.8857484064830737
2022-04-08,0,-0.0,-0.1472093061521924,0.8857484064830737
2022-04-11,0,-0.0,-0.1472093061521924,0.8857484064830737
2022-04-12,0,0.0,-0.1472093061521924,0.8857484064830737
2022-04-13,0,0.0,-0.1472093061521924,0.8857484064830737
2022-04-14,0,-0.0,-0.1472093061521924,0.8857484064830737
2022-04-18,0,-0.0,-0.1472093061521924,0.8857484064830737
2022-04-19,0,-0.0,-0.1472093061521924,0.8857484064830737
2022-04-20,0,0.0,-0.1472093061521924,0.8857484064830737
2022-04-21,0,-0.0,-0.1472093061521924,0.8857484064830737
2022-04-22,0,0.0,-0.1472093061521924,0.8857484064830737
2022-04-25,0,0.0,-0.1472093061521924,0.8857484064830737
2022-04-26,0,0.0,-0.1472093061521924,0.8857484064830737
2022-04-27,0,-0.0,-0.1472093061521924,0.8857484064830737
2022-04-28,0,-0.0,-0.1472093061521924,0.8857484064830737
2022-04-29,0,-0.0,-0.1472093061521924,0.8857484064830737
2022-05-02,0,-0.0,-0.1472093061521924,0.8857484064830737
2022-05-03,0,0.0,-0.1472093061521924,0.8857484064830737
2022-05-04,0,0.0,-0.1472093061521924,0.8857484064830737
2022-05-05,0,-0.0,-0.1472093061521924,0.8857484064830737
2022-05-06,0,-0.0,-0.1472093061521924,0.8857484064830737
2022-05-09,0,0.0,-0.1472093061521924,0.8857484064830737
2022-05-10,0,0.0,-0.1472093061521924,0.8857484064830737
2022-05-11,0,0.0,-0.1472093061521924,0.8857484064830737
2022-05-12,0,0.0,-0.1472093061521924,0.8857484064830737
2022-05-13,0,-0.0,-0.1472093061521924,0.8857484064830737
2022-05-16,0,0.0,-0.1472093061521924,0.8857484064830737
2022-05-17,0,-0.0,-0.1472093061521924,0.8857484064830737
2022-05-18,0,0.0,-0.1472093061521924,0.8857484064830737
2022-05-19,0,0.0,-0.1472093061521924,0.8857484064830737
2022-05-20,0,0.0,-0.1472093061521924,0.8857484064830737
2022-05-23,0,-0.0,-0.1472093061521924,0.8857484064830737
2022-05-24,0,0.0,-0.1472093061521924,0.8857484064830737
2022-05-25,0,0.0,-0.1472093061521924,0.8857484064830737
2022-05-26,0,0.0,-0.1472093061521924,0.8857484064830737
2022-05-27,0,-0.0,-0.1472093061521924,0.8857484064830737
2022-05-31,0,-0.0,-0.1472093061521924,0.8857484064830737
2022-06-01,0,-0.0,-0.1472093061521924,0.8857484064830737
2022-06-02,0,0.0,-0.1472093061521924,0.8857484064830737
2022-06-03,0,-0.0,-0.1472093061521924,0.8857484064830737
2022-06-06,0,-0.0,-0.1472093061521924,0.8857484064830737
2022-06-07,0,0.0,-0.1472093061521924,0.8857484064830737
2022-06-08,0,-0.0,-0.1472093061521924,0.8857484064830737
2022-06-09,0,-0.0,-0.1472093061521924,0.8857484064830737
2022-06-10,0,-0.0,-0.1472093061521924,0.8857484064830737
2022-06-13,0,-0.0,-0.1472093061521924,0.8857484064830737
2022-06-14,0,-0.0,-0.1472093061521924,0.8857484064830737
2022-06-15,0,0.0,-0.1472093061521924,0.8857484064830737
2022-06-16,0,0.0,-0.1472093061521924,0.8857484064830737
2022-06-17,0,0.0,-0.1472093061521924,0.8857484064830737
2022-06-21,0,-0.0,-0.1472093061521924,0.8857484064830737
2022-06-22,0,0.0,-0.1472093061521924,0.8857484064830737
2022-06-23,0,0.0,-0.1472093061521924,0.8857484064830737
2022-06-24,0,-0.0,-0.1472093061521924,0.8857484064830737
2022-06-27,0,-0.0,-0.1472093061521924,0.8857484064830737
2022-06-28,0,-0.0,-0.1472093061521924,0.8857484064830737
2022-06-29,0,0.0,-0.1472093061521924,0.8857484064830737
2022-06-30,0,0.0,-0.1472093061521924,0.8857484064830737
2022-07-01,0,0.0,-0.1472093061521924,0.8857484064830737
2022-07-05,0,0.0,-0.1472093061521924,0.8857484064830737
2022-07-06,0,-0.0,-0.1472093061521924,0.8857484064830737
2022-07-07,0,-0.0,-0.1472093061521924,0.8857484064830737
2022-07-08,0,-0.0,-0.1472093061521924,0.8857484064830737
2022-07-11,0,0.0,-0.1472093061521924,0.8857484064830737
2022-07-12,0,0.0,-0.1472093061521924,0.8857484064830737
2022-07-13,0,-0.0,-0.1472093061521924,0.8857484064830737
2022-07-14,0,-0.0,-0.1472093061521924,0.8857484064830737
2022-07-15,0,0.0,-0.1472093061521924,0.8857484064830737
2022-07-18,0,-0.0,-0.1472093061521924,0.8857484064830737
2022-07-19,0,-0.0,-0.1472093061521924,0.8857484064830737
2022-07-20,0,-0.0,-0.1472093061521924,0.8857484064830737
2022-07-21,0,0.0,-0.1472093061521924,0.8857484064830737
2022-07-22,0,0.0,-0.1472093061521924,0.8857484064830737
2022-07-25,0,-0.0,-0.1472093061521924,0.8857484064830737
2022-07-26,0,0.0,-0.1472093061521924,0.8857484064830737
2022-07-27,0,0.0,-0.1472093061521924,0.8857484064830737
2022-07-28,0,0.0,-0.1472093061521924,0.8857484064830737
2022-07-29,0,0.0,-0.1472093061521924,0.8857484064830737
2022-08-01,0,0.0,-0.1472093061521924,0.8857484064830737
2022-08-02,0,-0.0,-0.1472093061521924,0.8857484064830737
2022-08-03,0,-0.0,-0.1472093061521924,0.8857484064830737
2022-08-04,0,0.0,-0.1472093061521924,0.8857484064830737
2022-08-05,0,-0.0,-0.1472093061521924,0.8857484064830737
2022-08-08,0,0.0,-0.1472093061521924,0.8857484064830737
2022-08-09,0,-0.0,-0.1472093061521924,0.8857484064830737
2022-08-10,0,0.0,-0.1472093061521924,0.8857484064830737
2022-08-11,0,-0.0,-0.1472093061521924,0.8857484064830737
2022-08-12,0,0.0,-0.1472093061521924,0.8857484064830737
2022-08-15,0,0.0,-0.1472093061521924,0.8857484064830737
2022-08-16,0,-0.0,-0.1472093061521924,0.8857484064830737
2022-08-17,0,-0.0,-0.1472093061521924,0.8857484064830737
2022-08-18,0,0.0,-0.1472093061521924,0.8857484064830737
2022-08-19,0,-0.0,-0.1472093061521924,0.8857484064830737
2022-08-22,0,-0.0,-0.1472093061521924,0.8857484064830737
2022-08-23,0,0.0,-0.1472093061521924,0.8857484064830737
2022-08-24,0,-0.0,-0.1472093061521924,0.8857484064830737
2022-08-25,0,0.0,-0.1472093061521924,0.8857484064830737
2022-08-26,0,-0.0,-0.1472093061521924,0.8857484064830737
2022-08-29,0,-0.0,-0.1472093061521924,0.8857484064830737
2022-08-30,0,-0.0,-0.1472093061521924,0.8857484064830737
2022-08-31,0,-0.0,-0.1472093061521924,0.8857484064830737
2022-09-01,0,-0.0,-0.1472093061521924,0.8857484064830737
2022-09-02,0,0.0,-0.1472093061521924,0.8857484064830737
2022-09-06,0,-0.0,-0.1472093061521924,0.8857484064830737
2022-09-07,0,0.0,-0.1472093061521924,0.8857484064830737
2022-09-08,0,-0.0,-0.1472093061521924,0.8857484064830737
2022-09-09,0,-0.0,-0.1472093061521924,0.8857484064830737
2022-09-12,0,-0.0,-0.1472093061521924,0.8857484064830737
2022-09-13,0,-0.0,-0.1472093061521924,0.8857484064830737
2022-09-14,0,-0.0,-0.1472093061521924,0.8857484064830737
2022-09-15,0,-0.0,-0.1472093061521924,0.8857484064830737
2022-09-16,0,0.0,-0.1472093061521924,0.8857484064830737
2022-09-19,0,-0.0,-0.1472093061521924,0.8857484064830737
2022-09-20,0,-0.0,-0.1472093061521924,0.8857484064830737
2022-09-21,0,0.0,-0.1472093061521924,0.8857484064830737
2022-09-22,0,-0.0,-0.1472093061521924,0.8857484064830737
2022-09-23,0,-0.0,-0.1472093061521924,0.8857484064830737
2022-09-26,0,-0.0,-0.1472093061521924,0.8857484064830737
2022-09-27,0,-0.0,-0.1472093061521924,0.8857484064830737
2022-09-28,0,0.0,-0.1472093061521924,0.8857484064830737
2022-09-29,0,-0.0,-0.1472093061521924,0.8857484064830737
2022-09-30,0,-0.0,-0.1472093061521924,0.8857484064830737
2022-10-03,0,0.0,-0.1472093061521924,0.8857484064830737
2022-10-04,0,0.0,-0.1472093061521924,0.8857484064830737
2022-10-05,0,-0.0,-0.1472093061521924,0.8857484064830737
2022-10-06,0,-0.0,-0.1472093061521924,0.8857484064830737
2022-10-07,0,-0.0,-0.1472093061521924,0.8857484064830737
2022-10-10,0,0.0,-0.1472093061521924,0.8857484064830737
2022-10-11,0,-0.0,-0.1472093061521924,0.8857484064830737
2022-10-12,0,0.0,-0.1472093061521924,0.8857484064830737
2022-10-13,0,-0.0,-0.1472093061521924,0.8857484064830737
2022-10-14,0,-0.0,-0.1472093061521924,0.8857484064830737
2022-10-17,0,0.0,-0.1472093061521924,0.8857484064830737
2022-10-18,0,0.0,-0.1472093061521924,0.8857484064830737
2022-10-19,0,-0.0,-0.1472093061521924,0.8857484064830737
2022-10-20,0,-0.0,-0.1472093061521924,0.8857484064830737
2022-10-21,0,0.0,-0.1472093061521924,0.8857484064830737
2022-10-24,0,-0.0,-0.1472093061521924,0.8857484064830737
2022-10-25,0,0.0,-0.1472093061521924,0.8857484064830737
2022-10-26,0,0.0,-0.1472093061521924,0.8857484064830737
2022-10-27,0,0.0,-0.1472093061521924,0.8857484064830737
2022-10-28,0,-0.0,-0.1472093061521924,0.8857484064830737
2022-10-31,0,-0.0,-0.1472093061521924,0.8857484064830737
2022-11-01,0,-0.0,-0.1472093061521924,0.8857484064830737
2022-11-02,0,-0.0,-0.1472093061521924,0.8857484064830737
2022-11-03,0,-0.0,-0.1472093061521924,0.8857484064830737
2022-11-04,0,0.0,-0.1472093061521924,0.8857484064830737
2022-11-07,0,-0.0,-0.1472093061521924,0.8857484064830737
2022-11-08,0,0.0,-0.1472093061521924,0.8857484064830737
2022-11-09,0,0.0,-0.1472093061521924,0.8857484064830737
2022-11-10,0,0.0,-0.1472093061521924,0.8857484064830737
2022-11-11,0,0.0,-0.1472093061521924,0.8857484064830737
2022-11-14,0,-0.0,-0.1472093061521924,0.8857484064830737
2022-11-15,0,0.0,-0.1472093061521924,0.8857484064830737
2022-11-16,0,0.0,-0.1472093061521924,0.8857484064830737
2022-11-17,0,-0.0,-0.1472093061521924,0.8857484064830737
2022-11-18,0,-0.0,-0.1472093061521924,0.8857484064830737
2022-11-21,0,-0.0,-0.1472093061521924,0.8857484064830737
2022-11-22,0,0.0,-0.1472093061521924,0.8857484064830737
2022-11-23,0,0.0,-0.1472093061521924,0.8857484064830737
2022-11-25,0,0.0,-0.1472093061521924,0.8857484064830737
2022-11-28,0,0.0,-0.1472093061521924,0.8857484064830737
2022-11-29,0,-0.0,-0.1472093061521924,0.8857484064830737
2022-11-30,0,0.0,-0.1472093061521924,0.8857484064830737
2022-12-01,0,0.0,-0.1472093061521924,0.8857484064830737
2022-12-02,0,0.0,-0.1472093061521924,0.8857484064830737
2022-12-05,0,-0.0,-0.1472093061521924,0.8857484064830737
2022-12-06,0,0.0,-0.1472093061521924,0.8857484064830737
2022-12-07,0,0.0,-0.1472093061521924,0.8857484064830737
2022-12-08,0,-0.0,-0.1472093061521924,0.8857484064830737
2022-12-09,0,-0.0,-0.1472093061521924,0.8857484064830737
2022-12-12,0,-0.0,-0.1472093061521924,0.8857484064830737
2022-12-13,0,0.0,-0.1472093061521924,0.8857484064830737
2022-12-14,0,0.0,-0.1472093061521924,0.8857484064830737
2022-12-15,0,0.0,-0.1472093061521924,0.8857484064830737
2022-12-16,0,-0.0,-0.1472093061521924,0.8857484064830737
2022-12-19,0,-0.0,-0.1472093061521924,0.8857484064830737
2022-12-20,0,-0.0,-0.1472093061521924,0.8857484064830737
2022-12-21,0,0.0,-0.1472093061521924,0.8857484064830737
2022-12-22,0,-0.0,-0.1472093061521924,0.8857484064830737
2022-12-23,0,-0.0,-0.1472093061521924,0.8857484064830737
2022-12-27,0,-0.0,-0.1472093061521924,0.8857484064830737
2022-12-28,0,-0.0,-0.1472093061521924,0.8857484064830737
2022-12-29,0,0.0,-0.1472093061521924,0.8857484064830737
2022-12-30,0,-0.0,-0.1472093061521924,0.8857484064830737
2023-01-03,0,0.0,-0.1472093061521924,0.8857484064830737
2023-01-04,0,0.0,-0.1472093061521924,0.8857484064830737
2023-01-05,0,-0.0,-0.1472093061521924,0.8857484064830737
2023-01-06,0,0.0,-0.1472093061521924,0.8857484064830737
2023-01-09,0,0.0,-0.1472093061521924,0.8857484064830737
2023-01-10,0,-0.0,-0.1472093061521924,0.8857484064830737
2023-01-11,0,0.0,-0.1472093061521924,0.8857484064830737
2023-01-12,0,0.0,-0.1472093061521924,0.8857484064830737
2023-01-13,0,-0.0,-0.1472093061521924,0.8857484064830737
2023-01-17,0,-0.0,-0.1472093061521924,0.8857484064830737
2023-01-18,1,0.0,-0.1472093061521924,0.8857484064830737
2023-01-19,1,-0.0012794540995841874,-0.14830041270152317,0.8846151320531989
2023-01-20,1,-0.002882459698943074,-0.1507554024375175,0.8820652645859803
2023-01-23,1,-0.00192719486081383,-0.15239206226151392,0.8803653529411678
2023-01-24,1,0.0021454623471357515,-0.1505735513459625,0.882254143657626
2023-01-25,1,0.0006422607578677741,-0.15002799807129708,0.8828207808725635
2023-01-26,1,-0.0018185708172870907,-0.15157373234951566,0.8812153087635741
2023-01-27,1,-0.0006430178973314549,-0.15211928562418098,0.8806486715486367
2023-01-30,1,-0.0018230563002681333,-0.15366501990239978,0.8790431994396471
2023-01-31,1,0.00408250966910173,-0.15020984916285218,0.8826319018009177
2023-02-01,1,0.003958912903916145,-0.1468456039690822,0.8861261646263654
2023-02-02,1,-0.00021315144410094522,-0.1470274550606373,0.8859372855547196
2023-02-03,1,-0.006182709732437841,-0.15230113671573609,0.8804597924769909
2023-02-06,1,-0.005363080553469901,-0.15684741400461444,0.8757378156858454
2023-02-07,1,-0.0003235198964736119,-0.15712019064194716,0.8754544970783767
2023-02-08,1,0.001402373247033406,-0.1559381585468388,0.8766822110440745
2023-02-09,1,-0.002369923516104655,-0.1579385205539453,0.8746045412559705
2023-02-10,1,-0.0019436345966957758,-0.15957518037794138,0.8729046296111582
2023-02-13,1,0.0006491398896459888,-0.15902962710327628,0.8734712668260954
2023-02-14,1,-0.0033517136987780694,-0.16184831902238073,0.8705436412155854
2023-02-15,1,-0.0007593838142765374,-0.16248479784282377,0.8698825644648249
2023-02-16,1,-0.001302790142221344,-0.16357590439215464,0.8687492900349499
2023-02-17,1,0.0017393194912491694,-0.16212109565971344,0.8702603226081166
2023-02-21,1,-0.0049918610960391074,-0.1663036707654817,0.8659161039602626
2023-02-22,1,0.0006543788853745625,-0.16575811749081626,0.8664827411752001
2023-02-23,1,0.0014168937329699371,-0.1645760853957079,0.8677104551408978
2023-02-24,1,-0.003482803656943756,-0.16748570286059006,0.8646883899945648
2023-02-27,1,0.001310615989515096,-0.1663945963112592,0.8658216644244398
2023-02-28,1,0.0006544502617800152,-0.16584904303659376,0.8663883016393772
2023-03-01,1,-0.003815129714410226,-0.16903143713880864,0.8630829178855753
2023-03-02,1,-0.0015318962687383975,-0.1703043947796946,0.8617607643840546
2023-03-03,1,0.0028493150684931745,-0.16794033058947788,0.8642161923154502
2023-03-06,1,-0.0007649437219976463,-0.16857680940992092,0.8635551155646898
2023-03-07,1,-0.0018591426071741246,-0.17012254368813962,0.8619496434557002
2023-03-08,1,-0.0007669551879039282,-0.17075902250858255,0.8612885667049399
2023-03-09,1,0.004495614035087581,-0.16703107513170246,0.8651605876736791
2023-03-10,1,0.00993341338281839,-0.1587568504659438,0.8737545854335639
2023-03-13,1,0.011024643320363348,-0.14948244479663175,0.8833874180875009
2023-03-14,1,-0.0057729313662604476,-0.15439242426862043,0.8782876831530637
2023-03-15,1,0.009354838709677571,-0.14648190178597187,0.8865039227696571
2023-03-16,1,-0.006285288164482816,-0.15184650898684837,0.8809319901561053
2023-03-17,1,0.007825900514579764,-0.1452089441450859,0.8878260762711778
2023-03-20,1,-0.00244654823954904,-0.14730023169797002,0.8856539669472508
2023-03-21,1,-0.0057581573896353655,-0.1522102111699587,0.8805542320128137
2023-03-22,1,0.007829257829257807,-0.14557264632819633,0.887448318127886
2023-03-23,1,0.00425667766308413,-0.14193562449709352,0.8912258995608026
2023-03-24,1,0.00010596587898681342,-0.14184469895131602,0.8913203390966253
2023-03-27,1,-0.006887052341597699,-0.14775485942685784,0.8851817692681363
2023-03-28,1,-0.001386962552011206,-0.1489368915219662,0.8839540553024384
2023-03-29,1,-0.0010683760683759536,-0.14984614697974186,0.8830096599442094
2023-03-30,1,0.00021390374331553552,-0.14966429588818664,0.8831985390158553
2023-03-31,1,0.0034217279726262984,-0.14675467842330436,0.8862206041621885
2023-04-03,1,0.002557544757033181,-0.14457246532464285,0.8884871530219383
2023-04-04,1,0.004145408163265252,-0.14102636903931776,0.8921702949190317
2023-04-05,1,0.0014819519424156269,-0.1397534113984319,0.8934924484205524
2023-04-06,1,0.00010569707219110214,-0.13966248585265428,0.8935868879563753
2023-04-10,1,-0.005707038681040055,-0.14457246532464307,0.888487153021938
2023-04-11,1,-0.0004251700680271142,-0.1449361675077533,0.8881093948786465
2023-04-12,1,0.0020204168438962,-0.1432085821379795,0.8899037460592818
2023-04-13,1,-0.0008489865223388904,-0.14393598650419992,0.8891482297726986
2023-04-14,1,-0.0032926181625066997,-0.14675467842330459,0.8862206041621883
2023-04-17,1,-0.0031969309462914763,-0.14948244479663153,0.8833874180875011
2023-04-18,1,0.00010690613641206603,-0.14939151925085414,0.8834818576233239
2023-04-19,1,-0.0011758417958310785,-0.1503917002544073,0.8824430227292719
2023-04-20,1,0.003210616438356073,-0.14766393388108034,0.8852762088039591
2023-04-21,1,-0.0010667804565819283,-0.148573189338856,0.8843318134457301
2023-04-24,1,0.0023494233233660733,-0.14657282733174948,0.8864094832338341
2023-04-25,1,0.006499041125079819,-0.14102636903931787,0.8921702949190315
2023-04-26,1,-0.002117074203450864,-0.14284487995486927,0.8902815042025733
2023-04-27,1,-0.00445528800254591,-0.1466637528775272,0.8863150436980111
2023-04-28,1,0.0035162493340439305,-0.1436632098668672,0.8894315483801674
2023-05-01,1,-0.00488426417498411,-0.14784578497263534,0.8850873297323134
2023-05-02,1,0.006722151088348172,-0.14211747558864873,0.8910370204891567
2023-05-03,1,0.004239533651298366,-0.13848045375754603,0.8948146019220731
2023-05-04,1,0.0010554089709762238,-0.13757119829977027,0.8957589972803022
2023-05-05,1,-0.0036900369003689537,-0.14075359240198515,0.8924536135265003
2023-05-08,1,-0.0031746031746031633,-0.1434813587753122,0.889620427451813
2023-05-09,1,-0.0005307855626326408,-0.14393598650420003,0.8891482297726985
2023-05-10,1,0.004460966542750855,-0.14011711358154222,0.8931146902772606
2023-05-11,1,0.0010574177857671785,-0.13920785812376657,0.8940590856354897
2023-05-12,1,-0.0031689025034329354,-0.14193562449709363,0.8912258995608024
2023-05-15,1,-0.0006357952739217687,-0.14248117777175895,0.890659262345865
2023-05-16,1,-0.0019085993001802803,-0.14411783759575525,0.8889593507010526
2023-05-17,1,-0.0023371932433867704,-0.14611819960286165,0.8868816809129486
2023-05-18,1,-0.0038334575657544834,-0.14939151925085425,0.8834818576233238
2023-05-19,1,-0.0018172100481026465,-0.15093725352907295,0.8818763855143342
2023-05-22,1,-0.0006425358749196919,-0.15148280680373827,0.8813097482993968
2023-05-23,1,0.0005357908272611844,-0.15102817907485033,0.8817819459785114
2023-05-24,1,-0.0019278140730427662,-0.15266483889884663,0.880082034333699
2023-05-25,1,-0.004399613692456228,-0.15639278627572684,0.8762100133649597
2023-05-26,1,-0.0011856003449018937,-0.1573929672792801,0.8751711784709078
2023-05-30,1,0.005395489370885853,-0.15284668999040185,0.8798931552620531
2023-05-31,1,0.0027905978319202607,-0.150482625800185,0.8823485831934489
2023-06-01,1,0.0017125120411003447,-0.14902781706774382,0.8838596157666155
2023-06-02,1,-0.00480820600491505,-0.15311946662773435,0.8796098366545846
2023-06-05,1,0.00032209576980890553,-0.15284668999040163,0.8798931552620534
2023-06-06,1,-0.0003219920575292523,-0.15311946662773435,0.8796098366545846
2023-06-07,1,-0.0030062271848829702,-0.1556653819095063,0.8769655296515431
2023-06-08,1,0.0029076028429892986,-0.15321039217351207,0.8795153971187615
2023-06-09,1,-0.0023622892730591483,-0.15521075418061858,0.8774377273306575
2023-06-12,1,0.00118394144871381,-0.15421057317706532,0.8784765622247095
2023-06-13,1,-0.003977639217372486,-0.1575748183708352,0.874982299399262
2023-06-14,1,-0.00021586616297908368,-0.15775666946239042,0.8747934203276161
2023-06-15,1,0.0036705171110871238,-0.15466520090595304,0.878004364545595
2023-06-16,1,-0.0023663547380875505,-0.15666556291305955,0.8759266947574911
2023-06-20,1,0.0011859838274932422,-0.1556653819095063,0.8769655296515431
2023-06-21,1,0.00021537798836956945,-0.1554835308179512,0.8771544087231888
2023-06-22,1,-0.0029069767441860517,-0.15793852055394542,0.8746045412559703
2023-06-23,1,0.0017276751970629611,-0.15648371182150445,0.8761155738291369
2023-06-26,1,0.0012935216125902205,-0.1553926052721737,0.8772488482590117
2023-06-27,1,-0.0023683927225750523,-0.1573929672792801,0.8751711784709078
2023-06-28,1,0.002050285960936593,-0.1556653819095064,0.876965529651543
2023-06-29,1,-0.00559982769760925,-0.16039351028993987,0.8720546737887517
2023-06-30,1,0.000758068009529822,-0.15975703146949705,0.8727157505395119
2023-07-03,1,-0.0021642679363705897,-0.16157554238504845,0.8708269598230536
2023-07-05,1,-0.0016267216137076934,-0.16293942557171193,0.86941036678571
2023-07-06,1,-0.0039104931566369405,-0.1662127452197043,0.8660105434960853
2023-07-07,1,0.000654307524536657,-0.16566719194503887,0.8665771807110229
2023-07-10,1,0.0031604184829989723,-0.16303035111748942,0.8693159272498872
2023-07-11,1,0.00043454644215112914,-0.1626666489343791,0.8696936853931789
2023-07-12,1,0.005538060592898075,-0.15802944609972325,0.8745101017201472
2023-07-13,1,0.004859611231101457,-0.15393779653973272,0.8787598808321782
2023-07-14,1,-0.003439011284255722,-0.15684741400461477,0.8757378156858451
2023-07-17,1,0.0007548797584384648,-0.15621093518417184,0.8763988924366054
2023-07-18,1,0.00021551724137935935,-0.15602908409261673,0.8765877715082513
2023-07-19,1,0.0011850894203837559,-0.15502890308906325,0.8776266064023035
2023-07-20,1,-0.0038738835682773365,-0.15830222273705574,0.8742267831126787
2023-07-21,1,0.00021605271686309102,-0.1581203716455004,0.8744156621843246
2023-07-24,1,-0.0016200453612701393,-0.159484254832164,0.872999069146981
2023-07-25,1,-0.0008654262224144782,-0.16021165919838443,0.8722435528603978
2023-07-26,1,0.0019488956258120194,-0.15857499937438824,0.8739434645052101
2023-07-27,1,-0.004754700669980627,-0.16257572338860127,0.869788124929002
2023-07-28,1,0.0021715526601520097,-0.16075721247304997,0.8716769156454602
2023-07-31,1,0.0008667388949079591,-0.16002980810682932,0.8724324319320436
2023-08-01,1,-0.0023814678501840048,-0.16203017011393583,0.8703547621439396
2023-08-02,1,0.0,-0.16203017011393583,0.8703547621439396
2023-08-03,1,-0.00238715277777779,-0.16403053212104235,0.8682770923558355
2023-08-04,1,0.005112029584511735,-0.1597570314694966,0.8727157505395123
2023-08-07,1,-0.0004328535872740735,-0.16012073365260693,0.8723379923962207
2023-08-08,1,0.0019486846378693468,-0.15848407382861074,0.874037904041033
2023-08-09,1,-0.0004321988114531772,-0.15884777601172095,0.8736601458977414
2023-08-10,1,-0.0034590855042698765,-0.16175739347660312,0.8706380807514082
2023-08-11,1,-0.0024948475973533,-0.16384868102948724,0.8684659714274813
2023-08-14,1,-0.0014136581122226044,-0.1650307131245956,0.8672382574617835
2023-08-15,1,-0.00021779374931940598,-0.16521256421615071,0.8670493783901377
2023-08-16,1,-0.0017427295501578621,-0.16666737294859169,0.8655383458169712
2023-08-17,1,0.0003273322422259195,-0.16639459631125897,0.86582166442444
2023-08-18,1,0.0011998254799301389,-0.1653944153077057,0.866860499318492
2023-08-21,1,-0.0028325525656389683,-0.16775847949792244,0.8644050713870963
2023-08-22,1,-0.0005462689828471534,-0.16821310722681038,0.8639328737079818
2023-08-23,1,0.004591167468299018,-0.16439423430415256,0.867899334212544
2023-08-24,1,-0.0018498367791077719,-0.16593996858237126,0.8662938621035544
2023-08-25,1,-0.0006540935353755994,-0.1664855218570367,0.8657272248886169
2023-08-28,1,0.001199956365223187,-0.16548534085348343,0.866766059782669
2023-08-29,1,0.004140335585094634,-0.16203017011393606,0.8703547621439394
2023-08-30,1,-0.00010850694444430875,-0.16212109565971344,0.8702603226081166
2023-08-31,1,0.001736299511665651,-0.16066628692727247,0.871771355181283
2023-09-01,1,-0.0020582818762864274,-0.16239387229704627,0.8699770040006477
2023-09-05,1,-0.002713851498046038,-0.1646670109414855,0.867616015605075
2023-09-06,1,-0.002176989223903414,-0.1664855218570369,0.8657272248886166
2023-09-07,1,0.0021817388458602593,-0.1646670109414855,0.867616015605075
2023-09-08,1,-0.0002176989223904302,-0.16484886203304072,0.8674271365334291
2023-09-11,1,-0.0005443658138268859,-0.16530348976192855,0.8669549388543145
2023-09-12,1,0.0,-0.16530348976192855,0.8669549388543145
2023-09-13,1,0.0009803921568627416,-0.1644851598499304,0.8678048946767207
2023-09-14,1,-0.0011970834693655341,-0.16548534085348365,0.8667660597826687
2023-09-15,1,-0.001198518195685283,-0.1664855218570368,0.8657272248886168
2023-09-18,1,0.0,-0.1664855218570368,0.8657272248886168
2023-09-19,1,-0.0018544780189811982,-0.1680312561352556,0.8641217527796272
2023-09-20,1,-0.0008743169398907069,-0.16875866050147614,0.8633662364930439
2023-09-21,1,-0.0021877050973528878,-0.17057717141702744,0.8614774457765857
2023-09-22,1,0.002082876562157443,-0.16884958604725364,0.863271796957221
2023-09-25,1,-0.0021879444262116188,-0.17066809696280505,0.8613830062407628
2023-09-26,1,-0.00010963710119493708,-0.17075902250858244,0.86128856670494
2023-09-27,1,-0.002192982456140413,-0.17257753342413396,0.8593997759884817
2023-09-28,1,0.00219780219780219,-0.17075902250858255,0.8612885667049399
2023-09-29,1,0.0005482456140351033,-0.17030439477969472,0.8617607643840545
2023-10-02,1,-0.00339726027397258,-0.17312308669879928,0.8588331387735443
2023-10-03,1,-0.003078953155926989,-0.17566900198057123,0.8561888317705028
2023-10-04,1,0.0033090668431501324,-0.1729412356072444,0.85902201784519
2023-10-05,1,0.0012093227792435712,-0.17194105460369113,0.8600608527392419
2023-10-06,1,-0.002415724168222222,-0.17394141661079754,0.857983182951138
2023-10-09,1,0.0,-0.17394141661079754,0.857983182951138
2023-10-10,1,0.005173362685745753,-0.1696679159592518,0.8624218411348148
2023-10-11,1,0.0010950503723172744,-0.16875866050147603,0.863366236493044
2023-10-12,1,-0.004047254430102898,-0.17212290569524613,0.8598719736675963
2023-10-13,1,0.0023064250411861664,-0.17021346923391723,0.8618552039198774
2023-10-16,1,-0.002410694718387063,-0.17221383124102374,0.8597775341317733
2023-10-17,1,-0.005052724077328707,-0.176396406346792,0.8554333154839193
2023-10-18,1,-0.0015455950540957941,-0.17766936398767796,0.8541111619823986
2023-10-19,1,-0.0006634232640424509,-0.1782149172623433,0.8535445247674611
2023-10-20,1,0.0034299623810578606,-0.17539622534323862,0.8564721503779714
2023-10-23,1,0.0017642518469511703,-0.17394141661079754,0.857983182951138
2023-10-24,1,0.0,-0.17394141661079754,0.857983182951138
2023-10-25,1,-0.0034122179416619103,-0.17676010852990198,0.8550555573406279
2023-10-26,1,0.0035343494588027102,-0.17385049106501993,0.858077622486961
2023-10-27,1,0.0014307726172131385,-0.17266845896991168,0.8593053364526586
2023-10-30,1,-0.0015386306187493703,-0.17394141661079765,0.8579831829511378
2023-10-31,1,0.000330214639515658,-0.17366863997346504,0.8582665015586065
2023-11-01,1,0.005281690140845008,-0.1693042137761418,0.8627995992781061
2023-11-02,1,0.0013134851138354442,-0.16821310722681093,0.8639328737079811
2023-11-03,1,0.00502842151289884,-0.16403053212104302,0.8682770923558348
2023-11-06,1,-0.0031542310202304913,-0.16666737294859235,0.8655383458169705
2023-11-07,1,0.001963993453355073,-0.16503071312459616,0.8672382574617828
2023-11-08,1,0.0008711749972776239,-0.16430330875837562,0.8679937737483662
2023-11-09,1,-0.004678489827004584,-0.16821310722681093,0.8639328737079811
2023-11-10,1,0.00021862702229991093,-0.16803125613525582,0.8641217527796269
2023-11-13,1,0.0003278688524590567,-0.1677584794979231,0.8644050713870957
2023-11-14,1,0.007757019556429601,-0.16130276574771585,0.8711102784305222
2023-11-15,1,-0.0037944492627925985,-0.16448515984993062,0.8678048946767205
2023-11-16,1,0.00348242463815418,-0.16157554238504857,0.8708269598230535
2023-11-17,1,-0.00032534432274144987,-0.16184831902238128,0.8705436412155848
2023-11-20,1,0.000325450206118294,-0.16157554238504868,0.8708269598230534
2023-11-21,1,0.0007591367530637161,-0.16093906356460563,0.8714880365738138
2023-11-22,1,-0.0004334633723450665,-0.16130276574771596,0.8711102784305221
2023-11-24,1,-0.002168256721595707,-0.16312127666326726,0.869221487714064
2023-11-27,1,0.0034767492394609523,-0.1602116591983852,0.872243552860397
2023-11-28,1,0.003031615417929956,-0.15766574391661314,0.8748878598634386
2023-11-29,1,0.0028065630397238195,-0.1553016797263963,0.8773432877948344
2023-11-30,1,-0.0021528525296017342,-0.1571201906419477,0.8754544970783762
2023-12-01,1,0.005393743257820827,-0.15257391335306936,0.8801764738695216
2023-12-04,1,-0.0023605150214591752,-0.15457427536017587,0.8780988040814176
2023-12-05,1,0.0027963002796298486,-0.15221021116995925,0.8805542320128131
2023-12-06,1,0.0010725010725012307,-0.15130095571218338,0.8814986273710423
2023-12-07,1,-0.00032140561388471767,-0.1515737323495162,0.8812153087635736
2023-12-08,1,-0.0038581073839888402,-0.1548470519975086,0.8778154854739488
2023-12-11,1,0.00010758472296923394,-0.1547561264517311,0.8779099250097716
2023-12-12,1,0.0007530120481928915,-0.15411964763128805,0.878571001760532
2023-12-13,1,0.00870686875201554,-0.14675467842330503,0.8862206041621878
2023-12-14,1,0.0033034953111679144,-0.14393598650420047,0.889148229772698
2023-12-15,1,-0.0009559214020180562,-0.14475431641619863,0.8882982739502918
2023-12-18,1,-0.0009568360620880734,-0.14557264632819678,0.8874483181278856
2023-12-19,1,0.0008513355326167371,-0.14484524196197623,0.8882038344144688
2023-12-20,1,0.0025518341307815273,-0.1426630288633146,0.8904703832742187
2023-12-21,1,-0.00031816735602929747,-0.14293580550064733,0.8901870646667499
2023-12-22,1,0.00021217907914272693,-0.14275395440909222,0.8903759437383957
2023-12-26,1,-0.0003182011030972154,-0.14302673104642505,0.8900926251309269
2023-12-27,1,0.003501326259947035,-0.14002618803576528,0.893209129813083
2023-12-28,1,-0.0019031507718333396,-0.14166284785976135,0.8915092181682707
2023-12-29,1,-0.00021186440677978258,-0.14184469895131657,0.8913203390966248
2024-01-02,1,-0.0013774104683195176,-0.14302673104642494,0.890092625130927
2024-01-03,1,0.0009549071618037974,-0.1422084011344268,0.8909425809533332
2024-01-04,1,-0.002861988552045891,-0.14466339087042113,0.8883927134861146
2024-01-05,1,-0.0010630381630699626,-0.14557264632819678,0.8874483181278856
2024-01-08,1,0.0013834202405023088,-0.1443906142330883,0.8886760320935835
2024-01-09,1,0.00010626992561113546,-0.1442996886873107,0.8887704716294065
2024-01-10,1,-0.0004250345340559569,-0.1446633908704209,0.8883927134861148
2024-01-11,1,0.00308281067290328,-0.14202655004287135,0.8911314600249793
2024-01-12,1,0.002437473505722876,-0.1399352624899871,0.8933035693489064
2024-01-16,1,-0.0033830214610425235,-0.14284487995486939,0.8902815042025732
2024-01-17,1,-0.002970192001697236,-0.14539079523664122,0.8876371971995318
2024-01-18,1,-0.0006383657835938861,-0.14593634851130644,0.8870705599845945
2024-01-19,1,-0.00042584903651665673,-0.14630005069441687,0.8866928018413027
2024-01-22,1,0.001171583768239337,-0.14529986969086373,0.8877316367353546
2024-01-23,1,-0.0007446808510637171,-0.14593634851130666,0.8870705599845943
2024-01-24,1,-0.0013840093686788846,-0.14711838060641513,0.8858428460188964
2024-01-25,1,0.002345415778251647,-0.14511801859930862,0.8879205158070005
2024-01-26,1,-0.0009572431397574244,-0.14593634851130655,0.8870705599845944
2024-01-29,1,0.0025550942190992743,-0.14375413541264503,0.8893371088443441
2024-01-30,1,-0.0005309546564723489,-0.14420876314153286,0.8888649111652296
2024-01-31,1,0.005737356566085872,-0.13929878366954418,0.8939646460996667
2024-02-01,1,0.002535389816184397,-0.13711657057088245,0.8962311949594167
2024-02-02,1,-0.006638566912539612,-0.14284487995486927,0.8902815042025733
2024-02-05,1,-0.004561366288320712,-0.14675467842330459,0.8862206041621883
2024-02-06,1,0.002877237851662384,-0.14429968868731036,0.8887704716294068
2024-02-07,1,-0.0009563277016257921,-0.1451180185993085,0.8879205158070006
2024-02-08,1,-0.001701765581791026,-0.14657282733174948,0.8864094832338341
2024-02-09,1,-0.0006392499467291479,-0.1471183806064149,0.8858428460188966
2024-02-12,1,0.0004264392324093702,-0.14675467842330459,0.8862206041621883
2024-02-13,1,-0.006500426257459502,-0.1523011367157362,0.8804597924769908
2024-02-14,1,0.0023597554435268453,-0.15030077470862968,0.8825374622650949
2024-02-15,1,0.0011771000535045761,-0.14930059370507642,0.8835762971591469
2024-02-16,1,-0.0023514322359983186,-0.15130095571218294,0.8814986273710428
2024-02-20,1,0.0013927576601671099,-0.15011892361707468,0.8827263413367405
2024-02-21,1,-0.0019257515780463086,-0.15175558344107087,0.8810264296919282
2024-02-22,1,-0.0008575410011792961,-0.15248298780729153,0.8802709134053448
2024-02-23,1,0.0018238386439224374,-0.15093725352907283,0.8818763855143343
2024-02-26,1,-0.0008567144998928855,-0.15166465789529326,0.8811208692277511
2024-02-27,1,-0.0006430868167203174,-0.1522102111699588,0.8805542320128136
2024-02-28,1,0.001716001716001836,-0.15075540243751762,0.8820652645859802
2024-02-29,1,0.0009635974304067485,-0.14993707252551958,0.8829152204083863
2024-03-01,1,0.0031019360359396675,-0.14730023169797013,0.8856539669472507
2024-03-04,1,-0.0014928556195350495,-0.1485731893388561,0.88433181344573
2024-03-05,1,0.002563007261853878,-0.14639097624019437,0.8865983623054798
2024-03-06,1,0.0006391137622496768,-0.14584542296552905,0.8871649995204173
2024-03-07,1,0.0011709601873535203,-0.1448452419619759,0.8882038344144692
2024-03-08,1,0.000956937799043045,-0.14402691204997775,0.8890537902368754
2024-03-11,1,-0.001168472487784178,-0.145027093053531,0.8880149553428234
2024-03-12,1,-0.0022333297883655456,-0.14693652951486003,0.8860317250905422
2024-03-13,1,-0.001172457898102719,-0.14793671051841328,0.8849928901964902
2024-03-14,1,-0.0034147903105323785,-0.15084632798329534,0.8819708250501571
2024-03-15,1,-0.0011778563015312216,-0.1518465089868486,0.8809319901561051
2024-03-18,1,-0.0005360205831903553,-0.15230113671573642,0.8804597924769906
2024-03-19,1,0.0016089241660408593,-0.15093725352907306,0.8818763855143341
2024-03-20,1,0.0019276076247591867,-0.14930059370507665,0.8835762971591467
2024-03-21,1,-0.00021376656690885731,-0.14948244479663175,0.8833874180875009
2024-03-22,1,0.0021381227282444293,-0.14766393388108046,0.885276208803959
2024-03-25,1,-0.0010667804565819283,-0.1485731893388561,0.88433181344573
2024-03-26,1,0.0004271678769756093,-0.1482094871557459,0.8847095715890215
2024-03-27,1,0.001280956447480719,-0.14711838060641513,0.8858428460188964
2024-03-28,1,-0.0010660980810234255,-0.14802763606419078,0.8848984506606673
2024-04-01,1,-0.003521878335112083,-0.15102817907485055,0.8817819459785112
2024-04-02,1,-0.00021420156367157883,-0.15121003016640588,0.8815930669068652
2024-04-03,1,0.0006427423674344457,-0.15066447689174034,0.8821597041218028
2024-04-04,1,0.0016058237876031,-0.14930059370507687,0.8835762971591464
2024-04-05,1,-0.003527148353997367,-0.15230113671573653,0.8804597924769905
2024-04-08,1,-0.0013944009439023075,-0.15348316881084512,0.8792320785112925
2024-04-09,1,0.0019334049409238663,-0.1518465089868487,0.880931990156105
2024-04-10,1,-0.007825900514579764,-0.15848407382861118,0.8740379040410325
2024-04-11,1,-0.00010804970286326654,-0.15857499937438868,0.8739434645052097
2024-04-12,1,0.00216122757726378,-0.1567564884588375,0.8758322552216677
2024-04-15,1,-0.002372223420314845,-0.1587568504659439,0.8737545854335638
2024-04-16,1,-0.0018374405533938543,-0.16030258474416248,0.8721491133245743
2024-04-17,1,0.00259880887926367,-0.15812037164550086,0.8744156621843242
2024-04-18,1,-0.0020520574576088357,-0.15984795701527466,0.8726213110036889
2024-04-19,1,0.0007575757575757347,-0.15921147819483172,0.8732823877544492
2024-04-22,1,0.00021628636314474647,-0.15902962710327662,0.873471266826095
2024-04-23,1,0.0010811979673479577,-0.15812037164550086,0.8744156621843242
2024-04-24,1,-0.0009720272167621502,-0.158938701557499,0.873565706361918
2024-04-25,1,-0.0022702702702701583,-0.1608481380188278,0.871582476109637
2024-04-26,1,0.0008668328096217426,-0.16012073365260737,0.8723379923962202
2024-04-29,1,0.0016239038648910853,-0.1587568504659439,0.8737545854335638
2024-04-30,1,-0.0008646779074794608,-0.15948425483216455,0.8729990691469804
2024-05-01,1,0.002163565556036362,-0.15766574391661314,0.8748878598634386
2024-05-02,1,0.0028065630397238195,-0.1553016797263963,0.8773432877948344
2024-05-03,1,0.0030139935414423835,-0.15275576444462446,0.8799875947978758
2024-05-06,1,0.00010731916720319035,-0.15266483889884697,0.8800820343336987
2024-05-07,1,0.0006438459062132473,-0.15211928562418142,0.8806486715486362
2024-05-08,1,-0.0008579088471849516,-0.15284668999040196,0.879893155262053
2024-05-09,1,0.001073306858430767,-0.1519374345326262,0.8808375506202821
2024-05-10,1,-0.0013938029377076333,-0.15311946662773457,0.8796098366545844
2024-05-13,1,0.00042946102641194805,-0.15275576444462413,0.8799875947978761
2024-05-14,1,0.0013951491736423627,-0.15157373234951588,0.8812153087635739
2024-05-15,1,0.0037509377344335793,-0.148391338247301,0.8845206925173758
2024-05-16,1,-0.0016015374759767997,-0.14975522143396436,0.8831040994800322
2024-05-17,1,-0.0012832852101379855,-0.15084632798329523,0.8819708250501572
2024-05-20,1,-0.0006424670735625249,-0.15139188125796077,0.8814041878352197
2024-05-21,1,0.0010714668381015535,-0.1504826258001849,0.882348583193449
2024-05-22,1,-0.0010703200256877432,-0.15139188125796066,0.8814041878352198
2024-05-23,1,-0.002142933676202774,-0.15321039217351196,0.8795153971187616
2024-05-24,1,0.00042950714055622896,-0.15284668999040174,0.8798931552620533
2024-05-28,1,-0.002039283031018524,-0.15457427536017543,0.878098804081418
2024-05-29,1,-0.0018283501828350035,-0.156120009638394,0.8764933319724286
2024-05-30,1,0.002262687210429881,-0.1542105731770651,0.8784765622247097
2024-05-31,1,0.00290260159105582,-0.15175558344107076,0.8810264296919283
2024-06-03,1,0.0026798156286846897,-0.14948244479663153,0.8833874180875011
2024-06-04,1,0.0026726534103056476,-0.1472093061521924,0.8857484064830737
2024-06-05,1,0.0017059387994455832,-0.14575449741975144,0.8872594390562403
2024-06-06,1,-0.00010643959552958382,-0.14584542296552905,0.8871649995204173
2024-06-07,1,-0.005428997232275856,-0.150482625800185,0.8823485831934489
2024-06-10,1,-0.0005351600128439271,-0.15093725352907295,0.8818763855143342
2024-06-11,1,0.002355964874705574,-0.14893689152196632,0.8839540553024383
2024-06-12,1,0.0026709401709401615,-0.1466637528775272,0.8863150436980111
2024-06-13,1,0.003303143313798662,-0.14384506095842253,0.8892426693085214
2024-06-14,1,0.0005310110450296168,-0.1433904332295347,0.8897148669876358
2024-06-17,1,-0.002441354420974262,-0.1454817207824186,0.887542757663709
2024-06-18,1,0.0022345179825493666,-0.14357228432108982,0.88952598791599
2024-06-20,1,-0.0010616838305551601,-0.14448153977886546,0.888581592557761
2024-06-21,1,0.00010628122010825081,-0.14439061423308797,0.8886760320935838
2024-06-24,1,0.00021253985122227093,-0.14420876314153264,0.8888649111652298
2024-06-25,1,0.00021249468763273605,-0.14402691204997753,0.8890537902368756
2024-06-26,1,-0.002549394518801762,-0.14620912514863926,0.8867872413771257
2024-06-27,1,0.0010649627263044081,-0.14529986969086361,0.8877316367353547
2024-06-28,1,-0.0013829787234042046,-0.14648190178597198,0.886503922769657
2024-07-01,1,-0.002343666773196973,-0.14848226379307838,0.884426252981553
2024-07-02,1,0.0014949279231180057,-0.1472093061521924,0.8857484064830737
2024-07-03,1,0.0029853928990295486,-0.14466339087042068,0.888392713486115
2024-07-05,1,0.0029765068565961172,-0.14211747558864884,0.8910370204891565
2024-07-08,1,-0.0002119766825648961,-0.14229932668020395,0.8908481414175107
2024-07-09,1,-0.0002120216262058161,-0.14248117777175906,0.8906592623458649
2024-07-10,1,0.00021206658890893237,-0.14229932668020384,0.8908481414175108
2024-07-11,1,0.003710378458602781,-0.13911693257798907,0.8941535251713126
2024-07-12,1,0.0014786649767637439,-0.1378439749371032,0.8954756786728333
2024-07-15,1,-0.00073824087745189,-0.13848045375754603,0.8948146019220731
2024-07-16,1,0.0014775725593667577,-0.13720749611666005,0.8961367554235938
2024-07-17,1,0.0003161555485298173,-0.13693471947932734,0.8964200740310625
2024-07-18,1,-0.0013695743784238879,-0.1381167515744357,0.8951923600653647
2024-07-19,1,-0.0013714526848824793,-0.13929878366954407,0.8939646460996669
2024-07-22,1,-0.0004225649693639921,-0.13966248585265428,0.8935868879563753
2024-07-23,1,0.0005284295075036471,-0.13920785812376646,0.8940590856354899
2024-07-24,1,-0.00031689025034331575,-0.13948063476109918,0.8937757670280211
2024-07-25,1,0.0007396449704142327,-0.13884415594065613,0.8944368437787815
2024-07-26,1,0.0022172949002217113,-0.13693471947932723,0.8964200740310626
2024-07-29,1,0.0005267593763169653,-0.1364800917504393,0.8968922717101773
2024-07-30,1,0.0010529640939243023,-0.13557083629266375,0.8978366670684063
2024-07-31,1,0.005469653939202734,-0.13084270791223018,0.9027475229311976
2024-08-01,1,0.0028245632388324005,-0.12838771817623584,0.9052973903984162
2024-08-02,1,0.00886709785103279,-0.12065904678514261,0.9133247509433635
2024-08-05,1,0.0,-0.12065904678514261,0.9133247509433635
2024-08-06,1,-0.0041360769310307965,-0.1242960686162452,0.9095471695104472
2024-08-07,1,-0.0012459765341086282,-0.12538717516557607,0.9084138950805722
2024-08-08,1,-0.0016633745711611692,-0.12684198389801715,0.9069028625074057
2024-08-09,1,0.0010413412475267503,-0.12593272844024161,0.9078472578656347
2024-08-12,1,0.0016644127743681292,-0.12447791970780042,0.9093582904388013
2024-08-13,1,0.0022847647730812604,-0.12247755770069402,0.9114359602269053
2024-08-14,1,0.00020723241114906088,-0.12229570660913891,0.9116248392985511
2024-08-15,1,-0.004040194758106241,-0.125841802894464,0.9079416974014577
2024-08-16,1,0.0010401497815684113,-0.12493254743668836,0.9088860927596867
2024-08-19,1,0.00020781379883638706,-0.12475069634513303,0.9090749718313327
2024-08-20,1,0.002285476833575828,-0.12275033433802651,0.9111526416194368
2024-08-21,1,0.0016583747927030323,-0.12129552560558554,0.9126636741926032
2024-08-22,1,-0.002586920529801362,-0.12356866425002477,0.9103026857970304
2024-08-23,1,0.0028011204481792618,-0.12111367451403043,0.912852553264249
2024-08-26,1,-0.0007241878750258168,-0.12175015333447337,0.9121914765134886
2024-08-27,1,0.0004141215446733515,-0.12138645115136315,0.9125692346567803
2024-08-28,1,-0.00020697505950528772,-0.12156830224291826,0.9123803555851345
2024-08-29,1,-0.001035089535244782,-0.1224775577006939,0.9114359602269054
2024-08-30,1,-0.0010361620557456375,-0.12338681315846967,0.9104915648686762
2024-09-03,1,0.0026968156830204926,-0.12102274896825282,0.912946992800072
2024-09-04,1,0.0033102306817005545,-0.11811313150337066,0.915969057946405
2024-09-05,1,0.0007217238890608879,-0.11747665268292762,0.9166301346971656
2024-09-06,1,0.001854522975478945,-0.11583999285893154,0.9183300463419778
2024-09-09,1,0.00020567667626503194,-0.11565814176737632,0.9185189254136237
2024-09-10,1,0.002467612584824197,-0.1134759286687147,0.9207854742733735
2024-09-11,1,-0.0008205128205127643,-0.11420333303493513,0.9200299579867903
2024-09-12,1,-0.0007185382878259761,-0.11483981185537817,0.9193688812360299
2024-09-13,1,0.0015408320493066618,-0.1134759286687147,0.9207854742733735
2024-09-16,1,0.0010256410256410664,-0.11256667321093905,0.9217298696316026
2024-09-17,1,-0.0010245901639344135,-0.1134759286687147,0.9207854742733735
2024-09-18,1,-0.0017435897435897907,-0.11502166294693339,0.919180002164384
2024-09-19,1,0.00020548648926332902,-0.11483981185537828,0.9193688812360298
2024-09-20,1,0.0,-0.11483981185537828,0.9193688812360298
2024-09-23,1,-0.00041088854648163586,-0.1152035140384885,0.9189911230927382
2024-09-24,1,0.0012331723358340874,-0.11411240748915752,0.9201243975226133
2024-09-25,1,-0.0018474802422252523,-0.11574906731315371,0.9184244858778009
2024-09-26,1,-0.0011311053984576214,-0.11674924831670708,0.9173856509837488
2024-09-27,1,0.0022647724933086977,-0.11474888630960056,0.9194633207718529
2024-09-30,1,-0.0016433853738700988,-0.11620369504204164,0.9179522881986864
2024-10-01,1,0.0016460905349793276,-0.11474888630960067,0.9194633207718528
2024-10-02,1,-0.0011298274445357137,-0.11574906731315382,0.9184244858778008
2024-10-03,1,-0.0026735218508997516,-0.11811313150337055,0.9159690579464052
2024-10-04,1,-0.006392411588823532,-0.12375051534157977,0.9101138067253848
2024-10-07,1,-0.0019715679153263777,-0.12547810071135357,0.9083194555447495
2024-10-08,1,0.0005198585984611537,-0.12502347298246586,0.9087916532238639
2024-10-09,1,-0.0018705185493089749,-0.12666013280646204,0.9070917415790515
2024-10-10,1,0.0006246746486204824,-0.12611457953179672,0.9076583787939889
2024-10-11,1,0.0004161897825409877,-0.12575087734868629,0.9080361369372807
2024-10-14,1,0.0,-0.12575087734868629,0.9080361369372807
2024-10-15,1,0.0009360374414975059,-0.12493254743668825,0.9088860927596868
2024-10-16,1,0.0007273482959269106,-0.1242960686162452,0.9095471695104472
2024-10-17,1,-0.0021804589346900993,-0.12620550507757422,0.907563939258166
2024-10-18,1,0.0008324661810614753,-0.12547810071135368,0.9083194555447494
2024-10-21,1,-0.0034310667498441694,-0.12847864372201356,0.9052029508625932
2024-10-22,1,-0.000625978090766699,-0.12902419699667877,0.9046363136476558
2024-10-23,1,-0.001461530431151492,-0.13029715463756475,0.9033141601461351
2024-10-24,1,0.0007318348144276232,-0.1296606758171217,0.9039752368968955
2024-10-25,1,-0.0010447137484328461,-0.13056993127489736,0.9030308415386665
2024-10-28,1,-0.001254967580004207,-0.13166103782422822,0.9018975671087915
2024-10-29,1,0.00041884816753934295,-0.1312973356411179,0.9022753252520832
2024-10-30,1,-0.001465354825204157,-0.13257029328200387,0.9009531717505624
2024-10-31,1,0.00020964360587005793,-0.13238844219044865,0.9011420508222083
2024-11-01,1,-0.0024103961433662446,-0.13447972974333278,0.8989699414982814
2024-11-04,1,0.002206114087614397,-0.13257029328200376,0.9009531717505626
2024-11-05,1,-0.00041928721174011585,-0.13293399546511409,0.9005754136072709
2024-11-06,1,-0.004194630872483285,-0.1365710172962169,0.8967978321743544
2024-11-07,1,0.0038963774220726055,-0.1332067721024467,0.9002920949998022
2024-11-08,1,-0.0004195950907373014,-0.1335704742855569,0.8999143368565107
2024-11-11,1,0.0,-0.1335704742855569,0.8999143368565107
2024-11-12,1,-0.004197712246825525,-0.1372074961166596,0.8961367554235943
2024-11-13,1,0.000948466645589674,-0.13638916620466146,0.8969867112460005
2024-11-14,1,-0.0010528532322595652,-0.13729842166243722,0.8960423158877713
2024-11-15,1,0.0007377740303542435,-0.13666194284199418,0.8967033926385317
2024-11-18,1,0.0009478672985783199,-0.13584361292999592,0.897553348460938
2024-11-19,1,0.0007365319865320075,-0.13520713410955287,0.8982144252116985
2024-11-20,1,-0.0008411313216275529,-0.13593453847577341,0.8974589089251153
2024-11-21,1,-0.0006313795643481113,-0.13648009175043874,0.8968922717101778
2024-11-22,1,-0.00021059281878488267,-0.13666194284199384,0.896703392638532
2024-11-25,1,0.004739336492890933,-0.13257029328200332,0.900953171750563
2024-11-26,1,-0.0007337526205452027,-0.13320677210244636,0.9002920949998026
2024-11-27,1,0.0017832791356340305,-0.13166103782422778,0.901897567108792
2024-11-29,1,0.0018848167539267102,-0.13002437800023148,0.9035974787536044
2024-12-02,1,0.00031354515050163734,-0.12975160136289887,0.9038807973610731
2024-12-03,1,-0.0008358583220143823,-0.1304790057291193,0.9031252810744899
2024-12-04,1,0.0018822545226393483,-0.1288423459051231,0.9048251927193023
2024-12-05,1,-0.00020874647740309893,-0.12902419699667822,0.9046363136476565
2024-12-06,1,0.0016703204927444038,-0.12756938826423725,0.9061473462208229
2024-12-09,1,-0.0013548723293382858,-0.12875142035934561,0.9049196322551251
2024-12-10,1,-0.0009392611145897511,-0.12956975027134365,0.904069676432719
2024-12-11,1,-0.0010446046171525003,-0.1304790057291194,0.9031252810744897
2024-12-12,1,-0.001463975739830592,-0.1317519633700054,0.901803127572969
2024-12-13,1,-0.0021991831605403522,-0.1336613998313343,0.8998198973206879
2024-12-16,1,0.00010495382031905365,-0.1335704742855568,0.8999143368565108
2024-12-17,1,-0.00010494280617068252,-0.1336613998313344,0.8998198973206878
2024-12-18,1,-0.004303106633081422,-0.13738934720821472,0.8959478763519485
2024-12-19,1,-0.0006324443975966876,-0.13793490048288004,0.8953812391370111
2024-12-20,1,0.0011602151671763483,-0.1369347194793269,0.8964200740310629
2024-12-23,1,-0.001685630004214067,-0.13838952821176798,0.8949090414578964
2024-12-24,1,0.00021105951878430673,-0.13820767712021287,0.8950979205295422
2024-12-26,1,0.0003165224730956595,-0.13793490048288015,0.895381239137011
2024-12-27,1,-0.000738318742748767,-0.1385713793033232,0.8947201623862505
2024-12-30,1,0.0029554570403209635,-0.13602546402155125,0.897364469389292
2024-12-31,1,0.00010524100189446273,-0.13593453847577364,0.897458908925115
2025-01-02,1,0.00021045985478274076,-0.13575268738421842,0.8976477879967609
2025-01-03,1,-0.0009468700683851194,-0.13657101729621657,0.8967978321743547
2025-01-06,1,-0.00010530749789372518,-0.13666194284199396,0.8967033926385319
2025-01-07,1,-0.0016850974196945812,-0.13811675157443504,0.8951923600653654
2025-01-08,1,0.0007384745226288736,-0.1374802727539921,0.8958534368161257
2025-01-10,1,-0.004111321948134128,-0.1410263690393173,0.8921702949190322
2025-01-13,1,-0.0007409759712077024,-0.14166284785976024,0.8915092181682719
2025-01-14,1,0.0004237288135593431,-0.14129914567664992,0.8918869763115636
2025-01-15,1,0.004870817450232989,-0.13711657057088167,0.8962311949594175
2025-01-16,1,0.00136986301369868,-0.1359345384757733,0.8974589089251154
2025-01-17,1,-0.0005261496369567409,-0.13638916620466113,0.8969867112460008
2025-01-21,1,0.0011581385554852996,-0.13538898520110787,0.8980255461400528
2025-01-22,1,-0.0012619623514565914,-0.13648009175043874,0.8968922717101778
2025-01-23,1,-0.000631778456354648,-0.13702564502510417,0.8963256344952404
2025-01-24,1,0.0010536297545042927,-0.13611638956732852,0.8972700298534695
2025-01-27,1,0.0030523102831279125,-0.13347954873977919,0.9000087763923337
2025-01-28,1,0.0,-0.13347954873977919,0.9000087763923337
2025-01-29,1,-0.000734522560335682,-0.13411602756022212,0.8993476996415734
2025-01-30,1,0.0009450803318280521,-0.1332976976482242,0.9001976554639795
2025-01-31,1,0.0003147293327738776,-0.13302492101089136,0.9004809740714482
2025-02-03,1,-0.0006292606187727756,-0.13357047428555668,0.8999143368565109
2025-02-04,1,0.0010494280617063811,-0.13266121882778104,0.90085873221474
2025-02-05,1,0.00230632141733933,-0.13066085682067452,0.902936402002844
2025-02-06,1,-0.0007321409894361919,-0.13129733564111745,0.9022753252520836
2025-02-07,1,-0.002093364036005907,-0.13311584655666886,0.9003865345356254
2025-02-10,1,0.0,-0.13311584655666886,0.9003865345356254
2025-02-11,1,-0.0008391021606880544,-0.1338432509228894,0.8996310182490421
2025-02-12,1,-0.0033592273777032222,-0.13675286838777168,0.8966089531027089
2025-02-13,1,0.0028439014114176597,-0.13429787865177734,0.8991588205699275
2025-02-14,1,0.0021006196828063928,-0.13247936773622604,0.9010476112863857
2025-02-18,1,-0.002201027146001455,-0.13438880419755495,0.8990643810341046
2025-02-19,1,0.0010504201680672232,-0.13347954873977919,0.9000087763923337
2025-02-20,1,0.000734522560335904,-0.13284306991933614,0.9006698531430941
2025-02-21,1,0.0028310789556464933,-0.1303880801833418,0.9032197206103127
2025-02-24,1,0.0010455876202424275,-0.12947882472556627,0.9041641159685417
2025-02-25,1,0.0035512847294756344,-0.12638735616912888,0.9073750601865207
2025-02-26,1,0.0012489592006661443,-0.12529624961979802,0.9085083346163957
2025-02-27,1,-0.00010395010395014559,-0.12538717516557574,0.9084138950805727
2025-02-28,1,0.0033267491423225604,-0.12247755770069346,0.9114359602269059
2025-03-03,1,0.0014506268780436482,-0.1212046000598076,0.9127581137284265
2025-03-04,1,-0.0007242628039317855,-0.12184107888025064,0.9120970369776661
2025-03-05,1,-0.002795609857113246,-0.12429606861624487,0.9095471695104476
2025-03-06,1,0.00031149413352715705,-0.12402329197891215,0.9098304881179163
2025-03-07,1,-0.0007265933153415283,-0.1246597707993552,0.9091694113671559
2025-03-10,1,0.003635608185312167,-0.12147737669714032,0.9124747951209577
2025-03-11,1,-0.0016559718484786545,-0.12293218542958151,0.9109637625477911
2025-03-12,1,-0.0015550487248600087,-0.12429606861624498,0.9095471695104475
2025-03-13,1,0.0018689648011629423,-0.12265940879224879,0.9112470811552599
2025-03-14,1,-0.0022800290185511773,-0.12465977079935531,0.9091694113671558
2025-03-17,1,-0.00020774903916065401,-0.12484162189091041,0.90898053229551
2025-03-18,1,0.0006233766233767479,-0.12429606861624487,0.9095471695104476
2025-03-19,1,0.0017651334233206306,-0.12275033433802618,0.9111526416194371
2025-03-20,1,0.0008291873963515162,-0.12202292997180575,0.9119081579060203
2025-03-21,1,0.00010356255178112228,-0.12193200442602825,0.9120025974418431
2025-03-24,1,-0.003106554830692776,-0.12465977079935531,0.9091694113671558
2025-03-25,1,0.0009348706762231096,-0.12384144088735716,0.910019367189562
2025-03-26,1,-0.0008302200083021294,-0.1245688452535777,0.9092638509029788
2025-03-27,1,0.00010386373078530298,-0.12447791970779998,0.9093582904388018
2025-03-28,1,0.0037387059923148502,-0.1212046000598076,0.9127581137284265
2025-03-31,1,0.0016554578375582718,-0.1197497913273664,0.9142691463015932
2025-04-01,1,0.0012395413696932867,-0.11865868477803554,0.9154024207314682
2025-04-02,1,-0.0009285051067781103,-0.11947701469003369,0.914552464909062
2025-04-03,1,0.00660883932259404,-0.11365777976026936,0.9205965952017282
2025-04-04,1,0.0009232663110381178,-0.11283944984827132,0.9214465510241343
2025-04-07,1,-0.005022035461719754,-0.11729480159137218,0.9168190137688117
2025-04-08,1,-0.0009270704573547395,-0.11811313150337033,0.9159690579464055
2025-04-09,1,-0.0032993092071347263,-0.12102274896825238,0.9129469928000724
2025-04-10,1,-0.0012413365056377357,-0.12211385551758314,0.9118137183701975
2025-04-11,1,-0.0035214914552046395,-0.12520532407402063,0.9086027741522185
2025-04-14,1,0.004261511277414032,-0.1214773766971402,0.9124747951209579
2025-04-15,1,0.0010349824052990897,-0.12056812123936456,0.913419190479187
2025-04-16,1,0.002584780810587217,-0.11829498259492532,0.9157801788747597
2025-04-17,1,-0.0010312467773537781,-0.11920423805270108,0.9148357835165306
2025-04-21,1,-0.001032311345101733,-0.12011349351047673,0.9138913881583015
2025-04-22,1,-0.0005166890565257987,-0.12056812123936456,0.913419190479187
2025-04-23,1,-0.0006203473945409765,-0.12111367451402999,0.9128525532642495
2025-04-24,1,0.0025863852679495203,-0.11884053586959076,0.9152135416598223
2025-04-25,1,0.001651016406975403,-0.11738572713714979,0.9167245742329887
2025-04-28,1,0.002369424126918762,-0.11529443958426566,0.9188966835569157
2025-04-29,1,0.0014388489208632116,-0.1140214819433798,0.9202188370584363
2025-04-30,1,0.002360426929392423,-0.1119301943904959,0.9223909463823632
2025-05-01,1,-0.002969181939183052,-0.11456703521804545,0.9196521998434987
2025-05-02,1,-0.0039022386527006736,-0.11802220595759294,0.9160634974822282
2025-05-05,1,-0.0007216494845360133,-0.11865868477803587,0.9154024207314678
2025-05-06,1,0.0015475085112968134,-0.1172948015913724,0.9168190137688115
2025-05-07,1,0.000721054800164822,-0.11665832277092947,0.9174800905195718
2025-05-08,1,-0.004117344312918214,-0.12029534460203217,0.9137025090866554
2025-05-09,1,0.00031007751937983663,-0.12002256796469934,0.9139858276941242
2025-05-12,1,-0.0038231039470965067,-0.12338681315846933,0.9104915648686766
2025-05-13,1,-0.0003111710403485013,-0.12365958979580205,0.9102082462612078
2025-05-14,1,-0.0017638514214567413,-0.12520532407402074,0.9086027741522184
2025-05-15,1,0.003326057582371922,-0.12229570660913847,0.9116248392985515
2025-05-16,1,-0.00020718947477460503,-0.12247755770069357,0.9114359602269058
2025-05-19,1,0.00020723241114906088,-0.12229570660913847,0.9116248392985515
2025-05-20,1,-0.00020718947477460503,-0.12247755770069357,0.9114359602269058
2025-05-21,1,-0.0024867889337892857,-0.1246597707993552,0.9091694113671559
2025-05-22,1,0.0014542432741249112,-0.12338681315846922,0.9104915648686767
2025-05-23,1,0.001037236801161745,-0.12247755770069357,0.9114359602269058
2025-05-27,1,0.0012433944668945873,-0.12138645115136282,0.9125692346567806
2025-05-28,1,-0.0011383628272793045,-0.12238663215491608,0.9115303997627286
2025-05-29,1,0.0019685039370078705,-0.12065904678514217,0.913324750943364
2025-05-30,1,0.0016544307724124518,-0.11920423805270108,0.9148357835165306
2025-06-02,1,-0.001548467017652544,-0.12056812123936456,0.913419190479187
2025-06-03,1,-0.0007237386269643986,-0.12120460005980749,0.9127581137284266
2025-06-04,1,0.003414381789963672,-0.11820405704914783,0.9158746184105826
2025-06-05,1,-0.0018560527943907168,-0.11984071687314424,0.9141747067657701
2025-06-06,1,-0.004235537190082628,-0.12356866425002444,0.9103026857970308
2025-06-09,1,0.0009337068160597539,-0.12275033433802629,0.911152641619437
2025-06-10,1,0.0005182421227196699,-0.12229570660913858,0.9116248392985514
2025-06-11,1,0.002382678959908846,-0.12020441905625445,0.9137969486224784
2025-06-12,1,0.0018602728400165525,-0.11856775923225826,0.9154968602672908
2025-06-13,1,-0.0017536620590056229,-0.12011349351047695,0.9138913881583013
2025-06-16,1,-0.0011367159243567126,-0.12111367451403021,0.9128525532642493
2025-06-17,1,0.001965652803641582,-0.11938608914425641,0.9146469044448845
2025-06-18,1,0.00030975735673721694,-0.1191133125069237,0.9149302230523533
2025-06-20,1,0.0006193228736581791,-0.11856775923225826,0.9154968602672908
2025-06-23,1,0.0018568186507117446,-0.11693109940826207,0.9171967719121031
2025-06-24,1,0.0016474464579900872,-0.11547629067582099,0.9187078044852697
2025-06-25,1,0.0005139802631579649,-0.11502166294693306,0.9191800021643843
2025-06-26,1,0.0018493784033699612,-0.11338500312293687,0.9208799138091966
2025-06-27,1,-0.001128089426725487,-0.11438518412649012,0.9198410789151447
2025-06-30,1,0.002053388090349051,-0.11256667321093883,0.9217298696316029
2025-07-01,1,-0.0016393442622950616,-0.1140214819433798,0.9202188370584363
2025-07-02,1,-0.0007183908045976795,-0.11465796076382273,0.919557760307676
2025-07-03,1,-0.002464824894731543,-0.11684017386248458,0.917291211447926
2025-07-07,1,-0.0009265932255738685,-0.1176585037744825,0.9164412556255199
2025-07-08,1,-0.0006183017312448857,-0.11820405704914805,0.9158746184105824
2025-07-09,1,0.0021653949267890216,-0.11629462058781914,0.9178578486628635
2025-07-10,1,-0.00020578248791025544,-0.11647647167937425,0.9176689695912177
2025-07-11,1,-0.0017495111659977525,-0.11802220595759294,0.9160634974822282
2025-07-14,1,-0.00020618556701024193,-0.11820405704914805,0.9158746184105824
2025-07-15,1,-0.001959166838523374,-0.11993164241892185,0.9140802672299471
2025-07-16,1,0.0019630127079244275,-0.11820405704914805,0.9158746184105824
2025-07-17,1,-0.0006186842647969426,-0.11874961032381348,0.9153079811956448
2025-07-18,1,0.0015476681799422298,-0.11738572713715001,0.9167245742329885
2025-07-21,1,0.0012362212836098951,-0.11629462058781914,0.9178578486628635
2025-07-22,1,0.0012346949274617547,-0.11520351403848827,0.9189911230927384
2025-07-23,1,-0.00184975850375102,-0.11684017386248469,0.9172912114479259
2025-07-24,1,-0.0010295480284154834,-0.11774942932026033,0.9163468160896968
2025-07-25,1,0.000824487271977814,-0.11702202495403968,0.9171023323762801
2025-07-28,1,-0.0007208320461331574,-0.11765850377448261,0.9164412556255198
2025-07-29,1,0.002473206924979321,-0.1154762906758211,0.9187078044852696
2025-07-30,1,-0.001953125,-0.1172038760455949,0.9169134533046343
2025-07-31,1,0.00041198887630033987,-0.11684017386248469,0.9172912114479259
2025-08-01,1,0.007206836198908606,-0.11047538565805504,0.9239019789555295
2025-08-04,1,0.00040887253398769197,-0.1101116834749446,0.9242797370988213
2025-08-05,1,-0.0007152344947379818,-0.11074816229538764,0.9236186603480608
2025-08-06,1,0.00010224948875259265,-0.11065723674961003,0.9237130998838838
2025-08-07,1,-0.0006134342091811407,-0.11120279002427547,0.9231464626689463
2025-08-08,1,-0.0014322250639385858,-0.11247574766516144,0.9218243091674255
2025-08-11,1,0.00010244851961904722,-0.11238482211938383,0.9219187487032485
2025-08-12,1,0.0003073140749847436,-0.11211204548205089,0.9222020673107174
2025-08-13,1,0.001945724526369652,-0.1103844601122771,0.9239964184913527
2025-08-14,1,-0.001737530662305864,-0.1119301943904959,0.9223909463823632
2025-08-15,1,-0.0009214702569878552,-0.11274852430249394,0.921540990559957
2025-08-18,1,-0.0004099200655871549,-0.11311222648560415,0.9211632324166654
2025-08-19,1,0.0011277424646298773,-0.11211204548205089,0.9222020673107174
2025-08-20,1,0.0005120327700971483,-0.11165741775316318,0.9226742649898318
2025-08-21,1,-0.0016376663254861201,-0.11311222648560426,0.9211632324166653
2025-08-22,1,0.003178183309411331,-0.11029353456649982,0.9240908580271754
2025-08-25,1,-0.0010219724067449532,-0.11120279002427536,0.9231464626689464
2025-08-26,1,0.001534526854219953,-0.10983890683761188,0.92456305570629
2025-08-27,1,0.0011235955056179137,-0.10883872583405862,0.925601890600342
2025-08-28,1,0.0004081216202427296,-0.10847502365094841,0.9259796487436336
2025-08-29,1,0.00020397756246803844,-0.10829317255939341,0.9261685278152794
2025-09-02,1,-0.0011216478025899423,-0.10929335356294656,0.9251296929212274
2025-09-03,1,0.001224989791751785,-0.1082022470136157,0.9262629673511024
2025-09-04,1,0.0018352365415987837,-0.1065655871896195,0.9279628789959148
2025-09-05,1,0.0021371870547526317,-0.1046561507282906,0.9299461092481959
2025-09-08,1,0.0012186452726719033,-0.10356504417895973,0.9310793836780709
2025-09-09,1,-0.0014200223146363378,-0.1048380018198456,0.9297572301765501
2025-09-10,1,0.0006094464195023352,-0.10429244854518016,0.9303238673914876
2025-09-11,1,0.0003045376103949504,-0.10401967190784744,0.9306071859989564
2025-09-12,1,-0.0012177795818957282,-0.10511077845717831,0.9294739115690814
2025-09-15,1,0.0008128429181060159,-0.10438337409095777,0.9302294278556646
2025-09-16,1,0.0005076142131978933,-0.10392874636207006,0.9307016255347791
2025-09-17,1,-0.0013191273465245068,-0.10511077845717842,0.9294739115690813
2025-09-18,1,-0.0013208697419223592,-0.10629281055228668,0.9282461976033836
2025-09-19,1,-0.00010173974972027544,-0.1063837360980644,0.9281517580675606
2025-09-22,1,-0.0009157509157509125,-0.10720206601006244,0.9273018022451543
2025-09-23,1,0.0011202770139524532,-0.1062018850065094,0.9283406371392062
2025-09-24,1,-0.001424211597151559,-0.10747484264739537,0.9270184836376855
2025-09-25,1,-0.0015281173594131614,-0.10883872583405885,0.9256018906003418
2025-09-26,1,0.0,-0.10883872583405885,0.9256018906003418
2025-09-29,1,0.0009182736455461971,-0.10802039592206092,0.9264518464227478
2025-09-30,1,0.0005096839959226607,-0.10756576819317298,0.9269240441018625
2025-10-01,1,0.002139582272032481,-0.10565633173184419,0.9289072743541434
2025-10-02,1,0.00020333468889788264,-0.10547448064028908,0.9290961534257892
2025-10-03,1,-0.0012197601138441705,-0.10656558718961984,0.9279628789959143
2025-10-06,1,-0.0011194789334418864,-0.1075657681931731,0.9269240441018624
2025-10-07,1,0.0011207335710647914,-0.10656558718961973,0.9279628789959145
2025-10-08,1,-0.0003053124363932014,-0.10683836382695244,0.9276795603884458
2025-10-09,1,-0.0003054056805457117,-0.10711114046428516,0.927396241780977
2025-10-10,1,0.0029531568228104987,-0.10447429963673582,0.9301349883198413
2025-10-13,1,0.0,-0.10447429963673582,0.9301349883198413
2025-10-14,1,0.0017260635597522445,-0.10292856535851713,0.9317404604288307
2025-10-15,1,-0.0007095073991485457,-0.10356504417896006,0.9310793836780704
2025-10-16,1,0.0026371842986103733,-0.10120097998874333,0.933534811609466
2025-10-17,1,-0.0013151239251391056,-0.10238301208385181,0.9323070976437682
2025-10-20,1,0.0004051863857374993,-0.10201930990074148,0.9326848557870598
2025-10-21,1,0.0006075334143376132,-0.10147375662607627,0.9332514930019972
2025-10-22,1,0.00010119409026509985,-0.10138283108029866,0.93334593253782
2025-10-23,1,-0.0017201254679752864,-0.10292856535851724,0.9317404604288306
2025-10-24,1,0.0004054327995135498,-0.10256486317540703,0.9321182185721223
2025-10-27,1,-0.0005065856129685686,-0.10301949090429485,0.9316460208930077
2025-10-28,1,0.00040547389761780295,-0.10265578872118464,0.9320237790362993
2025-10-29,1,-0.0036477859965549086,-0.10592910836917713,0.9286239557466744
2025-10-30,1,-0.00040679345062533123,-0.10629281055228734,0.9282461976033829
2025-10-31,1,0.0006104384983212086,-0.10574725727762202,0.9288128348183202
2025-11-03,1,-0.00010167768174873526,-0.10583818282339952,0.9287183952824974
2025-11-04,1,0.0006101281269066394,-0.10529262954873408,0.9292850324974349
2025-11-05,1,-0.0023373983739838344,-0.10738391710161821,0.9271129231735079
2025-11-06,1,0.0026484669450952403,-0.10501985291140148,0.9295683511049035
2025-11-07,1,0.0003047851264856849,-0.10474707627406898,0.9298516697123721
2025-11-10,1,-0.0010156408693885455,-0.10565633173184463,0.928907274354143
2025-11-11,1,0.0,-0.10565633173184463,0.928907274354143
