Date,Cash Weight,H5A4 Weight,C5A0 Weight,G5O2 Weight,Daily Return,Equity Curve
1997-12-11,0.1,0.0,0.0,0.9,0.0,1.0
1997-12-12,0.05,0.06499072132183038,0.4504826102988117,0.4345266683793579,0.002149202407106765,1.0021492024071068
1997-12-15,0.05,0.06875616871565339,0.2984750181208142,0.5827688131635324,-0.003356467819854957,0.998785520858534
1997-12-16,0.05,0.06875616871565339,0.2984750181208142,0.5827688131635324,0.0006544075241547451,0.9994391336184006
1997-12-17,0.05,0.06875616871565339,0.2984750181208142,0.5827688131635324,-0.0009737459331015168,0.9984659338266573
1997-12-18,0.05,0.06875616871565339,0.2984750181208142,0.5827688131635324,0.0014880643725110844,0.9999517154099506
1997-12-19,0.05,0.0781517563086837,0.36495353652426177,0.5068947071670544,0.0010848621330402201,1.0010365251608675
1997-12-22,0.05,0.057426944571530456,0.3320228186293818,0.5605502367990877,-0.0003187031453387999,1.0007174916716997
1997-12-23,0.05,0.05,0.20977059898980444,0.6902294010101956,-0.00014459938576021056,1.0005727885370845
1997-12-24,0.05,0.06796571923831121,0.13147910504596494,0.7505551757157238,-0.00015563635915881338,1.0004170630312033
1997-12-26,0.05,0.06796571923831121,0.13147910504596494,0.7505551757157238,0.00010910652308082129,1.0005262150585812
1997-12-29,0.05,0.0,0.1528898522952156,0.7971101477047844,7.729071649711442e-05,1.0006035464466172
1997-12-30,0.05,0.0,0.05,0.8999999999999999,-0.0007965855052251716,0.9998064801650409
1997-12-31,0.05,0.12,0.4049932574380027,0.4250067425619973,-0.0011560819759424466,0.9986506219138916
1998-01-02,0.05,0.12,0.4049932574380027,0.4250067425619973,0.002229808854910369,1.000877421913597
1998-01-05,0.05,0.12,0.4049932574380027,0.4250067425619973,0.005092272378641771,1.0059741623636138
1998-01-06,0.05,0.12,0.4049932574380027,0.4250067425619973,0.0016562335800735936,1.0076402905520068
1998-01-07,0.05,0.12,0.4049932574380027,0.4250067425619973,-0.0013724890070826849,1.0062573153301306
1998-01-08,0.05,0.12,0.4049932574380027,0.4250067425619973,0.002789532253435364,1.0090643025664991
1998-01-09,0.05,0.12,0.4560672508431745,0.37393274915682545,0.0033497771681407587,1.0124444431284223
1998-01-12,0.05,0.12,0.4560672508431745,0.37393274915682545,0.00016730735858859513,1.0126138325339198
1998-01-13,0.05,0.12,0.4560672508431745,0.37393274915682545,-0.0012119876466692432,1.0113865570780423
1998-01-14,0.05,0.12,0.4560672508431745,0.37393274915682545,-0.0008171258705490696,1.0105601269571283
1998-01-15,0.05,0.12,0.4560672508431745,0.37393274915682545,-0.0022403977191144055,1.0082960703536654
1998-01-16,0.05,0.12,0.4560672508431745,0.37393274915682545,-0.0020001246200391457,1.0062793525590623
1998-01-20,0.05,0.12,0.4560672508431745,0.37393274915682545,-0.000226708252680625,1.006051220725335
1998-01-21,0.05,0.12,0.4560672508431745,0.37393274915682545,0.0011593805738949808,1.0072176169669873
1998-01-22,0.05,0.12,0.4560672508431745,0.37393274915682545,0.0004304128460031631,1.0076511363680505
1998-01-23,0.05,0.12,0.4560672508431745,0.37393274915682545,-0.00367103297287265,1.003952015821291
1998-01-26,0.05,0.12,0.4560672508431745,0.37393274915682545,0.0014488634247489338,1.0054066051772172
1998-01-27,0.05,0.12,0.4560672508431745,0.37393274915682545,-0.0019245992112269013,1.003471600417931
1998-01-28,0.05,0.12,0.4560672508431745,0.37393274915682545,-0.00011776599132586698,1.0033534255901404
1998-01-29,0.05,0.12,0.4560672508431745,0.37393274915682545,0.0037126830250213474,1.007078558821426
1998-01-30,0.05,0.12,0.4560672508431745,0.37393274915682545,0.0008569032874132349,1.0079415277491635
1998-02-02,0.05,0.12,0.4560672508431745,0.37393274915682545,-0.0027241195852456663,1.0051957744926396
1998-02-03,0.05,0.12,0.4560672508431745,0.37393274915682545,0.0006820397670986338,1.0058813579845631
1998-02-04,0.05,0.12,0.4560672508431745,0.37393274915682545,0.00018783501966090725,1.0060702977292166
1998-02-05,0.05,0.12,0.4560672508431745,0.37393274915682545,-0.0013014435257164023,1.0047609540538214
1998-02-06,0.05,0.12,0.40434534029675784,0.42565465970324223,-0.0001453644839348774,1.0046148974962574
1998-02-09,0.05,0.12,0.40434534029675784,0.42565465970324223,-0.0005872928579606399,1.004024894341957
1998-02-10,0.05,0.12,0.40434534029675784,0.42565465970324223,0.0004259739569081974,1.004452582799034
1998-02-11,0.05,0.12,0.40434534029675784,0.42565465970324223,0.0014278900201445538,1.005886830617721
1998-02-12,0.05,0.12,0.40434534029675784,0.42565465970324223,0.0007408290858784875,1.006632020838945
1998-02-13,0.05,0.12,0.40434534029675784,0.42565465970324223,0.0009426171116876966,1.0075808894069607
1998-02-17,0.05,0.12,0.5024188170251076,0.32758118297489225,-0.0026571896473334138,1.0049035558987776
1998-02-18,0.05,0.12,0.5024188170251076,0.32758118297489225,-0.0010877852582606546,1.0038104366246972
1998-02-19,0.05,0.12,0.5024188170251076,0.32758118297489225,-0.000558612137499512,1.00324969593105
1998-02-20,0.05,0.12,0.5024188170251076,0.32758118297489225,-0.0004328362675795725,1.0028154530772129
1998-02-23,0.05,0.12,0.5024188170251076,0.32758118297489225,-0.0010156286867698946,1.0017969649355316
1998-02-24,0.05,0.12,0.5024188170251076,0.32758118297489225,-0.003324603657014526,0.9984663870823209
1998-02-25,0.05,0.12,0.5024188170251076,0.32758118297489225,0.0012714918381443799,0.9997359289441577
1998-02-26,0.05,0.12,0.5024188170251076,0.32758118297489225,-0.0006400764643594504,0.9990960215054661
1998-02-27,0.05,0.12,0.5024188170251076,0.32758118297489225,0.0010207909905360704,1.0001158897228992
1998-03-02,0.05,0.12,0.5719075654661558,0.2580924345338441,-0.003979178323529151,0.9961362502534968
1998-03-03,0.05,0.12,0.5719075654661558,0.2580924345338441,-0.0017265826322324907,0.994416338704472
1998-03-04,0.05,0.12,0.8300000000000001,0.0,0.000386368965259545,0.9948005503162943
1998-03-05,0.05,0.12,0.8300000000000001,0.0,2.0611391670901654e-05,0.9948210545400714
1998-03-06,0.05,0.12,0.5264046861178796,0.30359531388212035,0.0017913351032337668,0.996603112416505
1998-03-09,0.05,0.12,0.5264046861178796,0.30359531388212035,0.0017348575569198486,0.9983320768573306
1998-03-10,0.05,0.12,0.5264046861178796,0.30359531388212035,9.623865072942619e-05,0.9984281549893873
1998-03-11,0.05,0.12,0.5264046861178796,0.30359531388212035,0.0010631262572280624,0.9994896101769123
1998-03-12,0.05,0.12,0.5264046861178796,0.30359531388212035,0.0021050338729631446,1.0015935696620093
1998-03-13,0.05,0.12,0.5264046861178796,0.30359531388212035,-0.0002626277643579526,1.0013305233820138
1998-03-16,0.05,0.12,0.5264046861178796,0.30359531388212035,0.0001183440501741161,1.0014490248917138
1998-03-17,0.05,0.12,0.5264046861178796,0.30359531388212035,-0.00038207487109933485,1.0010663963846158
1998-03-18,0.05,0.12,0.5264046861178796,0.30359531388212035,-0.00047046844663942687,1.0005954262321257
1998-03-19,0.05,0.12,0.5264046861178796,0.30359531388212035,-5.3179655518987595e-05,1.0005422149120449
1998-03-20,0.05,0.12,0.5264046861178796,0.30359531388212035,0.00037161951643273773,1.000914035926121
1998-03-23,0.05,0.12,0.5264046861178796,0.30359531388212035,0.0004408464683489516,1.00135528534398
1998-03-24,0.05,0.12,0.5264046861178796,0.30359531388212035,0.00011158217091921578,1.00146701874058
1998-03-25,0.05,0.12,0.5264046861178796,0.30359531388212035,-0.0018852200324862205,0.9995790330549761
1998-03-26,0.05,0.12,0.5780508029043055,0.2519491970956944,-0.0011943656876214096,0.9983851701558294
1998-03-27,0.05,0.12,0.5780508029043055,0.2519491970956944,-0.00018978733603672136,0.998195689294047
1998-03-30,0.05,0.12,0.5056856704570907,0.3243143295429093,-0.000559387217825629,0.9976373113845672
1998-03-31,0.05,0.12,0.5604386425583705,0.2695613574416295,-6.862624571118839e-07,0.9976366267435346
1998-04-01,0.05,0.12,0.8299999999999998,0.0,0.00041685684808026396,0.9980524984032884
1998-04-02,0.05,0.12,0.8299999999999998,0.0,0.0017180016915836923,0.9997671542838344
1998-04-03,0.05,0.12,0.4904610534858226,0.3395389465141774,0.0033973487064862936,1.003163711932228
1998-04-06,0.05,0.12,0.4904610534858226,0.3395389465141774,-0.0008586045347494547,1.002302391020067
1998-04-07,0.05,0.12,0.4904610534858226,0.3395389465141774,-0.00015112091448599163,1.0021509221661447
1998-04-08,0.88,0.12,0.0,0.0,-0.014619441710987807,0.987500035173924
1998-04-09,0.05,0.12,0.83,0.0,-2.3421489216346458e-05,0.9874769064524991
1998-04-13,0.05,0.12,0.83,0.0,-0.0020324739299824443,0.9854698853836747
1998-04-14,0.05,0.12,0.83,0.0,0.0013666234517745223,0.9868166516400577
1998-04-15,0.05,0.12,0.83,0.0,-0.0009465881011214593,0.9858825427396267
1998-04-16,0.05,0.12,0.83,0.0,0.0008131730219946619,0.9866842358262381
1998-04-17,0.05,0.12,0.83,0.0,-4.373078570214738e-05,0.9866410873493654
1998-04-20,0.88,0.12,0.0,0.0,-0.0011515427440821268,0.985504927964215
1998-04-21,0.88,0.12,0.0,0.0,-7.03399765533419e-05,0.9854356075706887
1998-04-22,0.88,0.12,0.0,0.0,1.1730205278608352e-05,0.9854471669326544
1998-04-23,0.88,0.12,0.0,0.0,-2.3458117486070407e-05,0.9854240501972362
1998-04-24,0.88,0.12,0.0,0.0,3.5194056114953296e-05,0.9854587312665559
1998-04-27,0.88,0.12,0.0,0.0,-0.000551211884284597,0.9849155347024098
1998-04-28,0.88,0.12,0.0,0.0,3.534609720176718e-05,0.9849503476226349
1998-04-29,0.88,0.12,0.0,0.0,-7.06713780918733e-05,0.9848807398242163
1998-04-30,0.05,0.0,0.95,0.0,-4.714201532114437e-05,0.98483431056129
1998-05-01,0.1,0.0,0.0,0.9,-0.016207586732748823,0.968872523055481
1998-05-04,0.1,0.0,0.0,0.9,0.015341404358353584,0.9837363882033733
1998-05-05,0.1,0.0,0.0,0.9,-0.000599942862584535,0.983146202578606
1998-05-06,0.05,0.0,0.95,0.0,0.0017152658662092923,0.9848325597013824
1998-05-07,0.05,0.0,0.95,0.0,-0.0005429605639169387,0.9842978344594032
1998-05-08,0.1,0.0,0.0,0.9,-0.001086542127335116,0.9832283533964183
1998-05-11,0.1,0.0,0.0,0.9,-0.0015425633212720392,0.9817116614020344
1998-05-12,0.1,0.0,0.0,0.9,0.0022319725295687045,0.983902814862241
1998-05-13,0.05,0.0,0.95,0.0,0.0005137963843957927,0.9844083405711139
1998-05-14,0.05,0.0,0.0,0.95,-0.000723947418555848,0.9836956806941526
1998-05-15,0.05,0.0,0.0,0.95,-0.006420140871882784,0.9773802158490335
1998-05-18,0.05,0.0,0.0,0.95,0.001820795400095887,0.9791598252501962
1998-05-19,0.05,0.0,0.95,0.0,-0.000272596843615458,0.9788929093724379
1998-05-20,0.05,0.0,0.95,0.0,0.0013594733829421556,0.9802236882274804
1998-05-21,0.05,0.0,0.95,0.0,-0.001900543012289213,0.9783607309463392
1998-05-22,0.05,0.0,0.95,0.0,0.0006347842688047444,0.9789817789475603
1998-05-26,0.05,0.0,0.95,0.0,0.0026280644853573618,0.9815546061926244
1998-05-27,0.05,0.0,0.95,0.0,0.0009941019786911087,0.9825303715688339
1998-05-28,0.1,0.0,0.0,0.9,-0.01733346003991256,0.9654997206352451
1998-05-29,0.05,0.0,0.95,0.0,0.013590165521246811,0.9786210216493956
1998-06-01,0.05,0.0,0.95,0.0,-0.0008122743682310806,0.9778261128772977
1998-06-02,0.05,0.0,0.5713694684372141,0.3786305315627857,-0.0009032994199867639,0.9769428431166877
1998-06-03,0.05,0.0,0.95,0.0,-0.0003441847578169177,0.9766065942808285
1998-06-04,0.05,0.0,0.95,0.0,-0.0008141306417824123,0.9758115089274578
1998-06-05,0.05,0.0,0.95,0.0,0.0001810730963499596,0.9759882021388332
1998-06-08,0.1,0.0,0.0,0.9,0.00045259647451164616,0.9764299309582862
1998-06-09,0.05,0.0,0.95,0.0,8.592705747574314e-05,0.9765138327090848
1998-06-10,0.05,0.0,0.95,0.0,0.002533333333333265,0.9789876677519477
1998-06-11,0.05,0.0,0.95,0.0,0.003158244680851019,0.9820795503462442
1998-06-12,0.05,0.0,0.95,0.0,0.0007194925683991382,0.982786149284295
1998-06-15,0.05,0.0,0.95,0.0,-0.000898685081827566,0.9819029340333064
1998-06-16,0.05,0.0,0.48718287112078534,0.46281712887921456,-0.0027885616892339648,0.9791648371289148
1998-06-17,0.05,0.0,0.95,0.0,-0.002672587141437232,0.9765479337758566
1998-06-18,0.05,0.0,0.95,0.0,0.0011766387195121797,0.9776969778861969
1998-06-19,0.05,0.0,0.95,0.0,0.0011751831763249453,0.9788459509261525
1998-06-22,0.05,0.0,0.95,0.0,0.0007222961414179107,0.979552967579549
1998-06-23,0.05,0.0,0.95,0.0,0.00018043684710356,0.9797297150285901
1998-06-24,0.05,0.0,0.95,0.0,9.020129130276054e-05,0.9798180879140133
1998-06-25,0.05,0.0,0.34374171848274016,0.6062582815172598,-0.00036077091047183036,0.9794645980503398
1998-06-26,0.05,0.0,0.0,0.95,0.00039362074970627266,0.979850135639735
1998-06-29,0.05,0.0,0.0,0.95,0.00036087369420712,0.9802037377779527
1998-06-30,0.05,0.0,0.0,0.95,-0.002434972470096924,0.9778169686613772
1998-07-01,0.05,0.0,0.0,0.95,0.0009945750452081347,0.9787894810171889
1998-07-02,0.05,0.0,0.0,0.95,0.0005419281232173278,0.9793199145636613
1998-07-06,0.05,0.0,0.95,0.0,0.0011735081717978546,0.9804691544862061
1998-07-07,0.1,0.0,0.0,0.9,-0.0006300928557893493,0.9798513678766425
1998-07-08,0.1,0.0,0.0,0.9,-8.546196942367245e-05,0.9797676278490013
1998-07-09,0.1,0.0,0.0,0.9,0.0009401709401709813,0.9806887769008252
1998-07-10,0.05,0.0,0.95,0.0,0.0,0.9806887769008252
1998-07-13,0.1,0.0,0.0,0.9,-0.0012599469496020921,0.9794531610678601
1998-07-14,0.1,0.0,0.0,0.9,-0.00025636156475491447,0.9792020669228846
1998-07-15,0.1,0.0,0.0,0.9,-0.0005128692183493544,0.9786998643242157
1998-07-16,0.1,0.0,0.0,0.9,-0.0003421077639457093,0.9783650435020578
1998-07-17,0.1,0.0,0.0,0.9,0.0,0.9783650435020578
1998-07-20,0.1,0.0,0.0,0.9,0.0009411541021010494,0.979285835776102
1998-07-21,0.05,0.0,0.95,0.0,0.0005128205128204444,0.9797880336406024
1998-07-22,0.1,0.0,0.0,0.9,-0.0003612510694932458,0.9794340841655731
1998-07-23,0.05,0.0,0.95,0.0,0.0005980634137080055,0.9800198478574511
1998-07-24,0.05,0.0,0.95,0.0,-0.00027080957810717287,0.9797544490959161
1998-07-27,0.05,0.0,0.95,0.0,-0.00018059119855522998,0.9795775140656642
1998-07-28,0.05,0.0,0.95,0.0,0.00018062553474657017,0.979754450777968
1998-07-29,0.05,0.0,0.0,0.95,-0.0015350251877197184,0.9782505030182432
1998-07-30,0.05,0.0,0.95,0.0,0.00036077091047183036,0.9786034273428866
1998-07-31,0.1,0.0,0.0,0.9,-0.000633092155369408,0.9779838811898182
1998-08-03,0.1,0.0,0.0,0.9,0.001627176705680755,0.9795752337798216
1998-08-04,0.1,0.0,0.0,0.9,0.0010258358662615264,0.9805801171883345
1998-08-05,0.05,0.0,0.95,0.0,0.0005123339658443361,0.9810825016886018
1998-08-06,0.1,0.0,0.0,0.9,-0.00018072862170646074,0.9809051920002912
1998-08-07,0.05,0.0,0.95,0.0,0.0008534041342690424,0.9817423005464702
1998-08-10,0.05,0.0,0.95,0.0,0.00036097653652511497,0.9820966864818816
1998-08-11,0.05,0.0,0.2861574097942457,0.6638425902057542,0.0013531478492070925,0.983425608500908
1998-08-12,0.05,0.0,0.2861574097942457,0.6638425902057542,-0.00022556812069387584,0.9832037790345562
1998-08-13,0.05,0.0,0.21949946985458899,0.7305005301454109,-0.0013131574341327318,0.9819126776828496
1998-08-14,0.05,0.0,0.3074693951276877,0.6425306048723124,0.0012119757102323017,0.9831027319977703
1998-08-17,0.05,0.0,0.4317909222396015,0.5182090777603984,-0.004868231372907867,0.9783167604350674
1998-08-18,0.05,0.0,0.95,0.0,-0.0006981646663072692,0.9776337342404755
1998-08-19,0.05,0.0,0.95,0.0,0.0001807974117422506,0.9778104878892581
1998-08-20,0.05,0.0,0.95,0.0,0.001084578061079,0.9788709996923158
1998-08-21,0.05,0.0,0.95,0.0,0.002618074693528416,0.9814337570848393
1998-08-24,0.05,0.0,0.45546664338920456,0.4945333566107954,0.0012604245640636114,0.9826707803002703
1998-08-25,0.05,0.0,0.45546664338920456,0.4945333566107954,0.0014789840857924131,0.9841241347459078
1998-08-26,0.05,0.0,0.45546664338920456,0.4945333566107954,0.0012146946352314851,0.9853195450527853
1998-08-27,0.05,0.0,0.45546664338920456,0.4945333566107954,0.0025439399805698964,0.9878261388370819
1998-08-28,0.05,0.0,0.39325588731361527,0.5567441126863848,-0.00036423994870482274,0.9874663330949426
1998-08-31,0.05,0.0,0.0,0.95,-0.0037769972174695,0.9837366755024982
1998-09-01,0.05,0.0,0.0,0.95,-0.00026836158192091727,0.9834726783720668
1998-09-02,0.05,0.0,0.0,0.95,-0.0012527079212584114,0.9822406743575288
1998-09-03,0.05,0.0,0.0,0.95,0.0017023483919644256,0.9839127901900435
1998-09-04,0.05,0.0,0.0,0.95,0.00035774807004328445,0.9842647830918249
1998-09-08,0.05,0.0,0.0,0.95,0.00026821005081868466,0.9845287727993169
1998-09-09,0.05,0.0,0.0861103777635915,0.8638896222364084,0.0038432590083732118,0.9883125718743806
1998-09-10,0.05,0.0,0.3081440749551847,0.6418559250448153,0.006449400559236144,0.9946865955281273
1998-09-11,0.05,0.0,0.3081440749551847,0.6418559250448153,-0.002688805874285658,0.9920120763669981
1998-09-14,0.05,0.0,0.24987615329520046,0.7001238467047994,-0.000708225445440301,0.991309508172331
1998-09-15,0.05,0.0,0.1745460001941847,0.7754539998058153,-0.0009929929409554857,0.9903251448284138
1998-09-16,0.05,0.0,0.1745460001941847,0.7754539998058153,0.0003622262704624197,0.9906838666121701
1998-09-17,0.05,0.0,0.24269436401926123,0.7073056359807388,0.0022109707898238847,0.9928742397031994
1998-09-18,0.05,0.0,0.24269436401926123,0.7073056359807388,0.0026473289402794125,0.9955027044120235
1998-09-21,0.05,0.0,0.24269436401926123,0.7073056359807388,0.00024843491387713755,0.9957500220406585
1998-09-22,0.05,0.0,0.24269436401926123,0.7073056359807388,-0.0012451502816054137,0.994510163620306
1998-09-23,0.05,0.0,0.24269436401926123,0.7073056359807388,0.0025484313788415227,0.9970446045278528
1998-09-24,0.05,0.0,0.24269436401926123,0.7073056359807388,0.0019682221444347094,0.9990070097974738
1998-09-25,0.05,0.0,0.30474878351214535,0.6452512164878548,0.0012581879575660705,1.0002639483867253
1998-09-28,0.05,0.0,0.30474878351214535,0.6452512164878548,0.00011933627085038664,1.000383316156192
1998-09-29,0.05,0.0,0.30474878351214535,0.6452512164878548,-0.0003683207794195329,1.000014854193467
1998-09-30,0.05,0.0,0.37850074801562167,0.5714992519843783,0.003439199837782199,1.003454105117789
1998-10-01,0.05,0.0,0.37850074801562167,0.5714992519843783,0.003729040522599141,1.0071960261383417
1998-10-02,0.05,0.0,0.37850074801562167,0.5714992519843783,-0.0008601289864844058,1.0063297076411883
1998-10-05,0.05,0.0,0.37850074801562167,0.5714992519843783,0.0040354650000608075,1.010390715954896
1998-10-06,0.05,0.0,0.37850074801562167,0.5714992519843783,-0.00228872258612595,1.008078211902478
1998-10-07,0.05,0.0,0.37850074801562167,0.5714992519843783,-0.0030311382385480048,1.0050225874869332
1998-10-08,0.05,0.0,0.2989676563181323,0.6510323436818677,-0.004694415383281007,1.0003045939916897
1998-10-09,0.05,0.0,0.09780225985707057,0.8521977401429294,-0.006723721186308263,0.9935788248003062
1998-10-12,0.05,0.0,0.09780225985707057,0.8521977401429294,0.00020949590192429482,0.9937869754923406
1998-10-13,0.05,0.0,0.17403299219793053,0.7759670078020694,0.0020693496284268772,0.9958434682008113
1998-10-14,0.05,0.0,0.2468923515130042,0.7031076484869958,0.003531203793059012,0.999359994433015
1998-10-15,0.05,0.0,0.2468923515130042,0.7031076484869958,-0.0005577387458877902,0.9988026126430295
1998-10-16,0.05,0.0,0.3103753192629967,0.6396246807370032,0.005468689107686722,1.0042647536115195
1998-10-19,0.05,0.0,0.3103753192629967,0.6396246807370032,0.00023544986776297163,1.0045012076149564
1998-10-20,0.05,0.0,0.3103753192629967,0.6396246807370032,-0.002397248019799192,1.0020931690841155
1998-10-21,0.05,0.0,0.3103753192629967,0.6396246807370032,-0.0008517107211727904,1.0012396755883926
1998-10-22,0.05,0.0,0.2554652860103131,0.6945347139896868,-0.0009692964115800605,1.0002691775637131
1998-10-23,0.05,0.0,0.2554652860103131,0.6945347139896868,-0.002057099449852966,0.9982115243888419
1998-10-26,0.05,0.0,0.2554652860103131,0.6945347139896868,0.00035278337996553816,0.9985636768243362
1998-10-27,0.05,0.0,0.2554652860103131,0.6945347139896868,0.002959591874287428,1.0015190177682243
1998-10-28,0.05,0.0,0.2554652860103131,0.6945347139896868,0.0013031219393176588,1.002824119172922
1998-10-29,0.05,0.0,0.2554652860103131,0.6945347139896868,0.0011096544004653849,1.003936907369655
1998-10-30,0.05,0.0,0.2554652860103131,0.6945347139896868,-0.003285644239934604,1.000638327852698
1998-11-02,0.05,0.0,0.0,0.95,-0.005618538562327028,0.9950162028207151
1998-11-03,0.05,0.0,0.0,0.95,0.00043977409499107445,0.9954537851708121
1998-11-04,0.05,0.0,0.0,0.95,-0.004131963723857113,0.9913406062417099
1998-11-05,0.05,0.0,0.0,0.95,-8.829816897480968e-05,0.9912530726813484
1998-11-06,0.05,0.0,0.0,0.95,-0.0035322550659973415,0.9877517139936843
1998-11-09,0.05,0.0,0.0,0.95,0.002127262548982989,0.9898529212225569
1998-11-10,0.05,0.0,0.0,0.95,0.0012381307019177056,0.9910784885147055
1998-11-11,0.05,0.0,0.05,0.8999999999999999,-8.832279657868813e-05,0.9909909536909709
1998-11-12,0.05,0.0,0.05,0.8999999999999999,0.001596623273785036,0.9925731929117443
1998-11-13,0.05,0.0,0.0,0.95,-0.0009350991236715678,0.9916450385888725
1998-11-16,0.05,0.0,0.0,0.95,-0.00697296292855149,0.9847303344965103
1998-11-17,0.05,0.0,0.0,0.95,-0.0008002620741295707,0.9839422921565678
1998-11-18,0.05,0.0,0.0,0.95,0.001067915690866461,0.9849930595692689
1998-11-19,0.05,0.0,0.0,0.95,-0.0006222513333958235,0.9843801463245663
1998-11-20,0.05,0.0,0.0,0.95,0.0006226591760299271,0.9849930796553769
1998-11-23,0.05,0.0,0.0,0.95,0.00044446523813976844,0.9854308748390919
1998-11-24,0.05,0.0,0.0,0.95,-0.0007996632996633223,0.984642861934128
1998-11-25,0.05,0.0,0.0,0.95,0.00035570532621918003,0.9849931046445416
1998-11-27,0.05,0.0,0.170262582551456,0.779737417448544,0.0009778235239076172,0.9859562540731497
1998-11-30,0.05,0.0,0.43772611746013596,0.512273882539864,0.0015281223007835927,0.987462915812596
1998-12-01,0.05,0.0,0.43772611746013596,0.512273882539864,0.0018765808575153396,0.9893159698179164
1998-12-02,0.05,0.0,0.43772611746013596,0.512273882539864,0.0029088264328380057,0.9921937182613515
1998-12-03,0.05,0.0,0.43772611746013596,0.512273882539864,0.0005664972172156505,0.9927557932416854
1998-12-04,0.05,0.0,0.43772611746013596,0.512273882539864,-0.0021693699705240305,0.9906021386357631
1998-12-07,0.05,0.0,0.43772611746013596,0.512273882539864,-0.003080588952900253,0.9875505006307624
1998-12-08,0.05,0.0,0.43772611746013596,0.512273882539864,0.003366384581947949,0.9908749754099809
1998-12-09,0.05,0.0,0.43772611746013596,0.512273882539864,0.0009438468300893279,0.9918102096145365
1998-12-10,0.05,0.0,0.4879035429444752,0.4620964570555248,0.0019038500480919385,0.9936984675298092
1998-12-11,0.05,0.0,0.4879035429444752,0.4620964570555248,-0.0031190094463028357,0.9905991126228071
1998-12-14,0.05,0.0,0.43425936390732484,0.5157406360926751,0.0019576546972267374,0.9925383636287016
1998-12-15,0.05,0.0,0.2948098887786956,0.6551901112213044,-0.0028357171324012195,0.9897238055863942
1998-12-16,0.05,0.0,0.2948098887786956,0.6551901112213044,0.0015863530881218566,0.991293857001774
1998-12-17,0.05,0.0,0.2948098887786956,0.6551901112213044,-0.00019400857586266099,0.9911015374923156
1998-12-18,0.05,0.0,0.2948098887786956,0.6551901112213044,-0.0005316144504414294,0.9905746535931299
1998-12-21,0.05,0.0,0.05,0.9000000000000001,-0.0019395369333126957,0.9886533974672825
1998-12-22,0.05,0.0,0.05,0.9000000000000001,-0.0011886636749498805,0.9874782210865974
1998-12-23,0.05,0.0,0.05,0.9000000000000001,-0.003569369082274449,0.9839535468548316
1998-12-24,0.05,0.0,0.05,0.9000000000000001,-0.0013678970398566638,0.9826075997107324
1998-12-28,0.05,0.0,0.05,0.9000000000000001,0.0027302689365330426,0.9852903827170238
1998-12-29,0.05,0.0,0.05,0.9000000000000001,0.00197366668319956,0.9872350175186694
1998-12-30,0.05,0.0,0.05,0.9000000000000001,0.0015451423660917231,0.9887604361695268
1998-12-31,0.05,0.0,0.05,0.9000000000000001,-0.002449256477484363,0.9863387082665583
1999-01-04,0.05,0.0,0.05,0.9000000000000001,0.0003777112316763698,0.9867112594749077
1999-01-05,0.05,0.0,0.05,0.9000000000000001,-0.002073514268076227,0.984665299599915
1999-01-06,0.05,0.0,0.95,0.0,0.0010763888888889795,0.9857251823876788
1999-01-07,0.05,0.0,0.20735659445870888,0.742643405541291,-0.0012578021562322738,0.9844853351278191
1999-01-08,0.1,0.0,0.0,0.9,-0.0024051845143866694,0.982117466245129
1999-01-11,0.1,0.0,0.0,0.9,-0.0006749789069091516,0.9814545576713064
1999-01-12,0.1,0.0,0.0,0.9,0.002364199268224021,0.983774911818348
1999-01-13,0.1,0.0,0.0,0.9,0.001768503789650988,0.9855147214780624
1999-01-14,0.05,0.0,0.95,0.0,0.003025775121404495,0.9884966674040886
1999-01-15,0.1,0.0,0.0,0.9,-0.006073140923192704,0.9824933878408373
1999-01-19,0.1,0.0,0.0,0.9,-0.0005038723523374645,0.9819983365863498
1999-01-20,0.1,0.0,0.0,0.9,-0.0009242834469236905,0.9810906917789365
1999-01-21,0.05,0.0,0.95,0.0,0.0016822429906542258,0.9827411247183777
1999-01-22,0.05,0.0,0.95,0.0,0.0021568441963864537,0.9848607442097768
1999-01-25,0.05,0.0,0.3381846661275615,0.6118153338724386,0.0,0.9848607442097768
1999-01-26,0.05,0.0,0.21239840063369617,0.7376015993663039,-0.0006610844768533918,0.9842096680599174
1999-01-27,0.05,0.0,0.95,0.0,0.0005729413723013276,0.9847735624977678
1999-01-28,0.05,0.0,0.95,0.0,0.0008071367884450176,0.9855684094683478
1999-01-29,0.05,0.0,0.95,0.0,0.0017921146953405187,0.9873346610982194
1999-02-01,0.05,0.0,0.05,0.8999999999999999,-0.006171154208247025,0.981241666649435
1999-02-02,0.05,0.0,0.95,0.0,-0.0013455526629091662,0.9799213543119175
1999-02-03,0.1,0.0,0.0,0.9,-0.0017133364973896225,0.9782424192910035
1999-02-04,0.1,0.0,0.0,0.9,-0.0016003743565746297,0.9766768652086566
1999-02-05,0.1,0.0,0.0,0.9,-0.0012657041065065933,0.975440681289632
1999-02-08,0.1,0.0,0.0,0.9,0.0008449910806496819,0.9762649199650245
1999-02-09,0.1,0.0,0.0,0.9,0.0005909389363099705,0.9768418329183853
1999-02-10,0.1,0.0,0.0,0.9,0.00016872890888635085,0.9770066543750081
1999-02-11,0.1,0.0,0.0,0.9,-0.0004217432052483039,0.976594608457043
1999-02-12,0.1,0.0,0.0,0.9,-0.0037130801687764617,0.9729684343834472
1999-02-16,0.1,0.0,0.0,0.9,-0.005931644854533358,0.9671971311760132
1999-02-17,0.1,0.0,0.0,0.9,0.0013647995450666972,0.9685171613806322
1999-02-18,0.1,0.0,0.0,0.9,-0.0011072205924102963,0.9674447992354488
1999-02-19,0.1,0.0,0.0,0.9,-0.00042637862421837094,0.9670323014529436
1999-02-22,0.1,0.0,0.0,0.9,0.0013650582993648853,0.9683523569217959
1999-02-23,0.1,0.0,0.0,0.9,-0.0017037387600567944,0.9667025374779159
1999-02-24,0.1,0.0,0.0,0.9,-0.00221906116642967,0.9645573654175096
1999-02-25,0.1,0.0,0.0,0.9,-0.0025667839148207808,0.962081555087034
1999-02-26,0.1,0.0,0.0,0.9,0.00025741252740971724,0.9623292069317032
1999-03-01,0.1,0.0,0.0,0.9,-0.004288982081585968,0.9582017942065862
1999-03-02,0.1,0.0,0.0,0.9,0.0014652365447232142,0.959605786492677
1999-03-03,0.1,0.0,0.0,0.9,-0.0007744526245339278,0.9588626172728099
1999-03-04,0.1,0.0,0.0,0.9,-0.0006028708133970385,0.9582845469867985
1999-03-05,0.1,0.0,0.0,0.9,0.0022407354208558994,0.9604318091144907
1999-03-08,0.1,0.0,0.0,0.9,0.001289521444264019,0.9616703065280972
1999-03-09,0.1,0.0,0.0,0.9,0.0024036627241511123,0.9639818375968217
1999-03-10,0.1,0.0,0.0,0.9,-0.0004280821917808875,0.9635691741389462
1999-03-11,0.1,0.0,0.0,0.9,-8.565718092693465e-05,0.9634866375198614
1999-03-12,0.1,0.0,0.0,0.9,0.0015419760137063588,0.9649723108044436
1999-03-15,0.1,0.0,0.0,0.9,0.0007696693272520649,0.9657150203937173
1999-03-16,0.1,0.0,0.0,0.9,0.0011107946454001593,0.9667877314673531
1999-03-17,0.1,0.0,0.0,0.9,-0.0005973828939882297,0.9662101890144568
1999-03-18,0.1,0.0,0.0,0.9,0.0007685738684885646,0.9669527929172007
1999-03-19,0.1,0.0,0.0,0.9,-0.001365187713310645,0.9656327208449588
1999-03-22,0.1,0.0,0.0,0.9,-0.0006836308393467383,0.9649725845375069
1999-03-23,0.1,0.0,0.0,0.9,0.0009407069555302794,0.9658803409596773
1999-03-24,0.1,0.0,0.0,0.9,0.0007688656858092724,0.9666229732104391
1999-03-25,0.1,0.0,0.0,0.9,-0.0011096358118360516,0.9655503737428213
1999-03-26,0.1,0.0,0.0,0.9,0.0005127718165416351,0.9660454807619279
1999-03-29,0.1,0.0,0.0,0.9,-0.0008541330549492577,0.9652203493842247
1999-03-30,0.1,0.0,0.0,0.9,0.0018808777429466517,0.9670358108564208
1999-03-31,0.88,0.12,0.0,0.0,-0.003497961892122481,0.9636531564417272
1999-04-01,0.88,0.12,0.0,0.0,-2.5220680958377704e-05,0.9636288524529141
1999-04-05,0.88,0.12,0.0,0.0,0.00015135589657346848,0.9637747033618412
1999-04-06,0.88,0.12,0.0,0.0,0.0002393449506613354,0.9640053779706659
1999-04-07,0.88,0.12,0.0,0.0,0.00023886851754845395,0.9642356485062106
1999-04-08,0.88,0.12,0.0,0.0,0.00016311166875784266,0.9643929265919143
1999-04-09,0.88,0.12,0.0,0.0,7.518011903519195e-05,0.9644654297669323
1999-04-12,0.88,0.12,0.0,0.0,7.513304810601085e-05,0.9645378929944635
1999-04-13,0.88,0.12,0.0,0.0,3.754301804149485e-05,0.9645741046579819
1999-04-14,0.88,0.12,0.0,0.0,7.506255212677004e-05,0.964646508051993
1999-04-15,0.88,0.12,0.0,0.0,5.001041883724077e-05,0.9646947504278905
1999-04-16,0.88,0.12,0.0,0.0,-6.248698187877544e-05,0.9646344695645019
1999-04-19,0.88,0.12,0.0,0.0,5.0015629884354597e-05,0.9646827163651054
1999-04-20,0.88,0.12,0.0,0.0,-3.749609415686361e-05,0.9646465445311411
1999-04-21,0.88,0.12,0.0,0.0,0.0,0.9646465445311411
1999-04-22,0.88,0.12,0.0,0.0,-2.5005209418647034e-05,0.9646224233422801
1999-04-23,0.88,0.12,0.0,0.0,2.501042100875317e-05,0.9646465489552023
1999-04-26,0.88,0.12,0.0,0.0,-1.2502604709316856e-05,0.9646344883607165
1999-04-27,0.88,0.12,0.0,0.0,5.0015629884354597e-05,0.9646827351622601
1999-04-28,0.88,0.12,0.0,0.0,-3.749609415686361e-05,0.964646563327591
1999-04-29,0.88,0.12,0.0,0.0,2.5005209418633712e-05,0.964670684516922
1999-04-30,0.88,0.12,0.0,0.0,0.0004499999999999904,0.9651047863249547
1999-05-03,0.88,0.12,0.0,0.0,4.9813200498141085e-05,0.9651528612831777
1999-05-04,0.88,0.12,0.0,0.0,0.0,0.9651528612831777
1999-05-05,0.88,0.12,0.0,0.0,-0.0001742738589211612,0.964984660369593
1999-05-06,0.88,0.12,0.0,0.0,-0.00011219613546645578,0.9648763928199151
1999-05-07,0.88,0.12,0.0,0.0,-0.0001123011334095958,0.9647680361074014
1999-05-10,0.88,0.12,0.0,0.0,-0.0001748542880932602,0.9645993422792727
1999-05-11,0.88,0.12,0.0,0.0,-7.504690431520356e-05,0.96452695208473
1999-05-12,0.88,0.12,0.0,0.0,-0.00012515644555694206,0.9644062353197632
1999-05-13,0.88,0.12,0.0,0.0,0.00013781582793903624,0.9645391457635534
1999-05-14,0.1,0.0,0.0,0.9,-0.0004129731984565632,0.9641408169474909
1999-05-17,0.1,0.0,0.0,0.9,-0.00723444976076556,0.9571657886449808
1999-05-18,0.1,0.0,0.0,0.9,-0.000781400733166171,0.9564178585959721
1999-05-19,0.1,0.0,0.0,0.9,0.0011296707540794815,0.9574982958795073
1999-05-20,0.1,0.0,0.0,0.9,-8.67888138862738e-05,0.9574151957381098
1999-05-21,0.1,0.0,0.0,0.9,0.001735943678271701,0.9590772145946328
1999-05-24,0.1,0.0,0.0,0.9,0.001386081432284203,0.9604065737139093
1999-05-25,0.1,0.0,0.0,0.9,-0.00060547813551175,0.9598250685323237
1999-05-26,0.1,0.0,0.0,0.9,-0.0013848817080208686,0.9584958243520134
1999-05-27,0.1,0.0,0.0,0.9,-0.0020805239838180725,0.9565016508010595
1999-05-28,0.1,0.0,0.0,0.9,0.0,0.9565016508010595
1999-06-01,0.1,0.0,0.0,0.9,-0.005387140374589772,0.9513488421396674
1999-06-02,0.1,0.0,0.0,0.9,-0.0001748251748251106,0.9511825224120206
1999-06-03,0.1,0.0,0.0,0.9,0.0007868661356129847,0.9519309757276936
1999-06-04,0.1,0.0,0.0,0.9,-8.735319809763942e-05,0.9518478215125956
1999-06-07,0.1,0.0,0.0,0.9,0.00034944670937677726,0.9521804416016506
1999-06-08,0.1,0.0,0.0,0.9,-0.0002619833106927816,0.9519309862171829
1999-06-09,0.1,0.0,0.0,0.9,-0.0009608851790740336,0.9510162898410255
1999-06-10,0.1,0.0,0.0,0.9,-0.0011368052856587042,0.9499351694959867
1999-06-11,0.1,0.0,0.0,0.9,-0.0022764860394980714,0.9477726553442009
1999-06-14,0.1,0.0,0.0,0.9,0.0017555837315907708,0.9494365495991698
1999-06-15,0.1,0.0,0.0,0.9,0.0001752165871701461,0.9496029066311252
1999-06-16,0.1,0.0,0.0,0.9,0.0016642335766423378,0.9511832676728179
1999-06-17,0.1,0.0,0.0,0.9,0.004109189819312209,0.9550918602726391
1999-06-18,0.1,0.0,0.0,0.9,-0.0016536118363793984,0.9535125090676627
1999-06-21,0.1,0.0,0.0,0.9,-0.0010463088548731349,0.952514840486193
1999-06-22,0.1,0.0,0.0,0.9,-0.0008729388942773419,0.9516833532345562
1999-06-23,0.1,0.0,0.0,0.9,-0.001223300970873742,0.95051915806458
1999-06-24,0.1,0.0,0.0,0.9,-0.0011374684036554172,0.9494379725552125
1999-06-25,0.1,0.0,0.0,0.9,0.0009636912294364031,0.9503529376022578
1999-06-28,0.1,0.0,0.0,0.9,0.001837806301050171,0.9520995022192048
1999-06-29,0.1,0.0,0.0,0.9,0.0006986899563318439,0.952764724578834
1999-06-30,0.1,0.0,0.0,0.9,0.001658101425385361,0.9543445051267151
1999-07-01,0.1,0.0,0.0,0.9,-0.0007839721254354837,0.9535963256366332
1999-07-02,0.1,0.0,0.0,0.9,0.0,0.9535963256366332
1999-07-06,0.1,0.0,0.0,0.9,-0.00043591979075850994,0.9531806341258936
1999-07-07,0.1,0.0,0.0,0.9,-0.0005233572397751907,0.9526817801402103
1999-07-08,0.1,0.0,0.0,0.9,0.0017455391776569629,0.954344723511285
1999-07-09,0.1,0.0,0.0,0.9,8.710801393736478e-05,0.9544278545847615
1999-07-12,0.1,0.0,0.0,0.9,0.002874286267298909,0.9571711534603222
1999-07-13,0.1,0.0,0.0,0.9,0.0006945784294810631,0.9578359838968372
1999-07-14,0.1,0.0,0.0,0.9,-0.0007807981492191307,0.957088107333355
1999-07-15,0.1,0.0,0.0,0.9,0.0,0.957088107333355
1999-07-16,0.1,0.0,0.0,0.9,0.0013024602026047605,0.9583346765035431
1999-07-19,0.1,0.0,0.0,0.9,0.0008670520231214952,0.959165602523633
1999-07-20,0.1,0.0,0.0,0.9,0.0008662175168430153,0.9599964485700923
1999-07-21,0.1,0.0,0.0,0.9,-8.653846153852119e-05,0.9599133719543506
1999-07-22,0.1,0.0,0.0,0.9,-0.002596403500336564,0.9574210495153884
1999-07-23,0.1,0.0,0.0,0.9,-0.0013887549426174206,0.9560914263007079
1999-07-26,0.1,0.0,0.0,0.9,-8.693132425388051e-05,0.9560083120069118
1999-07-27,0.1,0.0,0.0,0.9,0.001043276661514736,0.9570056931670428
1999-07-28,0.1,0.0,0.0,0.9,0.0,0.9570056931670428
1999-07-29,0.1,0.0,0.0,0.9,-0.0019972983404091707,0.9550942672843181
1999-07-30,0.1,0.0,0.0,0.9,-0.0004351610095735259,0.9546786474987288
1999-08-02,0.1,0.0,0.0,0.9,-0.0019156346749225727,0.952849831978172
1999-08-03,0.1,0.0,0.0,0.9,-0.0005235602094240788,0.9523509577205918
1999-08-04,0.1,0.0,0.0,0.9,0.0006984866123399991,0.9530161621148088
1999-08-05,0.1,0.0,0.0,0.9,0.001919348584722669,0.9548453323367816
1999-08-06,0.1,0.0,0.0,0.9,-0.004265815438189136,0.9507721383770165
1999-08-09,0.1,0.0,0.0,0.9,-0.0021868014384293535,0.9486929884971951
1999-08-10,0.1,0.0,0.0,0.9,-0.0002630553390490675,0.9484434297414526
1999-08-11,0.1,0.0,0.0,0.9,0.0014033719910339748,0.9497744486858319
1999-08-12,0.1,0.0,0.0,0.9,-0.0002627225844118231,0.9495249214880649
1999-08-13,0.1,0.0,0.0,0.9,0.002803192524820064,0.9521866226501106
1999-08-16,0.1,0.0,0.0,0.9,-0.006636910537550967,0.9458670452205289
1999-08-17,0.1,0.0,0.0,0.9,0.002287390029325631,0.9480306120688341
1999-08-18,0.1,0.0,0.0,0.9,0.000526521060842522,0.9485297701524118
1999-08-19,0.1,0.0,0.0,0.9,-8.770220229977755e-05,0.9484465820026226
1999-08-20,0.1,0.0,0.0,0.9,0.0004385537471981671,0.9488625268051771
1999-08-23,0.1,0.0,0.0,0.9,0.00017533606078334874,0.949028896622852
1999-08-24,0.1,0.0,0.0,0.9,0.0016653681340085935,0.950609379105541
1999-08-25,0.1,0.0,0.0,0.9,0.0023622047244095112,0.9528549130719322
1999-08-26,0.1,0.0,0.0,0.9,-0.0006108202443281585,0.9522728900011203
1999-08-27,0.1,0.0,0.0,0.9,-0.002270301736683722,0.9501109432051539
1999-08-30,0.1,0.0,0.0,0.9,-0.0023635833090165817,0.9478652768380802
1999-08-31,0.1,0.0,0.0,0.9,-0.0024575775307197566,0.9455358244315735
1999-09-01,0.1,0.0,0.0,0.9,0.00026403285742231385,0.9457854769570934
1999-09-02,0.1,0.0,0.0,0.9,-0.0005279108417244994,0.9452861865498621
1999-09-03,0.1,0.0,0.0,0.9,0.003345397632788827,0.948448544720654
1999-09-07,0.1,0.0,0.0,0.9,-0.0008771074943962343,0.9476166533940302
1999-09-08,0.1,0.0,0.0,0.9,0.0007023705004389314,0.9482822313770989
1999-09-09,0.1,0.0,0.0,0.9,-0.0007895506384637985,0.9475335145358713
1999-09-10,0.1,0.0,0.0,0.9,0.0019317073170731726,0.9493638719590723
1999-09-13,0.1,0.0,0.0,0.9,0.0,0.9493638719590723
1999-09-14,0.1,0.0,0.0,0.9,-0.001226635514018648,0.948199348518001
1999-09-15,0.1,0.0,0.0,0.9,0.0011405732111522183,0.9492808392937526
1999-09-16,0.1,0.0,0.0,0.9,0.0011391295881608698,0.9503621931852663
1999-09-17,0.1,0.0,0.0,0.9,0.0007001166861143604,0.9510275576145674
1999-09-20,0.1,0.0,0.0,0.9,-0.0006995724834823026,0.9503622449042268
1999-09-21,0.1,0.0,0.0,0.9,-0.00017502917152864005,0.9501959037878491
1999-09-22,0.1,0.0,0.0,0.9,0.00035012643454592764,0.9505285924917626
1999-09-23,0.1,0.0,0.0,0.9,0.0017499513902392572,0.9521919713236557
1999-09-24,0.1,0.0,0.0,0.9,0.0025325053366970886,0.954603402572593
1999-09-27,0.1,0.0,0.0,0.9,-0.0013933236574745545,0.9532733310682829
1999-09-28,0.1,0.0,0.0,0.9,-0.0011338307975578778,0.9521924804070271
1999-09-29,0.1,0.0,0.0,0.9,-0.0020958664855424526,0.9501968120995564
1999-09-30,0.1,0.0,0.0,0.9,0.0002625948259094457,0.9504463288660093
1999-10-01,0.1,0.0,0.0,0.9,-0.0027126883811374736,0.9478680641527998
1999-10-04,0.1,0.0,0.0,0.9,0.001755412521942512,0.9495319636217631
1999-10-05,0.1,0.0,0.0,0.9,-0.0023651936928167916,0.9472861366102768
1999-10-06,0.1,0.0,0.0,0.9,-0.0006148140919292943,0.9467037317443996
1999-10-07,0.1,0.0,0.0,0.9,8.789062499992006e-05,0.9467869381270724
1999-10-08,0.1,0.0,0.0,0.9,0.0006151742993849574,0.9473693771184015
1999-10-11,0.1,0.0,0.0,0.9,0.00043911007025758674,0.9477853765521479
1999-10-12,0.1,0.0,0.0,0.9,-0.0005266751194772712,0.9472862015757135
1999-10-13,0.1,0.0,0.0,0.9,-0.0013174587684200878,0.9460381910632443
1999-10-14,0.1,0.0,0.0,0.9,-0.0010555121188427496,0.9450396362876889
1999-10-15,0.1,0.0,0.0,0.9,0.0021135029354207636,0.9470369803330718
1999-10-18,0.1,0.0,0.0,0.9,-0.000527137836782543,0.9465377613079059
1999-10-19,0.1,0.0,0.0,0.9,-0.0010548935338932865,0.9455392647439164
1999-10-20,0.1,0.0,0.0,0.9,-0.0003520438098964185,0.9452063934987492
1999-10-21,0.1,0.0,0.0,0.9,0.00017609078458220574,0.9453728356341726
1999-10-22,0.1,0.0,0.0,0.9,-0.00035211267605629316,0.9450399578751466
1999-10-25,0.1,0.0,0.0,0.9,8.806262230911522e-05,0.945123180572024
1999-10-26,0.1,0.0,0.0,0.9,-0.0002641620193717498,0.9448735149240891
1999-10-27,0.1,0.0,0.0,0.9,0.0014973576042276449,0.946288328466694
1999-10-28,0.1,0.0,0.0,0.9,0.0019345383488032165,0.9481189595271377
1999-10-29,0.1,0.0,0.0,0.9,0.0028078385492834148,0.9507811244910044
1999-11-01,0.1,0.0,0.0,0.9,-0.002011857323355093,0.9488682885227894
1999-11-02,0.1,0.0,0.0,0.9,0.0007013442431325956,0.9495337718344358
1999-11-03,0.1,0.0,0.0,0.9,0.000700798131204916,0.9501992033272532
1999-11-04,0.1,0.0,0.0,0.9,0.0016631005640927565,0.9517794801583073
1999-11-05,0.1,0.0,0.0,0.9,0.0011358120570818199,0.9528605227675542
1999-11-08,0.1,0.0,0.0,0.9,-0.0002617801047120394,0.9526110828401282
1999-11-09,0.1,0.0,0.0,0.9,-0.00034914169333725157,0.9522784865935736
1999-11-10,0.1,0.0,0.0,0.9,-0.0007858736780827269,0.9515301159967553
1999-11-11,0.1,0.0,0.0,0.9,0.0003495824431927641,0.9518627542194769
1999-11-12,0.1,0.0,0.0,0.9,0.0013977868375073088,0.9531932554484382
1999-11-15,0.1,0.0,0.0,0.9,-0.007065322736964574,0.9464586374679971
1999-11-16,0.1,0.0,0.0,0.9,-0.0008791638175247085,0.9456265452791515
1999-11-17,0.1,0.0,0.0,0.9,-0.0014080375476679065,0.944295067597327
1999-11-18,0.1,0.0,0.0,0.9,-0.00044070120458328255,0.9438789156235547
1999-11-19,0.1,0.0,0.0,0.9,8.818342151675208e-05,0.943962150095832
1999-11-22,0.1,0.0,0.0,0.9,-0.00044087391006170096,0.943545981811769
1999-11-23,0.1,0.0,0.0,0.9,0.00017643599294270285,0.9437124572839571
1999-11-24,0.1,0.0,0.0,0.9,8.82007056055123e-05,0.9437956933885784
1999-11-26,0.1,0.0,0.0,0.9,-0.00044096031357174773,0.9433795169436741
1999-11-29,0.1,0.0,0.0,0.9,-0.001411764705882368,0.9420476870374006
1999-11-30,0.1,0.0,0.0,0.9,-0.0007953652788688648,0.9412984150160923
1999-12-01,0.1,0.0,0.0,0.9,-0.0007076167076167095,0.9406323365307738
1999-12-02,0.1,0.0,0.0,0.9,-0.0004426084390675267,0.9402160047205655
1999-12-03,0.1,0.0,0.0,0.9,0.0021255658334973894,0.9422144957363069
1999-12-06,0.1,0.0,0.0,0.9,0.000795209110543893,0.9429637532874029
1999-12-07,0.1,0.0,0.0,0.9,0.001324178518881758,0.9442124056335902
1999-12-08,0.1,0.0,0.0,0.9,-0.0007051909892262564,0.9435465555532218
1999-12-09,0.1,0.0,0.0,0.9,0.0007057439717702119,0.9442124578468879
1999-12-10,0.1,0.0,0.0,0.9,0.0014985308521056951,0.945627389345914
1999-12-13,0.1,0.0,0.0,0.9,-0.00035200938691695163,0.9452945196283384
1999-12-14,0.1,0.0,0.0,0.9,-0.002905213733737655,0.9425482370074872
1999-12-15,0.1,0.0,0.0,0.9,-0.0008832188420020093,0.9417157606450665
1999-12-16,0.1,0.0,0.0,0.9,-0.0013261296660117218,0.9404669234379243
1999-12-17,0.1,0.0,0.0,0.9,-0.00017707820954260267,0.9403003872389878
1999-12-20,0.1,0.0,0.0,0.9,-0.0008855652858407393,0.9394676898577864
1999-12-21,0.1,0.0,0.0,0.9,-0.0002659312518467738,0.9392178560389529
1999-12-22,0.1,0.0,0.0,0.9,-0.00026600985221678645,0.9389680148358686
1999-12-23,0.1,0.0,0.0,0.9,-0.00017739233270918088,0.9388014491093775
1999-12-27,0.1,0.0,0.0,0.9,0.0010645638245440293,0.9398008631705289
1999-12-28,0.1,0.0,0.0,0.9,-0.0005316530471595305,0.9393012151779011
1999-12-29,0.1,0.0,0.0,0.9,0.0008866121564377494,0.9401340110538345
1999-12-30,0.1,0.0,0.0,0.9,0.0006200177147918984,0.9407169107949663
1999-12-31,0.1,0.0,0.0,0.9,-0.0035405192761605807,0.9373862844388865
2000-01-03,0.1,0.0,0.0,0.9,-0.016261848341232177,0.9221426508441901
2000-01-04,0.1,0.0,0.0,0.9,0.0021719457013574584,0.9241454946107295
2000-01-05,0.1,0.0,0.0,0.9,0.011465543183870053,0.9347413246873678
2000-01-06,0.1,0.0,0.0,0.9,0.001337163232963512,0.9359912264190714
2000-01-07,0.1,0.0,0.0,0.9,-0.012906735238848822,0.923910635473795
2000-01-10,0.1,0.0,0.0,0.9,-0.001354605659241337,0.922659100898349
2000-01-11,0.1,0.0,0.0,0.9,-0.002441965631594889,0.920405999084277
2000-01-12,0.1,0.0,0.0,0.9,-0.0007255139056831617,0.9197382317330671
2000-01-13,0.1,0.0,0.0,0.9,0.002269060104880949,0.9218251730616264
2000-01-14,0.1,0.0,0.0,0.9,-0.001267478120913368,0.9206567798234636
2000-01-18,0.1,0.0,0.0,0.9,-0.0013599274705347832,0.9194047533776476
2000-01-19,0.1,0.0,0.0,0.9,0.0006355932203390147,0.9199891208056419
2000-01-20,0.1,0.0,0.0,0.9,-0.0008166145780824752,0.9192378442779148
2000-01-21,0.1,0.0,0.0,0.9,-9.081735620580789e-05,0.9191543615271732
2000-01-24,0.1,0.0,0.0,0.9,0.001998183469573034,0.9209910005783628
2000-01-25,0.1,0.0,0.0,0.9,-0.000362501258684933,0.9206571401814156
2000-01-26,0.1,0.0,0.0,0.9,-0.00027198549410699656,0.9204067347942403
2000-01-27,0.1,0.0,0.0,0.9,-0.0009068923821039521,0.9195720249380183
2000-01-28,0.1,0.0,0.0,0.9,-0.00036312285656650014,0.9192381073175041
2000-01-31,0.1,0.0,0.0,0.9,-0.0009989909182643864,0.9183197967965714
2000-02-01,0.1,0.0,0.0,0.9,0.0006364279220123948,0.9189042411565894
2000-02-02,0.1,0.0,0.0,0.9,-0.000272562083585759,0.918653782702004
2000-02-03,0.1,0.0,0.0,0.9,0.002635564980309013,0.9210749544407217
2000-02-04,0.1,0.0,0.0,0.9,-0.0018123238018525113,0.9194056683774986
2000-02-07,0.1,0.0,0.0,0.9,-0.0022699757869249384,0.9173186397719202
2000-02-08,0.1,0.0,0.0,0.9,0.0006372003641144764,0.9179031555431918
2000-02-09,0.1,0.0,0.0,0.9,-0.001000606428138262,0.9169846957453469
2000-02-10,0.1,0.0,0.0,0.9,-0.0003642618638064255,0.9166506731909927
2000-02-11,0.1,0.0,0.0,0.9,0.0008199210446401262,0.9174022543685254
2000-02-14,0.1,0.0,0.0,0.9,0.001911407766990303,0.9191557841629799
2000-02-15,0.1,0.0,0.0,0.9,-0.0009082652134423608,0.9183209469384904
2000-02-16,0.1,0.0,0.0,0.9,9.09182745731707e-05,0.9184044390944905
2000-02-17,0.1,0.0,0.0,0.9,-0.001272727272727281,0.9172355607174612
2000-02-18,0.1,0.0,0.0,0.9,0.0018207566255311614,0.9189056234418101
2000-02-22,0.1,0.0,0.0,0.9,0.0029073288915808294,0.9215771843094787
2000-02-23,0.1,0.0,0.0,0.9,-0.0023545985107666814,0.919407240043747
2000-02-24,0.1,0.0,0.0,0.9,0.002723970944309806,0.9219116786516143
2000-02-25,0.1,0.0,0.0,0.9,0.0009052504526251726,0.9227462396159941
2000-02-28,0.1,0.0,0.0,0.9,-0.0022608520900321504,0.920660046851589
2000-02-29,0.1,0.0,0.0,0.9,0.0004533091568448944,0.921077390481168
2000-03-01,0.1,0.0,0.0,0.9,0.0007249295207411244,0.921745106672415
2000-03-02,0.1,0.0,0.0,0.9,-0.0005432595573440779,0.9212443598337802
2000-03-03,0.1,0.0,0.0,0.9,0.0006341856251258271,0.9218285997640149
2000-03-06,0.1,0.0,0.0,0.9,-0.0011769439694195416,0.9207436591526841
2000-03-07,0.1,0.0,0.0,0.9,0.0010878323932312695,0.9217452739309727
2000-03-08,0.1,0.0,0.0,0.9,0.0,0.9217452739309727
2000-03-09,0.1,0.0,0.0,0.9,0.0007243460764586373,0.9224129365036389
2000-03-10,0.1,0.0,0.0,0.9,-0.001266586248492152,0.9212446209628321
2000-03-13,0.1,0.0,0.0,0.9,0.0007247835715723739,0.9219123239295055
2000-03-14,0.1,0.0,0.0,0.9,0.0014484007242003161,0.9232476224071342
2000-03-15,0.1,0.0,0.0,0.9,0.0003615183771841446,0.9235813933893259
2000-03-16,0.1,0.0,0.0,0.9,0.0006324031319012047,0.9241654691550709
2000-03-17,0.1,0.0,0.0,0.9,0.00054167920553716,0.9246660703721878
2000-03-20,0.1,0.0,0.0,0.9,-9.022556390984038e-05,0.9245826418545603
2000-03-21,0.1,0.0,0.0,0.9,0.0005414076599157714,0.9250832179790854
2000-03-22,0.1,0.0,0.0,0.9,0.0003607214428857919,0.9254169153322643
2000-03-23,0.1,0.0,0.0,0.9,0.0008112980769230616,0.9261677042960255
2000-03-24,0.1,0.0,0.0,0.9,-0.0035124587211048277,0.9229145784658652
2000-03-27,0.1,0.0,0.0,0.9,-9.041591320076981e-05,0.9228311323014469
2000-03-28,0.1,0.0,0.0,0.9,0.000813824977393729,0.9235821553268303
2000-03-29,0.1,0.0,0.0,0.9,0.00045171652278666043,0.9239993526465423
2000-03-30,0.1,0.0,0.0,0.9,0.0024380455503161037,0.9262521051567572
2000-03-31,0.1,0.0,0.0,0.9,0.0008104862917751587,0.9270028197907146
2000-04-03,0.1,0.0,0.0,0.9,0.0013495951214635537,0.928253898273887
2000-04-04,0.1,0.0,0.0,0.9,0.0037732082251946244,0.931756393517923
2000-04-05,0.1,0.0,0.0,0.9,-0.0008946322067594049,0.9309228142394279
2000-04-06,0.1,0.0,0.0,0.9,-0.0010746268656717129,0.9299224195733795
2000-04-07,0.1,0.0,0.0,0.9,0.0008069336521218995,0.9306728052675959
2000-04-10,0.1,0.0,0.0,0.9,0.001702000597193254,0.9322568109379529
2000-04-11,0.1,0.0,0.0,0.9,-0.0020564275779851983,0.9303396923221755
2000-04-12,0.1,0.0,0.0,0.9,-0.0020611371104252265,0.9284221346570287
2000-04-13,0.1,0.0,0.0,0.9,0.0010778443113770742,0.9294228291734253
2000-04-14,0.1,0.0,0.0,0.9,0.0013456937799043445,0.9306735476935452
2000-04-17,0.1,0.0,0.0,0.9,-0.00152284263959388,0.9292562783315753
2000-04-18,0.1,0.0,0.0,0.9,-0.0006281156530408616,0.9286725979174687
2000-04-19,0.1,0.0,0.0,0.9,0.0010775217000897896,0.9296732627940035
2000-04-20,0.1,0.0,0.0,0.9,-0.0003587443946187929,0.9293397477221492
2000-04-24,0.1,0.0,0.0,0.9,8.972186222697687e-05,0.9294231298149563
2000-04-25,0.1,0.0,0.0,0.9,-0.0034090909090909063,0.9262546418724054
2000-04-26,0.1,0.0,0.0,0.9,-0.00036021612967771513,0.925920990010214
2000-04-27,0.1,0.0,0.0,0.9,-0.003333333333333388,0.9228345867101799
2000-04-28,0.1,0.0,0.0,0.9,-0.00036169998995286837,0.9225007974494387
2000-05-01,0.1,0.0,0.0,0.9,-0.0005427681173986399,0.9220000934283084
2000-05-02,0.1,0.0,0.0,0.9,-0.0009956753494922532,0.9210820806630522
2000-05-03,0.1,0.0,0.0,0.9,-0.001268626661296668,0.9199135713782804
2000-05-04,0.1,0.0,0.0,0.9,-0.0010889292196007982,0.9189118506108993
2000-05-05,0.1,0.0,0.0,0.9,-0.001635372501514254,0.9174090874390947
2000-05-08,0.1,0.0,0.0,0.9,-0.0011832524271844114,0.9163235609096613
2000-05-09,0.1,0.0,0.0,0.9,0.0007291139240505729,0.9169916651768562
2000-05-10,0.1,0.0,0.0,0.9,0.001548112921177758,0.9184112718223288
2000-05-11,0.1,0.0,0.0,0.9,0.000363636363636366,0.918745239557537
2000-05-12,0.1,0.0,0.0,0.9,-0.0023626817447496397,0.9165745369519588
2000-05-15,0.1,0.0,0.0,0.9,0.0009111156104473884,0.9174096423207142
2000-05-16,0.1,0.0,0.0,0.9,0.00045509708737871967,0.9178271527768674
2000-05-17,0.1,0.0,0.0,0.9,-0.00100070757100994,0.9169086761962052
2000-05-18,0.1,0.0,0.0,0.9,-0.0016393442622950171,0.9154055472188344
2000-05-19,0.1,0.0,0.0,0.9,0.0017335766423358435,0.9169924728937576
2000-05-22,0.1,0.0,0.0,0.9,0.0019123747849843832,0.9187461061769401
2000-05-23,0.1,0.0,0.0,0.9,-0.0004543618739904498,0.9183286629744161
2000-05-24,0.1,0.0,0.0,0.9,-0.0006364279220122948,0.9177442129717148
2000-05-25,0.1,0.0,0.0,0.9,0.002092600080873508,0.9196646845860006
2000-05-26,0.1,0.0,0.0,0.9,0.0013615733736762614,0.9209168755332433
2000-05-30,0.1,0.0,0.0,0.9,-0.0011782477341389264,0.919831807311316
2000-05-31,0.1,0.0,0.0,0.9,0.0022688312997882765,0.9219187505062847
2000-06-01,0.1,0.0,0.0,0.9,0.0024441762220881458,0.9241720823949694
2000-06-02,0.1,0.0,0.0,0.9,0.00189587721938016,0.9259241991927692
2000-06-05,0.1,0.0,0.0,0.9,0.0009009009009007807,0.9267583651379877
2000-06-06,0.1,0.0,0.0,0.9,-0.0006299999999999306,0.9261745073679508
2000-06-07,0.1,0.0,0.0,0.9,0.0,0.9261745073679508
2000-06-08,0.1,0.0,0.0,0.9,-0.0004503152206545291,0.9257574368903008
2000-06-09,0.1,0.0,0.0,0.9,9.010812975573934e-05,0.9258408551615465
2000-06-12,0.1,0.0,0.0,0.9,0.0009910901992191913,0.9267584469591338
2000-06-13,0.1,0.0,0.0,0.9,8.999999999999009e-05,0.92684185521936
2000-06-14,0.1,0.0,0.0,0.9,0.0016198380161982495,0.9283431888914481
2000-06-15,0.1,0.0,0.0,0.9,0.0,0.9283431888914481
2000-06-16,0.1,0.0,0.0,0.9,0.0018864158099612283,0.9300944301600427
2000-06-19,0.1,0.0,0.0,0.9,-0.0005378486055777288,0.9295941801677255
2000-06-20,0.1,0.0,0.0,0.9,-0.0008072553318716369,0.9288437603093083
2000-06-21,0.1,0.0,0.0,0.9,-0.002064837905236927,0.9269258485049788
2000-06-22,0.1,0.0,0.0,0.9,-0.0002699460107978613,0.9266756285698695
2000-06-23,0.1,0.0,0.0,0.9,-0.0014401440144014455,0.9253410822100929
2000-06-26,0.1,0.0,0.0,0.9,0.0020735249924872744,0.9272598000706308
2000-06-27,0.1,0.0,0.0,0.9,8.994603238041688e-05,0.927343203410633
2000-06-28,0.1,0.0,0.0,0.9,-8.99370440690217e-05,0.9272598009040808
2000-06-29,0.1,0.0,0.0,0.9,0.0020687587447531853,0.9291780777258593
2000-06-30,0.1,0.0,0.0,0.9,0.0007179180376907679,0.9298451514280855
2000-07-03,0.1,0.0,0.0,0.9,0.0014346916409285315,0.9311791924941973
2000-07-05,0.1,0.0,0.0,0.9,0.000358102059086729,0.9315126496804083
2000-07-06,0.1,0.0,0.0,0.9,-0.001342348612906341,0.9302622349672051
2000-07-07,0.1,0.0,0.0,0.9,0.0013443537143993823,0.9315128364581486
2000-07-10,0.1,0.0,0.0,0.9,-0.0008054091677437647,0.9307625874797942
2000-07-11,0.1,0.0,0.0,0.9,-0.00044785031847126565,0.9303457451585703
2000-07-12,0.1,0.0,0.0,0.9,-0.000627302598825108,0.9297621368548263
2000-07-13,0.1,0.0,0.0,0.9,0.0017038660821043995,0.9313463270242383
2000-07-14,0.1,0.0,0.0,0.9,-0.0027747389358527942,0.9287620841078806
2000-07-17,0.1,0.0,0.0,0.9,-0.0015263367916999338,0.927344480368171
2000-07-18,0.1,0.0,0.0,0.9,0.00017987408813844308,0.9275112856109674
2000-07-19,0.1,0.0,0.0,0.9,-8.991907283452116e-05,0.9274278846561217
2000-07-20,0.05,0.0,0.95,0.0,0.003956834532374143,0.9310975633364158
2000-07-21,0.05,0.0,0.95,0.0,0.00039268368295964913,0.9314631901567816
2000-07-24,0.05,0.0,0.3809488494692946,0.5690511505307054,-0.0011775643012086224,0.9303663323561631
2000-07-25,0.05,0.0,0.3809488494692946,0.5690511505307054,0.0002881644629145324,0.9306344308706401
2000-07-26,0.05,0.0,0.29341592993761584,0.6565840700623842,3.9386771036957356e-05,0.9306710855558878
2000-07-27,0.05,0.0,0.95,0.0,0.0010175145417192627,0.9316180569189986
2000-07-28,0.05,0.0,0.41449740020768683,0.5355025997923131,-0.0004904491481672602,0.9311611456365655
2000-07-31,0.05,0.0,0.41449740020768683,0.5355025997923131,0.00014938766091104915,0.9313002496220435
2000-08-01,0.05,0.0,0.41449740020768683,0.5355025997923131,0.0013566856432745058,0.9325637313002837
2000-08-02,0.05,0.0,0.47862941441943396,0.471370585580566,0.0010022471162375638,0.9334983906106872
2000-08-03,0.05,0.0,0.47862941441943396,0.471370585580566,0.0005815211804039806,0.9340412396967003
2000-08-04,0.05,0.0,0.47862941441943396,0.471370585580566,0.0018787474577236013,0.9357960673011894
2000-08-07,0.05,0.0,0.47862941441943396,0.471370585580566,-0.0013933248052760989,0.9344921994279388
2000-08-08,0.05,0.0,0.47862941441943396,0.471370585580566,0.0012526632815685684,0.9356628034930745
2000-08-09,0.05,0.0,0.47862941441943396,0.471370585580566,-4.6707350929541636e-05,0.9356191011621601
2000-08-10,0.05,0.0,0.47862941441943396,0.471370585580566,0.0011575924566506986,0.9367021667759637
2000-08-11,0.05,0.0,0.47862941441943396,0.471370585580566,-0.002157759016174935,0.9346809892301322
2000-08-14,0.05,0.0,0.47862941441943396,0.471370585580566,0.00033706718837760565,0.934996039523202
2000-08-15,0.05,0.0,0.47862941441943396,0.471370585580566,-0.0009124919759282402,0.9341428631396124
2000-08-16,0.05,0.0,0.47862941441943396,0.471370585580566,-0.0007213397908031253,0.933469028722135
2000-08-17,0.05,0.0,0.47862941441943396,0.471370585580566,0.0001429179693208959,0.9336024382201439
2000-08-18,0.05,0.0,0.47862941441943396,0.471370585580566,0.0012046023747603989,0.9347270579343061
2000-08-21,0.05,0.0,0.5300550645468256,0.41994493545317435,-0.0003370469680092716,0.9344120110135131
2000-08-22,0.05,0.0,0.5300550645468256,0.41994493545317435,0.00020838871350393535,0.9346067319303709
2000-08-23,0.05,0.0,0.5300550645468256,0.41994493545317435,0.0016057331289407858,0.9361074609223625
2000-08-24,0.05,0.0,0.5300550645468256,0.41994493545317435,0.00038395078168634107,0.936466880113726
2000-08-25,0.05,0.0,0.5300550645468256,0.41994493545317435,9.594890491594983e-05,0.936556733085363
2000-08-28,0.05,0.0,0.5300550645468256,0.41994493545317435,-0.0015606074586688758,0.9350951356622434
2000-08-29,0.05,0.0,0.4597578920035181,0.49024210799648194,-0.0011243701762136539,0.9340437425797823
2000-08-30,0.05,0.0,0.95,0.0,0.0003351690721411996,0.934356805154322
2000-08-31,0.05,0.0,0.5318553018992761,0.4181446981007238,0.004494497583050505,0.9385562695567948
2000-09-01,0.05,0.0,0.5318553018992761,0.4181446981007238,0.0024477454472356585,0.9408536163925769
2000-09-05,0.05,0.0,0.5318553018992761,0.4181446981007238,0.0,0.9408536163925769
2000-09-06,0.05,0.0,0.5318553018992761,0.4181446981007238,-0.0009687130700119528,0.9399421991974094
2000-09-07,0.05,0.0,0.5318553018992761,0.4181446981007238,-0.0010784008000861924,0.9389285647777602
2000-09-08,0.05,0.0,0.5318553018992761,0.4181446981007238,0.0010252562545634463,0.9398912071613869
2000-09-11,0.05,0.0,0.5318553018992761,0.4181446981007238,-0.0010654512143134956,0.9388897989333942
2000-09-12,0.05,0.0,0.5318553018992761,0.4181446981007238,-4.136769866451201e-05,0.9388509592231128
2000-09-13,0.05,0.0,0.95,0.0,0.0016000525686985052,0.9403531701120428
2000-09-14,0.05,0.0,0.5038129600999559,0.4461870399000441,-0.0010671977124182442,0.9393496273600339
2000-09-15,0.05,0.0,0.5038129600999559,0.4461870399000441,4.4115784051797025e-05,0.9393910675053437
2000-09-18,0.05,0.0,0.5038129600999559,0.4461870399000441,8.822284525948318e-05,0.9394739432581304
2000-09-19,0.05,0.0,0.5038129600999559,0.4461870399000441,0.0002575467539617251,0.9397159017226483
2000-09-20,0.05,0.0,0.5596624004197776,0.39033759958022235,-0.0012499948892680838,0.938541261648131
2000-09-21,0.05,0.0,0.5596624004197776,0.39033759958022235,0.0003449726631550146,0.9388650327266427
2000-09-22,0.05,0.0,0.5596624004197776,0.39033759958022235,0.0011876475203559862,0.9399800734547095
2000-09-25,0.05,0.0,0.5596624004197776,0.39033759958022235,3.71764167008233e-05,0.9400150185456108
2000-09-26,0.05,0.0,0.95,0.0,0.0009574122589860486,0.9409150004479975
2000-09-27,0.05,0.0,0.95,0.0,0.0006784329728628191,0.9415533482089626
2000-09-28,0.05,0.0,0.95,0.0,0.00029054949536142514,0.9418269160591405
2000-09-29,0.05,0.0,0.95,0.0,0.0009682022013860702,0.9427387949525937
2000-10-02,0.05,0.0,0.95,0.0,0.0002901649358582281,0.9430123446945622
2000-10-03,0.05,0.0,0.95,0.0,-0.0017404580152672543,0.9413710713007426
2000-10-04,0.05,0.0,0.95,0.0,-0.001162434995411299,0.9402767886237947
2000-10-05,0.05,0.0,0.95,0.0,0.0007759060745278101,0.9410063550958254
2000-10-06,0.05,0.0,0.95,0.0,0.0005814546567376899,0.9415535076230157
2000-10-09,0.05,0.0,0.5969407803305452,0.3530592196694548,0.0,0.9415535076230157
2000-10-10,0.05,0.0,0.5969407803305452,0.3530592196694548,0.000330788604057187,0.9418649627934474
2000-10-11,0.05,0.0,0.5969407803305452,0.3530592196694548,0.0008001802330520947,0.9426186245188792
2000-10-12,0.05,0.0,0.5353118059839519,0.41468819401604806,0.0021117502595612864,0.9446091996438744
2000-10-13,0.05,0.0,0.5353118059839519,0.41468819401604806,-0.0005440160629918611,0.9440953170660182
2000-10-16,0.05,0.0,0.5353118059839519,0.41468819401604806,-0.0013742559991812456,0.9427978884127413
2000-10-17,0.05,0.0,0.5353118059839519,0.41468819401604806,0.0024116474662683332,0.945071584551535
2000-10-18,0.05,0.0,0.5353118059839519,0.41468819401604806,-0.00043521285039353644,0.9446602772533964
2000-10-19,0.05,0.0,0.5353118059839519,0.41468819401604806,-0.0003944000899524107,0.9442877031550733
2000-10-20,0.05,0.0,0.5353118059839519,0.41468819401604806,0.00027188946275706036,0.9445444450313722
2000-10-23,0.05,0.0,0.5353118059839519,0.41468819401604806,0.0014552168446616124,0.9459189620183134
2000-10-24,0.05,0.0,0.5353118059839519,0.41468819401604806,-0.0012085026973473354,0.9447758164012423
2000-10-25,0.05,0.0,0.5353118059839519,0.41468819401604806,-0.0016721226092179396,0.9431960353979955
2000-10-26,0.05,0.0,0.5353118059839519,0.41468819401604806,-0.00031350829942109257,0.9429003356129171
2000-10-27,0.05,0.0,0.47303985228811074,0.4769601477118892,-0.0014171539451959224,0.9415641006823767
2000-10-30,0.05,0.0,0.47303985228811074,0.4769601477118892,-0.001006412442369042,0.940616498856162
2000-10-31,0.05,0.0,0.41492927146628783,0.5350707285337123,-0.0006289780177708053,0.940024871755229
2000-11-01,0.05,0.0,0.41492927146628783,0.5350707285337123,0.0012598128665426407,0.9412091271835363
2000-11-02,0.05,0.0,0.41492927146628783,0.5350707285337123,0.0003701093057401606,0.9415574774401546
2000-11-03,0.05,0.0,0.41492927146628783,0.5350707285337123,-0.0026832800389096083,0.9390310150554534
2000-11-06,0.05,0.0,0.41492927146628783,0.5350707285337123,-0.0011438174726898453,0.9379569349730352
2000-11-07,0.05,0.0,0.41492927146628783,0.5350707285337123,8.518359093949143e-05,0.9380368335129028
2000-11-08,0.05,0.0,0.41492927146628783,0.5350707285337123,0.00023343170556599965,0.9382558010508333
2000-11-09,0.05,0.0,0.41492927146628783,0.5350707285337123,0.0017818322396210102,0.9399276154861571
2000-11-10,0.05,0.0,0.41492927146628783,0.5350707285337123,0.0003384122699808512,0.9402456985241314
2000-11-13,0.05,0.0,0.47530247594877484,0.4746975240512251,0.001121721718001268,0.9413003925444232
2000-11-14,0.05,0.0,0.47530247594877484,0.4746975240512251,9.713927568950743e-05,0.9413918297827611
2000-11-15,0.05,0.0,0.47530247594877484,0.4746975240512251,0.0008576199887800223,0.942199186233257
2000-11-16,0.05,0.0,0.47530247594877484,0.4746975240512251,0.0011461117481660788,0.9432790517897116
2000-11-17,0.05,0.0,0.47530247594877484,0.4746975240512251,-0.0011500889251652101,0.9421941969989079
2000-11-20,0.05,0.0,0.47530247594877484,0.4746975240512251,0.000326733792365634,0.9425020436820383
2000-11-21,0.05,0.0,0.42519724677622067,0.5248027532237793,-4.852996487117881e-05,0.9424563040909674
2000-11-22,0.05,0.0,0.42519724677622067,0.5248027532237793,0.0017097483133216534,0.9440676671672663
2000-11-24,0.05,0.0,0.42519724677622067,0.5248027532237793,-0.0014492932041911466,0.9426994363129442
2000-11-27,0.05,0.0,0.42519724677622067,0.5248027532237793,-0.0001736739494644186,0.9425357139786819
2000-11-28,0.05,0.0,0.42519724677622067,0.5248027532237793,0.0014327825220017227,0.943886162676033
2000-11-29,0.05,0.0,0.42519724677622067,0.5248027532237793,0.0017070396681718551,0.9454974137979594
2000-11-30,0.05,0.0,0.42519724677622067,0.5248027532237793,0.0039216599611837264,0.9492053331490536
2000-12-01,0.05,0.0,0.42519724677622067,0.5248027532237793,-0.001963808829540626,0.9473412753347685
2000-12-04,0.05,0.0,0.36984396041652023,0.5801560395834798,7.522863428862636e-05,0.9474125425251172
2000-12-05,0.05,0.0,0.36984396041652023,0.5801560395834798,0.0027518797600520253,0.9500197079253115
2000-12-06,0.05,0.0,0.36984396041652023,0.5801560395834798,0.0031565766289248214,0.9530185179323665
2000-12-07,0.05,0.0,0.36984396041652023,0.5801560395834798,-3.7365524390462143e-05,0.9529829078956901
2000-12-08,0.05,0.0,0.36984396041652023,0.5801560395834798,-0.0014043858770570136,0.9516445521587646
2000-12-11,0.05,0.0,0.36984396041652023,0.5801560395834798,-0.0004883066634241554,0.9511798577827343
2000-12-12,0.05,0.0,0.36984396041652023,0.5801560395834798,0.0004502570411823645,0.9516081332111318
2000-12-13,0.05,0.0,0.4438807833605368,0.5061192166394632,0.002419306554390158,0.9539103650050206
2000-12-14,0.05,0.0,0.4438807833605368,0.5061192166394632,0.0022713322015318438,0.9560770123344314
2000-12-15,0.05,0.0,0.4438807833605368,0.5061192166394632,0.0013422978877917664,0.9573603524886541
2000-12-18,0.05,0.0,0.4438807833605368,0.5061192166394632,0.0011664468227301022,0.9584770624300224
2000-12-19,0.05,0.0,0.4438807833605368,0.5061192166394632,-0.0008403874381090848,0.9576715703470405
2000-12-20,0.05,0.0,0.4438807833605368,0.5061192166394632,0.003663105415991412,0.9611796222631198
2000-12-21,0.05,0.0,0.4438807833605368,0.5061192166394632,0.002088068710845604,0.9631866313578697
2000-12-22,0.05,0.0,0.4438807833605368,0.5061192166394632,0.0005707032455269257,0.9637363250944337
2000-12-26,0.05,0.0,0.4438807833605368,0.5061192166394632,-0.0006808351802783197,0.9630801794997973
2000-12-27,0.05,0.0,0.4438807833605368,0.5061192166394632,-0.002442276658488945,0.9607280712571515
2000-12-28,0.05,0.0,0.4438807833605368,0.5061192166394632,-0.001339744486307866,0.9594409411208435
2000-12-29,0.05,0.0,0.4438807833605368,0.5061192166394632,0.0007950354748187567,0.9602037307050281
2001-01-02,0.05,0.0,0.4438807833605368,0.5061192166394632,0.00810530581018719,0.967986475582475
2001-01-03,0.05,0.0,0.4438807833605368,0.5061192166394632,-0.005513751159832966,0.9626492390300294
2001-01-04,0.05,0.0,0.4438807833605368,0.5061192166394632,0.004674402038605297,0.9671490485954133
2001-01-05,0.05,0.0,0.4438807833605368,0.5061192166394632,0.004329711425241665,0.9713365248810284
2001-01-08,0.05,0.0,0.4438807833605368,0.5061192166394632,0.0015608564508670132,0.9728526417618518
2001-01-09,0.05,0.0,0.4438807833605368,0.5061192166394632,-0.0024076718192578596,0.9705103318719913
2001-01-10,0.05,0.0,0.4438807833605368,0.5061192166394632,-0.0032165556852988934,0.9673886313463672
2001-01-11,0.05,0.0,0.4438807833605368,0.5061192166394632,-0.0005152603783149363,0.9668901743142021
2001-01-12,0.05,0.0,0.4438807833605368,0.5061192166394632,-0.004008983129326019,0.9630139279174653
2001-01-16,0.05,0.0,0.4438807833605368,0.5061192166394632,0.0004158837152481178,0.9634144297276434
2001-01-17,0.05,0.05,0.45409258271780367,0.4459074172821962,0.0019900709759658043,0.9653316928220709
2001-01-18,0.05,0.05,0.45409258271780367,0.4459074172821962,0.0035904043207995204,0.968797623902984
2001-01-19,0.05,0.10598799957020912,0.43066788277249246,0.41334411765729845,-0.002017439331477313,0.9668431334722802
2001-01-22,0.05,0.10598799957020912,0.43066788277249246,0.41334411765729845,-0.0006214351460291641,0.9662423031684436
2001-01-23,0.05,0.10598799957020912,0.43066788277249246,0.41334411765729845,-0.0007436626932743799,0.9655237448149137
2001-01-24,0.05,0.10598799957020912,0.43066788277249246,0.41334411765729845,-0.0009066201467313592,0.964648381535717
2001-01-25,0.05,0.12,0.47011653324928837,0.35988346675071164,0.0012543906397524457,0.9658584274361677
2001-01-26,0.05,0.12,0.47011653324928837,0.35988346675071164,0.0006035323675825866,0.9664413542596278
2001-01-29,0.05,0.12,0.47011653324928837,0.35988346675071164,-0.0005251387076530491,0.9659338384958295
2001-01-30,0.05,0.12,0.47011653324928837,0.35988346675071164,0.002595022726927473,0.9684404587594345
2001-01-31,0.05,0.12,0.5243739474798668,0.3056260525201332,0.004983124343585808,0.9732663179847921
2001-02-01,0.05,0.12,0.5243739474798668,0.3056260525201332,0.003046561491861579,0.9762314336704905
2001-02-02,0.05,0.12,0.5243739474798668,0.3056260525201332,-0.0028345962728154733,0.9734642116872028
2001-02-05,0.05,0.12,0.5243739474798668,0.3056260525201332,-0.00033766635217203023,0.9731355055778723
2001-02-06,0.05,0.12,0.5243739474798668,0.3056260525201332,-0.0018363257737253964,0.9713485117676524
2001-02-07,0.05,0.12,0.5243739474798668,0.3056260525201332,0.0006981244451794358,0.972026633908506
2001-02-08,0.05,0.12,0.5243739474798668,0.3056260525201332,-0.00022506413432372613,0.9718078655756057
2001-02-09,0.05,0.12,0.5243739474798668,0.3056260525201332,0.0025380550182384047,0.9742743674055934
2001-02-12,0.05,0.12,0.5243739474798668,0.3056260525201332,-0.0006817646899800361,0.9736101415435436
2001-02-13,0.05,0.12,0.5243739474798668,0.3056260525201332,-0.0011797022588446375,0.9724615714603306
2001-02-14,0.05,0.12,0.5243739474798668,0.3056260525201332,-0.0018580893312472888,0.9706546509893522
2001-02-15,0.05,0.12,0.5751958064711884,0.25480419352881156,-0.0020605664585738163,0.968654552572665
2001-02-16,0.05,0.12,0.5751958064711884,0.25480419352881156,0.0031844878359217287,0.9717392212125429
2001-02-20,0.05,0.12,0.5751958064711884,0.25480419352881156,-0.00018153963217878386,0.9715628120317502
2001-02-21,0.05,0.12,0.5751958064711884,0.25480419352881156,-0.001327497545014197,0.970273064783951
2001-02-22,0.05,0.12,0.5751958064711884,0.25480419352881156,0.0001533481561681382,0.9704218543694153
2001-02-23,0.05,0.12,0.5751958064711884,0.25480419352881156,0.0019641277111572576,0.9723278868250949
2001-02-26,0.05,0.12,0.5751958064711884,0.25480419352881156,0.001287375469917721,0.9735796378953103
2001-02-27,0.05,0.12,0.5751958064711884,0.25480419352881156,0.002158095163125081,0.9756807154027692
2001-02-28,0.05,0.12,0.5751958064711884,0.25480419352881156,0.0038582815115237802,0.979445166268158
2001-03-01,0.05,0.12,0.5751958064711884,0.25480419352881156,0.0012425790058580722,0.9806622042691521
2001-03-02,0.05,0.12,0.5751958064711884,0.25480419352881156,-0.0030886256255662245,0.9776333058550221
2001-03-05,0.05,0.12,0.5751958064711884,0.25480419352881156,-0.0006105847059141169,0.9770363779104747
2001-03-06,0.05,0.12,0.5751958064711884,0.25480419352881156,0.00018851206826702707,0.9772205610588467
2001-03-07,0.05,0.12,0.5751958064711884,0.25480419352881156,0.002219825511229212,0.9793898201903828
2001-03-08,0.05,0.12,0.5751958064711884,0.25480419352881156,0.0012719293835364122,0.9806355348806194
2001-03-09,0.05,0.12,0.5751958064711884,0.25480419352881156,-0.001498694745255867,0.9791658615574826
2001-03-12,0.05,0.12,0.5751958064711884,0.25480419352881156,-0.00020836802013208576,0.9789618347055289
2001-03-13,0.05,0.12,0.5751958064711884,0.25480419352881156,-0.0009879745672445592,0.9779946453105368
2001-03-14,0.05,0.12,0.5751958064711884,0.25480419352881156,0.0021378622358157132,0.9800854631295761
2001-03-15,0.05,0.12,0.5751958064711884,0.25480419352881156,0.0021053021910225067,0.9821488392024921
2001-03-16,0.05,0.12,0.5751958064711884,0.25480419352881156,0.000639986070250691,0.9827774007784945
2001-03-19,0.05,0.12,0.5751958064711884,0.25480419352881156,-0.0025194113600672968,0.9803013802305558
2001-03-20,0.05,0.12,0.5751958064711884,0.25480419352881156,0.0012860291245250768,0.9815620763563445
2001-03-21,0.05,0.12,0.5156559396948746,0.3143440603051254,0.0001255502899990648,0.9816853117596831
2001-03-22,0.05,0.12,0.5156559396948746,0.3143440603051254,0.0006607498258724337,0.9823339601584898
2001-03-23,0.05,0.12,0.5156559396948746,0.3143440603051254,-0.0022050763876111244,0.9801678387381958
2001-03-26,0.05,0.12,0.5156559396948746,0.3143440603051254,-0.000651096324241456,0.9795296550612537
2001-03-27,0.05,0.12,0.5156559396948746,0.3143440603051254,-0.003974363359696954,0.9756366482904416
2001-03-28,0.05,0.12,0.5156559396948746,0.3143440603051254,0.0005750889420605024,0.9761977261383425
2001-03-29,0.05,0.12,0.5156559396948746,0.3143440603051254,0.0007927657579363152,0.9769716222686003
2001-03-30,0.05,0.12,0.5156559396948746,0.3143440603051254,0.0018721563015586737,0.9788006658476746
2001-04-02,0.05,0.12,0.5156559396948746,0.3143440603051254,-0.00011582634104005224,0.9786872949479419
2001-04-03,0.05,0.10230235365030586,0.47026667037687647,0.3774309759728176,-0.0002881997955156949,0.9784052374696641
2001-04-04,0.05,0.05,0.49528306077748474,0.40471693922251506,5.0306023224881995e-05,0.9784544571462636
2001-04-05,0.05,0.05,0.49528306077748474,0.40471693922251506,-0.0017415731468805797,0.976750407138252
2001-04-06,0.05,0.05,0.49528306077748474,0.40471693922251506,0.0031658803735831412,0.9798426820821005
2001-04-09,0.05,0.05,0.49528306077748474,0.40471693922251506,-0.0015266331745163223,0.9783468217378269
2001-04-10,0.05,0.05,0.49528306077748474,0.40471693922251506,-0.004478869258880002,0.9739649342334225
2001-04-11,0.05,0.05,0.49528306077748474,0.40471693922251506,-0.0013186077363100796,0.9726806565362475
2001-04-12,0.05,0.05,0.49528306077748474,0.40471693922251506,-0.002155304396442935,0.9705842336408799
2001-04-16,0.05,0.05,0.49528306077748474,0.40471693922251506,-0.004138745779123314,0.966567232240615
2001-04-17,0.05,0.05,0.49528306077748474,0.40471693922251506,0.0028695068176577973,0.9693408035032541
2001-04-18,0.05,0.05,0.49528306077748474,0.40471693922251506,0.003926666024471745,0.9731470811025045
2001-04-19,0.05,0.05,0.49528306077748474,0.40471693922251506,-0.003121871849322194,0.9701090406247604
2001-04-20,0.05,0.05,0.49528306077748474,0.40471693922251506,0.0004554785960350829,0.9705509045285852
2001-04-23,0.05,0.05,0.49528306077748474,0.40471693922251506,0.002774907875072415,0.9732440938767203
2001-04-24,0.05,0.05,0.49528306077748474,0.40471693922251506,0.00014974497130771475,0.9733898322856332
2001-04-25,0.05,0.05,0.49528306077748474,0.40471693922251506,-0.0016071956093347657,0.9718254044210127
2001-04-26,0.05,0.05,0.49528306077748474,0.40471693922251506,0.0025221997557857458,0.9742765422187099
2001-04-27,0.05,0.05,0.49528306077748474,0.40471693922251506,-0.004269962946554849,0.9701164174837384
2001-04-30,0.05,0.12,0.5932981300513469,0.23670186994865314,0.0016137809607007071,0.9716819728879368
2001-05-01,0.05,0.12,0.5932981300513469,0.23670186994865314,0.0018691437777947084,0.9734981862015555
2001-05-02,0.05,0.12,0.5932981300513469,0.23670186994865314,0.0009239015508546969,0.9743976026855413
2001-05-03,0.05,0.12,0.5932981300513469,0.23670186994865314,0.0024275945186668026,0.9767630449648227
2001-05-04,0.05,0.12,0.5932981300513469,0.23670186994865314,0.0009361545753339287,0.9776774461583836
2001-05-07,0.05,0.12,0.5932981300513469,0.23670186994865314,8.121658732339851e-05,0.9777568497840636
2001-05-08,0.05,0.12,0.5932981300513469,0.23670186994865314,9.918058985841993e-05,0.9778538242851634
2001-05-09,0.05,0.12,0.5932981300513469,0.23670186994865314,0.0013304531225049605,0.979154812959037
2001-05-10,0.05,0.12,0.5932981300513469,0.23670186994865314,-0.0034272642383162276,0.9757989906848072
2001-05-11,0.05,0.12,0.646911637342054,0.18308836265794592,-0.006726908541468013,0.9692348801196137
2001-05-14,0.05,0.12,0.646911637342054,0.18308836265794592,0.0020038085594368676,0.9711770412685022
2001-05-15,0.05,0.12,0.646911637342054,0.18308836265794592,-0.000923381415212325,0.970280274437714
2001-05-16,0.05,0.12,0.646911637342054,0.18308836265794592,0.0010071752295904837,0.9712575166958879
2001-05-17,0.05,0.12,0.646911637342054,0.18308836265794592,2.8214695251015055e-05,0.9712849204307318
2001-05-18,0.05,0.12,0.646911637342054,0.18308836265794592,3.4577813025335564e-05,0.9713185053391047
2001-05-21,0.05,0.12,0.646911637342054,0.18308836265794592,-5.835739158946995e-05,0.9712618217247305
2001-05-22,0.05,0.12,0.646911637342054,0.18308836265794592,0.00046071354567995616,0.9717092952024009
2001-05-23,0.05,0.12,0.646911637342054,0.18308836265794592,0.00040977753738047633,0.9721074798444388
2001-05-24,0.05,0.12,0.7399757445673477,0.09002425543265219,-0.0026262019896902446,0.9695545292466786
2001-05-25,0.05,0.12,0.7399757445673477,0.09002425543265219,0.0003077507232329364,0.9698529103542681
2001-05-29,0.05,0.12,0.7399757445673477,0.09002425543265219,-0.0002669656033763544,0.9695939929868691
2001-05-30,0.05,0.12,0.7399757445673477,0.09002425543265219,0.00012390469824709712,0.9697141302379924
2001-05-31,0.05,0.12,0.7399757445673477,0.09002425543265219,0.0038804522266589632,0.973477059593897
2001-06-01,0.05,0.12,0.7399757445673477,0.09002425543265219,0.0006857940623950474,0.9741446643812443
2001-06-04,0.05,0.12,0.7399757445673477,0.09002425543265219,0.0012804286436503304,0.9753919871125771
2001-06-05,0.05,0.12,0.6709504469928438,0.15904955300715615,0.0028061923309634887,0.9781291246264957
2001-06-06,0.05,0.12,0.6709504469928438,0.15904955300715615,0.0003044768676591193,0.9784269423185282
2001-06-07,0.05,0.12,0.6709504469928438,0.15904955300715615,-0.0013572080843265587,0.9770990133624906
2001-06-08,0.05,0.12,0.6709504469928438,0.15904955300715615,-0.001997249315854707,0.9751475030265301
2001-06-11,0.05,0.12,0.6709504469928438,0.15904955300715615,0.0017179739057224795,0.9768227809909601
2001-06-12,0.05,0.12,0.6709504469928438,0.15904955300715615,0.001312760191459108,0.9781051150519554
2001-06-13,0.05,0.12,0.6709504469928438,0.15904955300715615,-0.0005104714517424763,0.9776058203139182
2001-06-14,0.05,0.12,0.6709504469928438,0.15904955300715615,0.0008164749959597478,0.9784040110221093
2001-06-15,0.05,0.12,0.6709504469928438,0.15904955300715615,-0.0006659262447819438,0.9777524661131698
2001-06-18,0.05,0.12,0.6709504469928438,0.15904955300715615,-0.0014970280414514296,0.9762887432538001
2001-06-19,0.05,0.12,0.6072918257651689,0.22270817423483114,-0.0006298070405326612,0.9756738697297062
2001-06-20,0.05,0.12,0.5448786750143353,0.28512132498566484,-6.0259541154435126e-05,0.9756150760699999
2001-06-21,0.05,0.12,0.5448786750143353,0.28512132498566484,0.000539887729207594,0.976141798678
2001-06-22,0.05,0.12,0.5448786750143353,0.28512132498566484,0.002586468363007832,0.9786665585580903
2001-06-25,0.05,0.12,0.5448786750143353,0.28512132498566484,-0.0004176404039577245,0.9782578278612342
2001-06-26,0.05,0.12,0.5448786750143353,0.28512132498566484,-0.002768469817769837,0.9755495505908033
2001-06-27,0.05,0.05,0.6490288993868342,0.25097110061316585,-0.0017949401379110017,0.9737984975459267
2001-06-28,0.05,0.10862643281171461,0.7607112031378642,0.08066236405042114,-0.003475705213625756,0.9704138610309855
2001-06-29,0.05,0.12,0.83,0.0,-0.0019830680078466705,0.968489464348804
2001-07-02,0.05,0.12,0.83,0.0,0.006046617025794125,0.9743455492332378
2001-07-03,0.05,0.12,0.83,0.0,-0.000623308607846762,0.9737382312653835
2001-07-05,0.05,0.12,0.83,0.0,-0.0018172576973763477,0.9719686979693868
2001-07-06,0.05,0.12,0.83,0.0,0.002337866983525201,0.9742410314973894
2001-07-09,0.05,0.12,0.83,0.0,0.00047431054741138286,0.9747031242943496
2001-07-10,0.05,0.12,0.6815127342747196,0.14848726572528045,0.001855357373842339,0.9765115469233162
2001-07-11,0.05,0.12,0.6815127342747196,0.14848726572528045,-0.00018893921949983386,0.976327045593808
2001-07-12,0.05,0.12,0.6815127342747196,0.14848726572528045,0.00104742761548361,0.9773496775031066
2001-07-13,0.05,0.12,0.6815127342747196,0.14848726572528045,-0.00046051530981329393,0.9768995930135754
2001-07-16,0.05,0.12,0.6815127342747196,0.14848726572528045,0.0014084915687131675,0.9782755478538143
2001-07-17,0.05,0.12,0.6815127342747196,0.14848726572528045,-0.0004729117026133132,0.9778129098988538
2001-07-18,0.05,0.12,0.6201994478857544,0.2098005521142455,0.0036423911440676337,0.9813744869824245
2001-07-19,0.05,0.12,0.6201994478857544,0.2098005521142455,-0.0006755619653665554,0.9807115077052381
2001-07-20,0.05,0.12,0.6201994478857544,0.2098005521142455,0.00020085623713996006,0.9809084897283957
2001-07-23,0.05,0.12,0.6201994478857544,0.2098005521142455,0.000860614962675028,0.981752674251671
2001-07-24,0.05,0.12,0.6201994478857544,0.2098005521142455,0.0009394809205283402,0.9826750121578081
2001-07-25,0.05,0.12,0.561050274179383,0.2689497258206168,-0.002221685268839304,0.9804918175592406
2001-07-26,0.05,0.12,0.561050274179383,0.2689497258206168,0.0010737550175779792,0.9815446255680389
2001-07-27,0.05,0.12,0.561050274179383,0.2689497258206168,0.002253840674671064,0.9837568707691489
2001-07-30,0.05,0.12,0.561050274179383,0.2689497258206168,0.001291976421368905,0.9850278614505421
2001-07-31,0.05,0.12,0.561050274179383,0.2689497258206168,0.002282289791849028,0.9872759804834176
2001-08-01,0.05,0.12,0.561050274179383,0.2689497258206168,-0.0007516585957073037,0.986533886006352
2001-08-02,0.05,0.12,0.561050274179383,0.2689497258206168,-0.002090908139001221,0.9844711342747007
2001-08-03,0.05,0.12,0.6145492620571826,0.2154507379428173,-0.0005860833843286339,0.9838941521005511
2001-08-06,0.05,0.12,0.6145492620571826,0.2154507379428173,0.0006950100579233239,0.9845779684321929
2001-08-07,0.05,0.12,0.6145492620571826,0.2154507379428173,-3.203003772869283e-05,0.9845464323627172
2001-08-08,0.05,0.12,0.6145492620571826,0.2154507379428173,0.003828819108533164,0.9883160825561857
2001-08-09,0.05,0.12,0.6145492620571826,0.2154507379428173,-0.0012653664268815388,0.987065500566172
2001-08-10,0.05,0.12,0.6145492620571826,0.2154507379428173,0.0011593658039560732,0.9882098705537933
2001-08-13,0.05,0.12,0.6145492620571826,0.2154507379428173,0.0008368860923416333,0.9890368896507744
2001-08-14,0.05,0.12,0.6145492620571826,0.2154507379428173,-0.0007359636178493331,0.9883089944832806
2001-08-15,0.05,0.12,0.6145492620571826,0.2154507379428173,-0.0016895925916191943,0.986639154927971
2001-08-16,0.05,0.12,0.6145492620571826,0.2154507379428173,0.0012754669292893794,0.9878975805412237
2001-08-17,0.05,0.12,0.5633056732599682,0.2666943267400317,0.0025707478669262382,0.9904372161391417
2001-08-20,0.05,0.12,0.5633056732599682,0.2666943267400317,-0.002568133242103047,0.9878936414001588
2001-08-21,0.05,0.12,0.5633056732599682,0.2666943267400317,0.000450091594188269,0.9883382840241051
2001-08-22,0.05,0.11087759962581759,0.5137575473679395,0.3253648530062428,-0.0009712269166436381,0.9873783832799115
2001-08-23,0.05,0.11087759962581759,0.5137575473679395,0.3253648530062428,0.000822053968996082,0.9881900615987876
2001-08-24,0.05,0.11087759962581759,0.5137575473679395,0.3253648530062428,-0.0010128492274459624,0.9871891740583275
2001-08-27,0.05,0.05,0.5596644601623642,0.3403355398376358,-0.0005445808050147975,0.9866515697832169
2001-08-28,0.05,0.05,0.5596644601623642,0.3403355398376358,0.003163352483748642,0.9897726964770851
2001-08-29,0.05,0.05,0.5596644601623642,0.3403355398376358,0.001979396520713551,0.9917318491087891
2001-08-30,0.05,0.05,0.5596644601623642,0.3403355398376358,0.0003865264095806993,0.9921151796596919
2001-08-31,0.05,0.12,0.634332474502278,0.1956675254977219,-0.00042855427422729467,0.991690004458923
2001-09-04,0.05,0.12,0.6881222589353049,0.14187774106469495,-0.005543182758856409,0.986192885524076
2001-09-05,0.05,0.12,0.6881222589353049,0.14187774106469495,0.0005918370197220358,0.9867765509823156
2001-09-06,0.05,0.12,0.6881222589353049,0.14187774106469495,0.003600649238412374,0.9903295872190934
2001-09-07,0.05,0.12,0.6371526608954745,0.19284733910452556,0.0017175806754405722,0.992030558180418
2001-09-10,0.05,0.12,0.6371526608954745,0.19284733910452556,-0.001402718073815655,0.9906390189866808
2001-09-17,0.05,0.12,0.3845097394470809,0.44549026055291907,0.0010172411839445704,0.9916467377952166
2001-09-18,0.05,0.12,0.3845097394470809,0.44549026055291907,-0.0029610924377112043,0.9887103801390502
2001-09-19,0.05,0.12,0.3845097394470809,0.44549026055291907,0.0029070134801658914,0.9915845745420944
2001-09-20,0.05,0.12,0.3845097394470809,0.44549026055291907,-0.0023416072626792567,0.9892626729007858
2001-09-21,0.05,0.0,0.41156662695289503,0.5384333730471048,-0.0005016194910128696,0.9887664394623273
2001-09-24,0.05,0.0,0.41156662695289503,0.5384333730471048,-0.0012241929744040323,0.987555998533811
2001-09-25,0.05,0.0,0.41156662695289503,0.5384333730471048,0.0010383832654122735,0.988581460156346
2001-09-26,0.05,0.0,0.41156662695289503,0.5384333730471048,0.0018632636277024948,0.9904234480340763
2001-09-27,0.05,0.0,0.41156662695289503,0.5384333730471048,0.0018990575031519992,0.992304319114363
2001-09-28,0.05,0.0,0.41156662695289503,0.5384333730471048,-0.0007997525035976284,0.9915107212508205
2001-10-01,0.05,0.0,0.41156662695289503,0.5384333730471048,0.0009019516626028424,0.9924050159943412
2001-10-02,0.05,0.0,0.41156662695289503,0.5384333730471048,0.001290512886941007,0.9936857274565467
2001-10-03,0.05,0.0,0.41156662695289503,0.5384333730471048,0.0006426729015279136,0.994324342346218
2001-10-04,0.05,0.0,0.41156662695289503,0.5384333730471048,-2.1378036832414964e-05,0.994303085643804
2001-10-05,0.05,0.0,0.4640563772876008,0.4859436227123992,0.0006243237450761228,0.9949238526699737
2001-10-08,0.05,0.0,0.4640563772876008,0.4859436227123992,0.0,0.9949238526699737
2001-10-09,0.05,0.0,0.4640563772876008,0.4859436227123992,-0.0024944527599705347,0.9924420621197206
2001-10-10,0.05,0.0,0.4640563772876008,0.4859436227123992,-0.0004903081187501684,0.9919554597192741
2001-10-11,0.05,0.0,0.4640563772876008,0.4859436227123992,-0.0026856874449864452,0.9892913773951203
2001-10-12,0.05,0.0,0.4640563772876008,0.4859436227123992,0.0010753801286501055,0.9903552416838158
2001-10-15,0.05,0.12,0.4119252218358444,0.4180747781641555,0.0013455051658826178,0.9916877697775603
2001-10-16,0.05,0.12,0.4119252218358444,0.4180747781641555,0.001080422835169023,0.9927592118893859
2001-10-17,0.05,0.12,0.4119252218358444,0.4180747781641555,0.00041633946025580455,0.993172536723828
2001-10-18,0.05,0.12,0.4119252218358444,0.4180747781641555,-0.00015874111484224528,0.9930148794081177
2001-10-19,0.05,0.12,0.4119252218358444,0.4180747781641555,-0.001153061004113073,0.9918698726741682
2001-10-22,0.05,0.12,0.4119252218358444,0.4180747781641555,-0.0003004085648795408,0.9915719064691708
2001-10-23,0.05,0.12,0.4119252218358444,0.4180747781641555,-0.0005349603946472432,0.9910414547707649
2001-10-24,0.05,0.12,0.4119252218358444,0.4180747781641555,0.0017954245747259746,0.9928207949532326
2001-10-25,0.05,0.12,0.4119252218358444,0.4180747781641555,0.001859956825269596,0.9946673987670753
2001-10-26,0.05,0.12,0.4119252218358444,0.4180747781641555,6.513145090930155e-05,0.9947321828979292
2001-10-29,0.05,0.12,0.4119252218358444,0.4180747781641555,0.001702436382317343,0.9964256511567565
2001-10-30,0.05,0.05,0.4132873231015554,0.48671267689844444,0.0017354813344937312,0.9981549292755497
2001-10-31,0.05,0.12,0.40284356213764433,0.42715643786235574,0.0021735611396302684,1.0003244800411535
2001-11-01,0.05,0.12,0.40284356213764433,0.42715643786235574,0.0002403071127358094,1.000564865128751
2001-11-02,0.05,0.12,0.40284356213764433,0.42715643786235574,-0.002882564011544811,0.9976806728573148
2001-11-05,0.05,0.12,0.40284356213764433,0.42715643786235574,0.001431187317049902,0.9991085407827739
2001-11-06,0.05,0.12,0.40284356213764433,0.42715643786235574,0.0014591894403900795,1.0005664294152876
2001-11-07,0.05,0.12,0.40284356213764433,0.42715643786235574,0.002758768983081995,1.0033267610462715
2001-11-08,0.05,0.12,0.40284356213764433,0.42715643786235574,-0.002182240209090522,1.0011372610454599
2001-11-09,0.05,0.12,0.469064768249177,0.360935231750823,-0.0005755664365022575,1.0005610400396703
2001-11-12,0.05,0.12,0.469064768249177,0.360935231750823,0.0,1.0005610400396703
2001-11-13,0.05,0.12,0.469064768249177,0.360935231750823,-0.0019184505635178924,0.9986415131485721
2001-11-14,0.05,0.12,0.469064768249177,0.360935231750823,-0.0035847303851254753,0.9950616525725406
2001-11-15,0.05,0.12,0.5552561403661471,0.27474385963385284,-0.006813657375767822,0.988281643404146
2001-11-16,0.05,0.12,0.6160174263493827,0.21398257365061715,-0.004325579694025318,0.9840067523954591
2001-11-19,0.05,0.12,0.6160174263493827,0.21398257365061715,0.005342502612373503,0.9892638110407249
2001-11-20,0.05,0.12,0.6160174263493827,0.21398257365061715,-0.0024190440199932687,0.9868707383344311
2001-11-21,0.05,0.12,0.6160174263493827,0.21398257365061715,-0.003198796998947951,0.9837139391782973
2001-11-23,0.05,0.12,0.684084325244841,0.14591567475515907,-0.0018271179219510477,0.9819165778099516
2001-11-26,0.05,0.12,0.684084325244841,0.14591567475515907,-1.3695435004303232e-06,0.9819152330324845
2001-11-27,0.05,0.12,0.684084325244841,0.14591567475515907,0.003952131796007827,0.9857958914459366
2001-11-28,0.05,0.12,0.684084325244841,0.14591567475515907,-0.00014718820332929256,0.9856507939198254
2001-11-29,0.05,0.12,0.6337760353675614,0.19622396463243857,0.006780953891634916,0.9923344465066491
2001-11-30,0.05,0.12,0.686937404291252,0.14306259570874794,0.0032381559476151616,0.995547780196628
2001-12-03,0.05,0.12,0.686937404291252,0.14306259570874794,-2.3127383207230227e-05,0.9955247557816144
2001-12-04,0.05,0.12,0.6246665061996874,0.2053334938003125,0.001592427886493288,0.9971100571644155
2001-12-05,0.05,0.12,0.6989413018112932,0.13105869818870666,-0.008415729805925613,0.9887186483365487
2001-12-06,0.05,0.12,0.0,0.8300000000000001,-0.0027946624915420226,0.9859555134153544
2001-12-07,0.88,0.12,0.0,0.0,-0.002825008888098262,0.9831701803266866
2001-12-10,0.88,0.12,0.0,0.0,-0.0006070390700678007,0.9825733576147027
2001-12-11,0.88,0.12,0.0,0.0,-0.00019472090004326592,0.9823820300461494
2001-12-12,0.05,0.12,0.8300000000000001,0.0,-0.00031205981146388063,0.9820754680950677
2001-12-13,0.88,0.12,0.0,0.0,-0.00506852091971139,0.9770977980402925
2001-12-14,0.88,0.12,0.0,0.0,-0.0004957060550059732,0.976613444745471
2001-12-17,0.88,0.12,0.0,0.0,-0.00017028708656259716,0.9764471400872674
2001-12-18,0.88,0.12,0.0,0.0,0.0002229995627459491,0.9766648873725513
2001-12-19,0.88,0.12,0.0,0.0,-6.546644844518835e-05,0.976600948591054
2001-12-20,0.88,0.12,0.0,0.0,9.170305676857282e-05,0.9766905058832829
2001-12-21,0.88,0.12,0.0,0.0,6.545216537580778e-05,0.9767544323917949
2001-12-24,0.88,0.12,0.0,0.0,-6.541648495420383e-05,0.9766905365501645
2001-12-26,0.88,0.12,0.0,0.0,-5.2361732300654214e-05,0.976639395341749
2001-12-27,0.88,0.12,0.0,0.0,0.0001833460656990038,0.9768184583324916
2001-12-28,0.88,0.12,0.0,0.0,-1.3076168682566446e-05,0.9768056852895582
2001-12-31,0.88,0.12,0.0,0.0,0.0022493461203138485,0.9790028593680649
2002-01-02,0.88,0.12,0.0,0.0,-3.851091142490936e-05,0.978965157075663
2002-01-03,0.88,0.12,0.0,0.0,0.0005136436597110538,0.979467996321673
2002-01-04,0.88,0.12,0.0,0.0,0.0002045817794352711,0.9796683776272603
2002-01-07,0.05,0.12,0.83,0.0,0.00016593979363897836,0.9798309435956783
2002-01-08,0.05,0.12,0.83,0.0,-0.001011682830213436,0.9788396654535307
2002-01-09,0.05,0.12,0.83,0.0,0.0009202819826900787,0.97974047396159
2002-01-10,0.05,0.12,0.83,0.0,0.0033935142140286588,0.9830652371860379
2002-01-11,0.05,0.12,0.83,0.0,0.0038321966271227035,0.9868325364722237
2002-01-14,0.05,0.12,0.777357608295061,0.052642391704938896,-0.00020140208839096175,0.9866337863384861
2002-01-15,0.05,0.12,0.8300000000000001,0.0,0.00037290714542868424,0.987001709127333
2002-01-16,0.05,0.12,0.7630208762881427,0.06697912371185706,-0.0011481233429161443,0.9858685094255858
2002-01-17,0.05,0.12,0.7630208762881427,0.06697912371185706,-0.003999496742364185,0.9819255315337387
2002-01-18,0.05,0.12,0.8300000000000001,0.0,0.0018750240941290278,0.9837666655640049
2002-01-22,0.05,0.12,0.8300000000000001,0.0,-0.0007297891125946799,0.9830487233621428
2002-01-23,0.88,0.12,0.0,0.0,-0.003332160276405989,0.9797730474563838
2002-01-24,0.88,0.12,0.0,0.0,2.5594539831503835e-05,0.9797981242966728
2002-01-25,0.88,0.12,0.0,0.0,0.00011515086896255688,0.9799109489020934
2002-01-28,0.88,0.12,0.0,0.0,-1.2782275244980212e-05,0.979898423410629
2002-01-29,0.88,0.12,0.0,0.0,-0.00021732182806009082,0.9796854700939402
2002-01-30,0.88,0.12,0.0,0.0,-0.0002689434364994803,0.9794219901169245
2002-01-31,0.88,0.12,0.0,0.0,0.0010653545833779088,0.9804654218231567
2002-02-01,0.88,0.12,0.0,0.0,0.00015267175572518886,0.9806151112005342
2002-02-04,0.88,0.12,0.0,0.0,-6.35324015247729e-05,0.9805528103675482
2002-02-05,0.88,0.12,0.0,0.0,-0.000330543489776467,0.9802286950196991
2002-02-06,0.88,0.12,0.0,0.0,-0.00040794645702751264,0.9798288141964892
2002-02-07,0.88,0.12,0.0,0.0,-0.00010233450591620841,0.9797285438989058
2002-02-08,0.88,0.12,0.0,0.0,3.840819374801185e-05,0.9797661735026405
2002-02-11,0.88,0.12,0.0,0.0,-0.00012798634812287711,0.9796407768080796
2002-02-12,0.88,0.12,0.0,0.0,-0.00010249839846251607,0.9795403651973882
2002-02-13,0.88,0.12,0.0,0.0,6.411626415901317e-05,0.9796031696661976
2002-02-14,0.88,0.12,0.0,0.0,-0.00037167574495353237,0.979239074928353
2002-02-15,0.88,0.12,0.0,0.0,3.856867366616612e-05,0.9792768428806751
2002-02-19,0.88,0.12,0.0,0.0,-0.00016707721966371824,0.9791132280284855
2002-02-20,0.88,0.12,0.0,0.0,-0.0004375804375804248,0.978684787233724
2002-02-21,0.88,0.12,0.0,0.0,1.2917115177586424e-05,0.9786974290178432
2002-02-22,0.88,0.12,0.0,0.0,-0.00023248304811107178,0.9784698984563667
2002-02-25,0.88,0.12,0.0,0.0,-0.00033646069233257854,0.9781406817969054
2002-02-26,0.88,0.12,0.0,0.0,2.5954363577369575e-05,0.9781660688157906
2002-02-27,0.88,0.12,0.0,0.0,0.00022056438533894605,0.9783818174135185
2002-02-28,0.88,0.12,0.0,0.0,-0.0008158860349665398,0.9775835693518257
2002-03-01,0.1,0.0,0.0,0.9,0.00018254916874932192,0.9777620264197938
2002-03-04,0.88,0.12,0.0,0.0,-0.0009405282158464256,0.9768424136455628
2002-03-05,0.88,0.12,0.0,0.0,0.0003635183382018603,0.9771975137764563
2002-03-06,0.88,0.12,0.0,0.0,6.471793765507882e-05,0.9772607559842296
2002-03-07,0.88,0.12,0.0,0.0,0.000413971539456659,0.977665314123835
2002-03-08,0.88,0.12,0.0,0.0,0.00020627417275462356,0.9778669812277367
2002-03-11,0.88,0.12,0.0,0.0,7.722007722007262e-05,0.9779424921915382
2002-03-12,0.88,0.12,0.0,0.0,0.0001157556270096638,0.9780556945379012
2002-03-13,0.88,0.12,0.0,0.0,0.0,0.9780556945379012
2002-03-14,0.88,0.12,0.0,0.0,0.0,0.9780556945379012
2002-03-15,0.88,0.12,0.0,0.0,1.2849341471259379e-05,0.9780682619094982
2002-03-18,0.88,0.12,0.0,0.0,0.00012847965738758128,0.97819392378469
2002-03-19,0.88,0.12,0.0,0.0,0.00012834224598929467,0.9783194673898815
2002-03-20,0.88,0.12,0.0,0.0,7.692307692307664e-05,0.9783947227335269
2002-03-21,0.88,0.12,0.0,0.0,-7.687379884689705e-05,0.9783195098144186
2002-03-22,0.88,0.12,0.0,0.0,-7.692307692306332e-05,0.9782442544675098
2002-03-25,0.88,0.12,0.0,0.0,1.2828736369447923e-05,0.9782568041051554
2002-03-26,0.88,0.12,0.0,0.0,-0.00015392838054514968,0.9781062226195422
2002-03-27,0.88,0.12,0.0,0.0,3.853152092474943e-05,0.9781439105399257
2002-03-28,0.88,0.12,0.0,0.0,-0.00025679435052427646,0.9778927287096992
2002-04-01,0.88,0.12,0.0,0.0,0.0013253270426764007,0.9791887563878947
2002-04-02,0.88,0.12,0.0,0.0,6.36334712058506e-05,0.9792510655674295
2002-04-03,0.88,0.12,0.0,0.0,-2.5439898240424696e-05,0.9792261535199696
2002-04-04,0.88,0.12,0.0,0.0,-3.816793893127723e-05,0.9791887784759421
2002-04-05,0.88,0.12,0.0,0.0,6.36334712058506e-05,0.9792510876568824
2002-04-08,0.88,0.12,0.0,0.0,2.5439898240398052e-05,0.9792759997049042
2002-04-09,0.88,0.12,0.0,0.0,5.0869012293359714e-05,0.9793258145077718
2002-04-10,0.88,0.12,0.0,0.0,0.00019067796610167773,0.979512550362233
2002-04-11,0.88,0.12,0.0,0.0,6.345848757272066e-05,0.9795747087472374
2002-04-12,0.88,0.12,0.0,0.0,-0.0002156448202959682,0.9793634685352031
2002-04-15,0.88,0.12,0.0,0.0,2.541565180556482e-05,0.9793883596961105
2002-04-16,0.88,0.12,0.0,0.0,3.811540497617116e-05,0.9794256894800694
2002-04-17,0.88,0.12,0.0,0.0,0.000304826418289581,0.9797242443049744
2002-04-18,0.88,0.12,0.0,0.0,0.00016469594594594738,0.9798856009161565
2002-04-19,0.88,0.12,0.0,0.0,-0.00010121244069583035,0.9797864243028851
2002-04-22,0.88,0.12,0.0,0.0,-8.863564419119286e-05,0.9796995803019972
2002-04-23,0.88,0.12,0.0,0.0,-1.2671594508977257e-05,0.979687165946175
2002-04-24,0.88,0.12,0.0,0.0,0.00025345865455697944,0.9799354761371425
2002-04-25,0.88,0.12,0.0,0.0,-5.058488776478853e-05,0.9798859062110654
2002-04-26,0.88,0.12,0.0,0.0,-7.59093305218661e-05,0.9798115237279371
2002-04-29,0.88,0.12,0.0,0.0,7.595737947040603e-05,0.9798859476436544
2002-04-30,0.88,0.12,0.0,0.0,0.0007590933052187675,0.9806297725063887
2002-05-01,0.88,0.12,0.0,0.0,1.2572027239388106e-05,0.9806421010106006
2002-05-02,0.88,0.12,0.0,0.0,-0.00025141420490256913,0.980395553656481
2002-05-03,0.88,0.12,0.0,0.0,-3.779130799915542e-05,0.9803585032261517
2002-05-06,0.88,0.12,0.0,0.0,-0.00018901606636565038,0.9801731997182438
2002-05-07,0.88,0.12,0.0,0.0,-0.0001893142616743626,0.9799876389526262
2002-05-08,0.88,0.12,0.0,0.0,-6.32044664489717e-05,0.9799256993567796
2002-05-09,0.88,0.12,0.0,0.0,0.00018971332209106074,0.9801116043166072
2002-05-10,0.88,0.12,0.0,0.0,2.525518257392889e-05,0.980136357214117
2002-05-13,0.88,0.12,0.0,0.0,-0.0003661230931088788,0.9797775066593453
2002-05-14,0.88,0.12,0.0,0.0,-0.00011397214014352564,0.9796658393200468
2002-05-15,0.88,0.12,0.0,0.0,7.605366008239578e-05,0.9797403464927847
2002-05-16,0.88,0.12,0.0,0.0,-0.00020268130476091883,0.9795417714410307
2002-05-17,0.88,0.12,0.0,0.0,-0.00024109125515490602,0.9793056124858773
2002-05-20,0.88,0.12,0.0,0.0,-8.900190718371447e-05,0.9792184524186504
2002-05-21,0.88,0.12,0.0,0.0,0.00012723995334533276,0.9793430481288511
2002-05-22,0.88,0.12,0.0,0.0,-3.813155386082734e-05,0.9793057042566632
2002-05-23,0.88,0.12,0.0,0.0,0.00012714558169105495,0.9794302186500844
2002-05-24,0.88,0.12,0.0,0.0,5.080440304825906e-05,0.9794799780176704
2002-05-28,0.88,0.12,0.0,0.0,2.539145154464961e-05,0.9795048484360712
2002-05-29,0.88,0.12,0.0,0.0,6.346519991537569e-05,0.9795670129070954
2002-05-30,0.88,0.12,0.0,0.0,0.0,0.9795670129070954
2002-05-31,0.05,0.0,0.95,0.0,-0.002930542340627977,0.9766963503002887
2002-06-03,0.05,0.0,0.95,0.0,0.00036771821172811855,0.9770554993356224
2002-06-04,0.05,0.0,0.95,0.0,0.001562197717159941,0.9785818532062232
2002-06-05,0.05,0.0,0.95,0.0,-0.0008256880733945038,0.9777738498411904
2002-06-06,0.05,0.0,0.95,0.0,0.001101875120819684,0.9788512345201185
2002-06-07,0.05,0.0,0.95,0.0,-0.002934929523073865,0.975978375133228
2002-06-10,0.05,0.0,0.95,0.0,0.00036800309897346836,0.9763375381998082
2002-06-11,0.05,0.0,0.95,0.0,0.0011955469506292448,0.9775047955663878
2002-06-12,0.05,0.0,0.7361540521691171,0.2138459478308828,0.0007347964807115858,0.9782230626500488
2002-06-13,0.05,0.0,0.95,0.0,0.0018288539105743738,0.9800120897235904
2002-06-14,0.05,0.0,0.6622002354315372,0.2877997645684629,0.003388605032295244,0.9833329636225381
2002-06-17,0.05,0.0,0.6622002354315372,0.2877997645684629,-0.0018080368925165395,0.9815550613466809
2002-06-18,0.05,0.0,0.6622002354315372,0.2877997645684629,0.00020013171858366809,0.9817515016479926
2002-06-19,0.05,0.0,0.6076887144657811,0.34231128553421886,0.003995363423911384,0.9856739556890471
2002-06-20,0.05,0.0,0.6076887144657811,0.34231128553421886,-0.004424310095468276,0.981313028456052
2002-06-21,0.05,0.0,0.6076887144657811,0.34231128553421886,0.0021706738805022724,0.983443139015518
2002-06-24,0.05,0.0,0.6076887144657811,0.34231128553421886,-0.0038719699460922886,0.9796352767375593
2002-06-25,0.05,0.0,0.6076887144657811,0.34231128553421886,0.00041707764604276363,0.9800438607127615
2002-06-26,0.05,0.0,0.5146496621400912,0.4353503378599088,0.002495099153303933,0.9824891673198266
2002-06-27,0.05,0.0,0.5146496621400912,0.4353503378599088,-0.0035785693799326845,0.9789732616695402
2002-06-28,0.05,0.0,0.38930067133520235,0.5606993286647975,-0.0013929809269754144,0.9776095705880157
2002-07-01,0.05,0.0,0.5021528298669293,0.44784717013307074,0.0006636049294770352,0.9782583171181618
2002-07-02,0.05,0.0,0.5021528298669293,0.44784717013307074,0.001770750051492146,0.9799905680835713
2002-07-03,0.05,0.0,0.41051405319672274,0.5394859468032772,-0.00033978441846967735,0.9796575825582893
2002-07-05,0.05,0.0,0.0,0.95,-0.004227587066493967,0.9755159948326732
2002-07-08,0.05,0.0,0.95,0.0,0.0018021436023901382,0.97727401474179
2002-07-09,0.05,0.0,0.95,0.0,0.00349975763451279,0.9806942369358935
2002-07-10,0.05,0.0,0.48573751439963303,0.4642624856003668,0.004404520428861169,0.9850137247369442
2002-07-11,0.05,0.0,0.48573751439963303,0.4642624856003668,-0.00020488798157716715,0.984811907263057
2002-07-12,0.05,0.0,0.48573751439963303,0.4642624856003668,0.0009539135596014863,0.9857513326950522
2002-07-15,0.05,0.0,0.37389483320414213,0.576105166795858,-0.001572197239515613,0.9842015371709402
2002-07-16,0.05,0.0,0.26834202075713565,0.6816579792428642,-0.003390849772418125,0.9808642576126105
2002-07-17,0.05,0.0,0.3218169860448134,0.6281830139551865,0.0014700608923280591,0.9823061877984093
2002-07-18,0.05,0.0,0.3838601876981874,0.5661398123018127,0.0022655951472582846,0.9845316959306072
2002-07-19,0.05,0.0,0.3838601876981874,0.5661398123018127,0.0005965480895604603,0.9851190164329263
2002-07-22,0.05,0.0,0.3838601876981874,0.5661398123018127,0.0026251405902669375,0.9877050923492081
2002-07-23,0.05,0.0,0.3311307412438972,0.6188692587561027,0.00023547475696319585,0.9879376719657804
2002-07-24,0.05,0.0,0.19366727953405563,0.7563327204659444,-0.0016439069459287345,0.9863135943646912
2002-07-25,0.05,0.0,0.19366727953405563,0.7563327204659444,0.001095712363134475,0.9873943103639643
2002-07-26,0.05,0.0,0.19366727953405563,0.7563327204659444,0.0006682940813037663,0.9880541801374937
2002-07-29,0.05,0.0,0.0,0.95,-0.005896741675443567,0.9822278798758808
2002-07-30,0.05,0.0,0.0,0.95,-0.0011562587772680044,0.9810921702684969
2002-07-31,0.05,0.0,0.3092682616508988,0.6407317383491012,0.0023153355830520138,0.9833637278805734
2002-08-01,0.05,0.0,0.3092682616508988,0.6407317383491012,0.00266526561137561,0.9859846534079677
2002-08-02,0.05,0.0,0.4086740090932428,0.5413259909067573,0.004479656339393277,0.990401525811151
2002-08-05,0.05,0.0,0.4086740090932428,0.5413259909067573,-4.7184501718745895e-05,0.9903547942086542
2002-08-06,0.05,0.0,0.2664792833341053,0.6835207166658948,-0.005142428148713009,0.9852619658377028
2002-08-07,0.05,0.0,0.32362747366174244,0.6263725263382575,0.0035937493757170476,0.9888027504123497
2002-08-08,0.05,0.0,0.32362747366174244,0.6263725263382575,-0.0034026847728804077,0.9854381663501393
2002-08-09,0.05,0.0,0.32362747366174244,0.6263725263382575,0.002612479816110064,0.9880126036697534
2002-08-12,0.05,0.0,0.32362747366174244,0.6263725263382575,0.00047818730716740835,0.9884850587561496
2002-08-13,0.05,0.0,0.32362747366174244,0.6263725263382575,0.00268059593145264,0.991134787782953
2002-08-14,0.05,0.0,0.32362747366174244,0.6263725263382575,-0.0009240544396411686,0.9902189252820194
2002-08-15,0.05,0.0,0.32362747366174244,0.6263725263382575,-0.0027026395072849317,0.987542720493691
2002-08-16,0.05,0.0,0.24058604772196754,0.7094139522780324,-0.004068237294655266,0.9835251623681133
2002-08-19,0.05,0.0,0.24058604772196754,0.7094139522780324,0.0007038895867263156,0.9842174554881876
2002-08-20,0.05,0.0,0.38809945033180504,0.5619005496681949,0.005162311392380013,0.9892982924712336
2002-08-21,0.05,0.0,0.38809945033180504,0.5619005496681949,-0.0005293917914182281,0.9887745660759353
2002-08-22,0.05,0.0,0.38809945033180504,0.5619005496681949,-0.002810511228745464,0.985995604055281
2002-08-23,0.05,0.0,0.4395050956226519,0.510494904377348,0.002234190523805141,0.988198506090375
2002-08-26,0.05,0.0,0.4395050956226519,0.510494904377348,0.0009698296956852323,0.9891568903468132
2002-08-27,0.05,0.0,0.4395050956226519,0.510494904377348,-0.002323097943371812,0.9868589820091764
2002-08-28,0.05,0.0,0.4395050956226519,0.510494904377348,0.002032115849520319,0.9888643937877587
2002-08-29,0.05,0.0,0.4395050956226519,0.510494904377348,0.0018813398844496855,0.9907247838121038
2002-08-30,0.05,0.0,0.4395050956226519,0.510494904377348,0.0003411316492842061,0.9910627513915925
2002-09-03,0.05,0.0,0.4395050956226519,0.510494904377348,0.005167348109578811,0.9961839176264699
2002-09-04,0.05,0.0,0.4395050956226519,0.510494904377348,0.00019437313519915598,0.996377549017774
2002-09-05,0.05,0.0,0.4395050956226519,0.510494904377348,0.001980458225016382,0.998350833129948
2002-09-06,0.05,0.0,0.4395050956226519,0.510494904377348,-0.004844872405341136,0.9935139507276673
2002-09-09,0.05,0.0,0.4395050956226519,0.510494904377348,-0.0009806102469036655,0.992539700767142
2002-09-10,0.05,0.0,0.4395050956226519,0.510494904377348,0.0017044053878452962,0.9942313907807798
2002-09-11,0.05,0.0,0.4395050956226519,0.510494904377348,-0.00332101479226312,0.9909295336250645
2002-09-12,0.05,0.0,0.4395050956226519,0.510494904377348,0.004093060703745916,0.9949854683593266
2002-09-13,0.05,0.0,0.4395050956226519,0.510494904377348,0.0020607989472702978,0.9970359333650707
2002-09-16,0.05,0.0,0.4952336853176681,0.45476631468233186,0.0007351557613781848,0.997768910075785
2002-09-17,0.05,0.0,0.4952336853176681,0.45476631468233186,0.0005989515402094632,0.998366525301248
2002-09-18,0.05,0.0,0.4952336853176681,0.45476631468233186,0.00030844914704844864,0.9986744706044189
2002-09-19,0.05,0.0,0.4952336853176681,0.45476631468233186,0.0021631428372519967,1.0008347461322533
2002-09-20,0.05,0.0,0.4952336853176681,0.45476631468233186,-0.00037788261533397357,1.0004565480808678
2002-09-23,0.05,0.0,0.4952336853176681,0.45476631468233186,0.001981740340507607,1.0024391931811247
2002-09-24,0.05,0.0,0.4952336853176681,0.45476631468233186,-0.0005459703138199798,1.0018918911402381
2002-09-25,0.05,0.0,0.4952336853176681,0.45476631468233186,-0.0033251103539777517,0.9985604900394414
2002-09-26,0.05,0.0,0.4952336853176681,0.45476631468233186,4.1937137097259985e-05,0.998602366807612
2002-09-27,0.05,0.0,0.4952336853176681,0.45476631468233186,0.0028976896174465177,1.001496006517868
2002-09-30,0.05,0.0,0.4952336853176681,0.45476631468233186,0.001646841273897834,1.0031453114770454
2002-10-01,0.05,0.0,0.4952336853176681,0.45476631468233186,-0.0032465246389412096,0.9998885755068968
2002-10-02,0.05,0.0,0.4952336853176681,0.45476631468233186,-4.832673289094464e-06,0.9998837433720859
2002-10-03,0.05,0.0,0.4952336853176681,0.45476631468233186,-1.4522846826819165e-05,0.9998692222136363
2002-10-04,0.05,0.0,0.4952336853176681,0.45476631468233186,-0.0014721279563281104,0.9983972867789436
2002-10-07,0.05,0.0,0.4331620666367632,0.5168379333632368,0.0003993140921385404,0.9987959608851074
2002-10-08,0.05,0.0,0.37191742164813213,0.5780825783518677,-0.0027730673805838914,0.9960262323861179
2002-10-09,0.05,0.0,0.37191742164813213,0.5780825783518677,0.0008894336145061971,0.9969121315981321
2002-10-10,0.05,0.0,0.258891223910096,0.6911087760899038,-0.002977826001510266,0.9939435007314381
2002-10-11,0.05,0.0,0.258891223910096,0.6911087760899038,-0.0030696227097423766,0.990892469189392
2002-10-14,0.05,0.0,0.258891223910096,0.6911087760899038,0.0,0.990892469189392
2002-10-15,0.05,0.0,0.0,0.95,-0.006378184879475766,0.9845723738252219
2002-10-16,0.05,0.0,0.0,0.95,-0.0006188349153172734,0.9839630860636421
2002-10-17,0.05,0.0,0.0,0.95,-0.002388490548468125,0.9816128995325376
2002-10-18,0.05,0.0,0.0,0.95,0.0,0.9816128995325376
2002-10-21,0.05,0.0,0.0,0.95,-0.002660567587752166,0.979001252068322
2002-10-22,0.05,0.0,0.0,0.95,-0.0004446732821568322,0.9785659163683291
2002-10-23,0.05,0.0,0.0,0.95,0.0005338578252318426,0.9790883314402875
2002-10-24,0.05,0.0,0.0,0.95,0.002845642609753862,0.9818744669149467
2002-10-25,0.05,0.0,0.0,0.95,0.0021278581427903952,0.9839637564945697
2002-10-28,0.05,0.0,0.0,0.95,0.0014154018064996608,0.9853564605730422
2002-10-29,0.05,0.0,0.378948590801265,0.5710514091987351,0.004416550441655021,0.9897083370841737
2002-10-30,0.05,0.0,0.378948590801265,0.5710514091987351,-0.0003961946872193921,0.9893162198991242
2002-10-31,0.05,0.0,0.5064350414846103,0.44356495851538985,0.002788250539305146,0.9920746813828012
2002-11-01,0.05,0.0,0.5064350414846103,0.44356495851538985,-0.0023769239211811296,0.9897165953410242
2002-11-04,0.05,0.0,0.5064350414846103,0.44356495851538985,-0.0014443192807769673,0.9882871285798682
2002-11-05,0.05,0.0,0.5638153046350213,0.38618469536497874,-0.00012873379984951582,0.9881599026224637
2002-11-06,0.05,0.0,0.5638153046350213,0.38618469536497874,0.002748556944746278,0.9908759163853365
2002-11-07,0.05,0.0,0.6217781662629712,0.3282218337370288,0.004707617503389211,0.9955405811929988
2002-11-08,0.05,0.0,0.6217781662629712,0.3282218337370288,0.0005616246899775123,0.9960997013632714
2002-11-11,0.05,0.0,0.6217781662629712,0.3282218337370288,0.0,0.9960997013632714
2002-11-12,0.05,0.0,0.6217781662629712,0.3282218337370288,-5.462641502506736e-05,0.9960452880075784
2002-11-13,0.05,0.0,0.6217781662629712,0.3282218337370288,0.0007416986023835961,0.9967840534056044
2002-11-14,0.05,0.0,0.6217781662629712,0.3282218337370288,-0.00425437371108278,0.9925433615331691
2002-11-15,0.05,0.0,0.6217781662629712,0.3282218337370288,4.636268634043738e-05,0.9925893785097193
2002-11-18,0.05,0.0,0.6217781662629712,0.3282218337370288,0.002007870286723429,0.9945823692297463
2002-11-19,0.05,0.0,0.6217781662629712,0.3282218337370288,0.0011820288819726099,0.9957579943156766
2002-11-20,0.05,0.08556168639808624,0.5904570859518944,0.27398122765001937,-0.0027086829321155675,0.9930608016319561
2002-11-21,0.05,0.12,0.6535916778398645,0.17640832216013552,-0.00039096501907538017,0.992672549596703
2002-11-22,0.05,0.12,0.7126268319894131,0.11737316801058686,-0.0007195778780840237,0.9919582443898319
2002-11-25,0.05,0.12,0.83,0.0,0.00014668845965477482,0.9921037532167434
2002-11-26,0.05,0.12,0.83,0.0,0.0034229604964787796,0.9954996851724127
2002-11-27,0.05,0.12,0.83,0.0,-0.005393190413499432,0.9901307658136992
2002-11-29,0.05,0.12,0.83,0.0,0.0013147119553975162,0.9914325025689213
2002-12-02,0.05,0.12,0.83,0.0,0.0026467221778811,0.9940565489613428
2002-12-03,0.05,0.12,0.83,0.0,-0.0007863571766934763,0.9932748654600279
2002-12-04,0.05,0.12,0.83,0.0,0.0013146844785288866,0.994580708508561
2002-12-05,0.05,0.12,0.83,0.0,0.001832591823086418,0.9964033689823731
2002-12-06,0.05,0.12,0.83,0.0,0.001409832129360806,0.9978081304657678
2002-12-09,0.05,0.12,0.7140296235836535,0.11597037641634643,0.0010806172439111195,0.9988863791376638
2002-12-10,0.05,0.12,0.8300000000000001,0.0,-0.0002946274432733371,0.9985920797976579
2002-12-11,0.05,0.12,0.7026656052709027,0.12733439472909708,0.0019266226162571742,1.0005159898830112
2002-12-12,0.05,0.12,0.7026656052709027,0.12733439472909708,0.0003569187475956877,1.0008730927970695
2002-12-13,0.05,0.12,0.7026656052709027,0.12733439472909708,-0.0013659047502958262,0.9995059954851747
2002-12-16,0.05,0.12,0.7799999999999998,0.05,-0.001215544026018512,0.998291051943393
2002-12-17,0.05,0.12,0.83,0.0,0.002147907056504212,1.0004352883383072
2002-12-18,0.05,0.12,0.83,0.0,0.0028596113592164385,1.0032961444530004
2002-12-19,0.05,0.12,0.83,0.0,0.003458755524497812,1.0067663005353347
2002-12-20,0.05,0.12,0.7229640677746226,0.10703593222537727,-2.504047290306399e-05,1.0067410906310663
2002-12-23,0.05,0.12,0.7229640677746226,0.10703593222537727,-0.000740865678587276,1.0059952307097944
2002-12-24,0.05,0.12,0.7229640677746226,0.10703593222537727,0.0014388853060650203,1.0074427424652341
2002-12-26,0.05,0.12,0.7229640677746226,0.10703593222537727,0.0005571920687390508,1.0080040815710445
2002-12-27,0.05,0.12,0.7229640677746226,0.10703593222537727,0.0034116681690553605,1.0114430570104185
2002-12-30,0.05,0.12,0.7229640677746226,0.10703593222537727,0.0010567472486271165,1.0125118966780573
2002-12-31,0.05,0.12,0.7229640677746226,0.10703593222537727,0.0014441075857672026,1.0139740727887296
2003-01-02,0.05,0.12,0.7799999999999998,0.05,-0.006685178575139454,1.0071954750415755
2003-01-03,0.05,0.12,0.8299999999999998,0.0,0.0005114035478387623,1.007710558380879
2003-01-06,0.05,0.12,0.8299999999999998,0.0,-0.00013566713822794283,1.0075738451732612
2003-01-07,0.05,0.12,0.8299999999999998,0.0,0.0033232268011572814,1.0109222415796861
2003-01-08,0.05,0.12,0.8299999999999998,0.0,0.0023861547273201665,1.0133344584653845
2003-01-09,0.05,0.12,0.8299999999999998,0.0,-0.005345753419694475,1.007917422318749
2003-01-10,0.05,0.12,0.8299999999999998,0.0,0.0016629646077713064,1.0095935533196212
2003-01-13,0.05,0.12,0.8299999999999998,0.0,0.0017677247932425906,1.0113782368749222
2003-01-14,0.05,0.12,0.8299999999999998,0.0,0.0017717313470234882,1.013170127400891
2003-01-15,0.05,0.12,0.8299999999999998,0.0,-0.00017516421645292989,1.0129926562493914
2003-01-16,0.05,0.12,0.8299999999999998,0.0,-0.0009107860759327311,1.0120700366430573
2003-01-17,0.05,0.12,0.8299999999999998,0.0,0.0013340974427359263,1.0134202366908123
2003-01-21,0.05,0.12,0.7799999999999998,0.05,0.0010290412255936118,1.014463087893218
2003-01-22,0.05,0.12,0.7799999999999998,0.05,0.0014946068409771992,1.0159793113643019
2003-01-23,0.05,0.12,0.7799999999999998,0.05,-0.0006014546144051945,1.0153682459193416
2003-01-24,0.05,0.12,0.8300000000000001,0.0,0.0012818939457976892,1.0166698403265408
2003-01-27,0.05,0.12,0.8300000000000001,0.0,-0.0026048110782455063,1.0140216074635402
2003-01-28,0.05,0.12,0.8300000000000001,0.0,-0.00024395556459744675,1.0137742312497775
2003-01-29,0.05,0.12,0.8300000000000001,0.0,-0.0022985833340155963,1.0114439866973723
2003-01-30,0.05,0.12,0.8300000000000001,0.0,0.0020991356733715727,1.0135671448514658
2003-01-31,0.05,0.12,0.8300000000000001,0.0,-0.000350479475455422,1.0132119103701995
2003-02-03,0.05,0.12,0.8300000000000001,0.0,-0.0004253227126636838,1.0127809683319777
2003-02-04,0.05,0.12,0.8300000000000001,0.0,0.0021516215592667413,1.0149600896982558
2003-02-05,0.05,0.12,0.8300000000000001,0.0,-0.0021289937305207654,1.0127992460305595
2003-02-06,0.05,0.12,0.8300000000000001,0.0,0.0020244960129979605,1.0148496540661158
2003-02-07,0.05,0.12,0.8300000000000001,0.0,0.0013355294155225185,1.0162050156314542
2003-02-10,0.05,0.12,0.8300000000000001,0.0,-0.0022023911521049846,1.0139669346963027
2003-02-11,0.05,0.12,0.8300000000000001,0.0,0.0013208791322400627,1.0153062624611244
2003-02-12,0.05,0.12,0.8300000000000001,0.0,0.0012998276865867808,1.0166259856514364
2003-02-13,0.05,0.12,0.8300000000000001,0.0,0.0014127393182983973,1.0180622131533699
2003-02-14,0.05,0.12,0.7684696447445716,0.061530355255428514,-0.0028482221009380796,1.0151625458577365
2003-02-18,0.05,0.12,0.7684696447445716,0.061530355255428514,-3.1994175690228796e-05,1.0151300665688903
2003-02-19,0.05,0.12,0.8299999999999998,0.0,0.002950211757813947,1.0181249152269922
2003-02-20,0.05,0.12,0.7204956216650984,0.10950437833490163,0.0016466495353839258,1.0198014101456137
2003-02-21,0.05,0.12,0.7204956216650984,0.10950437833490163,-0.0011785115815958198,1.0185995623728294
2003-02-24,0.05,0.12,0.7204956216650984,0.10950437833490163,0.001548471356592218,1.0201768346190012
2003-02-25,0.05,0.12,0.7204956216650984,0.10950437833490163,0.0009493227518075721,1.0211453116989722
2003-02-26,0.05,0.12,0.7204956216650984,0.10950437833490163,0.0010221308684684712,1.0221890558432514
2003-02-27,0.05,0.12,0.7204956216650984,0.10950437833490163,0.0006735355354784394,1.022877536496339
2003-02-28,0.05,0.12,0.7204956216650984,0.10950437833490163,0.003028841700347864,1.0259756706332281
2003-03-03,0.05,0.12,0.7204956216650984,0.10950437833490163,0.001624358793906488,1.0276422232361553
2003-03-04,0.05,0.12,0.7204956216650984,0.10950437833490163,0.000627551430826289,1.0282871215837246
2003-03-05,0.05,0.12,0.7204956216650984,0.10950437833490163,0.0006202227672229008,1.0289248886677729
2003-03-06,0.05,0.12,0.7204956216650984,0.10950437833490163,-0.0010257275730475538,1.0278694920388716
2003-03-07,0.05,0.12,0.7204956216650984,0.10950437833490163,0.0007066832384570326,1.0285958701802167
2003-03-10,0.05,0.12,0.7204956216650984,0.10950437833490163,0.0015585398102214113,1.0301989777925218
2003-03-11,0.05,0.12,0.7204956216650984,0.10950437833490163,-0.001208528030405795,1.0289539534509642
2003-03-12,0.05,0.12,0.7204956216650984,0.10950437833490163,-0.0013470559761774884,1.0275678948787565
2003-03-13,0.05,0.12,0.7794428174454573,0.05055718255454245,-0.004491705236663595,1.0229523627843022
2003-03-14,0.05,0.12,0.7794428174454573,0.05055718255454245,0.0011343237740828003,1.0241127219691626
2003-03-17,0.05,0.12,0.7794428174454573,0.05055718255454245,-0.003440831284743927,1.0205889228763068
2003-03-18,0.05,0.12,0.83,0.0,-0.002322004893518824,1.0182191104031169
2003-03-19,0.05,0.12,0.83,0.0,-0.0021556122401400835,1.0160242248255873
2003-03-20,0.05,0.12,0.83,0.0,-0.000785875270710008,1.0152257565128544
2003-03-21,0.05,0.12,0.83,0.0,-0.002141235820496645,1.0130519187571183
2003-03-24,0.05,0.12,0.83,0.0,0.004420145461781777,1.017529755598362
2003-03-25,0.05,0.12,0.83,0.0,0.0003946079149229509,1.0179312808935905
2003-03-26,0.05,0.12,0.83,0.0,0.0018387329864598455,1.0198029847177188
2003-03-27,0.05,0.12,0.83,0.0,0.0013373115850408412,1.021166779063641
2003-03-28,0.05,0.12,0.83,0.0,0.002225715269587973,1.0234396055565989
2003-03-31,0.05,0.12,0.83,0.0,0.002194651793689557,1.0256856991226666
2003-04-01,0.05,0.12,0.83,0.0,0.0005379516971449472,1.0262374684852469
2003-04-02,0.05,0.12,0.83,0.0,-0.002379356352311914,1.0237956838456261
2003-04-03,0.05,0.12,0.83,0.0,0.002199750524509083,1.0260477789381557
2003-04-04,0.05,0.12,0.83,0.0,-0.0009048305704120862,1.025119379541069
2003-04-07,0.05,0.12,0.83,0.0,-0.0020472639006063587,1.0230206896415224
2003-04-08,0.05,0.12,0.83,0.0,0.0024246553556103363,1.0255011622355619
2003-04-09,0.05,0.12,0.83,0.0,0.0012004009932362614,1.0267321748492744
2003-04-10,0.05,0.12,0.83,0.0,-0.001423615130478736,1.0252705033902096
2003-04-11,0.05,0.12,0.83,0.0,-0.0013692037218490417,1.0238666992010657
2003-04-14,0.05,0.12,0.83,0.0,-0.0012467385768648931,1.0225902050896043
2003-04-15,0.05,0.12,0.83,0.0,0.0024202988786515655,1.0250651790163026
2003-04-16,0.05,0.12,0.83,0.0,0.0021035443310031465,1.027221449062531
2003-04-17,0.05,0.12,0.83,0.0,-0.0002657660632131764,1.0269484484619655
2003-04-21,0.05,0.12,0.83,0.0,4.379711395399166e-05,1.0269934258401876
2003-04-22,0.05,0.12,0.83,0.0,0.001016902102215804,1.0280377776138863
2003-04-23,0.05,0.12,0.83,0.0,0.0012105372768050435,1.0292822556656516
2003-04-24,0.05,0.12,0.83,0.0,0.0041412593143427935,1.0335447803940148
2003-04-25,0.05,0.12,0.83,0.0,0.001610343592733079,1.035209142608925
2003-04-28,0.05,0.12,0.83,0.0,-0.0003128333343576727,1.034885294681085
2003-04-29,0.05,0.12,0.83,0.0,-0.0004106243768610906,1.0344603455518337
2003-04-30,0.05,0.12,0.83,0.0,0.004778239832897146,1.039403245180502
2003-05-01,0.05,0.12,0.83,0.0,0.000880141945239219,1.0403180675746029
2003-05-02,0.05,0.12,0.83,0.0,-0.0012882707587553287,1.0389778562283416
2003-05-05,0.05,0.12,0.83,0.0,0.0014622284934961228,1.0404970792538302
2003-05-06,0.05,0.12,0.83,0.0,0.003906340515097222,1.0445616151503596
2003-05-07,0.05,0.12,0.83,0.0,0.0037125161662021444,1.0484395670331996
2003-05-08,0.05,0.12,0.83,0.0,0.0002547951354702449,1.0487067043347142
2003-05-09,0.05,0.12,0.83,0.0,-0.00013058565411698363,1.0485697582837519
2003-05-12,0.05,0.12,0.7799999999999999,0.05,0.0010900941724450684,1.049712798066659
2003-05-13,0.05,0.12,0.7799999999999999,0.05,1.63552753816254e-05,1.0497299664085429
2003-05-14,0.05,0.12,0.7799999999999999,0.05,0.00198700911245665,1.0518157894174156
2003-05-15,0.05,0.12,0.7799999999999999,0.05,-0.0018775050609370577,1.0498409999496108
2003-05-16,0.05,0.12,0.7799999999999999,0.05,0.0029482176888870355,1.052936159756181
2003-05-19,0.05,0.12,0.7799999999999999,0.05,0.0005657887576824061,1.0535318991979283
2003-05-20,0.05,0.12,0.7799999999999999,0.05,0.0020882465838087923,1.055731933587362
2003-05-21,0.05,0.12,0.7799999999999999,0.05,-0.0026041923761626587,1.0529826045346424
2003-05-22,0.05,0.12,0.7799999999999999,0.05,0.0019350507767227573,1.055020179341423
2003-05-23,0.05,0.12,0.7799999999999999,0.05,7.990915759550907e-05,1.0551044851152005
2003-05-27,0.05,0.12,0.7799999999999999,0.05,-0.0011598921212384382,1.053880677735832
2003-05-28,0.05,0.12,0.7799999999999999,0.05,-0.0002962810176751573,1.0535684328961243
2003-05-29,0.05,0.12,0.7799999999999999,0.05,0.003247098291380181,1.0569894731544334
2003-05-30,0.05,0.12,0.7799999999999999,0.05,-0.00026215772322575544,1.0567123752006775
2003-06-02,0.05,0.12,0.7799999999999999,0.05,-0.0022931667986707824,1.0542891574661228
2003-06-03,0.05,0.12,0.7799999999999999,0.05,0.0035216429027366478,1.0580019873949458
2003-06-04,0.05,0.12,0.7799999999999999,0.05,0.0018195040888399402,1.0599270263370117
2003-06-05,0.05,0.12,0.7799999999999999,0.05,-0.00100530275211528,1.0588614787803938
2003-06-06,0.05,0.12,0.7799999999999999,0.05,-0.00036796281329530946,1.0584718571317717
2003-06-09,0.05,0.12,0.7799999999999999,0.05,0.003314601107414108,1.0619802691215874
2003-06-10,0.05,0.12,0.7799999999999999,0.05,0.0034032943833404625,1.0655945006067071
2003-06-11,0.05,0.12,0.7799999999999999,0.05,-0.00015097879934988898,1.0654336184284117
2003-06-12,0.05,0.12,0.7799999999999999,0.05,0.0013668335704388522,1.0668898888651537
2003-06-13,0.05,0.12,0.7799999999999999,0.05,0.0024389805122340185,1.0694920125127954
2003-06-16,0.05,0.12,0.7799999999999999,0.05,-0.0022938114190486944,1.0670387995219122
2003-06-17,0.05,0.12,0.7799999999999999,0.05,-0.0025263522491192547,1.0643430836508425
2003-06-18,0.05,0.12,0.7799999999999999,0.05,-0.002365563988880018,1.0618253119803447
2003-06-19,0.05,0.12,0.7799999999999999,0.05,0.0013382120681451279,1.0632462594270988
2003-06-20,0.05,0.12,0.7799999999999999,0.05,-0.0020973939401021918,1.0610162131657401
2003-06-23,0.05,0.12,0.7799999999999999,0.05,0.002248277408673493,1.0634016719480368
2003-06-24,0.05,0.12,0.7799999999999999,0.05,0.001309177375559125,1.064793853358083
2003-06-25,0.05,0.12,0.7799999999999999,0.05,-0.0035815730681987763,1.0609802163697122
2003-06-26,0.05,0.12,0.7799999999999999,0.05,-0.005852474661465254,1.0547708565370926
2003-06-27,0.05,0.12,0.83,0.0,-0.0005354193848334753,1.0542061117739452
2003-06-30,0.05,0.12,0.83,0.0,0.0011389355357025342,1.0554067845765993
2003-07-01,0.05,0.12,0.83,0.0,-0.0011867303074031188,1.0541543013587034
2003-07-02,0.05,0.12,0.83,0.0,0.0009562879309511296,1.0551623763944529
2003-07-03,0.05,0.12,0.83,0.0,-0.0029118775595594645,1.0520898727489385
2003-07-07,0.05,0.12,0.83,0.0,-0.0018540707137168198,1.0501392237276768
2003-07-08,0.05,0.12,0.83,0.0,-0.0005623529896500823,1.0495486747956646
2003-07-09,0.05,0.12,0.83,0.0,0.0008296977706752063,1.0504194829913578
2003-07-10,0.05,0.12,0.83,0.0,0.0012768653690187115,1.051760727252132
2003-07-11,0.05,0.12,0.83,0.0,0.0016144742507464738,1.053458767864227
2003-07-14,0.05,0.12,0.83,0.0,-0.0023271759354742236,1.0510071839706392
2003-07-15,0.05,0.12,0.83,0.0,-0.006486167751352797,1.0441901750675286
2003-07-16,0.05,0.12,0.83,0.0,-0.0015816156797007828,1.0425386675140522
2003-07-17,0.05,0.12,0.83,0.0,-0.00034821240973876845,1.0421756426123912
2003-07-18,0.05,0.12,0.83,0.0,-0.0007257157947101267,1.041419319287685
2003-07-21,0.05,0.12,0.83,0.0,-0.006542635255776858,1.0346056925332663
2003-07-22,0.05,0.12,0.83,0.0,0.0010734988328521776,1.035716340536663
2003-07-23,0.05,0.12,0.83,0.0,0.0017777816313890571,1.0375576180221986
2003-07-24,0.05,0.12,0.83,0.0,-0.0015575522280932006,1.035941567842473
2003-07-25,0.05,0.12,0.83,0.0,-0.000321187634144664,1.0356088362211855
2003-07-28,0.05,0.12,0.83,0.0,-0.004209006655048973,1.031249951737503
2003-07-29,0.88,0.12,0.0,0.0,-0.004262567343593019,1.0268541793701447
2003-07-30,0.88,0.12,0.0,0.0,-0.0006210937499999947,1.0262164066571766
2003-07-31,0.88,0.12,0.0,0.0,-0.0005418670855011331,1.025660333763808
2003-08-01,0.88,0.12,0.0,0.0,-0.000591657627452915,1.0250534940041607
2003-08-04,0.88,0.12,0.0,0.0,3.567535427609236e-05,1.0250900631507112
2003-08-05,0.88,0.12,0.0,0.0,-0.0004279770160491436,1.0246513481643023
2003-08-06,0.88,0.12,0.0,0.0,-0.0005249552594949281,1.0241134520499349
2003-08-07,0.88,0.12,0.0,0.0,-0.00014379868184542397,1.0239661858854698
2003-08-08,0.88,0.12,0.0,0.0,4.79904019196109e-05,1.0240153264342826
2003-08-11,0.88,0.12,0.0,0.0,-0.00010793523885668676,1.023904799095431
2003-08-12,0.88,0.12,0.0,0.0,-3.601080324097783e-05,1.0238679274611733
2003-08-13,0.88,0.12,0.0,0.0,-0.0003241945167100235,1.023535995093255
2003-08-14,0.88,0.12,0.0,0.0,-0.00048158924450687475,1.0230430711666525
2003-08-15,0.88,0.12,0.0,0.0,1.2088244182546502e-05,1.023055437961106
2003-08-18,0.88,0.12,0.0,0.0,0.0002538275584206229,1.0233151176250526
2003-08-19,0.88,0.12,0.0,0.0,0.0007598753643582423,1.0240927095729113
2003-08-20,0.88,0.12,0.0,0.0,0.0005633240111865855,1.0246696055858948
2003-08-21,0.88,0.12,0.0,0.0,0.00035788845809721966,1.025036323011097
2003-08-22,0.88,0.12,0.0,0.0,0.0001903062741599726,1.0252313938546078
2003-08-25,0.88,0.12,0.0,0.0,0.00014250371103413428,1.0253774931329007
2003-08-26,0.88,0.12,0.0,0.0,9.488978946328608e-05,1.0254747909873445
2003-08-27,0.88,0.12,0.0,0.0,0.00017777777777779668,1.0256570976168535
2003-08-28,0.88,0.12,0.0,0.0,0.00034319526627217377,1.0260090982775742
2003-08-29,0.88,0.12,0.0,0.0,0.00023601140721802414,1.0262512481286772
2003-09-02,0.88,0.12,0.0,0.0,0.0006242025714005184,1.0268918367966622
2003-09-03,0.88,0.12,0.0,0.0,0.00022261277094317577,1.0271204360339106
2003-09-04,0.88,0.12,0.0,0.0,5.847383295975561e-05,1.0271804957027166
2003-09-05,0.88,0.12,0.0,0.0,0.00010520163646991598,1.0272885567718146
2003-09-08,0.88,0.12,0.0,0.0,0.00010510948905110061,1.027396534547125
2003-09-09,0.88,0.12,0.0,0.0,0.00016336056009335742,1.0275643706204465
2003-09-10,0.88,0.12,0.0,0.0,0.00012818022917072014,1.0276960840569604
2003-09-11,0.88,0.12,0.0,0.0,-4.656125715394754e-05,1.0276482332353145
2003-09-12,0.88,0.12,0.0,0.0,1.1644832605544052e-05,1.027660200026968
2003-09-15,0.88,0.12,0.0,0.0,1.1643702697456958e-05,1.0276721657968109
2003-09-16,0.88,0.12,0.0,0.0,-1.1642573008621148e-05,1.0276602010485916
2003-09-17,0.88,0.12,0.0,0.0,0.00027944886473899364,1.0279473795251122
2003-09-18,0.88,0.12,0.0,0.0,0.0002555663117134621,1.028210088245533
2003-09-19,0.88,0.12,0.0,0.0,6.955177743430241e-05,1.0282816020847463
2003-09-22,0.88,0.12,0.0,0.0,-0.00016219347364355483,1.0281148215198204
2003-09-23,0.05,0.12,0.83,0.0,-0.0001276102088167086,1.0279836235727586
2003-09-24,0.05,0.12,0.83,0.0,0.0025046838423537967,1.0305583975449255
2003-09-25,0.05,0.12,0.83,0.0,0.0009594068350762442,1.0315471223154753
2003-09-26,0.05,0.12,0.83,0.0,0.003051609973892735,1.0346950018024734
2003-09-29,0.05,0.12,0.83,0.0,-0.0014217067362678438,1.0332239689484282
2003-09-30,0.05,0.12,0.83,0.0,0.004650718252381376,1.0380292025196145
2003-10-01,0.05,0.12,0.83,0.0,0.00020285395635341705,1.038239770850156
2003-10-02,0.05,0.12,0.83,0.0,-0.0023444627653157655,1.035805656365928
2003-10-03,0.05,0.12,0.83,0.0,-0.006965461968923345,1.0285907914593153
2003-10-06,0.05,0.12,0.83,0.0,0.002071314488910283,1.0307213264688246
2003-10-07,0.05,0.12,0.83,0.0,-0.00295135094220598,1.0276793061107992
2003-10-08,0.05,0.12,0.83,0.0,0.0006085716487304028,1.028304722600485
2003-10-09,0.05,0.12,0.83,0.0,-0.0013464555823916413,1.02692015596634
2003-10-10,0.05,0.12,0.83,0.0,0.002050185834387068,1.0290255331231486
2003-10-13,0.05,0.12,0.83,0.0,0.0,1.0290255331231486
2003-10-14,0.05,0.12,0.83,0.0,-0.003142343733452736,1.0257919811875762
2003-10-15,0.88,0.12,0.0,0.0,-0.0013898220958116357,1.0243663128264153
2003-10-16,0.88,0.12,0.0,0.0,8.04289544235992e-05,1.0244487015379027
2003-10-17,0.88,0.12,0.0,0.0,8.037508372404467e-05,1.0245310416880598
2003-10-20,0.88,0.12,0.0,0.0,1.1474469305809975e-05,1.0245427976380506
2003-10-21,0.88,0.12,0.0,0.0,2.2946744430623055e-05,1.0245663075597862
2003-10-22,0.05,0.12,0.83,0.0,-0.000137654143963295,1.0244252717617854
2003-10-23,0.88,0.12,0.0,0.0,-0.0016408448639851714,1.0227443488160786
2003-10-24,0.05,0.12,0.83,0.0,1.1509687320154782e-05,1.0227561202837419
2003-10-27,0.88,0.12,0.0,0.0,-0.0019025312591066886,1.0208102947944593
2003-10-28,0.05,0.12,0.8300000000000001,0.0,0.0001265094882116191,1.020939436982415
2003-10-29,0.88,0.12,0.0,0.0,-0.002988707270037682,1.0178881478648374
2003-10-30,0.88,0.12,0.0,0.0,4.593301435407149e-05,1.017934902535744
2003-10-31,0.88,0.12,0.0,0.0,0.0006887315859957876,1.018635986455608
2003-11-03,0.88,0.12,0.0,0.0,3.424006087121789e-05,1.0186708646137899
2003-11-04,0.88,0.12,0.0,0.0,9.128078349339929e-05,1.0187638496884337
2003-11-05,0.88,0.12,0.0,0.0,-1.1401425178156898e-05,1.0187522343286273
2003-11-06,0.88,0.12,0.0,0.0,-1.140250855186764e-05,1.018740617997563
2003-11-07,0.88,0.12,0.0,0.0,-4.561436852609457e-05,1.0186941487875811
2003-11-10,0.88,0.12,0.0,0.0,0.0,1.0186941487875811
2003-11-11,0.88,0.12,0.0,0.0,0.0,1.0186941487875811
2003-11-12,0.88,0.12,0.0,0.0,-4.56317140412521e-05,1.0186476640274882
2003-11-13,0.88,0.12,0.0,0.0,0.00017118402282452648,1.018822040232457
2003-11-14,0.05,0.12,0.8300000000000001,0.0,0.00011396011396011652,1.018938145308267
2003-11-17,0.05,0.12,0.8300000000000001,0.0,0.0016938402146174903,1.020664063714998
2003-11-18,0.05,0.12,0.8300000000000001,0.0,0.0004150034079576992,1.0210876427798197
2003-11-19,0.88,0.12,0.0,0.0,-0.0026001266549252468,1.018432685582813
2003-11-20,0.05,0.12,0.8300000000000001,0.0,3.4123222748814184e-05,1.0184674377881977
2003-11-21,0.88,0.12,0.0,0.0,0.00014438082001818844,1.0186144849520273
2003-11-24,0.88,0.12,0.0,0.0,1.1364712567472069e-05,1.018626061212866
2003-11-25,0.88,0.12,0.0,0.0,7.954545454546213e-05,1.018707088285917
2003-11-26,0.88,0.12,0.0,0.0,5.6780543200520834e-05,1.0187649310277522
2003-11-28,0.88,0.12,0.0,0.0,-3.405221339387143e-05,1.0187302398269227
2003-12-01,0.88,0.12,0.0,0.0,-0.00015895543570819902,1.0185683071177818
2003-12-02,0.88,0.12,0.0,0.0,0.00021601136901940876,1.0187883294522422
2003-12-03,0.88,0.12,0.0,0.0,0.0002610175903158751,1.0190542511270377
2003-12-04,0.88,0.12,0.0,0.0,0.00026045107105786335,1.0193196648982097
2003-12-05,0.88,0.12,0.0,0.0,0.0002259887005649741,1.0195500196247402
2003-12-08,0.88,0.12,0.0,0.0,0.00012406015037594642,1.0196765051534908
2003-12-09,0.88,0.12,0.0,0.0,5.633273870996547e-05,1.0197339463236244
2003-12-10,0.88,0.12,0.0,0.0,6.756756756757021e-05,1.0198028472659435
2003-12-11,0.88,0.12,0.0,0.0,-6.752954417557522e-05,1.0197339804445187
2003-12-12,0.88,0.12,0.0,0.0,1.126126126125726e-05,1.0197454639352894
2003-12-15,0.88,0.12,0.0,0.0,5.6301022801932273e-05,1.0198028766479066
2003-12-16,0.88,0.12,0.0,0.0,0.0,1.0198028766479066
2003-12-17,0.88,0.12,0.0,0.0,4.501969611703238e-05,1.0198487878635125
2003-12-18,0.88,0.12,0.0,0.0,9.000562535157463e-05,1.0199405799914283
2003-12-19,0.88,0.12,0.0,0.0,0.00014614952220349584,1.0200896438198699
2003-12-22,0.88,0.12,0.0,0.0,1.1228595489836124e-05,1.0201010979938436
2003-12-23,0.88,0.12,0.0,0.0,1.1227544910186181e-05,1.0201125512247344
2003-12-24,0.88,0.12,0.0,0.0,2.245298905417137e-05,1.0201354558006812
2003-12-26,0.88,0.12,0.0,0.0,1.122439435039979e-05,1.020146906203328
2003-12-29,0.88,0.12,0.0,0.0,2.244668911336234e-05,1.0201698051237815
2003-12-30,0.88,0.12,0.0,0.0,0.0,1.0201698051237815
2003-12-31,0.88,0.12,0.0,0.0,8.976996446604879e-05,1.0202613857309368
2004-01-02,0.88,0.12,0.0,0.0,-5.606428704914456e-05,1.020204185503742
2004-01-05,0.88,0.12,0.0,0.0,0.0003253248574366818,1.0205360832849473
2004-01-06,0.88,0.12,0.0,0.0,0.00040275964944992633,1.0209471140401023
2004-01-07,0.88,0.12,0.0,0.0,0.0003122096264634866,1.0212658635572156
2004-01-08,0.88,0.12,0.0,0.0,0.00018906394810008109,1.0214589481134397
2004-01-09,0.05,0.12,0.83,0.0,0.0002220782825946088,1.0216857919623776
2004-01-12,0.05,0.12,0.83,0.0,0.00030475287215069757,1.0219971536419137
2004-01-13,0.05,0.12,0.83,0.0,0.002012564725060302,1.0240539890624456
2004-01-14,0.05,0.12,0.83,0.0,0.0006927628515648875,1.024763415624065
2004-01-15,0.05,0.12,0.83,0.0,-5.136065340641481e-05,1.0247107831054516
2004-01-16,0.05,0.12,0.83,0.0,-0.001434157875591101,1.0232411860656578
2004-01-20,0.05,0.12,0.83,0.0,-0.0010364673977879023,1.0221806299362268
2004-01-21,0.05,0.12,0.83,0.0,0.0007383069536036512,1.0229353130031476
2004-01-22,0.05,0.12,0.83,0.0,0.0024777607932468214,1.0254699020157345
2004-01-23,0.05,0.12,0.83,0.0,-0.0032973396771181526,1.0220885794201275
2004-01-26,0.05,0.12,0.83,0.0,-0.002426681665447622,1.0196082958039854
2004-01-27,0.05,0.12,0.83,0.0,0.0016682723724180226,1.0213092801545633
2004-01-28,0.05,0.12,0.83,0.0,-0.004780864214146209,1.016426539165497
2004-01-29,0.05,0.12,0.83,0.0,-0.000900510436323858,1.0155112364592218
2004-01-30,0.05,0.12,0.83,0.0,0.0013434946720726159,1.0168755703948344
2004-02-02,0.05,0.12,0.83,0.0,-0.001583471137708009,1.0152653772784739
2004-02-03,0.05,0.12,0.83,0.0,0.0015604838970485035,1.0168496825509477
2004-02-04,0.05,0.12,0.83,0.0,-0.0010269165150294235,1.0158054628186337
2004-02-05,0.05,0.12,0.83,0.0,-0.0026537959218335904,1.0131097224240293
2004-02-06,0.05,0.12,0.83,0.0,0.003115435604896326,1.0162660005249358
2004-02-09,0.05,0.12,0.83,0.0,0.0013038893517071837,1.0175910989415222
2004-02-10,0.05,0.12,0.83,0.0,-0.0015075166060966037,1.0160570634616517
2004-02-11,0.05,0.12,0.83,0.0,0.003330090445263105,1.0194406253805275
2004-02-12,0.05,0.12,0.83,0.0,-0.0009571715611143172,1.0184648458056687
2004-02-13,0.05,0.12,0.83,0.0,0.0014531031546416173,1.0199447802860004
2004-02-17,0.05,0.12,0.83,0.0,-0.0004097149698158475,1.0195268936411317
2004-02-18,0.05,0.12,0.83,0.0,-0.0002610075674348644,1.019260789406688
2004-02-19,0.05,0.12,0.83,0.0,-6.461328479849926e-05,1.0191949316190183
2004-02-20,0.05,0.12,0.83,0.0,-0.0020835517176596543,1.0170713862686136
2004-02-23,0.05,0.12,0.83,0.0,0.0016360084832138311,1.018735323684583
2004-02-24,0.05,0.12,0.83,0.0,0.00012376638273250862,1.0188614088705574
2004-02-25,0.05,0.12,0.83,0.0,0.0005785957229714444,1.0194509177240305
2004-02-26,0.05,0.12,0.83,0.0,-0.0007661710908488994,1.018669843902331
2004-02-27,0.05,0.12,0.83,0.0,0.0020086170827762315,1.020715961552502
2004-03-01,0.05,0.12,0.83,0.0,-0.0008492812336754807,1.0198490866414425
2004-03-02,0.05,0.12,0.83,0.0,-0.002045828008033639,1.0177626508160238
2004-03-03,0.05,0.12,0.83,0.0,-0.0006748834156582362,1.0170757796819117
2004-03-04,0.05,0.12,0.83,0.0,0.0011962576455223717,1.0182924643594318
2004-03-05,0.05,0.12,0.83,0.0,0.0073534338836167,1.025780410670284
2004-03-08,0.05,0.12,0.83,0.0,0.0022000040788987983,1.028037131757813
2004-03-09,0.05,0.12,0.7261869423809967,0.10381305761900328,0.001677328511393734,1.029761487749682
2004-03-10,0.05,0.12,0.7261869423809967,0.10381305761900328,-0.0008652374871070429,1.0288704995077016
2004-03-11,0.05,0.12,0.8299999999999998,0.0,-0.0006364891592908582,1.0282156345884508
2004-03-12,0.05,0.12,0.8299999999999998,0.0,-0.0006006331976480648,1.0275980541439762
2004-03-15,0.05,0.12,0.8299999999999998,0.0,-0.0007766387710395616,1.0267999816540831
2004-03-16,0.05,0.12,0.8299999999999998,0.0,0.0025729838450181727,1.029441921418944
2004-03-17,0.05,0.12,0.7344198458321307,0.09558015416786911,3.320258504304634e-06,1.0294453394322385
2004-03-18,0.05,0.12,0.8299999999999998,0.0,-0.0022773952432482867,1.0271008855130312
2004-03-19,0.05,0.12,0.8299999999999998,0.0,-0.0011385935848254101,1.0259314350338176
2004-03-22,0.05,0.12,0.8299999999999998,0.0,0.001856184765306445,1.0278357533337763
2004-03-23,0.05,0.12,0.8299999999999998,0.0,0.0002970788086000641,1.0281411015548132
2004-03-24,0.05,0.12,0.8299999999999998,0.0,-0.00037861006612716845,1.0277518369843655
2004-03-25,0.05,0.12,0.8299999999999998,0.0,-0.000578217955283241,1.0271575724186457
2004-03-26,0.05,0.12,0.8299999999999998,0.0,-0.0034449364109274097,1.023619079897661
2004-03-29,0.05,0.12,0.8299999999999998,0.0,-0.0012572180221966653,1.0223321675425492
2004-03-30,0.05,0.12,0.8299999999999998,0.0,-0.0003554665392734279,1.021968762664965
2004-03-31,0.05,0.12,0.8299999999999998,0.0,0.001529010824559209,1.023531363965441
2004-04-01,0.05,0.12,0.8299999999999998,0.0,-0.0023278853810304095,1.0211487002662398
2004-04-02,0.88,0.12,0.0,0.0,-0.009259256478596524,1.0116936225476894
2004-04-05,0.88,0.12,0.0,0.0,-0.0001237461329333511,1.0115684293741858
2004-04-06,0.88,0.12,0.0,0.0,7.882882882882747e-05,1.0116481701287536
2004-04-07,0.88,0.12,0.0,0.0,0.00010128481665572231,1.0117506347281853
2004-04-08,0.88,0.12,0.0,0.0,1.1244377811099327e-05,1.0117620112345727
2004-04-12,0.88,0.12,0.0,0.0,-2.248664855243998e-05,1.0117392600978072
2004-04-13,0.88,0.12,0.0,0.0,-0.00023615406241213498,1.0115003337614332
2004-04-14,0.88,0.12,0.0,0.0,-0.00032676056338029277,1.011169815342514
2004-04-15,0.88,0.12,0.0,0.0,-2.2596742302982697e-05,1.011146966198772
2004-04-16,0.88,0.12,0.0,0.0,0.00011300499105377781,1.0112612308526414
2004-04-19,0.88,0.12,0.0,0.0,0.0,1.0112612308526414
2004-04-20,0.88,0.12,0.0,0.0,-3.386960203217271e-05,1.0112269798372018
2004-04-21,0.88,0.12,0.0,0.0,-0.00020327498588368798,1.0110214226871501
2004-04-22,0.88,0.12,0.0,0.0,0.00018099547511312152,1.011204412989899
2004-04-23,0.88,0.12,0.0,0.0,-3.388554216867679e-05,1.0111701477801214
2004-04-26,0.88,0.12,0.0,0.0,1.1298371151511332e-05,1.0111815723557485
2004-04-27,0.88,0.12,0.0,0.0,5.64865373752621e-05,1.0112386905014286
2004-04-28,0.88,0.12,0.0,0.0,-0.00016937988143407077,1.0110674070119299
2004-04-29,0.88,0.12,0.0,0.0,-0.0003844704108556396,1.0106786815105533
2004-04-30,0.1,0.0,0.0,0.9,-0.00023823028927964616,1.0104379072358882
2004-05-03,0.88,0.12,0.0,0.0,-8.771074943967339e-05,1.0103492809697823
2004-05-04,0.1,0.0,0.0,0.9,-0.00035280728376327895,1.009992822384311
2004-05-05,0.1,0.0,0.0,0.9,-0.0007022334926363283,1.0092835715971105
2004-05-06,0.1,0.0,0.0,0.9,-0.0011420204978038419,1.00813094907025
2004-05-07,0.1,0.0,0.0,0.9,-0.006333072713057097,1.0017463824655048
2004-05-10,0.1,0.0,0.0,0.9,0.00017716535433078828,1.001923857218304
2004-05-11,0.1,0.0,0.0,0.9,0.0003542609722495316,1.0022787997380822
2004-05-12,0.1,0.0,0.0,0.9,-0.0001770607908714972,1.0021013354611268
2004-05-13,0.1,0.0,0.0,0.9,-0.0016824085005902824,1.000415391655894
2004-05-14,0.1,0.0,0.0,0.9,0.0022178413011334944,1.002634154229798
2004-05-17,0.1,0.0,0.0,0.9,0.0026548672566371057,1.0052960148162489
2004-05-18,0.1,0.0,0.0,0.9,-0.001411764705882368,1.0038767733835672
2004-05-19,0.1,0.0,0.0,0.9,-0.0017674783974863106,1.0021024428728733
2004-05-20,0.1,0.0,0.0,0.9,0.002036599763872515,1.0041433244714042
2004-05-21,0.1,0.0,0.0,0.9,-0.001501914204378141,1.002635187349149
2004-05-24,0.1,0.0,0.0,0.9,0.000619469026548658,1.0032562887926395
2004-05-25,0.1,0.0,0.0,0.9,0.0001768694114180125,1.0034337341419395
2004-05-26,0.1,0.0,0.0,0.9,0.002033598585322638,1.0054743155641555
2004-05-27,0.1,0.0,0.0,0.9,0.002205449911782087,1.0076918388047156
2004-05-28,0.1,0.0,0.0,0.9,-0.002376063361689573,1.0052974991466581
2004-06-01,0.1,0.0,0.0,0.9,-0.0015882352941177015,1.0037008501774252
2004-06-02,0.1,0.0,0.0,0.9,-0.0011490866234531438,1.0025475109565378
2004-06-03,0.1,0.0,0.0,0.9,0.00035401711082707623,1.0029024299298337
2004-06-04,0.1,0.0,0.0,0.9,-0.0023002064287821478,1.0005955473130679
2004-06-07,0.1,0.0,0.0,0.9,0.0007095693308367235,1.001305539226013
2004-06-08,0.1,0.0,0.0,0.9,-0.0004431314623338234,1.0008618292381728
2004-06-09,0.1,0.0,0.0,0.9,-0.0015960591133005186,0.9992643945944626
2004-06-10,0.1,0.0,0.0,0.9,0.0,0.9992643945944626
2004-06-14,0.1,0.0,0.0,0.9,-0.003020134228187865,0.9962464819933384
2004-06-15,0.1,0.0,0.0,0.9,0.005525846702317283,1.0017515873305567
2004-06-16,0.1,0.0,0.0,0.9,-0.001417322834645607,1.0003317819311905
2004-06-17,0.1,0.0,0.0,0.9,0.0008872239747635514,1.0012193002708378
2004-06-18,0.1,0.0,0.0,0.9,-0.00044317510340757815,1.0007755848039066
2004-06-21,0.1,0.0,0.0,0.9,0.0007094295004434593,1.0014855645270901
2004-06-22,0.1,0.0,0.0,0.9,-0.00026582652357971527,1.0012193431010565
2004-06-23,0.1,0.0,0.0,0.9,0.000265905062044447,1.001485572392604
2004-06-24,0.1,0.0,0.0,0.9,0.001594959141478891,1.0030829009613509
2004-06-25,0.1,0.0,0.0,0.9,0.0,1.0030829009613509
2004-06-28,0.1,0.0,0.0,0.9,-0.0031842751842751428,0.999888808972049
2004-06-29,0.1,0.0,0.0,0.9,0.0011539599566031677,1.0010426406186583
2004-06-30,0.1,0.0,0.0,0.9,0.002393617021276762,1.003438753322267
2004-07-01,0.1,0.0,0.0,0.9,0.0021220159151193354,1.0055680663266644
2004-07-02,0.1,0.0,0.0,0.9,0.0030873272566891877,1.008672584026291
2004-07-06,0.1,0.0,0.0,0.9,-0.0005274467669466931,1.0081405629329385
2004-07-07,0.1,0.0,0.0,0.9,0.0002638780297106624,1.0084065890783567
2004-07-08,0.1,0.0,0.0,0.9,0.0002638006839276841,1.0086726074262329
2004-07-09,0.1,0.0,0.0,0.9,8.790779449114882e-05,1.0087612776105153
2004-07-12,0.1,0.0,0.0,0.9,0.0004394960445355256,1.0092046242019057
2004-07-13,0.1,0.0,0.0,0.9,-0.0012299882858258337,1.007963314336136
2004-07-14,0.1,0.0,0.0,0.9,-0.0005278592375366764,1.0074312515895656
2004-07-15,0.1,0.0,0.0,0.9,-0.0002640845070422948,1.0071652046041106
2004-07-16,0.1,0.0,0.0,0.9,0.003522160258291729,1.0107126018613015
2004-07-19,0.1,0.0,0.0,0.9,-0.00035084299775859365,1.0103580004221921
2004-07-20,0.1,0.0,0.0,0.9,-0.003071073413278691,1.007255116829202
2004-07-21,0.1,0.0,0.0,0.9,-0.0013206808843671425,1.0059248542507249
2004-07-22,0.1,0.0,0.0,0.9,0.0006172234740864813,1.0065457346839355
2004-07-23,0.1,0.0,0.0,0.9,0.0005286861170942014,1.0070778814400831
2004-07-26,0.1,0.0,0.0,0.9,-0.0013209393346380273,1.005747592653445
2004-07-27,0.1,0.0,0.0,0.9,-0.003086722195002434,1.0026431292366313
2004-07-28,0.1,0.0,0.0,0.9,0.0007079646017698948,1.0033529650803386
2004-07-29,0.1,0.0,0.0,0.9,0.0007074081351934769,1.0040627451303068
2004-07-30,0.88,0.12,0.0,0.0,0.0024739838994699117,1.0065467801958168
2004-08-02,0.1,0.0,0.0,0.9,-0.00012627953697503359,1.00641967393447
2004-08-03,0.1,0.0,0.0,0.9,0.0006161369193153244,1.0070397662519064
2004-08-04,0.1,0.0,0.0,0.9,-0.00017591868647374165,1.0068626091390005
2004-08-05,0.88,0.12,0.0,0.0,0.000703812316715502,1.007571251444553
2004-08-06,0.88,0.12,0.0,0.0,0.00034453057708873304,1.0079183905492712
2004-08-09,0.88,0.12,0.0,0.0,-5.725737188664315e-05,1.0078606797911522
2004-08-10,0.88,0.12,0.0,0.0,-4.5827763987009716e-05,1.007814491789787
2004-08-11,0.88,0.12,0.0,0.0,-3.4383954154733054e-05,1.0077798391425048
2004-08-12,0.88,0.12,0.0,0.0,0.0,1.0077798391425048
2004-08-13,0.88,0.12,0.0,0.0,5.732301519059568e-05,1.0078376081215328
2004-08-16,0.88,0.12,0.0,0.0,-2.2918258212372145e-05,1.0078145102389937
2004-08-17,0.88,0.12,0.0,0.0,9.169054441259482e-05,1.0079069173001045
2004-08-18,0.88,0.12,0.0,0.0,0.00010307310555449866,1.0080108053961805
2004-08-19,0.88,0.12,0.0,0.0,0.0001373128635453291,1.008149218246354
2004-08-20,0.88,0.12,0.0,0.0,3.4288979902843405e-05,1.0081837866546375
2004-08-23,0.88,0.12,0.0,0.0,4.57055798895567e-05,1.0082298662792417
2004-08-24,0.88,0.12,0.0,0.0,5.7110222729876975e-05,1.0082874465114677
2004-08-25,0.88,0.12,0.0,0.0,0.00011416611169250856,1.0084025587687044
2004-08-26,0.88,0.12,0.0,0.0,9.124607927003758e-05,1.008494571548518
2004-08-27,0.88,0.12,0.0,0.0,3.419128122327031e-05,1.008529053270026
2004-08-30,0.88,0.12,0.0,0.0,7.975693125712446e-05,1.0086094904523986
2004-08-31,0.88,0.12,0.0,0.0,2.27725590663308e-05,1.0086324590715947
2004-09-01,0.88,0.12,0.0,0.0,5.692059576889008e-05,1.0086898710320769
2004-09-02,0.88,0.12,0.0,0.0,-3.413616537074837e-05,1.0086554382278314
2004-09-03,0.88,0.12,0.0,0.0,-6.829175756426054e-05,1.008586555375178
2004-09-07,0.88,0.12,0.0,0.0,0.0,1.008586555375178
2004-09-08,0.88,0.12,0.0,0.0,0.0002163803739204706,1.0088047937111615
2004-09-09,0.88,0.12,0.0,0.0,0.00014778325123153023,1.0089538781634342
2004-09-10,0.88,0.12,0.0,0.0,0.00011353959693443549,1.0090684343800864
2004-09-13,0.88,0.12,0.0,0.0,0.00014746195292559603,1.0092172335820557
2004-09-14,0.88,0.12,0.0,0.0,0.0001359516616314238,1.0093544383419084
2004-09-15,0.88,0.12,0.0,0.0,-0.00011316484345530675,1.0092402149049025
2004-09-16,0.88,0.12,0.0,0.0,2.2654332641121042e-05,1.0092630785684458
2004-09-17,0.88,0.12,0.0,0.0,0.00010192525481313551,1.0093659479649024
2004-09-20,0.05,0.12,0.83,0.0,6.789250353607557e-05,1.0094344763460938
2004-09-21,0.05,0.12,0.83,0.0,2.2618037885200337e-05,1.0094573077733227
2004-09-22,0.05,0.12,0.83,0.0,0.0009934918842957874,1.0104601954161385
2004-09-23,0.05,0.12,0.83,0.0,-0.0017927362716472148,1.0086487067727603
2004-09-24,0.05,0.12,0.83,0.0,-0.0005311131014567793,1.0081130002298258
2004-09-27,0.05,0.12,0.83,0.0,0.0012362688512380247,1.009359298930538
2004-09-28,0.05,0.12,0.83,0.0,-0.00017690690070148782,1.00918073630527
2004-09-29,0.88,0.12,0.0,0.0,-0.002693433685424108,1.0064625749154243
2004-09-30,0.88,0.12,0.0,0.0,2.263510327265017e-05,1.0064853562997476
2004-10-01,0.88,0.12,0.0,0.0,-4.5261669024037056e-05,1.0064398010926732
2004-10-04,0.88,0.12,0.0,0.0,3.395906046600672e-05,1.006473978842734
2004-10-05,0.88,0.12,0.0,0.0,5.658242172764005e-05,1.0065309275778627
2004-10-06,0.88,0.12,0.0,0.0,5.655575454802886e-05,1.0065878526939478
2004-10-07,0.88,0.12,0.0,0.0,3.391746749576541e-05,1.0066219936047232
2004-10-08,0.05,0.12,0.8300000000000001,0.0,0.0001921446736366228,1.0068154106591598
2004-10-11,0.88,0.12,0.0,0.0,0.0,1.0068154106591598
2004-10-12,0.05,0.12,0.83,0.0,0.0001241301485800328,1.0069403868056774
2004-10-13,0.05,0.12,0.83,0.0,0.0011838180655262807,1.0081324210264861
2004-10-14,0.05,0.12,0.83,0.0,0.0021872211437155365,1.0103374295734204
2004-10-15,0.05,0.12,0.83,0.0,-0.0019615280275905476,1.0083556243879883
2004-10-18,0.05,0.12,0.83,0.0,-0.00010144655269582969,1.0082533301860026
2004-10-19,0.05,0.12,0.83,0.0,-0.00016753939874140976,1.0080844080292843
2004-10-20,0.05,0.12,0.83,0.0,0.0009596831456359699,1.0090518496450485
2004-10-21,0.05,0.12,0.632774788949224,0.19722521105077592,-0.0005046757893930065,1.0085426056062903
2004-10-22,0.05,0.12,0.632774788949224,0.19722521105077592,0.0005843265542303847,1.0091319238318188
2004-10-25,0.05,0.12,0.632774788949224,0.19722521105077592,0.0006280806630305061,1.0097657400796245
2004-10-26,0.05,0.12,0.632774788949224,0.19722521105077592,-0.0001877788003586859,1.009576127480309
2004-10-27,0.05,0.12,0.7429113076018249,0.08708869239817515,-0.002882816550086496,1.0066657047114365
2004-10-28,0.05,0.12,0.8299999999999998,0.0,0.0007319917255222558,1.0074025756776521
2004-10-29,0.05,0.12,0.7029983633471151,0.12700163665288483,0.0019728192867994516,1.0093899989085204
2004-11-01,0.05,0.12,0.78,0.05,-0.0024416697071801808,1.0069254019254548
2004-11-02,0.05,0.12,0.78,0.05,0.0008303084153012975,1.0077614605602543
2004-11-03,0.05,0.12,0.78,0.05,0.0006358022043358536,1.008402197518323
2004-11-04,0.05,0.12,0.78,0.05,-4.635109742471611e-05,1.0083554569698225
2004-11-05,0.05,0.12,0.78,0.05,-0.0045297982577677766,1.00378781017763
2004-11-08,0.88,0.12,0.0,0.0,-0.0010953331638067555,1.0026883280997176
2004-11-09,0.05,0.12,0.83,0.0,-4.4651162790709796e-05,1.0026435568999512
2004-11-10,0.88,0.12,0.0,0.0,-0.001414335471052359,1.0012254825526055
2004-11-11,0.88,0.12,0.0,0.0,0.0,1.0012254825526055
2004-11-12,0.05,0.12,0.8300000000000001,0.0,3.354766564161338e-05,1.001259071330326
2004-11-15,0.05,0.12,0.8300000000000001,0.0,0.0001114286799375952,1.0013706403069198
2004-11-16,0.05,0.12,0.8300000000000001,0.0,-0.0008347123465804208,1.0005347838699525
2004-11-17,0.05,0.12,0.8300000000000001,0.0,0.0023278198016579623,1.0028638485520924
2004-11-18,0.05,0.12,0.8300000000000001,0.0,0.000700665030875034,1.0035665201815016
2004-11-19,0.88,0.12,0.0,0.0,-0.0029193035329829575,1.0006368048935523
2004-11-22,0.05,0.12,0.83,0.0,-6.698920729437674e-05,1.000569773027203
2004-11-23,0.88,0.12,0.0,0.0,-0.000612068993538597,0.999957355293261
2004-11-24,0.88,0.12,0.0,0.0,0.0,0.999957355293261
2004-11-26,0.88,0.12,0.0,0.0,-1.1170064227878917e-05,0.9999461857053772
2004-11-29,0.88,0.12,0.0,0.0,-0.00022342208154906728,0.9997227756471299
2004-11-30,0.88,0.12,0.0,0.0,-0.000526021264689418,0.9991969002083452
2004-12-01,0.88,0.12,0.0,0.0,-2.2482435597188652e-05,0.9991744358283873
2004-12-02,0.88,0.12,0.0,0.0,-6.745994565726665e-05,0.9991070315752442
2004-12-03,0.88,0.12,0.0,0.0,0.00023624261741820972,0.9993430632354645
2004-12-06,0.88,0.12,0.0,0.0,8.982035928143616e-05,0.9994328245884497
2004-12-07,0.88,0.12,0.0,0.0,0.00010097232610322138,0.9995337396455323
2004-12-08,0.05,0.12,0.83,0.0,0.00012330686595049656,0.9996569890183797
2004-12-09,0.05,0.12,0.83,0.0,-0.0007219637809492296,0.9989352728789357
2004-12-10,0.05,0.12,0.83,0.0,0.0,0.9989352728789357
2004-12-13,0.05,0.12,0.83,0.0,-5.54824965034939e-05,0.998879849456151
2004-12-14,0.88,0.12,0.0,0.0,0.0005339395203954544,0.9994131908839022
2004-12-15,0.05,0.12,0.8300000000000001,0.0,0.00013430330162282899,0.9995474153751233
2004-12-16,0.88,0.12,0.0,0.0,-0.003252809587894294,0.9962960779588361
2004-12-17,0.88,0.12,0.0,0.0,-0.00012304250559283858,0.9961734911930917
2004-12-20,0.88,0.12,0.0,0.0,1.119716338529031e-05,0.9961846455104328
2004-12-21,0.88,0.12,0.0,0.0,2.239223735772455e-05,0.9962069523134672
2004-12-22,0.88,0.12,0.0,0.0,2.2388059701476947e-05,0.9962292554541906
2004-12-23,0.88,0.12,0.0,0.0,-2.2383883603795952e-05,0.9962069559744938
2004-12-27,0.88,0.12,0.0,0.0,-5.597014925373233e-05,0.9961511981224803
2004-12-28,0.88,0.12,0.0,0.0,-6.719552029864406e-05,0.9960842612244264
2004-12-29,0.88,0.12,0.0,0.0,0.0,0.9960842612244264
2004-12-30,0.88,0.12,0.0,0.0,3.361658418152835e-05,0.9961177461748456
2004-12-31,0.88,0.12,0.0,0.0,-0.000235250186706506,0.9958834092890763
2005-01-03,0.88,0.12,0.0,0.0,0.00010101954915349154,0.9959840129820922
2005-01-04,0.88,0.12,0.0,0.0,1.1214953271041493e-05,0.9959951828962563
2005-01-05,0.88,0.12,0.0,0.0,-0.0002467059153350126,0.9957494649929907
2005-01-06,0.88,0.12,0.0,0.0,-0.0001123700721041354,0.9956375725538117
2005-01-07,0.88,0.12,0.0,0.0,-5.623769800355393e-05,0.9955815801886854
2005-01-10,0.88,0.12,0.0,0.0,-0.00014628657164290624,0.9954359399725287
2005-01-11,0.88,0.12,0.0,0.0,-0.0002253309548399285,0.9952116374416927
2005-01-12,0.88,0.12,0.0,0.0,-5.64387169598346e-05,0.995155468973772
2005-01-13,0.88,0.12,0.0,0.0,1.1293054771295274e-05,0.9951667073189892
2005-01-14,0.88,0.12,0.0,0.0,-0.00012421191305166611,0.9950430957584677
2005-01-18,0.88,0.12,0.0,0.0,-0.00015825169555388818,0.9948856285014148
2005-01-19,0.88,0.12,0.0,0.0,5.6593095642325506e-05,0.9949419321589419
2005-01-20,0.1,0.0,0.0,0.9,-0.0001923258225699831,0.99475057913343
2005-01-21,0.1,0.0,0.0,0.9,0.0009724950884086426,0.995717969185829
2005-01-24,0.1,0.0,0.0,0.9,-0.00017662643508975506,0.9955420990705769
2005-01-25,0.1,0.0,0.0,0.9,-0.0015016193934635602,0.9940471737476031
2005-01-26,0.1,0.0,0.0,0.9,-0.0006193472276837642,0.9934315133863556
2005-01-27,0.1,0.0,0.0,0.9,-0.0004426955238565067,0.9929917257021215
2005-01-28,0.1,0.0,0.0,0.9,0.001594488188976495,0.9945750392805048
2005-01-31,0.1,0.0,0.0,0.9,-0.0007074081351935768,0.9938714688066573
2005-02-01,0.1,0.0,0.0,0.9,-8.849557522123685e-05,0.9937835155793293
2005-02-02,0.1,0.0,0.0,0.9,-0.0005310256662405144,0.9932557910258699
2005-02-03,0.1,0.0,0.0,0.9,-0.0008855652858407393,0.9923761981773771
2005-02-04,0.88,0.12,0.0,0.0,0.0022160937653895817,0.994575396883079
2005-02-07,0.88,0.12,0.0,0.0,0.00013526207026112402,0.9947099252102921
2005-02-08,0.88,0.12,0.0,0.0,0.00013510977669358047,0.9948443202461621
2005-02-09,0.88,0.12,0.0,0.0,3.373945641985898e-05,0.9948778857527496
2005-02-10,0.88,0.12,0.0,0.0,-5.621662138105332e-05,0.9948219570793259
2005-02-11,0.88,0.12,0.0,0.0,1.1248593925756722e-05,0.9948331474275494
2005-02-14,0.88,0.12,0.0,0.0,6.748523760427005e-05,0.9949002839788802
2005-02-15,0.88,0.12,0.0,0.0,6.744730679156597e-05,0.9949673873235608
2005-02-16,0.88,0.12,0.0,0.0,6.740941859376015e-05,0.9950344574966601
2005-02-17,0.88,0.12,0.0,0.0,-2.2457190979712214e-05,0.9950121118178167
2005-02-18,0.88,0.12,0.0,0.0,-7.861488067383514e-05,0.9949338890593771
2005-02-22,0.88,0.12,0.0,0.0,-0.00010114253605544743,0.9948332589226301
2005-02-23,0.88,0.12,0.0,0.0,1.124753960072944e-05,0.994844448349106
2005-02-24,0.88,0.12,0.0,0.0,3.373945641985898e-05,0.9948780138600156
2005-02-25,0.88,0.12,0.0,0.0,7.870326993346666e-05,0.9949563140128913
2005-02-28,0.88,0.12,0.0,0.0,-0.00028089887640449175,0.9946768319022136
2005-03-01,0.88,0.12,0.0,0.0,-0.00012388549976537265,0.9945536058657883
2005-03-02,0.1,0.0,0.0,0.9,-6.764374295378239e-05,0.9944863305373194
2005-03-03,0.1,0.0,0.0,0.9,-0.0003563650762224868,0.9941319303403352
2005-03-04,0.1,0.0,0.0,0.9,0.001336898395721775,0.9954609837231431
2005-03-07,0.1,0.0,0.0,0.9,-0.0002669830910708937,0.9951952124726682
2005-03-08,0.1,0.0,0.0,0.9,-0.0016023738872402715,0.9936005376514955
2005-03-09,0.1,0.0,0.0,0.9,-0.002942925089179549,0.9906764457006185
2005-03-10,0.1,0.0,0.0,0.9,0.0007157769161944661,0.9913855490318686
2005-03-11,0.1,0.0,0.0,0.9,-0.0022350253302871217,0.9891697772177018
2005-03-14,0.1,0.0,0.0,0.9,0.0002688707428799564,0.9894357360305368
2005-03-15,0.1,0.0,0.0,0.9,-0.0005375808860130116,0.9889038342909087
2005-03-16,0.1,0.0,0.0,0.9,0.0008068532722383504,0.9897017345855352
2005-03-17,0.1,0.0,0.0,0.9,0.0012539808917196638,0.9909428016492072
2005-03-18,0.1,0.0,0.0,0.9,-0.0009838998211090689,0.9899678132039353
2005-03-21,0.1,0.0,0.0,0.9,-0.00017908665804411417,0.9897905231766974
2005-03-22,0.1,0.0,0.0,0.9,-0.0026868345108965962,0.9871311198404679
2005-03-23,0.1,0.0,0.0,0.9,-0.0005389759457031795,0.9865990799116188
2005-03-24,0.1,0.0,0.0,0.9,8.988315190259222e-05,0.9866877585465853
2005-03-28,0.1,0.0,0.0,0.9,-0.0009886159376872317,0.9857123033029652
2005-03-29,0.1,0.0,0.0,0.9,0.0009897030890732462,0.9866878658144818
2005-03-30,0.1,0.0,0.0,0.9,0.0006291192330735385,0.987308610127906
2005-03-31,0.1,0.0,0.0,0.9,0.0020656621095699102,0.9893480561142993
2005-04-01,0.1,0.0,0.0,0.9,0.0014336917562724593,0.9907664762664347
2005-04-04,0.1,0.0,0.0,0.9,8.946322067600043e-05,0.9908551134263394
2005-04-05,0.1,0.0,0.0,0.9,-0.0004472716429778423,0.9904119320318041
2005-04-06,0.1,0.0,0.0,0.9,0.0011634844868734452,0.9915642609503376
2005-04-07,0.1,0.0,0.0,0.9,-0.0008938325553679016,0.9906779685331608
2005-04-08,0.1,0.0,0.0,0.9,-0.0008947211452431825,0.9897915880065877
2005-04-11,0.1,0.0,0.0,0.9,0.0009851726539953588,0.9907667036122464
2005-04-12,0.1,0.0,0.0,0.9,0.0021471172962228115,0.9928939959380939
2005-04-13,0.1,0.0,0.0,0.9,0.00026775089250292706,0.993159844191667
2005-04-14,0.1,0.0,0.0,0.9,0.001159908793496456,0.9943118190282925
2005-04-15,0.1,0.0,0.0,0.9,0.0022277227722772297,0.9965268701102861
2005-04-18,0.1,0.0,0.0,0.9,0.0005333333333334301,0.9970583511076784
2005-04-19,0.1,0.0,0.0,0.9,0.00142137992300857,0.9984755498300107
2005-04-20,0.1,0.0,0.0,0.9,-0.0003547846654182618,0.998121306016136
2005-04-21,0.1,0.0,0.0,0.9,-0.002839396628216584,0.9952872437452828
2005-04-22,0.1,0.0,0.0,0.9,0.000979131638809272,0.996261760975337
2005-04-25,0.1,0.0,0.0,0.9,-0.00035566093657369847,0.995907429584356
2005-04-26,0.1,0.0,0.0,0.9,-0.0004447519272584688,0.9954644978356773
2005-04-27,0.1,0.0,0.0,0.9,0.0008899436369030456,0.9963504051312889
2005-04-28,0.1,0.0,0.0,0.9,0.0020448483651091644,0.9983877906282975
2005-04-29,0.1,0.0,0.0,0.9,-0.0014192785334121384,0.996970800269038
2005-05-02,0.1,0.0,0.0,0.9,0.0007107601184600298,0.9976794073531383
2005-05-03,0.1,0.0,0.0,0.9,-0.000798974156638288,0.9968822872900529
2005-05-04,0.1,0.0,0.0,0.9,0.0011550992200611398,0.9980337852425943
2005-05-05,0.1,0.0,0.0,0.9,0.0014198382961939648,0.9994508318317773
2005-05-06,0.1,0.0,0.0,0.9,-0.003987005316007076,0.9954660160521763
2005-05-09,0.1,0.0,0.0,0.9,-0.0007119549095224165,0.9947572891347852
2005-05-10,0.1,0.0,0.0,0.9,0.0017812963879268785,0.996529246700785
2005-05-11,0.1,0.0,0.0,0.9,0.00035555555555568665,0.9968835682107232
2005-05-12,0.1,0.0,0.0,0.9,0.0006219765031098446,0.9975036063664866
2005-05-13,0.1,0.0,0.0,0.9,0.0014206787687451206,0.9989207385617982
2005-05-16,0.1,0.0,0.0,0.9,0.0,0.9989207385617982
2005-05-17,0.1,0.0,0.0,0.9,0.0001773049645391822,0.9990978521679265
2005-05-18,0.1,0.0,0.0,0.9,0.0012408902895410191,1.000337622990983
2005-05-19,0.1,0.0,0.0,0.9,-0.0017702596380802405,0.998566765672549
2005-05-20,0.1,0.0,0.0,0.9,-0.0008868742609381531,0.9976811625102457
2005-05-23,0.1,0.0,0.0,0.9,0.001509173406983666,0.9991868363893547
2005-05-24,0.1,0.0,0.0,0.9,0.0012407680945347055,1.0004265955364258
2005-05-25,0.1,0.0,0.0,0.9,-0.0007080342216540525,0.999718259270533
2005-05-26,0.1,0.0,0.0,0.9,-0.0005314437555358986,0.9991869652443485
2005-05-27,0.1,0.0,0.0,0.9,8.86262924668646e-05,0.9992755194805593
2005-05-31,0.1,0.0,0.0,0.9,0.0017723513194171758,1.001046586765972
2005-06-01,0.1,0.0,0.0,0.9,0.0031839622641510303,1.004233881322892
2005-06-02,0.05,0.0,0.95,0.0,-8.813160987077851e-05,1.004145376574244
2005-06-03,0.05,0.0,0.0,0.95,-0.003424397647505184,1.00070678350895
2005-06-06,0.05,0.0,0.95,0.0,0.0001865671641791633,1.000893482535724
2005-06-07,0.05,0.0,0.95,0.0,0.0018081461743433835,1.0027032442570962
2005-06-08,0.05,0.0,0.09552346356128223,0.8544765364387177,-0.0015340045592704798,1.0011650929088105
2005-06-09,0.05,0.0,0.95,0.0,-0.0010953413444513597,1.000068475389926
2005-06-10,0.1,0.0,0.0,0.9,-0.003169081204727536,0.9968991771811273
2005-06-13,0.1,0.0,0.0,0.9,-0.0007980295566502593,0.9961036221727364
2005-06-14,0.1,0.0,0.0,0.9,-0.0006212405088255269,0.9954848022516549
2005-06-15,0.1,0.0,0.0,0.9,-8.88099467140746e-05,0.9953963932994122
2005-06-16,0.1,0.0,0.0,0.9,0.0009770058225600398,0.996368901371421
2005-06-17,0.1,0.0,0.0,0.9,-0.00035488958990526065,0.9960153004206189
2005-06-20,0.1,0.0,0.0,0.9,-0.0005325443786982076,0.9954848780712825
2005-06-21,0.05,0.0,0.95,0.0,0.0011545293072823704,0.9966341945379722
2005-06-22,0.05,0.0,0.95,0.0,0.0039057271249639865,1.0005267757452458
2005-06-23,0.05,0.0,0.3677825544971306,0.5822174455028694,-0.0009045896019804933,0.9996217096274036
2005-06-24,0.05,0.0,0.95,0.0,0.0015242402023089988,1.0011453732243185
2005-06-27,0.05,0.0,0.4203166806649868,0.5296833193350131,0.00045190752544951304,1.0015977983525475
2005-06-28,0.05,0.0,0.21930372445477198,0.730696275545228,-0.0022742568200660703,0.999319907728681
2005-06-29,0.1,0.0,0.0,0.9,-0.0006192186172276272,0.9987011102372492
2005-06-30,0.05,0.0,0.95,0.0,0.0008853910477126137,0.9995853512595939
2005-07-01,0.1,0.0,0.0,0.9,-0.003712352268394936,0.995874538313391
2005-07-05,0.1,0.0,0.0,0.9,-0.0019522776572667767,0.9939303147028009
2005-07-06,0.1,0.0,0.0,0.9,0.0008893280632410017,0.994814244824572
2005-07-07,0.1,0.0,0.0,0.9,0.0011549851924975486,0.99596324054663
2005-07-08,0.1,0.0,0.0,0.9,-0.002129547471162463,0.9938422895463531
2005-07-11,0.1,0.0,0.0,0.9,-8.894159501923183e-05,0.9937538956279233
2005-07-12,0.1,0.0,0.0,0.9,-0.0010674046254200654,0.9926931581232008
2005-07-13,0.1,0.0,0.0,0.9,-0.0006233920443301843,0.9920743211059658
2005-07-14,0.1,0.0,0.0,0.9,-0.00044558867214574696,0.9916322640265544
2005-07-15,0.1,0.0,0.0,0.9,0.0,0.9916322640265544
2005-07-18,0.1,0.0,0.0,0.9,-0.0010699425401228591,0.990571274483114
2005-07-19,0.1,0.0,0.0,0.9,0.0007141440190439719,0.9912786850342228
2005-07-20,0.1,0.0,0.0,0.9,0.0002675916749256047,0.9915439429578691
2005-07-21,0.1,0.0,0.0,0.9,-0.002675121371247491,0.9888914425655315
2005-07-22,0.1,0.0,0.0,0.9,0.0012521116963132074,0.9901296451071517
2005-07-25,0.1,0.0,0.0,0.9,-0.0008038106579338456,0.9893337683456783
2005-07-26,0.1,0.0,0.0,0.9,0.0,0.9893337683456783
2005-07-27,0.1,0.0,0.0,0.9,-0.0008045292014303484,0.9885378204390831
2005-07-28,0.1,0.0,0.0,0.9,0.0015210259469131905,0.990041412113476
2005-07-29,0.1,0.0,0.0,0.9,-0.0024116712981342883,0.9876537576559176
2005-08-01,0.1,0.0,0.0,0.9,-0.0011642949547217786,0.9865038373688667
2005-08-02,0.1,0.0,0.0,0.9,-0.0004483858110801209,0.9860615030456145
2005-08-03,0.1,0.0,0.0,0.9,0.0010766623467251214,0.9871231583374989
2005-08-04,0.1,0.0,0.0,0.9,-0.0005376879418501068,0.9865923941181397
2005-08-05,0.1,0.0,0.0,0.9,-0.0024210421440670096,0.9842038123529637
2005-08-08,0.1,0.0,0.0,0.9,-0.0010789210789210024,0.9831419341138616
2005-08-09,0.1,0.0,0.0,0.9,0.0009001800360072032,0.9840269388555124
2005-08-10,0.1,0.0,0.0,0.9,8.992805755398958e-05,0.9841154304867044
2005-08-11,0.1,0.0,0.0,0.9,0.0016185433110199822,0.9857082639339902
2005-08-12,0.1,0.0,0.0,0.9,0.001974668395332624,0.9876547108897988
2005-08-15,0.1,0.0,0.0,0.9,-0.0009851726539954586,0.9866817004770404
2005-08-16,0.1,0.0,0.0,0.9,0.0014345487148835323,0.9880971434424588
2005-08-17,0.1,0.0,0.0,0.9,-0.0012532325442609626,0.9868588279454055
2005-08-18,0.1,0.0,0.0,0.9,0.0018824701195218508,0.9887165602011991
2005-08-19,0.1,0.0,0.0,0.9,-8.945432859562841e-05,0.9886281152251349
2005-08-22,0.1,0.0,0.0,0.9,8.946322067600043e-05,0.9887165610803739
2005-08-23,0.1,0.0,0.0,0.9,0.0007156346287644277,0.9894241208895159
2005-08-24,0.1,0.0,0.0,0.9,8.938325553689009e-05,0.9895125588385477
2005-08-25,0.1,0.0,0.0,0.9,0.00017874875868921782,0.9896894329801476
2005-08-26,0.1,0.0,0.0,0.9,-0.0014297061159650683,0.9882744679449098
2005-08-29,0.1,0.0,0.0,0.9,0.00035799522673016785,0.9886282654871333
2005-08-30,0.1,0.0,0.0,0.9,0.0031312127236582167,0.9917238708909948
2005-08-31,0.1,0.0,0.0,0.9,0.004279346210995527,0.995967800680246
2005-09-01,0.1,0.0,0.0,0.9,0.0015084294587398572,0.9974701478507486
2005-09-02,0.1,0.0,0.0,0.9,-0.0004429133858267709,0.9970283549703028
2005-09-06,0.1,0.0,0.0,0.9,-0.0015952732644016643,0.9954378222917684
2005-09-07,0.1,0.0,0.0,0.9,-0.0015093222846996213,0.9939353858035506
2005-09-08,0.1,0.0,0.0,0.9,-0.00035573122529654056,0.9935818119508931
2005-09-09,0.1,0.0,0.0,0.9,0.00017793594306061422,0.9937586058676106
2005-09-12,0.1,0.0,0.0,0.9,-0.0012453053963233929,0.9925210729130808
2005-09-13,0.1,0.0,0.0,0.9,0.001247030878859845,0.9937587773389226
2005-09-14,0.1,0.0,0.0,0.9,-0.0008895038545167378,0.9928748250760199
2005-09-15,0.1,0.0,0.0,0.9,-0.0010684606252473472,0.9918139774196268
2005-09-16,0.1,0.0,0.0,0.9,-0.0016045958795562144,0.9902225167981731
2005-09-19,0.1,0.0,0.0,0.9,0.0008037308989879977,0.9910183892317973
2005-09-20,0.1,0.0,0.0,0.9,-0.0008030137801130155,0.9902225878088987
2005-09-21,0.1,0.0,0.0,0.9,0.0013395514983131963,0.9915490419600617
2005-09-22,0.1,0.0,0.0,0.9,0.00035668284949967876,0.9919027104977666
2005-09-23,0.1,0.0,0.0,0.9,-0.0024066554422104815,0.9895155424414037
2005-09-26,0.1,0.0,0.0,0.9,-0.001161866931479716,0.9883658570544559
2005-09-27,0.1,0.0,0.0,0.9,-0.0006264293526896059,0.9877467156704007
2005-09-28,0.1,0.0,0.0,0.9,0.0006268656716416743,0.9883659001787314
2005-09-29,0.1,0.0,0.0,0.9,-0.0009843889827980234,0.9873929636756221
2005-09-30,0.1,0.0,0.0,0.9,-0.00143340633087794,0.9859776283504251
2005-10-03,0.1,0.0,0.0,0.9,-0.0015254237288135353,0.98447359468006
2005-10-04,0.1,0.0,0.0,0.9,8.988315190259222e-05,0.9845620822697146
2005-10-05,0.1,0.0,0.0,0.9,0.0003594967046135933,0.9849160290937782
2005-10-06,0.1,0.0,0.0,0.9,8.983829107593877e-05,0.9850045122666852
2005-10-07,0.1,0.0,0.0,0.9,0.0,0.9850045122666852
2005-10-10,0.1,0.0,0.0,0.9,0.0,0.9850045122666852
2005-10-11,0.1,0.0,0.0,0.9,-0.0006288052699870095,0.984385136238411
2005-10-12,0.1,0.0,0.0,0.9,-0.0013483819416700293,0.9830578090970588
2005-10-13,0.1,0.0,0.0,0.9,-0.0006301890567169122,0.9824382968236457
2005-10-14,0.1,0.0,0.0,0.9,-0.0006306306306307464,0.981818741140964
2005-10-17,0.1,0.0,0.0,0.9,-9.01532605429467e-05,0.981730226980188
2005-10-18,0.1,0.0,0.0,0.9,0.0003606491685033131,0.982084287170243
2005-10-19,0.1,0.0,0.0,0.9,0.0004506308832366024,0.9825268446799833
2005-10-20,0.1,0.0,0.0,0.9,-0.0001801621459312619,0.9823498305352106
2005-10-21,0.1,0.0,0.0,0.9,0.0018920812894184015,0.9842085162692296
2005-10-24,0.1,0.0,0.0,0.9,-0.0016183816183815037,0.982615691297845
2005-10-25,0.1,0.0,0.0,0.9,-0.0018014411529224006,0.9808455669540338
2005-10-26,0.1,0.0,0.0,0.9,-0.0022563176895306737,0.9786324677506176
2005-10-27,0.1,0.0,0.0,0.9,0.0009047954157032301,0.9795179299210968
2005-10-28,0.1,0.0,0.0,0.9,-0.0005423320277190725,0.9789867059759755
2005-10-31,0.1,0.0,0.0,0.9,0.0,0.9789867059759755
2005-11-01,0.1,0.0,0.0,0.9,-0.000633102200783886,0.9783669073378839
2005-11-02,0.1,0.0,0.0,0.9,-0.0007240547063555924,0.9776585161740833
2005-11-03,0.1,0.0,0.0,0.9,-0.0011775362318840134,0.9765072878488783
2005-11-04,0.1,0.0,0.0,0.9,-0.00036279351002725945,0.9761530173423525
2005-11-07,0.1,0.0,0.0,0.9,0.00027220485936085836,0.9764187309371528
2005-11-08,0.1,0.0,0.0,0.9,0.0019048578915542792,0.97827866986224
2005-11-09,0.1,0.0,0.0,0.9,-0.0019008347581213837,0.9764191237634371
2005-11-10,0.1,0.0,0.0,0.9,0.0019048578915542792,0.9782790634368025
2005-11-11,0.1,0.0,0.0,0.9,0.0,0.9782790634368025
2005-11-14,0.1,0.0,0.0,0.9,-0.0016292869355326145,0.9766851661394398
2005-11-15,0.1,0.0,0.0,0.9,0.0011788413098237306,0.977836522959977
2005-11-16,0.1,0.0,0.0,0.9,0.0021734755484001055,0.9799618267329632
2005-11-17,0.1,0.0,0.0,0.9,0.000993776350130493,0.980935689620401
2005-11-18,0.1,0.0,0.0,0.9,-0.001173167552391552,0.9797848876983555
2005-11-21,0.1,0.0,0.0,0.9,0.0011746987951808175,0.9809358398254712
2005-11-22,0.1,0.0,0.0,0.9,0.0015341421838965142,0.9824407348770434
2005-11-23,0.1,0.0,0.0,0.9,-0.0014414414414415488,0.9810246040880314
2005-11-25,0.1,0.0,0.0,0.9,0.0011730499298175713,0.982175394931006
2005-11-28,0.1,0.0,0.0,0.9,0.0004505857614898634,0.9826179491792476
2005-11-29,0.1,0.0,0.0,0.9,-0.002251801441152901,0.9804052886651831
2005-11-30,0.1,0.0,0.0,0.9,0.0010835758001404682,0.9814676321103103
2005-12-01,0.1,0.0,0.0,0.9,-0.000721515181882082,0.9807594883132168
2005-12-02,0.1,0.0,0.0,0.9,9.026175910138434e-05,0.9808480133898874
2005-12-05,0.1,0.0,0.0,0.9,-0.0011732851985559623,0.979697198933744
2005-12-06,0.1,0.0,0.0,0.9,0.0020785219399536816,0.981733521056239
2005-12-07,0.1,0.0,0.0,0.9,-0.0005409737527548698,0.981202428989148
2005-12-08,0.1,0.0,0.0,0.9,0.001804330392943032,0.9829728423534028
2005-12-09,0.1,0.0,0.0,0.9,-0.002160864345738245,0.9808487713855323
2005-12-12,0.1,0.0,0.0,0.9,-0.0004512635379061547,0.9804061500988059
2005-12-13,0.1,0.0,0.0,0.9,0.0004514899167251452,0.9808487935898709
2005-12-14,0.1,0.0,0.0,0.9,0.0023465703971119246,0.9831504243329519
2005-12-15,0.1,0.0,0.0,0.9,-0.00036007201440290125,0.9827964193792013
2005-12-16,0.1,0.0,0.0,0.9,0.0005403241945167725,0.9833274480628763
2005-12-19,0.1,0.0,0.0,0.9,-0.00017999999999998017,0.983150449122225
2005-12-20,0.1,0.0,0.0,0.9,-0.0008101620324065028,0.9823539379562028
2005-12-21,0.1,0.0,0.0,0.9,-0.0007207928721593482,0.9816458642397864
2005-12-22,0.1,0.0,0.0,0.9,0.0015329125338143569,0.9831506414888466
2005-12-23,0.1,0.0,0.0,0.9,0.001350270054010805,0.9844781603586306
2005-12-27,0.1,0.0,0.0,0.9,0.0010785978228303073,0.9855400163590173
2005-12-28,0.1,0.0,0.0,0.9,-0.0010773067331671271,0.9844782874635881
2005-12-29,0.1,0.0,0.0,0.9,-8.98831519024923e-05,0.9843897994521313
2005-12-30,0.1,0.0,0.0,0.9,-0.0006292449061127137,0.9837703771851968
2006-01-03,0.1,0.0,0.0,0.9,0.0017091454272864183,0.9854517838268627
2006-01-04,0.1,0.0,0.0,0.9,0.0005387071029529178,0.985982653702428
2006-01-05,0.1,0.0,0.0,0.9,-8.973080757713747e-05,0.9858941806826542
2006-01-06,0.1,0.0,0.0,0.9,-0.000987137301824681,0.9849209677612505
2006-01-09,0.1,0.0,0.0,0.9,8.983829107593877e-05,0.985009451377839
2006-01-10,0.1,0.0,0.0,0.9,-0.001437269188541779,0.9835937276429512
2006-01-11,0.1,0.0,0.0,0.9,-0.001079676097170923,0.9825317650058878
2006-01-12,0.1,0.0,0.0,0.9,0.0015313782404164256,0.9840363927713358
2006-01-13,0.1,0.0,0.0,0.9,0.0017086330935252025,0.9857177499172581
2006-01-17,0.1,0.0,0.0,0.9,0.0004487882716664782,0.9861601284825944
2006-01-18,0.1,0.0,0.0,0.9,-0.00026913875598076896,0.9858947145724167
2006-01-19,0.1,0.0,0.0,0.9,-0.001256356565958694,0.9846560792744197
2006-01-20,0.1,0.0,0.0,0.9,0.0004493260109835529,0.9850985108627107
2006-01-23,0.1,0.0,0.0,0.9,0.00017964071856277908,0.9852754746670572
2006-01-24,0.1,0.0,0.0,0.9,-0.0008082219117940382,0.9844791534392779
2006-01-25,0.1,0.0,0.0,0.9,-0.002606611405173176,0.9819129988497679
2006-01-26,0.1,0.0,0.0,0.9,-0.0011718750000001333,0.9807623195542406
2006-01-27,0.1,0.0,0.0,0.9,0.00027078527730415306,0.9810278955509105
2006-01-30,0.1,0.0,0.0,0.9,-0.0008121114898735571,0.9802311915250471
2006-01-31,0.1,0.0,0.0,0.9,0.0,0.9802311915250471
2006-02-01,0.1,0.0,0.0,0.9,-0.0013547415955846188,0.9789032315565988
2006-02-02,0.1,0.0,0.0,0.9,-9.045226130659501e-05,0.9788146875457042
2006-02-03,0.1,0.0,0.0,0.9,0.00045230676449896644,0.9792574120500721
2006-02-06,0.1,0.0,0.0,0.9,-0.0004520795660037491,0.9788147097842265
2006-02-07,0.1,0.0,0.0,0.9,-0.00027138405869941984,0.9785490750755705
2006-02-08,0.1,0.0,0.0,0.9,-0.0009048863864869361,0.9776635993390254
2006-02-09,0.1,0.0,0.0,0.9,9.057971014487798e-05,0.9777521558244727
2006-02-10,0.1,0.0,0.0,0.9,-0.0010868471369628984,0.9766894886932556
2006-02-13,0.1,0.0,0.0,0.9,0.000272040302267107,0.9769551875969807
2006-02-14,0.1,0.0,0.0,0.9,-0.000815874294923502,0.9761581149721282
2006-02-15,0.1,0.0,0.0,0.9,9.073495312035273e-05,0.9762466866329282
2006-02-16,0.1,0.0,0.0,0.9,0.00018145161290326062,0.9764238281688092
2006-02-17,0.1,0.0,0.0,0.9,0.0013606127796815138,0.9777523629078012
2006-02-21,0.1,0.0,0.0,0.9,-0.0008151353527221739,0.9769553623905874
2006-02-22,0.1,0.0,0.0,0.9,0.000725221595487513,0.9776638715172206
2006-02-23,0.1,0.0,0.0,0.9,-0.0013586956521739692,0.9763355238657025
2006-02-24,0.1,0.0,0.0,0.9,0.0,0.9763355238657025
2006-02-27,0.1,0.0,0.0,0.9,-0.0006350166313879302,0.975715534570233
2006-02-28,0.1,0.0,0.0,0.9,0.0028142021383900763,0.9784613953140809
2006-03-01,0.1,0.0,0.0,0.9,-0.0009049773755657076,0.9775759098884572
2006-03-02,0.1,0.0,0.0,0.9,-0.0010870659285353579,0.9765132204242605
2006-03-03,0.1,0.0,0.0,0.9,-0.0012697772850952082,0.9752732661183705
2006-03-06,0.1,0.0,0.0,0.9,-0.0010899182561308729,0.9742102979809116
2006-03-07,0.1,0.0,0.0,0.9,0.0,0.9742102979809116
2006-03-08,0.1,0.0,0.0,0.9,0.00018187329493775107,0.9743874808177676
2006-03-09,0.1,0.0,0.0,0.9,0.00018183654914654125,0.9745646600748111
2006-03-10,0.1,0.0,0.0,0.9,-0.0006362993637006987,0.9739445452017204
2006-03-13,0.1,0.0,0.0,0.9,-0.0003638568829592681,0.9735901687753281
2006-03-14,0.1,0.0,0.0,0.9,0.0026390293225478922,0.9761595017788705
2006-03-15,0.1,0.0,0.0,0.9,-0.0005444097187216169,0.9756280710590796
2006-03-16,0.1,0.0,0.0,0.9,0.00272369615656225,0.9782853854864574
2006-03-17,0.1,0.0,0.0,0.9,-0.0006336115860404612,0.9776655325317591
2006-03-20,0.1,0.0,0.0,0.9,0.0003623188405797118,0.9780197591739808
2006-03-21,0.1,0.0,0.0,0.9,-0.0021730382293763117,0.9758944848482103
2006-03-22,0.1,0.0,0.0,0.9,9.076240419536585e-05,0.9759830593778962
2006-03-23,0.1,0.0,0.0,0.9,-0.0010890390238983527,0.97492017573957
2006-03-24,0.1,0.0,0.0,0.9,0.0019989904088844046,0.9768690318203013
2006-03-27,0.1,0.0,0.0,0.9,-0.0007252946509518909,0.9761605139368414
2006-03-28,0.1,0.0,0.0,0.9,-0.0023591087811270727,0.9738576450966235
2006-03-29,0.1,0.0,0.0,0.9,-0.0007277873243708655,0.9731488838467806
2006-03-30,0.1,0.0,0.0,0.9,-0.0010925644916539802,0.9720856559311969
2006-03-31,0.1,0.0,0.0,0.9,0.00045578851412937383,0.9725287214079202
2006-04-03,0.1,0.0,0.0,0.9,-0.0008200040494027894,0.9717312439182053
2006-04-04,0.1,0.0,0.0,0.9,0.0003647785996555353,0.9720857106806032
2006-04-05,0.1,0.0,0.0,0.9,0.0010938924339105372,0.9731490678846293
2006-04-06,0.1,0.0,0.0,0.9,-0.0010925644916539802,0.9720858397679724
2006-04-07,0.1,0.0,0.0,0.9,-0.0019143117593436898,0.9702249644138131
2006-04-10,0.1,0.0,0.0,0.9,9.135200974434987e-05,0.9703135964142164
2006-04-11,0.1,0.0,0.0,0.9,0.0008220846442707819,0.9711112763219557
2006-04-12,0.1,0.0,0.0,0.9,-0.0011863719326709377,0.9699591771602272
2006-04-13,0.1,0.0,0.0,0.9,-0.0014620773682606837,0.9685410217991645
2006-04-17,0.1,0.0,0.0,0.9,0.0010068137902979446,0.969516162256381
2006-04-18,0.1,0.0,0.0,0.9,0.0016456724908573861,0.9711116683340479
2006-04-19,0.1,0.0,0.0,0.9,-0.0010951125532347118,0.9700481917554626
2006-04-20,0.1,0.0,0.0,0.9,-0.0003654822335026231,0.9696936563757347
2006-04-21,0.1,0.0,0.0,0.9,0.00018281535649011804,0.9698709312672111
2006-04-24,0.1,0.0,0.0,0.9,0.0007311129163280805,0.9705800164322318
2006-04-25,0.1,0.0,0.0,0.9,-0.002191558441558561,0.9684529336040116
2006-04-26,0.1,0.0,0.0,0.9,-0.0010984540276646638,0.9673891325784907
2006-04-27,0.1,0.0,0.0,0.9,0.0015580448065173115,0.9688963681923859
2006-04-28,0.1,0.0,0.0,0.9,0.0009149130832569963,0.9697828241559654
2006-05-01,0.1,0.0,0.0,0.9,-0.0018279679090078217,0.9680100922747013
2006-05-02,0.1,0.0,0.0,0.9,0.0003663376411926045,0.9683647108085558
2006-05-03,0.1,0.0,0.0,0.9,-0.000915471467805995,0.9674782005453804
2006-05-04,0.1,0.0,0.0,0.9,-0.0004582018124426601,0.9670349002803917
2006-05-05,0.1,0.0,0.0,0.9,0.0011919315403424724,0.968187539678648
2006-05-08,0.1,0.0,0.0,0.9,-0.0005493946484891876,0.9676556226256147
2006-05-09,0.1,0.0,0.0,0.9,-9.162170416374683e-05,0.967566964368426
2006-05-10,0.1,0.0,0.0,0.9,-0.00036652412950509693,0.967212327729073
2006-05-11,0.1,0.0,0.0,0.9,-0.00027500509268687525,0.9669463394132379
2006-05-12,0.1,0.0,0.0,0.9,-0.0010086602139582125,0.9659710191116393
2006-05-15,0.1,0.0,0.0,0.9,0.00100979192166466,0.9669464488433005
2006-05-16,0.1,0.0,0.0,0.9,0.0012837493632194886,0.9681877657312703
2006-05-17,0.1,0.0,0.0,0.9,-0.0010987892969783752,0.9671239313768194
2006-05-18,0.1,0.0,0.0,0.9,0.0019252317408577247,0.9689858690668492
2006-05-19,0.1,0.0,0.0,0.9,9.148200853827949e-05,0.9690745138403967
2006-05-22,0.1,0.0,0.0,0.9,0.0006403089744891899,0.9696950209485575
2006-05-23,0.1,0.0,0.0,0.9,-0.000914076782449691,0.9688086452438514
2006-05-24,0.1,0.0,0.0,0.9,0.0010065067100447189,0.9697837576460385
2006-05-25,0.1,0.0,0.0,0.9,-0.0010053823499542869,0.9688087541728289
2006-05-26,0.1,0.0,0.0,0.9,0.0006405042700285302,0.9694292803167176
2006-05-30,0.1,0.0,0.0,0.9,-0.0010972264553490653,0.9683655968637641
2006-05-31,0.1,0.0,0.0,0.9,0.0006408300274641565,0.9689861546157976
2006-06-01,0.1,0.0,0.0,0.9,0.0001829640170767588,0.9691634442151379
2006-06-02,0.1,0.0,0.0,0.9,0.00384146341463405,0.972886450128891
2006-06-05,0.1,0.0,0.0,0.9,-0.0014571948998178374,0.9714687649556613
2006-06-06,0.1,0.0,0.0,0.9,0.0002736671396716961,0.971734624033847
2006-06-07,0.1,0.0,0.0,0.9,-0.0008207518492248545,0.9709370710442154
2006-06-08,0.1,0.0,0.0,0.9,0.0009127789046653456,0.9718233219204221
2006-06-09,0.1,0.0,0.0,0.9,0.0,0.9718233219204221
2006-06-12,0.1,0.0,0.0,0.9,-0.00027355623100304703,0.9715574735952767
2006-06-13,0.1,0.0,0.0,0.9,0.0007297050775311398,0.9722664240168726
2006-06-14,0.1,0.0,0.0,0.9,-0.002916455696202491,0.9694308520663222
2006-06-15,0.1,0.0,0.0,0.9,-0.001280097531240476,0.9681898860258837
2006-06-16,0.1,0.0,0.0,0.9,-0.0008240919727337314,0.9673920085127279
2006-06-19,0.1,0.0,0.0,0.9,-0.0005498981670061687,0.9668600414204703
2006-06-20,0.1,0.0,0.0,0.9,-0.0004585286325657245,0.9664167084077954
2006-06-21,0.1,0.0,0.0,0.9,0.0,0.9664167084077954
2006-06-22,0.1,0.0,0.0,0.9,-0.0012845346110714306,0.9651753126971278
2006-06-23,0.1,0.0,0.0,0.9,-0.0008269525267994515,0.9643771585334885
2006-06-26,0.1,0.0,0.0,0.9,-9.196811771918779e-05,0.9642884665814468
2006-06-27,0.1,0.0,0.0,0.9,0.0006438426162493904,0.9649093165905898
2006-06-28,0.1,0.0,0.0,0.9,-0.0010110294117646524,0.9639337648918309
2006-06-29,0.1,0.0,0.0,0.9,0.0017482874961659346,0.9656189982401233
2006-06-30,0.1,0.0,0.0,0.9,0.0022040816326530876,0.9677473013382853
2006-07-03,0.1,0.0,0.0,0.9,-0.0003664495114006017,0.9673926708125506
2006-07-05,0.1,0.0,0.0,0.9,-0.002199592668024475,0.9652648009867307
2006-07-06,0.1,0.0,0.0,0.9,0.0011024908125766065,0.9663289965615222
2006-07-07,0.1,0.0,0.0,0.9,0.0014681892332788716,0.967747750390079
2006-07-10,0.1,0.0,0.0,0.9,0.0,0.967747750390079
2006-07-11,0.1,0.0,0.0,0.9,0.0008245114006514287,0.9685456694432303
2006-07-12,0.1,0.0,0.0,0.9,-9.152852639074949e-05,0.968457019885364
2006-07-13,0.1,0.0,0.0,0.9,0.0010984540276648637,0.9695208253994774
2006-07-14,0.1,0.0,0.0,0.9,0.0006399837464446945,0.9701413029695728
2006-07-17,0.1,0.0,0.0,0.9,-0.00045680641559239234,0.9696981361983451
2006-07-18,0.1,0.0,0.0,0.9,-0.0020109689213894002,0.967748103383321
2006-07-19,0.1,0.0,0.0,0.9,0.0023819218241042605,0.9700532037110052
2006-07-20,0.1,0.0,0.0,0.9,0.001279187817258931,0.9712940839512852
2006-07-21,0.1,0.0,0.0,0.9,-0.0003649635036496513,0.9709395970593322
2006-07-24,0.1,0.0,0.0,0.9,-9.127789046643464e-05,0.9708509717411422
2006-07-25,0.1,0.0,0.0,0.9,-0.0006390100415864519,0.9702305882213156
2006-07-26,0.1,0.0,0.0,0.9,0.0010962241169305998,0.9712941783911075
2006-07-27,0.1,0.0,0.0,0.9,9.124087591241282e-05,0.9713828001227126
2006-07-28,0.1,0.0,0.0,0.9,0.0018246325392801133,0.9731552167879135
2006-07-31,0.1,0.0,0.0,0.9,0.00054628224582709,0.9736868342052788
2006-08-01,0.1,0.0,0.0,0.9,0.00018198362147425762,0.9738640292615492
2006-08-02,0.1,0.0,0.0,0.9,0.0004548670777317909,0.9743070079466476
2006-08-03,0.1,0.0,0.0,0.9,-9.092746009301545e-05,0.9742184166850643
2006-08-04,0.1,0.0,0.0,0.9,0.0018187329493787097,0.9759902598193808
2006-08-07,0.1,0.0,0.0,0.9,-0.0008167792679238395,0.9751930912094647
2006-08-08,0.1,0.0,0.0,0.9,0.0004541784416632222,0.9756360028879509
2006-08-09,0.1,0.0,0.0,0.9,-0.00018157974377077667,0.9754588471525331
2006-08-10,0.1,0.0,0.0,0.9,-0.00018161638583386042,0.9752816878421835
2006-08-11,0.1,0.0,0.0,0.9,-0.001271571298819285,0.9740415476396593
2006-08-14,0.1,0.0,0.0,0.9,-0.0011824153612937094,0.9728898259511919
2006-08-15,0.1,0.0,0.0,0.9,0.002185792349726956,0.9750163610898833
2006-08-16,0.1,0.0,0.0,0.9,0.0018170805572379934,0.9767880443626087
2006-08-17,0.1,0.0,0.0,0.9,-0.00018134193028417346,0.9766109117331655
2006-08-18,0.1,0.0,0.0,0.9,0.0009975816203144471,0.9775851608289091
2006-08-21,0.1,0.0,0.0,0.9,0.00036235530951178596,0.9779393940024355
2006-08-22,0.1,0.0,0.0,0.9,9.055236945376688e-05,0.9780279487317447
2006-08-23,0.1,0.0,0.0,0.9,-0.00027162977867208895,0.9777622872164955
2006-08-24,0.1,0.0,0.0,0.9,9.05705947468416e-05,0.9778508437283698
2006-08-25,0.1,0.0,0.0,0.9,0.00045280740591668867,0.978293621832292
2006-08-28,0.1,0.0,0.0,0.9,-0.00036206376345169214,0.9779394171618105
2006-08-29,0.1,0.0,0.0,0.9,0.0002716571083611008,0.9782050813560291
2006-08-30,0.1,0.0,0.0,0.9,0.0008147254073627153,0.9790020498894212
2006-08-31,0.05,0.0,0.95,0.0,0.001627977087729793,0.9805958427954817
2006-09-01,0.05,0.0,0.05,0.9,0.00037818471337565103,0.9809666891532267
2006-09-05,0.05,0.0,0.05,0.9,-0.0014480277053006696,0.9795462222093558
2006-09-06,0.05,0.0,0.05,0.9,-0.0005820915489378576,0.9789760366316138
2006-09-07,0.05,0.0,0.05,0.9,0.00010040005983232846,0.9790743258842661
2006-09-08,0.05,0.0,0.05,0.9,0.0008785681913804799,0.9799345094439854
2006-09-11,0.05,0.0,0.95,0.0,-0.0010633977189705378,0.9788924493219021
2006-09-12,0.05,0.0,0.25685525746922905,0.6931447425307709,0.0011370436864152399,0.9800054928010832
2006-09-13,0.05,0.0,0.25685525746922905,0.6931447425307709,0.0002855224480427815,0.980285306368483
2006-09-14,0.05,0.0,0.17215344827508494,0.777846551724915,-0.0010977623734635565,0.9792091860438924
2006-09-15,0.05,0.0,0.17215344827508494,0.777846551724915,-0.0003812769835290731,0.9788358361191937
2006-09-18,0.05,0.0,0.2812720868058885,0.6687279131941113,-0.0005721451043204051,0.9782757999876247
2006-09-19,0.05,0.05,0.3690205081103881,0.530979491889612,0.0027143695488699117,0.9809312020295073
2006-09-20,0.05,0.05,0.3690205081103881,0.530979491889612,9.355157056198519e-05,0.9810229696840704
2006-09-21,0.05,0.07055785435550642,0.4052482327795851,0.4741939128649084,0.0029725908944270643,0.9839391496309772
2006-09-22,0.05,0.07055785435550642,0.4052482327795851,0.4741939128649084,0.0016354599159586574,0.9855483426699412
2006-09-25,0.05,0.07055785435550642,0.4052482327795851,0.4741939128649084,0.001204650777131111,0.9867355842468387
2006-09-26,0.05,0.07055785435550642,0.4052482327795851,0.4741939128649084,-0.0010850201067795352,0.985664956297856
2006-09-27,0.05,0.07055785435550642,0.4052482327795851,0.4741939128649084,-9.461441071942028e-06,0.9856556304869553
2006-09-28,0.05,0.07055785435550642,0.4052482327795851,0.4741939128649084,-0.0008597657075685504,0.9848081975763907
2006-09-29,0.05,0.07055785435550642,0.4052482327795851,0.4741939128649084,-0.0003358907509679981,0.9844774096113473
2006-10-02,0.05,0.07055785435550642,0.4052482327795851,0.4741939128649084,0.00088747814707429,0.9853511117986656
2006-10-03,0.05,0.07055785435550642,0.4052482327795851,0.4741939128649084,0.0001488108216608438,0.9854977427072367
2006-10-04,0.05,0.07055785435550642,0.4052482327795851,0.4741939128649084,0.0019399556524244467,0.9874095646236531
2006-10-05,0.05,0.07055785435550642,0.4052482327795851,0.4741939128649084,-0.001622367573383628,0.9858076233643589
2006-10-06,0.05,0.07055785435550642,0.4052482327795851,0.4741939128649084,-0.0031133019859726926,0.9827385065327516
2006-10-09,0.05,0.07055785435550642,0.4052482327795851,0.4741939128649084,0.0,0.9827385065327516
2006-10-10,0.05,0.07055785435550642,0.4052482327795851,0.4741939128649084,-0.0019579948496800297,0.9808143095983782
2006-10-11,0.05,0.07055785435550642,0.4052482327795851,0.4741939128649084,-0.0014065560515132925,0.9794347392958018
2006-10-12,0.05,0.12,0.4133128959585367,0.41668710404146336,0.0004634361282146084,0.9798886447392199
2006-10-13,0.05,0.12,0.4133128959585367,0.41668710404146336,-0.000805778985216101,0.9790990710614372
2006-10-16,0.05,0.12,0.4133128959585367,0.41668710404146336,0.0006706173962337605,0.9797556719311274
2006-10-17,0.05,0.12,0.4133128959585367,0.41668710404146336,0.0004685715916282161,0.980214757605731
2006-10-18,0.05,0.12,0.4133128959585367,0.41668710404146336,0.00033766777249209383,0.9805457445394955
2006-10-19,0.05,0.12,0.4133128959585367,0.41668710404146336,-0.0005802913138275733,0.9799767423611286
2006-10-20,0.05,0.12,0.4133128959585367,0.41668710404146336,-5.38702817425573e-05,0.9799239507379165
2006-10-23,0.05,0.12,0.4133128959585367,0.41668710404146336,-0.0013704795969741337,0.9785809849568439
2006-10-24,0.05,0.12,0.8300000000000001,0.0,1.7219578366706624e-05,0.9785978357088025
2006-10-25,0.05,0.12,0.4214827515385761,0.40851724846142384,0.0016692080422896962,0.980231319086335
2006-10-26,0.05,0.12,0.4214827515385761,0.40851724846142384,0.0019857482302986875,0.982177811693494
2006-10-27,0.05,0.12,0.4214827515385761,0.40851724846142384,0.001624195091633116,0.9837730600743576
2006-10-30,0.05,0.12,0.4214827515385761,0.40851724846142384,0.00010271081171232824,0.9838741042038986
2006-10-31,0.05,0.12,0.4822828368329619,0.34771716316703805,0.002648509318896272,0.9864799039375035
2006-11-01,0.05,0.12,0.4822828368329619,0.34771716316703805,0.0018781330784560018,0.9883326444763207
2006-11-02,0.05,0.12,0.4822828368329619,0.34771716316703805,-0.0009528399976509958,0.9873909216016796
2006-11-03,0.05,0.12,0.5512962353073083,0.27870376469269165,-0.004227840647436705,0.983216390128422
2006-11-06,0.05,0.12,0.5512962353073083,0.27870376469269165,0.00028678019008222935,0.9834983571116751
2006-11-07,0.05,0.12,0.5512962353073083,0.27870376469269165,0.001967207031361707,0.9854331019951178
2006-11-08,0.05,0.12,0.5512962353073083,0.27870376469269165,0.0010054484951726229,0.9864239042246121
2006-11-09,0.05,0.12,0.5512962353073083,0.27870376469269165,0.00012199115965884298,0.9865442392206036
2006-11-10,0.05,0.12,0.5512962353073083,0.27870376469269165,0.0012235316107914217,0.9877513072827342
2006-11-13,0.05,0.12,0.5512962353073083,0.27870376469269165,-0.0005254386673744183,0.9872323045521382
2006-11-14,0.05,0.12,0.5512962353073083,0.27870376469269165,0.0011334109738730324,0.9883512444798794
2006-11-15,0.05,0.12,0.5512962353073083,0.27870376469269165,-0.0019163668324293794,0.986457200936168
2006-11-16,0.05,0.12,0.6034253073839878,0.2265746926160121,-0.0013005494028832433,0.9851742646125206
2006-11-17,0.05,0.12,0.6034253073839878,0.2265746926160121,0.0022200142073111225,0.9873613654766378
2006-11-20,0.05,0.12,0.6034253073839878,0.2265746926160121,0.00022443376623642656,0.9875829627065281
2006-11-21,0.05,0.12,0.6034253073839878,0.2265746926160121,0.0003641028898196937,0.9879425445171861
2006-11-22,0.05,0.12,0.6034253073839878,0.2265746926160121,0.0003168690353113129,0.9882555929182102
2006-11-24,0.05,0.12,0.6034253073839878,0.2265746926160121,0.0006953864235820608,0.9889428124405546
2006-11-27,0.05,0.12,0.6034253073839878,0.2265746926160121,0.00024508626056555084,0.989185188736369
2006-11-28,0.05,0.12,0.6034253073839878,0.2265746926160121,0.0010811302898014246,0.9902546268061349
2006-11-29,0.05,0.12,0.6034253073839878,0.2265746926160121,-0.0002667735071862603,0.9899904531063344
2006-11-30,0.05,0.12,0.533021601714903,0.29697839828509687,0.003432108592516603,0.99338820784695
2006-12-01,0.05,0.12,0.533021601714903,0.29697839828509687,0.001911591323610392,0.995287160126047
2006-12-04,0.05,0.12,0.533021601714903,0.29697839828509687,-3.509008673799933e-05,0.995252235413269
2006-12-05,0.05,0.12,0.533021601714903,0.29697839828509687,0.0001550657551155607,0.9954065649526838
2006-12-06,0.05,0.12,0.533021601714903,0.29697839828509687,-0.0014090535208188127,0.9940039838276911
2006-12-07,0.05,0.12,0.533021601714903,0.29697839828509687,0.00011132209082949304,0.9941146384294637
2006-12-08,0.05,0.12,0.533021601714903,0.29697839828509687,-0.0026978578628124917,0.9914326584356398
2006-12-11,0.05,0.12,0.533021601714903,0.29697839828509687,0.0010128763854250242,0.9924368571631085
2006-12-12,0.05,0.12,0.533021601714903,0.29697839828509687,0.001199088159573454,0.993626876447657
2006-12-13,0.05,0.12,0.533021601714903,0.29697839828509687,-0.003125181969357269,0.990521611649114
2006-12-14,0.05,0.12,0.5888048415852953,0.24119515841470449,-0.0008562726872434229,0.9896734550469345
2006-12-15,0.05,0.12,0.5888048415852953,0.24119515841470449,0.00010680749376610412,0.9897791595883149
2006-12-18,0.05,0.12,0.5888048415852953,0.24119515841470449,0.0002449320254511083,0.9900215882026222
2006-12-19,0.05,0.12,0.5888048415852953,0.24119515841470449,-0.00029247471667479794,0.9897320319191107
2006-12-20,0.05,0.12,0.5888048415852953,0.24119515841470449,0.0001874831356290595,0.9899175899838873
2006-12-21,0.05,0.12,0.5888048415852953,0.24119515841470449,0.0018045219687014224,0.9917039180222174
2006-12-22,0.05,0.12,0.5888048415852953,0.24119515841470449,-0.002524976890039264,0.9891998885474499
2006-12-26,0.05,0.12,0.5888048415852953,0.24119515841470449,0.0005625559171103552,0.9897563687979571
2006-12-27,0.05,0.12,0.648950683793312,0.1810493162066878,-0.001886537747128962,0.9878891560477585
2006-12-28,0.05,0.12,0.648950683793312,0.1810493162066878,-0.001197610498168951,0.9867060496234485
2006-12-29,0.05,0.12,0.7159456852061207,0.11405431479387923,-0.0005403982933496294,0.9861728353581943
2007-01-03,0.05,0.12,0.83,0.0,0.001472087677162269,0.9876245682366773
2007-01-04,0.05,0.12,0.6343336201795096,0.19566637982049034,0.0017598202677792639,0.9893626099688171
2007-01-05,0.05,0.12,0.6343336201795096,0.19566637982049034,-0.0011662223705048004,0.9882087931605305
2007-01-08,0.05,0.12,0.6343336201795096,0.19566637982049034,-0.0004933662643135422,0.9877212442798871
2007-01-09,0.05,0.12,0.6343336201795096,0.19566637982049034,0.00015321257870172042,0.9878725755987617
2007-01-10,0.05,0.12,0.6343336201795096,0.19566637982049034,-0.0007327003596956795,0.9871487610072871
2007-01-11,0.05,0.12,0.6343336201795096,0.19566637982049034,-0.0018510813619277986,0.9853214683343364
2007-01-12,0.05,0.12,0.6886749360745472,0.14132506392545285,-0.0010612941240258971,0.9842757524497167
2007-01-16,0.05,0.12,0.8299999999999998,0.0,0.0009251752301248768,0.9851863799954957
2007-01-17,0.05,0.12,0.6953546844059614,0.13464531559403858,-0.0011293101561987637,0.9840737990108182
2007-01-18,0.05,0.12,0.8300000000000001,0.0,0.001159882150783234,0.9852152086453443
2007-01-19,0.05,0.12,0.8300000000000001,0.0,-0.0008238213399503248,0.9844035673320187
2007-01-22,0.05,0.12,0.8300000000000001,0.0,0.0004712879794846026,0.9848675049002641
2007-01-23,0.05,0.12,0.8300000000000001,0.0,-0.001153922542204563,0.9837310440852749
2007-01-24,0.05,0.12,0.8300000000000001,0.0,8.251473477408843e-05,0.9838122163914665
2007-01-25,0.88,0.12,0.0,0.0,-0.0018865894136060692,0.9819561666790461
2007-01-26,0.88,0.12,0.0,0.0,-0.00011778563015311327,0.9818405063531711
2007-01-29,0.88,0.12,0.0,0.0,2.3580271173102573e-05,0.9818636584185595
2007-01-30,0.88,0.12,0.0,0.0,-0.0001178781925343797,0.9817479181051899
2007-01-31,0.88,0.12,0.0,0.0,-0.00014159292035399227,0.9816089095504139
2007-02-01,0.88,0.12,0.0,0.0,0.00017720023626699444,0.9817828508811081
2007-02-02,0.05,0.12,0.8300000000000001,0.0,4.7183721616042005e-05,0.9818291750498315
2007-02-05,0.05,0.12,0.8300000000000001,0.0,0.0008846627975717692,0.9826977627945687
2007-02-06,0.05,0.12,0.8300000000000001,0.0,0.0016497913291159128,0.9843190090427688
2007-02-07,0.05,0.12,0.8300000000000001,0.0,0.001211712342842213,0.9855117205353201
2007-02-08,0.05,0.12,0.8300000000000001,0.0,0.0001644867221561075,0.9856738241278774
2007-02-09,0.05,0.12,0.8300000000000001,0.0,-0.0017972480125876447,0.983902323806404
2007-02-12,0.88,0.12,0.0,0.0,-0.0006001565548722733,0.9833118283774176
2007-02-13,0.88,0.12,0.0,0.0,1.1756637601658681e-05,0.9833233888182332
2007-02-14,0.05,0.12,0.8300000000000001,0.0,0.00021159874608151164,0.9835314588142998
2007-02-15,0.05,0.12,0.8300000000000001,0.0,0.0012446561527444699,0.9847556172959308
2007-02-16,0.05,0.12,0.8300000000000001,0.0,0.0005980400536970354,0.985344540598177
2007-02-20,0.05,0.12,0.8300000000000001,0.0,0.00043365583620238904,0.9857718410088775
2007-02-21,0.05,0.12,0.8300000000000001,0.0,-0.0003281033015919155,0.9854484060132261
2007-02-22,0.05,0.12,0.8300000000000001,0.0,-0.0013831230404951513,0.98408540961765
2007-02-23,0.05,0.12,0.8300000000000001,0.0,0.0018668943540818008,0.9859225931127995
2007-02-26,0.05,0.12,0.8300000000000001,0.0,0.0017921808219310976,0.9876895446760847
2007-02-27,0.05,0.12,0.6203775432671732,0.20962245673282673,0.0035420271105267133,0.9911879678201111
2007-02-28,0.05,0.12,0.6203775432671732,0.20962245673282673,-0.0011295820995388356,0.9900683396343832
2007-03-01,0.05,0.12,0.6203775432671732,0.20962245673282673,-0.0001718824075024088,0.9898981643045749
2007-03-02,0.05,0.12,0.6203775432671732,0.20962245673282673,0.0012986636370603609,0.9911837090549501
2007-03-05,0.05,0.12,0.5579592856784268,0.27204071432157334,-0.00102670960305067,0.990166051222476
2007-03-06,0.05,0.12,0.5579592856784268,0.27204071432157334,-0.000505803386330004,0.9896652218807387
2007-03-07,0.05,0.12,0.5579592856784268,0.27204071432157334,0.0012692894816409338,0.9909213935372176
2007-03-08,0.05,0.12,0.5579592856784268,0.27204071432157334,0.00014676939714261788,0.9910668304727629
2007-03-09,0.05,0.12,0.6103727266059529,0.21962727339404714,-0.003014523610589832,0.9880792361126303
2007-03-12,0.05,0.12,0.6103727266059529,0.21962727339404714,0.001401724842101871,0.9894642513238544
2007-03-13,0.05,0.12,0.5365857796406618,0.29341422035933823,0.0020191545349789587,0.9914621325541146
2007-03-14,0.05,0.12,0.5365857796406618,0.29341422035933823,-0.001011515796553926,0.9904592529453511
2007-03-15,0.05,0.12,0.5365857796406618,0.29341422035933823,-0.0006481832007559005,0.9898172538965587
2007-03-16,0.05,0.12,0.5365857796406618,0.29341422035933823,-0.0005563274154113723,0.9892665914219689
2007-03-19,0.05,0.12,0.5365857796406618,0.29341422035933823,-0.0008601159997042888,0.988415707398714
2007-03-20,0.05,0.12,0.5365857796406618,0.29341422035933823,0.0006205045386316803,0.9890290238312096
2007-03-21,0.05,0.12,0.5365857796406618,0.29341422035933823,0.0015516873403252749,0.9905636876467027
2007-03-22,0.05,0.12,0.5365857796406618,0.29341422035933823,-0.0019861682648054354,0.9885962614860301
2007-03-23,0.05,0.12,0.5365857796406618,0.29341422035933823,-0.0008436962031847376,0.9877621865737317
2007-03-26,0.05,0.12,0.5365857796406618,0.29341422035933823,0.000979555880466062,0.9887297548320921
2007-03-27,0.05,0.12,0.5365857796406618,0.29341422035933823,-0.000680087872747333,0.9880573317164064
2007-03-28,0.05,0.12,0.5365857796406618,0.29341422035933823,-0.00021777726134286323,0.9878421552966555
2007-03-29,0.05,0.12,0.5365857796406618,0.29341422035933823,-0.000714933611910487,0.987135913736572
2007-03-30,0.05,0.12,0.5365857796406618,0.29341422035933823,-0.0005400814300364271,0.9866027799606407
2007-04-02,0.05,0.12,0.83,0.0,7.602704568583697e-05,0.9866777884552665
2007-04-03,0.05,0.12,0.5748653385685633,0.2551346614314367,-0.001065153010858758,0.985626825638146
2007-04-04,0.05,0.12,0.5748653385685633,0.2551346614314367,0.000479421416646245,0.9860993562471778
2007-04-05,0.05,0.12,0.5748653385685633,0.2551346614314367,-0.0008276990165471179,0.9852831627797943
2007-04-09,0.05,0.12,0.5748653385685633,0.2551346614314367,-0.0027635466289488517,0.9825602868167341
2007-04-10,0.05,0.12,0.8300000000000001,0.0,0.0010317645375256803,0.9835740576766527
2007-04-11,0.05,0.12,0.5636681492249502,0.26633185077504956,-0.0004699195255161126,0.9831118570221593
2007-04-12,0.05,0.12,0.5636681492249502,0.26633185077504956,-8.248237522686642e-05,0.9830307676210784
2007-04-13,0.05,0.12,0.83,0.0,-0.0008865220840216527,0.9821592891363097
2007-04-16,0.05,0.12,0.83,0.0,0.0007653645959740451,0.9829109990838216
2007-04-17,0.05,0.12,0.83,0.0,0.0020116463988495378,0.9848882684555182
2007-04-18,0.05,0.12,0.5358705523275867,0.2941294476724132,0.0015025283708430637,0.9863680910209831
2007-04-19,0.05,0.12,0.5358705523275867,0.2941294476724132,-0.0002938127687286276,0.9860782834811747
2007-04-20,0.05,0.12,0.5358705523275867,0.2941294476724132,0.00017049813163513356,0.9862464079861541
2007-04-23,0.05,0.12,0.5358705523275867,0.2941294476724132,0.0008344883555694273,0.9870694191293407
2007-04-24,0.05,0.12,0.5358705523275867,0.2941294476724132,0.0011391525725642023,0.9881938417974412
2007-04-25,0.05,0.12,0.5358705523275867,0.2941294476724132,-0.0008973040109596025,0.9873071314995908
2007-04-26,0.05,0.12,0.5358705523275867,0.2941294476724132,-0.001444241882177343,0.9858812211897068
2007-04-27,0.05,0.12,0.5873241725289639,0.24267582747103608,-0.000305821881698548,0.9855797171395112
2007-04-30,0.05,0.12,0.5873241725289639,0.24267582747103608,0.0023702877517923944,0.987915824671462
2007-05-01,0.05,0.12,0.5873241725289639,0.24267582747103608,-0.0005752103093225556,0.9873475653043682
2007-05-02,0.05,0.12,0.5873241725289639,0.24267582747103608,-0.0002913133063731008,0.9870599378205799
2007-05-03,0.05,0.12,0.5873241725289639,0.24267582747103608,-0.0011503059423855757,0.9859245169086142
2007-05-04,0.05,0.12,0.5873241725289639,0.24267582747103608,0.0012202302763582458,0.9871275718543499
2007-05-07,0.05,0.12,0.5873241725289639,0.24267582747103608,2.3430635555978794e-05,0.9871507008807332
2007-05-08,0.05,0.12,0.5873241725289639,0.24267582747103608,0.00022233490308006023,0.987370178936139
2007-05-09,0.05,0.12,0.5873241725289639,0.24267582747103608,-0.001558667969265225,0.9858311966644236
2007-05-10,0.05,0.12,0.5873241725289639,0.24267582747103608,0.0009396390246460485,0.9867575221285231
2007-05-11,0.05,0.12,0.5873241725289639,0.24267582747103608,-0.000691554930492329,0.9860751250988947
2007-05-14,0.05,0.12,0.5873241725289639,0.24267582747103608,-0.0005759511975821798,0.9855071939496881
2007-05-15,0.05,0.12,0.5873241725289639,0.24267582747103608,-0.0006340875486976139,0.9848822961088527
2007-05-16,0.05,0.12,0.83,0.0,0.00014140830047720137,0.9850215666405154
2007-05-17,0.88,0.12,0.0,0.0,-0.0018788535848713206,0.9831708553388574
2007-05-18,0.88,0.12,0.0,0.0,-2.3419203747079288e-05,0.9831478302602781
2007-05-21,0.88,0.12,0.0,0.0,5.855943782940187e-05,0.9832054028445214
2007-05-22,0.88,0.12,0.0,0.0,-2.3412350014644366e-05,0.9831823836954937
2007-05-23,0.88,0.12,0.0,0.0,-1.1708459361874368e-05,0.9831708721445089
2007-05-24,0.88,0.12,0.0,0.0,-2.3419203747079288e-05,0.983147847065536
2007-05-25,0.88,0.12,0.0,0.0,-5.855943782938855e-05,0.9830902744803087
2007-05-29,0.88,0.12,0.0,0.0,-3.515281710770424e-05,0.9830557160876895
2007-05-30,0.88,0.12,0.0,0.0,-0.0001054893533893253,0.9829520141758538
2007-05-31,0.88,0.12,0.0,0.0,-3.519405611496662e-05,0.9829174201075085
2007-06-01,0.88,0.12,0.0,0.0,-4.6939174652855796e-05,0.9828712827750568
2007-06-04,0.88,0.12,0.0,0.0,-4.695754255526818e-05,0.9828251295549695
2007-06-05,0.88,0.12,0.0,0.0,-9.395184967706083e-05,0.9827327913161387
2007-06-06,0.88,0.12,0.0,0.0,-0.00019980411361409268,0.9825364372618502
2007-06-07,0.88,0.12,0.0,0.0,-0.0005062297655253633,0.982039048071595
2007-06-08,0.88,0.12,0.0,0.0,-0.0002364532019704457,0.9818068417942185
2007-06-11,0.88,0.12,0.0,0.0,0.0,0.9818068417942185
2007-06-12,0.1,0.0,0.0,0.9,-0.00040276406712735024,0.981411405277484
2007-06-13,0.1,0.0,0.0,0.9,0.0009106546595163634,0.9823051321466024
2007-06-14,0.1,0.0,0.0,0.9,-0.0005458404932780492,0.9817689502287219
2007-06-15,0.1,0.0,0.0,0.9,0.0016385152220085963,0.9833775935981671
2007-06-18,0.1,0.0,0.0,0.9,0.000817768803634511,0.984181769116405
2007-06-19,0.1,0.0,0.0,0.9,0.0019063949969738258,0.9860580083171613
2007-06-20,0.1,0.0,0.0,0.9,-0.0010870659285353579,0.9849860982527603
2007-06-21,0.1,0.0,0.0,0.9,-0.0006348886425477041,0.9843607417659123
2007-06-22,0.1,0.0,0.0,0.9,0.0009983864461476255,0.9853435141886111
2007-06-25,0.1,0.0,0.0,0.9,0.0019038984587488761,0.9872195081866131
2007-06-26,0.1,0.0,0.0,0.9,-0.0008142340168878049,0.9864156804809122
2007-06-27,0.1,0.0,0.0,0.9,0.0009055236945366696,0.9873089032522501
2007-06-28,0.1,0.0,0.0,0.9,-0.001809227057995666,0.9855226372698861
2007-06-29,0.1,0.0,0.0,0.9,0.0025380199415852233,0.9880239133761607
2007-07-02,0.1,0.0,0.0,0.9,0.0008134980415789083,0.9888276688947253
2007-07-03,0.1,0.0,0.0,0.9,-0.0014449127031907927,0.9873988992346727
2007-07-05,0.1,0.0,0.0,0.9,-0.0030753768844221318,0.9843622754842625
2007-07-06,0.1,0.0,0.0,0.9,-0.0010891488503427915,0.9832901584435979
2007-07-09,0.1,0.0,0.0,0.9,0.00099959612277869,0.9842730514735446
2007-07-10,0.1,0.0,0.0,0.9,0.003721633888048448,0.9879361554170013
2007-07-11,0.1,0.0,0.0,0.9,-0.0009943752511048065,0.9869537761543831
2007-07-12,0.1,0.0,0.0,0.9,-0.0014479638009049724,0.985524702813345
2007-07-13,0.1,0.0,0.0,0.9,0.00027193070802682405,0.985792697243559
2007-07-16,0.1,0.0,0.0,0.9,0.0018123238018526112,0.9875792728124659
2007-07-17,0.1,0.0,0.0,0.9,-0.0011756430868167024,0.9864182320677005
2007-07-18,0.1,0.0,0.0,0.9,0.002354361605795341,0.9887406172805372
2007-07-19,0.1,0.0,0.0,0.9,-0.0005418966382338075,0.9882048220639477
2007-07-20,0.1,0.0,0.0,0.9,0.002259262978210619,0.9904374366333258
2007-07-23,0.1,0.0,0.0,0.9,-0.0004507211538460898,0.9899910255290741
2007-07-24,0.1,0.0,0.0,0.9,0.000992083375087738,0.9909731791669877
2007-07-25,0.1,0.0,0.0,0.9,0.0011711711711711148,0.9921337783858318
2007-07-26,0.1,0.0,0.0,0.9,0.004948515445366431,0.9970433677120438
2007-07-27,0.1,0.0,0.0,0.9,-0.00026844303042350415,0.9967757183689515
2007-07-30,0.1,0.0,0.0,0.9,-0.0007160616608652082,0.9960619654925461
2007-07-31,0.1,0.0,0.0,0.9,0.0006270528515976093,0.9966865489883762
2007-08-01,0.1,0.0,0.0,0.9,0.00017903322060863758,0.9968649889911788
2007-08-02,0.1,0.0,0.0,0.9,-8.949880668264187e-05,0.9967757707642404
2007-08-03,0.1,0.0,0.0,0.9,0.002237692690203863,0.9990062486202519
2007-08-06,0.1,0.0,0.0,0.9,-0.0010714285714284678,0.9979358847824445
2007-08-07,0.1,0.0,0.0,0.9,-0.0007151370679380876,0.997222223839811
2007-08-08,0.1,0.0,0.0,0.9,-0.00366799204771372,0.9935644206529631
2007-08-09,0.1,0.0,0.0,0.9,0.003233855674219077,0.9967774645923939
2007-08-10,0.1,0.0,0.0,0.9,0.0006265539532571696,0.9974019994533518
2007-08-13,0.1,0.0,0.0,0.9,8.944543828264262e-05,0.997491212512337
2007-08-14,0.1,0.0,0.0,0.9,0.0016098578952599806,0.9990970316162523
2007-08-15,0.1,0.0,0.0,0.9,0.0018748140065468545,1.0009701527250257
2007-08-16,0.1,0.0,0.0,0.9,0.004810928529004221,1.0057857485894524
2007-08-17,0.1,0.0,0.0,0.9,-0.0018609688853880146,1.0039140126059607
2007-08-20,0.1,0.0,0.0,0.9,0.001420818944252722,1.005340392653472
2007-08-21,0.1,0.0,0.0,0.9,0.0017732243128754988,1.007123086680441
2007-08-22,0.1,0.0,0.0,0.9,-0.0018582243633860518,1.0052516260238429
2007-08-23,0.1,0.0,0.0,0.9,-0.0007093596059112973,1.0045385411265648
2007-08-24,0.1,0.0,0.0,0.9,-0.001774797870242606,1.0027556882631967
2007-08-27,0.1,0.0,0.0,0.9,0.0009780675755779455,1.0037364510881133
2007-08-28,0.1,0.0,0.0,0.9,0.0035527484456725268,1.0073024742045815
2007-08-29,0.1,0.0,0.0,0.9,-0.0008846947803008876,1.0064113189634687
2007-08-30,0.1,0.0,0.0,0.9,0.0018596871002656723,1.0082829291109063
2007-08-31,0.1,0.0,0.0,0.9,0.0005302435192458433,1.0088175645996336
2007-09-04,0.1,0.0,0.0,0.9,-0.00017664376840044184,1.008639363263394
2007-09-05,0.1,0.0,0.0,0.9,0.0035335689045935983,1.0122034599533707
2007-09-06,0.1,0.0,0.0,0.9,-0.001231912397340651,1.010956513962423
2007-09-07,0.05,0.0,0.11220085493825754,0.8377991450617425,0.005110632465243681,1.016123141143629
2007-09-10,0.05,0.0,0.11220085493825754,0.8377991450617425,0.0012792429696114507,1.0174230095281962
2007-09-11,0.05,0.0,0.0,0.95,-0.0022190979197378564,1.0151652482442588
2007-09-12,0.05,0.0,0.0,0.95,-0.0014809041309430393,1.013661885834544
2007-09-13,0.05,0.0,0.0,0.95,-0.0027810304449648214,1.0108428612691378
2007-09-14,0.05,0.0,0.0,0.95,0.0005578391074572586,1.0114067489486476
2007-09-17,0.05,0.0,0.0,0.95,-0.0004645931142409687,1.0109368563373893
2007-09-18,0.05,0.0,0.0,0.95,0.0010226049515608237,1.0119706453723953
2007-09-19,0.05,0.0,0.0,0.95,-0.0008357771260997903,1.0111248634547085
2007-09-20,0.05,0.0,0.0,0.95,-0.004368457098131301,1.0067078078678529
2007-09-21,0.05,0.0,0.0,0.95,0.0012138785138589901,1.0079298288455576
2007-09-24,0.05,0.0,0.0,0.95,0.00018651222145872335,1.0081178200770102
2007-09-25,0.05,0.0,0.0,0.95,0.0010256158602415133,1.0091517617022734
2007-09-26,0.05,0.0,0.0,0.95,0.00027941176470583915,1.0094337305768666
2007-09-27,0.05,0.0,0.0,0.95,0.0012104283054002794,1.0106555777367825
2007-09-28,0.05,0.0,0.0,0.95,-0.00018598277212209522,1.0104676132107744
2007-10-01,0.05,0.0,0.0,0.95,-0.0002790287840219396,1.0101856636613666
2007-10-02,0.05,0.0,0.058155207509155926,0.891844792490844,0.0009303692096758187,1.011125509298893
2007-10-03,0.05,0.0,0.0,0.95,-0.0006340409672545075,1.0104844143029614
2007-10-04,0.05,0.0,0.05,0.8999999999999999,0.00046504797336975877,1.0109543380319546
2007-10-05,0.05,0.0,0.0,0.95,-0.00400677768475301,1.006903668750024
2007-10-08,0.05,0.0,0.0,0.95,0.0,1.006903668750024
2007-10-09,0.05,0.0,0.0,0.95,-0.0007468553459119231,1.0061516573621996
2007-10-10,0.05,0.0,0.0,0.95,-0.00018686073957528414,1.00596364711938
2007-10-11,0.05,0.0,0.0,0.95,-0.00037379500295093844,1.0055876229349365
2007-10-12,0.05,0.0,0.0,0.95,-0.0013087974808108748,1.0042715123873047
2007-10-15,0.05,0.0,0.0,0.95,0.0005616870319275602,1.004835598672347
2007-10-16,0.05,0.0,0.0,0.95,0.0014033878274570142,1.0062457727201193
2007-10-17,0.05,0.0,0.05,0.8999999999999999,0.004203953191070897,1.0104759828473477
2007-10-18,0.05,0.0,0.05,0.8999999999999999,0.001935138724155094,1.0124313940515843
2007-10-19,0.05,0.0,0.1963484465722351,0.7536515534277648,0.0033547005638203003,1.0158277982200385
2007-10-22,0.05,0.0,0.1963484465722351,0.7536515534277648,-0.0004537390421783384,1.015366877487856
2007-10-23,0.05,0.0,0.1963484465722351,0.7536515534277648,3.898122822560002e-05,1.01540645773584
2007-10-24,0.05,0.0,0.1963484465722351,0.7536515534277648,0.002635199892216652,1.0180822567238217
2007-10-25,0.05,0.0,0.1963484465722351,0.7536515534277648,-0.0007844518811882013,1.0172836201823303
2007-10-26,0.05,0.0,0.1396935655666203,0.8103064344333797,-0.0011513838538157932,1.0161123362473012
2007-10-29,0.05,0.0,0.1396935655666203,0.8103064344333797,-0.00035695591369357425,1.0157496289399008
2007-10-30,0.05,0.0,0.1396935655666203,0.8103064344333797,-0.0001204822360332582,1.0156272491533562
2007-10-31,0.05,0.0,0.0,0.95,-0.0036728397201083876,1.0118970130518414
2007-11-01,0.05,0.0,0.18203764254368002,0.7679623574563199,0.004177252296267275,1.0161239621731983
2007-11-02,0.05,0.0,0.18203764254368002,0.7679623574563199,0.003309335559425312,1.0194866573340022
2007-11-05,0.05,0.0,0.18203764254368002,0.7679623574563199,-0.001342002912429658,1.0181185032706768
2007-11-06,0.05,0.0,0.09928204974257197,0.8507179502574279,-0.0011996377780307196,1.0168971298516412
2007-11-07,0.05,0.0,0.09928204974257197,0.8507179502574279,0.0016922363892666542,1.018617960178917
2007-11-08,0.05,0.0,0.09928204974257197,0.8507179502574279,0.0028269733142677373,1.0214975659697767
2007-11-09,0.05,0.0,0.09928204974257197,0.8507179502574279,0.001302344380709965,1.0228279075847262
2007-11-12,0.05,0.0,0.16024942571920606,0.7897505742807939,0.0,1.0228279075847262
2007-11-13,0.05,0.0,0.05999092526175522,0.8900090747382448,-0.0024020726039809728,1.0203710006893298
2007-11-14,0.05,0.0,0.0,0.95,-0.0003981730050879152,1.0199647165016807
2007-11-15,0.05,0.0,0.12429769999262477,0.8257023000073751,0.004780336752467651,1.024840491322194
2007-11-16,0.05,0.0,0.12429769999262477,0.8257023000073751,0.00028098314632550955,1.0251284542279275
2007-11-19,0.05,0.0,0.12429769999262477,0.8257023000073751,0.0028941196160723105,1.0280952985963026
2007-11-20,0.05,0.0,0.1799413569827613,0.7700586430172386,0.0009999017823975427,1.0291232929178435
2007-11-21,0.05,0.0,0.1799413569827613,0.7700586430172386,0.0023871273796616022,1.0315799413074154
2007-11-23,0.05,0.0,0.1799413569827613,0.7700586430172386,-0.0009672926079974687,1.0305821016556302
2007-11-26,0.05,0.0,0.2359114554057091,0.7140885445942909,0.005323925637411418,1.0360688441280919
2007-11-27,0.05,0.0,0.2359114554057091,0.7140885445942909,-0.0035638503765177505,1.0323764497878476
2007-11-28,0.05,0.0,0.1532779960680102,0.7967220039319898,-0.0036172183128343476,1.028642118787936
2007-11-29,0.05,0.0,0.1532779960680102,0.7967220039319898,0.0029299568038473754,1.0316559957626028
2007-11-30,0.05,0.0,0.1532779960680102,0.7967220039319898,0.0008368928612730955,1.0325193813007463
2007-12-03,0.05,0.0,0.21296391201099865,0.7370360879890013,0.003617428915653138,1.036254446766636
2007-12-04,0.05,0.0,0.21296391201099865,0.7370360879890013,8.393309964292736e-05,1.036341422814372
2007-12-05,0.05,0.0,0.21296391201099865,0.7370360879890013,-0.00041361130065163145,1.0359127802905626
2007-12-06,0.05,0.0,0.13946259282231913,0.8105374071776807,-0.003420447135507891,1.0323694953885816
2007-12-07,0.05,0.0,0.05,0.8999999999999998,-0.004535006639470957,1.027687692872607
2007-12-10,0.05,0.0,0.05,0.8999999999999998,-0.0010232233987932935,1.026636138778608
2007-12-11,0.05,0.0,0.17860967449830278,0.7713903255016972,0.006162258409661813,1.0329625359584593
2007-12-12,0.05,0.0,0.11627901377841633,0.8337209862215836,-0.0036113499669220075,1.029232146738394
2007-12-13,0.05,0.0,0.05,0.8999999999999999,-0.00309495058418098,1.0260467241045883
2007-12-14,0.05,0.0,0.0,0.95,-0.002669068622395104,1.0233081349881694
2007-12-17,0.05,0.0,0.0,0.95,0.0015536315536315735,1.0248979787957748
2007-12-18,0.05,0.0,0.06461218277789528,0.8853878172221047,0.002372262773722489,1.0273293061177355
2007-12-19,0.05,0.0,0.06461218277789528,0.8853878172221047,0.0015582435094128055,1.028930135341023
2007-12-20,0.05,0.0,0.06461218277789528,0.8853878172221047,0.0017121684275702288,1.0306918370329294
2007-12-21,0.05,0.0,0.0,0.95,-0.004970201588971856,1.025569090826768
2007-12-24,0.05,0.0,0.0,0.95,-0.0015499040307101418,1.023979557159124
2007-12-26,0.05,0.0,0.0,0.95,-0.002648274536191558,1.0212677781723187
2007-12-27,0.05,0.0,0.0,0.95,0.0027472527472528485,1.0240734588815834
2007-12-28,0.05,0.0,0.05,0.8999999999999998,0.0038350634371393743,1.028000845560685
2007-12-31,0.05,0.0,0.10518483685115762,0.8448151631488424,0.0012698961004534157,1.0293062998257254
2008-01-02,0.05,0.0,0.22621506965338142,0.7237849303466186,0.005639620661683064,1.035111196901423
2008-01-03,0.05,0.0,0.22621506965338142,0.7237849303466186,0.00011688332639456795,1.035232184141305
2008-01-04,0.05,0.0,0.22621506965338142,0.7237849303466186,0.002533598996022217,1.0378550473636954
2008-01-07,0.05,0.0,0.22621506965338142,0.7237849303466186,2.390124542118728e-05,1.037879853391894
2008-01-08,0.05,0.0,0.22621506965338142,0.7237849303466186,0.00011635104220741704,1.0380006117945222
2008-01-09,0.05,0.0,0.22621506965338142,0.7237849303466186,0.0016215844401770605,1.0396838174355023
2008-01-10,0.05,0.0,0.17577760189179567,0.7742223981082043,-0.002833249792114124,1.0367381334758887
2008-01-11,0.05,0.0,0.17577760189179567,0.7742223981082043,0.0033004556490850677,1.040159841705141
2008-01-14,0.05,0.0,0.17577760189179567,0.7742223981082043,0.0003793495307476664,1.0405544258529944
2008-01-15,0.05,0.0,0.23976630147146347,0.7102336985285365,0.00245979921660092,1.0431139808145382
2008-01-16,0.05,0.0,0.23976630147146347,0.7102336985285365,5.9065528821131814e-05,1.0431755928934356
2008-01-17,0.05,0.0,0.23976630147146347,0.7102336985285365,0.002368526372426252,1.0456463817962751
2008-01-18,0.05,0.0,0.23976630147146347,0.7102336985285365,0.0007808502752362506,1.0464628750613005
2008-01-22,0.05,0.0,0.23976630147146347,0.7102336985285365,0.006854139783389589,1.0536354778850985
2008-01-23,0.05,0.0,0.23976630147146347,0.7102336985285365,0.0019852495406716734,1.0557272072336052
2008-01-24,0.05,0.0,0.23976630147146347,0.7102336985285365,-0.008113085581736738,1.0471620020503511
2008-01-25,0.05,0.0,0.23976630147146347,0.7102336985285365,0.001877812171962287,1.0491283756038177
2008-01-28,0.05,0.0,0.23976630147146347,0.7102336985285365,-6.641422279112313e-05,1.0490586985581438
2008-01-29,0.05,0.0,0.23976630147146347,0.7102336985285365,-0.0027460028062601715,1.0461779804279716
2008-01-30,0.05,0.0,0.23976630147146347,0.7102336985285365,-0.0022168796441396944,1.0438587297590136
2008-01-31,0.05,0.0,0.23976630147146347,0.7102336985285365,0.003826326629176948,1.0478528742137894
2008-02-01,0.05,0.0,0.23976630147146347,0.7102336985285365,0.0020330064865068482,1.049983165903971
2008-02-04,0.05,0.0,0.23976630147146347,0.7102336985285365,-0.0009541996085455499,1.0489812723780858
2008-02-05,0.05,0.0,0.23976630147146347,0.7102336985285365,0.003063289823167483,1.052194606034455
2008-02-06,0.05,0.0,0.23976630147146347,0.7102336985285365,-0.0005892413549359106,1.051574609459139
2008-02-07,0.05,0.0,0.1856795520376445,0.7643204479623554,-0.0035830298275513414,1.0478067862675513
2008-02-08,0.05,0.0,0.1856795520376445,0.7643204479623554,0.002622881060785482,1.0505550588426151
2008-02-11,0.05,0.0,0.1856795520376445,0.7643204479623554,0.0008758213570615264,1.0514751573999184
2008-02-12,0.05,0.0,0.1856795520376445,0.7643204479623554,-0.002276835482476253,1.049081121452608
2008-02-13,0.05,0.0,0.1856795520376445,0.7643204479623554,0.000554747008658762,1.049663096066574
2008-02-14,0.05,0.0,0.11556021419633006,0.8344397858036698,-0.003071607743329679,1.0464389427728085
2008-02-15,0.05,0.0,0.11556021419633006,0.8344397858036698,0.0005145559702985929,1.046977394178365
2008-02-19,0.05,0.0,0.0,0.95,-0.004041783785841233,1.0427457379224327
2008-02-20,0.05,0.0,0.0,0.95,-0.00241048773611498,1.0402322121092846
2008-02-21,0.05,0.0,0.0,0.95,0.005370265686828679,1.045818535464309
2008-02-22,0.05,0.0,0.0,0.95,-0.0002670039347948239,1.0455392978002587
2008-02-25,0.05,0.0,0.0,0.95,-0.004362290319557599,1.0409783518427476
2008-02-26,0.05,0.0,0.0,0.95,0.001878177367727507,1.042933493823473
2008-02-27,0.05,0.0,0.0,0.95,0.0006248238278680152,1.0435851435212955
2008-02-28,0.05,0.0,0.05939088743786256,0.8906091125621373,0.004727699530516538,1.0485189005143751
2008-02-29,0.05,0.0,0.12480559907913845,0.8251944009208614,0.0080907408535133,1.0570021952184476
2008-03-03,0.05,0.0,0.12480559907913845,0.8251944009208614,0.00017077780890041745,1.05718270773735
2008-03-04,0.05,0.0,0.05962344240985386,0.8903765575901462,-0.0011818372877365137,1.0559332897933957
2008-03-05,0.05,0.0,0.0,0.95,-0.0030766929418454135,1.0526845072936288
2008-03-06,0.05,0.0,0.0,0.95,0.0027380066939382774,1.055566764521204
2008-03-07,0.05,0.0,0.08658812681632055,0.8634118731836794,0.002906276073050917,1.0586345329524396
2008-03-10,0.05,0.0,0.08658812681632055,0.8634118731836794,0.002505615379835029,1.0612870639198297
2008-03-11,0.05,0.0,0.0,0.95,-0.007716422585811032,1.0530977244497697
2008-03-12,0.05,0.0,0.0,0.95,0.004059451927542945,1.0573727240371784
2008-03-13,0.05,0.0,0.0,0.95,-0.0005272407732865303,1.056815234024505
2008-03-14,0.05,0.0,0.0,0.95,0.005890791300323983,1.0630407120111462
2008-03-17,0.05,0.0,0.0,0.95,0.0037573583517292227,1.0670349369086494
2008-03-18,0.05,0.0,0.0,0.95,-0.006266605588639462,1.060348249809744
2008-03-19,0.05,0.0,0.0,0.95,0.0032417227704509386,1.0637856048757601
2008-03-20,0.05,0.0,0.0,0.95,-8.731617647050882e-05,1.063692719184158
2008-03-24,0.05,0.0,0.0,0.95,-0.008121150841070028,1.0550543101631156
2008-03-25,0.05,0.0,0.0,0.95,0.0003523085481179522,1.0554260148153147
2008-03-26,0.05,0.0,0.0,0.95,0.0008804448563484168,1.0563552592213152
2008-03-27,0.05,0.0,0.0,0.95,-0.0008796296296295913,1.0554260578358892
2008-03-28,0.05,0.0,0.0,0.95,0.0016728452270619919,1.0571916222792568
2008-03-31,0.05,0.0,0.0,0.95,-0.0011425663798686812,1.0559837106745618
2008-04-01,0.05,0.0,0.0,0.95,-0.005367728788440184,1.05031547651065
2008-04-02,0.05,0.0,0.0,0.95,-0.002389380530973373,1.0478058731596953
2008-04-03,0.05,0.0,0.0,0.95,-0.000887187149794516,1.0468762732535488
2008-04-04,0.05,0.0,0.0,0.95,0.003552065806692772,1.0505948466676107
2008-04-07,0.05,0.0,0.0,0.95,-0.0033618923449431626,1.047062859894962
2008-04-08,0.05,0.0,0.0,0.95,0.0003551401869158921,1.047434713994738
2008-04-09,0.05,0.0,0.0,0.95,0.004082585949177775,1.0517109562407738
2008-04-10,0.05,0.0,0.0,0.95,-0.0025627906976744552,1.0490156411854776
2008-04-11,0.05,0.0,0.0,0.95,0.00212666728849934,1.051246548434711
2008-04-14,0.05,0.0,0.0,0.95,-0.0007073057235923719,1.0505029957340966
2008-04-15,0.05,0.0,0.0,0.95,-0.0015926236378877522,1.0488299398314187
2008-04-16,0.05,0.0,0.0,0.95,-0.00558354324097397,1.0429737525099418
2008-04-17,0.05,0.0,0.0,0.95,-0.0025853978978979284,1.0402772503626398
2008-04-18,0.05,0.0,0.0,0.95,-0.0015197139362002898,1.0386963265277516
2008-04-21,0.05,0.0,0.0,0.95,0.0007163053722904489,1.0394403502866219
2008-04-22,0.05,0.0,0.0,0.95,-0.0008947071011490892,1.0385103556239994
2008-04-23,0.05,0.0,0.0,0.95,-0.00026866515837103977,1.0382313440748359
2008-04-24,0.05,0.0,0.0,0.95,-0.004479019330504458,1.033581085815189
2008-04-25,0.05,0.0,0.0,0.95,-0.0014400757934627305,1.0320926507129258
2008-04-28,0.05,0.0,0.0,0.95,0.0013521206945630749,1.0334881645446612
2008-04-29,0.05,0.0,0.0,0.95,0.0006300928557892438,1.0341393580536835
2008-04-30,0.05,0.0,0.0,0.95,0.0008995360287850751,1.0350696036650375
2008-05-01,0.05,0.0,0.0,0.95,-0.000898685081827566,1.0341394020535706
2008-05-02,0.05,0.0,0.0,0.95,-0.0034182369093835596,1.030604468580023
2008-05-05,0.05,0.0,0.0,0.95,0.0004513921885393457,1.031069675386614
2008-05-06,0.05,0.0,0.0,0.95,-0.0006316489361703092,1.0304184013230386
2008-05-07,0.05,0.0,0.0,0.95,0.001354433989164594,1.0318140350288514
2008-05-08,0.05,0.0,0.0,0.95,0.0027951784358390295,1.0346981393693602
2008-05-09,0.05,0.0,0.0,0.95,0.0009889277940758224,1.035721381117861
2008-05-12,0.05,0.0,0.0,0.95,-0.0008980903762525138,1.034791209713
2008-05-13,0.05,0.0,0.0,0.95,-0.0058431112793338735,1.0287448095237706
2008-05-14,0.05,0.0,0.0,0.95,-0.0018090069503951976,1.026883803013159
2008-05-15,0.05,0.0,0.0,0.95,0.0032624248783745032,1.0302339342793092
2008-05-16,0.05,0.0,0.0,0.95,-0.0002709383021199607,1.029954804446369
2008-05-19,0.05,0.0,0.0,0.95,0.0008130467858501244,1.030792205889695
2008-05-20,0.05,0.0,0.0,0.95,0.002617577197149745,1.0334903840628316
2008-05-21,0.05,0.0,0.0,0.95,-0.0025203714231570805,1.030885604432732
2008-05-22,0.05,0.0,0.0,0.95,-0.004151624548736482,1.02660575445043
2008-05-23,0.05,0.0,0.0,0.95,0.0031727099236641076,1.0298628767152653
2008-05-27,0.05,0.0,0.0,0.95,-0.0030718021873514852,1.0266993416778993
2008-05-28,0.05,0.0,0.0,0.95,-0.0034443278313137145,1.0231630525609667
2008-05-29,0.05,0.0,0.0,0.95,-0.0020923106387053746,1.0210222776209632
2008-05-30,0.05,0.0,0.0,0.95,0.000729366602687076,1.0217669771708595
2008-06-02,0.05,0.0,0.0,0.95,0.005374952052167181,1.0272589256816407
2008-06-03,0.05,0.0,0.0,0.95,0.003080003814246135,1.0304228870909586
2008-06-04,0.05,0.0,0.0,0.95,-0.0009029559927762553,1.029492460569966
2008-06-05,0.05,0.0,0.0,0.95,-0.002801826657787065,1.0266080011499503
2008-06-06,0.88,0.12,0.0,0.0,0.003263358778625891,1.0299581913827107
2008-06-09,0.88,0.12,0.0,0.0,-0.00026613158728481243,1.029684086974401
2008-06-10,0.1,0.0,0.0,0.9,-0.0003175275190516524,1.0293571339408571
2008-06-11,0.88,0.12,0.0,0.0,0.00181835674427564,1.0312288724276266
2008-06-12,0.1,0.0,0.0,0.9,-0.0001784197111299912,1.0310448808700992
2008-06-13,0.1,0.0,0.0,0.9,-0.0019128586609989395,1.0290726377398483
2008-06-16,0.1,0.0,0.0,0.9,0.000435666569851767,1.0295209702860606
2008-06-17,0.1,0.0,0.0,0.9,0.0016547319527772332,1.0312245515316472
2008-06-18,0.1,0.0,0.0,0.9,0.0027818023761227773,1.0340932144394142
2008-06-19,0.1,0.0,0.0,0.9,-0.002599903707270057,1.0314046716575302
2008-06-20,0.1,0.0,0.0,0.9,0.002955094157411842,1.0344525695766729
2008-06-23,0.1,0.0,0.0,0.9,-0.0017326017903552039,1.0326602752025869
2008-06-24,0.1,0.0,0.0,0.9,0.0026907127013211965,1.0354388673212243
2008-06-25,0.1,0.0,0.0,0.9,0.0,1.0354388673212243
2008-06-26,0.1,0.0,0.0,0.9,0.004153846153846219,1.0397399210777893
2008-06-27,0.1,0.0,0.0,0.9,0.0011198315467074282,1.0409042546417833
2008-06-30,0.1,0.0,0.0,0.9,-0.0009463722397476282,1.039919171750955
2008-07-01,0.1,0.0,0.0,0.9,-0.00034449760765553616,1.0395609220841318
2008-07-02,0.1,0.0,0.0,0.9,0.0013785180930500963,1.0409939756240525
2008-07-03,0.1,0.0,0.0,0.9,0.0005161536991016291,1.0415312885153134
2008-07-07,0.1,0.0,0.0,0.9,0.001891478792510437,1.0435013228592762
2008-07-08,0.1,0.0,0.0,0.9,0.0012011439466159013,1.0447547181565144
2008-07-09,0.1,0.0,0.0,0.9,0.0016279512566641063,1.0464555279128431
2008-07-10,0.1,0.0,0.0,0.9,0.0005131616459184141,1.0469925287539272
2008-07-11,0.1,0.0,0.0,0.9,-0.005727039604900808,1.0409963610757182
2008-07-14,0.1,0.0,0.0,0.9,0.002838845345058361,1.0439515887495807
2008-07-15,0.1,0.0,0.0,0.9,0.0020581229156741323,1.0461001694372407
2008-07-16,0.1,0.0,0.0,0.9,-0.0021389865956839673,1.0438625751970716
2008-07-17,0.1,0.0,0.0,0.9,-0.004373927958833546,1.0392967954942371
2008-07-18,0.1,0.0,0.0,0.9,-0.0017236426314277686,1.037505419230817
2008-07-21,0.1,0.0,0.0,0.9,0.0,1.037505419230817
2008-07-22,0.1,0.0,0.0,0.9,-0.0014679075122325802,1.035982457231946
2008-07-23,0.1,0.0,0.0,0.9,-0.002162214107245808,1.03374244134806
2008-07-24,0.1,0.0,0.0,0.9,0.005375204700895875,1.0392990185783098
2008-07-25,0.1,0.0,0.0,0.9,-0.0029301924734272066,1.0362536724164313
2008-07-28,0.1,0.0,0.0,0.9,0.003545009126717225,1.0399272011427418
2008-07-29,0.1,0.0,0.0,0.9,-0.0011196172248803427,1.0387628807357208
2008-07-30,0.1,0.0,0.0,0.9,-0.00025869502730669903,1.0384941579439237
2008-07-31,0.1,0.0,0.0,0.9,0.002070155261644513,1.0406440020891783
2008-08-01,0.1,0.0,0.0,0.9,0.001032702237521499,1.041718677478599
2008-08-04,0.1,0.0,0.0,0.9,-0.0008595988538682265,1.0408232172973853
2008-08-05,0.1,0.0,0.0,0.9,-0.0007743785850859553,1.04001722608705
2008-08-06,0.1,0.0,0.0,0.9,-0.0011195100947278935,1.0388529163037545
2008-08-07,0.1,0.0,0.0,0.9,0.004569840965702232,1.0436003089180186
2008-08-08,0.1,0.0,0.0,0.9,-0.001458392908207029,1.04207832962849
2008-08-11,0.1,0.0,0.0,0.9,-0.0017185411495129644,1.0402874751380076
2008-08-12,0.1,0.0,0.0,0.9,0.003357566481729535,1.043780309495894
2008-08-13,0.1,0.0,0.0,0.9,-0.0012008005336891058,1.0425269375431971
2008-08-14,0.1,0.0,0.0,0.9,0.0015459490409389653,1.044138631062445
2008-08-15,0.1,0.0,0.0,0.9,0.0012860817376392885,1.045481478687418
2008-08-18,0.1,0.0,0.0,0.9,0.0012842465753423627,1.0468241346960063
2008-08-19,0.1,0.0,0.0,0.9,-0.00034197777144474585,1.0464661441113283
2008-08-20,0.1,0.0,0.0,0.9,0.0017960657607146492,1.0483456661225137
2008-08-21,0.1,0.0,0.0,0.9,-0.0017924886191198143,1.0464665184470854
2008-08-22,0.1,0.0,0.0,0.9,-0.0018815927017010515,1.044497494683401
2008-08-25,0.1,0.0,0.0,0.9,0.0029140081896960267,1.0475411689370253
2008-08-26,0.1,0.0,0.0,0.9,-0.0002562885619364241,1.0472726961172694
2008-08-27,0.1,0.0,0.0,0.9,0.0007690846942650431,1.0480781375185748
2008-08-28,0.1,0.0,0.0,0.9,-0.0011099516174935765,1.0469148214945765
2008-08-29,0.1,0.0,0.0,0.9,-0.0004274316109421861,1.0464673370059059
2008-09-02,0.1,0.0,0.0,0.9,0.0036776584624155007,1.050315886463487
2008-09-03,0.1,0.0,0.0,0.9,0.0015332197614992495,1.0519262515364294
2008-09-04,0.1,0.0,0.0,0.9,0.00170068027210879,1.0537152417601308
2008-09-05,0.1,0.0,0.0,0.9,-0.001357978121463721,1.0522843195155676
2008-09-08,0.1,0.0,0.0,0.9,-0.0011050245561011974,1.0511215195025025
2008-09-09,0.1,0.0,0.0,0.9,0.0023829787234043386,1.0536263197191895
2008-09-10,0.1,0.0,0.0,0.9,-0.0012732245590870717,1.0522848168128225
2008-09-11,0.1,0.0,0.0,0.9,0.0009350207782394593,1.0532687249811683
2008-09-12,0.1,0.0,0.0,0.9,-0.0028021511463345197,1.050317306816064
2008-09-15,0.1,0.0,0.0,0.9,0.011158432708688238,1.0620372018069417
2008-09-16,0.1,0.0,0.0,0.9,-0.002187529213798323,1.0597139644018485
2008-09-17,0.1,0.0,0.0,0.9,0.0055664886140007535,1.065612850118789
2008-09-18,0.1,0.0,0.0,0.9,-0.00033528918692380397,1.065255561652697
2008-09-19,0.1,0.0,0.0,0.9,-0.014758222305040536,1.0495342832621457
2008-09-22,0.1,0.0,0.0,0.9,-0.0011935208866153625,1.0482816421738534
2008-09-23,0.1,0.0,0.0,0.9,0.0002560940908657772,1.0485501009079772
2008-09-24,0.1,0.0,0.0,0.9,0.003925659017636996,1.0526663510670509
2008-09-25,0.1,0.0,0.0,0.9,-0.004503398791540813,1.0479257746937598
2008-09-26,0.1,0.0,0.0,0.9,0.0018787361229718913,1.0498945507008703
2008-09-29,0.1,0.0,0.0,0.9,0.008948016286336546,1.0592890242394777
2008-09-30,0.1,0.0,0.0,0.9,-0.0102943933995875,1.0483842863000914
2008-10-01,0.1,0.0,0.0,0.9,0.0030728376327768814,1.0516058009886462
2008-10-02,0.1,0.0,0.0,0.9,0.0054442344045368745,1.0573309894703993
2008-10-03,0.1,0.0,0.0,0.9,0.00025366403607658406,1.0575991963166573
2008-10-06,0.1,0.0,0.0,0.9,0.00870667793744726,1.0668073719058895
2008-10-07,0.1,0.0,0.0,0.9,-0.002846511627907,1.0637706923170225
2008-10-08,0.1,0.0,0.0,0.9,-0.007726763717805152,1.055551187527563
2008-10-09,0.1,0.0,0.0,0.9,-0.004405120481927716,1.0509013573716621
2008-10-10,0.1,0.0,0.0,0.9,0.002128263337116865,1.0531379522014825
2008-10-13,0.1,0.0,0.0,0.9,0.0,1.0531379522014825
2008-10-14,0.1,0.0,0.0,0.9,-0.006369727281306037,1.046429750656366
2008-10-15,0.1,0.0,0.0,0.9,0.0018817715263257596,1.0483988923654513
2008-10-16,0.1,0.0,0.0,0.9,0.00196320182094083,1.0504571109800154
2008-10-17,0.1,0.0,0.0,0.9,-0.0004258540740039063,1.0500097695397381
2008-10-20,0.1,0.0,0.0,0.9,0.000596477939784057,1.0506360772038263
2008-10-21,0.1,0.0,0.0,0.9,0.00630144762986109,1.0572566054223689
2008-10-22,0.1,0.0,0.0,0.9,0.0015221272197688985,1.0588658844797627
2008-10-23,0.1,0.0,0.0,0.9,0.002194916049151119,1.0611900062035058
2008-10-24,0.1,0.0,0.0,0.9,-0.0038738654439974597,1.0570790989089585
2008-10-27,0.1,0.0,0.0,0.9,-0.0013532562729066666,1.0556485999874015
2008-10-28,0.1,0.0,0.0,0.9,-0.002032941176470582,1.0535025284806037
2008-10-29,0.1,0.0,0.0,0.9,-0.0005093859069899009,1.0529658891396174
2008-10-30,0.1,0.0,0.0,0.9,-0.0012741859367626396,1.051624214811785
2008-10-31,0.1,0.0,0.0,0.9,-0.0011058601134215308,1.0504612655383163
2008-11-03,0.1,0.0,0.0,0.9,0.003832686666035756,1.054487354423932
2008-11-04,0.1,0.0,0.0,0.9,0.003986053524312117,1.058690597459376
2008-11-05,0.1,0.0,0.0,0.9,0.00160427807486625,1.0603890315729472
2008-11-06,0.1,0.0,0.0,0.9,0.0001685708934256347,1.0605677822993782
2008-11-07,0.1,0.0,0.0,0.9,-0.002191011235954932,1.0582440663718684
2008-11-10,0.1,0.0,0.0,0.9,0.001267129716538218,1.0595849988757184
2008-11-11,0.1,0.0,0.0,0.9,0.0,1.0595849988757184
2008-11-12,0.1,0.0,0.0,0.9,0.004302183897272416,1.0641435283956728
2008-11-13,0.1,0.0,0.0,0.9,-0.0015951492537313317,1.0624460606404893
2008-11-14,0.1,0.0,0.0,0.9,0.0015138772077375685,1.0640544735161437
2008-11-17,0.1,0.0,0.0,0.9,0.0016792611251049473,1.0658412988285133
2008-11-18,0.1,0.0,0.0,0.9,0.003938914237824664,1.0700395562957306
2008-11-19,0.1,0.0,0.0,0.9,0.0031707769330612703,1.0734324130382962
2008-11-20,0.1,0.0,0.0,0.9,0.005903547671840381,1.0797694724611664
2008-11-21,0.1,0.0,0.0,0.9,-0.0021477742083525044,1.0774503714372479
2008-11-24,0.1,0.0,0.0,0.9,-0.005879105713497002,1.0711159268025217
2008-11-25,0.1,0.0,0.0,0.9,0.006501203926653188,1.078079469871751
2008-11-26,0.1,0.0,0.0,0.9,0.002151526296432338,1.0803989862008239
2008-11-28,0.1,0.0,0.0,0.9,0.0018161805173361855,1.0823611857905115
2008-12-01,0.1,0.0,0.0,0.9,0.008403515195899037,1.0914568244627534
2008-12-02,0.1,0.0,0.0,0.9,0.000734627244694197,1.092258638382411
2008-12-03,0.1,0.0,0.0,0.9,0.0010602628001813664,1.0934167195848647
2008-12-04,0.1,0.0,0.0,0.9,0.0027697320782040127,1.0964451909479436
2008-12-05,0.1,0.0,0.0,0.9,-0.004385489983757418,1.0916367415453023
2008-12-08,0.1,0.0,0.0,0.9,-0.002203482045701799,1.089231339584879
2008-12-09,0.1,0.0,0.0,0.9,0.0029451868011998172,1.0924393293496775
2008-12-10,0.1,0.0,0.0,0.9,-0.00032617559119332287,1.092083002305584
2008-12-11,0.1,0.0,0.0,0.9,0.0025287773044503806,1.0948446370163905
2008-12-12,0.1,0.0,0.0,0.9,0.0010574837310195707,1.0960024174080294
2008-12-15,0.1,0.0,0.0,0.9,0.001624988715356235,1.0977834089683207
2008-12-16,0.1,0.0,0.0,0.9,0.005190592051905929,1.1034815548056258
2008-12-17,0.1,0.0,0.0,0.9,0.0012095690350328204,1.1048162919250486
2008-12-18,0.1,0.0,0.0,0.9,0.0024964209019326723,1.107574378409006
2008-12-19,0.1,0.0,0.0,0.9,-0.0025698224324082197,1.1047281089258099
2008-12-22,0.1,0.0,0.0,0.9,-0.0013691275167785123,1.103215595273321
2008-12-23,0.1,0.0,0.0,0.9,-0.0006452769313496809,1.102503715699386
2008-12-24,0.1,0.0,0.0,0.9,-0.0012914798206277946,1.101079854398393
2008-12-26,0.1,0.0,0.0,0.9,0.0014550026944494033,1.1026819285533467
2008-12-29,0.1,0.0,0.0,0.9,0.0016947632711621808,1.1045507133856332
2008-12-30,0.1,0.0,0.0,0.9,0.0,1.1045507133856332
2008-12-31,0.1,0.0,0.0,0.9,-0.008457889555177667,1.0952085454437248
2009-01-02,0.1,0.0,0.0,0.9,-0.006017347307553367,1.0886182952515897
2009-01-05,0.1,0.0,0.0,0.9,0.0001637256685465216,1.0887965300097717
2009-01-06,0.1,0.0,0.0,0.9,-0.00040923972353580363,1.0883509512188438
2009-01-07,0.1,0.0,0.0,0.9,0.0007369666090438321,1.0891530295288132
2009-01-08,0.1,0.0,0.0,0.9,0.0014727272727272922,1.0907570548995738
2009-01-09,0.1,0.0,0.0,0.9,0.0015520058086767152,1.0924499161846328
2009-01-12,0.05,0.0,0.12681573887137393,0.823184261128626,0.002609404729545983,1.095300560162717
2009-01-13,0.05,0.0,0.12681573887137393,0.823184261128626,7.5097946134406785e-06,1.095308785644964
2009-01-14,0.05,0.0,0.12681573887137393,0.823184261128626,0.001927566814768929,1.097420066512098
2009-01-15,0.05,0.0,0.12681573887137393,0.823184261128626,-0.0004876535059793139,1.0968849057691312
2009-01-16,0.05,0.0,0.12681573887137393,0.823184261128626,-0.002672435152009247,1.0939535519892454
2009-01-20,0.05,0.0,0.05,0.9,-0.0008079990177267086,1.0930696385937995
2009-01-21,0.05,0.0,0.05,0.9,-0.005689820501119581,1.0868502685549772
2009-01-22,0.05,0.0,0.05,0.9,-0.0012289936799768808,1.085514536443842
2009-01-23,0.05,0.0,0.05,0.9,-0.0014386626127851853,1.0839528472646256
2009-01-26,0.05,0.0,0.05,0.9,-0.0010630423712234328,1.082800559459575
2009-01-27,0.05,0.0,0.05,0.9,0.0032294802192608164,1.0862974424477543
2009-01-28,0.05,0.0,0.05,0.9,-0.004001990870339189,1.0819500900006056
2009-01-29,0.05,0.0,0.05,0.9,-0.004418504688081976,1.077169488455667
2009-01-30,0.05,0.0,0.05,0.9,-0.0006185141057367228,1.076503243932788
2009-02-02,0.05,0.0,0.05,0.9,0.0036224591111357124,1.0804028329169395
2009-02-03,0.05,0.0,0.05,0.9,-0.0040018068606880956,1.0760792694478656
2009-02-04,0.05,0.0,0.05,0.9,-0.0022308741515618736,1.0736786720206228
2009-02-05,0.05,0.0,0.05,0.9,0.000823810542059622,1.0745631798294182
2009-02-06,0.05,0.0,0.05,0.9,-0.0023064092622903155,1.0720847973585435
2009-02-09,0.05,0.0,0.05,0.9,-0.00165348667854206,1.0703121194278438
2009-02-10,0.05,0.0,0.05,0.9,0.006509925851856547,1.0772797719636624
2009-02-11,0.05,0.0,0.05,0.9,0.0015640358881217065,1.0789646761885612
2009-02-12,0.05,0.0,0.05,0.9,0.001800781236508886,1.0809076555322974
2009-02-13,0.05,0.0,0.05,0.9,-0.005262494937822426,1.0752193844668052
2009-02-17,0.05,0.0,0.05,0.9,0.006327394561703314,1.0820227217527185
2009-02-18,0.05,0.0,0.05,0.9,-0.0034542507290541593,1.078285143977251
2009-02-19,0.05,0.0,0.05,0.9,-0.0036559828017053153,1.0743429520355359
2009-02-20,0.05,0.0,0.05,0.9,0.002299112466952863,1.0768129873103438
2009-02-23,0.05,0.0,0.05,0.9,-0.0008486682570422289,1.0758991303092427
2009-02-24,0.05,0.0,0.05,0.9,-0.001548570684598233,1.074233024456461
2009-02-25,0.05,0.0,0.05,0.9,-0.0048497160113139814,1.0690232993578723
2009-02-26,0.05,0.0,0.05,0.9,-0.0006611537100727872,1.0683165106373476
2009-02-27,0.05,0.0,0.05,0.9,0.00016140089874794317,1.0684889378823115
2009-03-02,0.05,0.0,0.05,0.9,0.004387585999636801,1.0731770249869306
2009-03-03,0.05,0.0,0.05,0.9,-0.0015929722138778469,1.0714674838055542
2009-03-04,0.05,0.0,0.05,0.9,-0.0029713434841441622,1.0682837858790761
2009-03-05,0.05,0.0,0.05,0.9,0.0054066946255097335,1.0740596700827079
2009-03-06,0.05,0.0,0.05,0.9,-0.0013722842148627514,1.0725857549516327
2009-03-09,0.05,0.0,0.05,0.9,-0.0020062580884430583,1.0704338711052122
2009-03-10,0.05,0.0,0.05,0.9,-0.0032200543589807175,1.0669870158525592
2009-03-11,0.05,0.0,0.05,0.9,0.0015873818084712777,1.0686807316313987
2009-03-12,0.05,0.0,0.05,0.9,0.0011623302394440428,1.069922891562085
2009-03-13,0.05,0.0,0.05,0.9,0.0010832594631150826,1.0710818956591732
2009-03-16,0.05,0.0,0.05,0.9,-0.001802471118770299,1.0691513014764098
2009-03-17,0.05,0.0,0.05,0.9,-0.0019229100621961871,1.0670954196807907
2009-03-18,0.05,0.0,0.05,0.9,0.015867283209772556,1.084027324916717
2009-03-19,0.05,0.0,0.05,0.9,-0.002629479650014177,1.0811768971257891
2009-03-20,0.05,0.0,0.05,0.9,-0.0003571083520186702,1.080790799825816
2009-03-23,0.05,0.0,0.05,0.9,-0.001137503515329702,1.0795613964916781
2009-03-24,0.05,0.0,0.05,0.9,-0.0001649711300522494,1.079383300028138
2009-03-25,0.05,0.0,0.05,0.9,-0.0036099269675462565,1.0754868051450475
2009-03-26,0.05,0.0,0.05,0.9,0.0019722969369903366,1.0776079844766087
2009-03-27,0.05,0.0,0.05,0.9,-0.0007549115295730158,1.0767944857847673
2009-03-30,0.05,0.0,0.05,0.9,0.001914140630091099,1.078855621860266
2009-03-31,0.05,0.0,0.05,0.9,-0.003909743526870513,1.07463757307627
2009-04-01,0.05,0.0,0.05,0.9,0.0006965547788533533,1.0753861170133316
2009-04-02,0.05,0.0,0.05,0.9,-0.0034252212961801143,1.0717026815837212
2009-04-03,0.88,0.12,0.0,0.0,-0.00542217255215855,1.0658917247195632
2009-04-06,0.88,0.12,0.0,0.0,0.0003167062549485422,1.0662292992958797
2009-04-07,0.88,0.12,0.0,0.0,0.0001579362990260602,1.0663976956053236
2009-04-08,0.88,0.12,0.0,0.0,0.0004100946372239722,1.0668350195814396
2009-04-09,0.05,0.12,0.83,0.0,0.0005501702908042905,1.067421960514403
2009-04-13,0.05,0.12,0.83,0.0,0.005064667464467267,1.0728280977886782
2009-04-14,0.05,0.12,0.83,0.0,0.0050512007180544315,1.0782471678465775
2009-04-15,0.05,0.12,0.83,0.0,0.0034911743251913882,1.0820115166751736
2009-04-16,0.05,0.12,0.83,0.0,0.000938943047716787,1.083027463866305
2009-04-17,0.05,0.12,0.83,0.0,0.0009076116948220225,1.0840104322583237
2009-04-20,0.05,0.12,0.83,0.0,0.004442096236037336,1.0888257109192838
2009-04-21,0.05,0.12,0.83,0.0,-0.002054162337221649,1.0865890861521148
2009-04-22,0.05,0.12,0.83,0.0,-0.000595994236284385,1.0859414853195586
2009-04-23,0.05,0.12,0.83,0.0,0.0024284328842897264,1.088578621332923
2009-04-24,0.05,0.12,0.83,0.0,0.0002041494231844199,1.088800854030559
2009-04-27,0.05,0.12,0.83,0.0,0.003973596727741295,1.0931273095412966
2009-04-28,0.05,0.12,0.83,0.0,-0.001098016559632644,1.0919270376536336
2009-04-29,0.05,0.12,0.83,0.0,0.0011556354383858024,1.0931889072344776
2009-04-30,0.05,0.12,0.83,0.0,0.010215788710834376,1.1043566941318128
2009-05-01,0.05,0.12,0.83,0.0,0.0018117595610366898,1.106357522931201
2009-05-04,0.05,0.12,0.83,0.0,0.00185207019637015,1.108406574725952
2009-05-05,0.05,0.12,0.83,0.0,0.0029490237480774527,1.1116752920373438
2009-05-06,0.05,0.12,0.83,0.0,0.0038171650458508075,1.1159187401044446
2009-05-07,0.05,0.12,0.83,0.0,0.002166309953629526,1.1183361659785747
2009-05-08,0.05,0.12,0.83,0.0,0.00405745117193649,1.1228737603658434
2009-05-11,0.05,0.12,0.83,0.0,0.003987978866309412,1.1273517571917155
2009-05-12,0.05,0.12,0.83,0.0,0.0006940989642655415,1.1281342508787453
2009-05-13,0.05,0.12,0.83,0.0,0.001629389266331489,1.129972420718108
2009-05-14,0.05,0.12,0.83,0.0,-0.0009639923681885676,1.1288831359282723
2009-05-15,0.05,0.12,0.83,0.0,-2.9306384056551054e-05,1.1288500524455358
2009-05-18,0.05,0.12,0.83,0.0,-0.002316275748133714,1.1262353244457768
2009-05-19,0.05,0.12,0.83,0.0,0.0018188895676347248,1.128283822128113
2009-05-20,0.05,0.12,0.83,0.0,0.005127459144373911,1.134069051329333
2009-05-21,0.05,0.12,0.83,0.0,-0.0024924806240882043,1.1312424061925166
2009-05-22,0.05,0.12,0.83,0.0,-0.0011939755158016663,1.1298917304570861
2009-05-26,0.05,0.12,0.83,0.0,0.0006902843985611361,1.130671677090684
2009-05-27,0.05,0.12,0.83,0.0,-0.0018733217429723558,1.128553565253827
2009-05-28,0.05,0.12,0.83,0.0,0.002303448498276312,1.1311531302689353
2009-05-29,0.05,0.12,0.83,0.0,0.008843146812736723,1.1411560834675902
2009-06-01,0.05,0.12,0.83,0.0,-0.0002388789857600503,1.1408834852597776
2009-06-02,0.05,0.12,0.83,0.0,0.006476682376237707,1.1482726252221003
2009-06-03,0.05,0.12,0.83,0.0,0.005363694524911839,1.15443160881511
2009-06-04,0.05,0.12,0.83,0.0,-0.0037789179830033832,1.1500691064484112
2009-06-05,0.05,0.12,0.83,0.0,-0.0056090029216427795,1.143618365470251
2009-06-08,0.05,0.12,0.83,0.0,-0.0003310399414983778,1.1432397821134492
2009-06-09,0.05,0.12,0.83,0.0,0.003130644106731717,1.146818858999904
2009-06-10,0.05,0.12,0.83,0.0,0.00023148239217554045,1.1470843273727773
2009-06-11,0.05,0.12,0.83,0.0,0.004228617954853737,1.151934908755237
2009-06-12,0.05,0.12,0.83,0.0,0.003187716109327283,1.1556069502207724
2009-06-15,0.05,0.12,0.83,0.0,0.0029581307519130303,1.159025386677345
2009-06-16,0.05,0.12,0.83,0.0,0.0012530990927714569,1.1604777603378895
2009-06-17,0.05,0.12,0.83,0.0,-0.0002946489666367458,1.160135826765001
2009-06-18,0.05,0.12,0.83,0.0,-0.0056132202459064475,1.1536237288542022
2009-06-19,0.05,0.12,0.83,0.0,0.0022525641455019116,1.1562223403032195
2009-06-22,0.05,0.12,0.83,0.0,0.0027630472495057496,1.1594170372604113
2009-06-23,0.05,0.12,0.83,0.0,0.00101401755778308,1.1605927064929862
2009-06-24,0.05,0.12,0.83,0.0,-0.0012720084827570687,1.159116422725301
2009-06-25,0.05,0.12,0.83,0.0,0.004527330052724082,1.1643641253405113
2009-06-26,0.05,0.12,0.83,0.0,0.0014358888451568117,1.1660360227997886
2009-06-29,0.05,0.12,0.83,0.0,0.0002078835530853773,1.1662784225112337
2009-06-30,0.05,0.12,0.83,0.0,0.0011200195438931004,1.1675846771380671
2009-07-01,0.05,0.12,0.83,0.0,0.000762786029207394,1.1684752944177048
2009-07-02,0.05,0.12,0.83,0.0,0.002903515500757736,1.1718679805472991
2009-07-06,0.05,0.12,0.83,0.0,0.00010069039970589833,1.171985976402663
2009-07-07,0.05,0.12,0.83,0.0,0.0016064331124630439,1.1738686934824984
2009-07-08,0.05,0.12,0.83,0.0,0.004914683164423284,1.1796378861876005
2009-07-09,0.05,0.12,0.83,0.0,-0.0038493217347744767,1.175097080433135
2009-07-10,0.05,0.12,0.83,0.0,0.003853057926569876,1.1796247975533871
2009-07-13,0.05,0.12,0.83,0.0,-0.0014567571343385498,1.1779063707137085
2009-07-14,0.05,0.12,0.83,0.0,-0.002010686024824547,1.1755379708355627
2009-07-15,0.05,0.12,0.83,0.0,-0.003232733390362179,1.171737769985604
2009-07-16,0.05,0.12,0.83,0.0,0.0028318976819696104,1.1750560114603026
2009-07-17,0.05,0.12,0.83,0.0,-0.0003211041316939844,1.1746786961200508
2009-07-20,0.05,0.12,0.83,0.0,0.0042657384179197,1.179689568162802
2009-07-21,0.05,0.12,0.83,0.0,0.005430080731623967,1.1860953777561805
2009-07-22,0.05,0.12,0.83,0.0,-0.0017395496787731668,1.1840321059228103
2009-07-23,0.05,0.12,0.83,0.0,-0.003613308739255498,1.1797538323669203
2009-07-24,0.05,0.12,0.83,0.0,0.0026637636725706047,1.1828964177681554
2009-07-27,0.05,0.12,0.83,0.0,0.0008150004160821655,1.1838604788408185
2009-07-28,0.05,0.12,0.83,0.0,0.0013503384444680066,1.1854590911582834
2009-07-29,0.05,0.12,0.83,0.0,0.0018020669606636551,1.1875953678196782
2009-07-30,0.05,0.12,0.83,0.0,0.0035620085603863204,1.191825592686127
2009-07-31,0.05,0.12,0.83,0.0,0.009225804054851662,1.2028211420718067
2009-08-03,0.05,0.12,0.83,0.0,-0.0033645788405272247,1.1987741555082532
2009-08-04,0.05,0.12,0.83,0.0,0.0011234620168701715,1.2001209327387723
2009-08-05,0.05,0.12,0.83,0.0,-0.0003076676672539435,1.1997516943309738
2009-08-06,0.05,0.12,0.83,0.0,0.002665417794478166,1.202949533845999
2009-08-07,0.05,0.12,0.83,0.0,-0.002501814424447798,1.1999399773503403
2009-08-10,0.05,0.12,0.83,0.0,0.004360774900977484,1.2051726454862492
2009-08-11,0.05,0.12,0.83,0.0,0.0016398987756315185,1.2071490066320065
2009-08-12,0.05,0.12,0.83,0.0,-0.0004885365331047842,1.2065592702413657
2009-08-13,0.05,0.12,0.83,0.0,0.0038226646183019937,1.2111715416736015
2009-08-14,0.05,0.12,0.83,0.0,0.0009574679484596626,1.2123311996048405
2009-08-17,0.05,0.12,0.83,0.0,0.0004231829235116735,1.2128442374661537
2009-08-18,0.05,0.12,0.83,0.0,-0.002254463618382686,1.210109924258021
2009-08-19,0.05,0.12,0.83,0.0,0.0017080627336825336,1.2121768679233056
2009-08-20,0.05,0.12,0.83,0.0,0.0001761466338143003,1.212390388798178
2009-08-21,0.05,0.12,0.83,0.0,-0.003687705300608459,1.2079194503350001
2009-08-24,0.05,0.12,0.83,0.0,0.003009306711916184,1.2115544504443474
2009-08-25,0.05,0.12,0.83,0.0,0.0018724823149592006,1.2138230647264145
2009-08-26,0.05,0.12,0.83,0.0,0.0006272516360740177,1.2145844372296684
2009-08-27,0.05,0.12,0.83,0.0,1.0561715600418964e-05,1.214597265325067
2009-08-28,0.05,0.12,0.83,0.0,0.0011474611136874713,1.2159909684558186
2009-08-31,0.05,0.12,0.83,0.0,0.00262408465245183,1.2191818316936636
2009-09-01,0.05,0.12,0.83,0.0,0.0011227136109918034,1.2205506237303798
2009-09-02,0.05,0.12,0.83,0.0,0.0022213284483034346,1.2232618675534666
2009-09-03,0.05,0.12,0.83,0.0,-0.0007323622648906702,1.2223659967215907
2009-09-04,0.05,0.12,0.83,0.0,-0.0025932557774129236,1.2191960890384794
2009-09-08,0.05,0.12,0.83,0.0,0.0003144721431133024,1.2195794922454746
2009-09-09,0.05,0.12,0.83,0.0,0.0005670744650318338,1.2202710846336036
2009-09-10,0.05,0.12,0.83,0.0,0.0056847993872481024,1.2272080809478054
2009-09-11,0.05,0.12,0.83,0.0,0.0012164674768075435,1.228700939665554
2009-09-14,0.05,0.12,0.83,0.0,-0.0011318968122922745,1.2273101769886858
2009-09-15,0.05,0.12,0.83,0.0,0.0005580805411690193,1.227995114916442
2009-09-16,0.05,0.12,0.83,0.0,0.0005605412328063875,1.2286834568120377
2009-09-17,0.05,0.12,0.83,0.0,0.0027967617514077126,1.232119791708637
2009-09-18,0.05,0.12,0.83,0.0,-0.001845041512080252,1.229846479545079
2009-09-21,0.05,0.12,0.83,0.0,-4.197455200615763e-05,1.2297948572900637
2009-09-22,0.05,0.12,0.83,0.0,0.002036829536015827,1.2322997397786324
2009-09-23,0.05,0.12,0.83,0.0,0.0019860562788777104,1.234747156414279
2009-09-24,0.05,0.12,0.83,0.0,0.0012997692554790063,1.2363520428064763
2009-09-25,0.05,0.12,0.83,0.0,0.0004620441031661304,1.2369232919772926
2009-09-28,0.05,0.12,0.83,0.0,0.0006198368754651429,1.2376899826457817
2009-09-29,0.05,0.12,0.83,0.0,-0.0001872174909004931,1.2374582654327182
2009-09-30,0.05,0.12,0.83,0.0,-0.000866486048265729,1.2363860251104095
2009-10-01,0.05,0.12,0.83,0.0,0.0028626836206505674,1.2399254071332946
2009-10-02,0.05,0.12,0.83,0.0,-0.0016748301178506407,1.2378487427175395
2009-10-05,0.05,0.12,0.83,0.0,0.0006602470583159192,1.238666028708559
2009-10-06,0.05,0.12,0.83,0.0,0.0005843966357943064,1.239389900968609
2009-10-07,0.05,0.12,0.83,0.0,0.002623285699840321,1.2426411747723463
2009-10-08,0.05,0.12,0.83,0.0,-0.0019793283047029263,1.24018157992253
2009-10-09,0.05,0.12,0.83,0.0,-0.003942618278548316,1.2352920173568085
2009-10-12,0.05,0.12,0.83,0.0,0.0,1.2352920173568085
2009-10-13,0.05,0.12,0.83,0.0,0.003238098454303655,1.2392920145288253
2009-10-14,0.05,0.12,0.83,0.0,-0.002523456189195833,1.2361647154245416
2009-10-15,0.05,0.12,0.83,0.0,-0.0011931554606668569,1.2346897787440492
2009-10-16,0.05,0.12,0.83,0.0,0.0016600935756969147,1.236739479313721
2009-10-19,0.05,0.12,0.83,0.0,0.0009568774508115374,1.2379228874340047
2009-10-20,0.05,0.12,0.83,0.0,0.0028431242457688174,1.2414424560096604
2009-10-21,0.05,0.12,0.83,0.0,-0.0021038698877825337,1.2388306226090469
2009-10-22,0.05,0.12,0.83,0.0,0.000535526271452087,1.2394940489533335
2009-10-23,0.05,0.12,0.83,0.0,-0.001360474336092572,1.237807749109993
2009-10-26,0.05,0.12,0.83,0.0,-0.0015635532549514695,1.235872370774868
2009-10-27,0.05,0.12,0.83,0.0,0.004214173154768326,1.2410805509425071
2009-10-28,0.05,0.12,0.83,0.0,0.001180462106174429,1.2425455995036048
2009-10-29,0.05,0.12,0.83,0.0,-0.002952304857146506,1.2388772260949643
2009-10-30,0.05,0.12,0.83,0.0,0.004115191787362728,1.243975443481341
2009-11-02,0.05,0.12,0.83,0.0,-0.0010539697331065734,1.242664331015184
2009-11-03,0.05,0.12,0.83,0.0,-0.00154708557118849,1.2407418229588396
2009-11-04,0.05,0.12,0.83,0.0,-0.0014915458217901435,1.238891199676885
2009-11-05,0.05,0.12,0.83,0.0,0.001234455361570683,1.2404205555607288
2009-11-06,0.05,0.12,0.83,0.0,0.001408157211163259,1.2421672627109168
2009-11-09,0.05,0.12,0.83,0.0,0.0008981708309495117,1.243282941113444
2009-11-10,0.05,0.12,0.83,0.0,0.0007347433094231249,1.2441964349361472
2009-11-11,0.05,0.12,0.83,0.0,0.0,1.2441964349361472
2009-11-12,0.05,0.12,0.83,0.0,0.0013195907200574464,1.2458382650056175
2009-11-13,0.05,0.12,0.83,0.0,0.0004904971530820789,1.2464493451278036
2009-11-16,0.05,0.12,0.83,0.0,0.003316030905456646,1.2505826096783337
2009-11-17,0.05,0.12,0.83,0.0,0.0005179874817180052,1.2512303958150013
2009-11-18,0.05,0.12,0.83,0.0,-0.0011233858279599551,1.2498247813208299
2009-11-19,0.05,0.12,0.83,0.0,0.0010346058539378643,1.2511178573559811
2009-11-20,0.05,0.12,0.83,0.0,-0.00046400984548469856,1.2505373263523063
2009-11-23,0.05,0.12,0.83,0.0,-0.000378742453607046,1.2500636947769965
2009-11-24,0.05,0.12,0.83,0.0,0.0017576554000015452,1.2522608759804672
2009-11-25,0.05,0.12,0.83,0.0,0.0010759046474244595,1.2536081892767224
2009-11-27,0.05,0.12,0.83,0.0,0.0018713010803193119,1.255954067635613
2009-11-30,0.05,0.12,0.83,0.0,-0.0007261022237108994,1.2550421165942238
2009-12-01,0.05,0.12,0.83,0.0,-0.001586818694732378,1.2530505923009356
2009-12-02,0.05,0.12,0.83,0.0,-0.0015291849340826967,1.2511344462135456
2009-12-03,0.05,0.12,0.83,0.0,-0.0005334048476138831,1.2504670850349187
2009-12-04,0.05,0.12,0.83,0.0,-0.0032435942904720113,1.2464110771374761
2009-12-07,0.05,0.12,0.83,0.0,0.0026964760213568704,1.2497719947197308
2009-12-08,0.05,0.12,0.83,0.0,0.002838799688740983,1.2533198470693383
2009-12-09,0.05,0.12,0.83,0.0,-0.0006058660554950268,1.2525605031173208
2009-12-10,0.05,0.12,0.83,0.0,-0.0008530788493281726,1.2514919702446077
2009-12-11,0.05,0.12,0.83,0.0,-0.0012453765936552073,1.2499333914377175
2009-12-14,0.05,0.12,0.83,0.0,0.0004162972162735201,1.2504537352291005
2009-12-15,0.05,0.12,0.83,0.0,-0.0010062044196599118,1.2491955231541327
2009-12-16,0.05,0.12,0.83,0.0,0.0008626442105710619,1.2502731344400528
2009-12-17,0.05,0.12,0.83,0.0,0.004365025132478908,1.255730608094347
2009-12-18,0.05,0.12,0.83,0.0,-0.0015597106079113198,1.2537720317442234
2009-12-21,0.05,0.12,0.83,0.0,-0.003930651363381942,1.2488438909982778
2009-12-22,0.05,0.12,0.83,0.0,-0.001455477349780585,1.247026227001518
2009-12-23,0.05,0.12,0.83,0.0,-8.519261509557286e-05,1.246919989576147
2009-12-24,0.05,0.12,0.83,0.0,-0.0013491956689622641,1.2452376505266682
2009-12-28,0.05,0.12,0.83,0.0,-0.0012845792533409193,1.2436380440753227
2009-12-29,0.05,0.12,0.83,0.0,0.0010309421504401594,1.244920162954851
2009-12-30,0.05,0.12,0.83,0.0,0.0012422419157614973,1.24646665496305
2009-12-31,0.05,0.12,0.83,0.0,-0.0021024179385628183,1.2438460611078355
2010-01-04,0.05,0.12,0.83,0.0,0.0015213318683711297,1.2457383637599466
2010-01-05,0.05,0.12,0.83,0.0,0.004909831731926575,1.2518547295080134
2010-01-06,0.05,0.12,0.83,0.0,0.00013441890987448188,1.252023002456075
2010-01-07,0.05,0.12,0.83,0.0,0.00038736270458094907,1.252507989472504
2010-01-08,0.05,0.12,0.83,0.0,0.002239465307680299,1.25531293766252
2010-01-11,0.05,0.12,0.83,0.0,0.0007983863697093229,1.2563151624016697
2010-01-12,0.05,0.12,0.83,0.0,0.0031604714750222904,1.260285710636078
2010-01-13,0.05,0.12,0.83,0.0,-0.001945798949737396,1.2578334480239535
2010-01-14,0.05,0.12,0.83,0.0,0.0015602970203967325,1.2597960418050607
2010-01-15,0.05,0.12,0.83,0.0,0.0014085789054499353,1.2615705639347166
2010-01-19,0.05,0.12,0.83,0.0,-0.0017860833257922302,1.2593172937861625
2010-01-20,0.05,0.12,0.83,0.0,0.0012647999121304897,1.2609100781886877
2010-01-21,0.05,0.12,0.83,0.0,0.0014722424245653086,1.262766443499359
2010-01-22,0.05,0.12,0.83,0.0,-0.00039774008482767244,1.2622641906670042
2010-01-25,0.05,0.12,0.83,0.0,-0.0019929772270092794,1.2597485268805355
2010-01-26,0.05,0.12,0.83,0.0,-2.946835370461365e-05,1.2597114041653665
2010-01-27,0.05,0.12,0.83,0.0,-0.0010888305847076573,1.2583397918606063
2010-01-28,0.05,0.12,0.83,0.0,-0.0002694090536374949,1.2580007837281268
2010-01-29,0.05,0.12,0.83,0.0,0.0019832349193074817,1.2604956948109325
2010-02-01,0.05,0.12,0.83,0.0,-0.0030059147626444534,1.2567067521936506
2010-02-02,0.05,0.12,0.83,0.0,0.0010073023953557935,1.257972635915395
2010-02-03,0.05,0.12,0.83,0.0,-0.0015754172888034755,1.2559908040759322
2010-02-04,0.05,0.12,0.83,0.0,0.0020530815580325633,1.258569455632839
2010-02-05,0.05,0.12,0.83,0.0,0.0008201018848593898,1.25960161081563
2010-02-08,0.05,0.12,0.83,0.0,-0.002434331248648559,1.2565353232535734
2010-02-09,0.05,0.12,0.83,0.0,-0.0022783147071122035,1.253672540346599
2010-02-10,0.05,0.12,0.83,0.0,-0.002638855401746659,1.2503642797914838
2010-02-11,0.05,0.12,0.83,0.0,-0.001266740631150065,1.2487803925545333
2010-02-12,0.05,0.12,0.83,0.0,0.0011690683549085469,1.2502403021936992
2010-02-16,0.05,0.12,0.83,0.0,0.0008973962194411688,1.251362263114281
2010-02-17,0.05,0.12,0.83,0.0,-0.0022744762943095634,1.2485160693112338
2010-02-18,0.05,0.12,0.83,0.0,-0.0006443360981299895,1.2477116053386812
2010-02-19,0.05,0.12,0.83,0.0,0.0006521841114818283,1.2485253430233947
2010-02-22,0.05,0.12,0.83,0.0,0.0007359031306537411,1.2494441367320261
2010-02-23,0.05,0.12,0.83,0.0,0.0037542954185042607,1.2541349191302362
2010-02-24,0.05,0.12,0.83,0.0,-1.8044222821709257e-05,1.254112289240307
2010-02-25,0.05,0.12,0.83,0.0,0.001760684269385262,1.2563203850200153
2010-02-26,0.05,0.12,0.83,0.0,0.002056820052397239,1.2589044099801598
2010-03-01,0.05,0.12,0.83,0.0,-0.001418027546144477,1.2571192488488452
2010-03-02,0.05,0.12,0.83,0.0,0.0014027152653053186,1.2588826292095145
2010-03-03,0.05,0.12,0.83,0.0,2.410019977168722e-05,1.2589129685323674
2010-03-04,0.05,0.12,0.83,0.0,0.0005564612967681892,1.2596135048753552
2010-03-05,0.05,0.12,0.83,0.0,-0.0015736359544880926,1.2576313317753245
2010-03-08,0.05,0.12,0.83,0.0,0.00035215185799347454,1.25807420898548
2010-03-09,0.05,0.12,0.83,0.0,0.0012152708777535182,1.2596031099337128
2010-03-10,0.05,0.12,0.83,0.0,-0.0002651114906386564,1.2592691746756253
2010-03-11,0.05,0.12,0.83,0.0,-0.00023362732219927017,1.2589749749904178
2010-03-12,0.05,0.12,0.83,0.0,0.0004961867840223055,1.2595996617344227
2010-03-15,0.05,0.12,0.83,0.0,0.0005213384772056884,1.26025633950396
2010-03-16,0.05,0.12,0.83,0.0,0.002226070602141321,1.2630617590924922
2010-03-17,0.05,0.12,0.83,0.0,0.0004288503806341648,1.2636034236086435
2010-03-18,0.05,0.12,0.83,0.0,-0.0006219727860746714,1.2628174966667682
2010-03-19,0.05,0.12,0.83,0.0,-0.0006397709069970857,1.262009582771554
2010-03-22,0.05,0.12,0.83,0.0,0.0011843963867131714,1.263504302361386
2010-03-23,0.05,0.12,0.83,0.0,-0.00010793550308523691,1.2633679253888601
2010-03-24,0.05,0.12,0.83,0.0,-0.00483566618414333,1.257258699833926
2010-03-25,0.05,0.12,0.83,0.0,-0.0013579384772512237,1.2555514198695625
2010-03-26,0.05,0.12,0.83,0.0,0.002163059435820749,1.2582672522154696
2010-03-29,0.05,0.12,0.83,0.0,0.00022679062001800253,1.2585526154257478
2010-03-30,0.05,0.12,0.83,0.0,4.715590922487855e-05,1.2586119636186355
2010-03-31,0.05,0.12,0.83,0.0,0.0006592959072613969,1.2594417613350795
2010-04-01,0.05,0.12,0.83,0.0,-0.0009161813738639223,1.2582878842518779
2010-04-05,0.05,0.12,0.83,0.0,-0.00465731773833362,1.2524276377686212
2010-04-06,0.05,0.12,0.83,0.0,0.0016085325656471426,1.2544422084100886
2010-04-07,0.05,0.12,0.83,0.0,0.003853382130986289,1.259276053600331
2010-04-08,0.05,0.12,0.83,0.0,-0.0011503075243771742,1.2578274988806064
2010-04-09,0.05,0.12,0.83,0.0,0.0005860905042211639,1.2585646996336486
2010-04-12,0.05,0.12,0.83,0.0,0.0018030749305424942,1.2608339860920237
2010-04-13,0.05,0.12,0.83,0.0,0.0015969177210111351,1.2628474342276672
2010-04-14,0.05,0.12,0.83,0.0,-0.00039161671515805627,1.262352882063729
2010-04-15,0.05,0.12,0.83,0.0,0.0016034429523208039,1.2643769928958162
2010-04-16,0.05,0.12,0.83,0.0,0.0028039753623172146,1.267922274832577
2010-04-19,0.05,0.12,0.83,0.0,-0.0019014647553168749,1.2655113653145016
2010-04-20,0.05,0.12,0.83,0.0,0.00023697962573114627,1.2658112657242122
2010-04-21,0.05,0.12,0.83,0.0,0.0021566460888977758,1.268541172639719
2010-04-22,0.05,0.12,0.83,0.0,-0.001667078755485205,1.2664264146003532
2010-04-23,0.05,0.12,0.83,0.0,-0.0018064449586947316,1.2641386849881406
2010-04-26,0.05,0.12,0.83,0.0,0.0001710424232613672,1.2643549063321593
2010-04-27,0.05,0.12,0.83,0.0,0.0037639190959074397,1.2691138359081071
2010-04-28,0.05,0.12,0.83,0.0,-0.0031910553505721142,1.2650640234115476
2010-04-29,0.05,0.12,0.83,0.0,0.0018202995450312652,1.267366818877799
2010-04-30,0.05,0.12,0.83,0.0,0.0016414113474088519,1.2694470891556344
2010-05-03,0.05,0.12,0.83,0.0,-0.0025010904551828537,1.2662720871575877
2010-05-04,0.05,0.12,0.83,0.0,0.0018208672416604131,1.2685778005201218
2010-05-05,0.05,0.12,0.83,0.0,0.00016465421694740413,1.2687866772045033
2010-05-06,0.05,0.12,0.83,0.0,-0.0005078195925116202,1.268142362471101
2010-05-07,0.05,0.12,0.83,0.0,-0.005735751265623739,1.2608686133105662
2010-05-10,0.05,0.12,0.83,0.0,-5.269126038565022e-06,1.2608619696349246
2010-05-11,0.05,0.12,0.83,0.0,-0.0006981870840315451,1.259981652092979
2010-05-12,0.05,0.12,0.83,0.0,0.0002801994150640763,1.2603346982148869
2010-05-13,0.05,0.12,0.83,0.0,0.0010456604417481818,1.2616525803521728
2010-05-14,0.05,0.12,0.83,0.0,0.002285214523728085,1.2645357271526925
2010-05-17,0.05,0.12,0.83,0.0,-0.0014652500517419443,1.2626828661130525
2010-05-18,0.05,0.12,0.83,0.0,0.0024459938184387205,1.2657713805982134
2010-05-19,0.05,0.12,0.83,0.0,-0.002761682297618736,1.2622757221835827
2010-05-20,0.05,0.12,0.83,0.0,-0.0013765217700869247,1.2605381721721447
2010-05-21,0.05,0.12,0.7198033205982182,0.11019667940178167,-0.00014187435360050405,1.260359334133779
2010-05-24,0.05,0.12,0.83,0.0,-0.001139240546168115,1.2589234816775925
2010-05-25,0.05,0.12,0.83,0.0,-0.002235784153483338,1.2561088005068097
2010-05-26,0.05,0.12,0.6919322719644989,0.13806772803550119,-0.0013450025649929297,1.254419330948218
2010-05-27,0.05,0.12,0.83,0.0,-0.002639799954028308,1.2511079148560487
2010-05-28,0.05,0.12,0.83,0.0,0.002704366377162009,1.2544913690351867
2010-06-01,0.05,0.12,0.83,0.0,-0.0015955269259639005,1.2524897942775017
2010-06-02,0.05,0.12,0.83,0.0,-0.0022130968521670443,1.2497179130564149
2010-06-03,0.05,0.12,0.83,0.0,4.0438206821994435e-05,1.2497684494078523
2010-06-04,0.05,0.12,0.83,0.0,0.0052214974377241385,1.2562941121641837
2010-06-07,0.05,0.12,0.5362390058480723,0.2937609941519276,-0.0003551834520593855,1.2558478972846234
2010-06-08,0.05,0.05,0.5155061643602399,0.38449383563976003,-0.0007602133483864561,1.2548931849495646
2010-06-09,0.05,0.05,0.5155061643602399,0.38449383563976003,-0.0008119730091741269,1.253874245553989
2010-06-10,0.05,0.0,0.5128729355344679,0.43712706446553207,-0.004688404755916847,1.247995575577812
2010-06-11,0.05,0.0,0.95,0.0,0.003624427922225334,1.25251884558875
2010-06-14,0.05,0.0,0.4572342988995176,0.49276570110048235,-0.0012520003765414955,1.2509506915224475
2010-06-15,0.05,0.0,0.4572342988995176,0.49276570110048235,-0.0011246804332223034,1.2495437717567663
2010-06-16,0.05,0.12,0.43575277937301105,0.39424722062698897,0.001200511918726053,1.2510438639477302
2010-06-17,0.05,0.12,0.5052227601431678,0.32477723985683216,0.0033999551255460923,1.2552973569452424
2010-06-18,0.05,0.12,0.5052227601431678,0.32477723985683216,-0.0006222193597850034,1.2545162866274642
2010-06-21,0.05,0.12,0.5786130063212827,0.2513869936787173,0.0008272061277372593,1.2555540301871086
2010-06-22,0.05,0.12,0.5786130063212827,0.2513869936787173,0.0021078137635996293,1.25820050425288
2010-06-23,0.05,0.12,0.5786130063212827,0.2513869936787173,0.0015014723825442018,1.2600896575617189
2010-06-24,0.05,0.12,0.507479462457203,0.3225205375427971,-0.0006726582964294172,1.2592420477993151
2010-06-25,0.05,0.12,0.507479462457203,0.3225205375427971,0.0005351972885573107,1.2599159907289346
2010-06-28,0.05,0.12,0.507479462457203,0.3225205375427971,0.0026203087739750126,1.2632173596539131
2010-06-29,0.05,0.12,0.4247534793000066,0.40524652069999345,0.000905095575183731,1.264360692096631
2010-06-30,0.05,0.12,0.4247534793000066,0.40524652069999345,-0.0011500323487292896,1.2629066364002581
2010-07-01,0.05,0.12,0.4247534793000066,0.40524652069999345,-3.064043692034966e-05,1.2628679403891292
2010-07-02,0.05,0.12,0.4247534793000066,0.40524652069999345,-0.001055466847021318,1.2615350251458823
2010-07-06,0.05,0.12,0.4247534793000066,0.40524652069999345,0.0020048860151960675,1.2640642590754771
2010-07-07,0.05,0.12,0.4247534793000066,0.40524652069999345,-0.0008123873682364685,1.263037349238765
2010-07-08,0.05,0.12,0.4247534793000066,0.40524652069999345,-0.00022036080010060595,1.2627590253179297
2010-07-09,0.05,0.12,0.4247534793000066,0.40524652069999345,-0.0004727407590111676,1.2621620676578527
2010-07-12,0.05,0.12,0.4247534793000066,0.40524652069999345,0.0007698243970917863,1.2631337108106193
2010-07-13,0.05,0.12,0.5126506218203667,0.3173493781796332,-0.0008706772352737324,1.2620339290435096
2010-07-14,0.05,0.12,0.5126506218203667,0.3173493781796332,0.0027720830666528836,1.2655323919277526
2010-07-15,0.05,0.12,0.5126506218203667,0.3173493781796332,0.002394262016317684,1.2685624080641649
2010-07-16,0.05,0.12,0.5126506218203667,0.3173493781796332,0.0018097605918212657,1.2708582023185453
2010-07-19,0.05,0.12,0.5126506218203667,0.3173493781796332,-0.0006948416896194154,1.2699751570579796
2010-07-20,0.05,0.12,0.4572047850065507,0.3727952149934494,0.0010171958722979802,1.2712669705456598
2010-07-21,0.05,0.12,0.4572047850065507,0.3727952149934494,0.0016288620399426057,1.2733376890566144
2010-07-22,0.05,0.12,0.4572047850065507,0.3727952149934494,-0.0006185206482121873,1.272550103403786
2010-07-23,0.05,0.12,0.5215231462157482,0.3084768537842517,-0.0013255946738710983,1.2708632177644799
2010-07-26,0.05,0.12,0.5215231462157482,0.3084768537842517,0.0006839845711293786,1.2717324685974465
2010-07-27,0.05,0.12,0.5809424630472528,0.24905753695274715,-0.0006368408966435788,1.270922577351854
2010-07-28,0.05,0.12,0.5809424630472528,0.24905753695274715,0.0024294054220281597,1.2740101635522507
2010-07-29,0.05,0.12,0.5809424630472528,0.24905753695274715,0.0010077188893321699,1.2752940076592636
2010-07-30,0.05,0.12,0.5809424630472528,0.24905753695274715,0.0027517211227955428,1.2788032611179143
2010-08-02,0.05,0.12,0.6375779774362864,0.19242202256371352,-0.0016059064873353473,1.2767496226648594
2010-08-03,0.05,0.12,0.6375779774362864,0.19242202256371352,0.002738952721890048,1.2802465795190292
2010-08-04,0.05,0.12,0.6375779774362864,0.19242202256371352,-0.0014473783309376742,1.2783935783615763
2010-08-05,0.05,0.12,0.6375779774362864,0.19242202256371352,0.0013532838676134622,1.2801236077676335
2010-08-06,0.05,0.12,0.6375779774362864,0.19242202256371352,0.0025971969313042602,1.2834483408734179
2010-08-09,0.05,0.12,0.6375779774362864,0.19242202256371352,-0.00013651437121175428,1.2832731317301806
2010-08-10,0.05,0.12,0.6375779774362864,0.19242202256371352,0.0009753867536051778,1.2845248193441277
2010-08-11,0.05,0.12,0.5679672995806289,0.26203270041937116,0.0013914892692217724,1.286312221846294
2010-08-12,0.05,0.12,0.5679672995806289,0.26203270041937116,-0.0017290298350849023,1.2840881496374872
2010-08-13,0.05,0.12,0.5679672995806289,0.26203270041937116,0.00094127178544312,1.2852968255827628
2010-08-16,0.05,0.12,0.5679672995806289,0.26203270041937116,0.002713148266311113,1.288784026436788
2010-08-17,0.05,0.12,0.5679672995806289,0.26203270041937116,-0.0018360913761143159,1.2864177012001736
2010-08-18,0.05,0.12,0.5679672995806289,0.26203270041937116,0.00027424732036686306,1.2867704978076004
2010-08-19,0.05,0.12,0.5679672995806289,0.26203270041937116,0.0016877164492576223,1.2889422015431697
2010-08-20,0.05,0.12,0.5679672995806289,0.26203270041937116,-0.001752344675364495,1.286683530539443
2010-08-23,0.05,0.12,0.5679672995806289,0.26203270041937116,0.0005284701367253777,1.2873635043607496
2010-08-24,0.05,0.12,0.5679672995806289,0.26203270041937116,0.0025361930010263344,1.290628506670286
2010-08-25,0.05,0.12,0.5679672995806289,0.26203270041937116,-0.0022090770809461576,1.2877774088161849
2010-08-26,0.05,0.12,0.5679672995806289,0.26203270041937116,0.0010113662615785423,1.2890798234398846
2010-08-27,0.05,0.12,0.5679672995806289,0.26203270041937116,-0.00432537378032973,1.2835040713708257
2010-08-30,0.05,0.12,0.5679672995806289,0.26203270041937116,0.0033041890697370568,1.287745011494412
2010-08-31,0.05,0.12,0.5679672995806289,0.26203270041937116,4.6504767764459946e-05,1.2878048977771115
2010-09-01,0.05,0.12,0.5679672995806289,0.26203270041937116,-0.002475554233693924,1.2846168669102476
2010-09-02,0.05,0.12,0.5679672995806289,0.26203270041937116,-0.00048418114818308655,1.2839948796406517
2010-09-03,0.05,0.12,0.5679672995806289,0.26203270041937116,-0.001708932794201118,1.2818006186832476
2010-09-07,0.05,0.12,0.5679672995806289,0.26203270041937116,0.003110065915187269,1.2857871030974803
2010-09-08,0.05,0.12,0.5679672995806289,0.26203270041937116,-0.0012166007870601388,1.2842228134958602
2010-09-09,0.05,0.12,0.6207221488228685,0.20927785117713138,-0.003197232454988367,1.2801168546371147
2010-09-10,0.05,0.12,0.6207221488228685,0.20927785117713138,-0.0002788860074804458,1.2797598479584165
2010-09-13,0.05,0.12,0.6207221488228685,0.20927785117713138,0.0030815348401288813,1.2837034725168985
2010-09-14,0.05,0.12,0.6207221488228685,0.20927785117713138,0.002660088442827388,1.2871182372881582
2010-09-15,0.05,0.12,0.6207221488228685,0.20927785117713138,-0.001071431831704802,1.28573917783756
2010-09-16,0.05,0.12,0.6207221488228685,0.20927785117713138,-0.0005581556083100012,1.2850215353046262
2010-09-17,0.05,0.12,0.6207221488228685,0.20927785117713138,0.000708760690739992,1.2859323080556042
2010-09-20,0.05,0.12,0.6207221488228685,0.20927785117713138,0.0011553774246858778,1.287418045214006
2010-09-21,0.05,0.12,0.6207221488228685,0.20927785117713138,0.003835391621841697,1.2923557975984277
2010-09-22,0.05,0.12,0.6207221488228685,0.20927785117713138,0.00026122665196175643,1.2926933953765776
2010-09-23,0.05,0.12,0.6207221488228685,0.20927785117713138,-0.0005117363172760371,1.2920318772190604
2010-09-24,0.05,0.12,0.6207221488228685,0.20927785117713138,-0.0012225225615711305,1.290452339098891
2010-09-27,0.05,0.12,0.6207221488228685,0.20927785117713138,0.002824168116101846,1.2940967934503231
2010-09-28,0.05,0.12,0.5662665347407319,0.26373346525926794,0.00180536377102972,1.2964331089174241
2010-09-29,0.05,0.12,0.5662665347407319,0.26373346525926794,-0.0012086902669692684,1.294866122836899
2010-09-30,0.05,0.12,0.5662665347407319,0.26373346525926794,-0.0012584528092690667,1.2932365949269875
2010-10-01,0.05,0.12,0.5662665347407319,0.26373346525926794,0.00033865206205020953,1.2936745521665785
2010-10-04,0.05,0.12,0.5662665347407319,0.26373346525926794,0.0015478110468621939,1.2956769159294665
2010-10-05,0.05,0.12,0.5662665347407319,0.26373346525926794,0.0009309318606172139,1.2968831028515715
2010-10-06,0.05,0.12,0.5662665347407319,0.26373346525926794,0.0025288487950304935,1.3001627241235132
2010-10-07,0.05,0.12,0.5662665347407319,0.26373346525926794,0.000857005332092447,1.3012769705106748
2010-10-08,0.05,0.12,0.5662665347407319,0.26373346525926794,0.0009497463086921964,1.3025128535100037
2010-10-11,0.05,0.12,0.5662665347407319,0.26373346525926794,0.0,1.3025128535100037
2010-10-12,0.05,0.12,0.5662665347407319,0.26373346525926794,-0.0011108575283437939,1.3010659473009174
2010-10-13,0.05,0.12,0.5662665347407319,0.26373346525926794,0.0005784423841200022,1.3018185389893715
2010-10-14,0.05,0.12,0.5662665347407319,0.26373346525926794,-0.002393473067723347,1.2987026713772376
2010-10-15,0.05,0.12,0.5662665347407319,0.26373346525926794,-0.0017668174065779123,1.2964081008914792
2010-10-18,0.05,0.12,0.5662665347407319,0.26373346525926794,0.0023271956797376943,1.2994250962230507
2010-10-19,0.05,0.12,0.5662665347407319,0.26373346525926794,0.0005687400757824323,1.3001641313507502
2010-10-20,0.05,0.12,0.5662665347407319,0.26373346525926794,-4.770803574292481e-05,1.3001021030739
2010-10-21,0.05,0.12,0.5662665347407319,0.26373346525926794,-0.0012665107097018437,1.298455509836651
2010-10-22,0.05,0.12,0.5662665347407319,0.26373346525926794,-0.0004970068500589553,1.2978101685537655
2010-10-25,0.05,0.12,0.5662665347407319,0.26373346525926794,0.00024335161551933537,1.2981259927549205
2010-10-26,0.05,0.12,0.6424727846418282,0.18752721535817177,-0.002296827672366503,1.2951444210525427
2010-10-27,0.05,0.12,0.6424727846418282,0.18752721535817177,-0.0016600497624453228,1.2929944168640422
2010-10-28,0.05,0.12,0.6424727846418282,0.18752721535817177,0.002581870509519459,1.2963327610179167
2010-10-29,0.05,0.12,0.6424727846418282,0.18752721535817177,0.0017729697472978127,1.2986311197856326
2010-11-01,0.05,0.12,0.6424727846418282,0.18752721535817177,-0.0017085642934934581,1.2964123250239474
2010-11-02,0.05,0.12,0.6424727846418282,0.18752721535817177,0.0010336734312251547,1.2977523920002374
2010-11-03,0.05,0.12,0.6424727846418282,0.18752721535817177,0.0001496517403928063,1.297946602904299
2010-11-04,0.05,0.12,0.6424727846418282,0.18752721535817177,0.004881735094066776,1.3042828343859219
2010-11-05,0.05,0.12,0.6424727846418282,0.18752721535817177,-0.001464693711860452,1.3023724595199093
2010-11-08,0.05,0.12,0.6424727846418282,0.18752721535817177,-0.0007133743598027008,1.3014433804003747
2010-11-09,0.05,0.12,0.7335020599086017,0.09649794009139821,-0.003361226695203311,1.2970689341678772
2010-11-10,0.05,0.12,0.7335020599086017,0.09649794009139821,0.000812719193994683,1.2981230869866096
2010-11-11,0.05,0.12,0.7335020599086017,0.09649794009139821,0.0,1.2981230869866096
2010-11-12,0.05,0.12,0.7335020599086017,0.09649794009139821,-0.0051562986289599225,1.2914295766929593
2010-11-15,0.05,0.12,0.7335020599086017,0.09649794009139821,-0.0057739770547767365,1.283972891949274
2010-11-16,0.05,0.12,0.83,0.0,0.0003173020598021995,1.2843802991926199
2010-11-17,0.05,0.12,0.83,0.0,-0.0006571157355910062,1.2835363126875372
2010-11-18,0.05,0.12,0.83,0.0,-0.0006624662569296047,1.282686013190838
2010-11-19,0.05,0.12,0.83,0.0,-1.5803842634927177e-05,1.2826657418229355
2010-11-22,0.05,0.12,0.83,0.0,0.0021639594581789896,1.2854413784866354
2010-11-23,0.05,0.12,0.7365907130505831,0.09340928694941691,0.00029106362530698207,1.2858155237143774
2010-11-24,0.05,0.12,0.8299999999999998,0.0,-0.00504169859527851,1.2793328293946793
2010-11-26,0.05,0.12,0.8299999999999998,0.0,0.0012182368590036628,1.2808913598023814
2010-11-29,0.05,0.12,0.8299999999999998,0.0,-0.00023092466082941243,1.2805955703995597
2010-11-30,0.05,0.12,0.8299999999999998,0.0,-0.001614731493580289,1.2785277524014962
2010-12-01,0.05,0.12,0.8299999999999998,0.0,-0.005178310152470166,1.2719071391610206
2010-12-02,0.05,0.12,0.8299999999999998,0.0,-0.0007107012642846198,1.2710031931491663
2010-12-03,0.05,0.12,0.8299999999999998,0.0,0.0010826327776748833,1.272379222866599
2010-12-06,0.05,0.12,0.8299999999999998,0.0,0.003280385860019807,1.2765531176778737
2010-12-07,0.88,0.12,0.0,0.0,-0.006689937022349658,1.2680130577149247
2010-12-08,0.88,0.12,0.0,0.0,-0.00013848817080208686,1.2678374529060086
2010-12-09,0.88,0.12,0.0,0.0,-1.155401502022535e-05,1.2678228042930346
2010-12-10,0.88,0.12,0.0,0.0,0.0,1.2678228042930346
2010-12-13,0.88,0.12,0.0,0.0,1.1555127587863367e-05,1.267837454147297
2010-12-14,0.88,0.12,0.0,0.0,-4.621606008088808e-05,1.2677788596953432
2010-12-15,0.88,0.12,0.0,0.0,-0.00012714313234443608,1.2676176703200015
2010-12-16,0.88,0.12,0.0,0.0,-8.099508244141073e-05,1.2675149995222896
2010-12-17,0.88,0.12,0.0,0.0,2.315708220763213e-05,1.267544351471333
2010-12-20,0.88,0.12,0.0,0.0,3.472892147404316e-05,1.26758837191958
2010-12-21,0.88,0.12,0.0,0.0,9.258366284116803e-05,1.267705729894027
2010-12-22,0.88,0.12,0.0,0.0,5.782017924254923e-05,1.2677790288665562
2010-12-23,0.88,0.12,0.0,0.0,4.6233866307074934e-05,1.2678376431926837
2010-12-27,0.88,0.12,0.0,0.0,1.155401502022535e-05,1.2678522918078563
2010-12-28,0.88,0.12,0.0,0.0,4.621161066718393e-05,1.267910881304349
2010-12-29,0.88,0.12,0.0,0.0,0.00011548455394092549,1.268057305426913
2010-12-30,0.88,0.12,0.0,0.0,0.00011537352177674264,1.2682036056640549
2010-12-31,0.88,0.12,0.0,0.0,9.221016232830336e-05,1.2683205469243986
2011-01-03,0.88,0.12,0.0,0.0,0.000264900662251657,1.2686565258772262
2011-01-04,0.88,0.12,0.0,0.0,0.00022984102662325866,1.2689481151955662
2011-01-05,0.88,0.12,0.0,0.0,0.00010323073982029918,1.2690791096482914
2011-01-06,0.88,0.12,0.0,0.0,0.00017190335211537898,1.2692972686013397
2011-01-07,0.88,0.12,0.0,0.0,4.5775319473584375e-05,1.2693553710893168
2011-01-10,0.88,0.12,0.0,0.0,-9.151572926598295e-05,1.269239205106834
2011-01-11,0.88,0.12,0.0,0.0,9.158557527190857e-05,1.2693554491095913
2011-01-12,0.88,0.12,0.0,0.0,0.0001601525262154535,1.2695587395914314
2011-01-13,0.88,0.12,0.0,0.0,0.0001256664127951268,1.2697182804840685
2011-01-14,0.88,0.12,0.0,0.0,2.282453637659998e-05,1.2697472612151497
2011-01-18,0.88,0.12,0.0,0.0,2.28201958733365e-05,1.2697762370963603
2011-01-19,0.88,0.12,0.0,0.0,3.4223785530942404e-05,1.269819693645971
2011-01-20,0.88,0.12,0.0,0.0,-9.123740733701257e-05,1.2697038385893373
2011-01-21,0.88,0.12,0.0,0.0,4.565341449496607e-05,1.2697618049049664
2011-01-24,0.88,0.12,0.0,0.0,0.00010268111808326985,1.2698921854667935
2011-01-25,0.88,0.12,0.0,0.0,0.00011399259048161525,1.2700369437666472
2011-01-26,0.88,0.12,0.0,0.0,4.555376293060576e-05,1.2700947987284967
2011-01-27,0.88,0.12,0.0,0.0,0.00010245707238402346,1.2702249289232246
2011-01-28,0.88,0.12,0.0,0.0,4.549763033177001e-05,1.2702827211474788
2011-01-31,0.88,0.12,0.0,0.0,-0.00017055144968733504,1.2700660725878743
2011-02-01,0.88,0.12,0.0,0.0,0.00010247651579847527,1.270196224533827
2011-02-02,0.88,0.12,0.0,0.0,0.00010238907849827504,1.2703262787547691
2011-02-03,0.88,0.12,0.0,0.0,4.5467462347259514e-05,1.2703840372670172
2011-02-04,0.88,0.12,0.0,0.0,9.090048290880226e-05,1.2704995157894845
2011-02-07,0.88,0.12,0.0,0.0,0.00013624751632131726,1.2706726181929984
2011-02-08,0.88,0.12,0.0,0.0,6.804649844061039e-05,1.2707590830153308
2011-02-09,0.88,0.12,0.0,0.0,1.1334655709829277e-05,1.2707734866320268
2011-02-10,0.88,0.12,0.0,0.0,-9.066868152626028e-05,1.2706582672754754
2011-02-11,0.88,0.12,0.0,0.0,1.1342155009463894e-05,1.2706726792785068
2011-02-14,0.88,0.12,0.0,0.0,4.5364332293722494e-05,1.2707303224961661
2011-02-15,0.88,0.12,0.0,0.0,3.401039206423206e-05,1.2707735405326421
2011-02-16,0.88,0.12,0.0,0.0,1.1333585190795859e-05,1.270787942952822
2011-02-17,0.88,0.12,0.0,0.0,0.00014732269336102275,1.2709751588552685
2011-02-18,0.88,0.12,0.0,0.0,0.00010186757215619125,1.271104630008972
2011-02-22,0.88,0.12,0.0,0.0,-1.130901894261349e-05,1.271090255062633
2011-02-23,0.88,0.12,0.0,0.0,-0.00014703110273325937,1.2709033652607578
2011-02-24,0.88,0.12,0.0,0.0,-0.00012456355572331378,1.2707450570186
2011-02-25,0.88,0.12,0.0,0.0,6.80143585868187e-05,1.2708314859285805
2011-02-28,0.88,0.12,0.0,0.0,-7.930513595166388e-05,1.2707307024648173
2011-03-01,0.88,0.12,0.0,0.0,0.00013604156825698153,1.2709035746624129
2011-03-02,0.88,0.12,0.0,0.0,-2.2647919222418268e-05,1.2708747913409144
2011-03-03,0.88,0.12,0.0,0.0,4.530438886265031e-05,1.270932367546657
2011-03-04,0.88,0.12,0.0,0.0,4.528729125390818e-05,1.2709899246309502
2011-03-07,0.88,0.12,0.0,0.0,-1.1317551636338407e-05,1.270975540136849
2011-03-08,0.88,0.12,0.0,0.0,-1.1318619128459772e-05,1.2709611544487884
2011-03-09,0.88,0.12,0.0,0.0,-1.131968682200668e-05,1.2709467675665571
2011-03-10,0.88,0.12,0.0,0.0,-0.00020377358490566432,1.2706877821875058
2011-03-11,0.88,0.12,0.0,0.0,-0.00011340011340011279,1.2705436860489097
2011-03-14,0.88,0.12,0.0,0.0,-3.405221339387143e-05,1.270500421224186
2011-03-15,0.88,0.12,0.0,0.0,-0.0005336361055918281,1.269822436327251
2011-03-16,0.88,0.12,0.0,0.0,7.983273141988434e-05,1.2699238097207615
2011-03-17,0.88,0.12,0.0,0.0,3.419128122327031e-05,1.2699672300428717
2011-03-18,0.88,0.12,0.0,0.0,0.00014812001519179496,1.2701553376082788
2011-03-21,0.88,0.12,0.0,0.0,0.00011379800853484667,1.2702998787562285
2011-03-22,0.88,0.12,0.0,0.0,2.2738038844156703e-05,1.2703287628842155
2011-03-23,0.88,0.12,0.0,0.0,-1.1366865586808216e-05,1.2703143232279168
2011-03-24,0.88,0.12,0.0,0.0,2.273588480483646e-05,1.2703432049480357
2011-03-25,0.88,0.12,0.0,0.0,0.0,1.2703432049480357
2011-03-28,0.88,0.12,0.0,0.0,1.1365788975181701e-05,1.270357643400829
2011-03-29,0.88,0.12,0.0,0.0,-4.545885026991492e-05,1.2702998944029285
2011-03-30,0.88,0.12,0.0,0.0,5.6845097110365114e-05,1.270372104723785
2011-03-31,0.88,0.12,0.0,0.0,-6.818181818180946e-05,1.2702854884439174
2011-04-01,0.88,0.12,0.0,0.0,7.959067652074658e-05,1.2703865913253172
2011-04-04,0.88,0.12,0.0,0.0,0.00013635072436321671,1.2705598094572657
2011-04-05,0.88,0.12,0.0,0.0,1.1349664239101998e-05,1.2705742298844986
2011-04-06,0.88,0.12,0.0,0.0,0.00013618309059959977,1.2707472606099606
2011-04-07,0.88,0.12,0.0,0.0,9.068581144907383e-05,1.2708624993564357
2011-04-08,0.88,0.12,0.0,0.0,5.663583160280261e-05,1.2709344757109395
2011-04-11,0.88,0.12,0.0,0.0,2.2643645626967412e-05,1.2709632543008227
2011-04-12,0.88,0.12,0.0,0.0,-6.791812093198679e-05,1.270876932864817
2011-04-13,0.88,0.12,0.0,0.0,3.3978291647001057e-05,1.2709201150918894
2011-04-14,0.88,0.12,0.0,0.0,-3.396867333458786e-05,1.2708769436216654
2011-04-15,0.88,0.12,0.0,0.0,4.530438886265031e-05,1.2709345199249158
2011-04-18,0.88,0.12,0.0,0.0,-6.793093688082229e-05,1.2708481841522632
2011-04-19,0.88,0.12,0.0,0.0,-1.1328235627310334e-05,1.2708337876845865
2011-04-20,0.88,0.12,0.0,0.0,0.00010196374622356785,1.2709633666584064
2011-04-21,0.88,0.12,0.0,0.0,4.527874728797343e-05,1.2710209142874975
2011-04-25,0.88,0.12,0.0,0.0,2.263083451202519e-05,1.27104967855147
2011-04-26,0.88,0.12,0.0,0.0,3.3939851041768776e-05,1.2710928177882268
2011-04-27,0.88,0.12,0.0,0.0,2.262016965127067e-05,1.2711215701234078
2011-04-28,0.88,0.12,0.0,0.0,6.784771956277246e-05,1.2712078128232278
2011-04-29,0.88,0.12,0.0,0.0,0.00011301563382934532,1.271351479179923
2011-05-02,0.88,0.12,0.0,0.0,-0.00011290929619871104,1.2712079317791876
2011-05-03,0.88,0.12,0.0,0.0,1.1301563382923874e-05,1.2712222984162014
2011-05-04,0.88,0.12,0.0,0.0,3.390149731613334e-05,1.2712653947555392
2011-05-05,0.05,0.12,0.8300000000000001,0.0,-3.389192242515993e-05,1.2712223091273984
2011-05-06,0.05,0.12,0.8300000000000001,0.0,0.0006591073218653242,1.2720601810590628
2011-05-09,0.05,0.12,0.8300000000000001,0.0,0.0007240217696907348,1.2729811803225062
2011-05-10,0.05,0.12,0.8300000000000001,0.0,-0.0018388258100248635,1.2706403896724534
2011-05-11,0.05,0.12,0.8300000000000001,0.0,0.0011969901485884217,1.2721613337012898
2011-05-12,0.05,0.12,0.8300000000000001,0.0,-0.001371317458364033,1.2704167966545294
2011-05-13,0.05,0.12,0.8300000000000001,0.0,0.00116332627168243,1.2718947058900643
2011-05-16,0.05,0.12,0.8300000000000001,0.0,0.0005933399284681462,1.272649371803876
2011-05-17,0.05,0.12,0.8300000000000001,0.0,0.00037194140989494696,1.2731227228055269
2011-05-18,0.05,0.12,0.8300000000000001,0.0,-0.0017418840791976566,1.270905090603807
2011-05-19,0.05,0.12,0.8300000000000001,0.0,0.000471894514796154,1.2715048237448894
2011-05-20,0.05,0.12,0.8300000000000001,0.0,0.0006792216893412829,1.2723684573992788
2011-05-23,0.05,0.12,0.8300000000000001,0.0,-0.0001807228915662673,1.2721385112925199
2011-05-24,0.05,0.12,0.8300000000000001,0.0,-4.524886877826706e-05,1.2720809484639546
2011-05-25,0.05,0.12,0.8300000000000001,0.0,-0.0005731260515461723,1.2713518857327144
2011-05-26,0.05,0.12,0.8300000000000001,0.0,0.0022784268982987558,1.2742485680663707
2011-05-27,0.05,0.12,0.6119708125810261,0.21802918741897387,-0.0002861184637499614,1.27388398202364
2011-05-31,0.05,0.12,0.6119708125810261,0.21802918741897387,-0.0007488471229081781,1.2729300376687829
2011-06-01,0.05,0.12,0.5260574001534573,0.30394259984654276,0.002159911363452705,1.275679453722024
2011-06-02,0.05,0.12,0.5260574001534573,0.30394259984654276,-0.0021817070600125567,1.2728962948515257
2011-06-03,0.05,0.12,0.5260574001534573,0.30394259984654276,0.0008112263275410021,1.2739289018381388
2011-06-06,0.05,0.12,0.5260574001534573,0.30394259984654276,-0.00018496966453320908,1.2736932636365266
2011-06-07,0.05,0.12,0.47543870205098504,0.35456129794901486,-0.00016770726613421323,1.2734796560213886
2011-06-08,0.05,0.12,0.47543870205098504,0.35456129794901486,0.0012150258906609137,1.2750269667746845
2011-06-09,0.05,0.12,0.47543870205098504,0.35456129794901486,-0.0021050430184526383,1.2723429801599366
2011-06-10,0.05,0.12,0.47543870205098504,0.35456129794901486,0.0005183494825284022,1.2730024984853012
2011-06-13,0.05,0.12,0.4172293234743817,0.4127706765256183,-0.0011557279318205917,1.2715312539405244
2011-06-14,0.05,0.12,0.4172293234743817,0.4127706765256183,-0.0031636437596057818,1.2675085820238516
2011-06-15,0.05,0.12,0.344066494220048,0.485933505779952,0.003791924634684248,1.2723148790407015
2011-06-16,0.05,0.05,0.3495638689612236,0.5504361310387763,0.0007818825291330665,1.2733096798161794
2011-06-17,0.05,0.05,0.3495638689612236,0.5504361310387763,-0.0010718586650149686,1.271944871802621
2011-06-20,0.05,0.05,0.3495638689612236,0.5504361310387763,-0.00069380896340797,1.2710623850496034
2011-06-21,0.05,0.0,0.33109450817716835,0.6189054918228316,-0.0005018014200918838,1.27042456413976
2011-06-22,0.05,0.0,0.33109450817716835,0.6189054918228316,-0.0001837542363392144,1.2701911182441499
2011-06-23,0.05,0.0,0.33109450817716835,0.6189054918228316,0.0026757193262167958,1.2735897931672246
2011-06-24,0.05,0.0,0.33109450817716835,0.6189054918228316,0.0015108141573241226,1.2755139506573652
2011-06-27,0.05,0.0,0.33109450817716835,0.6189054918228316,-0.002260716255213331,1.2726303755353627
2011-06-28,0.05,0.0,0.22430061985435243,0.7256993801456475,-0.0048113015000584725,1.2665073671005294
2011-06-29,0.05,0.0,0.0688219335560041,0.881178066443996,-0.001670394964708641,1.2643917995717582
2011-06-30,0.05,0.0,0.0,0.95,-0.001741188894987529,1.2621902546114305
2011-07-01,0.05,0.0,0.0,0.95,-0.0019021739130434588,1.259789349235811
2011-07-05,0.05,0.0,0.95,0.0,0.0029951275437087085,1.263562579014978
2011-07-06,0.05,0.0,0.24745250864796164,0.7025474913520383,0.0012358297714178622,1.2651241272681744
2011-07-07,0.05,0.0,0.0,0.95,-0.0026012702610337703,1.2618331974993955
2011-07-08,0.05,0.0,0.30152418348144394,0.6484758165185559,0.005254625214571873,1.2684636580355597
2011-07-11,0.05,0.0,0.30152418348144394,0.6484758165185559,0.002899813559729301,1.272141966151155
2011-07-12,0.05,0.0,0.30152418348144394,0.6484758165185559,-1.6458193498799974e-05,1.2721210289925182
2011-07-13,0.05,0.0,0.30152418348144394,0.6484758165185559,0.0006181910298817541,1.2729074428015652
2011-07-14,0.05,0.0,0.30152418348144394,0.6484758165185559,-0.0016530511130448495,1.270803261736439
2011-07-15,0.05,0.0,0.30152418348144394,0.6484758165185559,0.00137737374369141,1.2725536327825524
2011-07-18,0.05,0.0,0.23884864935629688,0.7111513506437029,-1.662786016521156e-05,1.2725324729386938
2011-07-19,0.05,0.0,0.23884864935629688,0.7111513506437029,-0.00013332884756395207,1.272362807650589
2011-07-20,0.05,0.0,0.17079006479799508,0.7792099352020049,-0.0011159028124072296,1.2709429744151295
2011-07-21,0.05,0.0,0.0,0.95,-0.0024317943660179353,1.2678523024504167
2011-07-22,0.05,0.0,0.15994848722202,0.7900515127779799,0.0011709490850477565,1.2693368929439468
2011-07-25,0.05,0.0,0.0,0.95,-0.0009405251195517852,1.2681430497109591
2011-07-26,0.05,0.0,0.22840780724832332,0.7215921927516766,0.0016208530805688847,1.270198523279685
2011-07-27,0.05,0.0,0.22840780724832332,0.7215921927516766,-0.0014091405401843418,1.2684086350464494
2011-07-28,0.05,0.0,0.29508829978938356,0.6549117002106165,0.0012483616401504035,1.269992067730477
2011-07-29,0.05,0.0,0.3647436460157573,0.5852563539842427,0.004859464494289317,1.2761635490916425
2011-08-01,0.05,0.0,0.3647436460157573,0.5852563539842427,0.0014950112772609868,1.2780714279891638
2011-08-02,0.05,0.0,0.3647436460157573,0.5852563539842427,0.0031980239191634996,1.2821587309862728
2011-08-03,0.05,0.0,0.3647436460157573,0.5852563539842427,-0.00018827310089369252,1.2819173349861521
2011-08-04,0.05,0.0,0.3647436460157573,0.5852563539842427,0.003448056909138405,1.2863374589099954
2011-08-05,0.05,0.0,0.3647436460157573,0.5852563539842427,-0.004157793890283478,1.2809891328824967
2011-08-08,0.05,0.0,0.266512239054928,0.683487760945072,0.0032666438960228398,1.2851736682142991
2011-08-09,0.05,0.0,0.266512239054928,0.683487760945072,0.004509877241150546,1.2909696436915046
2011-08-10,0.05,0.0,0.266512239054928,0.683487760945072,0.00015102326002340333,1.2911646101356862
2011-08-11,0.05,0.0,0.09351806490726584,0.8564819350927342,-0.00453755228066833,1.2853058832142468
2011-08-12,0.05,0.0,0.1471781965376702,0.8028218034623298,0.0023888875720798055,1.2883763344649783
2011-08-15,0.05,0.0,0.1471781965376702,0.8028218034623298,-0.0014684166017068776,1.2864844612662039
2011-08-16,0.05,0.0,0.1471781965376702,0.8028218034623298,0.0020061320483343702,1.2890653189736343
2011-08-17,0.05,0.0,0.1471781965376702,0.8028218034623298,0.000994172535255662,1.2903468723099083
2011-08-18,0.05,0.0,0.1471781965376702,0.8028218034623298,0.0010740613310930693,1.2917327839891533
2011-08-19,0.05,0.0,0.1471781965376702,0.8028218034623298,-0.0003242012850774002,1.2913140025606074
2011-08-22,0.05,0.0,0.1471781965376702,0.8028218034623298,-0.0008103659254752875,1.2902675656938432
2011-08-23,0.05,0.0,0.05288871509862722,0.8971112849013727,-0.0014407019114119459,1.288408674745715
2011-08-24,0.05,0.0,0.0,0.95,-0.003108557826630154,1.284403581875936
2011-08-25,0.05,0.0,0.0,0.95,0.0017651430694908708,1.2866707379569138
2011-08-26,0.05,0.0,0.0,0.95,0.0010571216617210387,1.2880309054655106
2011-08-29,0.05,0.0,0.0,0.95,-0.0020238977399036294,1.2854240626270128
2011-08-30,0.05,0.0,0.0,0.95,0.0024691358024691358,1.2885979492014004
2011-08-31,0.05,0.0,0.0,0.95,-0.0019350060179612548,1.286104504414963
2011-09-01,0.05,0.0,0.0,0.95,0.001762686705631211,1.2883715037269479
2011-09-02,0.05,0.0,0.05071852928529746,0.8992814707147025,0.0021113066024632254,1.2910916509891919
2011-09-06,0.05,0.0,0.0,0.95,-0.00026422712368587834,1.290750509555836
2011-09-07,0.05,0.0,0.0,0.95,-0.001316883836983551,1.2890507410722236
2011-09-08,0.05,0.0,0.05,0.8999999999999998,0.001406625948547102,1.2908639532936095
2011-09-09,0.05,0.0,0.05,0.8999999999999998,0.001871096307632125,1.2932792840702725
2011-09-12,0.05,0.0,0.0,0.95,-0.0015997715433701486,1.2912103326739868
2011-09-13,0.05,0.0,0.0,0.95,-0.0014038976632492982,1.2893976055051823
2011-09-14,0.05,0.0,0.0,0.95,-0.0005272407732865303,1.288717782514582
2011-09-15,0.05,0.0,0.0,0.95,-0.0017584451642758347,1.286451642961803
2011-09-16,0.05,0.0,0.0,0.95,0.0004404265183126088,1.2870182303798903
2011-09-19,0.05,0.0,0.0,0.95,0.003521779425393878,1.291550824703749
2011-09-20,0.05,0.0,0.0,0.95,-0.0003508771929823684,1.291097648975783
2011-09-21,0.05,0.0,0.0,0.95,0.00026325512654723493,1.2914375370507492
2011-09-22,0.05,0.0,0.0,0.95,0.0032459137501153587,1.2956294319096773
2011-09-23,0.05,0.0,0.0,0.95,-0.0028851463279955746,1.29189135141176
2011-09-26,0.05,0.0,0.0,0.95,-0.002455460168005141,1.2887191636569781
2011-09-27,0.05,0.0,0.0,0.95,-0.0026376677464136464,1.285319950684815
2011-09-28,0.05,0.0,0.0,0.95,0.00026450116009284485,1.2856599193028615
2011-09-29,0.05,0.0,0.0,0.95,0.0007932826127297287,1.286679810962728
2011-09-30,0.05,0.0,0.0,0.95,8.806897191049323e-05,1.2867931275308575
2011-10-03,0.05,0.0,0.0,0.95,0.0035224323322210704,1.2913257692481521
2011-10-04,0.05,0.0,0.0,0.95,-0.0004386775027705958,1.290759293684435
2011-10-05,0.05,0.0,0.0,0.95,-0.002896609073269851,1.2870204686029414
2011-10-06,0.05,0.0,0.0,0.95,-0.0020250231696015697,1.284414222334269
2011-10-07,0.05,0.0,0.0,0.95,-0.0025587443113216646,1.2811277347494905
2011-10-10,0.05,0.0,0.0,0.95,0.0,1.2811277347494905
2011-10-11,0.05,0.0,0.0,0.95,-0.0024771838331160865,1.2779541458368124
2011-10-12,0.05,0.0,0.0,0.95,-0.001153127917833796,1.2764805012335365
2011-10-13,0.05,0.0,0.0,0.95,0.001953818827708742,1.2789745128700498
2011-10-14,0.05,0.0,0.0,0.95,-0.0008862767049164998,1.2778409875531112
2011-10-17,0.05,0.0,0.0,0.95,0.001774208609580663,1.280108144034903
2011-10-18,0.05,0.0,0.0,0.95,0.0005312703886661385,1.280788227586119
2011-10-19,0.05,0.0,0.0,0.95,-8.849557522118134e-05,1.2806748834951824
2011-10-20,0.05,0.0,0.0,0.95,-0.0006195267374698166,1.2798814711628512
2011-10-21,0.05,0.0,0.0,0.95,-0.00035424629439723685,1.279428077894424
2011-10-24,0.05,0.0,0.0,0.95,-0.0010631353166092206,1.278067872719753
2011-10-25,0.05,0.0,0.0,0.95,0.002926897581925125,1.2818086464859528
2011-10-26,0.05,0.0,0.0,0.95,-0.002210536113179473,1.27897516218271
2011-10-27,0.05,0.0,0.0,0.95,-0.004520011195074086,1.2731941801314224
2011-10-28,0.05,0.0,0.0,0.95,0.0026715410573678543,1.2765955706576453
2011-10-31,0.05,0.0,0.0,0.95,0.0024864460646850882,1.2797697566905015
2011-11-01,0.05,0.0,0.0,0.95,0.004074212194667126,1.284983810239576
2011-11-02,0.05,0.0,0.0,0.95,0.00017638321574453553,1.285210459816206
2011-11-03,0.05,0.0,0.0,0.95,-0.0011462780768516367,1.2837372512419782
2011-11-04,0.05,0.0,0.0,0.95,0.000706254065607359,1.2846438958948394
2011-11-07,0.05,0.0,0.0,0.95,0.0007057294084872323,1.2855505068716062
2011-11-08,0.05,0.0,0.0,0.95,-0.0015867124431659218,1.2835107078860348
2011-11-09,0.05,0.0,0.0,0.95,0.0023840505623198617,1.286570662310914
2011-11-10,0.05,0.0,0.0,0.95,-0.0019376970146486316,1.2840776781794196
2011-11-11,0.05,0.0,0.0,0.95,0.0,1.2840776781794196
2011-11-14,0.05,0.0,0.0,0.95,0.00026477146042365175,1.2844176653015686
2011-11-15,0.05,0.0,0.0,0.95,-0.0005293953747561919,1.2837377005303028
2011-11-16,0.05,0.0,0.0,0.95,0.0005296905492055193,1.2844176842579327
2011-11-17,0.05,0.0,0.0,0.95,0.0011470233119717842,1.2858909412840853
2011-11-18,0.05,0.0,0.0,0.95,-0.0021150278293134536,1.2831712461578073
2011-11-21,0.05,0.0,0.0,0.95,0.0009715507623651475,1.2844179121602568
2011-11-22,0.05,0.0,0.0,0.95,0.0007058604996749928,1.285324532029526
2011-11-23,0.05,0.0,0.0,0.95,0.0013225058004640133,1.2870243811786137
2011-11-25,0.05,0.0,0.0,0.95,-0.0021130676552364113,1.2843048115872444
2011-11-28,0.05,0.0,0.0,0.95,0.00044120378970831093,1.2848714517372575
2011-11-29,0.05,0.0,0.0,0.95,-0.0008819979574783143,1.283738197741203
2011-11-30,0.05,0.0,0.0,0.95,-0.00017656351640173428,1.2835115364108707
2011-12-01,0.05,0.0,0.0,0.95,-0.0008829816897482023,1.2823782192256392
2011-12-02,0.05,0.0,0.0,0.95,0.0017676062889570353,1.284644959030764
2011-12-05,0.05,0.0,0.0,0.95,-0.00035286470424361616,1.2841916531672375
2011-12-06,0.05,0.0,0.0,0.95,-0.0008824895494659035,1.283058367453806
2011-12-07,0.05,0.0,0.0,0.95,0.002384937238493656,1.2861183811335075
2011-12-08,0.05,0.0,0.0,0.95,0.0014978668150620877,1.2880448151768487
2011-12-09,0.05,0.0,0.0,0.95,-0.0020233354940271783,1.2854386683844037
2011-12-12,0.05,0.0,0.0,0.95,0.0009697475872307959,1.2866852194316025
2011-12-13,0.05,0.0,0.0,0.95,0.0008806897191061979,1.287818389876082
2011-12-14,0.05,0.0,0.0,0.95,0.0007038992312679348,1.2887248842507286
2011-12-15,0.05,0.0,0.0,0.95,-0.0003516890328550404,1.2882716538425703
2011-12-16,0.05,0.0,0.0,0.95,0.001495231922970075,1.290197918744853
2011-12-19,0.05,0.0,0.0,0.95,0.0006147162137177364,1.2909910243244103
2011-12-20,0.05,0.0,0.0,0.95,-0.002545034642032423,1.2877054074449519
2011-12-21,0.05,0.0,0.0,0.95,-0.0012319377547240218,1.286119034536558
2011-12-22,0.05,0.0,0.0,0.95,0.0,1.286119034536558
2011-12-23,0.05,0.0,0.0,0.95,-0.0025551845668706883,1.2828327630283516
2011-12-27,0.05,0.0,0.0,0.95,0.0002650423137730118,1.2831727679920486
2011-12-28,0.05,0.0,0.0,0.95,0.0025613611007809013,1.2864594368055648
2011-12-29,0.05,0.12,0.0,0.83,0.0005285118219749196,1.2871393458264078
2011-12-30,0.05,0.12,0.0,0.83,0.000840595143055336,1.2882213089089447
2012-01-03,0.05,0.12,0.0,0.83,0.0001353929062462699,1.2883957249358462
2012-01-04,0.05,0.12,0.0,0.83,-0.0003095037432130787,1.2879969616362388
2012-01-05,0.05,0.12,0.0,0.83,0.00034328834043029,1.288439115975678
2012-01-06,0.05,0.12,0.0,0.83,0.0008101745119623826,1.289482976507657
2012-01-09,0.05,0.12,0.0,0.83,0.00036626881468754474,1.289955273909022
2012-01-10,0.05,0.12,0.0,0.83,-0.00014396896782800314,1.2897695603796933
2012-01-11,0.05,0.12,0.2510986220349958,0.5789013779650041,0.0014502683744094002,1.2916400723833876
2012-01-12,0.05,0.12,0.0,0.8299999999999998,-0.000540972573314849,1.2909413305296338
2012-01-13,0.05,0.12,0.18744585534240615,0.6425541446575939,0.0014858951635420856,1.2928595340090845
2012-01-17,0.05,0.12,0.12387953470542144,0.7061204652945785,0.000264742514072671,1.2932018088924608
2012-01-18,0.05,0.12,0.12387953470542144,0.7061204652945785,-0.0008360907506166132,1.292120574821365
2012-01-19,0.05,0.12,0.0,0.83,-0.0010913633790904005,1.2907104017446358
2012-01-20,0.05,0.12,0.0,0.83,-0.001415487580105793,1.288883417201453
2012-01-23,0.05,0.12,0.0,0.83,-0.0005496436154985928,1.2881749906600661
2012-01-24,0.05,0.12,0.0,0.83,0.00028958855779706913,1.2885480313978017
2012-01-25,0.05,0.12,0.15421265661603917,0.6757873433839607,0.0025464594047007716,1.2918292666507631
2012-01-26,0.05,0.12,0.2912128899232215,0.5387871100767784,0.002618266982079386,1.2952116205661186
2012-01-27,0.05,0.12,0.35555394802852464,0.4744460519714754,0.0009153389078805914,1.296397178156362
2012-01-30,0.05,0.12,0.4759375554767302,0.35406244452326974,0.0006161087145679316,1.2971958997553654
2012-01-31,0.05,0.12,0.5731384387039506,0.2568615612960494,0.0004958657643985183,1.2978391347917722
2012-02-01,0.05,0.12,0.5731384387039506,0.2568615612960494,-0.0001228701332050086,1.2976796691244017
2012-02-02,0.05,0.12,0.5731384387039506,0.2568615612960494,0.0011296243282136183,1.2991455596488726
2012-02-03,0.05,0.12,0.6721892497466472,0.1578107502533529,-0.0016862296241865434,1.2969549019200624
2012-02-06,0.05,0.12,0.6721892497466472,0.1578107502533529,0.0016899905415185346,1.2991467434370836
2012-02-07,0.05,0.12,0.6721892497466472,0.1578107502533529,-0.001308838038167114,1.2974463707621122
2012-02-08,0.05,0.12,0.83,0.0,0.0004237145938737194,1.2979961177241726
2012-02-09,0.05,0.12,0.83,0.0,-0.0006546668714149173,1.2971463626666733
2012-02-10,0.05,0.12,0.83,0.0,0.0011730020474680213,1.298667918005947
2012-02-13,0.05,0.12,0.83,0.0,-0.000803194731866067,1.2976248347757613
2012-02-14,0.05,0.12,0.83,0.0,0.0014665323043172717,1.2995278435148443
2012-02-15,0.05,0.12,0.7246633590798511,0.10533664092014877,-0.00022934512296208352,1.2992298031417806
2012-02-16,0.05,0.12,0.7246633590798511,0.10533664092014877,-0.0026634749469479314,1.2957693371107843
2012-02-17,0.05,0.12,0.8299999999999998,0.0,0.0005480075346397952,1.2964794284706762
2012-02-21,0.05,0.12,0.8299999999999998,0.0,-0.0005216477153324804,1.295803122938839
2012-02-22,0.05,0.12,0.8299999999999998,0.0,0.001725729222477814,1.2980393282546723
2012-02-23,0.05,0.12,0.8299999999999998,0.0,0.0007190936703482519,1.2989727401194833
2012-02-24,0.05,0.12,0.8299999999999998,0.0,0.0007219124939486509,1.2999104847698741
2012-02-27,0.05,0.12,0.8299999999999998,0.0,0.0015638697270154785,1.3019433754248357
2012-02-28,0.05,0.12,0.8299999999999998,0.0,0.0009765240278485974,1.3032147544138364
2012-02-29,0.05,0.12,0.8299999999999998,0.0,-0.0008810397087959086,1.302066570466109
2012-03-01,0.05,0.12,0.8299999999999998,0.0,-0.0005003100501116996,1.3014151334749902
2012-03-02,0.05,0.12,0.8299999999999998,0.0,0.002249704066912297,1.30434293239351
2012-03-05,0.05,0.12,0.8299999999999998,0.0,-0.001111112851269984,1.3028936601988645
2012-03-06,0.05,0.12,0.8299999999999998,0.0,-0.00036746530791799355,1.3024148919788352
2012-03-07,0.05,0.12,0.8299999999999998,0.0,-0.00044200496323759214,1.3018392181323861
2012-03-08,0.05,0.12,0.8299999999999998,0.0,-0.0005606417020633202,1.3011093527773196
2012-03-09,0.05,0.12,0.8299999999999998,0.0,-0.00037804250393166027,1.3006174781397069
2012-03-12,0.05,0.12,0.8299999999999998,0.0,7.639911634756967e-05,1.3007168441657428
2012-03-13,0.05,0.12,0.8299999999999998,0.0,-0.0016005801224392587,1.2986349426400492
2012-03-14,0.05,0.12,0.8299999999999998,0.0,-0.003597712810108012,1.2939628270712593
2012-03-15,0.05,0.12,0.8299999999999998,0.0,0.00042077539572721307,1.2945072947918765
2012-03-16,0.05,0.12,0.8299999999999998,0.0,3.1039346852592674e-05,1.2945474754528028
2012-03-19,0.05,0.12,0.8299999999999998,0.0,-0.0019433079822389673,1.2920317710103681
2012-03-20,0.05,0.12,0.8299999999999998,0.0,-0.00027996710839674253,1.2916700446114817
2012-03-21,0.05,0.12,0.8299999999999998,0.0,0.002356120056242323,1.2947133743096382
2012-03-22,0.05,0.12,0.8299999999999998,0.0,0.00010432244185601066,1.2948484419703497
2012-03-23,0.05,0.12,0.8299999999999998,0.0,0.0006450738068106763,1.2956837147840543
2012-03-26,0.05,0.12,0.8299999999999998,0.0,9.966312490528926e-05,1.2958128466719585
2012-03-27,0.05,0.12,0.8299999999999998,0.0,0.0019864145082846346,1.2983868681106092
2012-03-28,0.05,0.12,0.8299999999999998,0.0,-0.0004055653206610687,1.2978602874241019
2012-03-29,0.05,0.12,0.8299999999999998,0.0,0.0005399397569402996,1.298561053792236
2012-03-30,0.05,0.12,0.8299999999999998,0.0,-0.0012430390666449364,1.2969468916719487
2012-04-02,0.05,0.12,0.8299999999999998,0.0,-0.0009116683215276498,1.2957645062761076
2012-04-03,0.05,0.12,0.8299999999999998,0.0,-0.002661375797642034,1.2923159899796608
2012-04-04,0.05,0.12,0.8299999999999998,0.0,0.0006546121660707759,1.2931619557491094
2012-04-05,0.05,0.12,0.8299999999999998,0.0,0.0008535129489993241,1.2942656862234945
2012-04-09,0.05,0.12,0.8299999999999998,0.0,0.002035397844032573,1.2969000318108392
2012-04-10,0.05,0.12,0.8299999999999998,0.0,0.0003629674791557713,1.2973707643461028
2012-04-11,0.05,0.12,0.8299999999999998,0.0,-0.0013816752535815977,1.2955782192662855
2012-04-12,0.05,0.12,0.8299999999999998,0.0,9.673803281598059e-05,1.2957035509545767
2012-04-13,0.05,0.12,0.8299999999999998,0.0,0.0013491498951589628,1.2974516492645043
2012-04-16,0.05,0.12,0.8299999999999998,0.0,0.0003061036326757182,1.2978488039275653
2012-04-17,0.05,0.12,0.8299999999999998,0.0,-0.0003854982926579342,1.2973484854295232
2012-04-18,0.05,0.12,0.6693288400255929,0.16067115997440704,0.00041730425495605677,1.2978898744726537
2012-04-19,0.05,0.12,0.83,0.0,0.0006946732243056522,1.2987914838165473
2012-04-20,0.05,0.12,0.6123115837598341,0.21768841624016586,-0.0004775570463486056,1.2981712367917133
2012-04-23,0.05,0.12,0.6123115837598341,0.21768841624016586,0.0005348285212848522,1.2988655357946612
2012-04-24,0.05,0.12,0.6123115837598341,0.21768841624016586,-0.0005937626390191046,1.2980943179663968
2012-04-25,0.05,0.12,0.8300000000000001,0.0,0.00012703253782742015,1.2982592181819472
2012-04-26,0.05,0.12,0.8300000000000001,0.0,0.000922137008224222,1.299456391053301
2012-04-27,0.05,0.12,0.8300000000000001,0.0,0.0011009193504664294,1.300886987739299
2012-04-30,0.05,0.12,0.8300000000000001,0.0,0.000125990264388669,1.301050886834824
2012-05-01,0.05,0.12,0.8300000000000001,0.0,-0.00038207881546685094,1.3005537828531202
2012-05-02,0.05,0.12,0.8300000000000001,0.0,0.0011041426795818233,1.30198977979186
2012-05-03,0.05,0.12,0.8300000000000001,0.0,0.0005949303685138796,1.3027643730513527
2012-05-04,0.05,0.12,0.8300000000000001,0.0,0.0011477416967082335,1.3042596100432897
2012-05-07,0.05,0.12,0.8300000000000001,0.0,-0.0003617069959429631,1.3037878502178113
2012-05-08,0.05,0.12,0.8300000000000001,0.0,0.000651683154453584,1.3046375067967795
2012-05-09,0.05,0.12,0.8300000000000001,0.0,-0.000768839774766319,1.3036344495899022
2012-05-10,0.05,0.12,0.8300000000000001,0.0,-0.0003886970820965108,1.303127730683226
2012-05-11,0.05,0.12,0.8300000000000001,0.0,0.0006519624010064718,1.3039773209673404
2012-05-14,0.05,0.12,0.8300000000000001,0.0,-0.0011234143613790427,1.302512414118053
2012-05-15,0.05,0.12,0.8300000000000001,0.0,-0.0009113570723758991,1.3013253602175892
2012-05-16,0.05,0.12,0.8300000000000001,0.0,-0.0016718283494902677,1.2991497675884667
2012-05-17,0.05,0.12,0.8300000000000001,0.0,-0.0017635193405968553,1.2968586918469927
2012-05-18,0.05,0.12,0.8300000000000001,0.0,-0.0025248211600249425,1.293584355580255
2012-05-21,0.05,0.12,0.8300000000000001,0.0,-0.0015802888050929554,1.2915401187046882
2012-05-22,0.05,0.12,0.8300000000000001,0.0,-0.000535734813377834,1.290848195700224
2012-05-23,0.05,0.12,0.8300000000000001,0.0,0.0006791272618958467,1.291724845900893
2012-05-24,0.05,0.12,0.8300000000000001,0.0,-0.0009988890946120955,1.290434556039083
2012-05-25,0.05,0.0,0.95,0.0,0.0005617920754208395,1.2911595119465151
2012-05-29,0.05,0.0,0.95,0.0,0.0005279733234532124,1.2918412097251457
2012-05-30,0.05,0.0,0.95,0.0,0.0020227735604518627,1.29445431196848
2012-05-31,0.05,0.0,0.42516442182519626,0.5248355781748036,0.0007020785219399861,1.2953631205385456
2012-06-01,0.05,0.0,0.42516442182519626,0.5248355781748036,0.0017356298946118037,1.29761139149493
2012-06-04,0.05,0.0,0.3570257388672125,0.5929742611327874,-0.00234068780401809,1.294574088336503
2012-06-05,0.05,0.0,0.3570257388672125,0.5929742611327874,-0.0004397890668832885,1.294004748806182
2012-06-06,0.05,0.0,0.2913272264374287,0.6586727735625711,-0.0019027175565484965,1.2915426232523715
2012-06-07,0.05,0.0,0.95,0.0,0.0006964157092182895,1.2924420738243292
2012-06-08,0.05,0.0,0.95,0.0,0.0006150004624063454,1.2932369262973646
2012-06-11,0.05,0.0,0.49556928740944833,0.4544307125905516,0.0013170055452863649,1.2949401265006675
2012-06-12,0.05,0.0,0.49556928740944833,0.4544307125905516,-0.0024793625975949524,1.2917295003848968
2012-06-13,0.05,0.0,0.49556928740944833,0.4544307125905516,0.0017278070250028262,1.2939613596900652
2012-06-14,0.05,0.0,0.49556928740944833,0.4544307125905516,-0.00048210976223194243,1.2933375282866078
2012-06-15,0.05,0.0,0.49556928740944833,0.4544307125905516,0.0015143789413351806,1.2952961314034834
2012-06-18,0.05,0.0,0.49556928740944833,0.4544307125905516,-0.00013006159509365198,1.2951276631225144
2012-06-19,0.05,0.12,0.4796571617654532,0.3503428382345469,-0.0005097228353664087,1.2944675069779061
2012-06-20,0.05,0.12,0.5467952088685764,0.2832047911314235,-0.00039817687412702476,1.2939520799523188
2012-06-21,0.05,0.12,0.6036510583185165,0.22634894168148356,0.0010544059206066673,1.2953164306864016
2012-06-22,0.05,0.12,0.8299999999999998,0.0,-0.0010529680691429774,1.2939525038454525
2012-06-25,0.05,0.0,0.95,0.0,0.001304816530473287,1.2956408744621173
2012-06-26,0.05,0.0,0.95,0.0,-0.0007877280265340458,1.2946202618329805
2012-06-27,0.05,0.05,0.5990627050522156,0.3009372949477844,0.00026279391424619545,1.29496048015905
2012-06-28,0.05,0.10221472751463008,0.8477852724853698,0.0,0.001258667187565595,1.2965904044246204
2012-06-29,0.05,0.12,0.6448901654871011,0.1851098345128989,-0.00046489541091283674,1.2959876254957696
2012-07-02,0.05,0.12,0.8299999999999998,0.0,0.0023580919003792725,1.299043683418443
2012-07-03,0.05,0.12,0.6795383466848619,0.15046165331513806,-0.0006237022626186205,1.2982334669338544
2012-07-05,0.05,0.12,0.8299999999999998,0.0,0.0012366084575555448,1.2998388734189463
2012-07-06,0.05,0.12,0.8299999999999998,0.0,0.0013530084895472315,1.3015975664497257
2012-07-09,0.05,0.12,0.6109297551278934,0.2190702448721066,0.000643208050141244,1.3024347644825105
2012-07-10,0.05,0.12,0.6109297551278934,0.2190702448721066,0.0006940415137578748,1.303338708278023
2012-07-11,0.05,0.12,0.6109297551278934,0.2190702448721066,0.00015183889702745606,1.3035366057899411
2012-07-12,0.05,0.12,0.6109297551278934,0.2190702448721066,0.0003930160371174741,1.3040489165809863
2012-07-13,0.05,0.12,0.6109297551278934,0.2190702448721066,0.00014229882550277617,1.304234481210214
2012-07-16,0.05,0.12,0.6109297551278934,0.2190702448721066,0.001379566869974293,1.3060337598911698
2012-07-17,0.05,0.12,0.6109297551278934,0.2190702448721066,-0.00018655845842056588,1.3057901082462793
2012-07-18,0.05,0.12,0.8299999999999998,0.0,0.0016018549088837324,1.3078817945411454
2012-07-19,0.05,0.12,0.8299999999999998,0.0,0.0002823628154964286,1.3082510917269885
2012-07-20,0.05,0.12,0.8299999999999998,0.0,0.0008313604079403513,1.309338719888295
2012-07-23,0.05,0.12,0.8299999999999998,0.0,-0.0005543039482172873,1.3086129482663071
2012-07-24,0.05,0.12,0.8299999999999998,0.0,0.00045318045318042615,1.3092059860752403
2012-07-25,0.05,0.12,0.8299999999999998,0.0,-0.0002954188837032578,1.3088192219042964
2012-07-26,0.05,0.12,0.604899526196289,0.22510047380371098,-2.4533679464648883e-05,1.308787111753029
2012-07-27,0.05,0.12,0.7406094123432788,0.08939058765672116,-0.001698414188428942,1.3065642491527947
2012-07-30,0.05,0.12,0.83,0.0,0.002260700103777838,1.3095179990864467
2012-07-31,0.05,0.12,0.83,0.0,0.0007733591151974339,1.3105307267675554
2012-08-01,0.05,0.12,0.83,0.0,-0.001104074601710522,1.3090838030773702
2012-08-02,0.05,0.12,0.83,0.0,0.001197183261879331,1.3106510162948117
2012-08-03,0.05,0.12,0.83,0.0,-0.0017259517516111246,1.3083888958774867
2012-08-06,0.05,0.12,0.83,0.0,0.001497505838148967,1.3103482158876325
2012-08-07,0.05,0.12,0.83,0.0,-0.0015993574189015303,1.3082525007472083
2012-08-08,0.05,0.12,0.83,0.0,-0.00022689994532536727,1.307955658326317
2012-08-09,0.05,0.12,0.83,0.0,-0.0002724337603123905,1.3075993270479973
2012-08-10,0.05,0.12,0.83,0.0,0.0011727472130655702,1.3091328105145994
2012-08-13,0.05,0.12,0.83,0.0,-0.0007141673244597924,1.3081978706379516
2012-08-14,0.05,0.12,0.83,0.0,-0.001482316255158995,1.3062587076693404
2012-08-15,0.05,0.12,0.83,0.0,-0.0022121433489908117,1.3033690761571084
2012-08-16,0.05,0.12,0.83,0.0,-0.0005240639594495499,1.3026860273984333
2012-08-17,0.05,0.12,0.83,0.0,0.0007180953352053731,1.3036214801579453
2012-08-20,0.05,0.12,0.83,0.0,0.0002733817136806471,1.3039778664321817
2012-08-21,0.05,0.12,0.83,0.0,0.0005580019679705494,1.3047054886478409
2012-08-22,0.05,0.12,0.83,0.0,0.00262484267619264,1.3081301352943064
2012-08-23,0.05,0.12,0.83,0.0,0.0012555592556584049,1.309772570193281
2012-08-24,0.05,0.12,0.83,0.0,-0.0006155104532054222,1.3089663914850054
2012-08-27,0.05,0.12,0.83,0.0,0.000865427353102004,1.3100992068044877
2012-08-28,0.05,0.12,0.83,0.0,0.00046435199257683024,1.3107075539816406
2012-08-29,0.05,0.12,0.83,0.0,-0.0004940521253489671,1.310059996128885
2012-08-30,0.05,0.12,0.83,0.0,0.0009060311107067465,1.3112469512422702
2012-08-31,0.05,0.12,0.83,0.0,0.001304891138866342,1.312957985769812
2012-09-04,0.05,0.12,0.83,0.0,-0.0006663642641407374,1.3120830774877767
2012-09-05,0.05,0.12,0.83,0.0,-7.114027780594998e-05,1.3119897355331398
2012-09-06,0.05,0.12,0.83,0.0,-0.0012390406332956838,1.3103641269403474
2012-09-07,0.05,0.12,0.83,0.0,0.0020128814355575607,1.3130017345652862
2012-09-10,0.05,0.12,0.83,0.0,-0.00010165324339002523,1.312868263680391
2012-09-11,0.05,0.12,0.83,0.0,0.0003202498580002366,1.3132887095554076
2012-09-12,0.05,0.12,0.83,0.0,-0.0003285008600554506,1.3128572930848175
2012-09-13,0.05,0.12,0.83,0.0,0.0013080902071101264,1.3145746288532347
2012-09-14,0.05,0.12,0.83,0.0,-0.0002090982118948681,1.3142997536489391
2012-09-17,0.05,0.12,0.83,0.0,0.0009156723350437001,1.3155032215733102
2012-09-18,0.05,0.12,0.83,0.0,0.0008618033405426616,1.3166369266441569
2012-09-19,0.05,0.12,0.83,0.0,0.0006017217942910769,1.3174291757780872
2012-09-20,0.05,0.12,0.83,0.0,-0.0002959253533851891,1.317039315083685
2012-09-21,0.05,0.12,0.83,0.0,0.0006732461647969456,1.3179260067514518
2012-09-24,0.05,0.12,0.83,0.0,0.0005378595865873793,1.318634865888596
2012-09-25,0.05,0.12,0.83,0.0,0.00013153542617721836,1.318808313087653
2012-09-26,0.05,0.12,0.83,0.0,0.00024722749504245693,1.3191343587633388
2012-09-27,0.05,0.12,0.83,0.0,-0.00011862223477685397,1.3189778800977314
2012-09-28,0.05,0.12,0.83,0.0,0.0006109583862855516,1.3197837206949021
2012-10-01,0.05,0.12,0.83,0.0,-0.0007603303700556618,1.3187802490501528
2012-10-02,0.05,0.12,0.83,0.0,0.0006110667155825089,1.319586111765515
2012-10-03,0.05,0.12,0.83,0.0,0.00018373451473643554,1.319828565279413
2012-10-04,0.05,0.12,0.83,0.0,-2.553559196444066e-05,1.3197948626757072
2012-10-05,0.05,0.12,0.83,0.0,-0.0007748562818944349,1.318772211335551
2012-10-08,0.05,0.12,0.83,0.0,0.0,1.318772211335551
2012-10-09,0.05,0.12,0.83,0.0,0.0003823427032375304,1.3192764342677874
2012-10-10,0.05,0.12,0.83,0.0,0.000498133980263049,1.3199336106890565
2012-10-11,0.05,0.12,0.83,0.0,0.0007685719069211382,1.320948074581233
2012-10-12,0.05,0.12,0.83,0.0,0.000812064486343671,1.3220207696009043
2012-10-15,0.05,0.12,0.83,0.0,0.0008943229615032443,1.3232030831307426
2012-10-16,0.05,0.12,0.83,0.0,-5.5203493322328876e-05,1.323130037698179
2012-10-17,0.05,0.12,0.83,0.0,-0.0010679522691317066,1.3217169979720629
2012-10-18,0.05,0.12,0.83,0.0,0.00020581687299608075,1.3219890296315713
2012-10-19,0.05,0.12,0.83,0.0,0.0010214393705742018,1.3233393612739044
2012-10-22,0.05,0.12,0.83,0.0,-0.001315292825870029,1.3215987825058293
2012-10-23,0.05,0.12,0.83,0.0,-0.00015365798331126832,1.3213957083021628
2012-10-24,0.05,0.12,0.83,0.0,-5.230195485708466e-05,1.3213265967234789
2012-10-25,0.05,0.12,0.83,0.0,-0.0014106123299388207,1.3194627171342648
2012-10-26,0.05,0.12,0.83,0.0,0.0015777864158595166,1.3215445474855922
2012-10-31,0.05,0.12,0.83,0.0,-0.00012095802724541472,1.3213846960642115
2012-11-01,0.05,0.12,0.83,0.0,-0.0005714599914773366,1.3206295775770605
2012-11-02,0.05,0.12,0.83,0.0,2.6753106240868797e-05,1.320664908520454
2012-11-05,0.05,0.12,0.83,0.0,0.0008983494182375828,1.3218513270727101
2012-11-06,0.05,0.12,0.83,0.0,-0.0017383547051056866,1.3195534805988431
2012-11-07,0.05,0.12,0.83,0.0,0.0017495639839154563,1.321862123843349
2012-11-08,0.05,0.12,0.83,0.0,0.0005079047444735885,1.322533503887589
2012-11-09,0.05,0.12,0.83,0.0,-0.0008393115132477524,1.32142348629112
2012-11-12,0.05,0.12,0.83,0.0,0.0,1.32142348629112
2012-11-13,0.05,0.12,0.83,0.0,-0.0006524587431187622,1.3205613119841269
2012-11-14,0.05,0.12,0.83,0.0,-0.0003719013102180135,1.3200701935019767
2012-11-15,0.05,0.12,0.83,0.0,-0.0013115208703219205,1.318338893892909
2012-11-16,0.05,0.12,0.83,0.0,-0.00011404675917125573,1.318188541614571
2012-11-19,0.05,0.12,0.83,0.0,-0.000475057268210588,1.3175623265670051
2012-11-20,0.05,0.12,0.83,0.0,-0.0010514665230777253,1.3161769538885515
2012-11-21,0.05,0.12,0.83,0.0,-0.0006484121246077889,1.3153235287935208
2012-11-23,0.05,0.12,0.83,0.0,-0.0001913440092627816,1.3150718495160438
2012-11-26,0.05,0.12,0.83,0.0,0.0010383612297065281,1.3164373691388596
2012-11-27,0.05,0.12,0.83,0.0,0.0008573681034903613,1.317566040549402
2012-11-28,0.05,0.12,0.83,0.0,0.000731886293071704,1.318530349074697
2012-11-29,0.05,0.12,0.83,0.0,0.0005080707765110514,1.3192002558130047
2012-11-30,0.05,0.12,0.83,0.0,-0.000794637662335671,1.3181519696055728
2012-12-03,0.05,0.12,0.83,0.0,-0.0004870428008690719,1.317509973178325
2012-12-04,0.05,0.12,0.83,0.0,0.0006609883970229279,1.318380831983558
2012-12-05,0.05,0.12,0.83,0.0,0.0008297236973683031,1.3194747238020108
2012-12-06,0.05,0.12,0.83,0.0,0.0002624694200829891,1.3198210455675814
2012-12-07,0.05,0.12,0.83,0.0,-0.000978207020738816,1.3185299873546883
2012-12-10,0.05,0.12,0.83,0.0,0.0003563781013415346,1.3189998825681437
2012-12-11,0.05,0.12,0.83,0.0,-0.0004319029504348137,1.3184302026272394
2012-12-12,0.05,0.12,0.83,0.0,-0.00085283340962072,1.3173058013021859
2012-12-13,0.05,0.12,0.83,0.0,-0.0008269178516438269,1.3162164976190152
2012-12-14,0.05,0.12,0.83,0.0,0.00047076464685957603,1.3168361258137076
2012-12-17,0.05,0.12,0.83,0.0,-0.0013872327359360059,1.3150093676321157
2012-12-18,0.05,0.12,0.83,0.0,-0.0013110219857067939,1.3132853614397397
2012-12-19,0.05,0.12,0.83,0.0,0.0012631644785562667,1.3149442568585183
2012-12-20,0.05,0.12,0.83,0.0,0.00016187130181551047,1.3151571085971907
2012-12-21,0.05,0.12,0.83,0.0,0.0009090197664007892,1.3163526124048281
2012-12-24,0.05,0.12,0.83,0.0,-0.0009363691700822118,1.3151200204016151
2012-12-26,0.05,0.12,0.83,0.0,0.0003124538437219804,1.3155309347069455
2012-12-27,0.05,0.12,0.83,0.0,0.0013214728955571163,1.3172693731804275
2012-12-28,0.05,0.12,0.83,0.0,0.0001054700409754905,1.3174083056351926
2012-12-31,0.05,0.12,0.83,0.0,-0.0017687794818881208,1.3150781008549162
2013-01-02,0.05,0.12,0.83,0.0,-0.0006608422522040092,1.3142090416809231
2013-01-03,0.05,0.12,0.83,0.0,-0.0005410941697102434,1.313497930830689
2013-01-04,0.05,0.12,0.83,0.0,0.00012016809925057936,1.3136557713804067
2013-01-07,0.05,0.12,0.83,0.0,0.0007907714270470522,1.3146945728293897
2013-01-08,0.05,0.12,0.83,0.0,0.000982778956942474,1.315986626990373
2013-01-09,0.05,0.12,0.83,0.0,0.0005857023908165892,1.316757403504084
2013-01-10,0.05,0.12,0.83,0.0,-0.0008892655248479497,1.3155864565405597
2013-01-11,0.05,0.12,0.83,0.0,0.0005189259028231929,1.3162691484302618
2013-01-14,0.05,0.12,0.83,0.0,0.00013949188014982682,1.3164527572885596
2013-01-15,0.05,0.12,0.83,0.0,0.00020101218823322938,1.316717380338008
2013-01-16,0.05,0.12,0.83,0.0,-0.00013939959208249532,1.3165338304723009
2013-01-17,0.05,0.12,0.83,0.0,-0.0012548514142499466,1.3148817761332248
2013-01-18,0.05,0.12,0.83,0.0,0.0007985842368031148,1.3159318199929042
2013-01-22,0.05,0.12,0.83,0.0,0.00028164200696461527,1.3163024416717157
2013-01-23,0.05,0.12,0.83,0.0,1.36454203870795e-05,1.316320403171889
2013-01-24,0.05,0.12,0.83,0.0,-0.00017041261874814473,1.3160960855648727
2013-01-25,0.88,0.12,0.0,0.0,-0.002506193408019912,1.3127976942309092
2013-01-28,0.88,0.12,0.0,0.0,-6.661115736886547e-05,1.3127102472571053
2013-01-29,0.88,0.12,0.0,0.0,-0.0002443765620660887,1.3123894516398917
2013-01-30,0.88,0.12,0.0,0.0,-0.00023374455059828935,1.3120826877573082
2013-01-31,0.88,0.12,0.0,0.0,-0.00040148698884758357,1.3115559036298814
2013-02-01,0.88,0.12,0.0,0.0,3.356956359567675e-05,1.3115999319891973
2013-02-04,0.88,0.12,0.0,0.0,-0.00023492122681084915,1.3112918093240893
2013-02-05,0.88,0.12,0.0,0.0,-0.00013450401643938292,1.311115435309011
2013-02-06,0.88,0.12,0.0,0.0,-2.2442491116505536e-05,1.3110860106125015
2013-02-07,0.88,0.12,0.0,0.0,-0.0001234567901234529,1.3109241481420555
2013-02-08,0.88,0.12,0.0,0.0,-3.3704709296880075e-05,1.3108799638247322
2013-02-11,0.88,0.12,0.0,0.0,-1.1238059561722302e-05,1.3108652320776204
2013-02-12,0.88,0.12,0.0,0.0,1.1239112110157378e-05,1.310879965038925
2013-02-13,0.88,0.12,0.0,0.0,0.0001348567147405877,1.3110567460044293
2013-02-14,0.88,0.12,0.0,0.0,4.490177736200529e-05,1.3111156147825473
2013-02-15,0.88,0.12,0.0,0.0,3.3663736674771626e-05,1.3111597518333535
2013-02-19,0.88,0.12,0.0,0.0,1.121809853229294e-05,1.3111744605526412
2013-02-20,0.88,0.12,0.0,0.0,4.4868199663490315e-05,1.311233290590131
2013-02-21,0.88,0.12,0.0,0.0,-0.00014576714632778652,1.3110421558551917
2013-02-22,0.88,0.12,0.0,0.0,5.6132472635415096e-05,1.311115747893129
2013-02-25,0.88,0.12,0.0,0.0,0.00012343370114082042,1.3112775837625155
2013-02-26,0.88,0.12,0.0,0.0,-0.00011209715086407446,1.311130593281384
2013-02-27,0.88,0.12,0.0,0.0,0.00011220196353436406,1.3112777047084
2013-02-28,0.88,0.12,0.0,0.0,0.000100887435777679,1.3114099961536207
2013-03-01,0.88,0.12,0.0,0.0,-1.1200298674638454e-05,1.311395307969979
2013-03-04,0.88,0.12,0.0,0.0,3.360403248390042e-05,1.3114393761405072
2013-03-05,0.88,0.12,0.0,0.0,0.00013437849944008206,1.3116156053959795
2013-03-06,0.88,0.12,0.0,0.0,7.829977628635909e-05,1.3117183046044556
2013-03-07,0.88,0.12,0.0,0.0,7.824871914299258e-05,1.3118209448816673
2013-03-08,0.88,0.12,0.0,0.0,0.0,1.3118209448816673
2013-03-11,0.88,0.12,0.0,0.0,0.0,1.3118209448816673
2013-03-12,0.88,0.12,0.0,0.0,5.585552038726682e-05,1.3118942173231987
2013-03-13,0.88,0.12,0.0,0.0,2.233181352935709e-05,1.3119235143002301
2013-03-14,0.88,0.12,0.0,0.0,4.465531677366741e-05,1.311982098660344
2013-03-15,0.88,0.12,0.0,0.0,6.695805821631318e-05,1.3120699464340848
2013-03-18,0.88,0.12,0.0,0.0,-8.922762338507084e-05,1.3119528735510495
2013-03-19,0.88,0.12,0.0,0.0,2.2323504790247027e-05,1.3119821609373068
2013-03-20,0.88,0.12,0.0,0.0,2.2319352738771058e-05,1.3120114435299437
2013-03-21,0.88,0.12,0.0,0.0,-1.1157601115749926e-05,1.3119968046295976
2013-03-22,0.88,0.12,0.0,0.0,-2.2317277292183135e-05,1.3119675244331022
2013-03-25,0.88,0.12,0.0,0.0,0.0,1.3119675244331022
2013-03-26,0.88,0.12,0.0,0.0,-1.1160714285698424e-05,1.3119528819384099
2013-03-27,0.88,0.12,0.0,0.0,-4.4647009580507375e-05,1.3118943071655207
2013-03-28,0.88,0.12,0.0,0.0,0.0,1.3118943071655207
2013-04-01,0.88,0.12,0.0,0.0,-0.00010049316088210691,1.3117624707598503
2013-04-02,0.88,0.12,0.0,0.0,5.587632706276935e-05,1.3118357672286953
2013-04-03,0.88,0.12,0.0,0.0,0.0,1.3118357672286953
2013-04-04,0.88,0.12,0.0,0.0,0.0,1.3118357672286953
2013-04-05,0.88,0.12,0.0,0.0,-8.936051382296472e-05,1.3117185409104846
2013-04-08,0.88,0.12,0.0,0.0,3.353516534700063e-05,1.3117625296086428
2013-04-09,0.88,0.12,0.0,0.0,7.822685788789307e-05,1.311865144669629
2013-04-10,0.88,0.12,0.0,0.0,0.0002010237319683483,1.3121288606968495
2013-04-11,0.88,0.12,0.0,0.0,0.00018953823283471394,1.3123775592823574
2013-04-12,0.88,0.12,0.0,0.0,4.4526901669756925e-05,1.3124359953888933
2013-04-15,0.88,0.12,0.0,0.0,-0.00018916913946587233,1.3121877230010415
2013-04-16,0.88,0.12,0.0,0.0,0.0,1.3121877230010415
2013-04-17,0.88,0.12,0.0,0.0,-7.801616049039061e-05,1.3120853511530504
2013-04-18,0.88,0.12,0.0,0.0,1.1152416356887684e-05,1.3120999840751821
2013-04-19,0.88,0.12,0.0,0.0,2.230275996654818e-05,1.3121292475261792
2013-04-22,0.88,0.12,0.0,0.0,7.804515469665318e-05,1.3122316528562845
2013-04-23,0.88,0.12,0.0,0.0,0.00017827298050139716,1.3124655883041474
2013-04-24,0.88,0.12,0.0,0.0,0.00015575746337844975,1.312670014614953
2013-04-25,0.88,0.12,0.0,0.0,0.00018888888888890065,1.3129179633954913
2013-04-26,0.05,0.12,0.8300000000000001,0.0,0.00011093648886011386,1.3130636139045118
2013-04-29,0.05,0.12,0.8300000000000001,0.0,2.6562416242167355e-05,1.3130984920467768
2013-04-30,0.05,0.12,0.8300000000000001,0.0,-0.00056999653082363,1.3123500304616802
2013-05-01,0.05,0.12,0.8300000000000001,0.0,0.0012132528120966236,1.313942242826593
2013-05-02,0.05,0.12,0.8300000000000001,0.0,0.0005535090826973055,1.3146695217921374
2013-05-03,0.88,0.12,0.0,0.0,-0.002373815073300577,1.3115487394648984
2013-05-06,0.88,0.12,0.0,0.0,4.403669724771575e-05,1.3116064957396636
2013-05-07,0.88,0.12,0.0,0.0,0.00018708730741010093,1.3118518806673332
2013-05-08,0.05,0.12,0.83,0.0,4.395201904587864e-05,1.3119095392061775
2013-05-09,0.05,0.12,0.83,0.0,-0.0001401449330918203,1.311725681731583
2013-05-10,0.88,0.12,0.0,0.0,-0.002680791822392995,1.308209218250774
2013-05-13,0.88,0.12,0.0,0.0,-0.00035200293335778453,1.307748724768504
2013-05-14,0.88,0.12,0.0,0.0,-0.00013238944561919208,1.3075755926398227
2013-05-15,0.88,0.12,0.0,0.0,-8.835710998621238e-05,1.3074600590393686
2013-05-16,0.88,0.12,0.0,0.0,-3.3158331030662676e-05,1.3074167058459216
2013-05-17,0.88,0.12,0.0,0.0,-2.21116639027219e-05,1.307387796687141
2013-05-20,0.88,0.12,0.0,0.0,3.317360855143114e-05,1.3074311674581334
2013-05-21,0.88,0.12,0.0,0.0,-1.1054813450011024e-05,1.3074167140504784
2013-05-22,0.88,0.12,0.0,0.0,-2.21116639027219e-05,1.3073878048915164
2013-05-23,0.88,0.12,0.0,0.0,-0.0004533726502027191,1.30679507101757
2013-05-24,0.88,0.12,0.0,0.0,-0.00011099805753399306,1.306650019303092
2013-05-28,0.88,0.12,0.0,0.0,-0.00011110082399778509,1.3065048494092708
2013-05-29,0.88,0.12,0.0,0.0,-0.0006338615512927381,1.3056767062186527
2013-05-30,0.88,0.12,0.0,0.0,-4.471771939632329e-05,1.3056183193340818
2013-05-31,0.88,0.12,0.0,0.0,-0.0005591798695246997,1.3048882438526275
2013-06-03,0.1,0.0,0.0,0.9,-0.0004943820224719087,1.3042431305635318
2013-06-04,0.1,0.0,0.0,0.9,-0.0003425635169855168,1.3037963444497218
2013-06-05,0.1,0.0,0.0,0.9,0.0007710613993336723,1.3048016514835195
2013-06-06,0.1,0.0,0.0,0.9,0.0005136009130682684,1.3054717988030942
2013-06-07,0.1,0.0,0.0,0.9,-0.002480988593155897,1.302232938161577
2013-06-10,0.1,0.0,0.0,0.9,-0.0013726050900771392,1.3004454866021904
2013-06-11,0.1,0.0,0.0,0.9,0.0001718377088304246,1.300668952175067
2013-06-12,0.1,0.0,0.0,0.9,-0.0008590245299226251,1.29955164563984
2013-06-13,0.1,0.0,0.0,0.9,0.00146173688736031,1.3014512482173015
2013-06-14,0.1,0.0,0.0,0.9,0.0021461274322778,1.3042443284428729
2013-06-17,0.1,0.0,0.0,0.9,-0.0008564087924636921,1.3031273621324735
2013-06-18,0.1,0.0,0.0,0.9,-0.00017144489951425036,1.3029039475928184
2013-06-19,0.1,0.0,0.0,0.9,-0.0048871106030293765,1.2965365118958088
2013-06-20,0.1,0.0,0.0,0.9,-0.002758620689655256,1.2929598594491996
2013-06-21,0.1,0.0,0.0,0.9,-0.003112990007686434,1.2889348883263947
2013-06-24,0.1,0.0,0.0,0.9,-0.0012148091014269168,1.287369078492909
2013-06-25,0.1,0.0,0.0,0.9,-0.0009557829696852483,1.2861386330519862
2013-06-26,0.1,0.0,0.0,0.9,0.0015656712090462044,1.2881523032805977
2013-06-27,0.1,0.0,0.0,0.9,0.001910274963820635,1.2906130283751425
2013-06-28,0.1,0.0,0.0,0.9,-0.00025994031000285965,1.2902775460244529
2013-07-01,0.1,0.0,0.0,0.9,-0.0006933744221879979,1.289382900576516
2013-07-02,0.1,0.0,0.0,0.9,0.00043369313801082664,1.2899420970927646
2013-07-03,0.1,0.0,0.0,0.9,-0.0010403622001734726,1.288600090094537
2013-07-05,0.1,0.0,0.0,0.9,-0.005902208506123963,1.2809945036817887
2013-07-08,0.1,0.0,0.0,0.9,0.0025337345888747365,1.2842402037639256
2013-07-09,0.1,0.0,0.0,0.9,0.0005227492739592999,1.2849115393980324
2013-07-10,0.1,0.0,0.0,0.9,-0.0009578173374612864,1.2836808288484929
2013-07-11,0.1,0.0,0.0,0.9,0.0035738498789346543,1.2882685114232637
2013-07-12,0.1,0.0,0.0,0.9,-0.0011286899479066026,1.2868144557042156
2013-07-15,0.1,0.0,0.0,0.9,0.0013909011880614886,1.2886042874594694
2013-07-16,0.1,0.0,0.0,0.9,0.0006075802873951153,1.2893872180227826
2013-07-17,0.1,0.0,0.0,0.9,0.0015612952968388162,1.2914003322220857
2013-07-18,0.1,0.0,0.0,0.9,-0.0008658841639407333,1.2902821291251068
2013-07-19,0.1,0.0,0.0,0.9,0.000953389830508522,1.2915122709855016
2013-07-22,0.1,0.0,0.0,0.9,0.0,1.2915122709855016
2013-07-23,0.1,0.0,0.0,0.9,-0.0006060606060606432,1.2907295362758133
2013-07-24,0.1,0.0,0.0,0.9,-0.001906045437042725,1.2882693471327384
2013-07-25,0.1,0.0,0.0,0.9,-0.00043411151842563943,1.2877100945703135
2013-07-26,0.1,0.0,0.0,0.9,0.0015635556413473807,1.2897235009530987
2013-07-29,0.1,0.0,0.0,0.9,-0.0005202813373157534,1.2890524818852553
2013-07-30,0.1,0.0,0.0,0.9,-0.00034705485394775915,1.2886051099644238
2013-07-31,0.1,0.0,0.0,0.9,-0.0009547690230494954,1.2873747897224865
2013-08-01,0.1,0.0,0.0,0.9,-0.00356246379609958,1.2827885636420888
2013-08-02,0.1,0.0,0.0,0.9,0.004012794416981702,1.2879361304284398
2013-08-05,0.1,0.0,0.0,0.9,-0.000955321818006405,1.2867057369428427
2013-08-06,0.1,0.0,0.0,0.9,-8.693972179284471e-05,1.2865938711040437
2013-08-07,0.1,0.0,0.0,0.9,0.000869481209544909,1.2877125402992842
2013-08-08,0.1,0.0,0.0,0.9,0.000434321011485439,1.2882718209122894
2013-08-09,0.1,0.0,0.0,0.9,-8.682230368500798e-05,1.2881599701850255
2013-08-12,0.1,0.0,0.0,0.9,-0.0006078147612156748,1.28737700754034
2013-08-13,0.1,0.0,0.0,0.9,-0.003214906352577762,1.283238211020636
2013-08-14,0.1,0.0,0.0,0.9,0.0002616025578916936,1.2835739094190233
2013-08-15,0.1,0.0,0.0,0.9,-0.0013076327005035581,1.2818954662015538
2013-08-16,0.1,0.0,0.0,0.9,-0.0019206518576001864,1.2794333912931446
2013-08-19,0.1,0.0,0.0,0.9,-0.0014873140857392664,1.2775304719885092
2013-08-20,0.1,0.0,0.0,0.9,0.0020155793573515047,1.2801054360362367
2013-08-21,0.1,0.0,0.0,0.9,-0.0017487612940833342,1.277866837197351
2013-08-22,0.1,0.0,0.0,0.9,-0.002102599046043152,1.2751799956044896
2013-08-23,0.1,0.0,0.0,0.9,0.0016684554590691957,1.2773075766294517
2013-08-26,0.1,0.0,0.0,0.9,0.000701207635372092,1.2782032344549028
2013-08-27,0.1,0.0,0.0,0.9,0.00218956792526277,1.2810019472590324
2013-08-28,0.1,0.0,0.0,0.9,-0.0016600330065043134,1.2788754417451862
2013-08-29,0.1,0.0,0.0,0.9,0.0007002528690916555,1.279770977942479
2013-08-30,0.1,0.0,0.0,0.9,-0.00026239067055392476,1.2794351779774213
2013-09-03,0.1,0.0,0.0,0.9,-0.0016622922134733153,1.2773083828434255
2013-09-04,0.1,0.0,0.0,0.9,-0.002103622906116176,1.2746214076711018
2013-09-05,0.1,0.0,0.0,0.9,-0.0028992581023037367,1.2709259512275415
2013-09-06,0.1,0.0,0.0,0.9,0.0019390853001664432,1.2733903850571668
2013-09-09,0.1,0.0,0.0,0.9,0.0017590149516270692,1.2756302977837406
2013-09-10,0.1,0.0,0.0,0.9,-0.0017555837315907708,1.273390821985427
2013-09-11,0.1,0.0,0.0,0.9,0.001495162708882969,1.2752947484562935
2013-09-12,0.1,0.0,0.0,0.9,0.00017560975609756113,1.2755187026560226
2013-09-13,0.1,0.0,0.0,0.9,0.00017557549746403112,1.275742652486766
2013-09-16,0.1,0.0,0.0,0.9,0.0016676418958454064,1.27787013438237
2013-09-17,0.1,0.0,0.0,0.9,0.0007884746422660571,1.2788777025794393
2013-09-18,0.1,0.0,0.0,0.9,0.005076833300914352,1.2853703514876915
2013-09-19,0.1,0.0,0.0,0.9,-0.0012185686653771732,1.2838040394539638
2013-09-20,0.1,0.0,0.0,0.9,8.71586287041426e-05,1.2839159340535675
2013-09-23,0.1,0.0,0.0,0.9,0.00043575094412693364,1.284475401634011
2013-09-24,0.1,0.0,0.0,0.9,0.0014808362369338024,1.2863774993542008
2013-09-25,0.1,0.0,0.0,0.9,0.0010435790897671772,1.2877199360140739
2013-09-26,0.1,0.0,0.0,0.9,-0.0006949136183766025,1.2868250818938827
2013-09-27,0.1,0.0,0.0,0.9,0.0008693132425384054,1.2879437359784036
2013-09-30,0.1,0.0,0.0,0.9,-0.0004342371900028841,1.2873844629096105
2013-10-01,0.1,0.0,0.0,0.9,-0.0009557829696852483,1.2861540027645242
2013-10-02,0.1,0.0,0.0,0.9,0.0009567990721948805,1.2873845937210688
2013-10-03,0.1,0.0,0.0,0.9,0.0005213361652828263,1.2880557538684034
2013-10-04,0.1,0.0,0.0,0.9,-0.0013894249324585273,1.286266097089582
2013-10-07,0.1,0.0,0.0,0.9,8.697332817921844e-05,1.28637796793297
2013-10-08,0.1,0.0,0.0,0.9,-0.0006087544690307368,1.2855948795961283
2013-10-09,0.1,0.0,0.0,0.9,0.0,1.2855948795961283
2013-10-10,0.1,0.0,0.0,0.9,-0.0006091665055115714,1.284811738255821
2013-10-11,0.1,0.0,0.0,0.9,0.0003483309143687885,1.2852592779033996
2013-10-14,0.1,0.0,0.0,0.9,0.0,1.2852592779033996
2013-10-15,0.1,0.0,0.0,0.9,-0.0006963923009962514,1.2843642332374836
2013-10-16,0.1,0.0,0.0,0.9,0.001306746684735205,1.2860425719412591
2013-10-17,0.1,0.0,0.0,0.9,0.002261743669050964,1.2889512705864774
2013-10-18,0.1,0.0,0.0,0.9,-0.00034708831469333347,1.2885038906622477
2013-10-21,0.1,0.0,0.0,0.9,-0.0005208333333333482,1.2878327948858612
2013-10-22,0.1,0.0,0.0,0.9,0.002431962941517063,1.2909647565178939
2013-10-23,0.1,0.0,0.0,0.9,0.00043310875842150764,1.2915238846607553
2013-10-24,0.1,0.0,0.0,0.9,-0.0009523809523809823,1.2902938619134592
2013-10-25,0.1,0.0,0.0,0.9,0.0006067026194144232,1.2910766865792966
2013-10-28,0.1,0.0,0.0,0.9,-0.00017322683091128833,1.290853037456417
2013-10-29,0.1,0.0,0.0,0.9,8.663008951772523e-05,1.2909648641706062
2013-10-30,0.1,0.0,0.0,0.9,-0.00017324350336870298,1.2907412128948115
2013-10-31,0.1,0.0,0.0,0.9,-0.0005198305737389886,1.290070246149564
2013-11-01,0.1,0.0,0.0,0.9,-0.0018204584858408257,1.2877217268226302
2013-11-04,0.1,0.0,0.0,0.9,0.0005211852137825268,1.2883928683461165
2013-11-05,0.1,0.0,0.0,0.9,-0.0011285810745634618,1.2869388125382986
2013-11-06,0.1,0.0,0.0,0.9,0.0012169209967162642,1.2885049154007655
2013-11-07,0.1,0.0,0.0,0.9,0.0006944444444443976,1.2893997104809047
2013-11-08,0.1,0.0,0.0,0.9,-0.003382806476484168,1.285037920789513
2013-11-11,0.1,0.0,0.0,0.9,0.0,1.285037920789513
2013-11-12,0.1,0.0,0.0,0.9,-0.0009577246783399107,1.2838072082601704
2013-11-13,0.1,0.0,0.0,0.9,0.0015688553166763653,1.2858213160244367
2013-11-14,0.1,0.0,0.0,0.9,0.0016531322505801249,1.2879469487104402
2013-11-15,0.1,0.0,0.0,0.9,-0.00034738975200224734,1.2874995291393356
2013-11-18,0.1,0.0,0.0,0.9,0.0008688097306690069,1.2886181212584837
2013-11-19,0.1,0.0,0.0,0.9,-0.0011283633908765855,1.2871640917456355
2013-11-20,0.88,0.12,0.0,0.0,-0.000608342989571331,1.286381054493994
2013-11-21,0.1,0.0,0.0,0.9,-0.00013683010262257155,1.2862050388422959
2013-11-22,0.88,0.12,0.0,0.0,0.00026086956521733653,1.286540570591559
2013-11-25,0.88,0.12,0.0,0.0,0.000125463358996285,1.2867019842930303
2013-11-26,0.88,0.12,0.0,0.0,7.975693125712446e-05,1.28680460769474
2013-11-27,0.88,0.12,0.0,0.0,4.55451181326616e-05,1.2868632153626112
2013-11-29,0.88,0.12,0.0,0.0,0.0,1.2868632153626112
2013-12-02,0.88,0.12,0.0,0.0,-0.0001252015555344954,1.2867020980862875
2013-12-03,0.88,0.12,0.0,0.0,-2.2787694644881283e-05,1.2866727771117774
2013-12-04,0.88,0.12,0.0,0.0,-9.116809116808788e-05,1.2865554736107303
2013-12-05,0.88,0.12,0.0,0.0,-2.280935183424315e-05,1.2865261281142784
2013-12-06,0.88,0.12,0.0,0.0,2.281368821292595e-05,1.286555478520243
2013-12-09,0.88,0.12,0.0,0.0,7.983273141988434e-05,1.2866581877582166
2013-12-10,0.88,0.12,0.0,0.0,6.838256244656726e-05,1.2867461727420884
2013-12-11,0.88,0.12,0.0,0.0,1.1390602752747724e-05,1.2867608295565858
2013-12-12,0.88,0.12,0.0,0.0,-0.00011389521640090993,1.2866142736534472
2013-12-13,0.88,0.12,0.0,0.0,-6.840205206156913e-05,1.2865262665969175
2013-12-16,0.88,0.12,0.0,0.0,1.1406844106449654e-05,1.2865409418014793
2013-12-17,0.88,0.12,0.0,0.0,-5.7028799543763496e-05,1.2864675719160046
2013-12-18,0.88,0.12,0.0,0.0,-2.2822365918599985e-05,1.286438211682336
2013-12-19,0.88,0.12,0.0,0.0,2.2826707247469714e-05,1.286467576830786
2013-12-20,0.88,0.12,0.0,0.0,3.4233548877899974e-05,1.2865116171814572
2013-12-23,0.88,0.12,0.0,0.0,2.281585702061939e-05,1.2865409700465702
2013-12-24,0.88,0.12,0.0,0.0,-1.1405759908744706e-05,1.286526296069153
2013-12-26,0.88,0.12,0.0,0.0,-2.281368821292595e-05,1.286496945659357
2013-12-27,0.88,0.12,0.0,0.0,-2.2818026240742917e-05,1.2864675903382923
2013-12-30,0.88,0.12,0.0,0.0,3.4233548877899974e-05,1.286511630689426
2013-12-31,0.88,0.12,0.0,0.0,2.281585702061939e-05,1.2865409835548471
2014-01-02,0.88,0.12,0.0,0.0,9.124607927003758e-05,1.2866583753754168
2014-01-03,0.88,0.12,0.0,0.0,2.2794187482189088e-05,1.2866877037076507
2014-01-06,0.88,0.12,0.0,0.0,0.00010255436330832701,1.2868196591458811
2014-01-07,0.88,0.12,0.0,0.0,0.0001593927893738023,1.2870247689207734
2014-01-08,0.88,0.12,0.0,0.0,-1.1370096645828553e-05,1.2870101353247652
2014-01-09,0.88,0.12,0.0,0.0,1.1371174073735446e-05,1.2870247701410484
2014-01-10,0.88,0.12,0.0,0.0,0.00011370096645820559,1.2871711061012692
2014-01-13,0.88,0.12,0.0,0.0,5.67966679288201e-05,1.28724421313115
2014-01-14,0.88,0.12,0.0,0.0,2.270791938688177e-05,1.2872734437689728
2014-01-15,0.88,0.12,0.0,0.0,9.081449247943851e-05,1.2873903468534509
2014-01-16,0.88,0.12,0.0,0.0,4.537290859248699e-05,1.2874487594979815
2014-01-17,0.88,0.12,0.0,0.0,4.535575923652502e-05,1.2875071527139468
2014-01-21,0.88,0.12,0.0,0.0,3.400396712948783e-05,1.2875509330648465
2014-01-22,0.88,0.12,0.0,0.0,0.0,1.2875509330648465
2014-01-23,0.88,0.12,0.0,0.0,-0.00010198300283286166,1.2874196247543923
2014-01-24,0.88,0.12,0.0,0.0,-0.00040827899064360907,1.2868939983694627
2014-01-27,0.88,0.12,0.0,0.0,-0.00014793741109531133,1.2867036186029899
2014-01-28,0.88,0.12,0.0,0.0,3.418154196733525e-05,1.2867476001167286
2014-01-29,0.88,0.12,0.0,0.0,-5.695301376364536e-05,1.2866743159629488
2014-01-30,0.88,0.12,0.0,0.0,5.6980056980044936e-05,1.286747630738787
2014-01-31,0.1,0.0,0.0,0.9,-0.0001139060275272774,1.2866010624277395
2014-02-03,0.1,0.0,0.0,0.9,0.0023560209424082546,1.289632321475344
2014-02-04,0.1,0.0,0.0,0.9,-0.0008703220191470518,1.2885099260693602
2014-02-05,0.1,0.0,0.0,0.9,-0.0009582809021392302,1.287275171614991
2014-02-06,0.88,0.12,0.0,0.0,-0.0009593023255813571,1.2860402855491977
2014-02-07,0.05,0.12,0.83,0.0,0.00018245747410435163,1.2862749332112953
2014-02-10,0.05,0.12,0.83,0.0,2.397467147801979e-05,1.2863057712302495
2014-02-11,0.88,0.12,0.0,0.0,-0.0007487096445114316,1.2853427016935386
2014-02-12,0.88,0.12,0.0,0.0,0.00012494084240415759,1.2855032934934663
2014-02-13,0.05,0.12,0.8300000000000001,0.0,1.1346444780615528e-05,1.2855178793856012
2014-02-14,0.05,0.12,0.8300000000000001,0.0,-0.00016750014244332537,1.2853025549576906
2014-02-18,0.05,0.12,0.8300000000000001,0.0,0.0012583950106446486,1.2869199732800183
2014-02-19,0.05,0.12,0.8300000000000001,0.0,-0.0005474469867642862,1.2862154528184395
2014-02-20,0.05,0.12,0.8300000000000001,0.0,-0.000661347352152405,1.2853648176344206
2014-02-21,0.05,0.12,0.8300000000000001,0.0,0.000685690223551232,1.2862461797235691
2014-02-24,0.88,0.12,0.0,0.0,-0.00011136046159361814,1.2861029427552721
2014-02-25,0.05,0.12,0.8299999999999997,0.0,0.00018048505358152055,1.2863350651138068
2014-02-26,0.05,0.12,0.8299999999999997,0.0,0.0008853507305864225,1.2874739228034842
2014-02-27,0.05,0.12,0.8299999999999997,0.0,0.000951595541891441,1.2886990772487255
2014-02-28,0.05,0.12,0.8299999999999997,0.0,-0.0006146972532227576,1.28790691746571
2014-03-03,0.05,0.12,0.8299999999999997,0.0,0.0007376325987948814,1.2888569195922461
2014-03-04,0.05,0.12,0.8299999999999997,0.0,-0.001809761266037216,1.286524396261704
2014-03-05,0.05,0.12,0.8299999999999997,0.0,-8.964768377490381e-05,1.286409062329459
2014-03-06,0.05,0.12,0.8299999999999997,0.0,-0.0011764310982642142,1.2848956907034457
2014-03-07,0.05,0.12,0.8299999999999997,0.0,-0.002300177124328597,1.2819402030285412
2014-03-10,0.88,0.12,0.0,0.0,-3.412154434791816e-05,1.2818964612490522
2014-03-11,0.05,0.12,0.8300000000000001,0.0,2.2586109542617192e-05,1.2819254143029484
2014-03-12,0.88,0.12,0.0,0.0,0.00028034380718427126,1.2822847941541204
2014-03-13,0.05,0.12,0.83,0.0,2.2603126765874392e-05,1.2823137777998725
2014-03-14,0.05,0.12,0.83,0.0,-0.0006514014310623262,1.2814784767699428
2014-03-17,0.88,0.12,0.0,0.0,-0.0012888868614076543,1.2798267959980574
2014-03-18,0.88,0.12,0.0,0.0,0.00016968325791855143,1.2800439611783738
2014-03-19,0.88,0.12,0.0,0.0,7.907370799209446e-05,1.2801451790007772
2014-03-20,0.88,0.12,0.0,0.0,-0.00020319849482596018,1.2798850554272454
2014-03-21,0.88,0.12,0.0,0.0,0.00010177157934411872,1.2800153113507151
2014-03-24,0.88,0.12,0.0,0.0,1.1298371151511332e-05,1.2800297734387824
2014-03-25,0.88,0.12,0.0,0.0,1.129730747505775e-05,1.2800442343287102
2014-03-26,0.88,0.12,0.0,0.0,7.907370799209446e-05,1.2801454521727125
2014-03-27,0.88,0.12,0.0,0.0,-5.644402634054302e-05,1.2800731956090903
2014-03-28,0.88,0.12,0.0,0.0,2.2588235294112022e-05,1.2801021102036265
2014-03-31,0.88,0.12,0.0,0.0,-1.1291992095601166e-05,1.2800876553007166
2014-04-01,0.88,0.12,0.0,0.0,2.2586109542617192e-05,1.2801165675007233
2014-04-02,0.88,0.12,0.0,0.0,0.0,1.2801165675007233
2014-04-03,0.88,0.12,0.0,0.0,2.2581859239734213e-05,1.280145474912861
2014-04-04,0.88,0.12,0.0,0.0,0.00010159924741299341,1.2802755367296912
2014-04-07,0.88,0.12,0.0,0.0,-6.76755334147927e-05,1.2801888933998251
2014-04-08,0.88,0.12,0.0,0.0,-1.1285620238878913e-05,1.2801744456741402
2014-04-09,0.88,0.12,0.0,0.0,5.643340857790058e-05,1.280246690281684
2014-04-10,0.88,0.12,0.0,0.0,7.896963429536719e-05,1.2803477908946235
2014-04-11,0.88,0.12,0.0,0.0,-0.00018038331454340637,1.2801168375163336
2014-04-14,0.88,0.12,0.0,0.0,2.2581859239734213e-05,1.2801457449345688
2014-04-15,0.88,0.12,0.0,0.0,0.0,1.2801457449345688
2014-04-16,0.88,0.12,0.0,0.0,-1.1288805268092616e-05,1.2801312936185394
2014-04-17,0.88,0.12,0.0,0.0,-4.5159469376239156e-05,1.2800734835685876
2014-04-21,0.1,0.0,0.0,0.9,-2.2588235294112022e-05,1.280044568967547
2014-04-22,0.88,0.12,0.0,0.0,-0.000526932084309184,1.2793700724148123
2014-04-23,0.88,0.12,0.0,0.0,1.1294117647056011e-05,1.2793845217709243
2014-04-24,0.88,0.12,0.0,0.0,2.2586109542617192e-05,1.2794134180898802
2014-04-25,0.88,0.12,0.0,0.0,-3.3872788859614645e-05,1.2793700807893051
2014-04-28,0.88,0.12,0.0,0.0,-2.2588235294112022e-05,1.279341182076892
2014-04-29,0.88,0.12,0.0,0.0,3.388873199661191e-05,1.2793845373273438
2014-04-30,0.88,0.12,0.0,0.0,7.905138339920015e-05,1.2794856744449192
2014-05-01,0.88,0.12,0.0,0.0,2.2571240477757825e-05,1.279514554023765
2014-05-02,0.88,0.12,0.0,0.0,2.2566995768693586e-05,1.2795434288232916
2014-05-05,0.88,0.12,0.0,0.0,-1.128137632792292e-05,1.2795289938123433
2014-05-06,0.88,0.12,0.0,0.0,5.641218503196654e-05,1.279601174838696
2014-05-07,0.05,0.12,0.83,0.0,5.638567803776695e-05,1.279673326018557
2014-05-08,0.05,0.12,0.83,0.0,0.0011076193151105574,1.281090716911487
2014-05-09,0.05,0.12,0.83,0.0,-0.00046901488039180147,1.2804898663021236
2014-05-12,0.88,0.12,0.0,0.0,-0.0011950966178670929,1.278959557193693
2014-05-13,0.05,0.12,0.83,0.0,5.629045876724525e-05,1.2790315504139123
2014-05-14,0.05,0.12,0.83,0.0,0.002089427812012428,1.2817039945077886
2014-05-15,0.05,0.12,0.83,0.0,0.0008018450087634088,1.2827317224584969
2014-05-16,0.05,0.12,0.83,0.0,-0.0005792471261183106,1.281988703794682
2014-05-19,0.05,0.12,0.83,0.0,1.1255979739237532e-05,1.2820031338335578
2014-05-20,0.05,0.12,0.83,0.0,0.0008915250125988593,1.2831460716936005
2014-05-21,0.05,0.12,0.83,0.0,-0.0007573380959264675,1.2821742962908684
2014-05-22,0.05,0.12,0.83,0.0,-0.0008134066508080673,1.2811313671907703
2014-05-23,0.05,0.12,0.83,0.0,0.0007578481504881029,1.282102270227928
2014-05-27,0.05,0.12,0.83,0.0,0.0003569034901885715,1.282559857002951
2014-05-28,0.05,0.12,0.83,0.0,0.0022271919914269088,1.2854163640449938
2014-05-29,0.05,0.12,0.83,0.0,-0.00011044434986783868,1.2852743970703573
2014-05-30,0.05,0.12,0.83,0.0,-0.00033247412568574884,1.284847076588925
2014-06-02,0.05,0.12,0.83,0.0,-0.0032677276065369086,1.280648546326577
2014-06-03,0.05,0.12,0.83,0.0,-0.001472966804402762,1.2787621935297313
2014-06-04,0.05,0.12,0.83,0.0,-0.000413582900431253,1.2782333193527695
2014-06-05,0.05,0.12,0.83,0.0,0.0008613235531634799,1.2793342918171662
2014-06-06,0.05,0.12,0.83,0.0,5.6857249067777675e-05,1.279407031245637
2014-06-09,0.05,0.12,0.83,0.0,-0.0003122382130029133,1.2790075514804973
2014-06-10,0.05,0.12,0.83,0.0,-0.0006478224303006086,1.2781789817001243
2014-06-11,0.05,0.12,0.83,0.0,-0.00010074220545887246,1.2780502151305366
2014-06-12,0.05,0.12,0.83,0.0,0.0013534658013522227,1.2797800123891268
2014-06-13,0.05,0.12,0.83,0.0,-0.0010274264524257582,1.2784651325511125
2014-06-16,0.05,0.12,0.83,0.0,-0.00012284415223854704,1.2783080805857379
2014-06-17,0.05,0.12,0.83,0.0,-0.0016997032186470962,1.2761353362267438
2014-06-18,0.05,0.12,0.83,0.0,0.0011766373688686116,1.277636884751082
2014-06-19,0.05,0.12,0.83,0.0,0.0008284398025809868,1.2786953299996555
2014-06-20,0.05,0.12,0.83,0.0,-8.92590800703108e-05,1.2785811948308097
2014-06-23,0.05,0.12,0.83,0.0,0.00016776499236300645,1.278795695995196
2014-06-24,0.05,0.12,0.83,0.0,0.001073300607371601,1.2801682281924118
2014-06-25,0.05,0.12,0.83,0.0,0.0006807586840751466,1.281039713830831
2014-06-26,0.05,0.12,0.83,0.0,0.000903410985070372,1.282197019180617
2014-06-27,0.05,0.12,0.83,0.0,-0.00026765800589119594,1.2818538288833032
2014-06-30,0.05,0.12,0.83,0.0,-0.0006476898270761833,1.2810235851985368
2014-07-01,0.05,0.12,0.83,0.0,-0.0013827136493688096,1.2792522964021193
2014-07-02,0.05,0.12,0.83,0.0,-0.0018098049363606261,1.27693709928124
2014-07-03,0.05,0.12,0.83,0.0,-0.0008173984389060196,1.2758933328897064
2014-07-07,0.05,0.12,0.83,0.0,0.000549097438805266,1.2765939226509848
2014-07-08,0.05,0.12,0.83,0.0,0.001354825267259454,1.2783234843534224
2014-07-09,0.05,0.12,0.83,0.0,0.0004133131128937273,1.2788518322120257
2014-07-10,0.05,0.12,0.83,0.0,0.00019923786621633299,1.2791066279222825
2014-07-11,0.05,0.12,0.83,0.0,0.0003352308581428676,1.279535423934817
2014-07-14,0.05,0.12,0.83,0.0,-0.0010158162304650564,1.278235651083729
2014-07-15,0.05,0.12,0.83,0.0,-0.00039255661157260534,1.2777338712277482
2014-07-16,0.05,0.12,0.83,0.0,-0.00020244613082810446,1.27747519894929
2014-07-17,0.05,0.12,0.83,0.0,0.0011488334905658815,1.2789428052412102
2014-07-18,0.05,0.0,0.95,0.0,-0.0008402546817018574,1.2778681675614774
2014-07-21,0.05,0.0,0.95,0.0,-0.0004474799811588159,1.2772963471379335
2014-07-22,0.05,0.07615724988697303,0.8738427501130269,0.0,0.0006267672007540636,1.2780969145939625
2014-07-23,0.05,0.07615724988697303,0.8738427501130269,0.0,0.00022221414576085582,1.2783809258080385
2014-07-24,0.05,0.07615724988697303,0.8738427501130269,0.0,-0.0014668392272328007,1.276505746518717
2014-07-25,0.05,0.07615724988697303,0.8738427501130269,0.0,0.0007811413782154356,1.2775028779768527
2014-07-28,0.05,0.07615724988697303,0.8738427501130269,0.0,-0.0009562607186337333,1.276281252156702
2014-07-29,0.05,0.0,0.95,0.0,0.0005730762151730986,1.277012658586184
2014-07-30,0.05,0.0,0.95,0.0,-0.0029553167420814375,1.2732386816964143
2014-07-31,0.05,0.0,0.95,0.0,-0.00044917257683215194,1.2726667777968343
2014-08-01,0.05,0.0,0.95,0.0,0.0017975402081361835,1.2749544475014833
2014-08-04,0.05,0.0,0.95,0.0,0.00044853635505182066,1.275526310922223
2014-08-05,0.05,0.0,0.95,0.0,-8.966493629076755e-05,1.275411940936817
2014-08-06,0.05,0.0,0.95,0.0,-0.0002690202001133124,1.2750688293612393
2014-08-07,0.05,0.0,0.95,0.0,0.0015248796147673493,1.2770131558265576
2014-08-08,0.05,0.0,0.95,0.0,-0.00026866515837103977,1.2766700668848057
2014-08-11,0.05,0.0,0.95,0.0,-8.958038660999423e-05,1.2765557022866407
2014-08-12,0.05,0.0,0.95,0.0,-0.0002687665032063746,1.2762126068743889
2014-08-13,0.05,0.0,0.95,0.0,0.0011649844354305716,1.277699374697698
2014-08-14,0.05,0.0,0.95,0.0,0.0008055398530244284,1.2787286124642012
2014-08-15,0.05,0.0,0.95,0.0,0.001341428974865677,1.2804439360759505
2014-08-18,0.05,0.0,0.95,0.0,-0.0011609325061100906,1.2789574270883084
2014-08-19,0.05,0.0,0.95,0.0,-0.0004470588235294059,1.27838565788561
2014-08-20,0.05,0.0,0.95,0.0,-0.0013418079096045865,1.276670309898334
2014-08-21,0.05,0.0,0.95,0.0,0.0006270627062706979,1.2774708622378745
2014-08-22,0.05,0.0,0.95,0.0,-0.0005371277798718432,1.2767846971497898
2014-08-25,0.05,0.0,0.95,0.0,0.00017914388082215237,1.2770134253154115
2014-08-26,0.05,0.0,0.95,0.0,0.00044777526395173295,1.277585240339002
2014-08-27,0.05,0.0,0.95,0.0,0.0008951286158484617,1.2787288434468151
2014-08-28,0.05,0.07955618097001944,0.8704438190299805,0.0,0.0006260001882707478,1.27952932794356
2014-08-29,0.05,0.07955618097001944,0.8704438190299805,0.0,-0.00024565676924649405,1.2792150029027012
2014-09-02,0.05,0.0,0.95,0.0,-0.0025324560590823126,1.2759754471177311
2014-09-03,0.05,0.0,0.95,0.0,0.0002689440407662169,1.2763186131103974
2014-09-04,0.05,0.0,0.95,0.0,-0.0011650943396226464,1.2748315815187075
2014-09-05,0.05,0.0,0.95,0.0,8.973269103614844e-05,1.2749459755871348
2014-09-08,0.1,0.0,0.0,0.9,-0.0007177937287495606,1.2740308273613639
2014-09-09,0.1,0.0,0.0,0.9,-0.001316046012867944,1.272354144170744
2014-09-10,0.1,0.0,0.0,0.9,-0.0007029190666797636,1.2714597821832374
2014-09-11,0.1,0.0,0.0,0.9,8.793356130922803e-05,1.2715715861699464
2014-09-12,0.1,0.0,0.0,0.9,-0.001494724501758482,1.2696709369643582
2014-09-15,0.1,0.0,0.0,0.9,0.0007045699187787857,1.270565508913291
2014-09-16,0.1,0.0,0.0,0.9,0.0004400117336461396,1.2711245726455789
2014-09-17,0.1,0.0,0.0,0.9,-0.000879593432369008,1.2700064998197569
2014-09-18,0.1,0.0,0.0,0.9,-0.001144590099784737,1.2685528629534009
2014-09-19,0.1,0.0,0.0,0.9,0.0006171025565676836,1.2693356901682709
2014-09-22,0.1,0.0,0.0,0.9,0.0010571652310102043,1.2706775877263972
2014-09-23,0.1,0.0,0.0,0.9,0.0007919436840047256,1.2716838928164034
2014-09-24,0.1,0.0,0.0,0.9,-0.0010549965810296104,1.2703422706573317
2014-09-25,0.1,0.0,0.0,0.9,0.001584352078239748,1.2723549400739234
2014-09-26,0.1,0.0,0.0,0.9,-0.0012301083666894864,1.2707898056167397
2014-09-29,0.1,0.0,0.0,0.9,0.0010558216834489988,1.2721315330486158
2014-09-30,0.1,0.0,0.0,0.9,-0.0010545845132310272,1.2707899628350698
2014-10-01,0.1,0.0,0.0,0.9,0.003167465050346996,1.2748151456286818
2014-10-02,0.1,0.0,0.0,0.9,-0.0007014125669752791,1.2739209742649673
2014-10-03,0.1,0.0,0.0,0.9,-0.0010529394559812056,1.2725796126073619
2014-10-06,0.1,0.0,0.0,0.9,0.0012298682284040297,1.2741447178410223
2014-10-07,0.1,0.0,0.0,0.9,0.0018422848230821964,1.276492055317111
2014-10-08,0.1,0.0,0.0,0.9,0.0018385214007782037,1.2788389132787348
2014-10-09,0.1,0.0,0.0,0.9,8.737015823703232e-05,1.2789506456369477
2014-10-10,0.1,0.0,0.0,0.9,0.00034944670937677726,1.2793975707315208
2014-10-13,0.1,0.0,0.0,0.9,0.0,1.2793975707315208
2014-10-14,0.05,0.0,0.95,0.0,0.0033184552687754334,1.2836431943409734
2014-10-15,0.05,0.0,0.32199196727933815,0.6280080327206617,0.0028644115707153303,1.2873200767595137
2014-10-16,0.05,0.0,0.2530953802903284,0.6969046197096714,-0.00241844658469585,1.2842067619164643
2014-10-17,0.05,0.0,0.2530953802903284,0.6969046197096714,-0.0015438880181681445,1.2822240904838909
2014-10-20,0.05,0.0,0.2530953802903284,0.6969046197096714,0.0008209751527009705,1.2832767646023728
2014-10-21,0.05,0.0,0.18986795079905192,0.760132049200948,-0.0005468441423142101,1.282575012220682
2014-10-22,0.05,0.0,0.10695032399312947,0.8430496760068705,-0.000895463436300152,1.281426513192926
2014-10-23,0.05,0.0,0.10695032399312947,0.8430496760068705,-0.0015162960659586499,1.2794834912121567
2014-10-24,0.05,0.0,0.10695032399312947,0.8430496760068705,-6.141064157169567e-05,1.279404917310081
2014-10-27,0.05,0.0,0.10695032399312947,0.8430496760068705,0.00046894327528991775,1.2800048856424264
2014-10-28,0.05,0.0,0.0,0.95,-0.0006622609887576269,1.2791571883412463
2014-10-29,0.05,0.0,0.0,0.95,-0.0025767703187057956,1.2758610940653694
2014-10-30,0.05,0.0,0.0,0.95,0.0006459446333170416,1.276685229691939
2014-10-31,0.05,0.0,0.0,0.95,-0.0011065812463597945,1.2752724737592576
2014-11-03,0.05,0.0,0.0,0.95,-0.0005539358600582855,1.274566054604697
2014-11-04,0.05,0.0,0.0,0.95,0.0,1.274566054604697
2014-11-05,0.05,0.0,0.0,0.95,-9.237650719572387e-05,1.2744483146443824
2014-11-06,0.05,0.0,0.0,0.95,-0.0008314694155402202,1.2733886498490687
2014-11-07,0.05,0.0,0.0,0.95,0.0021267276620596798,1.2760968007152556
2014-11-10,0.05,0.0,0.0,0.95,-0.0016606778673398824,1.2739776150017244
2014-11-11,0.05,0.0,0.0,0.95,0.0,1.2739776150017244
2014-11-12,0.05,0.0,0.0,0.95,0.0001848428835489968,1.274213100697658
2014-11-13,0.05,0.0,0.0,0.95,0.0006468242388872224,1.275037292616697
2014-11-14,0.05,0.0,0.0,0.95,0.0005540435458787795,1.2757437187994263
2014-11-17,0.05,0.0,0.0,0.95,-0.0006460073829414658,1.2749195789383405
2014-11-18,0.05,0.0,0.0,0.95,0.0005540974044910496,1.2756260085679652
2014-11-19,0.05,0.0,0.0,0.95,-0.0009229573496551457,1.2744486601679461
2014-11-20,0.05,0.0,0.0,0.95,0.0006466984343092008,1.275272844121084
2014-11-21,0.05,0.0,0.0,0.95,0.00027696793002924825,1.2756260538009427
2014-11-24,0.05,0.0,0.0,0.95,0.0002768872048964699,1.2759792583334726
2014-11-25,0.05,0.0,0.0,0.95,0.0011994949494949835,1.2775097890095037
2014-11-26,0.05,0.0,0.0,0.95,0.0007372199049375028,1.2784515946547141
2014-11-28,0.05,0.0,0.0,0.95,0.001197053406998183,1.279981969491778
2014-12-01,0.05,0.0,0.0,0.95,-0.00018393030009679066,1.2797465420240108
2014-12-02,0.05,0.0,0.0,0.95,-0.00211560805577079,1.27703909993036
2014-12-03,0.05,0.0,0.0,0.95,-0.0005531295487627097,1.2763327318692632
2014-12-04,0.05,0.0,0.0,0.95,0.0008301776871540989,1.2773923148246453
2014-12-05,0.05,0.0,0.0,0.95,-0.0031334885525805653,1.2733896206289879
2014-12-08,0.05,0.0,0.0,0.95,0.0007397313607163002,1.2743315868657776
2014-12-09,0.05,0.0,0.0,0.95,0.0012011281851779688,1.2758622224520249
2014-12-10,0.05,0.0,0.0,0.95,0.001845556095191969,1.2782168977532964
2014-12-11,0.05,0.0,0.0,0.95,-0.0010130877363063394,1.276921951889843
2014-12-12,0.05,0.0,0.0,0.95,0.00248932453416153,1.2801006250328917
2014-12-15,0.05,0.0,0.0,0.95,-0.001471299970961204,1.2782172130204534
2014-12-16,0.05,0.0,0.0,0.95,0.001473582161900111,1.280100771104594
2014-12-17,0.05,0.0,0.0,0.95,-0.002850643693737359,1.2764516599140963
2014-12-18,0.05,0.0,0.0,0.95,-0.001475728155339767,1.274567964260631
2014-12-19,0.05,0.0,0.0,0.95,0.0001847530143912368,1.2748034445340746
2014-12-22,0.05,0.0,0.0,0.95,-9.235854559596078e-05,1.2746857055420167
2014-12-23,0.05,0.0,0.0,0.95,-0.002493923189110292,1.271506737302138
2014-12-24,0.05,0.0,0.0,0.95,-0.0002778319360498993,1.2711534721236128
2014-12-26,0.05,0.0,0.0,0.95,0.0,1.2711534721236128
2014-12-29,0.05,0.0,0.0,0.95,0.0014822038030228412,1.2730375806342202
2014-12-30,0.05,0.0,0.0,0.95,0.0008324408528867732,1.2740973091236003
2014-12-31,0.05,0.0,0.0,0.95,0.0002772373540856021,1.2744505364904293
2015-01-02,0.05,0.0,0.0,0.95,0.0011086258873869604,1.2758634253473766
2015-01-05,0.05,0.0,0.0,0.95,0.0017532782904321807,1.2781003689925945
2015-01-06,0.05,0.0,0.0,0.95,0.0023026953655225333,1.2810434447889463
2015-01-07,0.05,0.0,0.0,0.95,0.0005513105716220323,1.2817496975827654
2015-01-08,0.05,0.0,0.0,0.95,-0.0009183180280329162,1.2805726437280494
2015-01-09,0.05,0.0,0.0,0.95,0.0017464925012095954,1.2828091542475746
2015-01-12,0.05,0.0,0.0,0.95,0.001743287618311806,1.2850454595628316
2015-01-13,0.05,0.0,0.0,0.95,0.0010074231177094938,1.2863400440661028
2015-01-14,0.05,0.0,0.0,0.95,0.0019212249614792174,1.288811392667713
2015-01-15,0.05,0.0,0.0,0.95,0.00237385872176844,1.2918708488329118
2015-01-16,0.05,0.0,0.0,0.95,-0.0020947176684882438,1.2891647441404566
2015-01-20,0.05,0.0,0.0,0.95,-0.00018255188316671498,1.2889294046887017
2015-01-21,0.05,0.0,0.0,0.95,-0.001460695752450497,1.2870466709820645
2015-01-22,0.05,0.0,0.0,0.95,-0.0013715110683349852,1.285281472227349
2015-01-23,0.05,0.0,0.05,0.8999999999999999,0.0018313253012048336,1.2876352407066085
2015-01-26,0.05,0.0,0.05,0.8999999999999999,-0.0006344670069696468,1.2868182786293687
2015-01-27,0.05,0.0,0.10960114020689285,0.8403988597931071,0.0004474034190601217,1.2873940055269364
2015-01-28,0.05,0.0,0.2172330637567189,0.732766936243281,0.0027684287142727463,1.29095806405842
2015-01-29,0.05,0.0,0.16302605747298032,0.7869739425270196,-0.000899370240033848,1.2897970147944742
2015-01-30,0.05,0.0,0.24518973335637925,0.7048102666436208,0.002607615173721531,1.293160309061273
2015-02-02,0.05,0.0,0.24518973335637925,0.7048102666436208,0.0003605760407915152,1.293626591685623
2015-02-03,0.05,0.0,0.1581740961978387,0.7918259038021612,-0.003100837106097036,1.2896152663486906
2015-02-04,0.05,0.0,0.1581740961978387,0.7918259038021612,-0.0003191269901553808,1.2892037153102824
2015-02-05,0.05,0.0,0.08221166727866337,0.8677883327213365,-0.0003803563761178602,1.2887133584570494
2015-02-06,0.05,0.0,0.0,0.95,-0.0052187336655400976,1.2819879066680384
2015-02-09,0.05,0.0,0.0,0.95,-0.0005509375604097366,1.281281611378264
2015-02-10,0.05,0.0,0.0,0.95,-0.0010106382978723682,1.2799866991114455
2015-02-11,0.05,0.0,0.0,0.95,0.0,1.2799866991114455
2015-02-12,0.05,0.0,0.0,0.95,0.00045987026817686513,1.2805753269380287
2015-02-13,0.05,0.0,0.0,0.95,-0.0007354364234565536,1.2796335451996186
2015-02-17,0.05,0.0,0.0,0.95,-0.003496029440248055,1.2751599086528718
2015-02-18,0.05,0.0,0.0,0.95,0.0030472395023328656,1.27904562629831
2015-02-19,0.05,0.0,0.0,0.95,-0.001472725511093803,1.2771619431746077
2015-02-20,0.05,0.0,0.0,0.95,-0.001014070839398301,1.275866810490845
2015-02-23,0.05,0.0,0.0,0.95,0.0021225956868079596,1.2785749598797345
2015-02-24,0.05,0.0,0.0,0.95,0.0026703499079188454,1.2819892024061166
2015-02-25,0.05,0.0,0.0,0.95,0.0,1.2819892024061166
2015-02-26,0.05,0.0,0.0,0.95,-0.001928281461434289,1.279517166393358
2015-02-27,0.05,0.0,0.0,0.95,0.0007360774818400916,1.2804589901671681
2015-03-02,0.05,0.0,0.0,0.95,-0.00239039969031265,1.2773981813936146
2015-03-03,0.05,0.0,0.0,0.95,-0.0011982148054719643,1.2758675839801858
2015-03-04,0.05,0.0,0.0,0.95,0.00046143384495811457,1.2764563124651194
2015-03-05,0.05,0.0,0.95,0.0,0.0008301776871540989,1.2775159980143547
2015-03-06,0.1,0.0,0.0,0.9,-0.004241474304170206,1.2720974467356103
2015-03-09,0.1,0.0,0.0,0.9,0.001227711195556891,1.273659215012807
2015-03-10,0.1,0.0,0.0,0.9,0.0015763355064707385,1.2756669292565752
2015-03-11,0.1,0.0,0.0,0.9,8.742107819328383e-05,1.2757784494349464
2015-03-12,0.05,0.0,0.95,0.0,0.0009615384615384581,1.27700515948248
2015-03-13,0.05,0.0,0.95,0.0,-0.0009034712315740656,1.275851422058316
2015-03-16,0.1,0.0,0.0,0.9,-0.0002712993812469977,1.2755052843569483
2015-03-17,0.05,0.0,0.95,0.0,0.00043655413271237453,1.2760621114601307
2015-03-18,0.05,0.0,0.95,0.0,0.004070653208912589,1.2812565177889177
2015-03-19,0.05,0.0,0.26445411239741357,0.6855458876025864,-0.0013510950981322379,1.2795254183882832
2015-03-20,0.05,0.0,0.33813020905028585,0.611869790949714,0.0018117525570241289,1.2818436018368253
2015-03-23,0.05,0.0,0.33813020905028585,0.611869790949714,0.0006426393334980806,1.2826673649547586
2015-03-24,0.05,0.0,0.39082121722739677,0.5591787827726032,0.0010062927486763048,1.2839581038230763
2015-03-25,0.05,0.0,0.39082121722739677,0.5591787827726032,-0.0012547591306885293,1.2823470456688828
2015-03-26,0.05,0.0,0.22771835575299088,0.722281644247009,-0.002297054894730822,1.2794014241108855
2015-03-27,0.05,0.0,0.3214081971030422,0.6285918028969577,0.0018241683152447224,1.2817352676512275
2015-03-30,0.05,0.0,0.3214081971030422,0.6285918028969577,-0.00015178003235629805,1.2815407258308311
2015-03-31,0.05,0.0,0.3214081971030422,0.6285918028969577,0.0007899647887611514,1.282553097879601
2015-04-01,0.05,0.0,0.3214081971030422,0.6285918028969577,0.0017607154506311513,1.2848113089352924
2015-04-02,0.05,0.0,0.3214081971030422,0.6285918028969577,-0.0007572584115108693,1.2838383747643969
2015-04-06,0.05,0.0,0.3214081971030422,0.6285918028969577,0.0010611363085241026,1.2852007022781358
2015-04-07,0.05,0.0,0.38265454971742396,0.5673454502825759,-0.00030232704146277995,1.28481215135213
2015-04-08,0.05,0.12,0.35209595799708443,0.47790404200291553,-3.70232060750901e-05,1.2847645834870827
2015-04-09,0.05,0.12,0.0,0.83,-0.0016753910641379407,1.2826121003843876
2015-04-10,0.05,0.12,0.83,0.0,-0.00015835707990719873,1.282408989677517
2015-04-13,0.05,0.12,0.83,0.0,0.0007768599234330286,1.2834052418270476
2015-04-14,0.05,0.12,0.83,0.0,0.0009496801717150083,1.284624066337486
2015-04-15,0.05,0.12,0.83,0.0,0.000602397110259667,1.2853979201628176
2015-04-16,0.05,0.12,0.83,0.0,0.0008731644045469244,1.2865202838723826
2015-04-17,0.05,0.0,0.95,0.0,4.631325821764483e-06,1.2865262421669934
2015-04-20,0.05,0.0,0.432820010515618,0.5171799894843819,-0.0014324757327301985,1.2846833245455687
2015-04-21,0.05,0.0,0.95,0.0,-0.0004533320474422684,1.2841009364237375
2015-04-22,0.1,0.0,0.0,0.9,-0.00179414542020781,1.2817970726095682
2015-04-23,0.05,0.0,0.95,0.0,0.0009557829696853481,1.283022192422161
2015-04-24,0.05,0.0,0.95,0.0,0.0012568512568511658,1.2846347604772748
2015-04-27,0.05,0.0,0.95,0.0,-0.0004482823707059435,1.2840588813613567
2015-04-28,0.1,0.0,0.0,0.9,-0.0017939760173732776,1.2817553105232993
2015-04-29,0.1,0.0,0.0,0.9,-0.0012162162162162038,1.2801964189294197
2015-04-30,0.1,0.0,0.0,0.9,-0.0004349507055867008,1.2796395965937168
2015-05-01,0.1,0.0,0.0,0.9,-0.0020887728459529245,1.2769667201517458
2015-05-04,0.1,0.0,0.0,0.9,-8.723466123881086e-05,1.2768553243925
2015-05-05,0.1,0.0,0.0,0.9,-0.0013086467623108834,1.2751843718062943
2015-05-06,0.1,0.0,0.0,0.9,-0.001223182215318952,1.2736245889614481
2015-05-07,0.1,0.0,0.0,0.9,0.0007874015748029706,1.2746274429685043
2015-05-08,0.1,0.0,0.0,0.9,0.001835664335664311,1.2769672311068205
2015-05-11,0.1,0.0,0.0,0.9,-0.003053213143355682,1.2730683779731706
2015-05-12,0.1,0.0,0.0,0.9,0.00043765804318240953,1.2736255465883117
2015-05-13,0.1,0.0,0.0,0.9,0.00026246719160112343,1.2739598315086762
2015-05-14,0.1,0.0,0.0,0.9,0.0014868804664722735,1.2758540574972168
2015-05-15,0.1,0.0,0.0,0.9,0.001659066653730612,1.2779707844190373
2015-05-18,0.1,0.0,0.0,0.9,-0.002178965717606063,1.275186129891686
2015-05-19,0.1,0.0,0.0,0.9,-0.001485292690030149,1.27329210525453
2015-05-20,0.1,0.0,0.0,0.9,0.0008751458576429005,1.274406421566013
2015-05-21,0.1,0.0,0.0,0.9,0.001398873129978684,1.276189154465814
2015-05-22,0.1,0.0,0.0,0.9,-0.0020077594568379763,1.2736268736222212
2015-05-26,0.1,0.0,0.0,0.9,0.001924759405074439,1.276078298925781
2015-05-27,0.1,0.0,0.0,0.9,-0.00017460471432735326,1.2758554896389378
2015-05-28,0.1,0.0,0.0,0.9,0.0007858736780828268,1.2768581508852825
2015-05-29,0.1,0.0,0.0,0.9,0.0010469174098487466,1.2781949159133514
2015-06-01,0.1,0.0,0.0,0.9,-0.0029628195197521803,1.2744078550664353
2015-06-02,0.1,0.0,0.0,0.9,-0.0017485914124733548,1.2721794364350776
2015-06-03,0.1,0.0,0.0,0.9,-0.0024527934592174063,1.2690590430344386
2015-06-04,0.1,0.0,0.0,0.9,0.001405426507905605,1.2708426122536165
2015-06-05,0.1,0.0,0.0,0.9,-0.003069577080491215,1.2669416628981314
2015-06-08,0.1,0.0,0.0,0.9,0.0009680258140216669,1.2681680951326764
2015-06-09,0.1,0.0,0.0,0.9,-0.0009669857394022374,1.266941794669518
2015-06-10,0.88,0.12,0.0,0.0,-0.0015840422411263822,1.264934905349713
2015-06-11,0.88,0.12,0.0,0.0,0.00017765495459928893,1.265159627302894
2015-06-12,0.1,0.0,0.0,0.9,-0.00013008771065339264,1.2649950455833672
2015-06-15,0.1,0.0,0.0,0.9,0.000967836543161682,1.2662193540154012
2015-06-16,0.1,0.0,0.0,0.9,0.0009667968749999201,1.267443530929928
2015-06-17,0.1,0.0,0.0,0.9,0.0011413520632132634,1.268890130218961
2015-06-18,0.1,0.0,0.0,0.9,-0.000526110678098235,1.2682225535721192
2015-06-19,0.1,0.0,0.0,0.9,0.0019302008188729848,1.2706704777835374
2015-06-22,0.1,0.0,0.0,0.9,-0.0020136186770427947,1.2681118319771056
2015-06-23,0.1,0.0,0.0,0.9,-0.0016671541386369837,1.2659976940881705
2015-06-24,0.1,0.0,0.0,0.9,0.0008790779449112885,1.2671106047393519
2015-06-25,0.1,0.0,0.0,0.9,-0.000526932084309184,1.2664429235073462
2015-06-26,0.1,0.0,0.0,0.9,-0.0018453427065026728,1.2641059022952499
2015-06-29,0.1,0.0,0.0,0.9,0.004050484297035628,1.269226143402287
2015-06-30,0.1,0.0,0.0,0.9,-0.0007012759325995655,1.2683360656548928
2015-07-01,0.1,0.0,0.0,0.9,-0.0025441076128278283,1.265109282214636
2015-07-02,0.1,0.0,0.0,0.9,0.0017595307917888548,1.2673352809516705
2015-07-06,0.1,0.0,0.0,0.9,0.0028975609756097588,1.2710074622047693
2015-07-07,0.1,0.0,0.0,0.9,0.0010502771564718572,1.2723423723080283
2015-07-08,0.1,0.0,0.0,0.9,0.0010490529383194059,1.2736771268122462
2015-07-09,0.1,0.0,0.0,0.9,-0.0025322596293779974,1.2704518456431575
2015-07-10,0.1,0.0,0.0,0.9,-0.0034150612959719883,1.2661131747167054
2015-07-13,0.1,0.0,0.0,0.9,-0.0006152944623499357,1.2653341422915938
2015-07-14,0.1,0.0,0.0,0.9,0.0011434714620798703,1.2667810157732997
2015-07-15,0.1,0.0,0.0,0.9,0.0013177159590043175,1.268450273334348
2015-07-16,0.1,0.0,0.0,0.9,-0.0007894736842104288,1.267448865223821
2015-07-17,0.1,0.0,0.0,0.9,-0.000438981562774432,1.2668924785402282
2015-07-20,0.1,0.0,0.0,0.9,-0.0011419090376732167,1.265445802569223
2015-07-21,0.1,0.0,0.0,0.9,0.0010554089709762017,1.2667813654215387
2015-07-22,0.1,0.0,0.0,0.9,0.0,1.2667813654215387
2015-07-23,0.1,0.0,0.0,0.9,0.0009663250366031662,1.268005487970848
2015-07-24,0.1,0.0,0.0,0.9,0.0003510140405616147,1.268450575700635
2015-07-27,0.1,0.0,0.0,0.9,0.0015789473684210576,1.2704533923991097
2015-07-28,0.1,0.0,0.0,0.9,-0.0006129597197899517,1.2696746556436986
2015-07-29,0.1,0.0,0.0,0.9,-0.000701002823483543,1.268784610125187
2015-07-30,0.1,0.0,0.0,0.9,-0.0003507746273018975,1.2683395526764438
2015-07-31,0.1,0.0,0.0,0.9,0.002280924066673129,1.271232538886857
2015-08-03,0.1,0.0,0.0,0.9,0.0011375789985415663,1.2726786663253573
2015-08-04,0.1,0.0,0.0,0.9,-0.002447077102349948,1.2695643235023433
2015-08-05,0.1,0.0,0.0,0.9,-0.0015774099318404122,1.2675617001293404
2015-08-06,0.1,0.0,0.0,0.9,0.0009656652360515716,1.2687857403977056
2015-08-07,0.1,0.0,0.0,0.9,0.0008769365682548936,1.2698983850107406
2015-08-10,0.1,0.0,0.0,0.9,-0.0013141244037768952,1.268229580552681
2015-08-11,0.1,0.0,0.0,0.9,0.0029830376291675397,1.272012757113893
2015-08-12,0.1,0.0,0.0,0.9,0.0005246793626118018,1.2726801559565297
2015-08-13,0.1,0.0,0.0,0.9,-0.0020974946591571842,1.2700107161265954
2015-08-14,0.1,0.0,0.0,0.9,-0.000700798131205016,1.2691206949901235
2015-08-17,0.1,0.0,0.0,0.9,0.0013150204558738166,1.2707896146650084
2015-08-18,0.1,0.0,0.0,0.9,-0.0008754012255618116,1.2696771638788993
2015-08-19,0.1,0.0,0.0,0.9,0.002365884529257145,1.2726810734380714
2015-08-20,0.1,0.0,0.0,0.9,0.00043697805399105504,1.2732372071368936
2015-08-21,0.1,0.0,0.0,0.9,0.0013976511695622308,1.2750167486085786
2015-08-24,0.1,0.0,0.0,0.9,0.00200600833414093,1.2775744428324567
2015-08-25,0.1,0.0,0.0,0.9,-0.0037420228195707674,1.2727937301136771
2015-08-26,0.1,0.0,0.0,0.9,-0.00017477424992711212,1.2725712785441847
2015-08-27,0.1,0.0,0.0,0.9,-0.0002622122948431227,1.2722375947088862
2015-08-28,0.1,0.0,0.0,0.9,-0.0012240139887312984,1.2706803580959727
2015-08-31,0.1,0.0,0.0,0.9,-0.00043774319066147704,1.270124126421709
2015-09-01,0.1,0.0,0.0,0.9,0.0009635036496351113,1.271347895653006
2015-09-02,0.1,0.0,0.0,0.9,-0.0005249854170717771,1.2706804565477632
2015-09-03,0.1,0.0,0.0,0.9,0.0010505836575875449,1.2720154126694283
2015-09-04,0.1,0.0,0.0,0.9,0.0007870190439176029,1.273016513023356
2015-09-08,0.1,0.0,0.0,0.9,-0.001834773322978378,1.2706808162855496
2015-09-09,0.1,0.0,0.0,0.9,0.00035019455252918166,1.2711258017854163
2015-09-10,0.1,0.0,0.0,0.9,-0.0007001166861143604,1.2702358654014358
2015-09-11,0.1,0.0,0.0,0.9,0.0012261580381472072,1.2717933753181407
2015-09-14,0.1,0.0,0.0,0.9,-8.746355685137487e-05,1.2716821397459555
2015-09-15,0.1,0.0,0.0,0.9,-0.0031489940713382847,1.2676776202272686
2015-09-16,0.1,0.0,0.0,0.9,-0.0005266751194772712,1.2670099659651768
2015-09-17,0.1,0.0,0.0,0.9,0.003601053967014667,1.2715725372293627
2015-09-18,0.1,0.0,0.0,0.9,0.001924572317262796,1.2740197705339058
2015-09-21,0.1,0.0,0.0,0.9,-0.002095053346265741,1.2713506311504401
2015-09-22,0.1,0.0,0.0,0.9,0.0023624343768227974,1.274354113586465
2015-09-23,0.1,0.0,0.0,0.9,-0.0005236109764375718,1.2736868477847227
2015-09-24,0.1,0.0,0.0,0.9,0.0005239157853885512,1.274354152429919
2015-09-25,0.1,0.0,0.0,0.9,-0.0011344904489478892,1.2729084098154102
2015-09-28,0.1,0.0,0.0,0.9,0.0019223300970874658,1.275355359962434
2015-09-29,0.1,0.0,0.0,0.9,0.0013078860685914685,1.2770233794702326
2015-09-30,0.1,0.0,0.0,0.9,-0.0002611976395472393,1.2766898239778683
2015-10-01,0.1,0.0,0.0,0.9,8.709115540919133e-05,1.2768010123697378
2015-10-02,0.1,0.0,0.0,0.9,0.0025253991291728675,1.2800254445345034
2015-10-05,0.1,0.0,0.0,0.9,-0.00191045928213045,1.2775800080426294
2015-10-06,0.1,0.0,0.0,0.9,0.0005221427190098326,1.2782470871417815
2015-10-07,0.1,0.0,0.0,0.9,-0.0009567066099729016,1.2770241797043342
2015-10-08,0.1,0.0,0.0,0.9,-0.0011318564380382035,1.2755787716650053
2015-10-09,0.1,0.0,0.0,0.9,-0.00017435102673382107,1.2753563731964856
2015-10-12,0.1,0.0,0.0,0.9,0.0,1.2753563731964856
2015-10-13,0.1,0.0,0.0,0.9,0.001395078473164113,1.2771355954183445
2015-10-14,0.1,0.0,0.0,0.9,0.0026117237376669157,1.280471120769118
2015-10-15,0.1,0.0,0.0,0.9,-0.0016493055555556692,1.2783592326359048
2015-10-16,0.1,0.0,0.0,0.9,-0.0004348246207362405,1.2778033705674092
2015-10-19,0.1,0.0,0.0,0.9,0.0,1.2778033705674092
2015-10-20,0.1,0.0,0.0,0.9,-0.0014791183294663225,1.2759133481805491
2015-10-21,0.1,0.0,0.0,0.9,0.0009586520770794139,1.2771365051619559
2015-10-22,0.1,0.0,0.0,0.9,0.00043528728961115263,1.2776924264497513
2015-10-23,0.1,0.0,0.0,0.9,-0.0021753843178961675,1.2749129543821578
2015-10-26,0.1,0.0,0.0,0.9,0.0005233572397749909,1.2755801893069165
2015-10-27,0.1,0.0,0.0,0.9,0.001133281673769937,1.277025780958882
2015-10-28,0.1,0.0,0.0,0.9,-0.003047305794718125,1.2731342928965617
2015-10-29,0.1,0.0,0.0,0.9,-0.0018345952242282304,1.2707986068030124
2015-10-30,0.1,0.0,0.0,0.9,0.0,1.2707986068030124
2015-11-02,0.1,0.0,0.0,0.9,-0.0010504814706741139,1.2694636564136073
2015-11-03,0.1,0.0,0.0,0.9,-0.0010517090271691676,1.268128550026494
2015-11-04,0.1,0.0,0.0,0.9,-0.0012284293653113565,1.2665707436766518
2015-11-05,0.1,0.0,0.0,0.9,-0.0002635946500048614,1.2662368824047658
2015-11-06,0.1,0.0,0.0,0.9,-0.00298828124999998,1.2624530104710172
2015-11-09,0.1,0.0,0.0,0.9,-8.818342151675208e-05,1.2623416830450498
2015-11-10,0.1,0.0,0.0,0.9,0.0009701126898580048,1.2635662967307086
2015-11-11,0.1,0.0,0.0,0.9,0.0,1.2635662967307086
2015-11-12,0.1,0.0,0.0,0.9,-0.0004404855129208518,1.2630097140823837
2015-11-13,0.1,0.0,0.0,0.9,0.0013221036137498476,1.2646795437895733
2015-11-16,0.1,0.0,0.0,0.9,0.0005280657148444279,1.2653473776969135
2015-11-17,0.1,0.0,0.0,0.9,0.0,1.2653473776969135
2015-11-18,0.1,0.0,0.0,0.9,-0.000439796716184504,1.2647908820753697
2015-11-19,0.1,0.0,0.0,0.9,0.00017600469345857572,1.2650134912068587
2015-11-20,0.1,0.0,0.0,0.9,-0.0005279108417244994,1.2643456768699228
2015-11-23,0.1,0.0,0.0,0.9,0.00017607355962034887,1.26456829471384
2015-11-24,0.1,0.0,0.0,0.9,0.00026405867970662466,1.264902214948141
2015-11-25,0.1,0.0,0.0,0.9,0.00017598748533425025,1.2651248219081435
2015-11-27,0.1,0.0,0.0,0.9,0.0002639296187682883,1.265458725820084
2015-11-30,0.1,0.0,0.0,0.9,-0.0007915567282322011,1.2644570434513611
2015-12-01,0.1,0.0,0.0,0.9,0.0017605633802817656,1.2666832002180008
2015-12-02,0.1,0.0,0.0,0.9,-0.001054275673565086,1.2653477669338975
2015-12-03,0.1,0.0,0.0,0.9,-0.003518373729476032,1.260895800592066
2015-12-04,0.1,0.0,0.0,0.9,0.0010596546310832845,1.2622319146664769
2015-12-07,0.1,0.0,0.0,0.9,0.0011466091728732587,1.263679201358127
2015-12-08,0.1,0.0,0.0,0.9,-0.0002642654399530486,1.2633452546180206
2015-12-09,0.1,0.0,0.0,0.9,0.0012336009398863368,1.2649037185115184
2015-12-10,0.1,0.0,0.0,0.9,-0.001319906140007876,1.2632341643269362
2015-12-11,0.1,0.0,0.0,0.9,0.0030843043180261986,1.267130362914648
2015-12-14,0.1,0.0,0.0,0.9,-0.0026346604215456205,1.263791904698538
2015-12-15,0.1,0.0,0.0,0.9,-0.0012331180270111486,1.2622335001184635
2015-12-16,0.1,0.0,0.0,0.9,-0.001411211289690395,1.2604522219528709
2015-12-17,0.1,0.0,0.0,0.9,0.0007950530035335746,1.2614543482777452
2015-12-18,0.1,0.0,0.0,0.9,0.0015004413062665646,1.2633470864878706
2015-12-21,0.1,0.0,0.0,0.9,0.00017622870569793393,1.2635697245097697
2015-12-22,0.1,0.0,0.0,0.9,-0.0013214565387626553,1.2618999720351336
2015-12-23,0.1,0.0,0.0,0.9,-0.0005293598666797239,1.261231972834174
2015-12-24,0.1,0.0,0.0,0.9,0.0001765571358508078,1.2614546523389412
2015-12-28,0.1,0.0,0.0,0.9,8.826125330976265e-05,1.26156598990755
2015-12-29,0.1,0.0,0.0,0.9,-0.0020298097666209603,1.259005250939999
2015-12-30,0.1,0.0,0.0,0.9,8.845208845205121e-05,1.2591166125838167
2015-12-31,0.1,0.0,0.0,0.9,0.0010613207547169434,1.260452939177361
2016-01-04,0.1,0.0,0.0,0.9,0.0008833922261485494,1.2615664135052564
2016-01-05,0.1,0.0,0.0,0.9,8.825259854865486e-05,1.26167775001949
2016-01-06,0.1,0.0,0.0,0.9,0.0022060986371213345,1.2644611355842943
2016-01-07,0.1,0.0,0.0,0.9,0.0010563380281689795,1.2657968339669536
2016-01-08,0.1,0.0,0.0,0.9,0.0009671746776085177,1.2670210806117634
2016-01-11,0.1,0.0,0.0,0.9,0.0,1.2670210806117634
2016-01-12,0.1,0.0,0.0,0.9,0.0013174587684200878,1.2686903286441886
2016-01-13,0.1,0.0,0.0,0.9,0.0008770220229973758,1.2698029980027734
2016-01-14,0.1,0.0,0.0,0.9,-0.0003504672897195138,1.2693579735875857
2016-01-15,0.1,0.0,0.0,0.9,0.0020159719516945397,1.2719169636589982
2016-01-19,0.1,0.0,0.0,0.9,-0.0004372752890874909,1.271360785801019
2016-01-20,0.1,0.0,0.0,0.9,0.0018374489597510202,1.2736968463543572
2016-01-21,0.1,0.0,0.0,0.9,-0.0006112350829533098,1.2729183181568184
2016-01-22,0.1,0.0,0.0,0.9,-0.001223300970873742,1.2713611559423743
2016-01-25,0.1,0.0,0.0,0.9,0.0004374878475598143,1.2719173609979588
2016-01-26,0.1,0.0,0.0,0.9,0.0009620056359925799,1.2731409526677555
2016-01-27,0.1,0.0,0.0,0.9,0.00017472335468848854,1.273363400125997
2016-01-28,0.1,0.0,0.0,0.9,0.0006987577639751442,1.274253172688197
2016-01-29,0.1,0.0,0.0,0.9,0.0020073700543055575,1.276811070348655
2016-02-01,0.1,0.0,0.0,0.9,-0.0013062409288824074,1.2751432474701154
2016-02-02,0.1,0.0,0.0,0.9,0.0032267441860463378,1.2792578085302657
2016-02-03,0.1,0.0,0.0,0.9,8.689775031385238e-05,1.2793689731558986
2016-02-04,0.1,0.0,0.0,0.9,0.0006951148870438351,1.280258281575161
2016-02-05,0.1,0.0,0.0,0.9,0.0,1.280258281575161
2016-02-08,0.1,0.0,0.0,0.9,0.003212425236349592,1.2843710155879389
2016-02-09,0.1,0.0,0.0,0.9,-0.00034605402287803957,1.2839265538311266
2016-02-10,0.1,0.0,0.0,0.9,0.0003461871333782618,1.2843710326842657
2016-02-11,0.1,0.0,0.0,0.9,0.0018167836201095078,1.2867044569385895
2016-02-12,0.1,0.0,0.0,0.9,-0.0031945510360705145,1.2825940138825598
2016-02-16,0.1,0.0,0.0,0.9,-0.0006931741600076591,1.2817049528543558
2016-02-17,0.1,0.0,0.0,0.9,-0.0013874168995087089,1.2799266937425817
2016-02-18,0.1,0.0,0.0,0.9,0.0017369487600115364,1.2821498608261837
2016-02-19,0.1,0.0,0.0,0.9,-0.0004334007512279414,1.281594176113315
2016-02-22,0.1,0.0,0.0,0.9,-0.000433609558681769,1.2810384646282014
2016-02-23,0.1,0.0,0.0,0.9,0.0006941097078955183,1.2819276458626871
2016-02-24,0.1,0.0,0.0,0.9,8.669685001445604e-05,1.2820387849515298
2016-02-25,0.1,0.0,0.0,0.9,0.0016470814871893946,1.2841504073000822
2016-02-26,0.1,0.0,0.0,0.9,-0.0029420248053071973,1.28037240494806
2016-02-29,0.1,0.0,0.0,0.9,0.0006945114305006994,1.2812616382185942
2016-03-01,0.1,0.0,0.0,0.9,-0.0031228915662650848,1.2772603970544223
2016-03-02,0.1,0.0,0.0,0.9,-0.0007834413386207828,1.2762597384591867
2016-03-03,0.1,0.0,0.0,0.9,0.0006098741529526164,1.277038096286127
2016-03-04,0.1,0.0,0.0,0.9,-0.001828383476830875,1.2747031809315938
2016-03-07,0.1,0.0,0.0,0.9,-0.0008724311748739222,1.2735910901378382
2016-03-08,0.1,0.0,0.0,0.9,0.0020085387153115255,1.2761491471498558
2016-03-09,0.1,0.0,0.0,0.9,-0.001394133023526134,1.2743700254808696
2016-03-10,0.1,0.0,0.0,0.9,-0.0014835644332395705,1.2724794154362795
2016-03-11,0.88,0.12,0.0,0.0,-0.0013111888111887794,1.2708109546642914
2016-03-14,0.88,0.12,0.0,0.0,0.000174545454545445,1.2710327689400145
2016-03-15,0.88,0.12,0.0,0.0,-0.00048552754435107645,1.2704156475209214
2016-03-16,0.88,0.12,0.0,0.0,-0.0002250000000000085,1.2701298040002291
2016-03-17,0.05,0.12,0.83,0.0,0.0006887914840325849,1.2710046585928405
2016-03-18,0.05,0.12,0.83,0.0,0.002567353067190687,1.2742677763014925
2016-03-21,0.05,0.12,0.83,0.0,-0.000768639001627599,1.2732883243901099
2016-03-22,0.05,0.12,0.83,0.0,-0.0005209085227293752,1.2726250576500433
2016-03-23,0.05,0.12,0.83,0.0,0.0017938876151982175,1.2749080039797525
2016-03-24,0.05,0.12,0.83,0.0,-0.001631576117461937,1.272827894528498
2016-03-28,0.05,0.12,0.83,0.0,0.0003083126638792599,1.2732203234873198
2016-03-29,0.05,0.12,0.83,0.0,0.0021331953987433084,1.2759363512229696
2016-03-30,0.05,0.08744477395945978,0.45033432698132714,0.4122208990592131,0.0009293849740947134,1.2771221872956975
2016-03-31,0.05,0.12,0.4757248297939096,0.35427517020609023,0.0024330003353963325,1.2802294260057299
2016-04-01,0.05,0.05,0.5057186701155149,0.39428132988448517,-0.0006322690890091547,1.2794199765128265
2016-04-04,0.05,0.05,0.5057186701155149,0.39428132988448517,0.0009138058907592041,1.280589118024119
2016-04-05,0.05,0.05,0.5057186701155149,0.39428132988448517,0.0011607221224769343,1.2820755261432129
2016-04-06,0.05,0.05,0.5057186701155149,0.39428132988448517,-0.0004017079870501104,1.2815605061643598
2016-04-07,0.05,0.10388221085368429,0.4769790625458857,0.36913872660042996,0.001941111003151334,1.2840481573640796
2016-04-08,0.05,0.10388221085368429,0.4769790625458857,0.36913872660042996,-0.0006208834725609829,1.2832509130852
2016-04-11,0.05,0.10388221085368429,0.4769790625458857,0.36913872660042996,0.00030221107822190875,1.2836387257272726
2016-04-12,0.05,0.12,0.5959994724334354,0.23400052756656456,-0.0012698936907713364,1.2820086410082416
2016-04-13,0.05,0.12,0.6665505430983064,0.16344945690169346,0.0013469981854699238,1.2837355043214365
2016-04-14,0.05,0.12,0.6665505430983064,0.16344945690169346,-2.382609049904539e-05,1.2837049179231337
2016-04-15,0.05,0.12,0.6665505430983064,0.16344945690169346,0.0011264460127966113,1.2851509422095357
2016-04-18,0.05,0.12,0.6665505430983064,0.16344945690169346,-0.0004277704170085862,1.2846011926550678
2016-04-19,0.05,0.12,0.6665505430983064,0.16344945690169346,0.0007455933280233818,1.2855589827334823
2016-04-20,0.05,0.12,0.7656995441073052,0.06430045589269488,-0.001147006013897691,1.2840844388490669
2016-04-21,0.05,0.12,0.8300000000000001,0.0,0.00039885778332630336,1.28459660592195
2016-04-22,0.05,0.12,0.8300000000000001,0.0,-0.00032477134901764406,1.2841794057493012
2016-04-25,0.05,0.12,0.8300000000000001,0.0,-0.000490094717974553,1.2835500362056118
2016-04-26,0.05,0.12,0.8300000000000001,0.0,-0.0003328017863894706,1.2831228684606422
2016-04-27,0.05,0.12,0.8300000000000001,0.0,0.002266531984125333,1.286031107481571
2016-04-28,0.05,0.12,0.8300000000000001,0.0,0.0017692249316646215,1.2883063857798234
2016-04-29,0.05,0.12,0.8300000000000001,0.0,0.0004792458427694557,1.2889238012594215
2016-05-02,0.05,0.12,0.8300000000000001,0.0,-0.001298308218927894,1.2872503808946747
2016-05-03,0.05,0.12,0.8300000000000001,0.0,0.001328615400258786,1.2889606415747203
2016-05-04,0.05,0.12,0.7502309086922165,0.07976909130778327,-0.0002490832568003287,1.2886395830602295
2016-05-05,0.05,0.12,0.8300000000000001,0.0,0.0008218641279942019,1.2896986697074602
2016-05-06,0.05,0.12,0.7437173368467469,0.08628266315325311,-0.001582107950529077,1.2876582271883292
2016-05-09,0.05,0.12,0.83,0.0,0.00048410491408949644,1.2882815888637789
2016-05-10,0.05,0.12,0.83,0.0,0.00017797142359995854,1.2885108661721465
2016-05-11,0.05,0.12,0.7326124213354424,0.09738757866455772,0.0006115851163506481,1.2892989002401534
2016-05-12,0.05,0.12,0.7326124213354424,0.09738757866455772,-0.0012507427664701616,1.28768631896686
2016-05-13,0.05,0.12,0.7326124213354424,0.09738757866455772,0.0009863715845135554,1.2889564561616558
2016-05-16,0.05,0.12,0.7326124213354424,0.09738757866455772,-0.0013981423864647701,1.2871543115059887
2016-05-17,0.05,0.12,0.7326124213354424,0.09738757866455772,-0.00032628729786430785,1.286734329403753
2016-05-18,0.05,0.12,0.83,0.0,-0.00398543336446683,1.2816061354761423
2016-05-19,0.05,0.12,0.83,0.0,0.00017204004164112603,1.2818266230490571
2016-05-20,0.05,0.12,0.83,0.0,0.0003305785123966842,1.282250367387255
2016-05-23,0.05,0.12,0.83,0.0,-3.114453244542181e-05,1.2822104322990846
2016-05-24,0.05,0.12,0.83,0.0,-0.00013145046495866122,1.282041885141584
2016-05-25,0.05,0.12,0.83,0.0,0.000360120159105557,1.282503574269241
2016-05-26,0.05,0.12,0.83,0.0,0.0019691530936574364,1.28502902015014
2016-05-27,0.05,0.12,0.7330065989913752,0.0969934010086247,-0.0002395151981530741,1.2847212361697462
2016-05-31,0.05,0.12,0.8300000000000001,0.0,-2.468005101660091e-05,1.2846895291840954
2016-06-01,0.05,0.12,0.8300000000000001,0.0,-0.000997791914167363,1.28340767635966
2016-06-02,0.05,0.12,0.8300000000000001,0.0,0.0009766415483968215,1.2846611056199242
2016-06-03,0.05,0.12,0.8300000000000001,0.0,0.0038627886026336737,1.2896234798969597
2016-06-06,0.05,0.12,0.7084994118863746,0.12150058811362528,0.00013763176551259134,1.2898009730533444
2016-06-07,0.05,0.12,0.7084994118863746,0.12150058811362528,0.0008849757043443328,1.2909424155779363
2016-06-08,0.05,0.12,0.7084994118863746,0.12150058811362528,0.0005218991042959457,1.291616157268324
2016-06-09,0.05,0.12,0.7084994118863746,0.12150058811362528,0.0005840550766473423,1.2923705322420564
2016-06-10,0.05,0.12,0.7084994118863746,0.12150058811362528,0.0005599633748057267,1.2930942124067901
2016-06-13,0.05,0.12,0.7084994118863746,0.12150058811362528,7.36322166872812e-05,1.293189425800035
2016-06-14,0.05,0.12,0.6383505481413947,0.19164945185860513,-0.0013982668299071285,1.2913812019211521
2016-06-15,0.05,0.12,0.6383505481413947,0.19164945185860513,0.000989566297001929,1.2926591092351551
2016-06-16,0.05,0.12,0.5882212753554384,0.24177872464456146,-0.00022889465485613063,1.2923632264745002
2016-06-17,0.05,0.12,0.5882212753554384,0.24177872464456146,-0.0008847084291399556,1.2912198618345279
2016-06-20,0.05,0.12,0.6730007291542524,0.15699927084574772,-0.00010317807662208264,1.2910866362526876
2016-06-21,0.05,0.12,0.6730007291542524,0.15699927084574772,-0.0006344581938843474,1.2902674957573026
2016-06-22,0.05,0.12,0.6730007291542524,0.15699927084574772,0.0009501361492012012,1.291493425547161
2016-06-23,0.05,0.12,0.6730007291542524,0.15699927084574772,-0.000712940642357648,1.2905726673947508
2016-06-24,0.05,0.12,0.6135977367866576,0.2164022632133423,0.002109967634621585,1.293295733953081
2016-06-27,0.05,0.12,0.546522743221708,0.2834772567782921,0.001567105905096911,1.2953224653347957
2016-06-28,0.05,0.12,0.546522743221708,0.2834772567782921,0.00019997855945680604,1.2955815020554455
2016-06-29,0.05,0.12,0.6225034065750823,0.20749659342491747,0.0007540839616741955,1.2965584792871874
2016-06-30,0.05,0.12,0.6225034065750823,0.20749659342491747,0.0004974849525710349,1.297203497620761
2016-07-01,0.05,0.12,0.6225034065750823,0.20749659342491747,0.001336403891406903,1.298937085422928
2016-07-05,0.05,0.12,0.6225034065750823,0.20749659342491747,0.0026158083142909312,1.3023348558507182
2016-07-06,0.05,0.12,0.6225034065750823,0.20749659342491747,-0.0006578271261973093,1.3014781446551473
2016-07-07,0.05,0.12,0.6225034065750823,0.20749659342491747,0.0007647441655023806,1.302473442472801
2016-07-08,0.05,0.12,0.6931859799871273,0.13681402001287257,0.0012366333432893655,1.304084124560512
2016-07-11,0.05,0.12,0.6931859799871273,0.13681402001287257,-0.0009192430806118739,1.3028853542524739
2016-07-12,0.05,0.12,0.7600568094630615,0.06994319053693843,-0.0008254299115130087,1.3018099137098016
2016-07-13,0.05,0.12,0.7600568094630615,0.06994319053693843,0.0009348941566034004,1.3030269681911373
2016-07-14,0.05,0.12,0.7600568094630615,0.06994319053693843,-0.0007480770532398425,1.3020522036164808
2016-07-15,0.05,0.12,0.7600568094630615,0.06994319053693843,-0.0016619637417859556,1.2998882400641576
2016-07-18,0.05,0.12,0.7600568094630615,0.06994319053693843,0.00042688661697587275,1.3004431449574052
2016-07-19,0.05,0.12,0.7600568094630615,0.06994319053693843,0.0007629429363128786,1.301435308868927
2016-07-20,0.05,0.12,0.7600568094630615,0.06994319053693843,-0.00043061156645150827,1.3008748957719396
2016-07-21,0.05,0.12,0.7600568094630615,0.06994319053693843,0.001102577732524276,1.3023092114648174
2016-07-22,0.05,0.12,0.7600568094630615,0.06994319053693843,-0.00019137342766252635,1.302059984087143
2016-07-25,0.05,0.12,0.7600568094630615,0.06994319053693843,-0.00044333736361232366,1.3014827322465325
2016-07-26,0.05,0.12,0.8299999999999998,0.0,-0.0002767574489766388,1.301122537205669
2016-07-27,0.05,0.12,0.8299999999999998,0.0,0.0010208422991739095,1.302450778128057
2016-07-28,0.05,0.12,0.8299999999999998,0.0,-6.344740649224078e-05,1.302368141004101
2016-07-29,0.05,0.12,0.8299999999999998,0.0,0.0014202932598568528,1.3042178856966213
2016-08-01,0.05,0.12,0.8299999999999998,0.0,-0.001628168799170243,1.3020943988278102
2016-08-02,0.05,0.12,0.8299999999999998,0.0,-0.0015092406813305512,1.3001292249901666
2016-08-03,0.05,0.12,0.8299999999999998,0.0,-0.0001530238763677893,1.2999302741763794
2016-08-04,0.05,0.12,0.8299999999999998,0.0,0.0020179171356671595,1.3025534257518123
2016-08-05,0.05,0.12,0.8299999999999998,0.0,-0.0022529114916009295,1.299618888170512
2016-08-08,0.05,0.12,0.8299999999999998,0.0,0.00043809258605596033,1.3001882415701176
2016-08-09,0.05,0.12,0.8299999999999998,0.0,0.0018225043721889996,1.3025578403250477
2016-08-10,0.05,0.12,0.8299999999999998,0.0,0.0014771574818696817,1.304481923384452
2016-08-11,0.05,0.12,0.8299999999999998,0.0,-0.002123768006065156,1.3017115064110778
2016-08-12,0.05,0.12,0.8299999999999998,0.0,0.0018173263613214894,1.3040771410465142
2016-08-15,0.05,0.12,0.8299999999999998,0.0,-0.0004177982030016946,1.3035322999604093
2016-08-16,0.05,0.12,0.8299999999999998,0.0,-0.0005008570075290407,1.3028794166734337
2016-08-17,0.05,0.12,0.8299999999999998,0.0,0.0005399731394628326,1.3035829365623963
2016-08-18,0.05,0.12,0.8299999999999998,0.0,0.0014093587443710627,1.3054201525730535
2016-08-19,0.05,0.12,0.7705379044671992,0.05946209553280054,-0.0012581714827095433,1.3037777101641317
2016-08-22,0.05,0.12,0.8299999999999998,0.0,0.0008934915887147798,1.3049426245817173
2016-08-23,0.05,0.12,0.7638206745368366,0.06617932546316353,0.0001407624633431137,1.3051263115200749
2016-08-24,0.05,0.12,0.7638206745368366,0.06617932546316353,-6.373815415887446e-06,1.3051179928858707
2016-08-25,0.05,0.12,0.7638206745368366,0.06617932546316353,-0.0006887233590835428,1.30421912763781
2016-08-26,0.05,0.12,0.7638206745368366,0.06617932546316353,-0.002184761544642062,1.3013697198419603
2016-08-29,0.05,0.12,0.83,0.0,0.0020358178558607916,1.304019071554691
2016-08-30,0.05,0.12,0.83,0.0,3.291092519736033e-06,1.3040233632021032
2016-08-31,0.05,0.12,0.83,0.0,-0.0003820273958093867,1.3035251905525844
2016-09-01,0.05,0.12,0.83,0.0,-0.00019588102110835727,1.3032698547072186
2016-09-02,0.05,0.12,0.83,0.0,-0.0005600136163151881,1.3025400058428493
2016-09-06,0.05,0.12,0.83,0.0,0.002202445768804482,1.3054087795674165
2016-09-07,0.05,0.12,0.83,0.0,-9.881951215393037e-05,1.3052797797086582
2016-09-08,0.05,0.12,0.83,0.0,-0.0023368023195130404,1.3022295988918215
2016-09-09,0.05,0.12,0.83,0.0,-0.0023290581129660195,1.2991966304795781
2016-09-12,0.05,0.12,0.83,0.0,-0.0005424943889476019,1.2984918235974032
2016-09-13,0.05,0.12,0.83,0.0,-0.002365784175783391,1.2954198721887524
2016-09-14,0.05,0.12,0.83,0.0,0.001403450675850668,1.297237930083886
2016-09-15,0.05,0.12,0.83,0.0,-7.914560884913601e-05,1.2971352593980874
2016-09-16,0.05,0.12,0.83,0.0,-0.0006048529881652742,1.296350683260386
2016-09-19,0.05,0.12,0.83,0.0,0.0001501484141574605,1.2965453282596695
2016-09-20,0.05,0.12,0.83,0.0,0.00027302675896425873,1.2968993198284946
2016-09-21,0.05,0.12,0.83,0.0,0.0002091278901408211,1.2971705376469753
2016-09-22,0.05,0.12,0.83,0.0,0.002117743417500657,1.2999176120144529
2016-09-23,0.05,0.12,0.83,0.0,0.0007228993372014324,1.3008573215945947
2016-09-26,0.05,0.12,0.83,0.0,0.0002858506824164708,1.3012291725476988
2016-09-27,0.05,0.12,0.83,0.0,0.0004146343247018036,1.3017687068269403
2016-09-28,0.05,0.12,0.83,0.0,-0.00016249825345824085,1.3015571716856744
2016-09-29,0.05,0.12,0.83,0.0,0.0005270545107117285,1.3022431632639604
2016-09-30,0.05,0.12,0.83,0.0,-0.001719944252146037,1.300003377620408
2016-10-03,0.05,0.12,0.83,0.0,-0.000652693614426213,1.2991548737171028
2016-10-04,0.05,0.12,0.83,0.0,-0.0013974791323481627,1.2973393318913948
2016-10-05,0.05,0.12,0.83,0.0,-0.0007780511284848423,1.296329935560189
2016-10-06,0.88,0.12,0.0,0.0,-0.0004525733837615941,1.295743251134781
2016-10-07,0.05,0.12,0.8300000000000001,0.0,1.1692487576739907e-05,1.2957584015966477
2016-10-10,0.05,0.12,0.8300000000000001,0.0,0.0,1.2957584015966477
2016-10-11,0.05,0.12,0.8300000000000001,0.0,-0.0007047653130069798,1.2948451960211649
2016-10-12,0.05,0.12,0.8300000000000001,0.0,-0.00044373201063447004,1.294270631758874
2016-10-13,0.05,0.12,0.8300000000000001,0.0,0.001333549656896549,1.2959966059157872
2016-10-14,0.05,0.12,0.8300000000000001,0.0,-0.0010017070195970968,1.2946983970182673
2016-10-17,0.05,0.12,0.8300000000000001,0.0,0.0008733499139086365,1.2958291217518407
2016-10-18,0.05,0.12,0.8300000000000001,0.0,0.0010154504940081055,1.2971449720736736
2016-10-19,0.05,0.12,0.8300000000000001,0.0,0.00044794826991034764,1.2977260259197372
2016-10-20,0.05,0.12,0.8300000000000001,0.0,0.00012825495530509377,1.2978924657131896
2016-10-21,0.05,0.12,0.8300000000000001,0.0,-4.658837231875434e-05,1.2978319990157672
2016-10-24,0.05,0.12,0.8300000000000001,0.0,-0.0006663158467713593,1.2969672329883761
2016-10-25,0.05,0.12,0.8300000000000001,0.0,-0.00010257587495479449,1.2968341954396647
2016-10-26,0.05,0.12,0.8300000000000001,0.0,-0.0015482127065879583,1.294826420259947
2016-10-27,0.88,0.12,0.0,0.0,-0.001732982046005247,1.2925825093209433
2016-10-28,0.88,0.12,0.0,0.0,-0.0002809482001755992,1.2922193605913712
2016-10-31,0.88,0.12,0.0,0.0,-0.00037547667937810837,1.2917341623568284
2016-11-01,0.88,0.12,0.0,0.0,-0.0004943599803825415,1.2910955806816662
2016-11-02,0.88,0.12,0.0,0.0,-0.0003427558357135929,1.2906530501369236
2016-11-03,0.88,0.12,0.0,0.0,0.0,1.2906530501369236
2016-11-04,0.05,0.12,0.8300000000000001,0.0,-0.0001303832477281652,1.2904847706005564
2016-11-07,0.05,0.12,0.8300000000000001,0.0,-0.00044003119092502667,1.2899169170500784
2016-11-08,0.88,0.12,0.0,0.0,-0.0012410167052950506,1.2883161086075765
2016-11-09,0.88,0.12,0.0,0.0,-0.0003189290284476964,1.287905227202725
2016-11-10,0.88,0.12,0.0,0.0,-0.000402684563758382,1.2873866076481466
2016-11-11,0.88,0.12,0.0,0.0,0.0,1.2873866076481466
2016-11-14,0.1,0.0,0.0,0.9,-0.00121212121212122,1.2858261390328156
2016-11-15,0.88,0.12,0.0,0.0,-0.0007965384993608215,1.2848019290095916
2016-11-16,0.88,0.12,0.0,0.0,3.5828025477719906e-05,1.2848479609258379
2016-11-17,0.88,0.12,0.0,0.0,0.00016714754750770666,1.285062720111427
2016-11-18,0.88,0.12,0.0,0.0,-0.0002146050670640953,1.284786939140196
2016-11-21,0.88,0.12,0.0,0.0,0.0001433263660794193,1.2849710829833694
2016-11-22,0.88,0.12,0.0,0.0,0.0003936773039069496,1.2854769469349168
2016-11-23,0.88,0.12,0.0,0.0,0.0,1.2854769469349168
2016-11-25,0.88,0.12,0.0,0.0,0.0,1.2854769469349168
2016-11-28,0.88,0.12,0.0,0.0,9.51248513674141e-05,1.2855992277384303
2016-11-29,0.88,0.12,0.0,0.0,-7.128712871287135e-05,1.2855075810608094
2016-11-30,0.88,0.12,0.0,0.0,0.0004517535169407605,1.2860883136316077
2016-12-01,0.88,0.12,0.0,0.0,-5.9218318199758536e-05,1.286012153644618
2016-12-02,0.88,0.12,0.0,0.0,4.739804483065768e-05,1.2860731081063292
2016-12-05,0.88,0.12,0.0,0.0,0.00014213799230086365,1.2862559079558675
2016-12-06,0.88,0.12,0.0,0.0,0.00031943212067434777,1.2866667794082758
2016-12-07,0.88,0.12,0.0,0.0,0.00043657817109143515,1.2872285100376337
2016-12-08,0.88,0.12,0.0,0.0,0.000152836288821403,1.2874252452659731
2016-12-09,0.88,0.12,0.0,0.0,0.00017612524461839028,1.2876519933522235
2016-12-12,0.88,0.12,0.0,0.0,0.00010552027357107362,1.2877878667428264
2016-12-13,0.88,0.12,0.0,0.0,0.00014057008980867812,1.2879688911989091
2016-12-14,0.88,0.12,0.0,0.0,-3.510140405616813e-05,1.2879236816824473
2016-12-15,0.88,0.12,0.0,0.0,-0.0005266751194772245,1.2872453643235195
2016-12-16,0.88,0.12,0.0,0.0,-5.8777429467076203e-05,1.2871697033499112
2016-12-19,0.88,0.12,0.0,0.0,8.2328726845029e-05,1.2872756743928215
2016-12-20,0.88,0.12,0.0,0.0,3.5259549461326145e-05,1.287321063153133
2016-12-21,0.88,0.12,0.0,0.0,9.399784588269177e-05,1.287442068560029
2016-12-22,0.88,0.12,0.0,0.0,7.044320516582658e-05,1.2875327601058038
2016-12-23,0.88,0.12,0.0,0.0,8.213552361396203e-05,1.2876385122832252
2016-12-27,0.88,0.12,0.0,0.0,8.207934336524224e-05,1.2877442008068054
2016-12-28,0.88,0.12,0.0,0.0,4.687042281029008e-05,1.2878045579219688
2016-12-29,0.88,0.12,0.0,0.0,3.513909224011513e-05,1.287849810205117
2016-12-30,0.88,0.12,0.0,0.0,1.1709601873519659e-05,1.2878648904136674
2017-01-03,0.88,0.12,0.0,0.0,0.00021075226851400506,1.2881363108608614
2017-01-04,0.88,0.12,0.0,0.0,0.00036232589850977877,1.288603036007097
2017-01-05,0.88,0.12,0.0,0.0,0.00019809671780927294,1.288858304039089
2017-01-06,0.88,0.12,0.0,0.0,3.490063015028077e-05,1.2889032860060745
2017-01-09,0.88,0.12,0.0,0.0,-1.1630160883893126e-05,1.2888882958534944
2017-01-10,0.88,0.12,0.0,0.0,5.815644082582061e-05,1.2889632530094033
2017-01-11,0.88,0.12,0.0,0.0,-6.975392365820898e-05,1.2888733427650547
2017-01-12,0.88,0.12,0.0,0.0,-6.979449398991644e-05,1.2887833865022793
2017-01-13,0.88,0.12,0.0,0.0,5.819592628517611e-05,1.2888583884452376
2017-01-17,0.88,0.12,0.0,0.0,-4.653417353369438e-05,1.2887984124853293
2017-01-18,0.88,0.12,0.0,0.0,-4.65522257783002e-05,1.2887384160506485
2017-01-19,0.88,0.12,0.0,0.0,-0.00015135344911224814,1.288543361046376
2017-01-20,0.88,0.12,0.0,0.0,-0.00011657276083155032,1.2883931519893275
2017-01-23,0.88,0.12,0.0,0.0,-8.168028004667871e-05,1.2882879156758629
2017-01-24,0.88,0.12,0.0,0.0,9.341247445751933e-05,1.28840825783788
2017-01-25,0.88,0.12,0.0,0.0,0.00022168206125425802,1.2886938748362142
2017-01-26,0.88,0.12,0.0,0.0,6.987577639750774e-05,1.288783923321257
2017-01-27,0.88,0.12,0.0,0.0,4.655674102814089e-05,1.2888439249006163
2017-01-30,0.88,0.12,0.0,0.0,-0.00015125072716695164,1.2886489863197703
2017-01-31,0.88,0.12,0.0,0.0,-0.00010484418988447875,1.2885138789607542
2017-02-01,0.88,0.12,0.0,0.0,0.00010493587252234704,1.2886490902889
2017-02-02,0.88,0.12,0.0,0.0,8.15454810212568e-05,1.2887541737988353
2017-02-03,0.88,0.12,0.0,0.0,0.00023282887077998637,1.2890542329778338
2017-02-06,0.88,0.12,0.0,0.0,3.4856700232390734e-05,1.289099165154816
2017-02-07,0.88,0.12,0.0,0.0,0.0,1.289099165154816
2017-02-08,0.88,0.12,0.0,0.0,-0.00012777078695189737,1.288934455940025
2017-02-09,0.88,0.12,0.0,0.0,0.0,1.288934455940025
2017-02-10,0.88,0.12,0.0,0.0,3.4883720930229954e-05,1.2889794187698835
2017-02-13,0.88,0.12,0.0,0.0,4.64981110142304e-05,1.2890393538779925
2017-02-14,0.88,0.12,0.0,0.0,1.1620025176739546e-05,1.2890543325477384
2017-02-15,0.88,0.12,0.0,0.0,-1.1618900077459137e-05,1.289039355154254
2017-02-16,0.88,0.12,0.0,0.0,-4.648010070687824e-05,1.2889794404752113
2017-02-17,0.88,0.12,0.0,0.0,-4.6498111014243724e-05,1.2889195053660931
2017-02-21,0.88,0.12,0.0,0.0,0.00020932260877994045,1.2891893053594639
2017-02-22,0.88,0.12,0.0,0.0,0.0001160878397987819,1.2893389645610147
2017-02-23,0.88,0.12,0.0,0.0,0.00013917077413744928,1.2895184028628381
2017-02-24,0.88,0.12,0.0,0.0,-1.1584129742261417e-05,1.2895034649143544
2017-02-27,0.88,0.12,0.0,0.0,4.6340992469602324e-05,1.2895632217847115
2017-02-28,0.88,0.12,0.0,0.0,5.79038795599196e-05,1.2896378924981906
2017-03-01,0.88,0.12,0.0,0.0,0.00024307900067522148,1.2899513763883321
2017-03-02,0.88,0.12,0.0,0.0,-6.931074316519847e-05,1.2898619688997877
2017-03-03,0.88,0.12,0.0,0.0,-0.0001733769986514977,1.2896383365029451
2017-03-06,0.88,0.12,0.0,0.0,-0.0002893797627085881,1.289265141267148
2017-03-07,0.88,0.12,0.0,0.0,-0.0004061110036743409,1.2887415565066256
2017-03-08,0.88,0.12,0.0,0.0,-0.00041913262831085426,1.2882014028708335
2017-03-09,0.88,0.12,0.0,0.0,-0.000549118878395487,1.2874940271613415
2017-03-10,0.88,0.12,0.0,0.0,4.6948356807519076e-05,1.2875544728903163
2017-03-13,0.88,0.12,0.0,0.0,-0.00030504497457959354,1.2871617108688636
2017-03-14,0.88,0.12,0.0,0.0,-0.0004469711821211408,1.2865863866773755
2017-03-15,0.88,0.12,0.0,0.0,0.0004722550177095641,1.2871939835542008
2017-03-16,0.88,0.12,0.0,0.0,0.0005880047040376279,1.2879508596715397
2017-03-17,0.88,0.12,0.0,0.0,-2.340550029257482e-05,1.2879207145373168
2017-03-20,0.88,0.12,0.0,0.0,-0.0001404603979711183,1.2877398126811976
2017-03-21,0.88,0.12,0.0,0.0,-0.000210937500000008,1.2874681800644603
2017-03-22,0.88,0.12,0.0,0.0,-0.0003756603404421721,1.286984529329629
2017-03-23,0.88,0.12,0.0,0.0,0.00018842001962708464,1.287227022979905
2017-03-24,0.88,0.12,0.0,0.0,0.0001646090534979372,1.2874389122017946
2017-03-27,0.88,0.12,0.0,0.0,-0.00015264187866929292,1.2872423951075642
2017-03-28,0.88,0.12,0.0,0.0,0.00032918585284609665,1.2876661370932172
2017-03-29,0.88,0.12,0.0,0.0,0.0003986321446018603,1.2881794422069779
2017-03-30,0.88,0.12,0.0,0.0,0.00029214139643588764,1.288555772748084
2017-03-31,0.88,0.12,0.0,0.0,0.0001282300369147027,1.2887210043023902
2017-04-03,0.88,0.12,0.0,0.0,-2.328966521106146e-05,1.2886909904216497
2017-04-04,0.88,0.12,0.0,0.0,-2.329418615937051e-05,1.288660971413817
2017-04-05,0.88,0.12,0.0,0.0,0.00022133773420056178,1.2889462007133825
2017-04-06,0.88,0.12,0.0,0.0,-2.3255813953477756e-05,1.2889162252203428
2017-04-07,0.88,0.12,0.0,0.0,5.8150804419465627e-05,1.2889911767356688
2017-04-10,0.88,0.12,0.0,0.0,3.48735832606728e-05,1.289036128476793
2017-04-11,0.88,0.12,0.0,0.0,-6.972690296339401e-05,1.2889462479797464
2017-04-12,0.88,0.12,0.0,0.0,-5.813953488372103e-05,1.2888713092443986
2017-04-13,0.88,0.12,0.0,0.0,-5.8167716917121304e-05,1.28879633854294
2017-04-17,0.88,0.12,0.0,0.0,-5.819592628516279e-05,1.2887213358462255
2017-04-18,0.88,0.12,0.0,0.0,-4.65793304221096e-05,1.2886613080693012
2017-04-19,0.88,0.12,0.0,0.0,0.000139792253179305,1.2888414529371413
2017-04-20,0.88,0.12,0.0,0.0,6.981479685832959e-05,1.2889314331413606
2017-04-21,0.88,0.12,0.0,0.0,4.65161352844401e-05,1.2889913892502771
2017-04-24,0.88,0.12,0.0,0.0,0.0002557396105783205,1.2893210354062026
2017-04-25,0.88,0.12,0.0,0.0,0.00016239729337843122,1.2895304176526483
2017-04-26,0.88,0.12,0.0,0.0,0.00010425716768028613,1.2896648604416305
2017-04-27,0.88,0.12,0.0,0.0,2.3148148148139924e-05,1.2896947137948813
2017-04-28,0.88,0.12,0.0,0.0,8.10028929604556e-05,1.2897991827977346
2017-05-01,0.88,0.12,0.0,0.0,-4.6256143394036715e-05,1.2897395216617857
2017-05-02,0.88,0.12,0.0,0.0,3.470548539477924e-05,1.289784282697918
2017-05-03,0.88,0.12,0.0,0.0,-2.3130300693918746e-05,1.289754449599629
2017-05-04,0.88,0.12,0.0,0.0,-0.00027761711972237976,1.289396391684182
2017-05-05,0.88,0.12,0.0,0.0,-0.00010434782608696124,1.2892618459737455
2017-05-08,0.88,0.12,0.0,0.0,1.1604293588627357e-05,1.2892768069467189
2017-05-09,0.88,0.12,0.0,0.0,9.28253722684147e-05,1.2893964845462809
2017-05-10,0.88,0.12,0.0,0.0,3.4782608695644866e-05,1.2894413331196564
2017-05-11,0.88,0.12,0.0,0.0,4.636337293537629e-05,1.289501115969062
2017-05-12,0.05,0.12,0.83,0.0,3.475910012551431e-05,1.2895459378674639
2017-05-15,0.05,0.12,0.83,0.0,0.00019657727022249995,1.2897994332877565
2017-05-16,0.05,0.12,0.83,0.0,0.0005654386906258235,1.2905287357904844
2017-05-17,0.05,0.12,0.83,0.0,0.0029275352836035905,1.2943068041990153
2017-05-18,0.05,0.12,0.83,0.0,-0.001080516588158612,1.2929082842269117
2017-05-19,0.05,0.12,0.83,0.0,2.507165148476489e-05,1.2929406995728154
2017-05-22,0.05,0.12,0.83,0.0,-5.6958053573796786e-05,1.2928670561871816
2017-05-23,0.05,0.12,0.83,0.0,-0.0008970161437158985,1.2917073335661033
2017-05-24,0.05,0.12,0.83,0.0,0.0005874440930862513,1.292466139409203
2017-05-25,0.05,0.12,0.83,0.0,0.00037998757858975774,1.2929572604879263
2017-05-26,0.05,0.12,0.83,0.0,0.00013799429757124226,1.2931356812168768
2017-05-30,0.05,0.12,0.83,0.0,0.0011160038836160035,1.2945788256591573
2017-05-31,0.05,0.12,0.83,0.0,3.428246259332912e-05,1.2946232070093222
2017-06-01,0.05,0.12,0.83,0.0,-0.0004359523348187443,1.2940588129995159
2017-06-02,0.05,0.12,0.83,0.0,0.0017015169970349573,1.2962606760649973
2017-06-05,0.05,0.12,0.83,0.0,-0.000642477019835489,1.2954278583689092
2017-06-06,0.05,0.12,0.83,0.0,0.0009987642500819203,1.2967216854024082
2017-06-07,0.05,0.12,0.83,0.0,-0.0010669461078957165,1.2953381532471442
2017-06-08,0.05,0.12,0.83,0.0,-0.0007928259823884388,1.2943111755032708
2017-06-09,0.05,0.12,0.83,0.0,-0.00019509413760154137,1.2940586629806978
2017-06-12,0.05,0.12,0.83,0.0,-0.0003907069248106976,1.29355306529996
2017-06-13,0.05,0.12,0.83,0.0,0.00028792499184127963,1.2939255115557329
2017-06-14,0.05,0.12,0.83,0.0,0.0020464140374039743,1.2965734188859355
2017-06-15,0.05,0.12,0.83,0.0,-0.0011131698055957216,1.2951301125052936
2017-06-16,0.05,0.12,0.83,0.0,0.0002637895076597285,1.295471754240027
2017-06-19,0.05,0.12,0.83,0.0,-0.0010901347428218632,1.2940595154723855
2017-06-20,0.05,0.12,0.83,0.0,0.0007576446814866089,1.2950399527818102
2017-06-21,0.05,0.12,0.83,0.0,-0.0005069904077238329,1.2943833799481306
2017-06-22,0.05,0.12,0.83,0.0,-1.2320259875762136e-05,1.2943674328085109
2017-06-23,0.05,0.12,0.83,0.0,0.0002990977412032025,1.2947545751839509
2017-06-26,0.05,0.12,0.83,0.0,0.0004488932736361706,1.2953357818037605
2017-06-27,0.05,0.12,0.83,0.0,-0.0015600338131345958,1.2933150141847836
2017-06-28,0.05,0.12,0.83,0.0,-0.00010362129144859565,1.2931809992127639
2017-06-29,0.05,0.12,0.83,0.0,-0.0010694049172346376,1.2917980650933314
2017-06-30,0.88,0.12,0.0,0.0,-0.0013124774705571129,1.2901026092363872
2017-07-03,0.88,0.12,0.0,0.0,2.3161551823962512e-05,1.2901324900148294
2017-07-05,0.88,0.12,0.0,0.0,-2.315708220763213e-05,1.2901026143106993
2017-07-06,0.88,0.12,0.0,0.0,-0.00019687319050376128,1.2898486276929426
2017-07-07,0.88,0.12,0.0,0.0,-0.0002435959400676735,1.2895344258039347
2017-07-10,0.88,0.12,0.0,0.0,2.3246803564509476e-05,1.2895644033574212
2017-07-11,0.88,0.12,0.0,0.0,-2.3242300987811327e-05,1.2895344309134151
2017-07-12,0.05,0.12,0.83,0.0,0.0002905850445563818,1.2899091503334792
2017-07-13,0.88,0.12,0.0,0.0,-0.00034517084844426613,1.2894639112976425
2017-07-14,0.88,0.12,0.0,0.0,0.0001622561328955019,1.289673134725398
2017-07-17,0.05,0.12,0.8299999999999998,0.0,0.0001736111111110894,1.2898970363112878
2017-07-18,0.05,0.12,0.8299999999999998,0.0,0.0014845460765927473,1.2918119478957522
2017-07-19,0.05,0.12,0.8299999999999998,0.0,0.00015010102953910476,1.292005850199102
2017-07-20,0.05,0.12,0.8299999999999998,0.0,0.00026457666846898983,1.2923476848025903
2017-07-21,0.05,0.12,0.8299999999999998,0.0,0.0009299899605087389,1.2935495551749434
2017-07-24,0.05,0.12,0.8299999999999998,0.0,-0.0006653409049947455,1.2926889037432479
2017-07-25,0.05,0.12,0.8299999999999998,0.0,-0.001951075600291253,1.290166769964387
2017-07-26,0.05,0.12,0.8299999999999998,0.0,0.0019331516914613029,1.292660858038011
2017-07-27,0.05,0.12,0.8299999999999998,0.0,-0.0004936984579929081,1.2920226733656899
2017-07-28,0.05,0.12,0.8299999999999998,0.0,0.0006317709751750344,1.2928389357899905
2017-07-31,0.05,0.12,0.8299999999999998,0.0,-0.0002755944428857082,1.2924826365637405
2017-08-01,0.05,0.12,0.8299999999999998,0.0,0.0013092542944310502,1.2941748250061391
2017-08-02,0.05,0.12,0.8299999999999998,0.0,-0.00047002193132224636,1.293566534455421
2017-08-03,0.05,0.12,0.8299999999999998,0.0,0.0008142689325255168,1.2946198454965827
2017-08-04,0.05,0.12,0.8299999999999998,0.0,-0.0014327715518416227,1.2927649510115056
2017-08-07,0.05,0.12,0.8299999999999998,0.0,0.00012613146854705492,1.2929280093532627
2017-08-08,0.05,0.12,0.8299999999999998,0.0,-0.0010907721502437693,1.29151771948839
2017-08-09,0.05,0.12,0.8299999999999998,0.0,4.413875678318293e-05,1.2915747254748915
2017-08-10,0.05,0.0,0.95,0.0,-0.0002785897861530162,1.291214905948321
2017-08-11,0.05,0.0,0.95,0.0,0.0005519511958942846,1.2919275935598156
2017-08-14,0.05,0.0,0.95,0.0,-0.000827446046646646,1.2908585931799708
2017-08-15,0.1,0.0,0.0,0.9,-0.0014722975590856,1.2889580652241073
2017-08-16,0.1,0.0,0.0,0.9,0.0011560122517537909,1.2904481165395032
2017-08-17,0.05,0.0,0.95,0.0,0.0007104795737121972,1.29136495356724
2017-08-18,0.05,0.0,0.95,0.0,-9.192955293213512e-05,1.2912462389643864
2017-08-21,0.05,0.0,0.95,0.0,0.0003677537985097845,1.291721099673577
2017-08-22,0.05,0.0,0.95,0.0,-0.001194737351262548,1.2901778322283832
2017-08-23,0.05,0.0,0.95,0.0,0.0013802789616428556,1.291958637546986
2017-08-24,0.05,0.0,0.95,0.0,-0.0008269658574330484,1.290890231864519
2017-08-25,0.05,0.0713466414902562,0.8786533585097437,0.0,0.0008276863504356635,1.291958684089344
2017-08-28,0.05,0.0713466414902562,0.8786533585097437,0.0,0.0004663181979643047,1.2925611479347527
2017-08-29,0.05,0.0713466414902562,0.8786533585097437,0.0,0.0007506987931140928,1.2935314720285336
2017-08-30,0.05,0.0713466414902562,0.8786533585097437,0.0,-0.0003691734057852422,1.2930539346095145
2017-08-31,0.05,0.0713466414902562,0.8786533585097437,0.0,0.0005692716145219654,1.2937900335105337
2017-09-01,0.05,0.0713466414902562,0.8786533585097437,0.0,-0.0009198089938593332,1.292599993801545
2017-09-05,0.05,0.0713466414902562,0.8786533585097437,0.0,0.002711834714655639,1.2961053113368999
2017-09-06,0.05,0.0713466414902562,0.8786533585097437,0.0,-0.00137796888493503,1.2943193185462787
2017-09-07,0.05,0.0713466414902562,0.8786533585097437,0.0,0.001435352511869833,1.2961771230313157
2017-09-08,0.05,0.0713466414902562,0.8786533585097437,0.0,-0.00022436717774560602,1.2958863034283628
2017-09-11,0.05,0.0713466414902562,0.8786533585097437,0.0,-0.0020972190444788963,1.2931685459933335
2017-09-12,0.05,0.0713466414902562,0.8786533585097437,0.0,-0.0012600302824073892,1.2915391144651251
2017-09-13,0.05,0.0713466414902562,0.8786533585097437,0.0,-0.0006021670755315882,1.290761392133633
2017-09-14,0.05,0.0713466414902562,0.8786533585097437,0.0,-0.00016332506332096566,1.2905505784475304
2017-09-15,0.05,0.0713466414902562,0.8786533585097437,0.0,-0.0001702321725293161,1.2903308852188022
2017-09-18,0.05,0.0713466414902562,0.8786533585097437,0.0,-0.0005615606991974749,1.2896062861047026
2017-09-19,0.88,0.12,0.0,0.0,-7.145003283483446e-05,1.2895141436932165
2017-09-20,0.88,0.12,0.0,0.0,5.7764513333973254e-05,1.2895886318501641
2017-09-21,0.88,0.12,0.0,0.0,-5.7736720554268925e-05,1.289514175231697
2017-09-22,0.88,0.12,0.0,0.0,-1.1552902666802643e-05,1.289499277599943
2017-09-25,0.05,0.12,0.8300000000000001,0.0,3.4662045060649407e-05,1.2895439742820087
2017-09-26,0.05,0.12,0.8300000000000001,0.0,-9.154864156401434e-05,1.2894259182829262
2017-09-27,0.88,0.12,0.0,0.0,-0.0019078848183326227,1.2869658421490697
2017-09-28,0.05,0.12,0.8299999999999998,0.0,3.4648700673720613e-05,1.2870104338433117
2017-09-29,0.05,0.12,0.8299999999999998,0.0,-0.00035657127901435044,1.2865515228868114
2017-10-02,0.88,0.12,0.0,0.0,-0.00034524278838148564,1.2861073502516536
2017-10-03,0.88,0.12,0.0,0.0,3.460872909055723e-05,1.2861518607925198
2017-10-04,0.88,0.12,0.0,0.0,1.1532916866894282e-05,1.2861666938750085
2017-10-05,0.88,0.12,0.0,0.0,4.6127234287913764e-05,1.2862260211874303
2017-10-06,0.88,0.12,0.0,0.0,-3.45821325648421e-05,1.2861815407486574
2017-10-09,0.88,0.12,0.0,0.0,0.0,1.2861815407486574
2017-10-10,0.88,0.12,0.0,0.0,0.0,1.2861815407486574
2017-10-11,0.88,0.12,0.0,0.0,1.1530700490052226e-05,1.2861963713227795
2017-10-12,0.88,0.12,0.0,0.0,-0.00010376633358955444,1.2860629074410512
2017-10-13,0.05,0.12,0.83,0.0,-2.3079142225204128e-05,1.2860332262122998
2017-10-16,0.88,0.12,0.0,0.0,-0.001194853557935983,1.284496604836336
2017-10-17,0.88,0.12,0.0,0.0,8.0784766301214e-05,1.2846003725943722
2017-10-18,0.88,0.12,0.0,0.0,6.919750120133905e-05,1.2846892637301979
2017-10-19,0.88,0.12,0.0,0.0,-1.1526270291044583e-05,1.2846744560545043
2017-10-20,0.88,0.12,0.0,0.0,1.1527377521618476e-05,1.2846892649819517
2017-10-23,0.88,0.12,0.0,0.0,4.610508116415168e-05,1.2847484956847846
2017-10-24,0.88,0.12,0.0,0.0,0.0,1.2847484956847846
2017-10-25,0.88,0.12,0.0,0.0,-0.00021891502640423608,1.284467244933929
2017-10-26,0.88,0.12,0.0,0.0,-1.1542901115801918e-05,1.2844524184555342
2017-10-27,0.88,0.12,0.0,0.0,-4.617604617605853e-05,1.2843931075213486
2017-10-30,0.05,0.12,0.83,0.0,0.0,1.2843931075213486
2017-10-31,0.88,0.12,0.0,0.0,-0.0007256654361764192,1.283461067836757
2017-11-01,0.88,0.12,0.0,0.0,3.4645366182264325e-05,1.283505533815433
2017-11-02,0.88,0.12,0.0,0.0,-5.772561092938222e-05,1.2834314426743623
2017-11-03,0.88,0.12,0.0,0.0,-3.465203580710341e-05,1.2833869691620547
2017-11-06,0.88,0.12,0.0,0.0,-8.087810514152416e-05,1.2832831712558255
2017-11-07,0.88,0.12,0.0,0.0,-0.00013874168995086755,1.28310512637996
2017-11-08,0.88,0.12,0.0,0.0,-0.00039355647728369633,1.2826001520464372
2017-11-09,0.1,0.0,0.0,0.9,-0.0004413045582115549,1.2820341347529762
2017-11-10,0.1,0.0,0.0,0.9,-0.001700139192682426,1.279854498274126
2017-11-13,0.1,0.0,0.0,0.9,-0.00044825181791016135,1.279280801168614
2017-11-14,0.1,0.0,0.0,0.9,0.0002690851106239123,1.2796250365845157
2017-11-15,0.1,0.0,0.0,0.9,0.0008070140480222366,1.2806577119652405
2017-11-16,0.1,0.0,0.0,0.9,-0.0008062910611187912,1.27962512909973
2017-11-17,0.1,0.0,0.0,0.9,-8.966822755807069e-05,1.279510387382465
2017-11-20,0.1,0.0,0.0,0.9,-0.0008967716221601419,1.278362958776801
2017-11-21,0.1,0.0,0.0,0.9,-0.0003590664272891231,1.2779039415564144
2017-11-22,0.1,0.0,0.0,0.9,0.0017960486928757069,1.2801991192602675
2017-11-24,0.1,0.0,0.0,0.9,-0.0007169886476797172,1.2792812310249884
2017-11-27,0.1,0.0,0.0,0.9,0.0005381702212478246,1.2799697020881273
2017-11-28,0.1,0.0,0.0,0.9,-0.00044820717131484057,1.2793960104885858
2017-11-29,0.1,0.0,0.0,0.9,-0.0008071748878922591,1.27836331415725
2017-11-30,0.1,0.0,0.0,0.9,-0.0008976660682226579,1.2772157707872704
2017-12-01,0.1,0.0,0.0,0.9,0.001078274760383513,1.278592960316474
2017-12-04,0.1,0.0,0.0,0.9,-0.0009872357399281495,1.2773306876492292
2017-12-05,0.1,0.0,0.0,0.9,8.984725965861528e-05,1.2774454523111924
2017-12-06,0.1,0.0,0.0,0.9,0.0008983829107605867,1.2785930874749776
2017-12-07,0.1,0.0,0.0,0.9,-0.0008974870362982723,1.2774455667542681
2017-12-08,0.1,0.0,0.0,0.9,8.983829107593877e-05,1.2775603302809277
2017-12-11,0.1,0.0,0.0,0.9,-0.00044914662141924965,1.2769865183749227
2017-12-12,0.1,0.0,0.0,0.9,-0.0003594967046135933,1.276527445929731
2017-12-13,0.1,0.0,0.0,0.9,0.001888111888111954,1.2789376725758923
2017-12-14,0.1,0.0,0.0,0.9,-0.00044860931113548385,1.2783639292276128
2017-12-15,0.1,0.0,0.0,0.9,-0.0008078994614003521,1.277331139697716
2017-12-18,0.1,0.0,0.0,0.9,-0.0004492362982928766,1.276757316184824
2017-12-19,0.1,0.0,0.0,0.9,-0.0017079504594486373,1.2745766779400418
2017-12-20,0.1,0.0,0.0,0.9,-0.0007205043530472466,1.2736583398952934
2017-12-21,0.1,0.0,0.0,0.9,9.013520280434229e-05,1.2737731413480635
2017-12-22,0.1,0.0,0.0,0.9,-0.0003605047065892819,1.2733139401354805
2017-12-26,0.1,0.0,0.0,0.9,0.0003606491685033131,1.273773159749234
2017-12-27,0.1,0.0,0.0,0.9,0.001261766473062287,1.2753803640164922
2017-12-28,0.1,0.0,0.0,0.9,-0.0006299999999999306,1.274576874387162
2017-12-29,0.1,0.0,0.0,0.9,0.0008105673971779526,1.2756100048467371
2018-01-02,0.1,0.0,0.0,0.9,-0.001439712057588427,1.273773493741979
2018-01-03,0.1,0.0,0.0,0.9,9.012617664732048e-05,1.2738882940768845
2018-01-04,0.1,0.0,0.0,0.9,-0.000540702913787916,1.2731994989644368
2018-01-05,0.1,0.0,0.0,0.9,-0.0006311992786294352,1.272395856359139
2018-01-08,0.1,0.0,0.0,0.9,0.0,1.272395856359139
2018-01-09,0.1,0.0,0.0,0.9,-0.0012632845398034998,1.2707884583452906
2018-01-10,0.1,0.0,0.0,0.9,-0.00018072289156618738,1.2705587977805295
2018-01-11,0.1,0.0,0.0,0.9,0.0004518979714801308,1.2711329607238926
2018-01-12,0.1,0.0,0.0,0.9,-0.0009033423667569651,1.2699846924666895
2018-01-16,0.1,0.0,0.0,0.9,-0.0001808499949763842,1.2697550157414368
2018-01-17,0.1,0.0,0.0,0.9,-0.0011757612300272169,1.2682620870222954
2018-01-18,0.1,0.0,0.0,0.9,-0.0005433688871000264,1.267572952863519
2018-01-19,0.1,0.0,0.0,0.9,-0.0008155457108335651,1.2665391891786424
2018-01-22,0.1,0.0,0.0,0.9,-0.000725587020054419,1.2656202047825842
2018-01-23,0.1,0.0,0.0,0.9,0.0011800302571860933,1.2671136749183336
2018-01-24,0.1,0.0,0.0,0.9,-0.000815874294923502,1.2660798694422217
2018-01-25,0.1,0.0,0.0,0.9,0.0006351446718420695,1.2668840133254244
2018-01-26,0.1,0.0,0.0,0.9,-0.0015414064074149249,1.264931230189833
2018-01-29,0.1,0.0,0.0,0.9,-0.0008174386920981047,1.2638972264594326
2018-01-30,0.1,0.0,0.0,0.9,-0.0003636363636364659,1.2634376274679926
2018-01-31,0.1,0.0,0.0,0.9,-0.0007275666936136016,1.2625183923307888
2018-02-01,0.1,0.0,0.0,0.9,-0.0011832524271844114,1.2610245143786984
2018-02-02,0.1,0.0,0.0,0.9,-0.001367088607595024,1.2593005821311933
2018-02-05,0.1,0.0,0.0,0.9,0.0023732251521298986,1.2622891859467988
2018-02-06,0.1,0.0,0.0,0.9,0.0002731134938297242,1.2626339341565962
2018-02-07,0.1,0.0,0.0,0.9,-0.001911214480736101,1.2602207698977674
2018-02-08,0.1,0.0,0.0,0.9,-0.0001824077827321746,1.2599908958213775
2018-02-09,0.1,0.0,0.0,0.9,0.0015507804581390784,1.2619448650800504
2018-02-12,0.1,0.0,0.0,0.9,-0.0012749165233228888,1.2603359907200373
2018-02-13,0.1,0.0,0.0,0.9,9.119464991398374e-05,1.260450926619485
2018-02-14,0.1,0.0,0.0,0.9,-0.0027355623100303707,1.257002884570982
2018-02-15,0.1,0.0,0.0,0.9,0.00018292682926832616,1.2572328241230377
2018-02-16,0.1,0.0,0.0,0.9,0.000457224141434609,1.257807661321631
2018-02-20,0.1,0.0,0.0,0.9,-0.0006397887681526826,1.257002930107421
2018-02-21,0.1,0.0,0.0,0.9,-0.001006097560975594,1.2557382625253009
2018-02-22,0.1,0.0,0.0,0.9,0.0009156577474818795,1.2568880889941916
2018-02-23,0.1,0.0,0.0,0.9,0.0010976725276959254,1.2582677405198688
2018-02-26,0.1,0.0,0.0,0.9,0.0003654451324738739,1.2587275683409906
2018-02-27,0.1,0.0,0.0,0.9,-0.0017351598173515283,1.2565434748434128
2018-02-28,0.1,0.0,0.0,0.9,0.0006405042700285302,1.2573482963045266
2018-03-01,0.1,0.0,0.0,0.9,0.002285888448643636,1.2602224542509708
2018-03-02,0.1,0.0,0.0,0.9,-0.0014592622618565976,1.258383459181938
2018-03-05,0.1,0.0,0.0,0.9,-0.0006394640682094499,1.257578768175762
2018-03-06,0.1,0.0,0.0,0.9,0.0,1.257578768175762
2018-03-07,0.1,0.0,0.0,0.9,-0.00018283392585066727,1.25734884011251
2018-03-08,0.1,0.0,0.0,0.9,0.0003657421517828219,1.2578087055828344
2018-03-09,0.1,0.0,0.0,0.9,-0.0005483903727023564,1.2571189353979915
2018-03-12,0.1,0.0,0.0,0.9,0.0005487247230973269,1.2578087476377182
2018-03-13,0.1,0.0,0.0,0.9,0.0003655935818017042,1.2582685944429886
2018-03-14,0.1,0.0,0.0,0.9,0.0007308902649477478,1.2591882507093564
2018-03-15,0.1,0.0,0.0,0.9,-0.00045643574399027996,1.2586135121833202
2018-03-16,0.1,0.0,0.0,0.9,-0.000639334280495274,1.2578088374190868
2018-03-19,0.1,0.0,0.0,0.9,9.139839545042605e-05,1.2579237991286103
2018-03-20,0.1,0.0,0.0,0.9,-0.0011880584890334057,1.2564293120804984
2018-03-21,0.1,0.0,0.0,0.9,-0.00036603965429584664,1.2559694091294573
2018-03-22,0.1,0.0,0.0,0.9,0.0019224900823924696,1.258383997862297
2018-03-23,0.1,0.0,0.0,0.9,0.0005481120584652999,1.2590737333057052
2018-03-26,0.1,0.0,0.0,0.9,-0.0007303712720632794,1.2581541420214892
2018-03-27,0.1,0.0,0.0,0.9,0.0016446700507614543,1.2602233904581135
2018-03-28,0.1,0.0,0.0,0.9,-9.12038913660873e-05,1.2601084531809132
2018-03-29,0.1,0.0,0.0,0.9,0.0008209182122226322,1.2611428991595053
2018-04-02,0.1,0.0,0.0,0.9,0.0006379100850546938,1.2619473949335742
2018-04-03,0.1,0.0,0.0,0.9,-0.0017302438530810704,1.2597639182105786
2018-04-04,0.1,0.0,0.0,0.9,-9.124087591241282e-05,1.2596489762472383
2018-04-05,0.1,0.0,0.0,0.9,-0.001095001520835337,1.2582696587025288
2018-04-06,0.1,0.0,0.0,0.9,0.0017358643792507512,1.2604538441825623
2018-04-09,0.1,0.0,0.0,0.9,-0.0004559270516717118,1.2598791691776159
2018-04-10,0.1,0.0,0.0,0.9,-0.0006386213887481396,1.2590745833929409
2018-04-11,0.1,0.0,0.0,0.9,9.12964090079349e-05,1.2591895323810778
2018-04-12,0.1,0.0,0.0,0.9,-0.001551881529566912,1.2572354194035515
2018-04-13,0.1,0.0,0.0,0.9,-9.144482828700173e-05,1.2571204517265078
2018-04-16,0.1,0.0,0.0,0.9,-0.0001829082410323757,1.2568905140359166
2018-04-17,0.1,0.0,0.0,0.9,0.00018294542128265425,1.2571204564005132
2018-04-18,0.1,0.0,0.0,0.9,-0.001646174169291681,1.2550510171774985
2018-04-19,0.1,0.0,0.0,0.9,-0.0010078387458007155,1.2537861281344305
2018-04-20,0.1,0.0,0.0,0.9,-0.0009172441907869033,1.25263610009191
2018-04-23,0.1,0.0,0.0,0.9,-0.0008263619669454325,1.2516009692603711
2018-04-24,0.1,0.0,0.0,0.9,0.00018380475850083845,1.2518310194742654
2018-04-25,0.1,0.0,0.0,0.9,-0.0008269525267994515,1.2507958146495852
2018-04-26,0.1,0.0,0.0,0.9,0.0006437768240343145,1.2516010480066557
2018-04-27,0.1,0.0,0.0,0.9,0.0006433166547532343,1.252406223805945
2018-04-30,0.1,0.0,0.0,0.9,0.0005510204081633719,1.2530963251945728
2018-05-01,0.1,0.0,0.0,0.9,-0.0011013665102998283,1.2517162068678238
2018-05-02,0.1,0.0,0.0,0.9,0.0004594649785582661,1.2522913266279734
2018-05-03,0.1,0.0,0.0,0.9,0.0006429227472192434,1.253096453208008
2018-05-04,0.1,0.0,0.0,0.9,0.0,1.253096453208008
2018-05-07,0.1,0.0,0.0,0.9,-9.178054252501067e-05,1.2529814433356965
2018-05-08,0.1,0.0,0.0,0.9,-0.000642529321774521,1.252176366018714
2018-05-09,0.1,0.0,0.0,0.9,-0.0009185548071035777,1.251026173398366
2018-05-10,0.1,0.0,0.0,0.9,0.00018389865140988615,1.2512562354245327
2018-05-11,0.1,0.0,0.0,0.9,0.0,1.2512562354245327
2018-05-14,0.1,0.0,0.0,0.9,-0.0004596527068437828,1.2506810921089646
2018-05-15,0.1,0.0,0.0,0.9,-0.0022994379151762947,1.247805228585975
2018-05-16,0.1,0.0,0.0,0.9,-0.00027663934426234163,1.247460036565772
2018-05-17,0.1,0.0,0.0,0.9,9.224146766426689e-05,1.2475751041103973
2018-05-18,0.1,0.0,0.0,0.9,0.0012912482065997378,1.2491860332261782
2018-05-21,0.1,0.0,0.0,0.9,-0.0001841997544003271,1.2489559334656577
2018-05-22,0.1,0.0,0.0,0.9,0.0,1.2489559334656577
2018-05-23,0.1,0.0,0.0,0.9,0.002118730808597724,1.2516021348804722
2018-05-24,0.1,0.0,0.0,0.9,0.0006433166547532343,1.2524073113789655
2018-05-25,0.1,0.0,0.0,0.9,0.0014693877551020585,1.254247583346706
2018-05-29,0.1,0.0,0.0,0.9,0.0056845965770172535,1.2613774748657307
2018-05-30,0.1,0.0,0.0,0.9,-0.0029155699534319625,1.2576998406000763
2018-05-31,0.1,0.0,0.0,0.9,0.0006398537477149135,1.2585045845565845
2018-06-01,0.1,0.0,0.0,0.9,-0.00237491119456007,1.2555157479303158
2018-06-04,0.1,0.0,0.0,0.9,-0.001465350564770518,1.253675977220008
2018-06-05,0.1,0.0,0.0,0.9,0.0007338701457546559,1.2545960125921394
2018-06-06,0.1,0.0,0.0,0.9,-0.0015582034830431302,1.2526410967155062
2018-06-07,0.1,0.0,0.0,0.9,0.0011018159559274432,1.2540212766629177
2018-06-08,0.1,0.0,0.0,0.9,9.170572651322484e-05,1.2541362775951572
2018-06-11,0.1,0.0,0.0,0.9,-0.0008252674477840283,1.253101279750173
2018-06-12,0.1,0.0,0.0,0.9,-0.00018356108504992142,1.2528712591195847
2018-06-13,0.1,0.0,0.0,0.9,-0.00100979192166466,1.25160611984324
2018-06-14,0.1,0.0,0.0,0.9,0.0007352190340039533,1.2525263244856246
2018-06-15,0.1,0.0,0.0,0.9,0.000642791551882449,1.2533314378255145
2018-06-18,0.1,0.0,0.0,0.9,0.0,1.2533314378255145
2018-06-19,0.1,0.0,0.0,0.9,0.0009176182707993696,1.2544815176522304
2018-06-20,0.1,0.0,0.0,0.9,-0.0009166836422897839,1.2533315549654436
2018-06-21,0.1,0.0,0.0,0.9,0.0010093800978791868,1.2545966428930697
2018-06-22,0.1,0.0,0.0,0.9,-0.00018331805682857418,1.2543666526743908
2018-06-25,0.1,0.0,0.0,0.9,0.0009167770194559833,1.2555166271955347
2018-06-26,0.1,0.0,0.0,0.9,-9.15844102980512e-05,1.2554016414456137
2018-06-27,0.1,0.0,0.0,0.9,0.0015570934256054602,1.257356419088003
2018-06-28,0.1,0.0,0.0,0.9,-0.0007314843035661434,1.256436682603452
2018-06-29,0.1,0.0,0.0,0.9,-9.150991357386174e-05,1.256321706191216
2018-07-02,0.1,0.0,0.0,0.9,-0.0006406345332520381,1.2555168631213558
2018-07-03,0.1,0.0,0.0,0.9,0.000732675282385209,1.2564367492935828
2018-07-05,0.1,0.0,0.0,0.9,-0.00036603965429584664,1.2559768436202268
2018-07-06,0.1,0.0,0.0,0.9,0.0005492828806834771,1.2566667301989622
2018-07-09,0.1,0.0,0.0,0.9,-0.0009149130832571961,1.2555169893662093
2018-07-10,0.1,0.0,0.0,0.9,-0.0006410908720870578,1.2547120888845764
2018-07-11,0.1,0.0,0.0,0.9,0.0008248472505091531,1.2557470347012736
2018-07-12,0.1,0.0,0.0,0.9,-0.00036626309899279175,1.2552871009007929
2018-07-13,0.1,0.0,0.0,0.9,0.0008244274809160679,1.256321994083215
2018-07-16,0.1,0.0,0.0,0.9,-0.0008236729713239632,1.2552871956134088
2018-07-17,0.1,0.0,0.0,0.9,-0.0001832061068701707,1.2550572193332965
2018-07-18,0.1,0.0,0.0,0.9,-0.00018324340832749365,1.2548272383707797
2018-07-19,0.1,0.0,0.0,0.9,0.0008247632623968881,1.255862173777643
2018-07-20,0.1,0.0,0.0,0.9,-0.0007324516785350732,1.2549423154204509
2018-07-23,0.1,0.0,0.0,0.9,-0.002015882712278583,1.2524124989018879
2018-07-24,0.1,0.0,0.0,0.9,0.00036734693877551463,1.2528725687994438
2018-07-25,0.1,0.0,0.0,0.9,9.179926560569651e-05,1.252987581581157
2018-07-26,0.1,0.0,0.0,0.9,-0.0011014788373278073,1.2516074422766108
2018-07-27,0.1,0.0,0.0,0.9,0.0002757071377513576,1.251952519382109
2018-07-30,0.1,0.0,0.0,0.9,-9.187423438128395e-05,1.2518374972029092
2018-07-31,0.1,0.0,0.0,0.9,0.0005513016845329677,1.2525276373238785
2018-08-01,0.1,0.0,0.0,0.9,-0.0009182736455464413,1.2513774742042054
2018-08-02,0.1,0.0,0.0,0.9,0.0007353692166274906,1.2522976986771162
2018-08-03,0.1,0.0,0.0,0.9,0.001010307174201497,1.2535629040263259
2018-08-06,0.1,0.0,0.0,0.9,0.00036697247706427575,1.2540229271103722
2018-08-07,0.1,0.0,0.0,0.9,-0.001100468718157799,1.2526429141072346
2018-08-08,0.1,0.0,0.0,0.9,9.181799632727028e-05,1.2527579292697213
2018-08-09,0.1,0.0,0.0,0.9,0.0009180863001120754,1.2539080691619406
2018-08-10,0.1,0.0,0.0,0.9,0.002384591867930297,1.2568981281467966
2018-08-13,0.1,0.0,0.0,0.9,-0.0004573635532066356,1.2563232687528887
2018-08-14,0.1,0.0,0.0,0.9,-0.0006406345332520381,1.2555184246819975
2018-08-15,0.1,0.0,0.0,0.9,0.0013737661544724667,1.2572432134001421
2018-08-16,0.1,0.0,0.0,0.9,-0.0006401137980086125,1.2564384346717918
2018-08-17,0.1,0.0,0.0,0.9,-9.150991357386174e-05,1.2563234580992242
2018-08-20,0.1,0.0,0.0,0.9,0.001555826723611964,1.2582780797088355
2018-08-21,0.1,0.0,0.0,0.9,-0.0007308902649477478,1.257358416509779
2018-08-22,0.1,0.0,0.0,0.9,0.0006400487656201382,1.2581631872122083
2018-08-23,0.1,0.0,0.0,0.9,-0.0001827411167512616,1.2579332690663219
2018-08-24,0.1,0.0,0.0,0.9,-0.0003655564581641402,1.257473423435875
2018-08-27,0.1,0.0,0.0,0.9,-0.0006399837464444946,1.2566686608832902
2018-08-28,0.1,0.0,0.0,0.9,-0.0009149130832571961,1.2555189182841289
2018-08-29,0.1,0.0,0.0,0.9,-0.0002747532308944534,1.2551739604048813
2018-08-30,0.1,0.0,0.0,0.9,0.0008245114006514287,1.2562088656450359
2018-08-31,0.1,0.0,0.0,0.9,0.0008237567375166454,1.257243676161839
2018-09-04,0.1,0.0,0.0,0.9,-0.0012802275960170251,1.2556341181126989
2018-09-05,0.1,0.0,0.0,0.9,9.157509157515786e-05,1.2557491029220498
2018-09-06,0.1,0.0,0.0,0.9,0.0008240919727336316,1.2567839556775353
2018-09-07,0.1,0.0,0.0,0.9,-0.002287050213457986,1.2539096276634325
2018-09-10,0.1,0.0,0.0,0.9,-9.171507184343453e-05,1.2537946252518462
2018-09-11,0.1,0.0,0.0,0.9,-0.001284141867101485,1.2521845750808134
2018-09-12,0.1,0.0,0.0,0.9,0.00027556644213100334,1.2525296351290598
2018-09-13,0.1,0.0,0.0,0.9,-9.182736455466411e-05,1.2524146186336391
2018-09-14,0.1,0.0,0.0,0.9,-0.0010102040816326152,1.2511494242739991
2018-09-17,0.1,0.0,0.0,0.9,-0.00018387986515473466,1.2509193630865751
2018-09-18,0.1,0.0,0.0,0.9,-0.0010115459282722173,1.249654000698248
2018-09-19,0.1,0.0,0.0,0.9,-0.0008285597381342713,1.2486185877066711
2018-09-20,0.1,0.0,0.0,0.9,0.0,1.2486185877066711
2018-09-21,0.1,0.0,0.0,0.9,0.00027644107709625667,1.2489637571739394
2018-09-24,0.1,0.0,0.0,0.9,-0.00018423746161717603,1.2487336512616658
2018-09-25,0.1,0.0,0.0,0.9,-0.0007371007371008931,1.247813208766878
2018-09-26,0.1,0.0,0.0,0.9,0.0011065573770491666,1.2491939856782186
2018-09-27,0.1,0.0,0.0,0.9,0.0,1.2491939856782186
2018-09-28,0.1,0.0,0.0,0.9,0.0002762996316005406,1.2495391375162592
2018-10-01,0.1,0.0,0.0,0.9,-0.00036828644501282206,1.249078949189399
2018-10-02,0.1,0.0,0.0,0.9,0.000552655818237735,1.249769259938107
2018-10-03,0.1,0.0,0.0,0.9,-0.002669530530837561,1.2464329627422
2018-10-04,0.1,0.0,0.0,0.9,-0.0009232663110382733,1.2452821731787325
2018-10-05,0.1,0.0,0.0,0.9,-0.0006469500924213723,1.2444765377617037
2018-10-08,0.1,0.0,0.0,0.9,0.0,1.2444765377617037
2018-10-09,0.1,0.0,0.0,0.9,0.00046243962593768285,1.2450520330263144
2018-10-10,0.1,0.0,0.0,0.9,-9.244042728024926e-05,1.2449369398843952
2018-10-11,0.1,0.0,0.0,0.9,0.002218798151001633,1.2476992036647243
2018-10-12,0.1,0.0,0.0,0.9,0.0,1.2476992036647243
2018-10-15,0.1,0.0,0.0,0.9,-0.000737780510298125,1.246778675509546
2018-10-16,0.1,0.0,0.0,0.9,0.0,1.246778675509546
2018-10-17,0.1,0.0,0.0,0.9,-0.000646087580760979,1.2459731472913416
2018-10-18,0.1,0.0,0.0,0.9,0.00036945812807889224,1.2464334821979763
2018-10-19,0.1,0.0,0.0,0.9,-0.000830939679934406,1.2453977711592192
2018-10-22,0.1,0.0,0.0,0.9,0.00018482390389151782,1.2456279504371828
2018-10-23,0.1,0.0,0.0,0.9,0.0011087157376040492,1.2470089977490317
2018-10-24,0.1,0.0,0.0,0.9,0.0013841894801600364,1.2487350944853808
2018-10-25,0.1,0.0,0.0,0.9,-0.00036855036855044655,1.2482748727060864
2018-10-26,0.1,0.0,0.0,0.9,0.002120032773453451,1.2509212563465018
2018-10-29,0.1,0.0,0.0,0.9,-0.0003678348830081335,1.2504611238725212
2018-10-30,0.1,0.0,0.0,0.9,-0.0006439742410302651,1.2496558591193376
2018-10-31,0.1,0.0,0.0,0.9,-0.001012684124386276,1.2483903524698612
2018-11-01,0.1,0.0,0.0,0.9,0.0006451612903225268,1.2491957656004866
2018-11-02,0.1,0.0,0.0,0.9,-0.002210397052803925,1.246434546961828
2018-11-05,0.1,0.0,0.0,0.9,0.00036930652441526937,1.2468948633722776
2018-11-06,0.1,0.0,0.0,0.9,-0.0006460213289581351,1.2460893426955708
2018-11-07,0.1,0.0,0.0,0.9,-0.0002770651616213149,1.2457440947504423
2018-11-08,0.1,0.0,0.0,0.9,-0.000831451447341458,1.2447083190198451
2018-11-09,0.1,0.0,0.0,0.9,0.001479502722695969,1.2465498683667973
2018-11-12,0.1,0.0,0.0,0.9,0.0,1.2465498683667973
2018-11-13,0.1,0.0,0.0,0.9,0.0016617088932198154,1.2486212713689044
2018-11-14,0.1,0.0,0.0,0.9,0.0009214702569877887,1.249771838732713
2018-11-15,0.1,0.0,0.0,0.9,0.0002761583307762994,1.2501169736375486
2018-11-16,0.1,0.0,0.0,0.9,0.001564417177914068,1.2520726781055092
2018-11-19,0.1,0.0,0.0,0.9,0.0008267837092988728,1.2531078713986248
2018-11-20,0.1,0.0,0.0,0.9,-9.178054252501067e-05,1.2529928604783453
2018-11-21,0.1,0.0,0.0,0.9,-0.0005507394186640036,1.2523027879187754
2018-11-23,0.1,0.0,0.0,0.9,0.00027553832023679,1.2526478453253864
2018-11-26,0.1,0.0,0.0,0.9,-0.000642725974290892,1.2518427360185562
2018-11-27,0.1,0.0,0.0,0.9,0.0004594180704440731,1.2524178551928373
2018-11-28,0.1,0.0,0.0,0.9,0.0007346938775510293,1.253337998923183
2018-11-29,0.1,0.0,0.0,0.9,0.0,1.253337998923183
2018-11-30,0.1,0.0,0.0,0.9,0.0008258564437193527,1.2543730761857521
2018-12-03,0.1,0.0,0.0,0.9,0.00018335540389111671,1.2546030722677661
2018-12-04,0.1,0.0,0.0,0.9,0.001374885426214556,1.2563280077475112
2018-12-06,0.1,0.0,0.0,0.9,0.001555826723611964,1.258282636435587
2018-12-07,0.1,0.0,0.0,0.9,0.001553141813013914,1.2602369278108245
2018-12-10,0.1,0.0,0.0,0.9,-0.0004560194568302367,1.2596622352515268
2018-12-11,0.1,0.0,0.0,0.9,-0.0010037513940991173,1.258397847526799
2018-12-12,0.1,0.0,0.0,0.9,-0.0005481120584652999,1.2577081044922227
2018-12-13,0.1,0.0,0.0,0.9,0.00018281535649011804,1.257938032847706
2018-12-14,0.1,0.0,0.0,0.9,0.0010052802599512356,1.2592026131203695
2018-12-17,0.1,0.0,0.0,0.9,0.0011867329343745682,1.2606969503324101
2018-12-18,0.1,0.0,0.0,0.9,0.0011851701782820358,1.2621910907617953
2018-12-19,0.1,0.0,0.0,0.9,0.00091047040971175,1.2633402784013357
2018-12-20,0.1,0.0,0.0,0.9,-0.0005457301667509351,1.2626508355005406
2018-12-21,0.1,0.0,0.0,0.9,0.0002730306401052429,1.2629955778663868
2018-12-24,0.1,0.0,0.0,0.9,0.0016376870198139715,1.2650639693303412
2018-12-26,0.1,0.0,0.0,0.9,-0.0013622603430877179,1.2633406228534534
2018-12-27,0.1,0.0,0.0,0.9,0.0020919656392117017,1.2659834880270833
2018-12-28,0.1,0.0,0.0,0.9,0.00045372050816689936,1.266557890698602
2018-12-31,0.1,0.0,0.0,0.9,0.002086062682656342,1.2692000098498124
2019-01-02,0.1,0.0,0.0,0.9,0.0004524431932436679,1.2697742507551335
2019-01-03,0.1,0.0,0.0,0.9,0.0039794995477840265,1.2748273168118014
2019-01-04,0.1,0.0,0.0,0.9,-0.0036018009004502695,1.27023564263419
2019-01-07,0.1,0.0,0.0,0.9,-0.0010848819688597522,1.2688575868892933
2019-01-08,0.1,0.0,0.0,0.9,-0.0015387709946695916,1.2669051056382217
2019-01-09,0.1,0.0,0.0,0.9,0.00018134193028407353,1.267134848655565
2019-01-10,0.1,0.0,0.0,0.9,0.0,1.267134848655565
2019-01-11,0.1,0.0,0.0,0.9,0.0010878323932312695,1.2685132789905247
2019-01-14,0.1,0.0,0.0,0.9,-9.054325955742959e-05,1.268398423663453
2019-01-15,0.1,0.0,0.0,0.9,0.0,1.268398423663453
2019-01-16,0.1,0.0,0.0,0.9,-0.0006338665861757687,1.2675944282847347
2019-01-17,0.1,0.0,0.0,0.9,-0.0008155457108335651,1.2665606470856705
2019-01-18,0.1,0.0,0.0,0.9,-0.001360475662602123,1.264837522150101
2019-01-22,0.05,0.0,0.07566732316814634,0.8743326768318536,0.0015442067016553152,1.2667906927283101
2019-01-23,0.05,0.0,0.07566732316814634,0.8743326768318536,-0.000624317218529521,1.2659998134865669
2019-01-24,0.05,0.0,0.200285673522022,0.7497143264779779,0.0014985265131085789,1.2678969477726671
2019-01-25,0.05,0.0,0.200285673522022,0.7497143264779779,-0.001198281641386578,1.266377650136981
2019-01-28,0.05,0.0,0.200285673522022,0.7497143264779779,0.0003684529936897273,1.2668442507733157
2019-01-29,0.05,0.0,0.26197789268171573,0.6880221073182842,0.0011346013683148116,1.268281613993685
2019-01-30,0.05,0.0,0.32694074958010344,0.6230592504198965,0.0013231772717699434,1.269959775399525
2019-01-31,0.05,0.0,0.38800882414353277,0.5619911758564672,0.0029454659689850337,1.2737003986999442
2019-02-01,0.05,0.0,0.38800882414353277,0.5619911758564672,-0.001879856538994406,1.2713060246767285
2019-02-04,0.05,0.0,0.38800882414353277,0.5619911758564672,-0.0007421955012689434,1.2703624670644773
2019-02-05,0.05,0.0,0.38800882414353277,0.5619911758564672,0.0009241092300510074,1.2715364207458018
2019-02-06,0.05,0.0,0.38800882414353277,0.5619911758564672,0.00017330400693330305,1.2717567831024787
2019-02-07,0.05,0.0,0.38800882414353277,0.5619911758564672,0.0014451110102053067,1.2735946128320434
2019-02-08,0.05,0.0,0.38800882414353277,0.5619911758564672,0.0006105295099825594,1.274372179926932
2019-02-11,0.05,0.0,0.38800882414353277,0.5619911758564672,-0.0011037161098538801,1.272965634821997
2019-02-12,0.05,0.0,0.38800882414353277,0.5619911758564672,-0.0005330540381995743,1.2722870753498658
2019-02-13,0.05,0.0,0.38800882414353277,0.5619911758564672,-0.0008935056337951818,1.2711502796802359
2019-02-14,0.05,0.05,0.4263677560363857,0.4736322439636143,0.0015840156828729642,1.2731638016585378
2019-02-15,0.05,0.05,0.4263677560363857,0.4736322439636143,-0.000252147864531339,1.272842776124751
2019-02-19,0.05,0.05,0.4263677560363857,0.4736322439636143,0.0008381683668722752,1.2739096326757007
2019-02-20,0.05,0.12,0.42877874479879574,0.4012212552012044,-0.00012978368945892473,1.2737442999835347
2019-02-21,0.05,0.12,0.42877874479879574,0.4012212552012044,-0.0010108086967057475,1.272456788167732
2019-02-22,0.05,0.12,0.42877874479879574,0.4012212552012044,0.001404853539453316,1.2742444035903908
2019-02-25,0.05,0.12,0.42877874479879574,0.4012212552012044,-0.0002649702826525875,1.273906766690603
2019-02-26,0.05,0.12,0.42877874479879574,0.4012212552012044,0.001348140107850821,1.2756241714964411
2019-02-27,0.05,0.12,0.4920734807163102,0.33792651928368994,-0.0011899303568307725,1.2741062675708703
2019-02-28,0.05,0.12,0.4920734807163102,0.33792651928368994,-1.7830353919004492e-06,1.2741039957943021
2019-03-01,0.05,0.12,0.5442079729245068,0.28579202707549306,-0.0010247863526176458,1.2727983114075965
2019-03-04,0.05,0.12,0.5442079729245068,0.28579202707549306,0.0009149990634665258,1.273962920670516
2019-03-05,0.05,0.12,0.5442079729245068,0.28579202707549306,-7.712327237387137e-05,1.273864668481191
2019-03-06,0.05,0.12,0.5442079729245068,0.28579202707549306,0.000839811342123682,1.2749344744781121
2019-03-07,0.05,0.12,0.4774818495440658,0.3525181504559341,0.0015396299778901055,1.2768974018148642
2019-03-08,0.05,0.12,0.4774818495440658,0.3525181504559341,-0.00018534772174216583,1.2766607317905394
2019-03-11,0.05,0.12,0.4774818495440658,0.3525181504559341,-0.0001491399701535153,1.276470330647104
2019-03-12,0.05,0.12,0.4774818495440658,0.3525181504559341,0.0013941808257979154,1.2782499611067921
2019-03-13,0.05,0.12,0.4774818495440658,0.3525181504559341,0.00032636478687320624,1.2786671368829194
2019-03-14,0.05,0.12,0.4774818495440658,0.3525181504559341,-0.00035376605376225456,1.278214787855829
2019-03-15,0.05,0.12,0.4774818495440658,0.3525181504559341,0.0012354626395508143,1.279793974471546
2019-03-18,0.05,0.12,0.5370763937115475,0.2929236062884523,-0.00021189839809077781,1.2795227881784694
2019-03-19,0.05,0.12,0.5370763937115475,0.2929236062884523,-0.00012768080860969404,1.2793594176742402
2019-03-20,0.05,0.12,0.5370763937115475,0.2929236062884523,0.002372385753270351,1.2823945517300428
2019-03-21,0.05,0.12,0.5370763937115475,0.2929236062884523,0.000342653476806103,1.2828339686818302
2019-03-22,0.05,0.12,0.5370763937115475,0.2929236062884523,0.0025684264773149015,1.2861288334129917
2019-03-25,0.05,0.12,0.5370763937115475,0.2929236062884523,0.001407014185975711,1.287938434926596
2019-03-26,0.05,0.12,0.5370763937115475,0.2929236062884523,0.0004514097302325048,1.2885198228680625
2019-03-27,0.05,0.12,0.5370763937115475,0.2929236062884523,0.0010796176888595247,1.289910931661277
2019-03-28,0.05,0.12,0.5370763937115475,0.2929236062884523,-0.0006369917246405777,1.2890892690722853
2019-03-29,0.05,0.12,0.5370763937115475,0.2929236062884523,-0.0007972521176073707,1.2880615399227324
2019-04-01,0.05,0.12,0.5370763937115475,0.2929236062884523,-0.0017318886495951992,1.28583076076176
2019-04-02,0.05,0.12,0.5370763937115475,0.2929236062884523,0.000777362601620361,1.2868303175071893
2019-04-03,0.05,0.12,0.5370763937115475,0.2929236062884523,-0.000679107130903584,1.2859564218623074
2019-04-04,0.05,0.12,0.5370763937115475,0.2929236062884523,0.0002710848163252477,1.2863050251227302
2019-04-05,0.05,0.12,0.5370763937115475,0.2929236062884523,0.00049190685096952,1.2869377673770244
2019-04-08,0.05,0.12,0.5370763937115475,0.2929236062884523,-0.0003106561624618076,1.2865379722288839
2019-04-09,0.05,0.12,0.5370763937115475,0.2929236062884523,0.0007358496616143558,1.2874846707604024
2019-04-10,0.05,0.12,0.5370763937115475,0.2929236062884523,0.0009835435006605474,1.2887509679405291
2019-04-11,0.05,0.12,0.5370763937115475,0.2929236062884523,-0.0004238455748960382,1.2882047365456246
2019-04-12,0.05,0.12,0.6019829900517533,0.2280170099482467,-0.0010999303211102686,1.2867878010961002
2019-04-15,0.05,0.12,0.6019829900517533,0.2280170099482467,0.00022407665145180513,1.287076140197699
2019-04-16,0.05,0.12,0.6019829900517533,0.2280170099482467,-0.0009397455262098937,1.2858666161530565
2019-04-17,0.05,0.12,0.6019829900517533,0.2280170099482467,6.939175482117762e-05,1.2859558446940174
2019-04-18,0.05,0.12,0.6019829900517533,0.2280170099482467,0.0008572815564603461,1.287058270922096
2019-04-22,0.05,0.12,0.6019829900517533,0.2280170099482467,-0.0009333181674518362,1.2858570360552752
2019-04-23,0.05,0.12,0.6019829900517533,0.2280170099482467,0.000979855242849187,1.2871169898136086
2019-04-24,0.05,0.12,0.6019829900517533,0.2280170099482467,0.0016487625235132386,1.2892391400697905
2019-04-25,0.05,0.12,0.6019829900517533,0.2280170099482467,-0.0005773512850697879,1.2884947961955089
2019-04-26,0.05,0.12,0.6019829900517533,0.2280170099482467,0.0012930011744456602,1.2901608214802567
2019-04-29,0.05,0.12,0.6019829900517533,0.2280170099482467,-0.0007252387809342303,1.2892251468188773
2019-04-30,0.05,0.12,0.6019829900517533,0.2280170099482467,0.0010578027132947475,1.2905888926772302
2019-05-01,0.05,0.12,0.6019829900517533,0.2280170099482467,-0.0004324083331393461,1.2900308312853794
2019-05-02,0.05,0.12,0.6019829900517533,0.2280170099482467,-0.00201230347996091,1.2874348977543268
2019-05-03,0.05,0.12,0.6019829900517533,0.2280170099482467,0.0007904866276934034,1.2884525978250274
2019-05-06,0.05,0.12,0.5461596649647942,0.2838403350352058,0.0006998904821457139,1.289354373534941
2019-05-07,0.05,0.12,0.5461596649647942,0.2838403350352058,0.0010766733850011427,1.2907425870727611
2019-05-08,0.05,0.12,0.5461596649647942,0.2838403350352058,-0.00104726256811638,1.2893908406762462
2019-05-09,0.05,0.12,0.5461596649647942,0.2838403350352058,0.00020743213496801692,1.289658301771136
2019-05-10,0.05,0.12,0.5461596649647942,0.2838403350352058,2.0456815754532075e-05,1.2896846840734015
2019-05-13,0.05,0.12,0.5461596649647942,0.2838403350352058,0.0009078105470162361,1.2908554734319286
2019-05-14,0.05,0.12,0.5461596649647942,0.2838403350352058,-0.0002421814644343608,1.2905428521629998
2019-05-15,0.05,0.12,0.5461596649647942,0.2838403350352058,0.0011869287515911715,1.2920746345793925
2019-05-16,0.05,0.12,0.5461596649647942,0.2838403350352058,-0.0006336350201510347,1.2912559308422742
2019-05-17,0.05,0.12,0.5461596649647942,0.2838403350352058,8.604981292532989e-05,1.291367043173562
2019-05-20,0.05,0.12,0.5461596649647942,0.2838403350352058,-0.000876700731708193,1.2902349007419078
2019-05-21,0.05,0.12,0.5461596649647942,0.2838403350352058,-0.0004915701605958152,1.2896006597645437
2019-05-22,0.05,0.12,0.5461596649647942,0.2838403350352058,0.0008331995468205245,1.290675154449839
2019-05-23,0.05,0.12,0.48203251222094656,0.34796748777905334,0.0022419927563103663,1.2935688387968654
2019-05-24,0.05,0.12,0.48203251222094656,0.34796748777905334,-0.0011661726765544583,1.292060314161818
2019-05-28,0.05,0.12,0.48203251222094656,0.34796748777905334,0.0015558407210348284,1.294070554212624
2019-05-29,0.05,0.08069877757466751,0.4710655151084901,0.3982357073168424,9.772826249909543e-05,1.2941970214794383
2019-05-30,0.05,0.08069877757466751,0.4710655151084901,0.3982357073168424,0.0004698721066670668,1.2948051285603632
2019-05-31,0.05,0.08069877757466751,0.4710655151084901,0.3982357073168424,0.0027223514087818456,1.2983300431261973
2019-06-03,0.05,0.08069877757466751,0.4710655151084901,0.3982357073168424,0.0024391203389465517,1.3014968263410516
2019-06-04,0.05,0.08069877757466751,0.4710655151084901,0.3982357073168424,-0.0007799274355708594,1.3004817532588797
2019-06-05,0.05,0.08069877757466751,0.4710655151084901,0.3982357073168424,0.0008396585734829483,1.3015737139126615
2019-06-06,0.05,0.08069877757466751,0.4710655151084901,0.3982357073168424,-0.0004141314848044586,1.3010346912579362
2019-06-07,0.05,0.08069877757466751,0.4710655151084901,0.3982357073168424,0.0015033387976717977,1.3029905871864211
2019-06-10,0.05,0.12,0.5085979408754961,0.3214020591245038,-0.001259799057964077,1.3013490808721477
2019-06-11,0.05,0.12,0.5085979408754961,0.3214020591245038,0.000143893640255541,1.3015363367286377
2019-06-12,0.05,0.12,0.5085979408754961,0.3214020591245038,0.0005812642199423832,1.3022928732321328
2019-06-13,0.05,0.12,0.5085979408754961,0.3214020591245038,0.0015897082682229616,1.3043631389803578
2019-06-14,0.05,0.12,0.5085979408754961,0.3214020591245038,-0.0005023772583743598,1.3037078566026723
2019-06-17,0.05,0.12,0.5085979408754961,0.3214020591245038,-1.7950588308532833e-05,1.3036844542796637
2019-06-18,0.05,0.12,0.5688780433288503,0.2611219566711496,0.0012854332111728408,1.3053602535740847
2019-06-19,0.05,0.12,0.5688780433288503,0.2611219566711496,0.002176069964995025,1.3082008088153856
2019-06-20,0.05,0.12,0.5688780433288503,0.2611219566711496,0.0020479798808253893,1.310879977751919
2019-06-21,0.05,0.12,0.5688780433288503,0.2611219566711496,-0.001411735600113175,1.309029361819851
2019-06-24,0.05,0.12,0.5688780433288503,0.2611219566711496,0.0019982865960596575,1.3116451776474243
2019-06-25,0.05,0.12,0.5688780433288503,0.2611219566711496,0.0003069962567127413,1.3120478478070974
2019-06-26,0.05,0.12,0.5688780433288503,0.2611219566711496,-0.001906252387166627,1.3095467534651384
2019-06-27,0.05,0.12,0.5688780433288503,0.2611219566711496,0.001475016801484448,1.311478356928829
2019-06-28,0.05,0.12,0.5688780433288503,0.2611219566711496,0.0006471494728588942,1.3123270794561814
2019-07-01,0.05,0.12,0.5688780433288503,0.2611219566711496,0.00011984596290559195,1.312484356558666
2019-07-02,0.05,0.12,0.5688780433288503,0.2611219566711496,0.0016629397031500837,1.3146669389049506
2019-07-03,0.05,0.12,0.5688780433288503,0.2611219566711496,0.0005567450415876513,1.3153988732045252
2019-07-05,0.05,0.12,0.5688780433288503,0.2611219566711496,-0.00326334549009593,1.311106272223976
2019-07-08,0.05,0.12,0.5688780433288503,0.2611219566711496,-8.270972823947619e-05,1.3109978309805073
2019-07-09,0.05,0.12,0.5688780433288503,0.2611219566711496,-0.0011659755222881117,1.309469239599811
2019-07-10,0.05,0.12,0.5688780433288503,0.2611219566711496,0.0011540308434913023,1.3109804074909122
2019-07-11,0.05,0.12,0.5688780433288503,0.2611219566711496,-0.0014098801256785332,1.3091320822692367
2019-07-12,0.05,0.12,0.5688780433288503,0.2611219566711496,0.00045877920895247997,1.3097326848503545
2019-07-15,0.05,0.12,0.5688780433288503,0.2611219566711496,0.00042515681453254953,1.3102895266265346
2019-07-16,0.05,0.12,0.5688780433288503,0.2611219566711496,-0.0009796750062231105,1.3090058687263828
2019-07-17,0.05,0.12,0.5688780433288503,0.2611219566711496,0.0014021301396719957,1.3108412653079318
2019-07-18,0.05,0.12,0.5688780433288503,0.2611219566711496,0.0009073449788495232,1.3120306505480777
2019-07-19,0.05,0.12,0.5688780433288503,0.2611219566711496,-0.0004004401425288791,1.31150526080737
2019-07-22,0.05,0.12,0.5688780433288503,0.2611219566711496,0.00029468880131673967,1.311891746720598
2019-07-23,0.05,0.12,0.5688780433288503,0.2611219566711496,-0.0004429737811285548,1.3113106130731218
2019-07-24,0.05,0.12,0.5688780433288503,0.2611219566711496,0.0007273632738105074,1.312264412253629
2019-07-25,0.05,0.12,0.5688780433288503,0.2611219566711496,-0.0006303512634885655,1.311437224723334
2019-07-26,0.05,0.12,0.5688780433288503,0.2611219566711496,-0.00010589099769227644,1.311298355327197
2019-07-29,0.05,0.12,0.5688780433288503,0.2611219566711496,0.0008803392474783683,1.3124527427345454
2019-07-30,0.05,0.12,0.5688780433288503,0.2611219566711496,-0.0005500197870525014,1.31173086775647
2019-07-31,0.05,0.12,0.5688780433288503,0.2611219566711496,0.00028245583901835927,1.3121013737992886
2019-08-01,0.05,0.12,0.5688780433288503,0.2611219566711496,0.004423173649770569,1.3179050260217056
2019-08-02,0.05,0.12,0.5040718234507122,0.32592817654928763,-0.0002468661560327865,1.3175796798739154
2019-08-05,0.05,0.10056111667983363,0.46818497865352265,0.3812539046666438,0.002420980135628659,1.3207695141059983
2019-08-06,0.05,0.10056111667983363,0.46818497865352265,0.3812539046666438,-0.00040778920623479756,1.320230918554222
2019-08-07,0.05,0.10056111667983363,0.46818497865352265,0.3812539046666438,0.0008974791059121702,1.3214157982186037
2019-08-08,0.05,0.10056111667983363,0.46818497865352265,0.3812539046666438,-0.0004773895616383073,1.3207849681099502
2019-08-09,0.05,0.10056111667983363,0.46818497865352265,0.3812539046666438,-0.0007065480027239905,1.3198517701287042
2019-08-12,0.05,0.10056111667983363,0.46818497865352265,0.3812539046666438,0.0022604575926983873,1.322835239083728
2019-08-13,0.05,0.10056111667983363,0.46818497865352265,0.3812539046666438,-0.0020995139955752263,1.3200579279854316
2019-08-14,0.05,0.10056111667983363,0.46818497865352265,0.3812539046666438,0.001823467861427118,1.322465011192335
2019-08-15,0.05,0.10056111667983363,0.46818497865352265,0.3812539046666438,0.001699547656538738,1.3247126035029615
2019-08-16,0.05,0.10056111667983363,0.46818497865352265,0.3812539046666438,0.0003777883491754662,1.3252130644905709
2019-08-19,0.05,0.10056111667983363,0.46818497865352265,0.3812539046666438,-0.0013429633691447005,1.3234333518886479
2019-08-20,0.05,0.10056111667983363,0.46818497865352265,0.3812539046666438,0.0013478856922758352,1.325217188768339
2019-08-21,0.05,0.10056111667983363,0.46818497865352265,0.3812539046666438,-0.0004405488566651835,1.3246333658509941
2019-08-22,0.05,0.12,0.49903464178350754,0.3309653582164925,-0.000545012513869629,1.323911424090316
2019-08-23,0.05,0.12,0.49903464178350754,0.3309653582164925,0.0023250989009740222,1.3269896490874553
2019-08-26,0.05,0.12,0.49903464178350754,0.3309653582164925,-0.0005684693898813707,1.3262352960912596
2019-08-27,0.05,0.12,0.49903464178350754,0.3309653582164925,0.0014461159376233028,1.3281531860899758
2019-08-28,0.05,0.12,0.49903464178350754,0.3309653582164925,0.0005675322698890001,1.3289069558824378
2019-08-29,0.05,0.12,0.49903464178350754,0.3309653582164925,-0.0011521982361255437,1.3273757916318951
2019-08-30,0.05,0.12,0.49903464178350754,0.3309653582164925,0.0005957399364199341,1.3281665624016075
2019-09-03,0.05,0.12,0.49903464178350754,0.3309653582164925,0.0014100165583715376,1.330039299246869
2019-09-04,0.05,0.12,0.49903464178350754,0.3309653582164925,0.0007370685740344948,1.3310196294165746
2019-09-05,0.05,0.12,0.49903464178350754,0.3309653582164925,-0.0032118291573089933,1.326744621761864
2019-09-06,0.05,0.12,0.49903464178350754,0.3309653582164925,0.000495949600263478,1.3274026202266784
2019-09-09,0.05,0.12,0.49903464178350754,0.3309653582164925,-0.0017946389435074164,1.3250204117907058
2019-09-10,0.05,0.12,0.49903464178350754,0.3309653582164925,-0.002607939199484913,1.3215648391186792
2019-09-11,0.05,0.12,0.49903464178350754,0.3309653582164925,-0.0008734487635848881,1.3204105199439538
2019-09-12,0.05,0.12,0.5643500215056292,0.26564997849437083,-0.0015344299518261818,1.3183844424934454
2019-09-13,0.05,0.12,0.5643500215056292,0.26564997849437083,-0.003105485676336224,1.3142902184913776
2019-09-16,0.05,0.12,0.5643500215056292,0.26564997849437083,0.0017798705970421623,1.3166294850072506
2019-09-17,0.05,0.12,0.5643500215056292,0.26564997849437083,0.0009772439677568083,1.317916153229245
2019-09-18,0.05,0.12,0.5643500215056292,0.26564997849437083,0.00044572429726996585,1.3185035804805039
2019-09-19,0.05,0.12,0.5643500215056292,0.26564997849437083,0.0004828716668346113,1.319140248502138
2019-09-20,0.05,0.12,0.5643500215056292,0.26564997849437083,0.0008480353454048092,1.3202589260584139
2019-09-23,0.05,0.12,0.5643500215056292,0.26564997849437083,0.0015387890131476891,1.3222905259883428
2019-09-24,0.05,0.12,0.5643500215056292,0.26564997849437083,0.0019631744554391983,1.3248864129716325
2019-09-25,0.05,0.12,0.5095838809229853,0.3204161190770146,-0.003369710723624418,1.3204219290182575
2019-09-26,0.05,0.12,0.5095838809229853,0.3204161190770146,0.0011474123972861057,1.3219369975092614
2019-09-27,0.05,0.12,0.5095838809229853,0.3204161190770146,0.0005155599351972749,1.3226185352620323
2019-09-30,0.05,0.12,0.5095838809229853,0.3204161190770146,0.00014014718651158913,1.3228038965285775
2019-10-01,0.05,0.12,0.5095838809229853,0.3204161190770146,0.0013870095738848578,1.3246386381974349
2019-10-02,0.05,0.12,0.5095838809229853,0.3204161190770146,0.001029434511838057,1.3260022669273095
2019-10-03,0.05,0.11351207659430086,0.440120992613086,0.3963669307926131,0.002168766669259103,1.3288780564471836
2019-10-04,0.05,0.11351207659430086,0.440120992613086,0.3963669307926131,0.0006414829203291957,1.3297305090235947
2019-10-07,0.05,0.11351207659430086,0.440120992613086,0.3963669307926131,-0.001617076493325858,1.3275802330749944
2019-10-08,0.05,0.11351207659430086,0.440120992613086,0.3963669307926131,0.00037576004921065166,1.3280790846887058
2019-10-09,0.05,0.11351207659430086,0.440120992613086,0.3963669307926131,-0.001331156392117767,1.3263112037258846
2019-10-10,0.05,0.11351207659430086,0.440120992613086,0.3963669307926131,-0.0019628620383245034,1.3237078378130867
2019-10-11,0.05,0.12,0.505070225305229,0.32492977469477097,-0.0024754213094982866,1.3204311032238143
2019-10-14,0.05,0.12,0.505070225305229,0.32492977469477097,0.0,1.3204311032238143
2019-10-15,0.05,0.12,0.505070225305229,0.32492977469477097,3.1653809829183046e-05,1.3204728998988484
2019-10-16,0.05,0.12,0.505070225305229,0.32492977469477097,0.0010962263144428503,1.3219204370392263
2019-10-17,0.05,0.12,0.505070225305229,0.32492977469477097,5.716813626636426e-07,1.321921192756503
2019-10-18,0.05,0.12,0.505070225305229,0.32492977469477097,0.0006246780689078944,1.3227469679344426
2019-10-21,0.05,0.12,0.505070225305229,0.32492977469477097,-0.001121516630683873,1.3212634852117175
2019-10-22,0.05,0.12,0.505070225305229,0.32492977469477097,0.000798562340645015,1.322318596473077
2019-10-23,0.05,0.12,0.505070225305229,0.32492977469477097,0.00023845914344376994,1.3226339154329516
2019-10-24,0.05,0.12,0.505070225305229,0.32492977469477097,-8.440253510018131e-05,1.3225222817774795
2019-10-25,0.05,0.12,0.5672865186628486,0.2627134813371513,-0.0009165580985447698,1.3213101132696106
2019-10-28,0.05,0.12,0.5672865186628486,0.2627134813371513,-0.0010473922264134965,1.3199261833282905
2019-10-29,0.05,0.12,0.6230298951155848,0.20697010488441528,0.0004735591105202783,1.32055124639762
2019-10-30,0.05,0.12,0.6230298951155848,0.20697010488441528,0.0003947209413723463,1.3210724956287285
2019-10-31,0.05,0.12,0.6230298951155848,0.20697010488441528,0.0030603706257446607,1.3251154670888299
2019-11-01,0.05,0.12,0.6230298951155848,0.20697010488441528,-0.0007933085250658385,1.3240642416920916
2019-11-04,0.05,0.12,0.6230298951155848,0.20697010488441528,-0.0011729114035179764,1.3225112316440206
2019-11-05,0.05,0.12,0.6787375406672094,0.15126245933279056,-0.0020991361990952313,1.3197351004439668
2019-11-06,0.05,0.12,0.6787375406672094,0.15126245933279056,0.0014781461527516165,1.3216858618053393
2019-11-07,0.05,0.12,0.6787375406672094,0.15126245933279056,-0.0030415030735278384,1.3176659501944201
2019-11-08,0.05,0.12,0.6787375406672094,0.15126245933279056,-0.00010577864838392514,1.317526569271187
2019-11-11,0.05,0.12,0.6787375406672094,0.15126245933279056,0.0,1.317526569271187
2019-11-12,0.05,0.12,0.6787375406672094,0.15126245933279056,0.0005448042809449808,1.318244363386385
2019-11-13,0.05,0.12,0.6787375406672094,0.15126245933279056,0.001009373275440625,1.3195749640172874
2019-11-14,0.05,0.12,0.6787375406672094,0.15126245933279056,0.0013741996592418822,1.3213883234831838
2019-11-15,0.05,0.12,0.6787375406672094,0.15126245933279056,-0.0006519979746550647,1.3205267809725398
2019-11-18,0.05,0.12,0.6787375406672094,0.15126245933279056,0.0008003017444592959,1.3215836008589574
2019-11-19,0.05,0.12,0.6787375406672094,0.15126245933279056,0.0001564869681495993,1.321790411469812
2019-11-20,0.05,0.12,0.6787375406672094,0.15126245933279056,0.0008198996170189232,1.3228741469219556
2019-11-21,0.05,0.12,0.6787375406672094,0.15126245933279056,-0.0013548685581912976,1.3210818263338469
2019-11-22,0.05,0.12,0.83,0.0,-0.00014156380771476176,1.3208948089602082
2019-11-25,0.05,0.12,0.683023755859582,0.1469762441404181,0.000788434411485226,1.3219362478815446
2019-11-26,0.05,0.12,0.683023755859582,0.1469762441404181,0.0011045824889494044,1.323396435512462
2019-11-27,0.05,0.12,0.683023755859582,0.1469762441404181,-0.0008767935769929086,1.3222360900179895
2019-11-29,0.05,0.12,0.8300000000000001,0.0,-3.5280282242258205e-05,1.3221894411555426
2019-12-02,0.05,0.12,0.8300000000000001,0.0,-0.001415852309805692,1.3203174161812818
2019-12-03,0.05,0.12,0.8300000000000001,0.0,0.0035487760992665577,1.3250029270712713
2019-12-04,0.05,0.12,0.6815616570375245,0.1484383429624755,-0.0015956251905179675,1.3228887190233265
2019-12-05,0.05,0.12,0.6815616570375245,0.1484383429624755,-2.2623696031247615e-05,1.3228587903910642
2019-12-06,0.05,0.12,0.6815616570375245,0.1484383429624755,-0.0008718526285256048,1.3217054524774936
2019-12-09,0.05,0.12,0.6815616570375245,0.1484383429624755,0.00030143504128360014,1.3221038608151259
2019-12-10,0.05,0.12,0.6815616570375245,0.1484383429624755,-9.72820325716686e-05,1.321975243864275
2019-12-11,0.05,0.12,0.8300000000000001,0.0,0.0014814508922286454,1.323933685268802
2019-12-12,0.05,0.12,0.7799999999999998,0.05,-0.002526982535178414,1.3205881279683933
2019-12-13,0.05,0.12,0.83,0.0,0.0030809828398199227,1.3246568373291339
2019-12-16,0.05,0.12,0.83,0.0,-0.0015467085775049537,1.3226079792365864
2019-12-17,0.05,0.12,0.83,0.0,0.0005599321929418877,1.3233485500228028
2019-12-18,0.05,0.12,0.83,0.0,-0.0003691353286410648,1.3228600553208836
2019-12-19,0.05,0.12,0.83,0.0,0.0007821859508446782,1.3238947778710892
2019-12-20,0.05,0.12,0.83,0.0,-0.00022629546768568876,1.3235951864831643
2019-12-23,0.05,0.12,0.83,0.0,-0.0006694671741911684,1.3227090829538963
2019-12-24,0.05,0.12,0.83,0.0,0.0008732663797225637,1.3238641603261938
2019-12-26,0.05,0.12,0.83,0.0,0.00024953326805845946,1.3241945084765856
2019-12-27,0.05,0.12,0.83,0.0,0.0013710265096783234,1.3260100142516773
2019-12-30,0.05,0.12,0.83,0.0,-0.00035146257795624523,1.3255439713536725
2019-12-31,0.05,0.12,0.83,0.0,0.00023240050353441787,1.325852028440072
2020-01-02,0.05,0.12,0.83,0.0,0.0005678806878145948,1.3266049542019231
2020-01-03,0.05,0.12,0.83,0.0,0.0023297696274992164,1.329695638131913
2020-01-06,0.05,0.12,0.83,0.0,-0.0009912022284536792,1.3283776408522314
2020-01-07,0.05,0.12,0.83,0.0,-0.00042777752825950646,1.3278093907484325
2020-01-08,0.05,0.12,0.83,0.0,-0.001265002857687245,1.3261297080746717
2020-01-09,0.05,0.12,0.83,0.0,0.0008149884675845342,1.3272104884932738
2020-01-10,0.05,0.12,0.83,0.0,0.001074703354484754,1.3286368460573648
2020-01-13,0.05,0.12,0.83,0.0,-0.0005299285145563703,1.3279327635071487
2020-01-14,0.05,0.12,0.83,0.0,0.0006112812258959765,1.328744503874733
2020-01-15,0.05,0.12,0.83,0.0,0.0008132257955333544,1.329825073180957
2020-01-16,0.05,0.12,0.7039844248831522,0.12601557511684777,-0.00030417872623477723,1.3294205686840819
2020-01-17,0.05,0.12,0.7039844248831522,0.12601557511684777,-0.0001515841394400038,1.329219049611224
2020-01-21,0.05,0.12,0.7039844248831522,0.12601557511684777,0.0017503380707647345,1.331545632318144
2020-01-22,0.05,0.12,0.7039844248831522,0.12601557511684777,0.00016577033040734865,1.331766363077566
2020-01-23,0.05,0.12,0.7039844248831522,0.12601557511684777,0.00018918012359579056,1.3320183068027338
2020-01-24,0.05,0.12,0.653286034556815,0.17671396544318488,0.0012815172968678706,1.3337253113026462
2020-01-27,0.05,0.12,0.653286034556815,0.17671396544318488,0.00041070742097102677,1.3342730821855349
2020-01-28,0.05,0.12,0.653286034556815,0.17671396544318488,-0.0003674308673020955,1.3337828290697296
2020-01-29,0.05,0.12,0.653286034556815,0.17671396544318488,0.0017920254873883858,1.3361730018940636
2020-01-30,0.05,0.12,0.653286034556815,0.17671396544318488,0.00042742635474927006,1.3367441174495776
2020-01-31,0.05,0.12,0.5942341773559927,0.23576582264400744,0.0011583690680678634,1.3382925604871527
2020-02-03,0.05,0.12,0.5942341773559927,0.23576582264400744,-0.00024700161871150434,1.337962000058403
2020-02-04,0.05,0.12,0.5942341773559927,0.23576582264400744,-0.002033668374186204,1.3352410290530212
2020-02-05,0.05,0.12,0.6717555918090504,0.15824440819094948,-0.0005366568418035374,1.3345244628193231
2020-02-06,0.05,0.12,0.6717555918090504,0.15824440819094948,0.00041863047162639145,1.3350831354245902
2020-02-07,0.05,0.12,0.6717555918090504,0.15824440819094948,0.0017931065815708813,1.3374770817816644
2020-02-10,0.05,0.12,0.6717555918090504,0.15824440819094948,0.0008542922526980146,1.3386196780907915
2020-02-11,0.05,0.12,0.6717555918090504,0.15824440819094948,-0.0008928371355076715,1.3374245087318708
2020-02-12,0.05,0.12,0.6717555918090504,0.15824440819094948,-0.0007888941052209871,1.336369422420754
2020-02-13,0.05,0.12,0.6717555918090504,0.15824440819094948,0.00024051959012350282,1.3366908454464885
2020-02-14,0.05,0.12,0.6717555918090504,0.15824440819094948,0.0009150594684404175,1.337913997060992
2020-02-18,0.05,0.12,0.6717555918090504,0.15824440819094948,0.0005372209490818968,1.338632752488283
2020-02-19,0.05,0.12,0.6717555918090504,0.15824440819094948,-0.00039091973456669056,1.3381094545279981
2020-02-20,0.05,0.12,0.6717555918090504,0.15824440819094948,0.0008808952223845129,1.3392881887535193
2020-02-21,0.05,0.12,0.6717555918090504,0.15824440819094948,0.0011959871620887423,1.3408899602336057
2020-02-24,0.05,0.12,0.5675871170239797,0.2624128829760201,0.0009286291118201734,1.3421351496864262
2020-02-25,0.05,0.12,0.5675871170239797,0.2624128829760201,0.0007370305093623297,1.3431243442394327
2020-02-26,0.05,0.12,0.5067201903842141,0.3232798096157858,0.00022655676273690797,1.3434286381428167
2020-02-27,0.05,0.0,0.5243896336288262,0.42561036637117367,-0.001686525809587106,1.3411629110712504
2020-02-28,0.05,0.0,0.5243896336288262,0.42561036637117367,0.004943224007488542,1.347792579771211
2020-03-02,0.05,0.0,0.46763200877297434,0.4823679912270256,0.0014234256797231158,1.3497110623401976
2020-03-03,0.05,0.0,0.46763200877297434,0.4823679912270256,0.003169017617137641,1.3539883204747993
2020-03-04,0.05,0.0,0.46763200877297434,0.4823679912270256,0.0022302471333700306,1.3570080490451546
2020-03-05,0.05,0.0,0.46763200877297434,0.4823679912270256,0.0013947004671413814,1.3589006688050724
2020-03-06,0.05,0.0,0.46763200877297434,0.4823679912270256,0.002319190138118796,1.3620522178348482
2020-03-09,0.05,0.0,0.30985422265484236,0.6401457773451577,-0.002715154342573837,1.3583540358407815
2020-03-10,0.05,0.0,0.228172717729554,0.721827282270446,-0.007696363543294147,1.34789964936045
2020-03-11,0.05,0.0,0.14818484254724695,0.8018151574527531,-0.0030802264984752695,1.3437478131432044
2020-03-12,0.05,0.0,0.0,0.95,-0.0018668065676881692,1.341239295900312
2020-03-13,0.05,0.0,0.0,0.95,-0.0023299688708612485,1.3381142500924885
2020-03-16,0.05,0.0,0.0,0.95,0.007366430260047207,1.34797137539577
2020-03-17,0.05,0.0,0.0,0.95,-0.00632917331331509,1.3394398309395026
2020-03-18,0.05,0.0,0.0,0.95,-0.0066408464009067684,1.3305448167589768
2020-03-19,0.05,0.0,0.0,0.95,0.005151255707762481,1.3373987933407403
2020-03-20,0.05,0.0,0.0,0.95,0.004853817768947033,1.343890283368026
2020-03-23,0.05,0.0,0.0,0.95,0.0053657158994633415,1.351101216828628
2020-03-24,0.05,0.0,0.0,0.95,-0.0027567162781990673,1.347376614110702
2020-03-25,0.05,0.0,0.0,0.95,0.0,1.347376614110702
2020-03-26,0.05,0.0,0.0,0.95,0.002318813368381578,1.3505009290157466
2020-03-27,0.05,0.0,0.0,0.95,0.0016903914590747802,1.3527838042516271
2020-03-30,0.05,0.0,0.0,0.95,0.0016873889875665736,1.3550664767454799
2020-03-31,0.05,0.0,0.0,0.95,-0.00017730496453892685,1.3548262167318725
2020-04-01,0.05,0.0,0.0,0.95,0.0005320141870449047,1.3555470035001542
2020-04-02,0.05,0.0,0.0,0.95,-0.0002658582089552497,1.3551866202016492
2020-04-03,0.05,0.0,0.0,0.95,0.0005318652608006569,1.3559073968868363
2020-04-06,0.05,0.0,0.0,0.95,-0.002746432901240381,1.352183488200991
2020-04-07,0.05,0.0,0.0,0.95,-0.0010662177328843946,1.3507417661877577
2020-04-08,0.05,0.0,0.0,0.95,-0.00017790262172283632,1.3505014656862824
2020-04-09,0.05,0.0,0.0,0.95,0.0019572953736653686,1.3531447959571983
2020-04-13,0.05,0.0,0.0,0.95,-0.0008878504672896248,1.351943405717797
2020-04-14,0.05,0.0,0.0,0.95,0.0003554724041158752,1.3524239842904562
2020-04-15,0.05,0.0,0.0,0.95,0.002665045820086087,1.3560282561767736
2020-04-16,0.05,0.0,0.08193128192530288,0.8680687180746971,8.858634837755064e-05,1.356148381768285
2020-04-17,0.05,0.0,0.08193128192530288,0.8680687180746971,-0.0009633725114617768,1.354841905695826
2020-04-20,0.05,0.0,0.1427599655310813,0.8072400344689187,0.00035779279238021565,1.3553266583644985
2020-04-21,0.05,0.0,0.1427599655310813,0.8072400344689187,0.000554006672018598,1.3560775183759972
2020-04-22,0.05,0.0,0.1427599655310813,0.8072400344689187,-0.000971896951539222,1.3547595507698367
2020-04-23,0.05,0.0,0.1427599655310813,0.8072400344689187,-1.933330007826756e-05,1.3547333587969077
2020-04-24,0.05,0.0,0.05,0.8999999999999999,0.000356468600934076,1.3552162787019568
2020-04-27,0.05,0.0,0.0,0.95,-0.0016583651047431367,1.3529688353159777
2020-04-28,0.05,0.0,0.0,0.95,0.001243339253996434,1.3546510345783598
2020-04-29,0.05,0.0,0.0,0.95,-8.869386611894958e-05,1.3545308853408609
2020-04-30,0.05,0.0,0.1824164631108632,0.7675835368891366,-0.0005322128851539543,1.3538099865503435
2020-05-01,0.05,0.0,0.1824164631108632,0.7675835368891366,-0.0009607393355570142,1.3525093280433946
2020-05-04,0.05,0.0,0.1824164631108632,0.7675835368891366,0.00043066216769542916,1.3530918026424381
2020-05-05,0.05,0.0,0.1824164631108632,0.7675835368891366,-0.0002889794772822139,1.3527007868805956
2020-05-06,0.05,0.0,0.1824164631108632,0.7675835368891366,-0.000765776465276562,1.3516649204534414
2020-05-07,0.05,0.0,0.1824164631108632,0.7675835368891366,0.0026624894353369025,1.3552637140242643
2020-05-08,0.05,0.0,0.08743873648914544,0.8625612635108545,-0.0015285770609830098,1.3531920889994242
2020-05-11,0.05,0.0,0.08743873648914544,0.8625612635108545,-0.0014566931612943726,1.3512209033374611
2020-05-12,0.05,0.0,0.08743873648914544,0.8625612635108545,0.001233531906790734,1.3528876774348504
2020-05-13,0.05,0.0,0.08743873648914544,0.8625612635108545,0.0008341958017190694,1.354016250655564
2020-05-14,0.05,0.0,0.08743873648914544,0.8625612635108545,0.0005333829765649276,1.354738459873656
2020-05-15,0.05,0.0,0.08743873648914544,0.8625612635108545,-0.00039419991186113654,1.354204422092179
2020-05-18,0.05,0.0,0.08743873648914544,0.8625612635108545,-0.002344156773729187,1.3510299546231175
2020-05-19,0.05,0.0,0.08743873648914544,0.8625612635108545,0.00112453929455031,1.3525492408952056
2020-05-20,0.05,0.0,0.16672929858231025,0.7832707014176896,0.0009446436031464261,1.3538269178835578
2020-05-21,0.05,0.0,0.16672929858231025,0.7832707014176896,0.0001952177739913846,1.3540912089608368
2020-05-22,0.05,0.0,0.23030092449493897,0.7196990755050611,0.00015764873163983767,1.3543046797224543
2020-05-26,0.05,0.0,0.23030092449493897,0.7196990755050611,-0.000298936084124361,1.3538998291847868
2020-05-27,0.05,0.0,0.23030092449493897,0.7196990755050611,0.0006387783597926061,1.354764671096997
2020-05-28,0.05,0.0,0.23030092449493897,0.7196990755050611,-0.00014124753478286014,1.3545733139269935
2020-05-29,0.05,0.0,0.23030092449493897,0.7196990755050611,0.0016604405705711678,1.356822502413251
2020-06-01,0.05,0.0,0.28683103222591294,0.6631689677740872,0.0007085017120079725,1.3577838134791016
2020-06-02,0.05,0.0,0.28683103222591294,0.6631689677740872,-8.378103357756873e-05,1.3576700569478335
2020-06-03,0.05,0.12,0.4505177062411562,0.37948229375884374,-0.0013072464391637873,1.3558952476003292
2020-06-04,0.05,0.12,0.4505177062411562,0.37948229375884374,-0.00014422817213187504,1.3556996893071656
2020-06-05,0.05,0.12,0.5489168839016694,0.2810831160983305,0.0009643242384342906,1.3570070233776024
2020-06-08,0.05,0.12,0.6119541303269618,0.21804586967303816,0.0016975613481197862,1.3593106260496153
2020-06-09,0.05,0.12,0.6119541303269618,0.21804586967303816,0.00014536794330866852,1.3595082262396418
2020-06-10,0.05,0.12,0.6119541303269618,0.21804586967303816,0.0014159486866319273,1.3614332201270511
2020-06-11,0.05,0.12,0.6119541303269618,0.21804586967303816,-0.0023828039505888595,1.3581891916716695
2020-06-12,0.05,0.12,0.6119541303269618,0.21804586967303816,-0.0006902041125173141,1.357251763906001
2020-06-15,0.05,0.12,0.6119541303269618,0.21804586967303816,-0.0005726316168704409,1.3564745586339353
2020-06-16,0.05,0.12,0.6831877355877217,0.1468122644122783,0.004361534170848472,1.3623908687733037
2020-06-17,0.05,0.12,0.6831877355877217,0.1468122644122783,0.0007990255880809635,1.3634794539384214
2020-06-18,0.05,0.12,0.6831877355877217,0.1468122644122783,-9.047790310975764e-05,1.3633560891764958
2020-06-19,0.05,0.12,0.6831877355877217,0.1468122644122783,0.00029397429968796185,1.3637568808280367
2020-06-22,0.05,0.12,0.6831877355877217,0.1468122644122783,-0.000554265555312062,1.363000997363174
2020-06-23,0.05,0.12,0.6831877355877217,0.1468122644122783,0.0003781058719465062,1.363516356043746
2020-06-24,0.05,0.12,0.6138558948352913,0.21614410516470864,-0.0010340030107404265,1.362106476026403
2020-06-25,0.05,0.12,0.6138558948352913,0.21614410516470864,-0.0007312002100222631,1.36111050348506
2020-06-26,0.05,0.12,0.6138558948352913,0.21614410516470864,0.00028190612905130887,1.3614942088783084
2020-06-29,0.05,0.12,0.6138558948352913,0.21614410516470864,-0.00038054816731094405,1.3609760947523153
2020-06-30,0.05,0.12,0.6138558948352913,0.21614410516470864,-0.00021617229908457215,1.3606818894209136
2020-07-01,0.05,0.12,0.6138558948352913,0.21614410516470864,0.00025199470015094483,1.361024774045639
2020-07-02,0.05,0.12,0.6138558948352913,0.21614410516470864,0.0018568957556269776,1.3635520551718676
2020-07-06,0.05,0.12,0.6138558948352913,0.21614410516470864,0.0009405309445404292,1.3648345180742485
2020-07-07,0.05,0.12,0.5619835604435244,0.26801643955647547,0.0007608067952772176,1.3658728934500282
2020-07-08,0.05,0.12,0.5619835604435244,0.26801643955647547,-4.699384924461509e-05,1.365808705825186
2020-07-09,0.05,0.05848815132202122,0.5562932850791873,0.3352185635987915,0.000616812801020254,1.3666511541186839
2020-07-10,0.05,0.11617959350543745,0.5296187412855301,0.3042016652090324,-0.0010465952178260567,1.3652208235563468
2020-07-13,0.05,0.11617959350543745,0.5296187412855301,0.3042016652090324,0.0005519703625937212,1.3659743849893458
2020-07-14,0.05,0.11617959350543745,0.5296187412855301,0.3042016652090324,0.0003989042792403145,1.3665192780168507
2020-07-15,0.05,0.11617959350543745,0.5296187412855301,0.3042016652090324,0.0009229389191288956,1.3677804918422725
2020-07-16,0.05,0.12,0.5952372706912585,0.23476272930874134,0.0007522273964594376,1.368809373800579
2020-07-17,0.05,0.12,0.5952372706912585,0.23476272930874134,0.00016687411150751548,1.3690377926486552
2020-07-20,0.05,0.12,0.5952372706912585,0.23476272930874134,0.0010384347895298577,1.3704594491207227
2020-07-21,0.05,0.12,0.655562557013768,0.17443744298623207,0.0018975607902701373,1.3730599792360292
2020-07-22,0.05,0.12,0.655562557013768,0.17443744298623207,0.0009095102825111371,1.3743087914056489
2020-07-23,0.05,0.12,0.655562557013768,0.17443744298623207,0.0004710993997970349,1.3749562274524159
2020-07-24,0.05,0.12,0.655562557013768,0.17443744298623207,-0.0004211075749510995,1.3743772229698095
2020-07-27,0.05,0.12,0.655562557013768,0.17443744298623207,-0.0004199291557296772,1.3738000819029137
2020-07-28,0.05,0.12,0.655562557013768,0.17443744298623207,0.0006117600284048484,1.3746405178800412
2020-07-29,0.05,0.12,0.655562557013768,0.17443744298623207,0.0007623085374002871,1.3756884180826774
2020-07-30,0.05,0.12,0.655562557013768,0.17443744298623207,0.0009716536973825625,1.3770251108205538
2020-07-31,0.05,0.12,0.655562557013768,0.17443744298623207,0.0008165597919846269,1.3781495341586032
2020-08-03,0.05,0.12,0.655562557013768,0.17443744298623207,2.0645409870614272e-05,1.3781779866205988
2020-08-04,0.05,0.12,0.655562557013768,0.17443744298623207,0.0014515875923288822,1.380178532685998
2020-08-05,0.05,0.12,0.655562557013768,0.17443744298623207,0.00012485558960827976,1.3803508556904613
2020-08-06,0.05,0.12,0.655562557013768,0.17443744298623207,0.0005361425764928367,1.3810909205546955
2020-08-07,0.05,0.12,0.655562557013768,0.17443744298623207,-0.00047370260251947593,1.3804366941913129
2020-08-10,0.05,0.12,0.655562557013768,0.17443744298623207,-7.925003875682483e-05,1.3803272945297969
2020-08-11,0.05,0.12,0.655562557013768,0.17443744298623207,-0.0018933838274029545,1.3777138051538111
2020-08-12,0.05,0.12,0.655562557013768,0.17443744298623207,-0.00037387006974047793,1.377198719197396
2020-08-13,0.05,0.12,0.655562557013768,0.17443744298623207,-0.0015018647452578159,1.3751303529938192
2020-08-14,0.05,0.12,0.655562557013768,0.17443744298623207,-0.0003421953235932752,1.3746597898176935
2020-08-17,0.05,0.12,0.655562557013768,0.17443744298623207,0.00014021736534598956,1.3748525409916688
2020-08-18,0.05,0.12,0.655562557013768,0.17443744298623207,5.1007528621987554e-05,1.3749226688220044
2020-08-19,0.05,0.12,0.655562557013768,0.17443744298623207,-6.470725224754699e-05,1.3748337013540521
2020-08-20,0.05,0.12,0.655562557013768,0.17443744298623207,0.00037657043707017585,1.3753514230818698
2020-08-21,0.05,0.12,0.655562557013768,0.17443744298623207,2.267679836990938e-05,1.3753826116487788
2020-08-24,0.05,0.12,0.655562557013768,0.17443744298623207,0.00016064022200552413,1.3756035534168567
2020-08-25,0.05,0.12,0.7305314887240162,0.09946851127598379,-0.00038573547297849806,1.3750729343295485
2020-08-26,0.05,0.12,0.8300000000000001,0.0,-0.00016349629208699495,1.3748481150034364
2020-08-27,0.05,0.12,0.8300000000000001,0.0,-0.0012118419068830268,1.373182016442076
2020-08-28,0.05,0.12,0.8300000000000001,0.0,0.001125256375454029,1.3747271982607363
2020-08-31,0.05,0.12,0.7376488576289311,0.09235114237106871,0.0009010196563923612,1.3759658544885465
2020-09-01,0.05,0.12,0.7376488576289311,0.09235114237106871,0.0010267368734269006,1.3773786093679263
2020-09-02,0.05,0.12,0.7376488576289311,0.09235114237106871,0.0009932012651077326,1.3787466235452828
2020-09-03,0.05,0.12,0.7376488576289311,0.09235114237106871,0.0002531881248606178,1.3790957058175561
2020-09-04,0.05,0.12,0.83,0.0,-0.0033542241360157068,1.3744699097152273
2020-09-08,0.05,0.12,0.83,0.0,-0.00010433953853840718,1.3743264981591128
2020-09-09,0.05,0.12,0.83,0.0,-0.00036847645508698347,1.373820091202939
2020-09-10,0.05,0.12,0.83,0.0,0.0004801605218463067,1.3744797453748538
2020-09-11,0.05,0.12,0.83,0.0,0.0002166132845698132,1.3747774759470741
2020-09-14,0.05,0.12,0.83,0.0,-7.604911123334612e-05,1.3746729253418846
2020-09-15,0.05,0.12,0.83,0.0,7.029876977154181e-05,1.3747695631573744
2020-09-16,0.05,0.12,0.83,0.0,0.00016973289489297992,1.37500290677514
2020-09-17,0.05,0.12,0.83,0.0,-0.00018720748829952782,1.374745495934558
2020-09-18,0.05,0.12,0.83,0.0,-0.00039794644493320816,1.3741984208517628
2020-09-21,0.05,0.12,0.83,0.0,-0.0012482504878568057,1.3724830770025225
2020-09-22,0.05,0.12,0.83,0.0,-0.00020082693443591813,1.3722074454336028
2020-09-23,0.05,0.12,0.83,0.0,-0.0011669516669611845,1.3706061456677374
2020-09-24,0.05,0.12,0.83,0.0,-0.002140289785355314,1.3676726513344195
2020-09-25,0.05,0.12,0.83,0.0,-0.0010401050986496218,1.366250128036483
2020-09-28,0.05,0.12,0.83,0.0,0.0005818656091218188,1.3670451019994456
2020-09-29,0.05,0.12,0.83,0.0,0.0009882874346583924,1.3683961354963627
2020-09-30,0.05,0.12,0.83,0.0,-0.0005532841337327597,1.3676390236259313
2020-10-01,0.05,0.12,0.83,0.0,0.0003829914930519207,1.368162817737546
2020-10-02,0.05,0.12,0.83,0.0,-0.0004000941898565846,1.3676154237433915
2020-10-05,0.05,0.12,0.83,0.0,-0.00030896711138388773,1.3671928755564335
2020-10-06,0.05,0.12,0.83,0.0,0.0017890174683097859,1.3696388074933525
2020-10-07,0.05,0.12,0.83,0.0,-0.0007052224405743101,1.3686729074708268
2020-10-08,0.05,0.12,0.83,0.0,0.0012517580921358505,1.3703861548582406
2020-10-09,0.05,0.12,0.83,0.0,0.0001403371991033975,1.3705784710129034
2020-10-12,0.05,0.12,0.83,0.0,0.0,1.3705784710129034
2020-10-13,0.05,0.12,0.83,0.0,0.001954950130102269,1.3732578835731253
2020-10-14,0.05,0.12,0.83,0.0,-8.163265306122991e-05,1.373145780888752
2020-10-15,0.05,0.12,0.83,0.0,-0.001147128799948711,1.3715706058169663
2020-10-16,0.05,0.12,0.83,0.0,0.00017560975609756113,1.3718114669965245
2020-10-19,0.05,0.12,0.83,0.0,-0.00024663992867552607,1.3714731235141482
2020-10-20,0.05,0.12,0.83,0.0,-0.0005987218066784183,1.3706519926478269
2020-10-21,0.05,0.12,0.83,0.0,-0.00027580435873206135,1.3702739608539498
2020-10-22,0.05,0.12,0.83,0.0,-0.0008752220739834292,1.3690746668360059
2020-10-23,0.05,0.12,0.83,0.0,0.0005288805885707282,1.3697987438515995
2020-10-26,0.05,0.12,0.83,0.0,0.0003318046692531861,1.3702532494707464
2020-10-27,0.05,0.12,0.83,0.0,0.0006227077957756588,1.3711065168513787
2020-10-28,0.05,0.12,0.83,0.0,-0.0018133830653528347,1.3686201755129255
2020-10-29,0.05,0.12,0.83,0.0,-0.0015800003986178599,1.3664577550900587
2020-10-30,0.05,0.12,0.83,0.0,-0.0009007256272540764,1.365226951571489
2020-11-02,0.05,0.12,0.83,0.0,0.0003074497437918744,1.3656466902479674
2020-11-03,0.05,0.12,0.83,0.0,0.00010063830023812061,1.3657841266095998
2020-11-04,0.05,0.12,0.83,0.0,0.004764894954201151,1.37229194450301
2020-11-05,0.05,0.12,0.83,0.0,0.001602668955854205,1.3744912742008337
2020-11-06,0.05,0.12,0.83,0.0,-0.0008595066719550793,1.373309889780114
2020-11-09,0.05,0.12,0.83,0.0,-0.0003950534029137265,1.3727673590349012
2020-11-10,0.05,0.12,0.83,0.0,-0.0006196864353097576,1.3719166737236712
2020-11-11,0.05,0.12,0.83,0.0,0.0,1.3719166737236712
2020-11-12,0.05,0.12,0.83,0.0,0.0011817347129131383,1.3735379152802347
2020-11-13,0.05,0.12,0.83,0.0,-0.0003513726382960247,1.3730552916391432
2020-11-16,0.05,0.12,0.83,0.0,0.00046529868227256576,1.3736941724570304
2020-11-17,0.05,0.12,0.83,0.0,0.0012366106297068025,1.375392897272657
2020-11-18,0.05,0.12,0.83,0.0,0.0004778424888371036,1.3760501184378189
2020-11-19,0.05,0.12,0.83,0.0,0.0006462051869978547,1.3769393291619223
2020-11-20,0.05,0.12,0.83,0.0,0.0004979268985541528,1.377624944291589
2020-11-23,0.05,0.12,0.83,0.0,-0.00046973753222992573,1.3769778221499192
2020-11-24,0.05,0.12,0.83,0.0,0.0004449600480579274,1.3775905222678375
2020-11-25,0.05,0.12,0.83,0.0,0.0003114326599323802,1.3780195489484848
2020-11-27,0.05,0.12,0.83,0.0,0.0011521308160711197,1.3796072077359767
2020-11-30,0.05,0.12,0.83,0.0,0.0006280900669998513,1.3804737253195172
2020-12-01,0.05,0.12,0.83,0.0,-0.0013112634453079498,1.3786635605862976
2020-12-02,0.05,0.12,0.83,0.0,0.0005593629287888757,1.3794347338733615
2020-12-03,0.05,0.12,0.83,0.0,0.0013272916198892016,1.3812656460358157
2020-12-04,0.05,0.12,0.83,0.0,-0.0008038272781008359,1.3801553470312287
2020-12-07,0.05,0.12,0.83,0.0,0.0011208553741251402,1.3817023015690761
2020-12-08,0.05,0.12,0.83,0.0,-0.00037944591752775203,1.3811780202715072
2020-12-09,0.05,0.12,0.83,0.0,-0.0014692624060222515,1.379148707330298
2020-12-10,0.05,0.12,0.83,0.0,0.0008023001626947602,1.380255198562569
2020-12-11,0.05,0.12,0.83,0.0,0.0002999464220440995,1.3806692011708857
2020-12-14,0.05,0.12,0.83,0.0,0.00022042088789061773,1.380973529502091
2020-12-15,0.05,0.12,0.83,0.0,-0.00043270796408411024,1.3803759712576862
2020-12-16,0.05,0.12,0.83,0.0,0.0007596558667399145,1.381424581962559
2020-12-17,0.05,0.12,0.83,0.0,0.00019745434625036305,1.3816973502502847
2020-12-18,0.05,0.12,0.83,0.0,-0.00019341318727133627,1.3814301117619285
2020-12-21,0.05,0.12,0.83,0.0,-0.0006800738950698593,1.3804906372050558
2020-12-22,0.05,0.12,0.83,0.0,0.0009725651863046836,1.381833254338821
2020-12-23,0.05,0.12,0.83,0.0,-0.0006442375686081547,1.3809430254428239
2020-12-24,0.05,0.12,0.83,0.0,0.000717574650143764,1.3819339551511745
2020-12-28,0.05,0.12,0.83,0.0,0.0006916105342559176,1.3828897152322028
2020-12-29,0.05,0.12,0.83,0.0,0.00041330797268378515,1.3834612745768506
2020-12-30,0.05,0.12,0.83,0.0,0.0006518989511742168,1.3843631515307373
2020-12-31,0.05,0.12,0.83,0.0,0.0007499272499685494,1.3854013231819224
2021-01-04,0.05,0.12,0.83,0.0,-0.0002763868591774732,1.3850184164615078
2021-01-05,0.05,0.12,0.83,0.0,-0.0013852723857265001,1.383099788695461
2021-01-06,0.05,0.12,0.83,0.0,-0.0019447179940176927,1.3804100496488627
2021-01-07,0.05,0.12,0.83,0.0,-0.0003459263400991696,1.3799325294525515
2021-01-08,0.05,0.12,0.83,0.0,-0.0005095612756976764,1.3792293692724669
2021-01-11,0.05,0.12,0.83,0.0,-0.0010415651929179515,1.3777928119683824
2021-01-12,0.05,0.12,0.83,0.0,-0.0003117131733378042,1.3773633357987618
2021-01-13,0.05,0.12,0.83,0.0,0.0014966630748623876,1.379424784644121
2021-01-14,0.05,0.12,0.83,0.0,-0.0003729695189077064,1.3789103012458228
2021-01-15,0.05,0.12,0.83,0.0,0.000913258756647719,1.3801696031530675
2021-01-19,0.05,0.12,0.83,0.0,0.0003495740040754746,1.380652074567545
2021-01-20,0.05,0.12,0.83,0.0,0.00022377665903228203,1.3809610322760777
2021-01-21,0.05,0.12,0.83,0.0,-0.0006192455645639016,1.380105878282005
2021-01-22,0.05,0.12,0.83,0.0,-0.0003258528932710747,1.3796561667885465
2021-01-25,0.05,0.12,0.83,0.0,0.0007263549469619756,1.3806582868704
2021-01-26,0.05,0.12,0.83,0.0,-6.459753509651777e-05,1.3805690997482578
2021-01-27,0.05,0.12,0.83,0.0,-9.84064614530977e-05,1.38043324282836
2021-01-28,0.05,0.12,0.83,0.0,-0.0008621915855065209,1.37924304490204
2021-01-29,0.05,0.12,0.83,0.0,-0.0007871023390250064,1.3781574394753138
2021-02-01,0.05,0.12,0.83,0.0,9.523913109178218e-05,1.378288693992357
2021-02-02,0.05,0.12,0.83,0.0,-0.00038448005637180315,1.3777587694775943
2021-02-03,0.05,0.12,0.83,0.0,-0.00013373534393465558,1.3775745144346991
2021-02-04,0.05,0.12,0.83,0.0,0.000365097898399771,1.3780774639948083
2021-02-05,0.05,0.12,0.83,0.0,0.00015910597594468888,1.3782967243546447
2021-02-08,0.05,0.12,0.83,0.0,0.00029660124321202015,1.3787055288766032
2021-02-09,0.05,0.12,0.83,0.0,0.000132862924731556,1.3788887077255132
2021-02-10,0.05,0.12,0.83,0.0,0.0007954116423194124,1.3799854918571008
2021-02-11,0.05,0.12,0.83,0.0,-0.0002168754075291157,1.37968620694117
2021-02-12,0.05,0.12,0.83,0.0,-0.0010231830071308003,1.378274535459055
2021-02-16,0.88,0.12,0.0,0.0,-0.0024069809663808893,1.3749570548857577
2021-02-17,0.88,0.12,0.0,0.0,-7.938758151404101e-05,1.3748479003704845
2021-02-18,0.88,0.12,0.0,0.0,-7.944013618308431e-05,1.3747386822660481
2021-02-19,0.88,0.12,0.0,0.0,0.0,1.3747386822660481
2021-02-22,0.88,0.12,0.0,0.0,-0.00015898552096148765,1.374520118720462
2021-02-23,0.88,0.12,0.0,0.0,-0.00011371174073722123,1.374363819645084
2021-02-24,0.88,0.12,0.0,0.0,0.0,1.374363819645084
2021-02-25,0.88,0.12,0.0,0.0,-0.00036422270700939394,1.3738632451342772
2021-02-26,0.88,0.12,0.0,0.0,-0.0002739986680620232,1.3734868084350111
2021-03-01,0.88,0.12,0.0,0.0,0.00020596929531799368,1.3737697045450732
2021-03-02,0.05,0.12,0.83,0.0,9.138505473583969e-05,1.3738952465647176
2021-03-03,0.05,0.12,0.83,0.0,-0.002038291276929719,1.3710948478682297
2021-03-04,0.05,0.12,0.83,0.0,-0.002939996509966424,1.367063833800664
2021-03-05,0.05,0.12,0.83,0.0,-0.0019458758842087784,1.3644036972542972
2021-03-08,0.88,0.12,0.0,0.0,-0.00266240531857765,1.3607711015940405
2021-03-09,0.88,0.12,0.0,0.0,-0.00014935375777884729,1.3605678653165405
2021-03-10,0.88,0.12,0.0,0.0,-4.601226993864671e-05,1.3605052625006517
2021-03-11,0.88,0.12,0.0,0.0,0.0003912543153049519,1.3610375660556
2021-03-12,0.88,0.12,0.0,0.0,-0.00026381189065188604,1.3606785081620507
2021-03-15,0.88,0.12,0.0,0.0,-6.897212376665074e-05,1.360584659275579
2021-03-16,0.88,0.12,0.0,0.0,0.0,1.360584659275579
2021-03-17,0.88,0.12,0.0,0.0,-0.00027604715805616296,1.360209073747091
2021-03-18,0.88,0.12,0.0,0.0,-0.0002536266692285549,1.3598640884502622
2021-03-19,0.88,0.12,0.0,0.0,-5.7764513333986576e-05,1.3597855365629925
2021-03-22,0.88,0.12,0.0,0.0,0.000288961664419185,1.360178462454891
2021-03-23,0.88,0.12,0.0,0.0,0.00014989910637073223,1.3603823519909175
2021-03-24,0.88,0.12,0.0,0.0,0.0001957773512476102,1.3606486840444743
2021-03-25,0.88,0.12,0.0,0.0,-3.4492670307559866e-05,1.3606017516380111
2021-03-26,0.88,0.12,0.0,0.0,6.900517538814377e-05,1.3606956402005164
2021-03-29,0.88,0.12,0.0,0.0,2.2988505747134622e-05,1.3607269205600614
2021-03-30,0.88,0.12,0.0,0.0,-3.447615399348347e-05,1.3606800079292052
2021-03-31,0.88,0.12,0.0,0.0,9.196283168886765e-05,1.3608051399157568
2021-04-01,0.88,0.12,0.0,0.0,0.00017229826744520336,1.361039604283695
2021-04-05,0.88,0.12,0.0,0.0,0.00016058115083157352,1.3612581615896782
2021-04-06,0.88,0.12,0.0,0.0,0.0001718213058419238,1.3614920547445906
2021-04-07,0.88,0.12,0.0,0.0,0.00011438375750643992,1.3616477873216273
2021-04-08,0.88,0.12,0.0,0.0,0.00010284734787163074,1.3617878291852887
2021-04-09,0.88,0.12,0.0,0.0,-7.992388201711442e-05,1.3616789898154966
2021-04-12,0.88,0.12,0.0,0.0,-0.00012567837760640187,1.361507856209236
2021-04-13,0.88,0.12,0.0,0.0,-0.00012581014105985666,1.3613365647137923
2021-04-14,0.88,0.12,0.0,0.0,0.00010304360270966483,1.3614768417379208
2021-04-15,0.88,0.12,0.0,0.0,0.00022878932316491073,1.3617883331030467
2021-04-16,0.88,0.12,0.0,0.0,4.567078972408822e-05,1.3618505270516565
2021-04-19,0.88,0.12,0.0,0.0,-0.00012554688986113672,1.3616795509535295
2021-04-20,0.88,0.12,0.0,0.0,-0.00023993144815767753,1.3613528412069424
2021-04-21,0.88,0.12,0.0,0.0,0.0,1.3613528412069424
2021-04-22,0.88,0.12,0.0,0.0,5.724098454495952e-05,1.3614307663838863
2021-04-23,0.88,0.12,0.0,0.0,9.154190903021941e-05,1.3615553943552534
2021-04-26,0.88,0.12,0.0,0.0,3.43020485945722e-05,1.361602098494555
2021-04-27,0.88,0.12,0.0,0.0,0.0,1.361602098494555
2021-04-28,0.88,0.12,0.0,0.0,-5.71537435701952e-05,1.361524277837373
2021-04-29,0.88,0.12,0.0,0.0,4.5744782235779265e-05,1.3615865604689714
2021-04-30,0.88,0.12,0.0,0.0,-8.002286367533084e-05,1.3614776024132609
2021-05-03,0.88,0.12,0.0,0.0,3.431839847474194e-05,1.361524326144135
2021-05-04,0.88,0.12,0.0,0.0,-0.00010292576003050336,1.3613841902180666
2021-05-05,0.88,0.12,0.0,0.0,0.00010301411674932481,1.3615244320079782
2021-05-06,0.88,0.12,0.0,0.0,0.0,1.3615244320079782
2021-05-07,0.88,0.12,0.0,0.0,9.148956447155853e-05,1.3616489972852799
2021-05-10,0.88,0.12,0.0,0.0,0.0,1.3616489972852799
2021-05-11,0.88,0.12,0.0,0.0,-0.0003199695267117386,1.361213311100071
2021-05-12,0.88,0.12,0.0,0.0,-0.00019478659409911446,1.3609481649953594
2021-05-13,0.88,0.12,0.0,0.0,-2.295332823259333e-05,1.3609169267054209
2021-05-14,0.88,0.12,0.0,0.0,0.00010330973789936415,1.3610575226764214
2021-05-17,0.88,0.12,0.0,0.0,-4.5875943801960694e-05,1.3609950828779998
2021-05-18,0.88,0.12,0.0,0.0,-1.147337221532485e-05,1.3609794676748308
2021-05-19,0.1,0.0,0.0,0.9,-0.00029833620195065966,1.3605734382295118
2021-05-20,0.88,0.12,0.0,0.0,0.001402005646967286,1.3624809698730231
2021-05-21,0.88,0.12,0.0,0.0,9.198045415350186e-05,1.3626062914914074
2021-05-24,0.88,0.12,0.0,0.0,3.4466251795128854e-05,1.3626532554229476
2021-05-25,0.88,0.12,0.0,0.0,0.00010336906584991645,1.362794111617038
2021-05-26,0.88,0.12,0.0,0.0,3.442669981831514e-05,1.3628410281208325
2021-05-27,0.88,0.12,0.0,0.0,5.736137667306629e-05,1.362919202558392
2021-05-28,0.88,0.12,0.0,0.0,2.2933588150984006e-05,1.3629504591860666
2021-06-01,0.88,0.12,0.0,0.0,2.2929206076227616e-05,1.362981710558017
2021-06-02,0.88,0.12,0.0,0.0,0.00011462412837903279,1.3631379411485862
2021-06-03,0.88,0.12,0.0,0.0,-4.580589750931452e-05,1.3630755013917628
2021-06-04,0.88,0.12,0.0,0.0,0.00010310262529832137,1.363216038054436
2021-06-07,0.88,0.12,0.0,0.0,0.0,1.363216038054436
2021-06-08,0.88,0.12,0.0,0.0,0.000114460129721472,1.36337207193899
2021-06-09,0.88,0.12,0.0,0.0,0.00017152658662092257,1.363605926496784
2021-06-10,0.88,0.12,0.0,0.0,2.283756779902113e-05,1.3636370679395815
2021-06-11,0.88,0.12,0.0,0.0,4.566644467701941e-05,1.3636993403963042
2021-06-14,0.88,0.12,0.0,0.0,0.0,1.3636993403963042
2021-06-15,0.88,0.12,0.0,0.0,-1.1412268188313312e-05,1.3636837774937034
2021-06-16,0.88,0.12,0.0,0.0,-5.706676811870093e-05,1.363605956467786
2021-06-17,0.88,0.12,0.0,0.0,-0.00014844419069370395,1.3634035370851532
2021-06-18,0.88,0.12,0.0,0.0,-9.146341463414309e-05,1.363278835542127
2021-06-21,0.88,0.12,0.0,0.0,8.009153318078609e-05,1.3633880226342188
2021-06-22,0.88,0.12,0.0,0.0,1.1434016198172968e-05,1.363403611634954
2021-06-23,0.88,0.12,0.0,0.0,5.716463414634276e-05,1.3634815501036068
2021-06-24,0.88,0.12,0.0,0.0,0.00010284734787163074,1.363621780564907
2021-06-25,0.88,0.12,0.0,0.0,7.992388201714106e-05,1.3637307665112126
2021-06-28,0.88,0.12,0.0,0.0,3.4230293810031395e-05,1.3637774474160282
2021-06-29,0.88,0.12,0.0,0.0,4.56273764258519e-05,1.3638396730029825
2021-06-30,0.88,0.12,0.0,0.0,-1.140250855186764e-05,1.3638241218094476
2021-07-01,0.88,0.12,0.0,0.0,6.842155278912188e-05,1.363917436773593
2021-07-02,0.88,0.12,0.0,0.0,5.698546870548604e-05,1.3639951602480032
2021-07-06,0.88,0.12,0.0,0.0,9.113347256503701e-05,1.3641194658635185
2021-07-07,0.88,0.12,0.0,0.0,6.829823562890524e-05,1.3642126328162238
2021-07-08,0.88,0.12,0.0,0.0,-0.00014789533560865653,1.364010872131052
2021-07-09,0.88,0.12,0.0,0.0,5.6953013763658685e-05,1.3640885566610264
2021-07-12,0.88,0.12,0.0,0.0,1.1385199240976362e-05,1.3641040870810262
2021-07-13,0.88,0.12,0.0,0.0,-4.5536476615106735e-05,1.3640419705871643
2021-07-14,0.88,0.12,0.0,0.0,-6.833064439593527e-05,1.363948764720331
2021-07-15,0.88,0.12,0.0,0.0,-0.000125344221821293,1.363777801623813
2021-07-16,0.88,0.12,0.0,0.0,-9.12547528517038e-05,1.3636533504175812
2021-07-19,0.1,0.0,0.0,0.9,-0.0006164383561643927,1.3628127421878717
2021-07-20,0.88,0.12,0.0,0.0,0.00017413175969809293,1.363050051168808
2021-07-21,0.88,0.12,0.0,0.0,0.00028636884306988187,1.3634403862350075
2021-07-22,0.88,0.12,0.0,0.0,7.999238167793798e-05,1.3635494510787782
2021-07-23,0.88,0.12,0.0,0.0,5.709935287400824e-05,1.3636273088700464
2021-07-26,0.88,0.12,0.0,0.0,0.0,1.3636273088700464
2021-07-27,0.88,0.12,0.0,0.0,-0.00012555883192238326,1.3634560934179671
2021-07-28,0.88,0.12,0.0,0.0,-2.2852789944765027e-05,1.3634249346422653
2021-07-29,0.88,0.12,0.0,0.0,9.142857142856897e-05,1.3635495906362898
2021-07-30,0.88,0.12,0.0,0.0,0.0,1.3635495906362898
2021-08-02,0.88,0.12,0.0,0.0,0.00012561857632279683,1.363720877794611
2021-08-03,0.88,0.12,0.0,0.0,-0.00017111892765471202,1.3634875193403824
2021-08-04,0.1,0.0,0.0,0.9,-0.00011424219345012253,1.363331751535431
2021-08-05,0.88,0.12,0.0,0.0,-0.0013051044083526198,1.3615524612564551
2021-08-06,0.88,0.12,0.0,0.0,-1.1432926829257894e-05,1.3615368947267914
2021-08-09,0.88,0.12,0.0,0.0,-0.00014864221057647508,1.361334512872978
2021-08-10,0.1,0.0,0.0,0.9,-5.724098454493287e-05,1.361256588745166
2021-08-11,0.1,0.0,0.0,0.9,0.00026241617261149044,1.3616138044891266
2021-08-12,0.1,0.0,0.0,0.9,-0.0004372328021764016,1.3610184622699077
2021-08-13,0.88,0.12,0.0,0.0,0.001399825021872192,1.3629236499686233
2021-08-16,0.88,0.12,0.0,0.0,-5.7312064189503074e-05,1.362845538000911
2021-08-17,0.88,0.12,0.0,0.0,-3.440366972477626e-05,1.3627986511131358
2021-08-18,0.88,0.12,0.0,0.0,2.2942357327222493e-05,1.3628299169267548
2021-08-19,0.1,0.0,0.0,0.9,-0.0002064417471088564,1.3625485719376922
2021-08-20,0.1,0.0,0.0,0.9,-0.0006108794725103173,1.361716218984797
2021-08-23,0.88,0.12,0.0,0.0,0.0001746555404618544,1.3619540502669796
2021-08-24,0.88,0.12,0.0,0.0,0.00018343364860990086,1.3622038784676591
2021-08-25,0.88,0.12,0.0,0.0,6.868262901842393e-05,1.3622974382112913
2021-08-26,0.88,0.12,0.0,0.0,2.2881113547521537e-05,1.3623286090936604
2021-08-27,0.88,0.12,0.0,0.0,0.00022876751501287984,1.3626402656241936
2021-08-30,0.88,0.12,0.0,0.0,0.00011416611169250856,1.3627958329649557
2021-08-31,0.88,0.12,0.0,0.0,5.702879954379014e-05,1.362873551575333
2021-09-01,0.88,0.12,0.0,0.0,5.7001710051300944e-05,1.3629512376983566
2021-09-02,0.88,0.12,0.0,0.0,0.00010255436330832701,1.3630910142947592
2021-09-03,0.88,0.12,0.0,0.0,-1.1385199240989684e-05,1.3630754952319777
2021-09-07,0.88,0.12,0.0,0.0,-9.109023626529655e-05,1.3629513323630695
2021-09-08,0.88,0.12,0.0,0.0,3.418478776944233e-05,1.3629979245651065
2021-09-09,0.88,0.12,0.0,0.0,6.835010442376443e-05,1.36309108561558
2021-09-10,0.88,0.12,0.0,0.0,4.554079696393209e-05,1.3631531618699535
2021-09-13,0.88,0.12,0.0,0.0,4.552352048560415e-05,1.363215217400843
2021-09-14,0.88,0.12,0.0,0.0,3.412969283277611e-05,1.3632617435174779
2021-09-15,0.88,0.12,0.0,0.0,3.411998862667076e-05,1.3633082579926619
2021-09-16,0.88,0.12,0.0,0.0,-3.4110289937472336e-05,1.3632617551527075
2021-09-17,0.88,0.12,0.0,0.0,-3.411998862667076e-05,1.3632152406771265
2021-09-20,0.88,0.12,0.0,0.0,-0.00045506257110353496,1.3625948924447364
2021-09-21,0.88,0.12,0.0,0.0,0.0001370384468976038,1.3627816203325476
2021-09-22,0.88,0.12,0.0,0.0,0.0001368821292775557,1.362968160782479
2021-09-23,0.88,0.12,0.0,0.0,-1.1393847322440641e-05,1.3629526313313498
2021-09-24,0.88,0.12,0.0,0.0,-0.000125344221821293,1.3627817930943962
2021-09-27,0.88,0.12,0.0,0.0,-0.00013688212927756905,1.3625952526208167
2021-09-28,0.1,0.0,0.0,0.9,-0.00034259611724399617,1.3621284327778937
2021-09-29,0.88,0.12,0.0,0.0,0.00017633228840114868,1.362368620001542
2021-09-30,0.1,0.0,0.0,0.9,-0.00014876978828913588,1.3621659407103726
2021-10-01,0.1,0.0,0.0,0.9,0.0019394651777842054,1.364807814118744
2021-10-04,0.1,0.0,0.0,0.9,-0.0005278076434366841,1.36408745812263
2021-10-05,0.1,0.0,0.0,0.9,-0.0011442542787285738,1.3625265952121133
2021-10-06,0.1,0.0,0.0,0.9,-0.00017626321974155703,1.3622864318874577
2021-10-07,0.1,0.0,0.0,0.9,-0.0011459353574925669,1.3607253396981256
2021-10-08,0.1,0.0,0.0,0.9,-0.0009708737864077887,1.3594042471353118
2021-10-11,0.1,0.0,0.0,0.9,0.0,1.3594042471353118
2021-10-12,0.1,0.0,0.0,0.9,-0.00044178283919106277,1.358803685667404
2021-10-13,0.1,0.0,0.0,0.9,-8.839996071112744e-05,1.3586835674749769
2021-10-14,0.1,0.0,0.0,0.9,0.0010609037328095372,1.360124999943418
2021-10-15,0.1,0.0,0.0,0.9,-0.002207613814756693,1.357122369203747
2021-10-18,0.1,0.0,0.0,0.9,-0.0009737385659486786,1.3558008868141416
2021-10-19,0.1,0.0,0.0,0.9,-0.00026585269791261633,1.3554404434905498
2021-10-20,0.1,0.0,0.0,0.9,0.0002659312518467738,1.3558008974644908
2021-10-21,0.1,0.0,0.0,0.9,-0.0020382040173296924,1.3530374986285796
2021-10-22,0.1,0.0,0.0,0.9,0.0,1.3530374986285796
2021-10-25,0.1,0.0,0.0,0.9,0.001065824533701898,1.3544795991896366
2021-10-26,0.1,0.0,0.0,0.9,-8.871365204543569e-05,1.3543594383577715
2021-10-27,0.1,0.0,0.0,0.9,0.0014195583596214422,1.3562820306204246
2021-10-28,0.1,0.0,0.0,0.9,-0.0011515748031495244,1.3547201704079976
2021-10-29,0.1,0.0,0.0,0.9,-8.86961663546404e-05,1.354600011922399
2021-11-01,0.1,0.0,0.0,0.9,-0.0007983441750442965,1.3535185748933658
2021-11-02,0.1,0.0,0.0,0.9,0.0015093222846996213,1.3555614706412071
2021-11-03,0.1,0.0,0.0,0.9,-0.0009749852274965721,1.3542398182323683
2021-11-04,0.1,0.0,0.0,0.9,0.0023070097604257936,1.3573640627109878
2021-11-05,0.1,0.0,0.0,0.9,0.0016815812764284122,1.3596465807041394
2021-11-08,0.1,0.0,0.0,0.9,-0.002031802120141224,1.356884047898822
2021-11-09,0.88,0.12,0.0,0.0,0.0018593212001966287,1.359406931175289
2021-11-10,0.1,0.0,0.0,0.9,-0.00028730128327906,1.3590163718194639
2021-11-11,0.1,0.0,0.0,0.9,0.0,1.3590163718194639
2021-11-12,0.1,0.0,0.0,0.9,-0.0009764276555873419,1.3576893906496235
2021-11-15,0.1,0.0,0.0,0.9,-0.0008886255924169917,1.3564829131105391
2021-11-16,0.1,0.0,0.0,0.9,-0.0002668511563550413,1.3561209340765998
2021-11-17,0.1,0.0,0.0,0.9,0.0008897676717745773,1.3573275666427578
2021-11-18,0.1,0.0,0.0,0.9,0.00035555555555568665,1.3578101719997864
2021-11-19,0.1,0.0,0.0,0.9,0.0007108302892683938,1.3587753445971207
2021-11-22,0.1,0.0,0.0,0.9,-0.0033737792246227418,1.3541911365685892
2021-11-23,0.1,0.0,0.0,0.9,-0.0005347064065748364,1.3534670418921393
2021-11-24,0.1,0.0,0.0,0.9,-0.0002675121371247591,1.3531049730312348
2021-11-26,0.1,0.0,0.0,0.9,0.005084241823587687,1.3599844859268246
2021-11-29,0.1,0.0,0.0,0.9,-0.0003547846654182618,1.359501984286011
2021-11-30,0.1,0.0,0.0,0.9,0.0008873114463175514,1.3607082859579593
2021-12-01,0.1,0.0,0.0,0.9,-0.0003545750024623651,1.3602258128141151
2021-12-02,0.1,0.0,0.0,0.9,-0.0015075376884422509,1.358175221136506
2021-12-03,0.1,0.0,0.0,0.9,0.002753651796288992,1.3619151627738635
2021-12-06,0.1,0.0,0.0,0.9,-0.0028338089146905054,1.3580557554445427
2021-12-07,0.1,0.0,0.0,0.9,-0.0016878886585726895,1.3557635085372184
2021-12-08,0.1,0.0,0.0,0.9,-0.0003560126582279,1.3552808395666156
2021-12-09,0.1,0.0,0.0,0.9,0.0002671151563118368,1.355642855619923
2021-12-10,0.1,0.0,0.0,0.9,0.00026703590149352864,1.3560048609319768
2021-12-13,0.1,0.0,0.0,0.9,0.001334783468459655,1.3578148338034997
2021-12-14,0.1,0.0,0.0,0.9,-0.0007108302892685936,1.356849657892414
2021-12-15,0.1,0.0,0.0,0.9,-0.0008892401936566929,1.3556430926398668
2021-12-16,0.1,0.0,0.0,0.9,0.0024923350806052014,1.3590218094764333
2021-12-17,0.1,0.0,0.0,0.9,0.0,1.3590218094764333
2021-12-20,0.1,0.0,0.0,0.9,0.00017753230101582584,1.3592630797454002
2021-12-21,0.1,0.0,0.0,0.9,-0.002307464747066257,1.356126628106899
2021-12-22,0.1,0.0,0.0,0.9,0.0006228373702422241,1.3569712744496645
2021-12-23,0.1,0.0,0.0,0.9,-0.0009780675755779455,1.3556440648451347
2021-12-27,0.1,0.0,0.0,0.9,-0.00017802393432888585,1.3554027277551615
2021-12-28,0.1,0.0,0.0,0.9,0.000178059155208099,1.3556440696198322
2021-12-29,0.1,0.0,0.0,0.9,-0.0011571555731381578,1.35407537852948
2021-12-30,0.1,0.0,0.0,0.9,0.0007130124777183334,1.3550408511701426
2021-12-31,0.1,0.0,0.0,0.9,0.00017811201266570986,1.3552822002233889
2022-01-03,0.1,0.0,0.0,0.9,-0.003561535417490991,1.3504553146665983
2022-01-04,0.1,0.0,0.0,0.9,-0.0003575685339690438,1.3499724343395423
2022-01-05,0.1,0.0,0.0,0.9,-0.0018779809220985544,1.3474372118624938
2022-01-06,0.1,0.0,0.0,0.9,-0.0015234491685751194,1.3453844597623745
2022-01-07,0.1,0.0,0.0,0.9,-0.0008078994614003521,1.3442975243819562
2022-01-10,0.1,0.0,0.0,0.9,-0.0009883198562443685,1.3429689284459094
2022-01-11,0.1,0.0,0.0,0.9,0.0008095142914251507,1.3440560809864261
2022-01-12,0.1,0.0,0.0,0.9,0.0004493260109835529,1.3446600003438338
2022-01-13,0.1,0.0,0.0,0.9,0.0004491017964072475,1.345263889565545
2022-01-14,0.1,0.0,0.0,0.9,-0.0022443890274313817,1.3422445940528045
2022-01-18,0.1,0.0,0.0,0.9,-0.0032400000000000428,1.3378957215680733
2022-01-19,0.1,0.0,0.0,0.9,0.0010839020473704998,1.3393458694798492
2022-01-20,0.1,0.0,0.0,0.9,-0.00027064955894150476,1.3389833761110044
2022-01-21,0.1,0.0,0.0,0.9,0.0024365787626591698,1.3422459145687902
2022-01-24,0.1,0.0,0.0,0.9,0.0008999999999999009,1.343453935891902
2022-01-25,0.1,0.0,0.0,0.9,-0.0016183816183815037,1.3412797147369122
2022-01-26,0.1,0.0,0.0,0.9,-0.002431945556445081,1.338017795494708
2022-01-27,0.1,0.0,0.0,0.9,-0.0006322127446061754,1.3371718835918864
2022-01-28,0.1,0.0,0.0,0.9,0.0009941755372564476,1.3385012671676606
2022-01-31,0.1,0.0,0.0,0.9,-0.00027083960276858,1.3381387480161555
2022-02-01,0.1,0.0,0.0,0.9,-0.00036122817579762326,1.3376553745972455
2022-02-02,0.1,0.0,0.0,0.9,0.000813089741015749,1.338743008459345
2022-02-03,0.1,0.0,0.0,0.9,-0.0018954969411291711,1.3362054251818523
2022-02-04,0.1,0.0,0.0,0.9,-0.004251256281407068,1.3305248734747976
2022-02-07,0.1,0.0,0.0,0.9,0.0007270524083610175,1.331492234788442
2022-02-08,0.1,0.0,0.0,0.9,-0.0013621228937545028,1.3296785787325802
2022-02-09,0.1,0.0,0.0,0.9,0.00018189167340350033,1.3299204361943546
2022-02-10,0.1,0.0,0.0,0.9,-0.005182865225298083,1.3230276378131895
2022-02-11,0.1,0.0,0.0,0.9,0.002286353012905096,1.3260525460390604
2022-02-14,0.1,0.0,0.0,0.9,-0.002006892357591672,1.3233913013186496
2022-02-15,0.1,0.0,0.0,0.9,-0.0006399837464444946,1.3225443523956197
2022-02-16,0.1,0.0,0.0,0.9,0.0006404391582799374,1.323391361587456
2022-02-17,0.1,0.0,0.0,0.9,0.00237708248679398,1.3265371720162598
2022-02-18,0.1,0.0,0.0,0.9,0.0009118541033434236,1.3277467803798004
2022-02-22,0.1,0.0,0.0,0.9,-0.0013663967611335039,1.325932551479484
2022-02-23,0.1,0.0,0.0,0.9,-0.0008210846426761509,1.3248438486242398
2022-02-24,0.1,0.0,0.0,0.9,0.0010957792207792806,1.3262955849843394
2022-02-25,0.1,0.0,0.0,0.9,-0.0011856505877585355,1.3247230618444612
2022-02-28,0.1,0.0,0.0,0.9,0.005296803652968096,1.33173985979761
2022-03-01,0.1,0.0,0.0,0.9,0.005265812569353323,1.3387525522904409
2022-03-02,0.1,0.0,0.0,0.9,-0.006589108414401657,1.3299313665833423
2022-03-03,0.1,0.0,0.0,0.9,0.0003637098403716621,1.3304150757083877
2022-03-04,0.1,0.0,0.0,0.9,0.003453847707534008,1.335010126767692
2022-03-07,0.1,0.0,0.0,0.9,-0.0018108651911468933,1.3325926033992996
2022-03-08,0.1,0.0,0.0,0.9,-0.0037197580645161434,1.3276356813160906
2022-03-09,0.1,0.0,0.0,0.9,-0.002368660795627142,1.3244909627268815
2022-03-10,0.1,0.0,0.0,0.9,-0.002100882979803143,1.3217083622063854
2022-03-11,0.1,0.0,0.0,0.9,-0.0005493387589013299,1.3209822965750615
2022-03-14,0.1,0.0,0.0,0.9,-0.004305781758957694,1.3152944350985625
2022-03-15,0.1,0.0,0.0,0.9,-0.0006443694384780319,1.3144468995619847
2022-03-16,0.1,0.0,0.0,0.9,-0.0025793244626407643,1.3110565145191022
2022-03-17,0.1,0.0,0.0,0.9,0.0005543009648942388,1.311783234410131
2022-03-18,0.1,0.0,0.0,0.9,0.0007386130488305387,1.3127521346243034
2022-03-21,0.1,0.0,0.0,0.9,-0.006273062730627321,1.3045171581340402
2022-03-22,0.1,0.0,0.0,0.9,-0.0016721717588768837,1.3023357813832381
2022-03-23,0.1,0.0,0.0,0.9,0.0016752843846947751,1.3045175641814188
2022-03-24,0.1,0.0,0.0,0.9,-0.0008360858794383419,1.3034268754665275
2022-03-25,0.1,0.0,0.0,0.9,-0.006136997623721563,1.2954277478290945
2022-03-28,0.1,0.0,0.0,0.9,-9.362321855806988e-05,1.2953064657139333
2022-03-29,0.1,0.0,0.0,0.9,0.0022471910112359605,1.2982172667604817
2022-03-30,0.1,0.0,0.0,0.9,0.0012141967621419393,1.299793557962339
2022-03-31,0.1,0.0,0.0,0.9,0.0010260130583479299,1.3011271631259649
2022-04-01,0.1,0.0,0.0,0.9,-0.003726708074534035,1.2962782420211478
2022-04-04,0.1,0.0,0.0,0.9,-0.00046777546777545533,1.2956718748601193
2022-04-05,0.1,0.0,0.0,0.9,-0.00430577223088926,1.2900930068810024
2022-04-06,0.1,0.0,0.0,0.9,-0.0004702685756087344,1.2894863166802537
2022-04-07,0.1,0.0,0.0,0.9,9.410288582187843e-05,1.2896076610638811
2022-04-08,0.1,0.0,0.0,0.9,-0.0020700470465237486,1.2869381125339214
2022-04-11,0.1,0.0,0.0,0.9,-0.0009430996541968773,1.2857244016450178
2022-04-12,0.1,0.0,0.0,0.9,0.0034931291303892833,1.2902156030060563
2022-04-13,0.1,0.0,0.0,0.9,0.0014106583072099887,1.2920356563645288
2022-04-14,0.1,0.0,0.0,0.9,-0.0038497652582159315,1.2870616223822804
2022-04-18,0.1,0.0,0.0,0.9,-0.0011316010058675886,1.285605182155779
2022-04-19,0.1,0.0,0.0,0.9,-0.002832563994964299,1.281963623205065
2022-04-20,0.1,0.0,0.0,0.9,0.0013260366238686317,1.2836635539199022
2022-04-21,0.1,0.0,0.0,0.9,-0.003499369482975956,1.2791715408529065
2022-04-22,0.1,0.0,0.0,0.9,0.0003797868973519636,1.2796573534435878
2022-04-25,0.1,0.0,0.0,0.9,0.0029421069281873936,1.2834222422088601
2022-04-26,0.1,0.0,0.0,0.9,0.0022703384486020273,1.2863360450711379
2022-04-27,0.1,0.0,0.0,0.9,-0.0006605158314111126,1.2854863997488535
2022-04-28,0.1,0.0,0.0,0.9,-0.002171860245514656,1.2826945029410892
2022-04-29,0.1,0.0,0.0,0.9,-0.0011358855700463355,1.2812375087644208
2022-05-02,0.1,0.0,0.0,0.9,-0.00331718618365624,1.2769874054023653
2022-05-03,0.1,0.0,0.0,0.9,0.0002853820949159758,1.2773518347433004
2022-05-04,0.1,0.0,0.0,0.9,0.0034234995773457346,1.2817248482096657
2022-05-05,0.1,0.0,0.0,0.9,-0.004357894736842083,1.276139226239573
2022-05-06,0.1,0.0,0.0,0.9,-0.0005711867992384212,1.2754103123595546
2022-05-09,0.1,0.0,0.0,0.9,0.002190939881456222,1.2782046596781236
2022-05-10,0.1,0.0,0.0,0.9,0.0018055115616093075,1.2805124729692754
2022-05-11,0.1,0.0,0.0,0.9,0.0014225500526869217,1.282334066055164
2022-05-12,0.1,0.0,0.0,0.9,0.00340873224618623,1.2867051995365093
2022-05-13,0.1,0.0,0.0,0.9,-0.003395870453830874,1.2823357153666128
2022-05-16,0.1,0.0,0.0,0.9,0.0020831141504471518,1.2850069670409168
2022-05-17,0.1,0.0,0.0,0.9,-0.003967670830271841,1.2799084823810924
2022-05-18,0.1,0.0,0.0,0.9,0.002182393252504067,1.2827017460168637
2022-05-19,0.1,0.0,0.0,0.9,0.0015145140933949808,1.2846444158888286
2022-05-20,0.1,0.0,0.0,0.9,0.0017009659806803913,1.2868295523375266
2022-05-23,0.1,0.0,0.0,0.9,-0.002075036679941289,1.2841593338155939
2022-05-24,0.1,0.0,0.0,0.9,0.0038760504201680534,1.2891368001409924
2022-05-25,0.1,0.0,0.0,0.9,0.0009413241292751895,1.2903502957169017
2022-05-26,0.1,0.0,0.0,0.9,9.403406122665547e-05,1.290471632595613
2022-05-27,0.1,0.0,0.0,0.9,-0.00047012118679478075,1.2898649545401721
2022-05-31,0.1,0.0,0.0,0.9,-0.0018814675446849006,1.2874381154911783
2022-06-01,0.1,0.0,0.0,0.9,-0.003959358960930137,1.2823406858519653
2022-06-02,0.1,0.0,0.0,0.9,0.0008521830615465076,1.28343347486358
2022-06-03,0.1,0.0,0.0,0.9,-0.0012297666596594147,1.2818551511663019
2022-06-06,0.1,0.0,0.0,0.9,-0.002747079254815321,1.2783337934728547
2022-06-07,0.1,0.0,0.0,0.9,0.0016152871621622378,1.2803986696384095
2022-06-08,0.1,0.0,0.0,0.9,-0.0016123932975024347,1.2783341634053536
2022-06-09,0.1,0.0,0.0,0.9,-0.0010451858108107893,1.2769980666762875
2022-06-10,0.1,0.0,0.0,0.9,-0.005993023993235392,1.2693449866233812
2022-06-13,0.1,0.0,0.0,0.9,-0.007661204511598185,1.2596202750850876
2022-06-14,0.1,0.0,0.0,0.9,-0.004443013522215178,1.2540237651700281
2022-06-15,0.1,0.0,0.0,0.9,0.004270923209663513,1.2593796043741625
2022-06-16,0.1,0.0,0.0,0.9,0.003091455560326328,1.2632729204546667
2022-06-17,0.1,0.0,0.0,0.9,0.0012516046213094211,1.2648540386798828
2022-06-21,0.1,0.0,0.0,0.9,-0.0013460100416622268,1.2631515324425826
2022-06-22,0.1,0.0,0.0,0.9,0.005199529260725333,1.269719325796248
2022-06-23,0.1,0.0,0.0,0.9,0.002872034889905395,1.273366004000322
2022-06-24,0.1,0.0,0.0,0.9,-0.0012405895451171546,1.2717862794486516
2022-06-27,0.1,0.0,0.0,0.9,-0.0024846039498832907,1.2686263942353262
2022-06-28,0.1,0.0,0.0,0.9,-0.0003833049403748623,1.2681401234709258
2022-06-29,0.1,0.0,0.0,0.9,0.003547081380485806,1.2726383196907365
2022-06-30,0.1,0.0,0.0,0.9,0.004870026525198967,1.2788361020646148
2022-07-01,0.1,0.0,0.0,0.9,0.003324187420852631,1.2830871929484304
2022-07-05,0.1,0.0,0.0,0.9,0.002365681842077505,1.2861225690225906
2022-07-06,0.1,0.0,0.0,0.9,-0.004247063758389314,1.280660324470848
2022-07-07,0.1,0.0,0.0,0.9,-0.003318933726688422,1.27640989772753
2022-07-08,0.1,0.0,0.0,0.9,-0.002950507614213205,1.272643840605428
2022-07-11,0.1,0.0,0.0,0.9,0.0030557029177718186,1.2765326621024502
2022-07-12,0.1,0.0,0.0,0.9,0.0011420112086285128,1.2779904767107515
2022-07-13,0.1,0.0,0.0,0.9,-0.00019009399091769464,1.2777475384006787
2022-07-14,0.1,0.0,0.0,0.9,-0.0013309390514418262,1.2760469343039376
2022-07-15,0.1,0.0,0.0,0.9,0.0006664550936209546,1.2768973622830038
2022-07-18,0.1,0.0,0.0,0.9,-0.00066596194503169,1.276046997232012
2022-07-19,0.1,0.0,0.0,0.9,-0.002380196762932452,1.2730097542998509
2022-07-20,0.1,0.0,0.0,0.9,-0.0007636826474331837,1.2720375788404787
2022-07-21,0.1,0.0,0.0,0.9,0.005350318471337579,1.2788433849947844
2022-07-22,0.1,0.0,0.0,0.9,0.004463908822287888,1.2845520252633873
2022-07-25,0.1,0.0,0.0,0.9,-0.001039588365011024,1.283216619923672
2022-07-26,0.1,0.0,0.0,0.9,0.0004730866274179402,1.2838236925466384
2022-07-27,0.1,0.0,0.0,0.9,0.0025533256278238436,1.287101712482425
2022-07-28,0.1,0.0,0.0,0.9,0.0028290025146688216,1.2907429264636725
2022-07-29,0.1,0.0,0.0,0.9,0.00047002297890126333,1.2913496052989646
2022-08-01,0.1,0.0,0.0,0.9,0.001315377388036243,1.2930482173698246
2022-08-02,0.1,0.0,0.0,0.9,-0.006004378192432036,1.285284266851686
2022-08-03,0.1,0.0,0.0,0.9,-0.0003777941022143572,1.2847986940360003
2022-08-04,0.1,0.0,0.0,0.9,0.0030236220472439346,1.2886834396935578
2022-08-05,0.1,0.0,0.0,0.9,-0.006497854975410666,1.2803097615932157
2022-08-08,0.1,0.0,0.0,0.9,0.002086846543001775,1.2829815715931678
2022-08-09,0.1,0.0,0.0,0.9,-0.0019873817034699592,1.2804317974918946
2022-08-10,0.1,0.0,0.0,0.9,0.0018020866266202917,1.282739246510454
2022-08-11,0.1,0.0,0.0,0.9,-0.0021771140092554098,1.2799465769266543
2022-08-12,0.1,0.0,0.0,0.9,0.00037954665260946373,1.2804323763654457
2022-08-15,0.1,0.0,0.0,0.9,0.0020866266202971273,1.2831041606474602
2022-08-16,0.1,0.0,0.0,0.9,-0.0015140363789295952,1.281161494270284
2022-08-17,0.1,0.0,0.0,0.9,-0.002559241706161064,1.2778826923418198
2022-08-18,0.1,0.0,0.0,0.9,0.0008555133079847232,1.2789759379911614
2022-08-19,0.1,0.0,0.0,0.9,-0.0025641025641025216,1.2756965125091329
2022-08-22,0.1,0.0,0.0,0.9,-0.002095238095238061,1.2730236245781614
2022-08-23,0.1,0.0,0.0,0.9,9.546033092919793e-05,1.2731451478346443
2022-08-24,0.1,0.0,0.0,0.9,-0.0017181037225581064,1.2709577524167928
2022-08-25,0.1,0.0,0.0,0.9,0.0017213898629264257,1.273145566208011
2022-08-26,0.1,0.0,0.0,0.9,-0.0008590518612791032,1.2720518681396806
2022-08-29,0.1,0.0,0.0,0.9,-0.0021019108280254774,1.2693781285442278
2022-08-30,0.1,0.0,0.0,0.9,-0.0004788252819748928,1.268770318203895
2022-08-31,0.1,0.0,0.0,0.9,-0.00019163206643254548,1.2685271811259893
2022-09-01,0.1,0.0,0.0,0.9,-0.003833457565754317,1.2636643360061368
2022-09-02,0.1,0.0,0.0,0.9,0.003657362848893109,1.268286015002117
2022-09-06,0.1,0.0,0.0,0.9,-0.004792842688252197,1.2622073196485015
2022-09-07,0.1,0.0,0.0,0.9,0.002601991647928026,1.2654915725521807
2022-09-08,0.1,0.0,0.0,0.9,-0.0012491992312619771,1.26391072145258
2022-09-09,0.1,0.0,0.0,0.9,-0.0015396129584090202,1.2619647881275595
2022-09-12,0.1,0.0,0.0,0.9,-0.00048195351826080257,1.2613565797580002
2022-09-13,0.1,0.0,0.0,0.9,-0.004147021003000329,1.2561257075294712
2022-09-14,0.1,0.0,0.0,0.9,-9.688879319627031e-05,1.256004003025566
2022-09-15,0.1,0.0,0.0,0.9,-0.0025193798449612004,1.2528396518551528
2022-09-16,0.1,0.0,0.0,0.9,0.001263226085078739,1.2544222715837972
2022-09-19,0.1,0.0,0.0,0.9,-0.0019407008086253508,1.2519878132669768
2022-09-20,0.1,0.0,0.0,0.9,-0.002042139384116637,1.2494310796450703
2022-09-21,0.1,0.0,0.0,0.9,0.0002923976608187884,1.249796410370113
2022-09-22,0.1,0.0,0.0,0.9,-0.00565118544982135,1.2427335790805905
2022-09-23,0.1,0.0,0.0,0.9,-0.0010785488615317918,1.2413932301936856
2022-09-26,0.1,0.0,0.0,0.9,-0.006184554973822043,1.2337157655174222
2022-09-27,0.1,0.0,0.0,0.9,-0.0017792421746292142,1.2315206863959087
2022-09-28,0.1,0.0,0.0,0.9,0.00931000330141958,1.242986148052021
2022-09-29,0.1,0.0,0.0,0.9,-0.002352684892713264,1.2400617933196472
2022-09-30,0.1,0.0,0.0,0.9,-0.0013759965054056078,1.2383554726255523
2022-10-03,0.1,0.0,0.0,0.9,0.00462649021109045,1.2440847120975047
2022-10-04,0.1,0.0,0.0,0.9,0.001175190424374173,1.245546748538272
2022-10-05,0.1,0.0,0.0,0.9,-0.0032275592262551614,1.2415266726382952
2022-10-06,0.1,0.0,0.0,0.9,-0.0028465481513795464,1.2379926071834082
2022-10-07,0.1,0.0,0.0,0.9,-0.0023632385120351154,1.2350669353764976
2022-10-10,0.1,0.0,0.0,0.9,0.0,1.2350669353764976
2022-10-11,0.1,0.0,0.0,0.9,-0.0007898200965335556,1.2340914546903732
2022-10-12,0.1,0.0,0.0,0.9,0.0015810276679840696,1.2360425874250616
2022-10-13,0.1,0.0,0.0,0.9,-0.003649715037264223,1.2315313842070374
2022-10-14,0.1,0.0,0.0,0.9,-0.0016837240013206302,1.2294578252570685
2022-10-17,0.1,0.0,0.0,0.9,0.0009922822491731376,1.230677794433178
2022-10-18,0.1,0.0,0.0,0.9,0.001288546255506673,1.2322635796969301
2022-10-19,0.1,0.0,0.0,0.9,-0.004354998350379513,1.2268970738401173
2022-10-20,0.1,0.0,0.0,0.9,-0.0029837551110619364,1.2232363134253
2022-10-21,0.1,0.0,0.0,0.9,0.0029936800088700365,1.2268982915229252
2022-10-24,0.1,0.0,0.0,0.9,-0.00039783401480821825,1.2264101896498474
2022-10-25,0.1,0.0,0.0,0.9,0.0038805970149253357,1.2311693933708767
2022-10-26,0.1,0.0,0.0,0.9,0.0017833553500660626,1.2333650058953824
2022-10-27,0.1,0.0,0.0,0.9,0.0034607778510218792,1.2376334081900107
2022-10-28,0.1,0.0,0.0,0.9,-0.0026595162525994034,1.2343419020261692
2022-10-31,0.1,0.0,0.0,0.9,-0.002074643249176622,1.2317810829319549
2022-11-01,0.1,0.0,0.0,0.9,-0.0007921663549345204,1.2308053074014114
2022-11-02,0.1,0.0,0.0,0.9,-0.0006937561942517601,1.2299514285954838
2022-11-03,0.1,0.0,0.0,0.9,-0.0027771655278819086,1.2265356498870192
2022-11-04,0.1,0.0,0.0,0.9,0.0003979659518019485,1.2270237693143455
2022-11-07,0.1,0.0,0.0,0.9,-0.0014917127071823466,1.2251934023656446
2022-11-08,0.1,0.0,0.0,0.9,0.0025899280575539807,1.2283665651343612
2022-11-09,0.1,0.0,0.0,0.9,0.0017878821322149907,1.2305627397679753
2022-11-10,0.1,0.0,0.0,0.9,0.010210375592025422,1.243127247530558
2022-11-11,0.1,0.0,0.0,0.9,0.0,1.243127247530558
2022-11-14,0.1,0.0,0.0,0.9,-0.001862339359616616,1.2408121227284699
2022-11-15,0.1,0.0,0.0,0.9,0.0029466331987341612,1.2444683409226935
2022-11-16,0.1,0.0,0.0,0.9,0.002055912107037972,1.247026858451622
2022-11-17,0.1,0.0,0.0,0.9,-0.0030280008682440295,1.2432508600415069
2022-11-18,0.1,0.0,0.0,0.9,-0.001960143743874554,1.24081390964613
2022-11-21,0.1,0.0,0.0,0.9,-0.0002946633198734561,1.2404482873001683
2022-11-22,0.1,0.0,0.0,0.9,0.0015720524017468485,1.2423983370094613
2022-11-23,0.1,0.0,0.0,0.9,0.0018635571054925527,1.2447136172582476
2022-11-25,0.1,0.0,0.0,0.9,0.00019575856443714292,1.2449572806090976
2022-11-28,0.1,0.0,0.0,0.9,0.0002935739915190361,1.2453227676872367
2022-11-29,0.1,0.0,0.0,0.9,-0.0013695652173912666,1.243617216940187
2022-11-30,0.1,0.0,0.0,0.9,0.005290659699542877,1.25019677243151
2022-12-01,0.1,0.0,0.0,0.9,0.0046753246753244776,1.25604184825067
2022-12-02,0.1,0.0,0.0,0.9,0.00048449612403103084,1.2566503956577681
2022-12-05,0.1,0.0,0.0,0.9,-0.0049392015495534295,1.2504435460762884
2022-12-06,0.1,0.0,0.0,0.9,0.002142393421337352,1.253122488103156
2022-12-07,0.1,0.0,0.0,0.9,0.003983160621761606,1.2581138762520123
2022-12-08,0.1,0.0,0.0,0.9,-0.002708221386351406,1.2547066253458812
2022-12-09,0.1,0.0,0.0,0.9,-0.002037296539829647,1.2521504158795627
2022-12-12,0.1,0.0,0.0,0.9,-0.0008751080380294596,1.2510546489858045
2022-12-13,0.88,0.12,0.0,0.0,0.004379798853682316,1.2565340167033263
2022-12-14,0.1,0.0,0.0,0.9,3.9656311962978915e-05,1.2565838462082848
2022-12-15,0.1,0.0,0.0,0.9,0.00029019776440235566,1.2569485040312385
2022-12-16,0.1,0.0,0.0,0.9,-9.67014075425765e-05,1.2568269553416902
2022-12-19,0.1,0.0,0.0,0.9,-0.002901353965183684,1.25318045547126
2022-12-20,0.88,0.12,0.0,0.0,-0.0021345407503234105,1.2505054907215478
2022-12-21,0.88,0.12,0.0,0.0,0.0006182795698924615,1.2512786527184991
2022-12-22,0.88,0.12,0.0,0.0,-0.00032092712279919056,1.2508770834606622
2022-12-23,0.88,0.12,0.0,0.0,-0.00013407821229049599,1.2507093680975165
2022-12-27,0.1,0.0,0.0,0.9,-0.0002818791946308874,1.25035681914812
2022-12-28,0.1,0.0,0.0,0.9,-0.0005866376969039244,1.2496233127034269
2022-12-29,0.1,0.0,0.0,0.9,0.0010762039352103737,1.2509681622300888
2022-12-30,0.1,0.0,0.0,0.9,-0.00039087947882732177,1.2504791844468066
2023-01-03,0.1,0.0,0.0,0.9,0.0011731479469911487,1.2519461815347956
2023-01-04,0.1,0.0,0.0,0.9,0.0026361466695595803,1.2552464952917164
2023-01-05,0.1,0.0,0.0,0.9,-0.001557598702001084,1.2532913249799587
2023-01-06,0.88,0.12,0.0,0.0,0.0063387149203596675,1.2612355814011666
2023-01-09,0.88,0.12,0.0,0.0,0.0006626905235255265,1.2620713902688945
2023-01-10,0.88,0.12,0.0,0.0,-9.226713532514363e-05,1.2619549425571386
2023-01-11,0.88,0.12,0.0,0.0,0.00046169066725294523,1.262537575376611
2023-01-12,0.05,0.12,0.83,0.0,0.0005650459921156336,1.2632509671734728
2023-01-13,0.88,0.12,0.0,0.0,-0.0016857295563869356,1.261121467680974
2023-01-17,0.05,0.12,0.8299999999999998,0.0,-2.615803814713935e-05,1.2610884792175143
2023-01-18,0.05,0.12,0.8299999999999998,0.0,0.005977875321181569,1.2686271089152552
2023-01-19,0.05,0.12,0.8299999999999998,0.0,-0.0019530111998411533,1.2661494659631216
2023-01-20,0.05,0.12,0.8299999999999998,0.0,-0.0026589037554362047,1.2627828963931287
2023-01-23,0.88,0.12,0.0,0.0,-0.0008176531612803837,1.261750377965882
2023-01-24,0.05,0.12,0.83,0.0,-3.936577364680005e-05,1.2617007081861042
2023-01-25,0.05,0.0,0.95,0.0,0.00027541372808060683,1.2620481978818678
2023-01-26,0.05,0.0,0.95,0.0,-0.0007091064192792539,1.26115327140331
2023-01-27,0.05,0.12,0.8299999999999998,0.0,-0.000608259524063448,1.2603861629146753
2023-01-30,0.05,0.12,0.8299999999999998,0.0,-0.0016078428307651823,1.2583596600586373
2023-01-31,0.05,0.12,0.8299999999999998,0.0,0.004082973121249606,1.2634975087275213
2023-02-01,0.05,0.12,0.8299999999999998,0.0,0.0039016397595606107,1.2684272208436784
2023-02-02,0.05,0.12,0.8299999999999998,0.0,0.002923998306644377,1.272136099889527
2023-02-03,0.05,0.12,0.8299999999999998,0.0,-0.005541105490110791,1.265087059562261
2023-02-06,0.05,0.12,0.8299999999999998,0.0,-0.005199300736513216,1.2585094914817256
2023-02-07,0.88,0.12,0.0,0.0,-0.0005721423541709457,1.257789444898523
2023-02-08,0.1,0.0,0.0,0.9,-0.0001962494548626381,1.2575426044056297
2023-02-09,0.1,0.0,0.0,0.9,-0.0021329311644941898,1.2548603525940136
2023-02-10,0.1,0.0,0.0,0.9,-0.0017492711370261983,1.2526652615982223
2023-02-13,0.1,0.0,0.0,0.9,0.0005842259006813899,1.2533971010889318
2023-02-14,0.1,0.0,0.0,0.9,-0.0030165423289002626,1.2496161756785762
2023-02-15,0.1,0.0,0.0,0.9,-0.0006834454328488838,1.2487621312104946
2023-02-16,0.1,0.0,0.0,0.9,-0.0011725111279992095,1.2472979437154263
2023-02-17,0.1,0.0,0.0,0.9,0.0015653875421242525,1.2492504483778357
2023-02-21,0.1,0.0,0.0,0.9,-0.004492674986435197,1.2436379721366155
2023-02-22,0.1,0.0,0.0,0.9,0.0005889409968371063,1.24437040152363
2023-02-23,0.1,0.0,0.0,0.9,0.0012752043596729434,1.2459572280847009
2023-02-24,0.1,0.0,0.0,0.9,-0.0031345232912493803,1.2420517461333689
2023-02-27,0.1,0.0,0.0,0.9,0.0011795543905635864,1.2435168137238275
2023-02-28,0.1,0.0,0.0,0.9,0.0005890052356020137,1.2442492516376698
2023-03-01,0.1,0.0,0.0,0.9,-0.0034336167429692035,1.2399769765748199
2023-03-02,0.1,0.0,0.0,0.9,-0.0013787066418645578,1.238267412081457
2023-03-03,0.1,0.0,0.0,0.9,0.0025643835616438572,1.2414428046779178
2023-03-06,0.1,0.0,0.0,0.9,-0.0006884493497978817,1.2405881341862262
2023-03-07,0.1,0.0,0.0,0.9,-0.0016732283464567122,1.238512346953828
2023-03-08,0.1,0.0,0.0,0.9,-0.0006902596691135354,1.2376574518310266
2023-03-09,0.1,0.0,0.0,0.9,0.004046052631578823,1.2426650790210008
2023-03-10,0.1,0.0,0.0,0.9,0.008940072044536552,1.253774594354678
2023-03-13,0.1,0.0,0.0,0.9,0.009922178988327012,1.2662147702908824
2023-03-14,0.1,0.0,0.0,0.9,-0.005195638229634403,1.2596359764234313
2023-03-15,0.1,0.0,0.0,0.9,0.008419354838709814,1.270241298676545
2023-03-16,0.1,0.0,0.0,0.9,-0.005656759348034535,1.263055849335997
2023-03-17,0.05,0.0,0.95,0.0,0.007043310463121788,1.2719519438151323
2023-03-20,0.05,0.0,0.14016288544784347,0.8098371145521565,-0.0020482966796033395,1.2693466088720007
2023-03-21,0.05,0.0,0.2856241509808173,0.6643758490191827,-0.004814598784928376,1.2632352142312726
2023-03-22,0.05,0.08915618139642784,0.36289933342934305,0.49794448517422907,0.007765576364270305,1.273044963753421
2023-03-23,0.05,0.08915618139642784,0.36289933342934305,0.49794448517422907,0.0032187544540174425,1.2771425829006666
2023-03-24,0.05,0.08915618139642784,0.36289933342934305,0.49794448517422907,-0.0007224723782228443,1.2762198826614686
2023-03-27,0.05,0.08915618139642784,0.36289933342934305,0.49794448517422907,-0.005300841452146342,1.2694548434054034
2023-03-28,0.05,0.0,0.3399801259048117,0.6100198740951883,-0.001396104444809909,1.2676825518560397
2023-03-29,0.05,0.12,0.3562167808553841,0.4737832191446159,-0.0006150987926844208,1.266902801848886
2023-03-30,0.05,0.12,0.3562167808553841,0.4737832191446159,0.0013128143496800098,1.268566010026803
2023-03-31,0.05,0.12,0.48919250089004906,0.34080749910995095,0.004708609632142118,1.2745391921606233
2023-04-03,0.05,0.12,0.48919250089004906,0.34080749910995095,0.002927726009560033,1.2782706937037154
2023-04-04,0.05,0.12,0.48919250089004906,0.34080749910995095,0.0031829441003833675,1.2823393578669326
2023-04-05,0.05,0.12,0.48919250089004906,0.34080749910995095,0.0005515271627685634,1.2830466028546834
2023-04-06,0.05,0.12,0.48919250089004906,0.34080749910995095,-4.124873377057456e-05,1.2829936788069471
2023-04-10,0.05,0.12,0.48919250089004906,0.34080749910995095,-0.004747973973880706,1.2769020582113182
2023-04-11,0.05,0.12,0.48919250089004906,0.34080749910995095,0.00030299902239843286,1.2772889582866547
2023-04-12,0.05,0.12,0.48919250089004906,0.34080749910995095,0.0019828684177067317,1.2798216542223269
2023-04-13,0.05,0.12,0.5538313968050361,0.27616860319496384,-8.816807907421095e-05,1.2797088148055165
2023-04-14,0.05,0.12,0.5538313968050361,0.27616860319496384,-0.0024297529068475895,1.2765994385928243
2023-04-17,0.05,0.12,0.6293491846729367,0.20065081532706347,-0.002676195558474904,1.2731830088453107
2023-04-18,0.05,0.12,0.6293491846729367,0.20065081532706347,0.0007594268565481193,1.2741498982155284
2023-04-19,0.05,0.12,0.6293491846729367,0.20065081532706347,-0.0014004156209872199,1.2723655587945881
2023-04-20,0.05,0.12,0.5352845970065716,0.29471540299342824,0.0019690995555405643,1.2748709732508956
2023-04-21,0.05,0.12,0.5864730461835297,0.24352695381647027,-0.0007975516634477248,1.273854197785498
2023-04-24,0.05,0.12,0.5864730461835297,0.24352695381647027,0.0022619523137826373,1.2767355952356005
2023-04-25,0.05,0.12,0.4826013156950555,0.34739868430494447,0.0048346215665221485,1.2829081286790731
2023-04-26,0.05,0.12,0.4826013156950555,0.34739868430494447,-0.0022508547009653023,1.2800204888867293
2023-04-27,0.05,0.12,0.4826013156950555,0.34739868430494447,-0.0031736289976567094,1.2759581787456036
2023-04-28,0.05,0.12,0.4826013156950555,0.34739868430494447,0.0032249341147377727,1.2800730598052188
2023-05-01,0.05,0.12,0.4826013156950555,0.34739868430494447,-0.004369740091841575,1.2744794732353018
2023-05-02,0.05,0.09807990163414058,0.4314502813512154,0.42046981701464403,0.004610389365635639,1.2803553198454267
2023-05-03,0.05,0.09807990163414058,0.4314502813512154,0.42046981701464403,0.0034638929837830807,1.2847903336545887
2023-05-04,0.05,0.09807990163414058,0.4314502813512154,0.42046981701464403,-0.0007520816813763511,1.2838240663802378
2023-05-05,0.05,0.09807990163414058,0.4314502813512154,0.42046981701464403,-0.0025162764136127808,1.2805936101627768
2023-05-08,0.05,0.10417327388184312,0.37382903049648786,0.4719976956216691,-0.00300414383704323,1.2767465227610493
2023-05-09,0.05,0.10417327388184312,0.37382903049648786,0.4719976956216691,-0.0006397279420840393,1.2759297523354804
2023-05-10,0.05,0.10417327388184312,0.37382903049648786,0.4719976956216691,0.004083254559091849,1.2811396983137853
2023-05-11,0.05,0.05,0.381546830064539,0.5184531699354612,0.0009816683158307873,1.2823973525637729
2023-05-12,0.05,0.05,0.381546830064539,0.5184531699354612,-0.002827669864899335,1.2787711562151016
2023-05-15,0.05,0.05,0.381546830064539,0.5184531699354612,-0.0007804170430704275,1.2777731814106046
2023-05-16,0.05,0.0,0.3747795786701476,0.5752204213298524,-0.001988033033206286,1.2752329261170152
2023-05-17,0.05,0.05115670421675876,0.3537054917364164,0.5451378040468248,-0.0021458116931175205,1.272496516392705
2023-05-18,0.05,0.0,0.33176799589022393,0.618232004109776,-0.003366766625768111,1.2682123175899078
2023-05-19,0.05,0.0,0.33176799589022393,0.618232004109776,-0.001480120488716659,1.2663352105546002
2023-05-22,0.05,0.052419721170739876,0.3102119522137256,0.5873683266155345,-0.0005043503169621997,1.2656965339897766
2023-05-23,0.05,0.0,0.35763153368845435,0.5923684663115455,0.0005121103639567381,1.2663447103024568
2023-05-24,0.05,0.0,0.1967295267170565,0.7532704732829435,-0.0018728571026199224,1.2639730276174015
2023-05-25,0.1,0.0,0.0,0.9,-0.004013826872563029,1.258899658712956
2023-05-26,0.1,0.0,0.0,0.9,-0.0010670403104117044,1.2575563620303456
2023-05-30,0.05,0.0,0.95,0.0,0.004855940433797268,1.2636629808165079
2023-05-31,0.05,0.0,0.41932694566847184,0.5306730543315281,0.0023499677349967606,1.2666325480493363
2023-06-01,0.05,0.12,0.4179583116239266,0.4120416883760733,0.0017185560179635026,1.268809327037335
2023-06-02,0.05,0.12,0.5913604655887846,0.23863953441121546,-0.0029038846629881924,1.265124851092295
2023-06-05,0.05,0.12,0.5913604655887846,0.23863953441121546,0.00033107669882082133,1.265543704451591
2023-06-06,0.05,0.12,0.7278913805526196,0.10210861944738027,-0.0003203913312387658,1.265138235219381
2023-06-07,0.88,0.12,0.0,0.0,-0.0027846996422365516,1.2616152052283858
2023-06-08,0.05,0.12,0.8299999999999998,0.0,5.302109797856502e-05,1.2616820974517935
2023-06-09,0.88,0.12,0.0,0.0,-0.0019466928093401833,1.2592259899850107
2023-06-12,0.05,0.12,0.8299999999999998,0.0,-3.97131825703223e-05,1.259175982113373
2023-06-13,0.88,0.12,0.0,0.0,-0.0024828243065586615,1.256049669378747
2023-06-14,0.88,0.12,0.0,0.0,-7.93213616833821e-05,1.25595003780863
2023-06-15,0.05,0.12,0.8300000000000001,0.0,0.0002381214860544567,1.2562491064980432
2023-06-16,0.88,0.12,0.0,0.0,-0.001326082941703415,1.254583215987386
2023-06-20,0.88,0.12,0.0,0.0,-0.00019801980198020706,1.2543347836673884
2023-06-21,0.05,0.12,0.8299999999999998,0.0,-0.000383471074380175,1.253853782560263
2023-06-22,0.05,0.12,0.8299999999999998,0.0,-0.0026625000882870517,1.2505153967534972
2023-06-23,0.05,0.12,0.8299999999999998,0.0,0.0009610499676805226,1.251717204535131
2023-06-26,0.05,0.12,0.8299999999999998,0.0,0.0011488886326495782,1.2531552882027135
2023-06-27,0.05,0.12,0.8299999999999998,0.0,-0.0014030430800131763,1.2513970573474187
2023-06-28,0.05,0.12,0.8299999999999998,0.0,0.0021711260043617764,1.2541139980404075
2023-06-29,0.88,0.12,0.0,0.0,-0.0040201422074704575,1.2490722814239057
2023-06-30,0.88,0.12,0.0,0.0,0.0004247317774582626,1.2496028021141685
2023-07-03,0.88,0.12,0.0,0.0,2.645211065798847e-05,1.2496358567457684
2023-07-05,0.1,0.0,0.0,0.9,-0.00022479338842975593,1.2493549468672271
2023-07-06,0.1,0.0,0.0,0.9,-0.0035194438409732465,1.2449579122942858
2023-07-07,0.1,0.0,0.0,0.9,0.0005888767720829913,1.2456910390910567
2023-07-10,0.1,0.0,0.0,0.9,0.002844376634699075,1.2492342535767014
2023-07-11,0.1,0.0,0.0,0.9,0.00039109179793601624,1.2497228188469758
2023-07-12,0.1,0.0,0.0,0.9,0.004984254533608268,1.2559517554725677
2023-07-13,0.88,0.12,0.0,0.0,0.004373650107991312,1.2614448490035222
2023-07-14,0.88,0.12,0.0,0.0,-0.00017028708656259716,1.261230041235326
2023-07-17,0.88,0.12,0.0,0.0,-0.00020988194140796778,1.2609653318257095
2023-07-18,0.88,0.12,0.0,0.0,0.0002890932982917338,1.2613298684525185
2023-07-19,0.88,0.12,0.0,0.0,0.00013109023377757544,1.2614952164798447
2023-07-20,0.1,0.0,0.0,0.9,-0.00043212570929724415,1.2609500919646484
2023-07-21,0.88,0.12,0.0,0.0,0.00019444744517678193,1.2611952804885262
2023-07-24,0.88,0.12,0.0,0.0,9.192383453711982e-05,1.2613112143948089
2023-07-25,0.88,0.12,0.0,0.0,-0.00017058501913615575,1.2610960535971647
2023-07-26,0.1,0.0,0.0,0.9,-3.942181340339523e-05,1.261046338903856
2023-07-27,0.1,0.0,0.0,0.9,-0.004279230602982564,1.2556500308186396
2023-07-28,0.1,0.0,0.0,0.9,0.0019543973941368088,1.2581040699668191
2023-07-31,0.88,0.12,0.0,0.0,0.0007800650054171632,1.2590854729249732
2023-08-01,0.88,0.12,0.0,0.0,-0.0003797054009820044,1.2586073913706057
2023-08-02,0.1,0.0,0.0,0.9,-0.0004991243432574421,1.2579791897829689
2023-08-03,0.1,0.0,0.0,0.9,-0.002148437500000011,1.2552765001174195
2023-08-04,0.88,0.12,0.0,0.0,0.004600826626060562,1.261051809662228
2023-08-07,0.88,0.12,0.0,0.0,0.00013179571663922472,1.2612180108892015
2023-08-08,0.88,0.12,0.0,0.0,1.3165112451982708e-05,1.2612346149661413
2023-08-09,0.88,0.12,0.0,0.0,0.00015796401930671776,1.2614338446552102
2023-08-10,0.88,0.12,0.0,0.0,0.0001446099912357468,1.2616162605924301
2023-08-11,0.88,0.12,0.0,0.0,-0.00028887186781922924,1.2612518151467618
2023-08-14,0.88,0.12,0.0,0.0,-0.00015794669299112218,1.2610526045935304
2023-08-15,0.88,0.12,0.0,0.0,-0.00022405271828665807,1.2607700623295688
2023-08-16,0.88,0.12,0.0,0.0,-7.922535211267512e-05,1.2606701773774476
2023-08-17,0.88,0.12,0.0,0.0,-0.000541730896278354,1.2599872333923454
2023-08-18,0.88,0.12,0.0,0.0,-0.00019909302068354061,1.2597363787280267
2023-08-21,0.88,0.12,0.0,0.0,-0.00013294925769999022,1.259568897711577
2023-08-22,0.88,0.12,0.0,0.0,0.00013309671694766934,1.259736542196632
2023-08-23,0.88,0.12,0.0,0.0,0.0005317970307999075,1.2604064663493622
2023-08-24,0.88,0.12,0.0,0.0,-0.0001455989410986147,1.2602229525025077
2023-08-25,0.88,0.12,0.0,0.0,-1.325234676972542e-05,1.260206251590934
2023-08-28,0.88,0.12,0.0,0.0,0.0002783300198807126,1.2605570048219932
2023-08-29,0.05,0.12,0.83,0.0,0.00042314049586776646,1.261090397538083
2023-08-30,0.05,0.12,0.83,0.0,0.00036637210040356026,1.2615524258758277
2023-08-31,0.05,0.12,0.83,0.0,0.0016794712827658675,1.26367116694679
2023-09-01,0.88,0.12,0.0,0.0,-0.002276373081292521,1.2607945799187468
2023-09-05,0.88,0.12,0.0,0.0,-0.0003943044906900317,1.2602974429540472
2023-09-06,0.88,0.12,0.0,0.0,-0.00035604395604395213,1.2598487216666658
2023-09-07,0.88,0.12,0.0,0.0,6.613027664499782e-05,1.2599320358111603
2023-09-08,0.88,0.12,0.0,0.0,0.00011896893588896339,1.260081928584753
2023-09-11,0.88,0.12,0.0,0.0,6.602839220864353e-05,1.2601651297685488
2023-09-12,0.88,0.12,0.0,0.0,-9.23889133304101e-05,1.2600487044815927
2023-09-13,0.88,0.12,0.0,0.0,7.925151348375792e-05,1.260148565248486
2023-09-14,0.88,0.12,0.0,0.0,0.00015839841601585468,1.260348170785166
2023-09-15,0.88,0.12,0.0,0.0,-0.00018455454245853265,1.2601155678051683
2023-09-18,0.88,0.12,0.0,0.0,-0.00013202772582241007,1.2599491976124775
2023-09-19,0.88,0.12,0.0,0.0,-0.00021147703491575243,1.259682747292022
2023-09-20,0.88,0.12,0.0,0.0,5.2962595167169724e-05,1.2597494633594057
2023-09-21,0.88,0.12,0.0,0.0,-0.0006882099922796891,1.2588824911909529
2023-09-22,0.88,0.12,0.0,0.0,7.986688851911338e-05,1.2589830342185355
2023-09-25,0.1,0.0,0.0,0.9,-0.0003724642500831221,1.258514108046828
2023-09-26,0.1,0.0,0.0,0.9,-9.867339107544337e-05,1.2583899261920708
2023-09-27,0.1,0.0,0.0,0.9,-0.001973684210526372,1.2559062618640602
2023-09-28,0.1,0.0,0.0,0.9,0.001978021978021971,1.2583904720523627
2023-09-29,0.1,0.0,0.0,0.9,0.000493421052631593,1.2590113884037042
2023-10-02,0.1,0.0,0.0,0.9,-0.003057534246575322,1.2551619179668316
2023-10-03,0.1,0.0,0.0,0.9,-0.00277105784033429,1.2516837916931607
2023-10-04,0.1,0.0,0.0,0.9,0.002978160158835119,1.2554115064930411
2023-10-05,0.1,0.0,0.0,0.9,0.001088390501319214,1.256777884451955
2023-10-06,0.1,0.0,0.0,0.9,-0.0021741517514,1.254045458613353
2023-10-09,0.1,0.0,0.0,0.9,0.0,1.254045458613353
2023-10-10,0.1,0.0,0.0,0.9,0.0046560264171711776,1.2598843273969902
2023-10-11,0.1,0.0,0.0,0.9,0.000985545335085547,1.2611260005186036
2023-10-12,0.1,0.0,0.0,0.9,-0.003642528987092608,1.2565323125053385
2023-10-13,0.1,0.0,0.0,0.9,0.0020757825370675497,1.2591406003368983
2023-10-16,0.1,0.0,0.0,0.9,-0.002169625246548357,1.2564087371014534
2023-10-17,0.1,0.0,0.0,0.9,-0.004547451669595837,1.2506952790922266
2023-10-18,0.1,0.0,0.0,0.9,-0.0013910355486862148,1.2489555174984353
2023-10-19,0.1,0.0,0.0,0.9,-0.0005970809376382058,1.2482097899669788
2023-10-20,0.1,0.0,0.0,0.9,0.0030869661429520747,1.2520629713279081
2023-10-23,0.1,0.0,0.0,0.9,0.0015878266622560532,1.254051030296606
2023-10-24,0.1,0.0,0.0,0.9,0.0,1.254051030296606
2023-10-25,0.1,0.0,0.0,0.9,-0.0030709961474957195,1.250199844413802
2023-10-26,0.1,0.0,0.0,0.9,0.0031809145129224393,1.2541766232429514
2023-10-27,0.1,0.0,0.0,0.9,0.0012876953554918247,1.2557916206556679
2023-10-30,0.1,0.0,0.0,0.9,-0.0013847675568744334,1.2540526411611892
2023-10-31,0.1,0.0,0.0,0.9,0.0002971931755640922,1.2544253370479406
2023-11-01,0.1,0.0,0.0,0.9,0.004753521126760508,1.2603882743895416
2023-11-02,0.1,0.0,0.0,0.9,0.0011821366024518999,1.2618782255019985
2023-11-03,0.88,0.12,0.0,0.0,0.0045255793616089555,1.267588955556194
2023-11-06,0.88,0.12,0.0,0.0,-7.942636514065793e-05,1.2674882755729617
2023-11-07,0.88,0.12,0.0,0.0,-0.00018545093277404055,1.2672532186899765
2023-11-08,0.88,0.12,0.0,0.0,6.63349917081124e-05,1.2673372819217303
2023-11-09,0.88,0.12,0.0,0.0,-0.00035801104972374984,1.2668835611710754
2023-11-10,0.88,0.12,0.0,0.0,6.649673057739668e-05,1.2669678047859156
2023-11-13,0.88,0.12,0.0,0.0,1.3291980505112377e-05,1.2669846452972775
2023-11-14,0.05,0.12,0.83,0.0,0.0011296932107653123,1.2684159492492137
2023-11-15,0.05,0.12,0.83,0.0,-0.0029095593399140183,1.2647254177771798
2023-11-16,0.05,0.12,0.83,0.0,0.0031305313912564545,1.2686846803988512
2023-11-17,0.05,0.12,0.83,0.0,0.0005287400323740221,1.2693554847778379
2023-11-20,0.05,0.12,0.83,0.0,0.0011492473293371508,1.2708142881786981
2023-11-21,0.05,0.12,0.83,0.0,0.0008975884070508821,1.2719549563512818
2023-11-22,0.05,0.12,0.83,0.0,0.0005429793072275735,1.272645601572306
2023-11-24,0.05,0.12,0.83,0.0,-0.0016658021666159605,1.2705256257718727
2023-11-27,0.05,0.12,0.83,0.0,0.0034036942918234912,1.2748501065919278
2023-11-28,0.05,0.12,0.83,0.0,0.0026277501593699793,1.2782000941626974
2023-11-29,0.05,0.12,0.83,0.0,0.004070798204468184,1.283403388810966
2023-11-30,0.05,0.12,0.7134096502815077,0.11659034971849223,-0.0003743526783028617,1.2829229433150215
2023-12-01,0.05,0.12,0.8300000000000001,0.0,0.004942008698966157,1.2892631596609878
2023-12-04,0.05,0.12,0.6697186102720658,0.16028138972793418,-0.0016799829551507352,1.2870972195280537
2023-12-05,0.05,0.12,0.6697186102720658,0.16028138972793418,0.00259865675818904,1.2904419434160266
2023-12-06,0.05,0.12,0.6697186102720658,0.16028138972793418,0.0011695582776470254,1.2919511904727716
2023-12-07,0.05,0.12,0.6697186102720658,0.16028138972793418,-0.0002005176463556197,1.2916921314608516
2023-12-08,0.05,0.12,0.6697186102720658,0.16028138972793418,-0.003207116871200904,1.287549523833646
2023-12-11,0.05,0.12,0.6697186102720658,0.16028138972793418,-9.923589498890794e-05,1.287421752704306
2023-12-12,0.05,0.12,0.6697186102720658,0.16028138972793418,0.001335089028710506,1.2891405753616647
2023-12-13,0.05,0.12,0.6129768307207824,0.2170231692792176,0.008424423268414725,1.3000008412209991
2023-12-14,0.05,0.12,0.6129768307207824,0.2170231692792176,0.005689200434543082,1.3073968065717798
2023-12-15,0.05,0.12,0.6129768307207824,0.2170231692792176,-0.0009642389039385158,1.3061361637079985
2023-12-18,0.05,0.12,0.6129768307207824,0.2170231692792176,-0.0009795336306384999,1.3048567594094533
2023-12-19,0.05,0.12,0.6129768307207824,0.2170231692792176,0.0008651039778711902,1.3059855961825704
2023-12-20,0.05,0.12,0.6129768307207824,0.2170231692792176,0.0022377252523429403,1.3089080331303442
2023-12-21,0.05,0.12,0.6129768307207824,0.2170231692792176,-0.0003396812963080153,1.3084634215529025
2023-12-22,0.05,0.12,0.6129768307207824,0.2170231692792176,0.00016008008536455998,1.308672880489121
2023-12-26,0.05,0.12,0.6129768307207824,0.2170231692792176,7.220225043896145e-05,1.3087673696161808
2023-12-27,0.05,0.12,0.6129768307207824,0.2170231692792176,0.0037500301467180666,1.3136752867072825
2023-12-28,0.05,0.12,0.6129768307207824,0.2170231692792176,-0.0013082791042297618,1.3119566327799403
2023-12-29,0.05,0.12,0.6129768307207824,0.2170231692792176,-0.0003781322634181776,1.3114605396488808
2024-01-02,0.05,0.12,0.6129768307207824,0.2170231692792176,-0.0023433144898821084,1.308387375163413
2024-01-03,0.05,0.12,0.6129768307207824,0.2170231692792176,-0.0005701056855409035,1.3076414560819423
2024-01-04,0.05,0.12,0.6129768307207824,0.2170231692792176,-0.0026518819731178706,1.304173745277257
2024-01-05,0.05,0.12,0.6129768307207824,0.2170231692792176,-0.001120379866394648,1.3027125752707678
2024-01-08,0.05,0.12,0.6129768307207824,0.2170231692792176,0.0016529619873564526,1.3048659096381416
2024-01-09,0.05,0.12,0.6129768307207824,0.2170231692792176,0.0005627877910258115,1.3056002722410118
2024-01-10,0.05,0.12,0.6129768307207824,0.2170231692792176,0.0003808553332983204,1.3060975170678504
2024-01-11,0.05,0.12,0.6129768307207824,0.2170231692792176,0.0028195713845960597,1.3097801522524668
2024-01-12,0.05,0.12,0.6129768307207824,0.2170231692792176,0.0022340711828467063,1.3127062943464787
2024-01-16,0.05,0.12,0.6129768307207824,0.2170231692792176,-0.0035859665254987265,1.3079989735171407
2024-01-17,0.05,0.12,0.6129768307207824,0.2170231692792176,-0.0028381732429284597,1.3042866458287263
2024-01-18,0.05,0.12,0.6129768307207824,0.2170231692792176,-0.00020380551285539717,1.3040208250199627
2024-01-19,0.05,0.12,0.6129768307207824,0.2170231692792176,-0.0003377214372484183,1.303580429232735
2024-01-22,0.05,0.12,0.6129768307207824,0.2170231692792176,0.0013089354166789043,1.3052867318250472
2024-01-23,0.05,0.12,0.6129768307207824,0.2170231692792176,-0.0008043394851629413,1.304236838167181
2024-01-24,0.05,0.12,0.6129768307207824,0.2170231692792176,-0.0007537417860068577,1.303253780363405
2024-01-25,0.05,0.12,0.6129768307207824,0.2170231692792176,0.002533043370614169,1.3065549787119823
2024-01-26,0.05,0.12,0.6129768307207824,0.2170231692792176,-0.00047986839381316474,1.305928004272919
2024-01-29,0.05,0.12,0.6129768307207824,0.2170231692792176,0.002085858509661135,1.3086519853136365
2024-01-30,0.05,0.12,0.6129768307207824,0.2170231692792176,-0.0004999016987163554,1.3079977879631497
2024-01-31,0.05,0.12,0.6129768307207824,0.2170231692792176,0.004356253736127338,1.3136957582138102
2024-02-01,0.05,0.12,0.6129768307207824,0.2170231692792176,0.002069878768913463,1.3164149491725488
2024-02-02,0.05,0.12,0.6129768307207824,0.2170231692792176,-0.0053966877264614715,1.3093106687734188
2024-02-05,0.05,0.12,0.6129768307207824,0.2170231692792176,-0.004028190092557242,1.3040365165093861
2024-02-06,0.05,0.12,0.6129768307207824,0.2170231692792176,0.0028278036809279384,1.3077240757708357
2024-02-07,0.05,0.12,0.6129768307207824,0.2170231692792176,-0.0005833078864963669,1.3069612700040774
2024-02-08,0.05,0.12,0.6129768307207824,0.2170231692792176,-0.0015015779479583763,1.3049987657822035
2024-02-09,0.05,0.12,0.6129768307207824,0.2170231692792176,-0.0005659054591320227,1.3042602598564867
2024-02-12,0.05,0.12,0.6129768307207824,0.2170231692792176,0.0003380361498083559,1.3047011469730767
2024-02-13,0.05,0.12,0.6129768307207824,0.2170231692792176,-0.00601577047954244,1.2968523643284908
2024-02-14,0.05,0.12,0.6129768307207824,0.2170231692792176,0.0021976092331940714,1.2997023390584288
2024-02-15,0.05,0.12,0.6129768307207824,0.2170231692792176,0.0016246865026538421,1.3018139479061648
2024-02-16,0.05,0.12,0.6129768307207824,0.2170231692792176,-0.0019416193449415975,1.2992863207613954
2024-02-20,0.05,0.12,0.6129768307207824,0.2170231692792176,0.0012991512026092093,1.3009742901475463
2024-02-21,0.05,0.12,0.6674660502600744,0.16253394973992544,-0.0013740687374184345,1.2991866620472694
2024-02-22,0.05,0.12,0.6674660502600744,0.16253394973992544,0.00022390848552306453,1.2994775609651803
2024-02-23,0.05,0.12,0.6674660502600744,0.16253394973992544,0.001205981697027412,1.301044707119402
2024-02-26,0.05,0.12,0.7313923749773918,0.09860762502260803,-0.0013223907512629107,1.2993242176317277
2024-02-27,0.05,0.12,0.7313923749773918,0.09860762502260803,-0.0008087168325165333,1.2982734322660325
2024-02-28,0.05,0.12,0.7313923749773918,0.09860762502260803,0.0008790869426533653,1.2994147274883314
2024-02-29,0.05,0.12,0.7313923749773918,0.09860762502260803,0.000979458753418106,1.3006874506174904
2024-03-01,0.05,0.12,0.7313923749773918,0.09860762502260803,0.002490931453363671,1.3039273738992287
2024-03-04,0.05,0.12,0.7313923749773918,0.09860762502260803,-0.0007251703852182157,1.3029818043832015
2024-03-05,0.05,0.12,0.663139478299424,0.16686052170057586,0.001998753927527359,1.3055861443822092
2024-03-06,0.05,0.12,0.663139478299424,0.16686052170057586,0.0009683221884980773,1.3068503724148104
2024-03-07,0.05,0.12,0.663139478299424,0.16686052170057586,0.0013093640547686162,1.3085615153174113
2024-03-08,0.05,0.12,0.663139478299424,0.16686052170057586,0.0011329933614046632,1.3100441068272555
2024-03-11,0.05,0.12,0.663139478299424,0.16686052170057586,-0.0009335144300546347,1.3088211617495242
2024-03-12,0.05,0.12,0.663139478299424,0.16686052170057586,-0.0014722119223935437,1.3068942996309156
2024-03-13,0.05,0.12,0.663139478299424,0.16686052170057586,-0.0005376568470168256,1.3061916389623918
2024-03-14,0.05,0.12,0.7233892092427124,0.10661079075728755,-0.0031651944649824845,1.3020572884165416
2024-03-15,0.05,0.12,0.7233892092427124,0.10661079075728755,-0.001014713907363809,1.3007360727778008
2024-03-18,0.05,0.12,0.8299999999999998,0.0,6.986918663784163e-05,1.3008269541492363
2024-03-19,0.05,0.12,0.8299999999999998,0.0,0.0016165680363734,1.302929829424167
2024-03-20,0.05,0.12,0.8299999999999998,0.0,0.0013251869798798065,1.3046564550698168
2024-03-21,0.05,0.12,0.7404447447975024,0.08955525520249745,0.000701755697005435,1.305572005169797
2024-03-22,0.05,0.12,0.7404447447975024,0.08955525520249745,0.0018891997986831294,1.30803849153913
2024-03-25,0.05,0.12,0.7404447447975024,0.08955525520249745,-0.0012312262847777437,1.306428000166846
2024-03-26,0.05,0.12,0.7404447447975024,0.08955525520249745,4.037884488806765e-05,1.3064807522204223
2024-03-27,0.05,0.12,0.7404447447975024,0.08955525520249745,0.001136270853299751,1.3079652682195675
2024-03-28,0.05,0.12,0.7404447447975024,0.08955525520249745,-0.0005236820834620699,1.30728031024281
2024-04-01,0.05,0.12,0.7404447447975024,0.08955525520249745,-0.0028381766912079173,1.3035700177374039
2024-04-02,0.05,0.12,0.7404447447975024,0.08955525520249745,-0.0006315753278435139,1.3027467150760843
2024-04-03,0.05,0.12,0.7404447447975024,0.08955525520249745,0.0009008289967386366,1.303920267092431
2024-04-04,0.05,0.12,0.7404447447975024,0.08955525520249745,0.0014137552637097778,1.3057636912334907
2024-04-05,0.05,0.12,0.7404447447975024,0.08955525520249745,-0.0031776905503938333,1.3016143782908107
2024-04-08,0.05,0.12,0.83,0.0,-0.0008402603097230207,1.3005206833901681
2024-04-09,0.05,0.12,0.83,0.0,0.0020169311344583373,1.3031437440475049
2024-04-10,0.05,0.12,0.83,0.0,-0.0072257673122351675,1.2937275305786227
2024-04-11,0.05,0.12,0.83,0.0,-0.0006819751427792474,1.292845240561239
2024-04-12,0.05,0.12,0.83,0.0,0.0010059904971326228,1.2941458305875069
2024-04-15,0.05,0.12,0.83,0.0,-0.003186802637979795,1.2900216432406602
2024-04-16,0.05,0.12,0.83,0.0,-0.00303482376000569,1.2861066549068318
2024-04-17,0.05,0.12,0.83,0.0,0.002519561407848483,1.2893470796009123
2024-04-18,0.05,0.12,0.83,0.0,-0.001667204669819623,1.2871974741287835
2024-04-19,0.05,0.12,0.83,0.0,0.0007480120666821643,1.2881603133716346
2024-04-22,0.05,0.12,0.83,0.0,0.000762926240372701,1.2891430846765126
2024-04-23,0.05,0.12,0.83,0.0,0.002038984966529551,1.2917716280458738
2024-04-24,0.05,0.12,0.83,0.0,-0.0011480053412727042,1.2902886673171725
2024-04-25,0.05,0.12,0.83,0.0,-0.0023645053817163073,1.2872377728193336
2024-04-26,0.05,0.12,0.83,0.0,0.001572531142643787,1.2892619943050794
2024-04-29,0.05,0.12,0.83,0.0,0.0018468547898303012,1.2916430739946079
2024-04-30,0.05,0.12,0.83,0.0,-0.0018259713769633455,1.2892845707122407
2024-05-01,0.05,0.12,0.83,0.0,0.001959540076912256,1.291810975499096
2024-05-02,0.05,0.12,0.83,0.0,0.0031556301906733087,1.295887453214024
2024-05-03,0.05,0.12,0.83,0.0,0.0036616890333450746,1.3006325900899076
2024-05-06,0.05,0.12,0.83,0.0,0.0008025773796489299,1.301676448385948
2024-05-07,0.05,0.12,0.83,0.0,0.0007384574073749129,1.302637681001264
2024-05-08,0.05,0.12,0.83,0.0,-0.0012388294915127085,1.3010239350252841
2024-05-09,0.05,0.12,0.83,0.0,0.0007382570810484169,1.30198442515793
2024-05-10,0.05,0.12,0.7544221338230592,0.07557786617694061,-0.0016513895717841951,1.2998343416555986
2024-05-13,0.05,0.12,0.8300000000000001,0.0,0.00022119175926897636,1.3001218543003876
2024-05-14,0.05,0.12,0.8300000000000001,0.0,0.0013404621016457497,1.3018646183735987
2024-05-15,0.05,0.12,0.7004494994718544,0.12955050052814546,0.003905313628058158,1.3069488080096199
2024-05-16,0.05,0.12,0.7004494994718544,0.12955050052814546,-0.0010777373913420129,1.305540260410658
2024-05-17,0.05,0.12,0.7004494994718544,0.12955050052814546,-0.0011633038324816893,1.3040215204222634
2024-05-20,0.05,0.12,0.7004494994718544,0.12955050052814546,-0.00039083113497694765,1.3035118682114024
2024-05-21,0.05,0.12,0.7004494994718544,0.12955050052814546,0.0009521555369078642,1.304753014254145
2024-05-22,0.05,0.12,0.7004494994718544,0.12955050052814546,-0.0011631981013950539,1.3032353280251752
2024-05-23,0.05,0.12,0.8299999999999998,0.0,-0.0020540092120245918,1.3005584706559756
2024-05-24,0.05,0.12,0.8299999999999998,0.0,0.00022504895333973034,1.300851159978554
2024-05-28,0.05,0.12,0.8299999999999998,0.0,-0.001840529059765987,1.2984569056161832
2024-05-29,0.05,0.12,0.8299999999999998,0.0,-0.0022479171368133795,1.295538082086635
2024-05-30,0.05,0.12,0.8299999999999998,0.0,0.002213140277120342,1.298405289596644
2024-05-31,0.05,0.12,0.8299999999999998,0.0,0.0031793386702707125,1.3025333597435427
2024-06-03,0.05,0.12,0.8299999999999998,0.0,0.0029525161866331,1.306379110571815
2024-06-04,0.05,0.12,0.8299999999999998,0.0,0.002006959639172738,1.3090009607201911
2024-06-05,0.05,0.12,0.8299999999999998,0.0,0.001319569129635738,1.310728277978621
2024-06-06,0.05,0.12,0.7238495104331986,0.10615048956680138,-0.00026073298429319487,1.3103865278831062
2024-06-07,0.05,0.12,0.8300000000000001,0.0,-0.004807008974839742,1.3040874880830629
2024-06-10,0.05,0.12,0.8300000000000001,0.0,-0.000774652878163461,1.3030772729570423
2024-06-11,0.05,0.12,0.8300000000000001,0.0,0.002062483775995614,1.305764848691385
2024-06-12,0.05,0.12,0.8300000000000001,0.0,0.0032958399569485786,1.310068440654081
2024-06-13,0.05,0.12,0.8300000000000001,0.0,0.002385813789405329,1.3131940200048582
2024-06-14,0.05,0.12,0.6258681308151399,0.2041318691848599,-0.0006595188224040771,1.3123279438311966
2024-06-17,0.05,0.12,0.6258681308151399,0.2041318691848599,-0.0024307686340278,1.3091379782277734
2024-06-18,0.05,0.12,0.83,0.0,0.002228977908872621,1.3120560178609093
2024-06-20,0.05,0.12,0.65778522020965,0.17221477979034985,-0.0011912523668145781,1.310493028024239
2024-06-21,0.05,0.12,0.8300000000000001,0.0,-4.43474260330799e-05,1.3104349110316118
2024-06-24,0.05,0.12,0.6588799580136215,0.17112004198637829,0.0005224012589512306,1.3111194838789084
2024-06-25,0.05,0.12,0.6588799580136215,0.17112004198637829,0.00013037040040195504,1.3112904150509963
2024-06-26,0.05,0.12,0.6588799580136215,0.17112004198637829,-0.0027623793614393577,1.3076681334716063
2024-06-27,0.05,0.12,0.8299999999999998,0.0,0.0010819675015417696,1.3090829878948242
2024-06-28,0.05,0.12,0.6873147797989023,0.1426852202010976,-0.0013805309126041086,1.3072757583628711
2024-07-01,0.05,0.12,0.8299999999999998,0.0,-0.002108170789361613,1.30451979779545
2024-07-02,0.05,0.12,0.8299999999999998,0.0,0.001786078485829938,1.3068497725406316
2024-07-03,0.05,0.12,0.8299999999999998,0.0,0.003116531079643596,1.3109226104731795
2024-07-05,0.05,0.12,0.6212135068276321,0.20878649317236794,0.0029945003520843966,1.3148481686917968
2024-07-08,0.05,0.12,0.6212135068276321,0.20878649317236794,0.00025796333198682415,1.3151873513064491
2024-07-09,0.05,0.12,0.6212135068276321,0.20878649317236794,-0.00038092640790621035,1.3146863617129922
2024-07-10,0.05,0.12,0.6212135068276321,0.20878649317236794,0.0003511235126602512,1.3151479790063636
2024-07-11,0.05,0.12,0.6212135068276321,0.20878649317236794,0.003393320227193561,1.3196106972452788
2024-07-12,0.05,0.12,0.6212135068276321,0.20878649317236794,0.0015164864680481823,1.3216118690107428
2024-07-15,0.05,0.12,0.6212135068276321,0.20878649317236794,-0.0006354730317310088,1.3207720203095707
2024-07-16,0.05,0.12,0.6212135068276321,0.20878649317236794,0.0014851270827469345,1.322733534607067
2024-07-17,0.05,0.12,0.6212135068276321,0.20878649317236794,0.00011811765001989148,1.3228897727837772
2024-07-18,0.05,0.12,0.6212135068276321,0.20878649317236794,-0.0013395395754097867,1.3211177095792284
2024-07-19,0.05,0.12,0.6212135068276321,0.20878649317236794,-0.0014431991201940028,1.3192110736630909
2024-07-22,0.05,0.12,0.6212135068276321,0.20878649317236794,-0.00017075288697919743,1.3189858145637279
2024-07-23,0.05,0.12,0.6212135068276321,0.20878649317236794,0.0004405703854887055,1.3195669206525042
2024-07-24,0.05,0.12,0.6212135068276321,0.20878649317236794,-0.00084892130411788,1.3184467121813532
2024-07-25,0.05,0.12,0.6212135068276321,0.20878649317236794,0.00044101264125293575,1.3190281638482435
2024-07-26,0.05,0.12,0.6212135068276321,0.20878649317236794,0.0021274071025711647,1.3218342737325057
2024-07-29,0.05,0.12,0.566637756119247,0.26336224388075297,0.0005521480452310915,1.3225641219428665
2024-07-30,0.05,0.12,0.566637756119247,0.26336224388075297,0.0005900915678953582,1.323344555879226
2024-07-31,0.05,0.12,0.566637756119247,0.26336224388075297,0.004265601781001049,1.3289894167736624
2024-08-01,0.05,0.12,0.5137742351569854,0.31622576484301457,0.0019481912645874266,1.33157854234615
2024-08-02,0.05,0.12,0.5137742351569854,0.31622576484301457,0.0059649964299229325,1.3395214035974066
2024-08-05,0.05,0.12,0.4330562398293756,0.3969437601706243,-0.0020118948893212652,1.3368264273313724
2024-08-06,0.05,0.12,0.4330562398293756,0.3969437601706243,-0.002526629876612417,1.3334487617402317
2024-08-07,0.05,0.12,0.4330562398293756,0.3969437601706243,-0.0006475566029286843,1.3325852781898997
2024-08-08,0.05,0.12,0.4899387292436034,0.3400612707563967,-0.0010198087560239779,1.331226296055053
2024-08-09,0.05,0.12,0.4899387292436034,0.3400612707563967,0.0011999065834543288,1.3328236432517568
2024-08-12,0.05,0.12,0.4899387292436034,0.3400612707563967,0.0012981067931457412,1.3345537906771272
2024-08-13,0.05,0.12,0.4899387292436034,0.3400612707563967,0.002310504288192939,1.337637282933311
2024-08-14,0.05,0.12,0.4899387292436034,0.3400612707563967,0.0008456066520351896,1.3387683979177698
2024-08-15,0.05,0.12,0.4899387292436034,0.3400612707563967,-0.0025059444757992376,1.3354135186466332
2024-08-16,0.05,0.12,0.4899387292436034,0.3400612707563967,0.001105365187368611,1.3368896382608866
2024-08-19,0.05,0.12,0.4899387292436034,0.3400612707563967,0.0007065098634670364,1.3378341639766849
2024-08-20,0.05,0.12,0.4899387292436034,0.3400612707563967,0.0017424617073562164,1.3401652887782072
2024-08-21,0.05,0.12,0.4899387292436034,0.3400612707563967,0.0015131942944750518,1.3421932192468398
2024-08-22,0.05,0.12,0.4899387292436034,0.3400612707563967,-0.00206740437534549,1.3394183631128098
2024-08-23,0.05,0.12,0.4899387292436034,0.3400612707563967,0.002789500317890252,1.3431546710625009
2024-08-26,0.05,0.12,0.4899387292436034,0.3400612707563967,-0.0003361494557734898,1.3427031703508034
2024-08-27,0.05,0.12,0.4899387292436034,0.3400612707563967,0.00021641784737700114,1.3429937552805968
2024-08-28,0.05,0.12,0.4899387292436034,0.3400612707563967,-0.0002693161097274909,1.3426320654270363
2024-08-29,0.05,0.12,0.4899387292436034,0.3400612707563967,-0.0007277265249133707,1.3416549964598259
2024-08-30,0.05,0.12,0.5482860525219557,0.28171394747804407,-0.0010154357676782628,1.3402926319885364
2024-09-03,0.05,0.12,0.5482860525219557,0.28171394747804407,0.002071626730978413,1.3430692180322972
2024-09-04,0.05,0.12,0.5482860525219557,0.28171394747804407,0.002745830006857473,1.3467570577924568
2024-09-05,0.05,0.12,0.5482860525219557,0.28171394747804407,0.000920149741610048,1.347996275951196
2024-09-06,0.05,0.12,0.5482860525219557,0.28171394747804407,0.0012293161525354862,1.3496533895467804
2024-09-09,0.05,0.12,0.5482860525219557,0.28171394747804407,0.00034164067289580943,1.3501144860389611
2024-09-10,0.05,0.12,0.5482860525219557,0.28171394747804407,0.0016976954144201522,1.3524065692108516
2024-09-11,0.05,0.12,0.5482860525219557,0.28171394747804407,-0.000804117045575762,1.3513190760360003
2024-09-12,0.05,0.12,0.5482860525219557,0.28171394747804407,-0.0002778514300240143,1.350943610098305
2024-09-13,0.05,0.12,0.5482860525219557,0.28171394747804407,0.0016667750987332307,1.3531953292674095
2024-09-16,0.05,0.12,0.5482860525219557,0.28171394747804407,0.0013596157359518405,1.355035154930898
2024-09-17,0.05,0.12,0.5482860525219557,0.28171394747804407,-0.0004992251025076421,1.3543586873667763
2024-09-18,0.05,0.12,0.5482860525219557,0.28171394747804407,-0.00131720180635693,1.3525747236573216
2024-09-19,0.05,0.12,0.5482860525219557,0.28171394747804407,0.0010090356151799974,1.353939519725684
2024-09-20,0.05,0.12,0.5482860525219557,0.28171394747804407,-0.0001767041128643146,1.353700273043979
2024-09-23,0.05,0.12,0.5482860525219557,0.28171394747804407,-0.00019548819303352618,1.3534356406236927
2024-09-24,0.05,0.12,0.5482860525219557,0.28171394747804407,0.0009401618497100867,1.3547080891790448
2024-09-25,0.05,0.12,0.5482860525219557,0.28171394747804407,-0.0017445794050946668,1.352344693346748
2024-09-26,0.05,0.12,0.5482860525219557,0.28171394747804407,-0.0008183013130969386,1.3512380679084228
2024-09-27,0.05,0.12,0.5482860525219557,0.28171394747804407,0.0019455783166656406,1.3538670073939985
2024-09-30,0.05,0.12,0.5482860525219557,0.28171394747804407,-0.001308357001125816,1.3520956660162813
2024-10-01,0.05,0.12,0.5482860525219557,0.28171394747804407,0.001494707981148907,1.3541166541995526
2024-10-02,0.05,0.12,0.5482860525219557,0.28171394747804407,-0.0008900064553334945,1.3529114816360404
2024-10-03,0.05,0.12,0.5482860525219557,0.28171394747804407,-0.002218357510886103,1.3499102402891892
2024-10-04,0.05,0.12,0.5482860525219557,0.28171394747804407,-0.00483888424871311,1.3433781808902772
2024-10-07,0.05,0.12,0.5482860525219557,0.28171394747804407,-0.00198295696709885,1.3407143197670321
2024-10-08,0.05,0.12,0.5482860525219557,0.28171394747804407,0.00022904694575316887,1.3410214062871022
2024-10-09,0.05,0.12,0.5482860525219557,0.28171394747804407,-0.0014719012889422363,1.339047555150689
2024-10-10,0.05,0.12,0.5482860525219557,0.28171394747804407,0.00048308839064129644,1.339694433479099
2024-10-11,0.05,0.12,0.5482860525219557,0.28171394747804407,0.00044645731434304913,1.3402925498579104
2024-10-14,0.05,0.12,0.5482860525219557,0.28171394747804407,0.0,1.3402925498579104
2024-10-15,0.05,0.12,0.5482860525219557,0.28171394747804407,0.0012630653322897676,1.3419854269127622
2024-10-16,0.05,0.12,0.5482860525219557,0.28171394747804407,0.0008549158483655368,1.3431327115225056
2024-10-17,0.05,0.12,0.5482860525219557,0.28171394747804407,-0.0019658208630888544,1.3404923532162976
2024-10-18,0.05,0.12,0.5482860525219557,0.28171394747804407,0.0004391920866508632,1.3410810868500462
2024-10-21,0.05,0.12,0.5482860525219557,0.28171394747804407,-0.003755044623517459,1.336045267525169
2024-10-22,0.05,0.12,0.5482860525219557,0.28171394747804407,-0.0009150805836265663,1.3348226784420107
2024-10-23,0.05,0.12,0.5482860525219557,0.28171394747804407,-0.0015014997741345205,1.3328184424918204
2024-10-24,0.05,0.12,0.5482860525219557,0.28171394747804407,0.0007555894048524999,1.3338255059855593
2024-10-25,0.05,0.12,0.6024155559322456,0.22758444406775435,-0.0007891897517506626,1.3327728645656118
2024-10-28,0.05,0.12,0.6608235085368903,0.16917649146310973,-0.0009556378688432975,1.331499216345666
2024-10-29,0.05,0.12,0.6608235085368903,0.16917649146310973,0.00020147372030089301,1.331767478446361
2024-10-30,0.05,0.12,0.6608235085368903,0.16917649146310973,-0.0008669734876349052,1.3306128713508536
2024-10-31,0.05,0.12,0.6608235085368903,0.16917649146310973,-0.0007982880906931986,1.3295506589423312
2024-11-01,0.05,0.12,0.6608235085368903,0.16917649146310973,-0.002285375179917019,1.326512136865942
2024-11-04,0.05,0.12,0.6608235085368903,0.16917649146310973,0.0022244728661732502,1.3294629271210499
2024-11-05,0.05,0.12,0.6608235085368903,0.16917649146310973,0.0001895134342867293,1.3297148782061254
2024-11-06,0.05,0.12,0.7524409066757067,0.0775590933242933,-0.0027241443281116047,1.3260925429626547
2024-11-07,0.05,0.12,0.8300000000000001,0.0,0.004370492085803869,1.3318882199267166
2024-11-08,0.05,0.12,0.6735726401327777,0.15642735986722242,0.0006355675953727658,1.3327347249199608
2024-11-11,0.05,0.12,0.6735726401327777,0.15642735986722242,0.0,1.3327347249199608
2024-11-12,0.05,0.12,0.7656680976042205,0.06433190239577943,-0.004162770969422558,1.3271868554971227
2024-11-13,0.05,0.12,0.83,0.0,9.774386220063534e-05,1.327316579866241
2024-11-14,0.05,0.12,0.83,0.0,-0.001262723617204958,1.3256405458733362
2024-11-15,0.05,0.12,0.83,0.0,-0.00018320600685120203,1.3253976805624068
2024-11-18,0.05,0.12,0.83,0.0,0.0011662178283774515,1.3269433829671688
2024-11-19,0.05,0.12,0.83,0.0,0.0008583847909645348,1.3280824109855789
2024-11-20,0.05,0.12,0.83,0.0,-0.0010534429351885522,1.326683351952378
2024-11-21,0.05,0.12,0.83,0.0,-0.0004170120631934571,1.326130108990576
2024-11-22,0.05,0.12,0.83,0.0,-0.00019630937637008628,1.3258697772158945
2024-11-25,0.05,0.12,0.83,0.0,0.004835664190778042,1.3322812382192124
2024-11-26,0.05,0.12,0.7366525424969804,0.09334745750301937,-0.001245356650288648,1.3306220729191414
2024-11-27,0.05,0.12,0.83,0.0,0.0014157658732948395,1.3325059222402333
2024-11-29,0.05,0.12,0.83,0.0,0.0020750494451559453,1.335270937914845
2024-12-02,0.05,0.12,0.668634401124091,0.16136559887590904,0.0007193549903952356,1.3362314717275638
2024-12-03,0.05,0.12,0.668634401124091,0.16136559887590904,-0.0005543366215982751,1.335490749687853
2024-12-04,0.05,0.12,0.83,0.0,0.0017868835340678945,1.3378771161183702
2024-12-05,0.05,0.12,0.83,0.0,-0.0001458133991136179,1.3376820357084727
2024-12-06,0.05,0.12,0.83,0.0,0.0013980662615248086,1.3395522038312444
2024-12-09,0.05,0.12,0.7156320646241294,0.1143679353758706,-0.001274557439415095,1.3378448676043664
2024-12-10,0.05,0.12,0.83,0.0,-0.0006327254804604675,1.3369983790677298
2024-12-11,0.05,0.12,0.83,0.0,-0.0005716153201727336,1.3362341303112086
2024-12-12,0.05,0.12,0.83,0.0,-0.0018743303422395728,1.3337295861364302
2024-12-13,0.05,0.12,0.83,0.0,-0.0021706892246266063,1.3308344736952382
2024-12-16,0.05,0.12,0.83,0.0,6.113455586572281e-05,1.3309158336697182
2024-12-17,0.05,0.12,0.83,0.0,-0.0005621696294818646,1.3301676332086325
2024-12-18,0.88,0.12,0.0,0.0,-0.004280052414645381,1.3244744460182347
2024-12-19,0.88,0.12,0.0,0.0,-0.0006629156010230197,1.323596431244813
2024-12-20,0.88,0.12,0.0,0.0,0.0002098549531941174,1.3238741945119399
2024-12-23,0.88,0.12,0.0,0.0,-0.00012322858903264232,1.3237110553628935
2024-12-24,0.88,0.12,0.0,0.0,0.0,1.3237110553628935
2024-12-26,0.88,0.12,0.0,0.0,0.0,1.3237110553628935
2024-12-27,0.88,0.12,0.0,0.0,2.4671052631566326e-05,1.3237437127080092
2024-12-30,0.88,0.12,0.0,0.0,-2.4665981500504584e-05,1.32371106127008
2024-12-31,0.88,0.12,0.0,0.0,0.0001850328947368407,1.323955991359542
2025-01-02,0.88,0.12,0.0,0.0,0.00016011495432617371,1.3241679765126284
2025-01-03,0.88,0.12,0.0,0.0,0.00015990159901598132,1.3243797130894384
2025-01-06,0.88,0.12,0.0,0.0,0.00015968881154673653,1.3245912017118582
2025-01-07,0.88,0.12,0.0,0.0,-0.00024534859946839126,1.3242662151156501
2025-01-08,0.88,0.12,0.0,0.0,-0.00011063306699446772,1.3241197074827549
2025-01-10,0.88,0.12,0.0,0.0,-0.00035681328821901114,1.3236472439759324
2025-01-13,0.1,0.0,0.0,0.9,-0.00025915261209378035,1.3233042173351652
2025-01-14,0.1,0.0,0.0,0.9,0.0003813559322034088,1.323808867248556
2025-01-15,0.88,0.12,0.0,0.0,0.004383735705209691,1.3296120954467867
2025-01-16,0.88,0.12,0.0,0.0,0.00011056511056509066,1.3297591041551284
2025-01-17,0.88,0.12,0.0,0.0,0.00020865296103098174,1.3300365623296684
2025-01-21,0.88,0.12,0.0,0.0,0.00019603839085154283,1.330297300557121
2025-01-22,0.88,0.12,0.0,0.0,0.0,1.330297300557121
2025-01-23,0.88,0.12,0.0,0.0,-8.562691131497767e-05,1.3301833913081438
2025-01-24,0.88,0.12,0.0,0.0,0.00011017035601345703,1.3303299380859273
2025-01-27,0.88,0.12,0.0,0.0,3.6689767631461475e-05,1.3303787475822286
2025-01-28,0.88,0.12,0.0,0.0,2.4452368823224544e-05,1.3304112784940392
2025-01-29,0.05,0.12,0.8300000000000001,0.0,-2.444738718549555e-05,1.3303787534143978
2025-01-30,0.05,0.12,0.8300000000000001,0.0,0.0009691599739576008,1.3316681032524107
2025-01-31,0.05,0.12,0.8300000000000001,0.0,0.00013468353117228825,1.3318474570149061
2025-02-03,0.05,0.12,0.8300000000000001,0.0,-0.00091850801528221,1.3306241444505047
2025-02-04,0.05,0.12,0.8300000000000001,0.0,0.0013247372918774758,1.3323868718761307
2025-02-05,0.05,0.12,0.8300000000000001,0.0,0.002400683303945346,1.3355855107938397
2025-02-06,0.05,0.12,0.8300000000000001,0.0,-0.0007576698682580063,1.3345735778958292
2025-02-07,0.88,0.12,0.0,0.0,-0.0022131369903815013,1.3316199837442022
2025-02-10,0.05,0.12,0.8300000000000001,0.0,7.331228999082562e-05,1.331717607854608
2025-02-11,0.05,0.12,0.8300000000000001,0.0,-0.000808701317615277,1.3306406460704445
2025-02-12,0.88,0.12,0.0,0.0,-0.0027354187130015544,1.327000786746903
2025-02-13,0.88,0.12,0.0,0.0,0.0002204756558130061,1.3272933581156254
2025-02-14,0.05,0.12,0.8300000000000001,0.0,0.00022007131940904757,1.327585457316189
2025-02-18,0.88,0.12,0.0,0.0,-0.0017615679998777437,1.3252468252574778
2025-02-19,0.88,0.12,0.0,0.0,-0.00010987892969783085,1.3251012085547331
2025-02-20,0.05,0.12,0.8300000000000001,0.0,6.109979633399654e-05,1.3251821719686976
2025-02-21,0.05,0.12,0.8300000000000001,0.0,0.002130017959065183,1.3280048337940238
2025-02-24,0.05,0.12,0.8300000000000001,0.0,0.0007325146652389459,1.3289776168102863
2025-02-25,0.05,0.12,0.8300000000000001,0.0,0.002683652019854197,1.3325441302759802
2025-02-26,0.05,0.12,0.5381342824578446,0.2918657175421553,0.0011316148039806585,1.334052056940758
2025-02-27,0.05,0.12,0.5381342824578446,0.2918657175421553,-0.0003854648555935275,1.333537826757275
2025-02-28,0.05,0.12,0.480725078211089,0.349274921788911,0.002159472835138704,1.336417565468787
2025-03-03,0.05,0.12,0.480725078211089,0.349274921788911,0.0010606677857015324,1.3378350605287255
2025-03-04,0.05,0.12,0.4069784998413782,0.42302150015862183,-0.0010989447231638104,1.3363648537484938
2025-03-05,0.05,0.12,0.49979573673633415,0.3302042632636658,-0.0019176553003953031,1.333802166603441
2025-03-06,0.05,0.12,0.8299999999999998,0.0,-0.0003313355948062726,1.3333602304692156
2025-03-07,0.88,0.12,0.0,0.0,-0.0009362182116488791,1.3321119143387619
2025-03-10,0.05,0.0,0.95,0.0,-0.00026892125904043774,1.331753681125575
2025-03-11,0.05,0.0,0.0,0.95,-0.0029176904176905602,1.3278680361714308
2025-03-12,0.05,0.0,0.0,0.95,-0.0014772962886170082,1.3259063816498216
2025-03-13,0.05,0.0,0.0,0.95,0.001775516561104795,1.3282605503889153
2025-03-14,0.05,0.0,0.0,0.95,-0.0021660275676236183,1.325383501419786
2025-03-17,0.05,0.0,0.0,0.95,-0.0001973615872026213,1.3251219216282935
2025-03-18,0.05,0.0,0.05,0.8999999999999999,0.0005922077922079105,1.3259066691559072
2025-03-19,0.05,0.054447612810315245,0.2581010466293087,0.637451340560376,0.001717101939350163,1.3281833860689123
2025-03-20,0.05,0.12,0.33634700635531084,0.4936529936446892,0.0008488437952683434,1.3293108062951553
2025-03-21,0.05,0.12,0.28094415208046686,0.549055847919533,-0.0002781235656423261,1.3289410936338617
2025-03-24,0.05,0.12,0.338451287702379,0.4915487122976209,-0.002233405975475989,1.3259730286542843
2025-03-25,0.05,0.12,0.338451287702379,0.4915487122976209,0.000805344756592452,1.3270408940802942
2025-03-26,0.05,0.08254773350339456,0.20705794084048249,0.6603943256561229,-0.001227183117464405,1.3254123718988942
2025-03-27,0.05,0.0,0.2345338281778787,0.7154661718221212,-0.00016867657716801188,1.325188805876666
2025-03-28,0.05,0.0,0.30340386148028065,0.6465961385197193,0.003422455055779082,1.3297242050052005
2025-03-31,0.05,0.0,0.3547196444693283,0.5952803555306717,0.0014746608977065506,1.3316850972950556
2025-04-01,0.05,0.05,0.3562328888518852,0.5437671111481146,0.0011372519137519289,1.3331995587204695
2025-04-02,0.05,0.05,0.3562328888518852,0.5437671111481146,-0.0005684639335826776,1.3324416828550685
2025-04-03,0.05,0.05,0.3562328888518852,0.5437671111481146,0.004059965213656736,1.3378513497366864
2025-04-04,0.05,0.0,0.31700416617198035,0.6329958338280197,-0.0010381376440869818,1.3364624758883321
2025-04-07,0.05,0.0,0.12841560864388582,0.821584391356114,-0.005967345064831268,1.3284873431285076
2025-04-08,0.05,0.0,0.12841560864388582,0.821584391356114,-0.0008809257731403657,1.3273170443886548
2025-04-09,0.05,0.0,0.0,0.95,-0.00329424768308512,1.3229445332904581
2025-04-10,0.05,0.0,0.0,0.95,-0.0011792696803558488,1.3213844249135562
2025-04-11,0.05,0.0,0.0,0.95,-0.0033454168824444074,1.3169638431502513
2025-04-14,0.05,0.0,0.0,0.95,0.00404843571354333,1.322295486606306
2025-04-15,0.05,0.0,0.12040674655699077,0.8295932534430093,0.0009832332850341352,1.3235956115413876
2025-04-16,0.05,0.0,0.18208657482559545,0.7679134251744045,0.002505412445996207,1.3269117644600095
2025-04-17,0.05,0.0,0.18208657482559545,0.7679134251744045,-0.000848229486824477,1.3257862387749801
2025-04-21,0.05,0.0,0.08188400874712347,0.8681159912528764,-0.001224655528506674,1.3241626073280464
2025-04-22,0.05,0.0,0.08188400874712347,0.8681159912528764,-0.0004231503924215137,1.3236022874011257
2025-04-23,0.05,0.0,0.08188400874712347,0.8681159912528764,-0.0004539076058308918,1.3230014942557793
2025-04-24,0.05,0.0,0.24457723818608687,0.7054227618139131,0.002558074928058903,1.3263858312080195
2025-04-25,0.05,0.0,0.30548765299606395,0.6445123470039361,0.0018438361499291541,1.3288314693523546
2025-04-28,0.05,0.0,0.30548765299606395,0.6445123470039361,0.0022790927124631067,1.3318599994702474
2025-04-29,0.05,0.0,0.30548765299606395,0.6445123470039361,0.0012399072076319153,1.333511382283147
2025-04-30,0.05,0.0,0.30548765299606395,0.6445123470039361,0.0018023329752721417,1.3359148138203367
2025-05-01,0.05,0.0,0.30548765299606395,0.6445123470039361,-0.0028807036496396204,1.3320664391405568
2025-05-02,0.05,0.0,0.2457505404593964,0.7042494595406036,-0.0033912604439522323,1.3275490549167832
2025-05-05,0.05,0.0,0.2457505404593964,0.7042494595406036,-0.0006092077153732554,1.3267403017899915
2025-05-06,0.05,0.0,0.2457505404593964,0.7042494595406036,0.0014686869255098333,1.3286888679247775
2025-05-07,0.05,0.0,0.31400286220211376,0.6359971377978862,0.0008104198453637145,1.3297656637516577
2025-05-08,0.05,0.0,0.31400286220211376,0.6359971377978862,-0.0036484533267104225,1.3249140757919977
2025-05-09,0.05,0.05,0.3257325525140843,0.5742674474859157,0.0003263612630276183,1.3253464764231762
2025-05-12,0.05,0.12,0.35362669236300365,0.4763733076369963,-0.0025228461042883046,1.3220028312282996
2025-05-13,0.05,0.12,0.35362669236300365,0.4763733076369963,0.0003644722670934152,1.3224846645973014
2025-05-14,0.05,0.12,0.35362669236300365,0.4763733076369963,-0.0016185113641976534,1.3203442081386736
2025-05-15,0.05,0.12,0.35362669236300365,0.4763733076369963,0.0027011466793345875,1.323910651512066
2025-05-16,0.05,0.12,0.35362669236300365,0.4763733076369963,0.00016941402626906182,1.3241349405459593
2025-05-19,0.05,0.12,0.35362669236300365,0.4763733076369963,0.00015808067942511163,1.3243442606970113
2025-05-20,0.05,0.12,0.35362669236300365,0.4763733076369963,-1.3294189416200374e-05,1.3243266546135573
2025-05-21,0.05,0.0,0.14958789083856516,0.8004121091614347,-0.0027867324029351073,1.320636110613075
2025-05-22,0.05,0.0,0.14958789083856516,0.8004121091614347,0.001348860526694577,1.3224174645328084
2025-05-23,0.05,0.0,0.22685602813201794,0.7231439718679821,0.00092253610421716,1.3236374423886872
2025-05-27,0.05,0.0,0.28647208938345503,0.663527910616545,0.0014588309143723863,1.3255684056090646
2025-05-28,0.05,0.0,0.16349606899197558,0.7865039310080244,-0.001078468504946609,1.324138821832463
2025-05-29,0.05,0.0,0.3058945537207923,0.6441054462792078,0.0019174911424402917,1.326677846294688
2025-05-30,0.05,0.0,0.3058945537207923,0.6441054462792078,0.001504276211890971,1.3286735362197117
2025-06-02,0.05,0.09278626571864985,0.30375291310825947,0.5534608211730907,-0.0013415347886537425,1.3268910744481095
2025-06-03,0.05,0.12,0.356287845016218,0.4737121549837819,-0.00022735107222151055,1.3265894043396127
2025-06-04,0.05,0.12,0.4206268689841178,0.4093731310158823,0.0031871311867811506,1.3308174188022368
2025-06-05,0.05,0.12,0.4206268689841178,0.4093731310158823,-0.0015811576270702485,1.3287131866902597
2025-06-06,0.05,0.12,0.4776624358389993,0.35233756416100054,-0.0034162625436858153,1.3241739535992685
2025-06-09,0.05,0.12,0.4776624358389993,0.35233756416100054,0.0009170531595280313,1.3253882915071813
2025-06-10,0.05,0.12,0.4776624358389993,0.35233756416100054,0.0005128389491505138,1.3260680022458142
2025-06-11,0.05,0.12,0.4776624358389993,0.35233756416100054,0.002306767868535053,1.3291269333048874
2025-06-12,0.05,0.12,0.4776624358389993,0.35233756416100054,0.00154590710765685,1.3311816400780616
2025-06-13,0.05,0.12,0.4776624358389993,0.35233756416100054,-0.0019085765953025455,1.3286409779557122
2025-06-16,0.05,0.12,0.4776624358389993,0.35233756416100054,-0.0006933239169041204,1.3277197993887166
2025-06-17,0.05,0.12,0.4776624358389993,0.35233756416100054,0.0014620968869627174,1.3296610543741616
2025-06-18,0.05,0.12,0.4776624358389993,0.35233756416100054,0.00014584827070668937,1.329854983139568
2025-06-20,0.05,0.12,0.4776624358389993,0.35233756416100054,0.0006328196036282904,1.3306965414428815
2025-06-23,0.05,0.12,0.4776624358389993,0.35233756416100054,0.0016290076619469946,1.3328642563046182
2025-06-24,0.05,0.12,0.4776624358389993,0.35233756416100054,0.0020159728045409083,1.335551274397473
2025-06-25,0.05,0.12,0.4776624358389993,0.35233756416100054,0.0004480989177016482,1.3361497334780654
2025-06-26,0.05,0.12,0.4776624358389993,0.35233756416100054,0.0017069548923505278,1.3384304808025387
2025-06-27,0.05,0.12,0.4776624358389993,0.35233756416100054,-0.0008454166398209169,1.3372989494028247
2025-06-30,0.05,0.12,0.4776624358389993,0.35233756416100054,0.002456386563001016,1.3405838725728532
2025-07-01,0.05,0.12,0.5761590270988299,0.25384097290117,-0.0008676936602312745,1.3394206564456133
2025-07-02,0.05,0.12,0.5761590270988299,0.25384097290117,-0.00021656813560120763,1.339130580611261
2025-07-03,0.05,0.12,0.6385798707557968,0.19142012924420307,-0.0015936080228049244,1.3369965313744154
2025-07-07,0.05,0.12,0.6385798707557968,0.19142012924420307,-0.0013543408331305566,1.3351857823782212
2025-07-08,0.05,0.12,0.6385798707557968,0.19142012924420307,-0.0009078217590760267,1.3339736716725692
2025-07-09,0.05,0.12,0.6385798707557968,0.19142012924420307,0.001709066381932634,1.336253521229208
2025-07-10,0.05,0.12,0.5868663977543122,0.24313360224568772,-9.211433946188447e-05,1.3361304331187462
2025-07-11,0.05,0.12,0.5868663977543122,0.24313360224568772,-0.0019185364669236586,1.3335670181582415
2025-07-14,0.05,0.12,0.5868663977543122,0.24313360224568772,-0.0001816695818375318,1.3333247495957004
2025-07-15,0.05,0.12,0.5868663977543122,0.24313360224568772,-0.0016249495075340804,1.3311581642004617
2025-07-16,0.05,0.12,0.5868663977543122,0.24313360224568772,0.0016373248611414725,1.3333377025568185
2025-07-17,0.05,0.12,0.5868663977543122,0.24313360224568772,-6.441975483444389e-05,1.3332518092689083
2025-07-18,0.05,0.12,0.5868663977543122,0.24313360224568772,0.0013810507794214909,1.335093097719264
2025-07-21,0.05,0.12,0.5868663977543122,0.24313360224568772,0.0015079112144185394,1.3371062995736078
2025-07-22,0.05,0.12,0.5868663977543122,0.24313360224568772,0.0008842078668728384,1.338288579482536
2025-07-23,0.05,0.12,0.5868663977543122,0.24313360224568772,-0.0012690812792444,1.3365901825000883
2025-07-24,0.05,0.12,0.6554707483150841,0.17452925168491581,-0.000655956788198641,1.3357134370968378
2025-07-25,0.05,0.12,0.6554707483150841,0.17452925168491581,0.0008638797966214055,1.3368673329492213
2025-07-28,0.05,0.12,0.6554707483150841,0.17452925168491581,-0.0005790599421469068,1.3360932066287456
2025-07-29,0.05,0.12,0.6554707483150841,0.17452925168491581,0.0021068612213250766,1.3389081695938676
2025-07-30,0.05,0.12,0.6554707483150841,0.17452925168491581,-0.0017166203693982118,1.336609772557189
2025-07-31,0.05,0.12,0.6554707483150841,0.17452925168491581,0.0006281556793014665,1.3374493715768307
2025-08-01,0.05,0.12,0.519834326843355,0.31016567315664484,0.004929808964384366,1.3440427414782403
2025-08-04,0.05,0.12,0.519834326843355,0.31016567315664484,0.0006793414262485666,1.344955805391175
2025-08-05,0.05,0.12,0.519834326843355,0.31016567315664484,-0.00044737778134529814,1.3443541020469516
2025-08-06,0.05,0.12,0.519834326843355,0.31016567315664484,0.00018478166336741153,1.3446025140340825
2025-08-07,0.05,0.12,0.519834326843355,0.31016567315664484,-0.00033530794799169005,1.3441516581242374
2025-08-08,0.05,0.12,0.519834326843355,0.31016567315664484,-0.0013306960532889936,1.3423630008177496
2025-08-11,0.05,0.12,0.519834326843355,0.31016567315664484,1.9701149893778474e-05,1.3423894469124404
2025-08-12,0.05,0.12,0.519834326843355,0.31016567315664484,0.0005067554125017579,1.3430697100303486
2025-08-13,0.05,0.12,0.519834326843355,0.31016567315664484,0.0022486286507144714,1.3460897750602294
2025-08-14,0.05,0.12,0.519834326843355,0.31016567315664484,-0.0015604519560689632,1.3439892666376922
2025-08-15,0.05,0.12,0.519834326843355,0.31016567315664484,-0.0005839124971979037,1.3432044945088026
2025-08-18,0.05,0.12,0.519834326843355,0.31016567315664484,-0.0004133298415850646,1.342649308007871
2025-08-19,0.05,0.12,0.519834326843355,0.31016567315664484,0.0007572415361642368,1.3436660178323967
2025-08-20,0.05,0.12,0.519834326843355,0.31016567315664484,0.00015089266635774054,1.3438687671805218
2025-08-21,0.05,0.12,0.519834326843355,0.31016567315664484,-0.0015958455885640057,1.341724160136808
2025-08-22,0.05,0.12,0.519834326843355,0.31016567315664484,0.0033103518740716224,1.3461657392248039
2025-08-25,0.05,0.12,0.5909882872309398,0.23901171276906027,-0.0006029081562015329,1.3453541249210261
2025-08-26,0.05,0.12,0.5909882872309398,0.23901171276906027,0.0009744669432576289,1.346665128042737
2025-08-27,0.05,0.12,0.5909882872309398,0.23901171276906027,0.0008282921794505642,1.3477805602366335
2025-08-28,0.05,0.12,0.5909882872309398,0.23901171276906027,0.0004786388205055096,1.3484256603342855
2025-08-29,0.05,0.12,0.5909882872309398,0.23901171276906027,-0.00045087575850856964,1.34781768789189
2025-09-02,0.05,0.12,0.5909882872309398,0.23901171276906027,-0.0015543965032919348,1.3457226447907558
2025-09-03,0.05,0.12,0.5909882872309398,0.23901171276906027,0.0016041761737718722,1.3478814209940344
2025-09-04,0.05,0.12,0.5909882872309398,0.23901171276906027,0.002234837252670906,1.3508937166058548
2025-09-05,0.05,0.12,0.5909882872309398,0.23901171276906027,0.002291126933712112,1.3539887855845527
2025-09-08,0.05,0.12,0.5363838686590283,0.29361613134097164,0.001143250712721016,1.3555367342286884
2025-09-09,0.05,0.12,0.5363838686590283,0.29361613134097164,-0.0013400129534393269,1.353720297445959
2025-09-10,0.05,0.12,0.5363838686590283,0.29361613134097164,0.00099606259880613,1.3550686876034896
2025-09-11,0.05,0.12,0.5363838686590283,0.29361613134097164,0.0008046557521481478,1.3561590514175257
2025-09-12,0.05,0.12,0.5363838686590283,0.29361613134097164,-0.0009644258937932422,1.3548511365122367
2025-09-15,0.05,0.12,0.5363838686590283,0.29361613134097164,0.0010666102311757528,1.3562962345961609
2025-09-16,0.05,0.12,0.5363838686590283,0.29361613134097164,0.0004284864069804021,1.356877389096524
2025-09-17,0.05,0.12,0.5363838686590283,0.29361613134097164,-0.0013026042798353916,1.355109914802275
2025-09-18,0.05,0.12,0.5907398022490439,0.2392601977509561,-0.0007861941054752534,1.3540445353749864
2025-09-19,0.05,0.12,0.5907398022490439,0.2392601977509561,4.6638959612573604e-05,1.3541076866033852
2025-09-22,0.05,0.12,0.5907398022490439,0.2392601977509561,-0.0007742796349060674,1.3530592285981784
2025-09-23,0.05,0.12,0.5907398022490439,0.2392601977509561,0.0008469518098979702,1.3542052045607387
2025-09-24,0.05,0.12,0.5907398022490439,0.2392601977509561,-0.0015697710407286927,1.3520794124474151
2025-09-25,0.05,0.12,0.6550150768313391,0.1749849231686608,-0.0018592481803620135,1.3495655612601174
2025-09-26,0.05,0.12,0.6550150768313391,0.1749849231686608,0.0001433972020717283,1.3497590851856145
2025-09-29,0.05,0.12,0.6550150768313391,0.1749849231686608,0.001110565170216426,1.3512580806138048
2025-09-30,0.05,0.12,0.6550150768313391,0.1749849231686608,0.0002625779240524855,1.3516128911554715
2025-10-01,0.05,0.12,0.6550150768313391,0.1749849231686608,0.0019133150104879764,1.3541989523884883
2025-10-02,0.05,0.12,0.6550150768313391,0.1749849231686608,0.0004641819281438214,1.3548275470692985
2025-10-03,0.05,0.12,0.6550150768313391,0.1749849231686608,-0.0010462459900690698,1.3534100641809421
2025-10-06,0.05,0.12,0.6550150768313391,0.1749849231686608,-0.0009282934301798485,1.3521537025100236
2025-10-07,0.05,0.12,0.6550150768313391,0.1749849231686608,0.0007441589070185073,1.3531599197314046
2025-10-08,0.05,0.12,0.6550150768313391,0.1749849231686608,-0.00041118215123435334,1.3526035245246453
2025-10-09,0.05,0.12,0.5997571923592999,0.23024280764069996,-0.0011335994603269178,1.351070213899208
2025-10-10,0.05,0.12,0.5997571923592999,0.23024280764069996,0.001160419513662862,1.3526380221397454
2025-10-13,0.05,0.12,0.541384595403616,0.288615404596384,0.0,1.3526380221397454
2025-10-14,0.05,0.12,0.541384595403616,0.288615404596384,0.0016838102945391036,1.3549156079662092
2025-10-15,0.05,0.12,0.541384595403616,0.288615404596384,0.00031253528879299355,1.355339066907035
2025-10-16,0.05,0.12,0.541384595403616,0.288615404596384,0.0018898247760857343,1.3579004202556728
2025-10-17,0.05,0.12,0.541384595403616,0.288615404596384,-0.0011764310019487909,1.3563029441037249
2025-10-20,0.05,0.12,0.541384595403616,0.288615404596384,0.0007589207670904545,1.357332270574471
2025-10-21,0.05,0.12,0.541384595403616,0.288615404596384,0.0005589205849452539,1.3580909115211055
2025-10-22,0.05,0.12,0.541384595403616,0.288615404596384,-0.00025833426035261906,1.3577400701099862
2025-10-23,0.05,0.12,0.541384595403616,0.288615404596384,-0.001065612358868353,1.3562932455111463
2025-10-24,0.05,0.12,0.541384595403616,0.288615404596384,0.0008307374163998228,1.3574199690578028
2025-10-27,0.05,0.12,0.541384595403616,0.288615404596384,0.00021910369715913276,1.3577173847916209
2025-10-28,0.05,0.12,0.541384595403616,0.288615404596384,0.0002129098085333895,1.358006456140059
2025-10-29,0.05,0.12,0.541384595403616,0.288615404596384,-0.0031129689359733034,1.3537790242272438
2025-10-30,0.05,0.12,0.541384595403616,0.288615404596384,-0.0009757237056403864,1.3524581099411066
2025-10-31,0.05,0.12,0.541384595403616,0.288615404596384,-0.0001066090714486243,1.3523139256378325
2025-11-03,0.05,0.12,0.541384595403616,0.288615404596384,-0.0009074329934453718,1.351086791364213
2025-11-04,0.05,0.12,0.47679900678301734,0.35320099321698256,0.00026131836753810956,1.3514398551589348
2025-11-05,0.05,0.12,0.47679900678301734,0.35320099321698256,-0.0016606193190228736,1.3491956280269606
2025-11-06,0.05,0.12,0.47679900678301734,0.35320099321698256,0.002035537599800115,1.3519419664572954
2025-11-07,0.05,0.12,0.47679900678301734,0.35320099321698256,-0.00020320438209046041,1.3516672459253793
2025-11-10,0.05,0.12,0.47679900678301734,0.35320099321698256,-0.0002963991016237059,1.3512666129679929
2025-11-11,0.05,0.12,0.47679900678301734,0.35320099321698256,0.0,1.3512666129679929
