Date,Signal,Daily Return,Drawdown,Equity Curve
1997-12-11,0,0.0,0.0,1.0
1997-12-12,1,0.0,0.0,1.0
1997-12-15,1,-0.0010482180293500676,-0.0010482180293500676,0.9989517819706499
1997-12-16,1,0.0005723552418201994,-0.0004764627406135258,0.9995235372593865
1997-12-17,1,-0.0009533797311468417,-0.0014293882218407994,0.9985706117781592
1997-12-18,1,0.0015268632503100399,0.0,1.0000952925481228
1997-12-19,1,0.0007622677465459748,0.0,1.0008576329331047
1997-12-22,1,0.00028563267637826684,0.0,1.001143510577473
1997-12-23,1,9.518370454975056e-05,0.0,1.0012388031255959
1997-12-24,1,-9.517464547437182e-05,-9.51746454742608e-05,1.0011435105774733
1997-12-26,1,9.518370454975056e-05,0.0,1.001238803125596
1997-12-29,1,9.517464547448284e-05,0.0,1.001334095673719
1997-12-30,1,-0.0007613247049866878,-0.0007613247049866878,1.000571755288737
1997-12-31,1,-0.001619047619047631,-0.002379139703083344,0.9989517819706505
1998-01-02,1,0.0026709911284936716,0.0,1.001619973318087
1998-01-05,1,0.0049471981733422155,0.0,1.0065751858204695
1998-01-06,1,0.0017987314209977345,0.0,1.0083857442348014
1998-01-07,1,-0.001417501417501299,-0.00141750141750141,1.0069563560129604
1998-01-08,1,0.0029336613986941096,0.0,1.0099104250047652
1998-01-09,1,0.0033968673334592303,0.0,1.0133409567371838
1998-01-12,1,0.00028211397404542815,0.0,1.013626834381552
1998-01-13,1,-0.0010341261633919352,-0.0010341261633919352,1.012578616352202
1998-01-14,1,-0.0009410878976097159,-0.0019742408573847348,1.0116256908709744
1998-01-15,1,-0.0012245666917859444,-0.0031963899595750522,1.010386887745379
1998-01-16,1,-0.002074884466660376,-0.005264642286358812,1.0082904516866789
1998-01-20,1,0.0,-0.005264642286358812,1.0082904516866789
1998-01-21,1,0.0013231263585673503,-0.003948481714768914,1.0096245473603973
1998-01-22,1,0.000566304860783351,-0.0033844128983734345,1.0101963026491336
1998-01-23,1,-0.003490236770116062,-0.006862837266146449,1.0066704783685922
1998-01-26,1,0.001609238924649814,-0.005264642286358812,1.0082904516866789
1998-01-27,1,-0.0019846895378509144,-0.007238883143743546,1.0062893081761013
1998-01-28,1,0.00028409090909087276,-0.006956848735545695,1.0065751858204695
1998-01-29,1,0.00350279276720622,-0.0034784243677730142,1.0101010101010106
1998-01-30,1,0.0010377358490565314,-0.002444298204381079,1.0111492281303607
1998-02-02,1,-0.0017905946659126926,-0.0042305161229670984,1.0093386697160287
1998-02-03,1,0.0005664652567975992,-0.0036664473065713965,1.0099104250047652
1998-02-04,1,0.0003774297037175689,-0.003290401428974521,1.010291595197256
1998-02-05,1,-0.0013205055649877506,-0.004606562000564196,1.0089574995235377
1998-02-06,1,-0.00018889308651304226,-0.0047945849393628,1.0087669144272922
1998-02-09,1,-0.00037785754770458535,-0.005170630816959898,1.0083857442348012
1998-02-10,1,0.00037800037800050923,-0.004794584939362578,1.0087669144272924
1998-02-11,1,0.0014169658038920563,-0.0033844128983734345,1.0101963026491336
1998-02-12,1,0.000282992170550056,-0.0031023784901754725,1.010482180293502
1998-02-13,1,0.0008487363259146452,-0.0022562752655822527,1.0113398132266065
1998-02-17,1,-0.005841892019221584,-0.008084986368336544,1.005431675242997
1998-02-18,1,-0.0010425552080371991,-0.009119112531728368,1.004383457213647
1998-02-19,1,-0.00047438330170790355,-0.009589169878724824,1.0039069944730332
1998-02-20,1,-0.00037968675842425803,-0.009965215756321921,1.0035258242805423
1998-02-23,1,-0.0008546196942360584,-0.010811318980915363,1.0026681913474376
1998-02-24,1,-0.0030412469112335305,-0.013819686001691811,0.99961882980751
1998-02-25,1,0.0011439466158245093,-0.01269154836890074,1.0007623403849828
1998-02-26,1,-0.0005713197486193478,-0.013255617185296442,1.0001905850962463
1998-02-27,1,0.0008574695121952303,-0.012409513960703,1.001048218029351
1998-03-02,1,-0.004188481675392652,-0.01654601861427063,0.9968553459119506
1998-03-03,1,-0.0014338973329509619,-0.017956190655259663,0.9954259576901096
1998-03-04,1,0.0005743825387707346,-0.017392121838864183,0.9959977129788459
1998-03-05,1,0.0002870264064294137,-0.017110087430666332,0.9962835906232141
1998-03-06,1,0.0013390722142516687,-0.015793926859076435,0.9976176862969326
1998-03-09,1,0.0017193619256854475,-0.01410172040988944,0.999332952163142
1998-03-10,1,0.00019071231047962378,-0.013913697471090947,0.9995235372593875
1998-03-11,1,0.0010487177042615148,-0.012879571307699123,1.0005717552887374
1998-03-12,1,0.0018095238095237054,-0.011093353389113103,1.0023823137030694
1998-03-13,1,-0.0002851982127578534,-0.011375387797310843,1.0020964360587012
1998-03-16,1,0.001521491061239999,-0.009871204286922564,1.003621116828665
1998-03-17,1,-0.0004747436384352488,-0.010341261633919019,1.0031446540880513
1998-03-18,1,-0.0004749691270067302,-0.010811318980915363,1.0026681913474376
1998-03-19,1,0.0,-0.010811318980915363,1.0026681913474376
1998-03-20,1,0.0002851168979280949,-0.010529284572717623,1.0029540689918057
1998-03-23,1,0.00047505938242276,-0.010059227225721168,1.0034305317324195
1998-03-24,1,0.0,-0.010059227225721168,1.0034305317324195
1998-03-25,1,-0.0016144349477682507,-0.011657422205508583,1.001810558414333
1998-03-26,1,-0.0011414439265670095,-0.012785559838299654,1.0006670478368604
1998-03-27,1,-0.00019045805161421736,-0.012973582777098258,1.0004764627406149
1998-03-30,1,-0.00028574149919036174,-0.013255617185295998,1.0001905850962467
1998-03-31,1,-0.0015243902439023849,-0.014759800695684167,0.998665904326283
1998-04-01,1,0.0015267175572519776,-0.013255617185295776,1.000190585096247
1998-04-02,1,0.001429115853658569,-0.011845445144306854,1.001619973318088
1998-04-03,1,0.0029492912187232267,-0.008931089592929542,1.0045740423098928
1998-04-06,1,-0.0008537279453614266,-0.009777192817522984,1.003716409376788
1998-04-07,1,0.0,-0.009777192817522984,1.003716409376788
1998-04-08,1,-0.016804329250925676,-0.026417222901193194,0.9868496283590636
1998-04-09,1,0.015836230204712143,-0.010999341919713523,1.0024776062511924
1998-04-13,1,-0.0016159695817490327,-0.01259753689950116,1.0008576329331058
1998-04-14,1,0.0012377415976387862,-0.011375387797310621,1.0020964360587015
1998-04-15,1,-0.0002852795739824998,-0.011657422205508361,1.0018105584143333
1998-04-16,1,0.0007609626177114137,-0.010905330450314277,1.0025728987993152
1998-04-17,1,0.0,-0.010905330450314277,1.0025728987993152
1998-04-20,1,-0.0008554319931564081,-0.011751433674907497,1.0017152658662107
1998-04-21,1,-0.0009512937595129722,-0.012691548368900296,1.0007623403849832
1998-04-22,1,0.0002856598743097294,-0.012409513960702334,1.0010482180293516
1998-04-23,1,-9.519276534974974e-05,-0.01250352543010147,1.000952925481229
1998-04-24,1,0.0006664127951256926,-0.011845445144306632,1.0016199733180882
1998-04-27,1,-0.0032347064979545426,-0.015041835103881684,0.9983800266819151
1998-04-28,1,-9.544716999132508e-05,-0.015135846573280931,0.9982847341337924
1998-04-29,1,0.0,-0.015135846573280931,0.9982847341337924
1998-04-30,1,0.00152730049637273,-0.013631663062892652,0.9998094149037562
1998-05-01,1,-0.01591688905833022,-0.029331578452570284,0.983895559367259
1998-05-04,1,0.017046004842615092,-0.01278555983829921,1.000667047836861
1998-05-05,1,-0.0006666031806494832,-0.013443640124094047,1.0000000000000018
1998-05-06,1,0.0019058509624547693,-0.01156341073610867,1.0019058509624565
1998-05-07,1,-0.00019022256039558094,-0.011751433674907052,1.0017152658662112
1998-05-08,1,-0.0009512937595129722,-0.012691548368899852,1.0007623403849837
1998-05-11,1,-0.0017139592458578212,-0.014383754818086625,0.9990470745187745
1998-05-12,1,0.0024799694772985603,-0.011939456613705657,1.0015246807699656
1998-05-13,1,0.0005708848715508807,-0.011375387797310177,1.002096436058702
1998-05-14,1,-0.0009509319132749994,-0.012315502491302754,1.0011435105774746
1998-05-15,1,-0.00675804302303451,-0.01899031681865082,0.9943777396607603
1998-05-18,1,0.001916626736943039,-0.017110087430665444,0.996283590623215
1998-05-19,1,-0.0002869440459110084,-0.017392121838863184,0.9959977129788469
1998-05-20,1,0.0012437810945273853,-0.016169972736672644,0.9972365161044425
1998-05-21,1,-0.0016244624940277008,-0.01776816771646017,0.995616542786356
1998-05-22,1,0.0004785604900459095,-0.017298110369463826,0.9960930055269697
1998-05-26,1,0.0019133263178034987,-0.015417880981478449,0.9979988564894244
1998-05-27,1,0.0008593526210254332,-0.014571777756885118,0.998856489422529
1998-05-28,1,-0.014405647777141706,-0.02876750963617436,0.9844673146559958
1998-05-29,1,0.015100183912496457,-0.014101720409888552,0.9993329521631429
1998-06-01,1,-0.0003814246209593586,-0.01447776628748576,0.9989517819706518
1998-06-02,1,-0.0006677477821234179,-0.015135846573280598,0.9982847341337927
1998-06-03,1,-0.00019091256204673002,-0.015323869512079202,0.9980941490375471
1998-06-04,1,-0.0005728470498376215,-0.015887938328474793,0.9975223937488108
1998-06-05,1,9.552923194489082e-05,-0.015793926859075547,0.9976176862969335
1998-06-08,1,0.00047760053491252563,-0.015323869512079202,0.9980941490375471
1998-06-09,1,9.547450830638127e-05,-0.015229858042679956,0.9981894415856699
1998-06-10,1,0.0019093078758949389,-0.01334962865469469,1.0000952925481246
1998-06-11,1,0.002667937112911023,-0.010717307511515117,1.0027634838955612
1998-06-12,1,0.0004751496721466797,-0.010247250164518773,1.003239946636175
1998-06-15,1,0.0014247720364741756,-0.00883707812352974,1.004669334858016
1998-06-16,1,-0.0018969932656739408,-0.010717307511515117,1.0027634838955612
1998-06-17,1,-0.0023757483607336205,-0.01306759424649695,1.0003811701924927
1998-06-18,1,0.0010478186321203342,-0.012033468083105014,1.0014293882218428
1998-06-19,1,0.0010467218574554682,-0.01099934191971308,1.0024776062511929
1998-06-22,1,0.0005703422053231488,-0.0104352731033176,1.0030493615399292
1998-06-23,1,0.00028500855025659355,-0.010153238695119637,1.0033352391842976
1998-06-24,1,9.497578117567684e-05,-0.010059227225720502,1.0034305317324201
1998-06-25,1,-0.0003798670465335885,-0.010435273103317377,1.0030493615399294
1998-06-26,1,0.0003800114003418287,-0.010059227225720502,1.0034305317324201
1998-06-29,1,0.00037986704653381054,-0.009683181348123515,1.003811701924911
1998-06-30,1,-0.0025631289158914994,-0.01222149102190384,1.001238803125597
1998-07-01,1,0.0010469211002190892,-0.011187364858511795,1.0022870211549473
1998-07-02,1,0.0005704506560182399,-0.010623296042116315,1.0028587764436836
1998-07-06,1,0.0012352717597872154,-0.009401146939925775,1.0040975795692793
1998-07-07,1,-0.000569422036632794,-0.009965215756321255,1.003525824280543
1998-07-08,1,-9.495774380408051e-05,-0.010059227225720502,1.0034305317324201
1998-07-09,1,0.001044634377967757,-0.009025101062328678,1.0044787497617702
1998-07-10,1,0.0,-0.009025101062328678,1.0044787497617702
1998-07-13,1,-0.0008538089365335289,-0.00987120428692212,1.0036211168286655
1998-07-14,1,-0.00028484618306101606,-0.01015323869511986,1.0033352391842973
1998-07-15,1,-0.0005698546870548382,-0.010717307511515561,1.0027634838955608
1998-07-16,1,-0.0003801197377174548,-0.011093353389112659,1.0023823137030698
1998-07-17,1,0.0,-0.011093353389112659,1.0023823137030698
1998-07-20,1,0.0010457267801122772,-0.010059227225720502,1.0034305317324201
1998-07-21,1,0.0005698005698004938,-0.009495158409325022,1.0040022870211565
1998-07-22,1,-0.00018982536066813882,-0.009683181348123515,1.003811701924911
1998-07-23,1,0.000664514904120006,-0.009025101062328678,1.0044787497617702
1998-07-24,1,-0.0001897353192296114,-0.00921312400112706,1.0042881646655248
1998-07-27,1,9.488566277648935e-05,-0.009119112531727813,1.0043834572136476
1998-07-28,1,-9.487666034158071e-05,-0.00921312400112706,1.0042881646655248
1998-07-29,1,-0.000569313976658159,-0.009777192817522762,1.0037164093767883
1998-07-30,1,0.00037975885312824254,-0.009401146939925775,1.0040975795692793
1998-07-31,1,-0.0026573028376197794,-0.012033468083105237,1.0014293882218426
1998-08-03,1,0.0018079741174230612,-0.010247250164519217,1.0032399466361746
1998-08-04,1,0.0011398176291794737,-0.009119112531727813,1.0043834572136476
1998-08-05,1,0.0005692599620492622,-0.008555043715332222,1.004955212502384
1998-08-06,1,0.0,-0.008555043715332222,1.004955212502384
1998-08-07,1,0.0009482268158544915,-0.007614929021339423,1.0059081379836115
1998-08-10,1,0.0006631299734747298,-0.006956848735544696,1.0065751858204706
1998-08-11,1,0.001325381047051044,-0.005640688163955021,1.0079092814941888
1998-08-12,1,-9.454476694703562e-05,-0.005734699633354157,1.0078139889460662
1998-08-13,1,-0.001323751891074143,-0.007050860204943721,1.006479893272348
1998-08-14,1,0.0012308274947925302,-0.005828711102753403,1.0077186963979434
1998-08-17,1,-0.0067139479905437005,-0.01250352543010147,1.000952925481229
1998-08-18,1,-0.0004760091393756216,-0.012973582777097814,1.0004764627406153
1998-08-19,1,0.00028574149919036174,-0.012691548368900074,1.0007623403849835
1998-08-20,1,0.0009521995810322093,-0.011751433674907275,1.001715265866211
1998-08-21,1,0.0022831050228309113,-0.009495158409325022,1.0040022870211565
1998-08-24,1,0.0014236902050115408,-0.008084986368335878,1.0054316752429977
1998-08-25,1,0.0014216661927779484,-0.006674814327346845,1.0068610634648387
1998-08-26,1,0.0013250047321597958,-0.005358653755757059,1.0081951591385572
1998-08-27,1,0.0023629489603025355,-0.0030083670207752267,1.0105774728416257
1998-08-28,1,0.0016030174446015621,-0.0014101720409879226,1.012197446159712
1998-08-31,1,-0.00018828845791751814,-0.0015981949797863049,1.0120068610634667
1998-09-01,1,-0.00028248587570622874,-0.0018802293879840448,1.0117209834190986
1998-09-02,1,-0.0013186399171141172,-0.003196389959573942,1.01038688774538
1998-09-03,1,0.001791945675752027,-0.0014101720409879226,1.012197446159712
1998-09-04,1,0.0003765769158350363,-0.001034126163390825,1.012578616352203
1998-09-08,1,0.00028232636928282595,-0.000752091755193085,1.0128644939965712
1998-09-09,1,0.004045535798287592,0.0,1.0169620735658487
1998-09-10,1,0.0066529235382308816,0.0,1.023727844482563
1998-09-11,1,-0.0026994321884018513,-0.0026994321884018513,1.0209643605870036
1998-09-14,1,-0.0005600149337315896,-0.003257935399795464,1.020392605298267
1998-09-15,1,-0.00037355248412396236,-0.0036302708740577616,1.020011435105776
1998-09-16,1,0.0004671150971600202,-0.0031648515312298064,1.0204878978463898
1998-09-17,1,0.0021477262115976448,-0.001023922554221568,1.0226796264532128
1998-09-18,1,0.002609019754006736,0.0,1.0253478178006494
1998-09-21,1,9.293680297406404e-05,0.0,1.0254431103487722
1998-09-22,1,-0.001115137998327298,-0.001115137998327298,1.0242995997712994
1998-09-23,1,0.0026979253884082954,0.0,1.0270630836668588
1998-09-24,1,0.0020411950269065837,0.0,1.029159519725559
1998-09-25,1,0.001296296296296351,0.0,1.0304936153992774
1998-09-28,1,0.00018494544109493027,0.0,1.030684200495523
1998-09-29,1,9.245562130177909e-05,0.0,1.0307794930436458
1998-09-30,1,0.002496070999352895,0.0,1.0333523918429597
1998-10-01,1,0.004426410918480395,0.0,1.0379264341528511
1998-10-02,1,-0.0004590525156077385,-0.0004590525156076275,1.0374499714122376
1998-10-05,1,0.004041517406080608,0.0,1.041642843529638
1998-10-06,1,-0.0022870734607995935,-0.0022870734607997045,1.0392605298265696
1998-10-07,1,-0.002659086741243377,-0.0049400786753271975,1.03649704593101
1998-10-08,1,-0.003953295945573143,-0.00887384502790245,1.0323994663617324
1998-10-09,1,-0.0056304227432157905,-0.01445430427225336,1.0265866209262455
1998-10-12,1,0.0002784739626844335,-0.014179855456957435,1.0268724985706137
1998-10-13,1,0.0021343726800295837,-0.012075747873021903,1.0290642271774366
1998-10-14,1,0.0034262431706639784,-0.008690879151038389,1.032590051457978
1998-10-15,1,0.0,-0.008690879151038389,1.032590051457978
1998-10-16,1,0.005260243632336792,-0.0034763516604152667,1.0380217267009741
1998-10-19,1,0.00045901037363438313,-0.0030189369682555034,1.0384981894415877
1998-10-20,1,-0.002202238942925372,-0.005214527490623122,1.036211168286642
1998-10-21,1,-0.0011035497517012383,-0.006312322751806931,1.035067657709169
1998-10-22,1,-0.0011047689191677756,-0.007410118012990741,1.0339241471316962
1998-10-23,1,-0.0023041474654378336,-0.009697191473790445,1.0315418334286277
1998-10-26,1,0.0006466512702076876,-0.009056810904766732,1.0322088812654866
1998-10-27,1,0.0027695716395865766,-0.006312322751807153,1.0350676577091689
1998-10-28,1,0.0012888970723623494,-0.005031561613759505,1.036401753382887
1998-10-29,1,0.0012872379551305269,-0.0037508004757118574,1.0377358490566053
1998-10-30,1,-0.0029384756657484523,-0.006678254505535275,1.0346864875166777
1998-11-02,1,-0.005249585559034764,-0.011892781996158175,1.0292548122736818
1998-11-03,1,0.0004629200999906047,-0.011435367303998412,1.0297312750142953
1998-11-04,1,-0.004349435498796961,-0.015735065410301674,1.0252525252525266
1998-11-05,1,-9.294544102611546e-05,-0.01582654834873365,1.0251572327044038
1998-11-06,1,-0.003718163227365623,-0.019485865886012865,1.0213455307794945
1998-11-09,1,0.002239223735771567,-0.017290275363645247,1.0236325519344402
1998-11-10,1,0.001303295475702848,-0.0160095142255976,1.0249666476081585
1998-11-11,1,-9.297136481967172e-05,-0.016100997164029573,1.0248713550600357
1998-11-12,1,0.0016736401673640433,-0.014454304272254026,1.0265866209262449
1998-11-13,1,-0.000928246542281741,-0.015369133656573886,1.0256336954450174
1998-11-16,1,-0.0073399609774226215,-0.022596285792700566,1.018105584143321
1998-11-17,1,-0.000842381130662706,-0.02341963223858845,1.0172479512102164
1998-11-18,1,0.0011241217798594327,-0.022321836977404752,1.0183914617876892
1998-11-19,1,-0.0006550014035745511,-0.022962217546428798,1.01772441395083
1998-11-20,1,0.0006554307116104496,-0.022321836977404863,1.018391461787689
1998-11-23,1,0.0004678581454102826,-0.02186442228524499,1.0188679245283028
1998-11-24,1,-0.0008417508417508657,-0.022687768731132874,1.018010291595198
1998-11-25,1,0.00037442665917808426,-0.022321836977404863,1.018391461787689
1998-11-27,1,0.001029287919902755,-0.02131552465465314,1.019439679817039
1998-11-30,1,0.0002804262478968145,-0.021041075839357215,1.0197255574614073
1998-12-01,1,0.00261657788991676,-0.01847955356326192,1.0223937488088437
1998-12-02,1,0.002702954609003605,-0.015826548348734537,1.025157232704403
1998-12-03,1,0.00046477040342063347,-0.015369133656574774,1.0256336954450165
1998-12-04,1,-0.0016723961720709335,-0.017015826548350432,1.0239184295788073
1998-12-07,1,-0.0034434620753839296,-0.020400695270333835,1.020392605298266
1998-12-08,1,0.0032685842360853368,-0.01719879242521427,1.023727844482562
1998-12-09,1,0.0005585032113932797,-0.016649894794622422,1.0242995997712983
1998-12-10,1,0.001953670108847394,-0.014728753087550728,1.0263007432818758
1998-12-11,1,-0.0025998142989787087,-0.017290275363646246,1.0236325519344391
1998-12-14,1,0.001954943213554161,-0.015369133656574774,1.0256336954450165
1998-12-15,1,-0.0013936634767257594,-0.016741377733054508,1.0242043072231755
1998-12-16,1,0.0014886490509862238,-0.015277650718142688,1.0257289879931393
1998-12-17,1,0.0,-0.015277650718142688,1.0257289879931393
1998-12-18,1,-0.0005574136008918984,-0.01582654834873476,1.0251572327044027
1998-12-21,1,-0.001859081613682867,-0.01765620711737448,1.023251381741948
1998-12-22,1,-0.001210653753026647,-0.018845485316990263,1.0220125786163523
1998-12-23,1,-0.0037296037296037365,-0.02250480285426959,1.0182008766914428
1998-12-24,1,-0.0014038371548898976,-0.023877046930749324,1.0167714884696017
1998-12-28,1,0.00281162136832247,-0.021132558777789745,1.019630264913284
1998-12-29,1,0.002056074766355165,-0.019119934132286187,1.0217267009719841
1998-12-30,1,0.0015855250886029904,-0.017564724178942392,1.0233466742900708
1998-12-31,1,-0.0027004376571375666,-0.020217729393469996,1.0205831903945113
1999-01-04,1,0.00046685340802987696,-0.01976031470131001,1.021059653135125
1999-01-05,1,-0.0021465235650957037,-0.021864422285245544,1.018867924528302
1999-01-06,1,0.001122334455667895,-0.020766627024061735,1.020011435105775
1999-01-07,1,-0.0009342301943199294,-0.021681456408381705,1.0190585096245475
1999-01-08,1,-0.002524780250607761,-0.02415149574604525,1.0164856108252336
1999-01-11,1,-0.0007499765632323907,-0.024883359253501047,1.0157232704402517
1999-01-12,1,0.0026268880758044677,-0.02232183697740553,1.0183914617876884
1999-01-13,1,0.00196500421072332,-0.020400695270333835,1.020392605298266
1999-01-14,1,0.0033619723571161053,-0.01710730948678263,1.0238231370306843
1999-01-15,1,-0.0025130305286671373,-0.019577348824446172,1.0212502382313704
1999-01-19,1,-0.0005598581692638493,-0.020126246455038133,1.0206784829426339
1999-01-20,1,-0.0010269816076929894,-0.021132558777789967,1.0196302649132838
1999-01-21,1,0.0018691588785046953,-0.019302900009150248,1.0215361158757386
1999-01-22,1,0.001585820895522394,-0.017747690055806453,1.0231560891938252
1999-01-25,1,0.0,-0.017747690055806453,1.0231560891938252
1999-01-26,1,-0.0005588153115395622,-0.018296587686398524,1.0225843339050886
1999-01-27,1,0.0005591277606933343,-0.017747690055806453,1.0231560891938252
1999-01-28,1,0.0005588153115394512,-0.017198792425214715,1.0237278444825615
1999-01-29,1,0.0006515870799590484,-0.01655841185619078,1.0243948923194206
1999-02-01,1,-0.0035348837209301376,-0.020034763516606158,1.0207737754907567
1999-02-02,1,-0.0014002987303958214,-0.02140700759308578,1.0193443872689156
1999-02-03,1,-0.0011218098532299603,-0.02250480285426959,1.0182008766914428
1999-02-04,1,-0.0017781937295273664,-0.024242978684477223,1.0163903182771108
1999-02-05,1,-0.001406337896118437,-0.025615222760956957,1.0149609300552698
1999-02-08,1,0.0009388789784996465,-0.02470039337663721,1.015913855536497
1999-02-09,1,0.0006565988181221893,-0.024060012807613385,1.0165809033733562
1999-02-10,1,0.0001874765654292787,-0.023877046930749546,1.0167714884696015
1999-02-11,1,-0.0004686035613870043,-0.02433446162290931,1.016295025728988
1999-02-12,1,-0.004125644631973846,-0.028359710913916536,1.0121021536115875
1999-02-16,1,-0.006590716505037064,-0.03476351660415511,1.0054316752429961
1999-02-17,1,0.001516443938962997,-0.03329978958924362,1.0069563560129597
1999-02-18,1,-0.001230245102678107,-0.034489067788859296,1.0057175528873643
1999-02-19,1,-0.000473754026909301,-0.03494648248101917,1.0052410901467506
1999-02-22,1,0.0015167314437387613,-0.03348275546610746,1.0067657709167144
1999-02-23,1,-0.0018930430667297715,-0.03531241423474718,1.0048599199542596
1999-02-24,1,-0.002465623518255189,-0.03769097063397886,1.0023823137030683
1999-02-25,1,-0.002851982127578645,-0.040435458786938216,0.9995235372593863
1999-02-26,1,0.00028601391934413023,-0.04016100997164229,0.9998094149037545
1999-03-01,1,-0.004765535646206631,-0.04473515689324137,0.9950447874976177
1999-03-02,1,0.0016280406052480156,-0.043179946939897684,0.9966647608157042
1999-03-03,1,-0.0008605029161488087,-0.04400329338578557,0.9958071278825995
1999-03-04,1,-0.0006698564593300427,-0.04464367395480928,0.9951400800457405
1999-03-05,1,0.0024897060231732215,-0.042265117555577936,0.9976176862969315
1999-03-08,1,0.001432801604737799,-0.0408928734790982,0.9990470745187725
1999-03-09,1,0.0026707363601679024,-0.038331351203002684,1.0017152658662092
1999-03-10,1,-0.00047564687975654163,-0.03878876589516267,1.0012388031255954
1999-03-11,1,-9.517464547437182e-05,-0.03888024883359442,1.0011435105774729
1999-03-12,1,0.0017133066818959541,-0.037233555941818874,1.002858776443682
1999-03-15,1,0.0008551881413911833,-0.03641020949593099,1.0037164093767867
1999-03-16,1,0.0012342162726668438,-0.035220931296315094,1.0049552125023824
1999-03-17,1,-0.000663758771098033,-0.03586131186533892,1.0042881646655233
1999-03-18,1,0.000853970964987294,-0.035037965419451034,1.005145797598628
1999-03-19,1,-0.0015168752370118277,-0.03650169243436274,1.0036211168286642
1999-03-22,1,-0.0007595898214963759,-0.03723355594181865,1.0028587764436823
1999-03-23,1,0.0010452299505891993,-0.03622724361906693,1.0039069944730323
1999-03-24,1,0.0008542952064547471,-0.03540389717317893,1.004764627406137
1999-03-25,1,-0.0012329286798178352,-0.036593175372794606,1.0035258242805416
1999-03-26,1,0.000569746462824039,-0.03604427774220276,1.004097579569278
1999-03-29,1,-0.0009490367277213974,-0.03695910712652273,1.0031446540880504
1999-03-30,1,0.002089864158829613,-0.03494648248101917,1.0052410901467506
1999-03-31,1,-0.0038866243245805343,-0.03869728295673036,1.0013340956737184
1999-04-01,1,-0.0009516558812332487,-0.03961211234105011,1.0003811701924912
1999-04-05,1,0.0033339683749284976,-0.03641020949593077,1.003716409376787
1999-04-06,1,0.0018987942656414347,-0.03458055072729105,1.0056222603392417
1999-04-07,1,-0.0002842793518430531,-0.03485499954258697,1.0053363826948736
1999-04-08,1,0.0027488151658767723,-0.03220199432805937,1.008099866590433
1999-04-09,1,0.0,-0.03220199432805937,1.008099866590433
1999-04-12,1,-9.452689290112559e-05,-0.032293477266491455,1.0080045740423103
1999-04-13,1,-0.0010398941198713763,-0.03329978958924318,1.0069563560129602
1999-04-14,1,-0.00018926847733502505,-0.03348275546610702,1.0067657709167148
1999-04-15,1,-0.0012304779933743903,-0.03467203366572291,1.0055269677911192
1999-04-16,1,-0.0015163002274449777,-0.03613576068063462,1.0040022870211553
1999-04-19,1,0.001993166287015846,-0.03421461897356315,1.0060034305317327
1999-04-20,1,0.0008525149190110604,-0.033391272527675264,1.0068610634648374
1999-04-21,1,-0.0003785727806170369,-0.033757204281403164,1.0064798932723464
1999-04-22,1,-0.001988259799280523,-0.03567834598847486,1.0044787497617689
1999-04-23,1,0.000474338298074084,-0.035220931296315094,1.0049552125023824
1999-04-26,1,0.0007585814526835932,-0.034489067788859296,1.0057175528873643
1999-04-27,1,0.0006632556376728882,-0.03384868721983536,1.0063846007242234
1999-04-28,1,-0.00085219202727016,-0.034672033665723356,1.0055269677911187
1999-04-29,1,0.0018953752843062777,-0.03284237489708364,1.0074328187535735
1999-04-30,1,-0.005580779417328818,-0.0382398682645706,1.001810558414332
1999-05-03,1,-9.512032721381569e-05,-0.03833135120300246,1.0017152658662094
1999-05-04,1,-0.0008561643835617305,-0.039154697648890346,1.0008576329331047
1999-05-05,1,0.0007616871370084155,-0.03842283414143455,1.0016199733180866
1999-05-06,1,-0.0029492912187232267,-0.04125880523282599,0.9986659043262818
1999-05-07,1,-0.0005725190839694916,-0.04180770286341784,0.9980941490375453
1999-05-10,1,0.0012411686079818463,-0.040618424663801944,0.9993329521631411
1999-05-11,1,-0.0015256984838372123,-0.04208215167871365,0.9978082713931773
1999-05-12,1,0.0006685130360042368,-0.04144177110968972,0.9984753192300365
1999-05-13,1,0.002958579881656931,-0.038605800018298164,1.0014293882218415
1999-05-14,1,-0.005614235417261471,-0.044003293385785125,0.9958071278826
1999-05-17,1,-0.008038277511961733,-0.05168786021407168,0.98780255384029
1999-05-18,1,-0.0008682230368513011,-0.052511206659959564,0.9869449209071853
1999-05-19,1,0.0012551897267549794,-0.05132192846034378,0.988183724032781
1999-05-20,1,-9.643201542919311e-05,-0.051413411398775755,0.9880884314846582
1999-05-21,1,0.0019288263091907787,-0.04958375263013626,0.9899942824471128
1999-05-24,1,0.001540090480315781,-0.04812002561522444,0.9915189632170767
1999-05-25,1,-0.0006727534839019444,-0.04876040618424826,0.9908519153802176
1999-05-26,1,-0.0015387574533565207,-0.05022413319916019,0.9893272346102536
1999-05-27,1,-0.0023116933153534136,-0.0524197237215277,0.987040213455308
1999-05-28,1,0.0,-0.0524197237215277,0.987040213455308
1999-06-01,1,-0.0059857115273219685,-0.058091665904310696,0.9811320754716982
1999-06-02,1,-0.0001942501942501229,-0.058274631781174535,0.9809414903754529
1999-06-03,1,0.0008742957062366497,-0.05745128533528676,0.9817991233085575
1999-06-04,1,-9.705910899737713e-05,-0.057542768273718625,0.9817038307604348
1999-06-07,1,0.0003882741215297525,-0.057176836519990726,0.9820850009529257
1999-06-08,1,-0.000291092567436424,-0.05745128533528665,0.9817991233085576
1999-06-09,1,-0.0010676501989711484,-0.058457597658038374,0.9807509052792075
1999-06-10,1,-0.0012631169840652268,-0.05964687585765416,0.979512102153612
1999-06-11,1,-0.0025294289327756347,-0.062025432256885726,0.9770344959024208
1999-06-14,1,0.001950648590656412,-0.06019577348824601,0.9789403468648755
1999-06-15,1,0.0001946850968557179,-0.06001280761138217,0.9791309319611209
1999-06-16,1,0.0018491484184914864,-0.058274631781174535,0.9809414903754529
1999-06-17,1,0.004565766465902454,-0.05397493367487127,0.9854202401372215
1999-06-18,1,-0.0018373464848659982,-0.055713109505078906,0.9836096817228895
1999-06-21,1,-0.001162565394303483,-0.056810904766262715,0.9824661711454167
1999-06-22,1,-0.0009699321047526022,-0.057725734150582464,0.9815132456641894
1999-06-23,1,-0.0013592233009708243,-0.05900649528863011,0.9801791499904712
1999-06-24,1,-0.0012638537818393525,-0.060195773488245896,0.9789403468648756
1999-06-25,1,0.0010707680327071145,-0.05918946116549406,0.9799885648942258
1999-06-28,1,0.0020420070011668567,-0.05726831945842237,0.9819897084048033
1999-06-29,1,0.0007763221737020487,-0.05653645595096657,0.9827520487897852
1999-06-30,1,0.0018423349170948455,-0.054798280120759046,0.984562607204117
1999-07-01,1,-0.0008710801393727596,-0.05562162656664682,0.9837049742710124
1999-07-02,1,0.0,-0.05562162656664682,0.9837049742710124
1999-07-06,1,-0.00048435532306501106,-0.056079041258806805,0.9832285115303987
1999-07-07,1,-0.0005815080441946563,-0.056627938889398655,0.9826567562416623
1999-07-08,1,0.0019394879751744032,-0.05479828012075927,0.9845626072041168
1999-07-09,1,9.678668215262753e-05,-0.05470679718232718,0.9846578997522396
1999-07-12,1,0.0031936514081098988,-0.05168786021407179,0.9878025538402899
1999-07-13,1,0.0007717538105345145,-0.05095599670661577,0.9885648942252719
1999-07-14,1,-0.0008675534991323675,-0.051779343152503654,0.9877072612921673
1999-07-15,1,0.0,-0.051779343152503654,0.9877072612921673
1999-07-16,1,0.0014471780028941783,-0.05040709907602403,0.9891366495140083
1999-07-19,1,0.0009633911368016612,-0.04949226969170406,0.9900895749952358
1999-07-20,1,0.0009624639076033503,-0.04857744030738431,0.991042500476463
1999-07-21,1,-9.615384615391243e-05,-0.0486689232458164,0.9909472079283402
1999-07-22,1,-0.0028848927781517375,-0.051413411398775755,0.9880884314846582
1999-07-23,1,-0.0015430610473526896,-0.05287713841368746,0.9865637507146944
1999-07-26,1,-9.659036028208945e-05,-0.05296862135211955,0.9864684581665716
1999-07-27,1,0.0011591962905719289,-0.05187082609093574,0.9876119687440444
1999-07-28,1,0.0,-0.05187082609093574,0.9876119687440444
1999-07-29,1,-0.0022192203782324116,-0.053974933674871384,0.9854202401372214
1999-07-30,1,-0.0004835122328594732,-0.05443234836703126,0.9849437773966078
1999-08-02,1,-0.002128482972136192,-0.056444973012534816,0.9828473413379076
1999-08-03,1,-0.0005817335660267542,-0.056993870643126776,0.9822755860491712
1999-08-04,1,0.0007760962359333323,-0.056262007135670755,0.9830379264341532
1999-08-05,1,0.002132609538580743,-0.0542493824901672,0.9851343624928534
1999-08-06,1,-0.004739794931321262,-0.0587320464733343,0.9804650276348393
1999-08-09,1,-0.0024297793760326147,-0.06101911993413378,0.9780827139317709
1999-08-10,1,-0.0002922837100545195,-0.061293568749429705,0.9777968362874028
1999-08-11,1,0.001559302212259972,-0.05982984173451811,0.9793215170573665
1999-08-12,1,-0.0002919139826798034,-0.06010429054981403,0.9790356394129982
1999-08-13,1,0.003114658360911182,-0.057176836519990504,0.982085000952926
1999-08-16,1,-0.007374345041723296,-0.06412953984082115,0.9748427672955979
1999-08-17,1,0.002541544477028479,-0.06175098344158947,0.9773203735467892
1999-08-18,1,0.0005850234009361355,-0.06120208581099751,0.9778921288355258
1999-08-19,1,-9.744689144419727e-05,-0.06129356874942948,0.977796836287403
1999-08-20,1,0.00048728194133129676,-0.0608361540572695,0.9782732990280167
1999-08-23,1,0.00019481784531483193,-0.060653188180405326,0.9784638841242624
1999-08-24,1,0.0018504090377873261,-0.05891501235019769,0.9802744425385944
1999-08-25,1,0.002624671916010568,-0.05644497301253404,0.9828473413379084
1999-08-26,1,-0.0006786891603646206,-0.057085353581557974,0.9821802935010492
1999-08-27,1,-0.0025225574852041355,-0.05946390998078954,0.9797026872498581
1999-08-30,1,-0.0026262036766850905,-0.061933949318452974,0.9771297884505442
1999-08-31,1,-0.0027306417007997297,-0.0644954715945486,0.9744615971031075
1999-09-01,1,0.00029336984158034873,-0.06422102277925257,0.9747474747474758
1999-09-02,1,-0.0005865676019161103,-0.06476992040984442,0.9741757194587394
1999-09-03,1,0.0037171084808764743,-0.06129356874942904,0.9777968362874034
1999-09-07,1,-0.0009745638826624825,-0.0622083981337489,0.976843910806176
1999-09-08,1,0.0007804116671543682,-0.0614765346262931,0.9776062511911578
1999-09-09,1,-0.0008772784871819983,-0.062299881072180985,0.9767486182580533
1999-09-10,1,0.002146341463414636,-0.060287256426677316,0.9788450543167535
1999-09-13,1,0.0,-0.060287256426677316,0.9788450543167535
1999-09-14,1,-0.001362928348909609,-0.061568017564724964,0.9775109586430353
1999-09-15,1,0.0012673035679469091,-0.06037873936510918,0.9787497617686308
1999-09-16,1,0.0012656995424009665,-0.059189461165493396,0.9799885648942265
1999-09-17,1,0.000777907429015956,-0.058457597658037486,0.9807509052792084
1999-09-20,1,-0.0007773027594247806,-0.059189461165493396,0.9799885648942265
1999-09-21,1,-0.0001944768572540445,-0.059372427042357345,0.979797979797981
1999-09-22,1,0.00038902937171769736,-0.059006495288629335,0.9801791499904721
1999-09-23,1,0.0019443904335991746,-0.057176836519989505,0.982085000952927
1999-09-24,1,0.0028138948185523205,-0.05452383130546201,0.9848484848484863
1999-09-27,1,-0.0015481373971939494,-0.05598755832037372,0.9833238040785226
1999-09-28,1,-0.0012598119972865307,-0.057176836519989394,0.9820850009529271
1999-09-29,1,-0.002328740539491614,-0.05937242704235701,0.9797979797979813
1999-09-30,1,0.000291772028788273,-0.05909797822706098,0.9800838574423496
1999-10-01,1,-0.0030140982012638595,-0.06193394931845242,0.9771297884505449
1999-10-04,1,0.0019504583577139023,-0.06010429054981292,0.9790356394129994
1999-10-05,1,-0.0026279929920186573,-0.06257432988747647,0.9764627406136855
1999-10-06,1,-0.0006831267688103271,-0.06321471045650029,0.9757956927768264
1999-10-07,1,9.765624999991118e-05,-0.06312322751806831,0.9758909853249491
1999-10-08,1,0.0006835269993166193,-0.06248284694904427,0.9765580331618084
1999-10-11,1,0.0004879000780639853,-0.062025432256884394,0.9770344959024221
1999-10-12,1,-0.000585194577196968,-0.06257432988747635,0.9764627406136857
1999-10-13,1,-0.0014638430760223198,-0.06394657396395609,0.9750333523918445
1999-10-14,1,-0.0011727912431586107,-0.06504436922513979,0.9738898418143718
1999-10-15,1,0.0023483365949119595,-0.06284877870277217,0.9761768629693175
1999-10-18,1,-0.0005857087075361589,-0.06339767633336413,0.9756051076805811
1999-10-19,1,-0.001172103926548096,-0.06449547159454783,0.9744615971031083
1999-10-20,1,-0.0003911597887737983,-0.06486140334827584,0.9740804269106172
1999-10-21,1,0.00019565642731356192,-0.064678437471412,0.9742710120068626
1999-10-22,1,-0.0003912363067292146,-0.0650443692251399,0.9738898418143717
1999-10-25,1,9.784735812123913e-05,-0.06495288628670803,0.9739851343624943
1999-10-26,1,-0.00029351335485749974,-0.06522733510200374,0.9736992567181263
1999-10-27,1,0.0016637306713640498,-0.06367212514866027,0.9753192300362126
1999-10-28,1,0.002149487054225796,-0.061659500503156606,0.9774156660949129
1999-10-29,1,0.003119820610314905,-0.05873204647333308,0.9804650276348406
1999-11-01,1,-0.0022353970259501033,-0.06083615405726883,0.9782732990280175
1999-11-02,1,0.0007792713812584395,-0.06010429054981303,0.9790356394129993
1999-11-03,1,0.0007786645902276845,-0.059372427042357234,0.9797979797979811
1999-11-04,1,0.0018478895156586184,-0.05763425121214938,0.9816085382123133
1999-11-05,1,0.0012620133967575775,-0.056444973012533706,0.9828473413379089
1999-11-08,1,-0.0002908667830133771,-0.05671942182782952,0.9825614636935407
1999-11-09,1,-0.00038793521481916837,-0.05708535358155753,0.9821802935010497
1999-11-10,1,-0.0008731929756474743,-0.05790870002744519,0.9813226605679453
1999-11-11,1,0.000388424936880849,-0.057542768273717404,0.9817038307604361
1999-11-12,1,0.001553096486119232,-0.056079041258805584,0.9832285115303999
1999-11-15,1,-0.007850358596627305,-0.06348915927179621,0.9755098151324582
1999-11-16,1,-0.000976848686138565,-0.06440398865611607,0.9745568896512308
1999-11-17,1,-0.0015644861640754515,-0.06586771567102778,0.9730322088812671
1999-11-18,1,-0.0004896680050925362,-0.06632513036318755,0.9725557461406534
1999-11-19,1,9.798157946305786e-05,-0.06623364742475568,0.9726510386887761
1999-11-22,1,-0.0004898599000685566,-0.06669106211691556,0.9721745759481625
1999-11-23,1,0.00019603999215855872,-0.0665080962400515,0.9723651610444081
1999-11-24,1,9.800078400612477e-05,-0.06641661330161963,0.9724604535925306
1999-11-26,1,-0.0004899559039686086,-0.0668740279937795,0.971983990851917
1999-11-29,1,-0.0015686274509804088,-0.06833775500869121,0.9704593100819532
1999-11-30,1,-0.0008837391987431831,-0.0691611014545791,0.9696016771488485
1999-12-01,1,-0.0007862407862407883,-0.06989296496203501,0.9688393367638666
1999-12-02,1,-0.0004917871545194741,-0.07035037965419488,0.9683628740232529
1999-12-03,1,0.002361739814997099,-0.06815478913182726,0.9706498951781987
1999-12-06,1,0.0008835656783821033,-0.06733144268593949,0.9715075281113033
1999-12-07,1,0.0014713094654241754,-0.06595919860945976,0.9729369163331443
1999-12-08,1,-0.0007835455435847294,-0.06669106211691567,0.9721745759481624
1999-12-09,1,0.0007841599686335687,-0.06595919860945976,0.9729369163331443
1999-12-10,1,0.001665034280117439,-0.06440398865611618,0.9745568896512307
1999-12-13,1,-0.0003911215410188351,-0.06476992040984408,0.9741757194587397
1999-12-14,1,-0.0032280152597085054,-0.06778885737809959,0.9710310653706894
1999-12-15,1,-0.0009813542688911214,-0.06870368676241934,0.970078139889462
1999-12-16,1,-0.0014734774066796907,-0.07007593083889907,0.968648751667621
1999-12-17,1,-0.0001967535661584474,-0.07025889671576313,0.9684581665713754
1999-12-20,1,-0.0009839614287119325,-0.07117372610008288,0.9675052410901481
1999-12-21,1,-0.00029547916871863755,-0.07144817491537891,0.9672193634457799
1999-12-22,1,-0.000295566502463096,-0.07172262373067495,0.9669334858014116
1999-12-23,1,-0.00019710259189908985,-0.0719055896075389,0.9667429007051661
1999-12-27,1,0.0011828486939378102,-0.0708077943463552,0.9678864112826389
1999-12-28,1,-0.0005907256079550338,-0.07135669197694694,0.9673146559939025
1999-12-29,1,0.000985124618264166,-0.07044186259262719,0.9682675814751298
1999-12-30,1,0.0006889085719909982,-0.06980148202360326,0.968934629311989
1999-12-31,1,-0.00393391030684509,-0.0734607995608827,0.9651229273870795
2000-01-03,1,-0.018068720379146863,-0.09020217729393532,0.9476843910806187
2000-01-04,1,0.002413273001508287,-0.0880065867715677,0.9499714122355645
2000-01-05,1,0.01273949242652228,-0.07638825359070589,0.9620735658471521
2000-01-06,1,0.0014857369255150132,-0.07501600951422627,0.9635029540689931
2000-01-07,1,-0.014340816932054246,-0.08828103558686373,0.9496855345911962
2000-01-10,1,-0.001505117399157041,-0.08965327966334335,0.9482561463693553
2000-01-11,1,-0.0027132951462165433,-0.0921233190010069,0.9456832475700413
2000-01-12,1,-0.0008061265618701796,-0.09285518250846281,0.9449209071850594
2000-01-13,1,0.0025211778943121654,-0.09056810904766321,0.9473032208881278
2000-01-14,1,-0.0014083090232370754,-0.09184887018571108,0.9459691252144095
2000-01-18,1,-0.0015110305228164256,-0.0932211142621906,0.9445397369925685
2000-01-19,1,0.0007062146892655718,-0.09258073369316666,0.9452067848294278
2000-01-20,1,-0.0009073495312027502,-0.09340408013905455,0.9443491518963232
2000-01-21,1,-0.00010090817356200876,-0.09349556307748641,0.9442538593482005
2000-01-24,1,0.0022202038550811487,-0.09148293843198285,0.9463502954069006
2000-01-25,1,-0.0004027791763165922,-0.09184887018571086,0.9459691252144097
2000-01-26,1,-0.0003022061045633295,-0.09212331900100679,0.9456832475700414
2000-01-27,1,-0.0010076582023377245,-0.09303814838532665,0.944730322088814
2000-01-28,1,-0.0004034698406294446,-0.09340408013905455,0.9443491518963231
2000-01-31,1,-0.0011099899091826515,-0.09441039246180638,0.943300933866973
2000-02-01,1,0.0007071421355693275,-0.09377001189278245,0.9439679817038322
2000-02-02,1,-0.00030284675953973217,-0.09404446070807848,0.943682104059464
2000-02-03,1,0.002928405533676681,-0.09139145549355099,0.9464455879550233
2000-02-04,1,-0.002013693113169457,-0.09322111426219049,0.9445397369925687
2000-02-07,1,-0.002522195318805487,-0.09550818772299008,0.9421574232895003
2000-02-08,1,0.0007080004045716404,-0.09486780715396625,0.9428244711263594
2000-02-09,1,-0.0011117849201536245,-0.09587411947671798,0.9417762530970093
2000-02-10,1,-0.0004047354042293616,-0.09624005123044588,0.9413950829045185
2000-02-11,1,0.0009110233829334735,-0.09541670478455799,0.942252715837623
2000-02-14,1,0.0021237864077670032,-0.09349556307748641,0.9442538593482005
2000-02-15,1,-0.001009183570491512,-0.09441039246180627,0.9433009338669731
2000-02-16,1,0.00010102030508130078,-0.0943189095233743,0.9433962264150958
2000-02-17,1,-0.0014141414141414232,-0.09559967066142205,0.9420621307413775
2000-02-18,1,0.002023062917256846,-0.09377001189278233,0.9439679817038323
2000-02-22,1,0.0032303654350898103,-0.09084255786295892,0.9470173432437599
2000-02-23,1,-0.0026162205675185346,-0.09322111426219037,0.9445397369925688
2000-02-24,1,0.003026634382566451,-0.09047662610923113,0.9473985134362507
2000-02-25,1,0.0010058338362501917,-0.08956179672491138,0.948351438917478
2000-02-28,1,-0.0025120578778135005,-0.09184887018571097,0.9459691252144096
2000-02-29,1,0.0005036768409387715,-0.0913914554935511,0.9464455879550232
2000-03-01,1,0.000805477245267916,-0.09065959198609508,0.9472079283400052
2000-03-02,1,-0.0006036217303823088,-0.09120848961668704,0.9466361730512688
2000-03-03,1,0.0007046506945842523,-0.0905681090476631,0.9473032208881279
2000-03-06,1,-0.0013077155215772684,-0.09175738724727889,0.9460644177625324
2000-03-07,1,0.001208702659145855,-0.09065959198609508,0.9472079283400052
2000-03-08,1,0.0,-0.09065959198609508,0.9472079283400052
2000-03-09,1,0.0008048289738429304,-0.08992772847863928,0.947970268724987
2000-03-10,1,-0.0014073180538801688,-0.09120848961668704,0.9466361730512687
2000-03-13,1,0.0008053150795248598,-0.09047662610923124,0.9473985134362506
2000-03-14,1,0.0016093341380003512,-0.08901289909431964,0.9489231942062143
2000-03-15,1,0.00040168708576016066,-0.08864696734059163,0.9493043643987052
2000-03-16,1,0.0007026701465568941,-0.08800658677156781,0.9499714122355644
2000-03-17,1,0.0006018657839301778,-0.08745768914097596,0.9505431675243008
2000-03-20,1,-0.00010025062656648931,-0.08754917207940793,0.950447874976178
2000-03-21,1,0.0006015640665730793,-0.08700027444881608,0.9510196302649144
2000-03-22,1,0.00040080160320643543,-0.08663434269508807,0.9514008004574054
2000-03-23,1,0.0009014423076922906,-0.0858109962492003,0.95225843339051
2000-03-24,1,-0.003902731912338697,-0.08937883084804765,0.9485420240137232
2000-03-27,1,-0.00010046212577863312,-0.08947031378647963,0.9484467314656004
2000-03-28,1,0.000904249974881921,-0.08864696734059185,0.949304364398705
2000-03-29,1,0.0005019072475407338,-0.08818955264843187,0.9497808271393188
2000-03-30,1,0.002708939500351226,-0.08571951331076832,0.9523537259386328
2000-03-31,1,0.0009005403241946208,-0.08489616686488033,0.9532113588717375
2000-04-03,1,0.0014995501349595042,-0.0835239227884007,0.9546407470935785
2000-04-04,1,0.004192453583549582,-0.07968163937425743,0.9586430341147334
2000-04-05,1,-0.0009940357852882276,-0.08059646875857718,0.9576901086335061
2000-04-06,1,-0.0011940298507463476,-0.0816942640197611,0.9565465980560331
2000-04-07,1,0.0008965929468021105,-0.08087091757387332,0.9574042309891377
2000-04-10,1,0.001891111774659171,-0.07913274174366558,0.9592147894034698
2000-04-11,1,-0.0022849195310946646,-0.081236849327601,0.957023060796647
2000-04-12,1,-0.002290152344916918,-0.08334095691153665,0.954831332189824
2000-04-13,1,0.0011976047904189713,-0.08224316165035306,0.9559748427672966
2000-04-14,1,0.0014952153110048272,-0.08087091757387332,0.9574042309891377
2000-04-17,1,-0.0016920473773265332,-0.08242612752721701,0.9557842576710512
2000-04-18,1,-0.0006979062811565129,-0.08306650809624083,0.9551172098341921
2000-04-19,1,0.0011972463334330996,-0.08196871283505702,0.956260720411665
2000-04-20,1,-0.0003986048829097699,-0.08233464458878492,0.955879550219174
2000-04-24,1,9.96909580299743e-05,-0.08224316165035306,0.9559748427672966
2000-04-25,1,-0.0037878787878787845,-0.08571951331076844,0.9523537259386327
2000-04-26,1,-0.0004002401440863501,-0.08608544506449622,0.9519725557461418
2000-04-27,1,-0.0037037037037037646,-0.08947031378647963,0.9484467314656004
2000-04-28,1,-0.00040188887772540927,-0.08983624554020775,0.9480655612731094
2000-05-01,1,-0.0006030756859984887,-0.09038514317079949,0.947493805984373
2000-05-02,1,-0.0011063059438802814,-0.09139145549355143,0.9464455879550228
2000-05-03,1,-0.0014095851792185199,-0.09267221663159908,0.9451114922813046
2000-05-04,1,-0.001209921355111998,-0.093770011892783,0.9439679817038317
2000-05-05,1,-0.00181708055723806,-0.09541670478455866,0.9422527158376224
2000-05-08,1,-0.0013147249190937904,-0.09660598298417444,0.9410139127120268
2000-05-09,1,0.0008101265822784143,-0.09587411947671864,0.9417762530970086
2000-05-10,1,0.0017201254679752864,-0.09431890952337496,0.9433962264150951
2000-05-11,1,0.00040404040404040664,-0.09395297776964706,0.9437773966075861
2000-05-12,1,-0.0026252019386107106,-0.09633153416887863,0.9412997903563949
2000-05-15,1,0.001012350678274876,-0.09541670478455888,0.9422527158376222
2000-05-16,1,0.0005056634304207996,-0.0949592900923989,0.9427291785782359
2000-05-17,1,-0.0011118973011221556,-0.09596560241515084,0.9416809605488856
2000-05-18,1,-0.0018214936247722413,-0.0976122953069265,0.9399656946826764
2000-05-19,1,0.0019261962692620482,-0.09587411947671876,0.9417762530970085
2000-05-22,1,0.00212486087220487,-0.09395297776964706,0.9437773966075861
2000-05-23,1,-0.0005048465266560553,-0.09441039246180716,0.9433009338669722
2000-05-24,1,-0.0007071421355692165,-0.09505077303083098,0.9426338860301131
2000-05-25,1,0.0023251112009705643,-0.09294666544689523,0.9448256146369362
2000-05-26,1,0.001512859304084735,-0.0915744213704156,0.9462550028587772
2000-05-30,1,-0.0013091641490432515,-0.09276369957003128,0.9450161997331816
2000-05-31,1,0.0025209236664314183,-0.0904766261092318,0.94739851343625
2000-06-01,1,0.0027157513578757175,-0.08800658677156825,0.9499714122355639
2000-06-02,1,0.002106530243755733,-0.08608544506449656,0.9519725557461415
2000-06-05,1,0.0010010010010008674,-0.08517061568017681,0.9529254812273688
2000-06-06,1,-0.0006999999999999229,-0.08581099624920063,0.9522584333905096
2000-06-07,1,0.0,-0.08581099624920063,0.9522584333905096
2000-06-08,1,-0.000500350245171699,-0.08626841094136062,0.9517819706498959
2000-06-09,1,0.00010012014417304371,-0.08617692800292853,0.9518772631980187
2000-06-12,1,0.001101211332465768,-0.0851706156801767,0.9529254812273689
2000-06-13,1,9.999999999998899e-05,-0.08507913274174472,0.9530207737754915
2000-06-14,1,0.001799820017998055,-0.08343243984996929,0.9547360396417006
2000-06-15,1,0.0,-0.08343243984996929,0.9547360396417006
2000-06-16,1,0.002096017566623587,-0.08151129814289748,0.9567371831522783
2000-06-19,1,-0.0005976095617530319,-0.08206019577348933,0.9561654278635419
2000-06-20,1,-0.0008969503687462632,-0.0828835422193771,0.9553077949304373
2000-06-21,1,-0.002294264339152141,-0.08498764980331275,0.9531160663236143
2000-06-22,1,-0.00029994001199762366,-0.08526209861860878,0.9528301886792461
2000-06-23,1,-0.001600160016001606,-0.08672582563352049,0.9513055079092823
2000-06-26,1,0.002303916658319194,-0.08462171804958474,0.9534972365161053
2000-06-27,1,9.994003597824097e-05,-0.08453023511115298,0.9535925290642279
2000-06-28,1,-9.993004896557967e-05,-0.08462171804958474,0.9534972365161053
2000-06-29,1,0.002298620827503539,-0.0825176104656491,0.9556889651229283
2000-06-30,1,0.0007976867085452977,-0.08178574695819318,0.9564513055079104
2000-07-03,1,0.001594101823253924,-0.08032201994328148,0.9579759862778741
2000-07-05,1,0.0003978911767630322,-0.07995608818955369,0.9583571564703649
2000-07-06,1,-0.0014914984587848235,-0.08132833226603331,0.956927768248524
2000-07-07,1,0.001493726349332647,-0.07995608818955369,0.9583571564703649
2000-07-10,1,-0.0008948990752708497,-0.08077943463544135,0.9574995235372604
2000-07-11,1,-0.000497611464968073,-0.08123684932760122,0.9570230607966468
2000-07-12,1,-0.0006970028875834533,-0.08187722989662516,0.9563560129597876
2000-07-13,1,0.0018931845356715549,-0.08013905406641753,0.9581665713741195
2000-07-14,1,-0.00308304326205866,-0.08297502515780897,0.9552125023823147
2000-07-17,1,-0.001695929768555482,-0.08453023511115265,0.9535925290642282
2000-07-18,1,0.00019986009793160342,-0.08434726923428859,0.9537831141604738
2000-07-19,1,-9.991008092724574e-05,-0.08443875217272057,0.953687821612351
2000-07-20,1,0.0043964828137490475,-0.08041350288171334,0.9578806937297515
2000-07-21,1,0.00019896538002406317,-0.08023053700484917,0.9580712788259972
2000-07-24,1,-0.000994629003381875,-0.08114536638916914,0.9571183533447697
2000-07-25,1,0.00029868578255665135,-0.08087091757387321,0.9574042309891378
2000-07-26,1,0.0,-0.08087091757387321,0.9574042309891378
2000-07-27,1,0.000995321986662523,-0.07995608818955358,0.958357156470365
2000-07-28,1,-0.0006960326140995621,-0.0805964687585774,0.9576901086335059
2000-07-31,1,0.00019900497512437276,-0.08041350288171345,0.9578806937297514
2000-08-01,1,0.0010943095901312372,-0.07940719055896162,0.9589289117591014
2000-08-02,1,0.000993739441518482,-0.07849236117464187,0.9598818372403288
2000-08-03,1,0.00039710116152091857,-0.07812642942091386,0.9602630074328198
2000-08-04,1,0.0016870100228243423,-0.07657121946757006,0.9618829807509064
2000-08-07,1,-0.0012878937982959693,-0.07776049766718585,0.9606441776253108
2000-08-08,1,0.0010911615911119998,-0.07675418534443412,0.9616923956546609
2000-08-09,1,-9.908838684113963e-05,-0.0768456682828661,0.9615971031065381
2000-08-10,1,0.0008918838569023091,-0.07602232183697821,0.9624547360396428
2000-08-11,1,-0.00207920792079197,-0.07794346354404968,0.9604535925290655
2000-08-14,1,0.0002976485762475889,-0.07766901472875376,0.9607394701734336
2000-08-15,1,-0.000892680023804715,-0.07849236117464164,0.959881837240329
2000-08-16,1,-0.0006949270326616075,-0.07913274174366558,0.9592147894034698
2000-08-17,1,0.00019868865487793208,-0.07894977586680152,0.9594053744997154
2000-08-18,1,0.001092570520460967,-0.07794346354404957,0.9604535925290656
2000-08-21,1,-0.0002976485762476999,-0.07821791235934561,0.9601677148846973
2000-08-22,1,0.000496228662167475,-0.07776049766718574,0.960644177625311
2000-08-23,1,0.0014879476242435352,-0.076388253590706,0.962073565847152
2000-08-24,1,0.0003961965134706702,-0.0760223218369781,0.9624547360396429
2000-08-25,1,9.90099009900991e-05,-0.07593083889854613,0.9625500285877656
2000-08-28,1,-0.001386001386001423,-0.07721160003659389,0.9612159329140473
2000-08-29,1,-0.0009913750371766117,-0.07812642942091375,0.9602630074328199
2000-08-30,1,0.00029770765108660946,-0.07785198060561793,0.960548885077188
2000-08-31,1,0.00257936507936507,-0.07547342420638625,0.9630264913283793
2000-09-01,1,0.0020779734811002815,-0.07355228249931467,0.9650276348389567
2000-09-05,1,0.0,-0.07355228249931467,0.9650276348389567
2000-09-06,1,-0.0008887133405746095,-0.07437562894520244,0.9641700019058521
2000-09-07,1,-0.0008895038545166933,-0.07519897539109033,0.9633123689727475
2000-09-08,1,0.0008902957760412722,-0.07437562894520233,0.9641700019058522
2000-09-11,1,-0.0009883376161297086,-0.07529045832952219,0.9632170764246248
2000-09-12,1,-9.893153937479138e-05,-0.07538194126795428,0.963121783876502
2000-09-13,1,0.0014841199168893482,-0.07400969719147443,0.9645511720983432
2000-09-14,1,-0.0007903576368306631,-0.07474156069893034,0.9637888317133613
2000-09-15,1,9.887284951548558e-05,-0.07465007776049837,0.963884124261484
2000-09-18,1,0.00019772614928315058,-0.07446711188363453,0.9640747093577293
2000-09-19,1,0.0,-0.07446711188363453,0.9640747093577293
2000-09-20,1,-0.001186122368291076,-0.07556490714481845,0.9629311987802563
2000-09-21,1,0.0002968827313212241,-0.07529045832952241,0.9632170764246246
2000-09-22,1,0.0009893153937476917,-0.07437562894520244,0.9641700019058521
2000-09-25,1,-0.00019766752322603054,-0.07455859482206662,0.9639794168096065
2000-09-26,1,0.0009885330170027462,-0.07364376543774676,0.9649323422908339
2000-09-27,1,9.875567845152311e-05,-0.07355228249931467,0.9650276348389567
2000-09-28,1,-0.0002962377801916105,-0.0738267313146107,0.9647417571945884
2000-09-29,1,0.0005926511260372358,-0.07327783368401863,0.965313512483325
2000-10-02,1,0.000493583415597243,-0.07282041899185887,0.9657899752239386
2000-10-03,1,-0.0011840157868771017,-0.07391821425304257,0.9646464646464659
2000-10-04,1,-0.0006914946162205338,-0.0745585948220665,0.9639794168096066
2000-10-05,1,0.0009885330170027462,-0.07364376543774664,0.964932342290834
2000-10-06,1,0.0005925340707089166,-0.0730948678071548,0.9655040975795703
2000-10-09,1,0.0,-0.0730948678071548,0.9655040975795703
2000-10-10,1,0.0005921831819977186,-0.07254597017656284,0.9660758528683069
2000-10-11,1,0.0008877490629315421,-0.07172262373067506,0.9669334858014115
2000-10-12,1,0.002365231102788856,-0.06952703320830766,0.969220506956357
2000-10-13,1,0.0,-0.06952703320830766,0.969220506956357
2000-10-16,1,-0.0010815062432405487,-0.07053334553105939,0.9681722889270069
2000-10-17,1,0.0022637795275590733,-0.06842923794712386,0.9703640175338298
2000-10-18,1,0.0,-0.06842923794712386,0.9703640175338298
2000-10-19,1,-0.00029460866149466636,-0.06870368676241978,0.9700781398894616
2000-10-20,1,0.00039292730844797674,-0.06833775500869188,0.9704593100819525
2000-10-23,1,0.0012765121759621412,-0.06714847680907621,0.971698113207548
2000-10-24,1,-0.0010787486515642097,-0.06815478913182815,0.9706498951781978
2000-10-25,1,-0.0016689573924995038,-0.06970999908517184,0.9690299218601113
2000-10-26,1,-9.833808634074348e-05,-0.0698014820236037,0.9689346293119886
2000-10-27,1,-0.001180173092053538,-0.07089927728478751,0.9677911187345157
2000-10-30,1,-0.0005907837731390364,-0.07144817491537947,0.9672193634457793
2000-10-31,1,0.0,-0.07144817491537947,0.9672193634457793
2000-11-01,1,0.0010837438423645374,-0.07044186259262764,0.9682675814751294
2000-11-02,1,0.0002952465308532215,-0.07016741377733182,0.9685534591194975
2000-11-03,1,-0.0025580480125935168,-0.07254597017656339,0.9660758528683063
2000-11-06,1,-0.0011836654172420191,-0.07364376543774709,0.9649323422908336
2000-11-07,1,0.0,-0.07364376543774709,0.9649323422908336
2000-11-08,1,0.00019751135690304622,-0.07346079956088303,0.965122927387079
2000-11-09,1,0.0015797788309637184,-0.07199707254597132,0.9666476081570429
2000-11-10,1,0.00039432176656162277,-0.07163114079224331,0.9670287783495339
2000-11-13,1,0.0009854158454867257,-0.07071631140792356,0.9679817038307612
2000-11-14,1,0.0,-0.07071631140792356,0.9679817038307612
2000-11-15,1,0.0008860011813349722,-0.06989296496203568,0.9688393367638659
2000-11-16,1,0.0009835743090389482,-0.06897813557771593,0.9697922622450932
2000-11-17,1,-0.0006878254888473823,-0.06961851614673975,0.9691252144082341
2000-11-20,1,0.0006882989183873978,-0.06897813557771593,0.9697922622450932
2000-11-21,1,0.0,-0.06897813557771593,0.9697922622450932
2000-11-22,1,0.0017686941141790147,-0.06733144268594027,0.9715075281113025
2000-11-24,1,-0.001275134870034389,-0.06852072088555605,0.9702687249857068
2000-11-27,1,0.0,-0.06852072088555605,0.9702687249857068
2000-11-28,1,0.0015714005107052564,-0.06705699387064423,0.9717934057556707
2000-11-29,1,0.0017650519709746515,-0.06541030097886857,0.9735086716218799
2000-11-30,1,0.00450274079874724,-0.061202085810997287,0.977892128835526
2000-12-01,1,-0.001851490937439082,-0.06294026164120492,0.976081570421194
2000-12-04,1,0.0003905105925996466,-0.06257432988747713,0.9764627406136848
2000-12-05,1,0.0029276861520444175,-0.059829841734517775,0.9793215170573668
2000-12-06,1,0.00291913982679759,-0.05708535358155831,0.9821802935010489
2000-12-07,1,0.0,-0.05708535358155831,0.9821802935010489
2000-12-08,1,-0.0012612787426020677,-0.05827463178117409,0.9809414903754533
2000-12-11,1,-0.0007771517388770466,-0.05900649528863,0.9801791499904714
2000-12-12,1,0.0003888780867198349,-0.05864056353490199,0.9805603201829624
2000-12-13,1,0.0022351797862001366,-0.05653645595096646,0.9827520487897853
2000-12-14,1,0.0017453699214584617,-0.05488976305919058,0.9844673146559947
2000-12-15,1,0.001064756557932478,-0.05388345073643874,0.9855155326853449
2000-12-18,1,0.0011603171533551837,-0.052785655475255044,0.9866590432628176
2000-12-19,1,-0.0008692292833687443,-0.05360900192114282,0.985801410329713
2000-12-20,1,0.0031899468342193593,-0.05059006495288754,0.9889460644177632
2000-12-21,1,0.0020235112738484773,-0.048668923245815954,0.9909472079283407
2000-12-22,1,0.0008654678334456545,-0.04784557679992796,0.9918048408614455
2000-12-26,1,-0.0003843197540353005,-0.048211508553655746,0.9914236706689546
2000-12-27,1,-0.0021145713187237236,-0.050224133199159526,0.9893272346102543
2000-12-28,1,-0.0011558466576766513,-0.051321928460343225,0.9881837240327815
2000-12-29,1,0.0008678881388621829,-0.05049858201445534,0.9890413569658862
2001-01-02,1,0.007322478080739936,-0.043545878693624585,0.9962835906232143
2001-01-03,1,-0.005069344811095222,-0.048394474430519696,0.9912330855727092
2001-01-04,1,0.004422226494904979,-0.04418625926264841,0.9956165427863553
2001-01-05,1,0.004115620214395044,-0.04025249291007316,0.9997141223556328
2001-01-08,1,0.0015251167667524879,-0.03878876589516134,1.0012388031255968
2001-01-09,1,-0.002855239364233375,-0.041533254048120916,0.9983800266819146
2001-01-10,1,-0.003149756609716503,-0.04455219101637631,0.9952353725938643
2001-01-11,1,-0.0006702412868632157,-0.04519257158540013,0.9945683247570052
2001-01-12,1,-0.0038325189230622447,-0.04885188912267946,0.9907566228320956
2001-01-16,1,0.00038472636337405497,-0.04848595736895156,0.9911377930245866
2001-01-17,1,0.0019228920296123775,-0.04665629860031206,0.9930436439870411
2001-01-18,1,0.0032626427406199365,-0.043545878693624585,0.9962835906232143
2001-01-19,1,-0.0021042563366809874,-0.04555850333912814,0.9941871545645141
2001-01-22,1,-0.0009584970765839085,-0.046473332723448,0.9932342290832867
2001-01-23,1,-0.0021107166842559977,-0.04848595736895167,0.9911377930245865
2001-01-24,1,-0.0006730122103644209,-0.049126337937975606,0.9904707451877273
2001-01-25,1,0.0007696748123917629,-0.048394474430519696,0.9912330855727092
2001-01-26,1,0.0005768121515092872,-0.04784557679992785,0.9918048408614456
2001-01-29,1,-0.0003843197540353005,-0.048211508553655635,0.9914236706689548
2001-01-30,1,0.0022106881968473324,-0.0461074009697201,0.9936153992757777
2001-01-31,1,0.0024935264217895714,-0.043728844570488534,0.9960930055269689
2001-02-01,1,0.0023916578972544844,-0.04144177110968883,0.9984753192300374
2001-02-02,1,-0.0030540179423554914,-0.04436922513951236,0.9954259576901098
2001-02-05,1,-0.00019146084625687454,-0.0445521910163762,0.9952353725938644
2001-02-06,1,-0.001627728839525111,-0.04610740096971988,0.9936153992757779
2001-02-07,1,0.0006713340366357734,-0.045467020400695946,0.9942824471126371
2001-02-08,1,-0.0004792026068621835,-0.04592443509285582,0.9938059843720235
2001-02-09,1,0.002301275290056415,-0.04372884457048842,0.996093005526969
2001-02-12,1,-0.0007653305271213551,-0.04446070807794411,0.9953306651419872
2001-02-13,1,-0.0011488750598372954,-0.04555850333912792,0.9941871545645143
2001-02-14,1,-0.002108693568484643,-0.04757112798463159,0.9920907185058141
2001-02-15,1,-0.0018249927960810597,-0.04930930381483922,0.9902801600914821
2001-02-16,1,0.0032717474980754613,-0.046198883908151744,0.9935201067276552
2001-02-20,1,9.591406100128985e-05,-0.04610740096971988,0.9936153992757779
2001-02-21,1,-0.0007672388990122014,-0.04683926447717568,0.992853058890796
2001-02-22,1,0.0006718495057107532,-0.046198883908151744,0.9935201067276552
2001-02-23,1,0.00268559370803767,-0.043637361632056226,0.9961882980750919
2001-02-26,1,0.0013392003061030167,-0.042356600494008356,0.9975223937488104
2001-02-27,1,0.0013374092472295818,-0.04107583935596071,0.9988564894225286
2001-02-28,1,0.0014310246136233218,-0.03970359527948086,1.0002858776443697
2001-03-01,1,0.0009526531389920656,-0.038788765895161115,1.001238803125597
2001-03-02,1,-0.002855239364233375,-0.041533254048120694,0.9983800266819148
2001-03-05,1,-0.00047723584995706947,-0.04199066874028068,0.9979035639413011
2001-03-06,1,9.549274255160611e-05,-0.04189918580184859,0.9979988564894239
2001-03-07,1,0.0017187052420508664,-0.040252492910073046,0.9997141223556331
2001-03-08,1,0.0006672385854542551,-0.03961211234104911,1.0003811701924923
2001-03-09,1,-0.0015240998285388496,-0.04107583935596093,0.9988564894225284
2001-03-12,1,0.0004770082045413293,-0.040618424663800834,0.9993329521631422
2001-03-13,1,-0.0003814246209593586,-0.040984356417528844,0.9989517819706512
2001-03-14,1,0.0033387389106172005,-0.03778245357240939,1.002287021154947
2001-03-15,1,0.002091652405400213,-0.03576982892690583,1.0043834572136472
2001-03-16,1,0.0007590132827324236,-0.035037965419449923,1.005145797598629
2001-03-19,1,-0.0018960940462646736,-0.03686762418808964,1.0032399466361743
2001-03-20,1,0.0016147416413374582,-0.03531241423474585,1.004859919954261
2001-03-21,1,0.0010431484115693834,-0.034306101911994125,1.005908137983611
2001-03-22,1,0.0018946570670708152,-0.032476443143354405,1.0078139889460658
2001-03-23,1,-0.002647503782148286,-0.035037965419449923,1.005145797598629
2001-03-26,1,-0.0011376564277588708,-0.03613576068063373,1.0040022870211562
2001-03-27,1,-0.004271070615034178,-0.040252492910073046,0.9997141223556331
2001-03-28,1,0.0007625583833761329,-0.03952062940261725,1.0004764627406149
2001-03-29,1,0.0010477188303648077,-0.03851431707986541,1.001524680769965
2001-03-30,1,0.0019029495718363432,-0.036684658311225804,1.0034305317324197
2001-04-02,1,-0.0003798670465335885,-0.03705059006495348,1.003049361539929
2001-04-03,1,0.0014250427512825237,-0.03567834598847386,1.00447874976177
2001-04-04,1,0.0009486765961483901,-0.03476351660415389,1.0054316752429975
2001-04-05,1,-0.0016112216851483785,-0.03631872655749768,1.0038117019249109
2001-04-06,1,0.0031327131194227587,-0.03329978958924229,1.006956356012961
2001-04-09,1,-0.0010409766253430819,-0.034306101911994125,1.005908137983611
2001-04-10,1,-0.004262978400909501,-0.03842283414143344,1.0016199733180877
2001-04-11,1,-0.0016173532489772713,-0.03997804409477723,1.000000000000001
2001-04-12,1,-0.002191728606822929,-0.042082151678712765,0.9978082713931782
2001-04-16,1,-0.004011078216025088,-0.04592443509285593,0.9938059843720234
2001-04-17,1,0.002876594112570796,-0.04317994693989635,0.9966647608157055
2001-04-18,1,0.003728845969978023,-0.03961211234104911,1.0003811701924923
2001-04-19,1,-0.0028576871785102043,-0.04235660049400858,0.9975223937488101
2001-04-20,1,0.0002865876958348945,-0.042082151678712654,0.9978082713931783
2001-04-23,1,0.0026740521440167253,-0.03952062940261725,1.0004764627406149
2001-04-24,1,0.0,-0.03952062940261725,1.0004764627406149
2001-04-25,1,-0.002285931993523116,-0.041716219924984754,0.9981894415856692
2001-04-26,1,0.0019093078758949389,-0.039886561156345146,1.000095292548124
2001-04-27,1,-0.004383039542639411,-0.044094776324216434,0.9957118353344779
2001-04-30,1,-0.0008613264427217437,-0.04491812277010421,0.9948542024013733
2001-05-01,1,0.001340996168582409,-0.04363736163205645,0.9961882980750917
2001-05-02,1,-0.0002869714941649004,-0.04391181044735237,0.9959024204307235
2001-05-03,1,0.0022007463400630645,-0.04180770286341684,0.9980941490375463
2001-05-04,1,0.0014321176245943867,-0.040435458786936995,0.9995235372593876
2001-05-07,1,0.00028601391934413023,-0.04016100997164096,0.9998094149037559
2001-05-08,1,0.00019062142584824748,-0.03997804409477701,1.0000000000000013
2001-05-09,1,0.0011435105774728616,-0.0388802488335932,1.0011435105774742
2001-05-10,1,-0.003236245954692629,-0.04199066874028068,0.9979035639413011
2001-05-11,1,-0.006398013750954945,-0.04812002561522355,0.9915189632170777
2001-05-14,1,0.001922152811148603,-0.04629036684658372,0.9934248141795325
2001-05-15,1,-0.0006714628297361802,-0.04693074741560754,0.9927577663426734
2001-05-16,1,0.00076790170858132,-0.04619888390815163,0.9935201067276553
2001-05-17,1,-0.0007673124880107629,-0.04693074741560754,0.9927577663426734
2001-05-18,1,-0.00047993856786343603,-0.04738816210776764,0.9922813036020596
2001-05-21,1,-9.603380389888727e-05,-0.047479645046199614,0.9921860110539369
2001-05-22,1,0.00038417210910490773,-0.047113713292471604,0.9925671812464278
2001-05-23,1,0.0005760368663594306,-0.046564815661879755,0.9931389365351643
2001-05-24,1,-0.002590673575129543,-0.04903485499954319,0.9905660377358504
2001-05-25,1,0.0003848003848003767,-0.04866892324581529,0.9909472079283413
2001-05-29,1,-0.00038465237042017986,-0.049034854999543076,0.9905660377358505
2001-05-30,1,0.0,-0.049034854999543076,0.9905660377358505
2001-05-31,1,0.00355940355940354,-0.045649986277559784,0.9940918620163918
2001-06-01,1,0.0,-0.045649986277559784,0.9940918620163918
2001-06-04,1,0.0006710122699387089,-0.04500960570853585,0.994758909853251
2001-06-05,1,0.00220327617587901,-0.042905498124600205,0.996950638460074
2001-06-06,1,0.0,-0.042905498124600205,0.996950638460074
2001-06-07,1,-0.0008602561651692708,-0.04372884457048809,0.9960930055269693
2001-06-08,1,-0.0018176600019133016,-0.045467020400695723,0.9942824471126374
2001-06-11,1,0.0016292888633313574,-0.04391181044735204,0.9959024204307239
2001-06-12,1,0.0016266385991772214,-0.042356600494008245,0.9975223937488105
2001-06-13,1,0.0,-0.042356600494008245,0.9975223937488105
2001-06-14,1,0.0016239969430644763,-0.04080139054066467,0.9991423670668969
2001-06-15,1,0.00019074868860280425,-0.04061842466380072,0.9993329521631423
2001-06-18,1,0.0002860684657195467,-0.04034397584850469,0.9996188298075106
2001-06-19,1,0.00028598665395618283,-0.04006952703320876,0.9999047074518789
2001-06-20,1,0.0007624130372629878,-0.03933766352575274,1.000667047836861
2001-06-21,1,0.00028568707742127053,-0.039063214710456595,1.0009529254812293
2001-06-22,1,0.0022848438690021844,-0.0368676241880892,1.0032399466361748
2001-06-25,1,-0.0009498480243160801,-0.03778245357240895,1.0022870211549475
2001-06-26,1,-0.002471952842745817,-0.040161009971640516,0.9998094149037563
2001-06-27,1,-0.002287457110179081,-0.04235660049400802,0.9975223937488107
2001-06-28,1,-0.003152464654184284,-0.04537553746226353,0.9943777396607603
2001-06-29,1,-0.0016291327264014166,-0.0469307474156071,0.9927577663426739
2001-07-02,1,0.001919754271453078,-0.04510108864696771,0.9946636173051284
2001-07-03,1,-0.0014370569074534378,-0.046473332723447225,0.9932342290832875
2001-07-05,1,-0.0009594166746619281,-0.047388162107767196,0.99228130360206
2001-07-06,1,0.0021127436857772963,-0.04537553746226364,0.9943777396607602
2001-07-09,1,0.0003833253473886078,-0.04500960570853574,0.9947589098532511
2001-07-10,1,0.0021074815595363283,-0.04299698106303218,0.9968553459119512
2001-07-11,1,0.0,-0.04299698106303218,0.9968553459119512
2001-07-12,1,0.001051524710830698,-0.04199066874028046,0.9979035639413013
2001-07-13,1,-0.0006684491978609097,-0.04263104930930428,0.9972365161044422
2001-07-16,1,0.0014333492594360564,-0.04125880523282466,0.9986659043262831
2001-07-17,1,-0.0001908396946564972,-0.04144177110968861,0.9984753192300376
2001-07-18,1,0.0036266463065470766,-0.03796541944927323,1.0020964360587017
2001-07-19,1,-0.0006656523392923885,-0.038605800018297054,1.0014293882218426
2001-07-20,1,-0.00019031306499195377,-0.038788765895161115,1.001238803125597
2001-07-23,1,0.0001903492909489657,-0.038605800018297054,1.0014293882218426
2001-07-24,1,0.0005709391949757503,-0.038056902387705094,1.0020011435105791
2001-07-25,1,-0.0018069424631479425,-0.03979507821791273,1.0001905850962471
2001-07-26,1,0.000952743902439046,-0.038880248833592757,1.0011435105774746
2001-07-27,1,0.0019036740909956773,-0.03705059006495304,1.0030493615399294
2001-07-30,1,0.0006650199505984222,-0.03641020949592921,1.0037164093767885
2001-07-31,1,0.00132915598594896,-0.03512944835788134,1.005050505050507
2001-08-01,1,-0.0012325779842609075,-0.03631872655749724,1.0038117019249113
2001-08-02,1,-0.0021834061135371785,-0.03842283414143277,1.0016199733180884
2001-08-03,1,-0.0007611074112834348,-0.03915469764888868,1.0008576329331065
2001-08-06,1,0.0005712653527563116,-0.03860580001829683,1.0014293882218428
2001-08-07,1,-0.00019031306499195377,-0.03878876589516089,1.0012388031255972
2001-08-08,1,0.003426287237080272,-0.035495380111609354,1.004669334858016
2001-08-09,1,-0.0008536469695532567,-0.03631872655749724,1.0038117019249113
2001-08-10,1,0.001044237706474327,-0.035312414234745404,1.0048599199542614
2001-08-13,1,0.0012328117591275944,-0.03412313603512962,1.006098723079857
2001-08-14,1,-0.0007577192650123354,-0.03485499954258542,1.0053363826948751
2001-08-15,1,-0.0014218009478673688,-0.03622724361906515,1.003906994473034
2001-08-16,1,0.0014238253440912452,-0.03485499954258531,1.0053363826948754
2001-08-17,1,0.002654028436019029,-0.03229347726648968,1.008004574042312
2001-08-20,1,-0.00217432406882212,-0.03439758485042532,1.005812845435489
2001-08-21,1,0.0006631927996210152,-0.0337572042814015,1.0064798932723482
2001-08-22,1,-0.0008521113425488114,-0.03458055072728938,1.0056222603392435
2001-08-23,1,0.0008528380555292703,-0.0337572042814015,1.0064798932723482
2001-08-24,1,-0.0011361484567317115,-0.03485499954258531,1.0053363826948754
2001-08-27,1,-0.0005687203791469031,-0.035403897173177046,1.004764627406139
2001-08-28,1,0.002750379362670863,-0.03275089195864944,1.0075281113016985
2001-08-29,1,0.0016078691005392276,-0.031195682005305647,1.0091480846197851
2001-08-30,1,0.00047214353163349543,-0.030738267313145884,1.0096245473603986
2001-08-31,1,-0.0013213780084946336,-0.032019028451193865,1.0082904516866802
2001-09-04,1,-0.00538701445988099,-0.03723355594181699,1.002858776443684
2001-09-05,1,0.0009502090459903023,-0.036318726557497016,1.0038117019249115
2001-09-06,1,0.0038921587241314004,-0.0325679260817856,1.0077186963979439
2001-09-07,1,0.0027423167848701357,-0.029914920867258,1.0104821802935033
2001-09-10,1,-0.0005658242172764671,-0.03046381849784985,1.009910425004767
2001-09-17,1,0.012549537648612885,-0.018296587686396082,1.022584333905091
2001-09-18,1,-0.0018637592023110772,-0.0201262464550358,1.0206784829426363
2001-09-19,1,0.0027074969657361336,-0.01747324124050842,1.0234419668381955
2001-09-20,1,-0.0013035381750465813,-0.01875400237855629,1.022107871164477
2001-09-21,1,0.000652619802349319,-0.018113621809532465,1.0227749190013362
2001-09-24,1,-0.0010248765489611067,-0.0191199341322843,1.0217267009719861
2001-09-25,1,0.0011191941801902416,-0.01802213887110049,1.022870211549459
2001-09-26,1,0.0017700763927706031,-0.016283963040892857,1.024680769963791
2001-09-27,1,0.0017669487584859311,-0.014545787210685113,1.026491328378123
2001-09-28,1,-0.001485332343111767,-0.016009514225596932,1.0249666476081591
2001-10-01,1,0.00065079955373748,-0.015369133656573108,1.0256336954450183
2001-10-02,1,0.001300752578277331,-0.01408837251852546,1.0269677911187365
2001-10-03,1,0.0004639510067736552,-0.013630957826365475,1.0274442538593502
2001-10-04,1,-0.00018549434242254303,-0.013813923703229314,1.0272536687631049
2001-10-05,1,0.0006493506493507883,-0.013173543134205268,1.0279207165999642
2001-10-08,1,0.0,-0.013173543134205268,1.0279207165999642
2001-10-09,1,-0.002039491981088326,-0.015186167779708826,1.025824280541264
2001-10-10,1,-0.00027868091035765374,-0.01546061659500464,1.025538402896896
2001-10-11,1,-0.0026946664188812752,-0.018113621809532243,1.0227749190013364
2001-10-12,1,0.000838535358240966,-0.01729027536364436,1.0236325519344411
2001-10-15,1,0.0013963880096814485,-0.015918031287164847,1.025061940156282
2001-10-16,1,0.00083666449753661,-0.015094684841276962,1.0259195730893866
2001-10-17,1,-0.00027865502507895545,-0.015369133656572886,1.0256336954450185
2001-10-18,1,0.0002787326953452851,-0.01509468484127674,1.0259195730893869
2001-10-19,1,-0.0013003901170350884,-0.016375445979324388,1.0245854774156686
2001-10-22,1,-0.00018601190476186247,-0.016558411856188227,1.0243948923194233
2001-10-23,1,-0.0005581395348837059,-0.017107309486780076,1.023823137030687
2001-10-24,1,0.0018615040953089412,-0.015277650718140356,1.0257289879931417
2001-10-25,1,0.0019509476031214223,-0.013356509011068884,1.027730131503719
2001-10-26,1,0.0002781641168290161,-0.013082060195772738,1.0280160091480874
2001-10-29,1,0.0016685205784205959,-0.011435367303996968,1.0297312750142968
2001-10-30,1,0.0024060707014621485,-0.009056810904765511,1.032208881265488
2001-10-31,1,0.0015694239290990897,-0.007501600951421716,1.0338288545835745
2001-11-01,1,-0.00018434878790662967,-0.007684566828285555,1.0336382694873292
2001-11-02,1,-0.0025813589010786897,-0.010246089104381073,1.0309700781398925
2001-11-05,1,0.0012015897957295962,-0.009056810904765511,1.032208881265488
2001-11-06,1,0.0016617429837519904,-0.0074101180129896305,1.0339241471316973
2001-11-07,1,0.0023963133640554357,-0.005031561613757951,1.0364017533828886
2001-11-08,1,-0.003218094887826539,-0.008233464458877626,1.0330665141985926
2001-11-09,1,-0.0011991513697997558,-0.009422742658493188,1.0318277110729972
2001-11-12,1,0.0,-0.009422742658493188,1.0318277110729972
2001-11-13,1,-0.0023088289619505042,-0.011709816119292893,1.0294453973699287
2001-11-14,1,-0.0047209108580950065,-0.016375445979323944,1.024585477415669
2001-11-15,1,-0.007905505952380931,-0.024151495746042473,1.0164856108252365
2001-11-16,1,-0.004687353520202442,-0.02872564266764155,1.0117209834190997
2001-11-19,1,0.00480361684091557,-0.024060012807610387,1.0165809033733593
2001-11-20,1,-0.002343457067866539,-0.02634708626841009,1.0141985896702908
2001-11-21,1,-0.0036643803438880518,-0.029914920867257333,1.010482180293504
2001-11-23,1,-0.0026405130139569577,-0.03247644314335296,1.0078139889460673
2001-11-26,1,-0.0002836611195159433,-0.032750891958648776,1.0075281113016992
2001-11-27,1,0.0029319965951006832,-0.029914920867257333,1.010482180293504
2001-11-28,1,-0.00018860807242560007,-0.030097886744121505,1.0102915951972584
2001-11-29,1,0.00679117147707986,-0.02351111517701865,1.0171526586620956
2001-11-30,1,0.0004684279557805038,-0.023053700484858664,1.0176291214027093
2001-12-03,1,0.0010300589942877636,-0.02204738816210683,1.0186773394320594
2001-12-04,1,0.0013096351730590428,-0.02076662702405896,1.0200114351057779
2001-12-05,1,-0.008501494768310969,-0.02909157442136945,1.0113398132266087
2001-12-06,1,-0.0037689625930461546,-0.032750891958648665,1.0075281113016994
2001-12-07,1,-0.003310318736404083,-0.03595279480376801,1.0041928721174036
2001-12-10,1,0.0019927880053141056,-0.03403165309669631,1.0061940156279812
2001-12-11,1,0.002651766265744815,-0.031470130820600684,1.0088622069754178
2001-12-12,1,0.002361386606215099,-0.029183057359801312,1.0112445206784861
2001-12-13,1,-0.004146249528835244,-0.03320830665080854,1.0070516485610856
2001-12-14,1,-0.0026495079485238104,-0.03576982892690417,1.004383457213649
2001-12-17,1,-0.0033206831119545477,-0.03897173177202351,1.0010482180293532
2001-12-18,1,0.004854831032841567,-0.03430610191199235,1.0059081379836128
2001-12-19,1,0.0017999242137172189,-0.032567926081784715,1.0077186963979448
2001-12-20,1,-0.0009456264775413725,-0.033482755466104464,1.0067657709167175
2001-12-21,1,-0.0009465215333649413,-0.034397584850424434,1.00581284543549
2001-12-24,1,-0.001421127427759239,-0.03576982892690417,1.004383457213649
2001-12-26,1,-0.00189753320683117,-0.037599487695543776,1.0024776062511942
2001-12-27,1,0.0027566539923953304,-0.034946482481016394,1.0052410901467534
2001-12-28,1,-0.0001895914304672619,-0.035129448357880344,1.005050505050508
2001-12-31,1,0.002180714895230862,-0.0330253407739447,1.007242233657331
2002-01-02,1,-0.004257332071901598,-0.03714207300338379,1.002954068991808
2002-01-03,1,0.00095011876484552,-0.03622724361906415,1.0039069944730352
2002-01-04,1,-0.00037968675842425803,-0.03659317537279205,1.0035258242805443
2002-01-07,1,0.0034184787769442337,-0.033299789589240625,1.0069563560129628
2002-01-08,1,-0.00018926847733502505,-0.033482755466104464,1.0067657709167175
2002-01-09,1,0.0004732607666824151,-0.03302534077394448,1.0072422336573312
2002-01-10,1,0.0032166508987701015,-0.029914920867257222,1.0104821802935042
2002-01-11,1,0.003866465484722692,-0.02616412039154603,1.0143891747665363
2002-01-14,1,-0.0002818224518553736,-0.026438569206841844,1.0141032971221682
2002-01-15,1,0.000563803796278961,-0.025889671576249884,1.0146750524109047
2002-01-16,1,-0.0008452291510142595,-0.02671301802213777,1.0138174194778
2002-01-17,1,-0.003289782874330238,-0.029914920867257222,1.0104821802935042
2002-01-18,1,0.0014145605431912234,-0.028542676790777488,1.0119115685153452
2002-01-22,1,-0.0009417082587813708,-0.029457506175097237,1.010958643034118
2002-01-23,1,-0.0030163069092280503,-0.032384960204920654,1.0079092814941903
2002-01-24,1,-0.0015127162711543463,-0.033848687219832474,1.0063846007242265
2002-01-25,1,-0.0013256320424201995,-0.03512944835788012,1.0050505050505083
2002-01-28,1,-0.00018962738219396869,-0.03531241423474396,1.004859919954263
2002-01-29,1,0.0038880986249407723,-0.03156161375903255,1.0087669144272953
2002-01-30,1,-0.00018892877385223716,-0.031744579635896386,1.00857632933105
2002-01-31,1,-0.004629629629629761,-0.03622724361906371,1.0039069944730357
2002-02-01,1,0.0017085904129094942,-0.03458055072728783,1.005622260339245
2002-02-04,1,0.0024637543826400155,-0.03220199432805637,1.0080998665904362
2002-02-05,1,0.0007562151432081166,-0.031470130820600684,1.0088622069754178
2002-02-06,1,-0.0010390101067346835,-0.03247644314335252,1.0078139889460678
2002-02-07,1,-0.0005673222390317756,-0.033025340773944256,1.0072422336573315
2002-02-08,1,0.001513718070009329,-0.03156161375903277,1.008766914427295
2002-02-11,1,-0.0004723219346306484,-0.032019028451192755,1.0082904516866813
2002-02-12,1,-0.002268216614686791,-0.03421461897356037,1.0060034305317356
2002-02-13,1,-0.0012314104385715563,-0.03540389717317616,1.00476462740614
2002-02-14,1,0.0008535660091046893,-0.03458055072728827,1.0056222603392446
2002-02-15,1,0.002653273950535384,-0.032019028451192755,1.0082904516866813
2002-02-19,1,-0.0003780361024477985,-0.032384960204920654,1.0079092814941903
2002-02-20,1,0.0,-0.032384960204920654,1.0079092814941903
2002-02-21,1,9.454476694714664e-05,-0.03229347726648868,1.0080045740423131
2002-02-22,1,0.0009453582907921199,-0.03137864788216893,1.0089574995235404
2002-02-25,1,-0.0009444654325651003,-0.03229347726648868,1.0080045740423131
2002-02-26,1,-0.001985252410663718,-0.03421461897356037,1.0060034305317356
2002-02-27,1,0.0030311641564839675,-0.031287164943736845,1.0090527920716632
2002-02-28,1,-0.0021720653508358057,-0.03339127252767249,1.0068610634648403
2002-03-01,1,-0.0037857278061707023,-0.037050590064951816,1.0030493615399307
2002-03-04,1,-0.001045031350940473,-0.03805690238770354,1.0020011435105807
2002-03-05,1,-0.0003804089396101107,-0.03842283414143155,1.0016199733180897
2002-03-06,1,-0.0005708305584626316,-0.03897173177202351,1.0010482180293532
2002-03-07,1,-0.005901951451689591,-0.044643673954806395,0.9951400800457435
2002-03-08,1,-0.004117590730633003,-0.04857744030738165,0.9910425004764658
2002-03-11,1,9.615384615391243e-05,-0.04848595736894967,0.9911377930245886
2002-03-12,1,0.0006730122103644209,-0.04784557679992574,0.9918048408614478
2002-03-13,1,0.0019215987701768356,-0.04601591803128602,0.9937106918239026
2002-03-14,1,-0.00421940928270037,-0.050041167322293245,0.9895178197065022
2002-03-15,1,0.00028890600924502685,-0.04976671850699721,0.9898036973508705
2002-03-18,1,0.0006739193222295992,-0.0491263379379735,0.9904707451877295
2002-03-19,1,-0.00019241870309794074,-0.049309303814837446,0.990280160091484
2002-03-20,1,-0.002213240954580531,-0.05141341139877309,0.988088431484661
2002-03-21,1,-0.0002893239463785946,-0.051687860214069015,0.9878025538402928
2002-03-22,1,-0.0008682230368513011,-0.0525112066599569,0.9869449209071881
2002-03-25,1,-0.0006758713913295189,-0.05315158722898072,0.986277873070329
2002-03-26,1,0.002318840579710102,-0.050955996706613216,0.9885648942252746
2002-03-27,1,0.0004819741661847843,-0.05049858201445323,0.9890413569658884
2002-03-28,1,-0.0019269679159842346,-0.05232824078309295,0.9871355060034336
2002-04-01,1,-0.001448016217781678,-0.053700484859572795,0.9857061177815925
2002-04-02,1,0.0029002320185613772,-0.05095599670661333,0.9885648942252745
2002-04-03,1,0.0025062656641603454,-0.04857744030738187,0.9910425004764656
2002-04-04,1,-0.0001923076923076028,-0.04876040618424571,0.9908519153802202
2002-04-05,1,0.002308136180034559,-0.0465648156618782,0.9931389365351658
2002-04-08,1,-0.00067165611207054,-0.047205196230902025,0.9924718886983067
2002-04-09,1,0.0010561689870378643,-0.0461988839081503,0.9935201067276568
2002-04-10,1,-0.00019182812200280175,-0.04638184978501436,0.9933295216314112
2002-04-11,1,0.0005755947812740025,-0.04583295215442251,0.9939012769201476
2002-04-12,1,0.0017257909875361133,-0.04418625926264663,0.995616542786357
2002-04-15,1,0.0008614088820826371,-0.04336291281675886,0.9964741757194616
2002-04-16,1,-0.0014344458257625758,-0.04473515689323859,0.9950447874976206
2002-04-17,1,-0.0005746025665581689,-0.04528405452383044,0.9944730322088842
2002-04-18,1,0.0005749329244921775,-0.04473515689323859,0.9950447874976206
2002-04-19,1,9.576709442637998e-05,-0.044643673954806506,0.9951400800457434
2002-04-22,1,0.0005745475438090342,-0.04409477632421488,0.9957118353344796
2002-04-23,1,-0.00028710881424065526,-0.044369225139510804,0.9954259576901113
2002-04-24,1,0.00258472142446875,-0.04189918580184726,0.9979988564894253
2002-04-25,1,0.0005729017473503628,-0.0413502881712553,0.9985706117781618
2002-04-26,1,0.0007634316251550199,-0.0406184246637995,0.9993329521631436
2002-04-29,1,-0.0010489177076380418,-0.041624736986551336,0.9982847341337935
2002-04-30,1,-0.000954562810232984,-0.04253956637087131,0.997331808652566
2002-05-01,1,0.0015287597936173292,-0.0410758393559596,0.9988564894225297
2002-05-02,1,-0.0018126311772562742,-0.04281401518616723,0.9970459310081977
2002-05-03,1,0.0017203478925738036,-0.04116732229439157,0.998761196874407
2002-05-06,1,-0.000477053716248399,-0.04162473698655145,0.9982847341337934
2002-05-07,1,0.0009545628102327619,-0.0407099076022317,0.9992376596150206
2002-05-08,1,-0.004768262445164928,-0.045284054523830775,0.9944730322088838
2002-05-09,1,0.00134151015714834,-0.044003293385783016,0.9958071278826022
2002-05-10,1,0.002105263157894832,-0.041990668740279236,0.9979035639413025
2002-05-13,1,-0.0022918258212375475,-0.04418625926264674,0.9956165427863569
2002-05-14,1,-0.002871362940275568,-0.04693074741560621,0.9927577663426749
2002-05-15,1,0.001151852562871758,-0.045832952154422624,0.9939012769201475
2002-05-16,1,0.0022051773729625523,-0.04372884457048698,0.9960930055269704
2002-05-17,1,-0.0023916578972543734,-0.04601591803128657,0.993710691823902
2002-05-20,1,0.001917913310318431,-0.044186259262646854,0.9956165427863568
2002-05-21,1,0.0014356814701377285,-0.04281401518616723,0.9970459310081977
2002-05-22,1,0.0016247730096530244,-0.04125880523282355,0.9986659043262842
2002-05-23,1,-0.0013358778625954804,-0.04253956637087142,0.9973318086525659
2002-05-24,1,-0.000286642461303277,-0.04281401518616734,0.9970459310081976
2002-05-28,1,0.0002867246487623376,-0.04253956637087142,0.9973318086525659
2002-05-29,1,0.002006497229122939,-0.04061842466379961,0.9993329521631434
2002-05-30,1,0.0015256984838369902,-0.039154697648888015,1.0008576329331071
2002-05-31,1,-0.001713796058269157,-0.040801390540663784,0.9991423670668977
2002-06-03,1,0.0003814973772056085,-0.040435458786935774,0.9995235372593888
2002-06-04,1,0.001239393650490861,-0.0392461805873201,1.0007623403849844
2002-06-05,1,-0.0008569796229288551,-0.040069527033207764,0.9999047074518799
2002-06-06,1,0.0010483179262366082,-0.03906321471045593,1.00095292548123
2002-06-07,1,-0.0014280274181265318,-0.040435458786935774,0.9995235372593888
2002-06-10,1,0.00028601391934413023,-0.04016100997163974,0.9998094149037571
2002-06-11,1,0.0016202821197102146,-0.03860580001829628,1.0014293882218435
2002-06-12,1,0.0011418783899512785,-0.03750800475711258,1.002572898799316
2002-06-13,1,0.001235623990115009,-0.036318726557496794,1.0038117019249118
2002-06-14,1,0.003037782418834123,-0.03339127252767349,1.0068610634648392
2002-06-17,1,-0.0014196479273139717,-0.03476351660415322,1.0054316752429981
2002-06-18,1,0.0004738887309259088,-0.03430610191199346,1.0059081379836117
2002-06-19,1,0.003694581280788256,-0.030738267313146106,1.0096245473603984
2002-06-20,1,-0.003397829164700328,-0.034031653096697534,1.0061940156279798
2002-06-21,1,0.001894118761246455,-0.032201994328057926,1.0080998665904346
2002-06-24,1,-0.0022686454296247938,-0.034397584850425544,1.0058128454354889
2002-06-25,1,0.0001894836570346392,-0.03421461897356137,1.0060034305317345
2002-06-26,1,0.004546746234725729,-0.02982343792882647,1.0105774728416257
2002-06-27,1,-0.0032060348892032353,-0.032933857835513725,1.0073375262054527
2002-06-28,1,-0.0005675905779962687,-0.033482755466105574,1.0067657709167164
2002-07-01,1,-0.0005679129200188981,-0.03403165309669731,1.00619401562798
2002-07-02,1,0.002651766265744815,-0.031470130820601794,1.0088622069754167
2002-07-03,1,0.0,-0.031470130820601794,1.0088622069754167
2002-07-05,1,-0.004156040426938623,-0.03549538011160891,1.0046693348580165
2002-07-08,1,0.0018969932656738298,-0.03366572134296919,1.0065751858204712
2002-07-09,1,0.002556092019312839,-0.031195682005305425,1.0091480846197853
2002-07-10,1,0.0034938621340887543,-0.027810813283322244,1.0126739089003265
2002-07-11,1,0.0005645996047802804,-0.027261915652730395,1.0132456641890628
2002-07-12,1,0.0008464215179160295,-0.02643856920684251,1.0141032971221675
2002-07-15,1,-0.0004698364968990232,-0.026895983899002274,1.013626834381554
2002-07-16,1,-0.0028203440819780656,-0.029640472051961964,1.0107680579378717
2002-07-17,1,0.0015084378240786123,-0.02817674503704992,1.0122927387078358
2002-07-18,1,0.0020709780664596167,-0.026164120391546253,1.0143891747665361
2002-07-19,1,0.0013151714419914473,-0.024883359253498494,1.0157232704402543
2002-07-22,1,0.0030021578009193917,-0.021955905223675076,1.018772631980182
2002-07-23,1,0.0015901225329717494,-0.02040069527033128,1.0203926052982686
2002-07-24,1,0.0007471049682479247,-0.019668831762875594,1.0211549456832503
2002-07-25,1,0.0010265024262785527,-0.01866251944012365,1.0222031637126006
2002-07-26,1,0.0013051179267269397,-0.017381758302076,1.0235372593863188
2002-07-29,1,-0.005586072060329572,-0.022870734607995047,1.0178197064989545
2002-07-30,1,-0.001217114502387373,-0.02406001280761061,1.016580903373359
2002-07-31,1,0.0024371953505810673,-0.02168145640837915,1.0190585096245501
2002-08-01,1,0.002337759491303437,-0.01939438294757967,1.0214408233276184
2002-08-02,1,0.004571321951674756,-0.014911718964412457,1.0261101581856327
2002-08-05,1,0.0015787518573551207,-0.013356509011068662,1.0277301315037193
2002-08-06,1,-0.004636068613815492,-0.01793065593266774,1.0229655040975825
2002-08-07,1,0.0034466697717745465,-0.014545787210684558,1.0264913283781236
2002-08-08,1,-0.0033419977720015037,-0.017839172994235986,1.023060796645705
2002-08-09,1,0.0024217585692996035,-0.015460616595004306,1.0255384028968964
2002-08-12,1,0.0004645976584278788,-0.015003201902844321,1.02601486563751
2002-08-13,1,0.0027862914460852206,-0.012258713749884853,1.0288736420811921
2002-08-14,1,-0.0015745114383625136,-0.013813923703228648,1.0272536687631055
2002-08-15,1,-0.0028756957328386346,-0.01664989479462009,1.0242995997713007
2002-08-16,1,-0.003907340217694677,-0.020492178208763367,1.0202973127501458
2002-08-19,1,0.0004669842159334969,-0.020034763516603382,1.0207737754907595
2002-08-20,1,0.004294249439880549,-0.015826548348732206,1.0251572327044054
2002-08-21,1,-0.000743632645473169,-0.016558411856188116,1.0243948923194235
2002-08-22,1,-0.0028837209302325917,-0.019394382947579558,1.0214408233276187
2002-08-23,1,0.0015859688403769834,-0.017839172994235764,1.0230607966457053
2002-08-26,1,0.0007451564828613311,-0.017107309486779854,1.0238231370306872
2002-08-27,1,-0.0023268801191362876,-0.019394382947579558,1.0214408233276187
2002-08-28,1,0.0015859688403769834,-0.017839172994235764,1.0230607966457053
2002-08-29,1,0.001956035767511022,-0.01591803128716418,1.0250619401562826
2002-08-30,1,9.296272194858624e-05,-0.015826548348732206,1.0251572327044054
2002-09-03,1,0.005112474437627856,-0.010794986734973144,1.030398322851156
2002-09-04,1,0.0004624063627116648,-0.010337572042813159,1.0308747855917697
2002-09-05,1,0.0017563320391940085,-0.008599396212605526,1.0326853440061017
2002-09-06,1,-0.004521546553474254,-0.013082060195772738,1.0280160091480874
2002-09-09,1,-0.0010196514645902655,-0.014088372518524572,1.0269677911187374
2002-09-10,1,0.0012062726176116367,-0.012899094318908677,1.028206594244333
2002-09-11,1,-0.0031510658016682402,-0.016009514225596044,1.02496664760816
2002-09-12,1,0.003253997768687178,-0.012807611380476702,1.0283018867924558
2002-09-13,1,0.0016680567139284452,-0.011160918488700822,1.0300171526586652
2002-09-16,1,0.0004625774817281769,-0.010703503796540836,1.030493615399279
2002-09-17,1,0.00018494544109493027,-0.010520537919676776,1.0306842004955246
2002-09-18,1,0.00036982248520711636,-0.010154606165948876,1.0310653706880155
2002-09-19,1,0.002495378927911185,-0.007684566828285333,1.0336382694873294
2002-09-20,1,9.219138932436977e-05,-0.007593083889853358,1.0337335620354522
2002-09-23,1,0.0023045722713863626,-0.005306010429053876,1.0361158757385205
2002-09-24,1,0.0006437965602867912,-0.004665629860030274,1.0367829235753794
2002-09-25,1,-0.003308823529411753,-0.007959015643581702,1.0333523918429608
2002-09-26,1,9.221689413507761e-05,-0.007867532705149616,1.0334476843910836
2002-09-27,1,0.0027662517289073207,-0.005123044552190259,1.0363064608347656
2002-09-30,1,0.0006436781609193698,-0.004482663983166657,1.0369735086716245
2002-10-01,1,-0.002940635912516032,-0.0074101180129900746,1.033924147131697
2002-10-02,1,9.216589861749114e-05,-0.0073186350745581,1.0340194396798197
2002-10-03,1,0.00027647221454252247,-0.007044186259261953,1.034305317324188
2002-10-04,1,-0.00046065966463981756,-0.007501600951421938,1.0338288545835743
2002-10-07,1,0.0012904415153469628,-0.00622083981337429,1.0351629502572925
2002-10-08,1,-0.000920556015833518,-0.007135669197694039,1.0342100247760653
2002-10-09,1,0.0025799318160877327,-0.00457414692159841,1.036878216123502
2002-10-10,1,-0.0018380663541953668,-0.006403805690238129,1.0349723651610472
2002-10-11,1,-0.0038670472332198447,-0.010246089104381517,1.030970078139892
2002-10-14,1,0.0,-0.010246089104381517,1.030970078139892
2002-10-15,1,-0.006747388852943903,-0.016924343609916237,1.0240137221269323
2002-10-16,1,-0.0006514051740181825,-0.01756472417894006,1.0233466742900732
2002-10-17,1,-0.0025142005773348686,-0.020034763516603604,1.0207737754907593
2002-10-18,1,0.0,-0.020034763516603604,1.0207737754907593
2002-10-21,1,-0.002800597460791754,-0.022779251669563183,1.017914999047077
2002-10-22,1,-0.00046807713911245497,-0.023236666361722946,1.0174385363064635
2002-10-23,1,0.0005619556055072028,-0.022687768731130875,1.0180102915952
2002-10-24,1,0.002995413273425118,-0.019760314701307458,1.0210596531351277
2002-10-25,1,0.0022398506766214688,-0.01756472417894006,1.0233466742900732
2002-10-28,1,0.0014898966384206958,-0.016100997164028352,1.024871355060037
2002-10-29,1,0.004649000464900022,-0.011526850242429165,1.0296359824661738
2002-10-30,1,-0.00018509949097633704,-0.011709816119293115,1.0294453973699285
2002-10-31,1,0.0005554012774229289,-0.011160918488701266,1.0300171526586648
2002-11-01,1,-0.0023128874086409956,-0.01344799194950097,1.0276348389555963
2002-11-04,1,-0.0019473293768547117,-0.015369133656572664,1.0256336954450187
2002-11-05,1,-0.0008361980860354112,-0.016192480102460327,1.0247760625119142
2002-11-06,1,0.0008368978984563125,-0.015369133656572664,1.0256336954450187
2002-11-07,1,0.002601505156554884,-0.012807611380477146,1.0283018867924554
2002-11-08,1,0.00027800945232137053,-0.012533162565181222,1.0285877644368235
2002-11-11,1,0.0,-0.012533162565181222,1.0285877644368235
2002-11-12,1,0.00037057624606262607,-0.012167230811453211,1.0289689346293145
2002-11-13,1,0.0006482681978143834,-0.011526850242429387,1.0296359824661736
2002-11-14,1,-0.00509023600185099,-0.01655841185618845,1.024394892319423
2002-11-15,1,-0.0011162790697675229,-0.017656207117372258,1.0232513817419502
2002-11-18,1,0.0003725088470851734,-0.01729027536364436,1.0236325519344411
2002-11-19,1,0.0005585552038727126,-0.0167413777330524,1.0242043072231777
2002-11-20,1,-0.003070338667659045,-0.01976031470130768,1.0210596531351275
2002-11-21,1,-0.0020531964535697167,-0.021772939346811238,1.0189632170764273
2002-11-22,1,-0.001402786869914907,-0.02314518342329086,1.0175338288545863
2002-11-25,1,-9.365049634768585e-05,-0.023236666361722946,1.0174385363064635
2002-11-26,1,0.003184415097873927,-0.02012624645503558,1.0206784829426365
2002-11-27,1,-0.004948184109793696,-0.0249748421919308,1.0156279778921313
2002-11-29,1,0.0013135672734096993,-0.02369408105388293,1.0169620735658498
2002-12-02,1,-9.370314842582772e-05,-0.023785563992314906,1.016866781017727
2002-12-03,1,-0.0002811357885857957,-0.02406001280761083,1.0165809033733588
2002-12-04,1,0.00206224221972251,-0.022047388162107273,1.018677339432059
2002-12-05,1,0.0015902712815714093,-0.0204921782087637,1.0202973127501453
2002-12-06,1,0.0015877463341740228,-0.018936968255420017,1.021917286068232
2002-12-09,1,0.001212234240955068,-0.0177476900558039,1.0231560891938278
2002-12-10,1,-0.0001862717705132244,-0.01793065593266796,1.0229655040975822
2002-12-11,1,0.0015836050302748816,-0.016375445979324166,1.0245854774156689
2002-12-12,1,-9.300595238082021e-05,-0.01646692891775603,1.0244901848675463
2002-12-13,1,-0.0013952190493907723,-0.017839172994235764,1.0230607966457053
2002-12-16,1,-0.0018628912071535497,-0.01966883176287537,1.0211549456832505
2002-12-17,1,0.0010265024262785527,-0.018662519440123426,1.0222031637126008
2002-12-18,1,0.0023305677262981384,-0.01637544597932372,1.0245854774156693
2002-12-19,1,0.0029761904761904656,-0.013447991949500304,1.027634838955597
2002-12-20,1,-0.0004636498516320531,-0.01390540664166029,1.0271583762149832
2002-12-23,1,-0.0005566379070415239,-0.01445430427225225,1.0265866209262466
2002-12-24,1,0.001485194467650608,-0.012990577257340541,1.0281113016962105
2002-12-26,1,0.0005561219760867875,-0.01244167962674847,1.028683056984947
2002-12-27,1,0.0029643353404353867,-0.009514225596925052,1.0317324185248746
2002-12-30,1,0.0007388935069732039,-0.008782362089469364,1.0324947589098563
2002-12-31,1,-0.002676511305952811,-0.011435367303996746,1.029731275014297
2003-01-02,1,-0.006570423838608286,-0.017930655932667516,1.0229655040975827
2003-01-03,1,-0.0004657661853748607,-0.01838807062482728,1.0224890413569692
2003-01-06,1,-0.0009319664492077884,-0.019302900009147028,1.021536115875742
2003-01-07,1,0.0012126865671642229,-0.018113621809531244,1.0227749190013375
2003-01-08,1,0.0013043883350414287,-0.016832860671483485,1.0241090146750558
2003-01-09,1,-0.005676002605378261,-0.022413319915834395,1.018296169239569
2003-01-10,1,0.0008422234699607678,-0.02158997346994651,1.0191538021726736
2003-01-13,1,0.0006545114539504571,-0.020949592900922687,1.0198208500095327
2003-01-14,1,0.0014016071762288362,-0.01957734882444273,1.021250238231374
2003-01-15,1,0.00018661938975461645,-0.01939438294757867,1.0214408233276195
2003-01-16,1,-9.329228472798601e-05,-0.019485865886010534,1.021345530779497
2003-01-17,1,0.0014928158238476374,-0.018022138871098936,1.0228702115494606
2003-01-21,1,0.0009316191540897911,-0.017107309486779188,1.0238231370306878
2003-01-22,1,0.0017684288905435164,-0.015369133656571554,1.0256336954450198
2003-01-23,1,-0.001022019882932268,-0.01637544597932339,1.0245854774156697
2003-01-24,1,0.0010230654761904656,-0.015369133656571554,1.0256336954450198
2003-01-27,1,-0.0013936634767257594,-0.016741377733051288,1.0242043072231788
2003-01-28,1,-0.0005582433941198062,-0.017290275363643026,1.0236325519344425
2003-01-29,1,-0.0018618506795755607,-0.019119934132282745,1.0217267009719877
2003-01-30,1,0.0012124603618728358,-0.01793065593266696,1.0229655040975834
2003-01-31,1,0.00046576618537508274,-0.017473241240506976,1.023441966838197
2003-02-03,1,-0.0005586592178771221,-0.018022138871098936,1.0228702115494606
2003-02-04,1,0.001676914477361624,-0.01637544597932339,1.0245854774156697
2003-02-05,1,-0.0021391369047618625,-0.01847955356325892,1.0223937488088468
2003-02-06,1,0.001584490632864144,-0.01692434360991535,1.0240137221269332
2003-02-07,1,0.0010236367020286519,-0.015918031287163625,1.0250619401562833
2003-02-10,1,-0.0017662917170214731,-0.01765620711737126,1.0232513817419513
2003-02-11,1,0.0007450176941701248,-0.01692434360991557,1.024013722126933
2003-02-12,1,0.0014889261120418773,-0.01546061659500364,1.025538402896897
2003-02-13,1,0.0022300687604535074,-0.013265026072636021,1.0278254240518427
2003-02-14,1,-0.0025032449471537044,-0.015735065410299565,1.0252525252525289
2003-02-18,1,-0.0002788363230783464,-0.016009514225595378,1.0249666476081607
2003-02-19,1,0.0017664559315730965,-0.014271338395387745,1.0267772060224927
2003-02-20,1,0.0010208816705337131,-0.0132650260726358,1.027825424051843
2003-02-21,1,-0.001576117188948678,-0.014820236025979594,1.0262054507337564
2003-02-24,1,0.0012071687250441165,-0.013630957826363699,1.027444253859352
2003-02-25,1,0.0009274717121128262,-0.012716128442043728,1.0283971793405795
2003-02-26,1,0.0006486286137878938,-0.012075747873019904,1.0290642271774386
2003-02-27,1,0.00018520233354957227,-0.011892781996155843,1.0292548122736842
2003-02-28,1,-9.258401999823196e-05,-0.01198426493458793,1.0291595197255614
2003-03-03,1,0.0005555555555556424,-0.011435367303995858,1.029731275014298
2003-03-04,1,0.0008328706274292053,-0.010612020858107973,1.0305889079474027
2003-03-05,1,0.0011095700416088317,-0.009514225596924164,1.0317324185248755
2003-03-06,1,-0.0008312551953448821,-0.010337572042811938,1.030874785591771
2003-03-07,1,0.0012941393973007198,-0.009056810904764179,1.0322088812654893
2003-03-10,1,0.0016617429837519904,-0.007410118012988409,1.0339241471316987
2003-03-11,1,-0.0010138248847926246,-0.008416430335740133,1.0328759291023486
2003-03-12,1,-0.001199372635852014,-0.009605708535356028,1.031637125976753
2003-03-13,1,-0.005080362091261836,-0.01463727014911509,1.0263960358300024
2003-03-14,1,0.0008355770123480433,-0.013813923703227204,1.027253668763107
2003-03-17,1,-0.003061224489795955,-0.016832860671482708,1.0241090146750567
2003-03-18,1,-0.0026053782450916607,-0.019394382947578226,1.02144082332762
2003-03-19,1,-0.0014926765556487753,-0.020858109962489935,1.0199161425576562
2003-03-20,1,-0.0007474539848640882,-0.021589973469945845,1.0191538021726743
2003-03-21,1,-0.002992052360916375,-0.024517427499769373,1.0161044406327466
2003-03-24,1,0.0035637250304794144,-0.021041075839353884,1.0197255574614108
2003-03-25,1,0.00018689842070829243,-0.020858109962489935,1.0199161425576562
2003-03-26,1,0.0007474539848639772,-0.020126246455034136,1.020678482942638
2003-03-27,1,0.0010269816076931004,-0.01911993413228208,1.0217267009719884
2003-03-28,1,0.001398992725237802,-0.017747690055802456,1.0231560891938294
2003-03-31,1,-0.0001862717705132244,-0.017930655932666517,1.0229655040975838
2003-04-01,1,9.315323707492773e-05,-0.017839172994234653,1.0230607966457064
2003-04-02,1,-0.0032600596125186287,-0.021041075839353995,1.0197255574614106
2003-04-03,1,0.0009344921035416842,-0.020126246455034358,1.0206784829426379
2003-04-04,1,-0.0006535337503500438,-0.020766627024058182,1.0200114351057787
2003-04-07,1,-0.0026158445440956912,-0.0233281493001537,1.017343243758342
2003-04-08,1,0.002341701011614905,-0.021041075839353995,1.0197255574614106
2003-04-09,1,0.0011213905242499767,-0.019943280578170186,1.0208690680388834
2003-04-10,1,-0.0012134789508073673,-0.02113255877778586,1.019630264913288
2003-04-11,1,-0.001588785046728991,-0.022687768731129654,1.0180102915952014
2003-04-14,1,-0.0017785266310961223,-0.024425944561337287,1.0161997331808694
2003-04-15,1,0.0012190547636907745,-0.023236666361721614,1.0174385363064649
2003-04-16,1,0.0006556148730918476,-0.022596285792697568,1.0181055841433242
2003-04-17,1,-0.0010295769374766284,-0.023602598115449402,1.0170573661139741
2003-04-21,1,-0.0006558605827789998,-0.024242978684473226,1.016390318277115
2003-04-22,1,0.000281267579223643,-0.023968529869177302,1.0166761959214832
2003-04-23,1,-0.0002811884900177919,-0.024242978684473226,1.016390318277115
2003-04-24,1,0.0026251640727545933,-0.02168145640837771,1.0190585096245517
2003-04-25,1,0.0010286141761735035,-0.020675144085625874,1.0201067276539018
2003-04-28,1,-0.0005604857543204389,-0.021224041716217945,1.0195349723651652
2003-04-29,1,-0.001028133470417747,-0.02223035403896967,1.0184867543358151
2003-04-30,1,0.002245508982035904,-0.02003476351660205,1.0207737754907609
2003-05-01,1,0.0004667662434651998,-0.019577348824442287,1.0212502382313744
2003-05-02,1,-0.0022394326770550643,-0.021772939346809683,1.018963217076429
2003-05-05,1,0.0007481529972879208,-0.021041075839353884,1.0197255574614108
2003-05-06,1,0.002990374731333567,-0.018113621809530356,1.0227749190013384
2003-05-07,1,0.002236094288642354,-0.01591803128716296,1.025061940156284
2003-05-08,1,0.0003718508877941229,-0.015552099533434838,1.025443110348775
2003-05-09,1,-0.00018585633305445715,-0.015735065410298676,1.0252525252525297
2003-05-12,1,0.0008365089692350391,-0.014911718964410792,1.0261101581856344
2003-05-13,1,9.28677563150071e-05,-0.014820236025978706,1.0262054507337572
2003-05-14,1,0.0020429009193054792,-0.012807611380474926,1.0283018867924576
2003-05-15,1,-0.001112037809285371,-0.013905406641658513,1.027158376214985
2003-05-16,1,0.002319324612672702,-0.011618333180859142,1.0295406899180533
2003-05-19,1,0.0008330248056274137,-0.010794986734971479,1.0303983228511577
2003-05-20,1,0.0019421067233886813,-0.008873845027899674,1.0323994663617353
2003-05-21,1,-0.0015691342071256775,-0.010429054981243246,1.030779493043649
2003-05-22,1,0.0012018119626513446,-0.009239776781627462,1.0320182961692446
2003-05-23,1,-0.0004616805170821747,-0.009697191473787448,1.0315418334286308
2003-05-27,1,-0.0003695150115473611,-0.010063123227515347,1.0311606632361399
2003-05-28,1,-0.0005544774050456613,-0.010612020858107196,1.0305889079474035
2003-05-29,1,0.0022191400832176633,-0.008416430335739689,1.032875929102349
2003-05-30,1,-0.0006458160346896058,-0.009056810904763624,1.03220888126549
2003-06-02,1,-0.002584933530280553,-0.01161833318085892,1.0295406899180535
2003-06-03,1,0.00314698259903734,-0.008507913274171552,1.0327806365542265
2003-06-04,1,0.001291751245617201,-0.007227152136123904,1.0341147322279447
2003-06-05,1,-0.001658680427570891,-0.008873845027899452,1.0323994663617355
2003-06-06,1,-0.0009230201218387579,-0.009788674412219422,1.031446540880508
2003-06-09,1,0.0024944567627496195,-0.007318635074555768,1.0340194396798221
2003-06-10,1,0.002672564740576755,-0.004665629860028386,1.0367829235753814
2003-06-11,1,-0.0005514705882353477,-0.0052145274906203465,1.0362111682866448
2003-06-12,1,0.0008276623137759564,-0.004391181044732462,1.0370688012197495
2003-06-13,1,0.0013782964256179309,-0.003018936968252728,1.0384981894415906
2003-06-16,1,-0.0025692787667461747,-0.005580459244348246,1.0358299980941539
2003-06-17,1,-0.0029438822447103163,-0.008507913274171774,1.0327806365542263
2003-06-18,1,-0.0023066986528880173,-0.010794986734971479,1.0303983228511577
2003-06-19,1,0.001757144178303971,-0.009056810904763624,1.03220888126549
2003-06-20,1,-0.001754062038404669,-0.010794986734971257,1.030398322851158
2003-06-23,1,0.002312031813557658,-0.008507913274171774,1.0327806365542263
2003-06-24,1,0.00147628713784842,-0.007044186259260066,1.03430531732419
2003-06-25,1,-0.003869541182974001,-0.010886469673403232,1.0303030303030352
2003-06-26,1,-0.00499445061043291,-0.015826548348730318,1.0251572327044074
2003-06-27,1,-0.00046477040342063347,-0.01628396304089008,1.0246807699637939
2003-06-30,1,-0.0006509811215474892,-0.016924343609913906,1.0240137221269348
2003-07-01,1,-0.0004652894100130034,-0.01738175830207389,1.023537259386321
2003-07-02,1,0.0006517084070385426,-0.016741377733049845,1.0242043072231803
2003-07-03,1,-0.002326014142165933,-0.019028451193849216,1.021821993520112
2003-07-07,1,-0.00177189219434859,-0.02076662702405685,1.02001143510578
2003-07-08,1,-0.0009342301943199294,-0.02168145640837682,1.0190585096245526
2003-07-09,1,0.0005610622779128605,-0.02113255877778475,1.0196302649132891
2003-07-10,1,0.0011214953271028172,-0.02003476351660105,1.020773775490762
2003-07-11,1,0.001306945481702737,-0.01875400237855329,1.0221078711644802
2003-07-14,1,-0.002144322207719651,-0.020858109962489157,1.019916142557657
2003-07-15,1,-0.005138746145940343,-0.02588967157624822,1.0146750524109065
2003-07-16,1,-0.001220886551465128,-0.027078949775864003,1.0134362492853108
2003-07-17,1,-0.00018805829807233554,-0.02726191565272784,1.0132456641890655
2003-07-18,1,-0.0008464215179159185,-0.028085262098615837,1.0123880312559608
2003-07-21,1,-0.005271084337349241,-0.03320830665080665,1.0070516485610876
2003-07-22,1,0.0009462528387584879,-0.0322934772664869,1.008004574042315
2003-07-23,1,0.0014180374361882908,-0.03092123319000728,1.009433962264156
2003-07-24,1,-0.0010384215991693369,-0.031927545512759226,1.0083857442348056
2003-07-25,1,-0.0001890001890001436,-0.032110511389623064,1.0081951591385603
2003-07-28,1,-0.0032136105860113284,-0.03522093129631043,1.0049552125023873
2003-07-29,1,-0.003034325810733818,-0.03814838532613374,1.0019058509624599
2003-07-30,1,0.001807114323758796,-0.036410209495926105,1.0037164093767919
2003-07-31,1,-0.005031804803949491,-0.041258805232821105,0.9986659043262868
2003-08-01,1,-0.0002862595419846903,-0.04153325404811703,0.9983800266819186
2003-08-04,1,0.0035315452896822475,-0.03814838532613374,1.0019058509624599
2003-08-05,1,-0.004280007608902459,-0.04226511755557294,0.9976176862969367
2003-08-06,1,0.00410736460024852,-0.03833135120299758,1.0017152658662145
2003-08-07,1,0.0011415525114153446,-0.03723355594181399,1.0028587764436871
2003-08-08,1,0.0002850627137971351,-0.03695910712651784,1.0031446540880555
2003-08-11,1,-0.001994870333428267,-0.038880248833589315,1.0011435105774782
2003-08-12,1,0.0012373881591472013,-0.03769097063397353,1.0023823137030738
2003-08-13,1,-0.005323699971480189,-0.04281401518616457,0.9970459310082005
2003-08-14,1,-0.0010513237121284602,-0.0438203275089164,0.9959977129788504
2003-08-15,1,0.0012437810945273853,-0.042631049309300506,0.9972365161044461
2003-08-18,1,0.000955566172957445,-0.041716219924980646,0.9981894415856735
2003-08-19,1,0.002482100238663465,-0.03933766352574908,1.0006670478368647
2003-08-20,1,-0.0018093514903343433,-0.04107583935595682,0.9988564894225326
2003-08-21,1,-0.0035298607136041715,-0.044460708077940114,0.9953306651419914
2003-08-22,1,0.0011488750598371844,-0.043362912816756416,0.9964741757194642
2003-08-25,1,-0.0019125944343501011,-0.045192571585396024,0.9945683247570095
2003-08-26,1,0.0013413816230718467,-0.04391181044734804,0.995902420430728
2003-08-27,1,-0.001913692469620143,-0.04574146921598776,0.9939965694682732
2003-08-28,1,0.0036429872495444826,-0.04226511755557261,0.997617686296937
2003-08-29,1,-0.0011462412837902614,-0.043362912816756416,0.9964741757194642
2003-09-02,1,-0.003538299703547798,-0.04674778153873971,0.9929483514389229
2003-09-03,1,0.0006717850287907279,-0.046107400969715884,0.993615399275782
2003-09-04,1,0.003356670183178423,-0.04290549812459643,0.9969506384600779
2003-09-05,1,0.00611737717453642,-0.037050590064949485,1.0030493615399332
2003-09-08,1,-0.001045031350940473,-0.03805690238770121,1.0020011435105831
2003-09-09,1,0.0009510223490252212,-0.03714207300338124,1.0029540689918106
2003-09-10,1,0.002945368171021423,-0.034306101911989795,1.0059081379836154
2003-09-11,1,-0.002178855627131493,-0.03641020949592544,1.0037164093767925
2003-09-12,1,0.001993733978923551,-0.034489067788853744,1.00571755288737
2003-09-15,1,0.0012317604699638718,-0.03329978958923807,1.0069563560129655
2003-09-16,1,-0.0009463423866755694,-0.03421461897355804,1.006003430531738
2003-09-17,1,0.0017997537179124112,-0.03247644314335019,1.0078139889460702
2003-09-18,1,-0.0007564296520423675,-0.033208306650805985,1.0070516485610883
2003-09-19,1,-0.00037850113550341735,-0.033574238404533996,1.0066704783685974
2003-09-22,1,-0.001230594471790969,-0.03476351660414978,1.0054316752430017
2003-09-23,1,0.0007582219694814984,-0.03403165309669398,1.0061940156279836
2003-09-24,1,0.0017994128231839657,-0.03229347726648635,1.0080045740423156
2003-09-25,1,0.00047267914539617095,-0.03183606257432636,1.0084810367829293
2003-09-26,1,0.0023622791269015675,-0.02954898911352688,1.0108633504859976
2003-09-29,1,-0.001225490196078427,-0.030738267313142775,1.009624547360402
2003-09-30,1,0.002642756016989267,-0.028176745037047146,1.0122927387078386
2003-10-01,1,0.0002824060999717659,-0.027902296221751333,1.0125786163522068
2003-10-02,1,-0.0019762845849803368,-0.029823437928823027,1.0105774728416292
2003-10-03,1,-0.00622347949080615,-0.03586131186533381,1.0042881646655286
2003-10-06,1,0.0018028275927506332,-0.03412313603512618,1.0060987230798606
2003-10-07,1,-0.002557302519416549,-0.03659317537278972,1.0035258242805467
2003-10-08,1,0.0002848732314120195,-0.0363187265574938,1.0038117019249149
2003-10-09,1,-0.0015188912094170615,-0.037782453572405506,1.002287021154951
2003-10-10,1,0.0013310515307092263,-0.03650169243435786,1.0036211168286693
2003-10-13,1,0.0,-0.03650169243435786,1.0036211168286693
2003-10-14,1,-0.002848461830611493,-0.039246180587317325,1.0007623403849872
2003-10-15,1,-0.0019043991620644185,-0.041075839355956933,0.9988564894225325
2003-10-16,1,-0.0037206639954205922,-0.044643673954804175,0.9951400800457458
2003-10-17,1,0.0020109164033323967,-0.04272253224773259,0.9971412235563233
2003-10-20,1,0.0003822629969418845,-0.04235660049400458,0.9975223937488142
2003-10-21,1,9.552923194489082e-05,-0.04226511755557272,0.9976176862969369
2003-10-22,1,0.0029611233164581474,-0.039429146464181164,1.0005717552887419
2003-10-23,1,-0.001047619047619075,-0.040435458786933,0.9995235372593917
2003-10-24,1,0.0030508151396699823,-0.03750800475710969,1.0025728987993192
2003-10-27,1,-0.001996007984031878,-0.039429146464181164,1.0005717552887419
2003-10-28,1,0.0029523809523810396,-0.03659317537278972,1.0035258242805467
2003-10-29,1,-0.0025638590827081753,-0.039063214710453265,1.0009529254812328
2003-10-30,1,-0.002570449352627624,-0.04153325404811681,0.9983800266819188
2003-10-31,1,0.0008590245299227028,-0.04070990760222892,0.9992376596150235
2003-11-03,1,-0.0022887659736791077,-0.04290549812459643,0.9969506384600779
2003-11-04,1,0.0018160963486903992,-0.04116732229438891,0.9987611968744098
2003-11-05,1,-0.002099036351493222,-0.04317994693989258,0.9966647608157095
2003-11-06,1,-0.0021034515728081127,-0.045192571585396135,0.9945683247570093
2003-11-07,1,-0.001437194596148328,-0.04656481566187587,0.9931389365351683
2003-11-10,1,-0.0005757052389177009,-0.04711371329246783,0.9925671812464318
2003-11-11,1,0.0,-0.04711371329246783,0.9925671812464318
2003-11-12,1,0.0013440860215054862,-0.04583295215441996,0.9939012769201503
2003-11-13,1,0.004697986577181235,-0.04135028817125275,0.9985706117781644
2003-11-14,1,0.002385723828609576,-0.039063214710453265,1.0009529254812328
2003-11-17,1,0.0014280274181264208,-0.03769097063397353,1.0023823137030738
2003-11-18,1,-9.506607091924746e-05,-0.037782453572405506,1.002287021154951
2003-11-19,1,-0.002186727514736697,-0.03988656115634115,1.0000952925481281
2003-11-20,1,0.0021915197713198165,-0.03778245357240528,1.0022870211549513
2003-11-21,1,0.0,-0.03778245357240528,1.0022870211549513
2003-11-24,1,-0.002757178170754937,-0.04043545878693289,0.9995235372593918
2003-11-25,1,0.0011440556773762989,-0.03933766352574908,1.0006670478368647
2003-11-26,1,-0.00228549661936972,-0.04153325404811681,0.9983800266819188
2003-11-28,1,-0.0026725207597594336,-0.044094776324212215,0.9957118353344823
2003-12-01,1,-0.004976552780170285,-0.04885188912267535,0.9907566228321
2003-12-02,1,0.0007694527267481099,-0.04812002561521944,0.9915189632170819
2003-12-03,1,-0.0010571840461316429,-0.049126337937971276,0.9904707451877318
2003-12-04,1,0.0014431402732346665,-0.04775409386149143,0.991900133409573
2003-12-05,1,0.005764242482467097,-0.042265117555572496,0.9976176862969371
2003-12-08,1,-0.001814882032667886,-0.04400329338578013,0.9958071278826052
2003-12-09,1,-0.0025837320574162437,-0.04647333272344367,0.9932342290832913
2003-12-10,1,0.0017269500143912708,-0.0448266398316679,0.9949494949495006
2003-12-11,1,0.00325639306579828,-0.041716219924980424,0.9981894415856737
2003-12-12,1,-0.0003818615751790544,-0.042082151678708435,0.9978082713931827
2003-12-15,1,-0.0011460223474356601,-0.04317994693989213,0.99666476081571
2003-12-16,1,0.0014341715269146071,-0.0418077028634124,0.998094149037551
2003-12-17,1,0.0008592705747565432,-0.040984356417524626,0.9989517819706556
2003-12-18,1,0.00047696270151664777,-0.04052694172536475,0.9994282447112692
2003-12-19,1,0.0004767353165524568,-0.040069527033204655,0.9999047074518831
2003-12-22,1,-0.0009530162965787348,-0.040984356417524515,0.9989517819706557
2003-12-23,1,-0.00343413145092053,-0.04427774220107594,0.9955212502382371
2003-12-24,1,0.002775916531061684,-0.04162473698654834,0.9982847341337966
2003-12-26,1,0.001431844215349365,-0.040252492910068605,0.9997141223556376
2003-12-29,1,-0.0019063959584405543,-0.042082151678708324,0.9978082713931828
2003-12-30,1,-0.0010505204851494199,-0.04308846400146005,0.9967600533638328
2003-12-31,1,-0.0010516252390057046,-0.04409477632421188,0.9957118353344827
2004-01-02,1,-0.0038281175232078857,-0.0477540938614911,0.9919001334095733
2004-01-05,1,-0.00028821212412333264,-0.04802854267678702,0.9916142557652051
2004-01-06,1,0.003555640976359742,-0.04464367395480362,0.9951400800457464
2004-01-07,1,0.000766063391745675,-0.04391181044734782,0.9959024204307283
2004-01-08,1,-9.568462348108486e-05,-0.044003293385779796,0.9958071278826055
2004-01-09,1,0.00574162679425827,-0.03851431707986097,1.0015246807699696
2004-01-12,1,0.00019029495718370093,-0.03833135120299691,1.0017152658662152
2004-01-13,1,0.0018074581430744807,-0.03659317537278928,1.0035258242805472
2004-01-14,1,0.00037983097521587794,-0.0362272436190616,1.0039069944730379
2004-01-15,1,-0.00047460844803037805,-0.036684658311221474,1.0034305317324241
2004-01-16,1,-0.0013295346628680038,-0.03796541944926923,1.002096436058706
2004-01-20,1,-0.0010460251046024993,-0.03897173177202096,1.0010482180293558
2004-01-21,1,0.0006663493574488033,-0.03833135120299713,1.001715265866215
2004-01-22,1,0.0018074581430744807,-0.0365931753727895,1.003525824280547
2004-01-23,1,-0.003038647801728356,-0.03952062940261292,1.0004764627406193
2004-01-26,1,-0.001904943327935893,-0.041350288171252525,0.9985706117781646
2004-01-27,1,0.0018131501097433667,-0.03961211234104478,1.0003811701924967
2004-01-28,1,-0.004572299485616327,-0.04400329338578002,0.9958071278826053
2004-01-29,1,-0.00019138755980852018,-0.04418625926264386,0.9956165427863599
2004-01-30,1,0.0015313935681469104,-0.04272253224773226,0.9971412235563236
2004-02-02,1,-0.00019113149847094224,-0.04290549812459621,0.9969506384600781
2004-02-03,1,0.0019116803670424787,-0.04107583935595671,0.9988564894225327
2004-02-04,1,-0.0005724098454492621,-0.04162473698654856,0.9982847341337964
2004-02-05,1,-0.002100038182512365,-0.04363736163205212,0.9961882980750962
2004-02-06,1,0.0027740577769275188,-0.040984356417524626,0.9989517819706556
2004-02-09,1,0.000858532862730188,-0.04016100997163674,0.9998094149037603
2004-02-10,1,-0.0016202821197103257,-0.041716219924980424,0.9981894415856737
2004-02-11,1,0.0031503579952267824,-0.03869728295672503,1.001334095673724
2004-02-12,1,-0.0010468214693566402,-0.039703595279476867,1.000285877644374
2004-02-13,1,0.0015242450223873494,-0.03823986826456505,1.0018105584143377
2004-02-17,1,-0.00028536098164178014,-0.03851431707986097,1.0015246807699696
2004-02-18,1,-0.0002854424357754404,-0.038788765895156896,1.0012388031256014
2004-02-19,1,0.0001903492909489657,-0.038605800018292835,1.001429388221847
2004-02-20,1,-0.0018079741174231723,-0.04034397584850047,0.999618829807515
2004-02-23,1,0.00162059103908474,-0.038788765895156896,1.0012388031256014
2004-02-24,1,0.0006662225183211579,-0.03814838532613307,1.0019058509624605
2004-02-25,1,0.0005706676811869649,-0.03759948769554122,1.0024776062511969
2004-02-26,1,-0.0008555133079848343,-0.03842283414142922,1.0016199733180922
2004-02-27,1,0.0015222148225668697,-0.0369591071265174,1.003144654088056
2004-03-01,1,-0.0010449320794148065,-0.03796541944926923,1.002096436058706
2004-03-02,1,-0.0019969570178774987,-0.03988656115634093,1.0000952925481283
2004-03-03,1,-0.0005717008099095366,-0.040435458786932776,0.9995235372593919
2004-03-04,1,0.0009533797311469527,-0.03952062940261292,1.0004764627406193
2004-03-05,1,0.006572054481379208,-0.033208306650805985,1.0070516485610883
2004-03-08,1,0.0017978803936411492,-0.03147013082059835,1.0088622069754203
2004-03-09,1,0.0015112874279776811,-0.030006403805686643,1.010386887745384
2004-03-10,1,-0.0007545034424218944,-0.030738267313142553,1.0096245473604022
2004-03-11,1,-9.438414346396584e-05,-0.030829750251574528,1.0095292548122794
2004-03-12,1,-0.0006607513686992528,-0.03147013082059835,1.0088622069754203
2004-03-15,1,-0.0005667327854916859,-0.03201902845119042,1.0082904516866837
2004-03-16,1,0.0027407617427464004,-0.02936602323666304,1.011053935582243
2004-03-17,1,-0.0002827521206408834,-0.029640472051958966,1.0107680579378748
2004-03-18,1,-0.00207410200810787,-0.03165309669746241,1.0086716218791747
2004-03-19,1,-0.0011336797354746242,-0.03275089195864611,1.007528111301702
2004-03-22,1,0.0019861912418424055,-0.030829750251574306,1.0095292548122796
2004-03-23,1,0.00028317915801401305,-0.030555301436278492,1.0098151324566478
2004-03-24,1,0.0001887326601868189,-0.030372335559414543,1.0100057175528931
2004-03-25,1,-0.0005660911406735192,-0.030921233190006392,1.0094339622641568
2004-03-26,1,-0.0033040687246295164,-0.034123136035125734,1.006098723079861
2004-03-29,1,-0.0015154385300245599,-0.035586863050037554,1.0045740423098972
2004-03-30,1,-0.00047429330297854566,-0.03604427774219743,1.0040975795692835
2004-03-31,1,-0.000854133054949302,-0.036867624188085424,1.0032399466361788
2004-04-01,1,-0.0022796352583586144,-0.03906321471045304,1.000952925481233
2004-04-02,1,-0.008282559025133307,-0.04702223035403552,0.9926624737945549
2004-04-05,1,-0.002303926274359158,-0.04921782087640303,0.9903754526396092
2004-04-06,1,0.0015394977388627495,-0.04775409386149132,0.9919001334095731
2004-04-07,1,0.0,-0.04775409386149132,0.9919001334095731
2004-04-08,1,-0.0010567777884522567,-0.048760406184243044,0.990851915380223
2004-04-12,1,-0.0008655510675130706,-0.04958375263013093,0.9899942824471183
2004-04-13,1,-0.0036577148907498414,-0.05306010429054642,0.9863731656184542
2004-04-14,1,-0.0023186165587866236,-0.055255694812913925,0.9840861444635085
2004-04-15,1,-0.00029050062941804455,-0.05553014362820996,0.9838002668191402
2004-04-16,1,0.0019372336303757898,-0.05370048485957046,0.9857061177815949
2004-04-19,1,-0.001063418406805905,-0.0547067971823223,0.9846578997522447
2004-04-20,1,-0.0015484370463563213,-0.056170524197234006,0.9831332189822809
2004-04-21,1,-0.0016477658233983172,-0.0577257341505778,0.9815132456641943
2004-04-22,1,0.0018446601941748408,-0.05598755832037006,0.9833238040785264
2004-04-23,1,-0.0036825273766837308,-0.05946390998078532,0.9797026872498624
2004-04-26,1,0.00029180040852061495,-0.05918946116548929,0.9799885648942307
2004-04-27,1,0.0013613380007779785,-0.05790870002744153,0.981322660567949
2004-04-28,1,-0.0024276558555059724,-0.06019577348824123,0.9789403468648805
2004-04-29,1,-0.0019468509685584001,-0.06202543225688084,0.9770344959024257
2004-04-30,1,0.000780259436262476,-0.061293568749425154,0.9777968362874075
2004-05-03,1,-9.745638826630376e-05,-0.06138505168785713,0.9777015437392848
2004-05-04,1,-0.0006822612085769508,-0.06202543225688095,0.9770344959024256
2004-05-05,1,-0.000780259436262587,-0.06275729576433686,0.9762721555174437
2004-05-06,1,-0.0012689116642264908,-0.06394657396395276,0.9750333523918481
2004-05-07,1,-0.0070367474589523304,-0.07053334553105539,0.968172288927011
2004-05-10,1,0.00019685039370087587,-0.07035037965419133,0.9683628740232566
2004-05-11,1,0.0003936233024994795,-0.06998444790046343,0.9687440442157476
2004-05-12,1,-0.0001967342120794413,-0.07016741377732738,0.9685534591195021
2004-05-13,1,-0.001869342778433647,-0.07190558960753501,0.9667429007051701
2004-05-14,1,0.002464268112370549,-0.06961851614673553,0.9691252144082385
2004-05-17,1,0.002949852507374562,-0.06687402799377606,0.9719839908519206
2004-05-18,1,-0.0015686274509804088,-0.06833775500868777,0.9704593100819567
2004-05-19,1,-0.0019638648860959007,-0.07016741377732749,0.968553459119502
2004-05-20,1,0.002262888626525017,-0.06806330619339196,0.9707451877263249
2004-05-21,1,-0.0016687935604201565,-0.06961851614673564,0.9691252144082384
2004-05-24,1,0.0006882989183873978,-0.06897813557771182,0.9697922622450975
2004-05-25,1,0.0001965215682422361,-0.06879516970084765,0.9699828473413431
2004-05-26,1,0.00225955398369182,-0.06669106211691223,0.9721745759481659
2004-05-27,1,0.0024504999019800966,-0.06440398865611252,0.9745568896512344
2004-05-28,1,-0.0026400704018773036,-0.06687402799377606,0.9719839908519206
2004-06-01,1,-0.0017647058823530015,-0.06852072088555183,0.9702687249857113
2004-06-02,1,-0.0012767629149479376,-0.0697099990851675,0.9690299218601157
2004-06-03,1,0.000393352345363418,-0.06934406733143961,0.9694110920526067
2004-06-04,1,-0.002555784920869053,-0.07172262373067118,0.9669334858014155
2004-06-07,1,0.0007884103675963594,-0.07099076022321527,0.9676958261863974
2004-06-08,1,-0.000492368291482026,-0.07144817491537514,0.9672193634457837
2004-06-09,1,-0.001773399014778354,-0.07309486780715091,0.9655040975795744
2004-06-10,1,0.0,-0.07309486780715091,0.9655040975795744
2004-06-14,1,-0.003355704697986517,-0.07620528771383828,0.9622641509434015
2004-06-15,1,0.006139829669241426,-0.07053334553105528,0.9681722889270111
2004-06-16,1,-0.0015748031496062298,-0.07199707254596699,0.9666476081570474
2004-06-17,1,0.000985804416403946,-0.07108224316164702,0.9676005336382749
2004-06-18,1,-0.0004924167815639757,-0.071539657853807,0.9671240708976612
2004-06-21,1,0.0007882550004927324,-0.07080779434635098,0.9678864112826432
2004-06-22,1,-0.0002953628039774614,-0.07108224316164691,0.967600533638275
2004-06-23,1,0.0002954500689382744,-0.07080779434635098,0.9678864112826432
2004-06-24,1,0.0017721768238654345,-0.06916110145457521,0.9696016771488526
2004-06-25,1,0.0,-0.06916110145457521,0.9696016771488526
2004-06-28,1,-0.003538083538083492,-0.07245448723812653,0.9661711454164341
2004-06-29,1,0.0012821777295590753,-0.07126520903851075,0.9674099485420297
2004-06-30,1,0.0026595744680852906,-0.06879516970084709,0.9699828473413438
2004-07-01,1,0.0023577954612437058,-0.06659957917847958,0.9722698684962894
2004-07-02,1,0.0034303636185435415,-0.06339767633336013,0.9756051076805852
2004-07-06,1,-0.0005860519632741035,-0.06394657396395209,0.9750333523918487
2004-07-07,1,0.0002931978107896249,-0.06367212514865617,0.9753192300362169
2004-07-08,1,0.0002931118710307601,-0.06339767633336024,0.9756051076805851
2004-07-09,1,9.767532721238759e-05,-0.06330619339492827,0.9757004002287079
2004-07-12,1,0.0004883289383728062,-0.0628487787027684,0.9761768629693215
2004-07-13,1,-0.001366653650917593,-0.06412953984081615,0.9748427672956032
2004-07-14,1,-0.0005865102639296405,-0.064678437471408,0.9742710120068667
2004-07-15,1,-0.0002934272300469942,-0.06495288628670404,0.9739851343624985
2004-07-16,1,0.003913511398101921,-0.06129356874942482,0.9777968362874079
2004-07-19,1,-0.000389825553065104,-0.06165950050315283,0.9774156660949168
2004-07-20,1,-0.003412303792531879,-0.06486140334827228,0.974080426910621
2004-07-21,1,-0.0014674232048523805,-0.06623364742475202,0.9726510386887799
2004-07-22,1,0.0006858038600960903,-0.06559326685572808,0.9733180865256391
2004-07-23,1,0.0005874290189935572,-0.06504436922513623,0.9738898418143755
2004-07-26,1,-0.0014677103718200302,-0.06641661330161597,0.9724604535925344
2004-07-27,1,-0.003429691327780482,-0.06961851614673542,0.9691252144082386
2004-07-28,1,0.0007866273352998832,-0.06888665263927951,0.9698875547932205
2004-07-29,1,0.0007860090391038632,-0.06815478913182371,0.9706498951782023
2004-07-30,1,0.0027488709994110128,-0.0655932668557282,0.973318086525639
2004-08-02,1,0.00107695320148804,-0.06458695453297658,0.974366304554989
2004-08-03,1,0.000684596577017027,-0.06394657396395276,0.9750333523918481
2004-08-04,1,-0.00019546520719304628,-0.0641295398408166,0.9748427672956027
2004-08-05,1,0.0007820136852394466,-0.06339767633336069,0.9756051076805846
2004-08-06,1,0.00732564954092596,-0.05653645595096202,0.98275204878979
2004-08-09,1,-0.0012605449432754323,-0.05772573415057769,0.9815132456641944
2004-08-10,1,-0.002233009708737854,-0.05982984173451322,0.9793215170573715
2004-08-11,1,0.00048652330446619096,-0.05937242704235346,0.9797979797979851
2004-08-12,1,0.000875316086364597,-0.058549080596465464,0.9806556127310898
2004-08-13,1,0.0014575842969586361,-0.05717683651998573,0.9820850009529309
2004-08-16,1,-0.0010673394139336656,-0.058183148842737564,0.9810367829235808
2004-08-17,1,0.0018455560951917693,-0.05644497301252993,0.9828473413379127
2004-08-18,1,-0.0006786891603646206,-0.057085353581553866,0.9821802935010535
2004-08-19,1,0.0007761715339091868,-0.056353490074097734,0.9829426338860356
2004-08-20,1,-0.0012603005332041395,-0.05754276827371363,0.98170383076044
2004-08-23,1,-0.0013589594253543558,-0.05882352941176139,0.9803697350867216
2004-08-24,1,-9.720062208384839e-05,-0.05891501235019325,0.9802744425385991
2004-08-25,1,0.00019442014192661006,-0.05873204647332941,0.9804650276348444
2004-08-26,1,0.0009719117504130015,-0.057817217089009665,0.9814179531160717
2004-08-27,1,-0.00019419361103012456,-0.058000182965873504,0.9812273680198264
2004-08-30,1,0.0010682723123238702,-0.05699387064312178,0.9822755860491763
2004-08-31,1,0.0016492045013580814,-0.05543866068977821,0.9838955593672628
2004-09-01,1,0.00019370460048429017,-0.05525569481291415,0.9840861444635083
2004-09-02,1,-0.0019366708627869267,-0.057085353581553866,0.9821802935010535
2004-09-03,1,-0.004171921994760797,-0.06101911993412912,0.9780827139317758
2004-09-07,1,0.0011691348402183,-0.05992132467294531,0.9792262245092487
2004-09-08,1,0.003016738030361843,-0.05708535358155398,0.9821802935010534
2004-09-09,1,-0.0008731929756474743,-0.05790870002744164,0.9813226605679489
2004-09-10,1,0.0004855311711011723,-0.057451285335281765,0.9817991233085626
2004-09-13,1,0.0003882364359895085,-0.057085353581553866,0.9821802935010535
2004-09-14,1,0.000970214417386428,-0.056170524197233784,0.9831332189822811
2004-09-15,1,-0.0012600562178927133,-0.05735980239684957,0.9818944158566856
2004-09-16,1,0.0030085403726707316,-0.054523831305458126,0.9848484848484904
2004-09-17,1,-0.002322206095790924,-0.05671942182782563,0.9825614636935448
2004-09-20,1,0.002521578896324428,-0.054340865428593954,0.9850390699447361
2004-09-21,1,-0.0004836993324950356,-0.05479828012075394,0.9845626072041224
2004-09-22,1,0.0007742934572203541,-0.05406641661329792,0.9853249475891044
2004-09-23,1,-0.0016441005802707576,-0.0556216265666416,0.9837049742710179
2004-09-24,1,-0.0009687106461301331,-0.05653645595096157,0.9827520487897904
2004-09-27,1,0.0011635799476390485,-0.05543866068977765,0.9838955593672634
2004-09-28,1,9.68523002422561e-05,-0.055347177751345455,0.9839908519153863
2004-09-29,1,-0.0026147588611273864,-0.05781721708900911,0.9814179531160723
2004-09-30,1,-0.00038838722206036014,-0.05818314884273701,0.9810367829235813
2004-10-01,1,-0.0018455560951917693,-0.05992132467294464,0.9792262245092493
2004-10-04,1,9.731413001157208e-05,-0.05982984173451278,0.979321517057372
2004-10-05,1,9.730466089341583e-05,-0.05973835879608058,0.9794168096054949
2004-10-06,1,-0.0018486086787312672,-0.061476534626288215,0.977606251191163
2004-10-07,1,-0.0005848523247879989,-0.062025432256880175,0.9770344959024265
2004-10-08,1,0.0038037647517799034,-0.05845759765803282,0.9807509052792133
2004-10-11,1,0.0,-0.05845759765803282,0.9807509052792133
2004-10-12,1,0.0011659541391373374,-0.0573598023968489,0.9818944158566862
2004-10-13,1,0.0010675465838509979,-0.05635349007409707,0.9829426338860364
2004-10-14,1,0.0019389238972369327,-0.05452383130545746,0.9848484848484911
2004-10-15,1,-0.0017416545718431653,-0.05617052419723312,0.9831332189822819
2004-10-18,1,9.69274013764565e-05,-0.05607904125880103,0.9832285115304047
2004-10-19,1,-0.00019383601473166312,-0.05626200713566509,0.9830379264341591
2004-10-20,1,0.0014540519581234257,-0.05488976305918525,0.9844673146560002
2004-10-21,1,-0.0006775723550479507,-0.05553014362820918,0.983800266819141
2004-10-22,1,0.00048430840759405847,-0.05507272893604931,0.9842767295597548
2004-10-25,1,0.0005808887598024448,-0.05452383130545746,0.9848484848484911
2004-10-26,1,-0.00038703434929843183,-0.05488976305918525,0.9844673146560002
2004-10-27,1,-0.003194269673797323,-0.05790870002744075,0.9813226605679499
2004-10-28,1,0.0004855311711011723,-0.05745128533528088,0.9817991233085636
2004-10-29,1,0.0013588275259632798,-0.05617052419723312,0.9831332189822819
2004-11-01,1,-0.0021324028302801556,-0.058183148842736676,0.9810367829235817
2004-11-02,1,0.0005828071879554475,-0.057634251212144716,0.9816085382123182
2004-11-03,1,0.00029123386079032976,-0.05735980239684868,0.9818944158566865
2004-11-04,1,-0.0005822981366460089,-0.05790870002744064,0.98132266056795
2004-11-05,1,-0.004855311711011834,-0.062482846949039716,0.9765580331618132
2004-11-08,1,-0.0008782201405153067,-0.0633061933949276,0.9757004002287085
2004-11-09,1,0.0,-0.0633061933949276,0.9757004002287085
2004-11-10,1,-0.001171989452094957,-0.06440398865611141,0.9745568896512357
2004-11-11,1,0.0,-0.06440398865611141,0.9745568896512357
2004-11-12,1,0.0008800234672925455,-0.06358064221022353,0.9754145225843404
2004-11-15,1,-0.00019538882375924604,-0.06376360808708748,0.9752239374880949
2004-11-16,1,-0.0007817080320500214,-0.06449547159454339,0.974461597103113
2004-11-17,1,0.0021513788382554466,-0.062482846949039716,0.9765580331618132
2004-11-18,1,0.0001951600312255497,-0.06229988107217588,0.9767486182580586
2004-11-19,1,-0.0028292682926830404,-0.06495288628670337,0.9739851343624991
2004-11-22,1,0.0003913511398101477,-0.06458695453297547,0.9743663045549901
2004-11-23,1,-0.0005867970660147215,-0.06513585216356743,0.9737945492662536
2004-11-24,1,-0.0009785693316370914,-0.06605068154788707,0.9728416237850264
2004-11-26,1,-0.0010774806543245585,-0.0670569938706389,0.9717934057556763
2004-11-29,1,-0.0022553441851344003,-0.06916110145457455,0.9696016771488533
2004-11-30,1,0.0001965601965601138,-0.06897813557771071,0.9697922622450986
2004-12-01,1,-0.0002947823523631321,-0.06925258439300663,0.9695063846007305
2004-12-02,1,-0.000786318065657543,-0.06998444790046243,0.9687440442157486
2004-12-03,1,0.004033051347629213,-0.06623364742475124,0.9726510386887807
2004-12-06,1,0.0006858038600960903,-0.0655932668557273,0.9733180865256399
2004-12-07,1,-9.79048364989632e-05,-0.06568474979415939,0.9732227939775171
2004-12-08,1,0.002545774992656513,-0.06330619339492771,0.9757004002287084
2004-12-09,1,-0.000781326301396601,-0.06403805690238362,0.9749380598437265
2004-12-10,1,0.0,-0.06403805690238362,0.9749380598437265
2004-12-13,1,-0.00019548431238392006,-0.06422102277924757,0.974747474747481
2004-12-14,1,0.00039104506794407357,-0.06385509102551956,0.975128644939972
2004-12-15,1,0.0011726766344180017,-0.06275729576433586,0.9762721555174447
2004-12-16,1,-0.0028306490971206077,-0.06541030097886347,0.9735086716218853
2004-12-17,1,-0.0006851996867658361,-0.06605068154788729,0.9728416237850261
2004-12-20,1,-0.0002938583602704048,-0.06632513036318333,0.9725557461406579
2004-12-21,1,0.000685871056241405,-0.0656847497941595,0.973222793977517
2004-12-22,1,-0.00029374326838349507,-0.06595919860945554,0.9729369163331487
2004-12-23,1,-0.0002938295788442735,-0.06623364742475135,0.9726510386887806
2004-12-27,1,-0.002057411580287938,-0.06815478913182293,0.9706498951782032
2004-12-28,1,-0.0001963479285292946,-0.06833775500868677,0.9704593100819578
2004-12-29,1,-0.0011783189316575404,-0.06943555026987058,0.969315799504485
2004-12-30,1,0.001572945340149401,-0.06797182325495887,0.9708404802744488
2004-12-31,1,0.0008833922261484162,-0.06714847680907099,0.9716981132075534
2005-01-03,1,-0.0005884083553986397,-0.06769737443966295,0.971126357918817
2005-01-04,1,-0.00264939652634677,-0.07016741377732649,0.9685534591195031
2005-01-05,1,-9.838646202287027e-05,-0.07025889671575847,0.9684581665713803
2005-01-06,1,0.0005903768572272927,-0.06970999908516651,0.9690299218601168
2005-01-07,1,-0.0008850427770675795,-0.07053334553105439,0.9681722889270121
2005-01-10,1,-0.00019685039370076485,-0.07071631140791834,0.9679817038307666
2005-01-11,1,0.0005906674542233148,-0.07016741377732649,0.9685534591195031
2005-01-12,1,0.0002951593860684998,-0.06989296496203046,0.9688393367638714
2005-01-13,1,0.0013770040326546162,-0.06861220382398281,0.9701734324375896
2005-01-14,1,-0.0013751104999508712,-0.06989296496203057,0.9688393367638712
2005-01-18,1,0.0,-0.06989296496203057,0.9688393367638712
2005-01-19,1,9.835743090391702e-05,-0.06980148202359848,0.968934629311994
2005-01-20,1,0.001180173092053316,-0.0687036867624149,0.9700781398894667
2005-01-21,1,0.001080550098231825,-0.06769737443966317,0.9711263579188167
2005-01-24,1,-0.0001962515945441723,-0.06788034031652712,0.9709357728225713
2005-01-25,1,-0.0016684659927372891,-0.06943555026987092,0.9693157995044847
2005-01-26,1,-0.0006881635863152935,-0.07007593083889474,0.9686487516676255
2005-01-27,1,-0.0004918839153961185,-0.07053334553105484,0.9681722889270117
2005-01-28,1,0.0017716535433072167,-0.06888665263927896,0.9698875547932211
2005-01-31,1,-0.0007860090391039742,-0.06961851614673487,0.9691252144082392
2005-02-01,1,-9.83284169124854e-05,-0.06970999908516684,0.9690299218601165
2005-02-02,1,-0.000590028518045016,-0.07025889671575869,0.9684581665713801
2005-02-03,1,-0.0009839614287119325,-0.07117372610007844,0.9675052410901528
2005-02-04,1,0.0024623264059884242,-0.06888665263927873,0.9698875547932213
2005-02-07,1,9.825112988814944e-05,-0.06879516970084665,0.9699828473413442
2005-02-08,1,-0.00019648295510377167,-0.06897813557771071,0.9697922622450986
2005-02-09,1,0.002554780387147515,-0.06659957917847914,0.9722698684962898
2005-02-10,1,-0.0021562285602273468,-0.0686122038239827,0.9701734324375897
2005-02-11,1,-0.0014733326785189016,-0.06998444790046243,0.9687440442157486
2005-02-14,1,9.836710603972065e-05,-0.06989296496203057,0.9688393367638712
2005-02-15,1,-0.0004917871545194741,-0.07035037965419044,0.9683628740232576
2005-02-16,1,-0.002066522338122545,-0.07227152136126214,0.96636173051268
2005-02-17,1,0.0,-0.07227152136126214,0.96636173051268
2005-02-18,1,-0.0022680209052360345,-0.07437562894519756,0.9641700019058572
2005-02-22,1,-0.0004941688080649653,-0.07483304363735765,0.9636935391652434
2005-02-23,1,9.888262632262723e-05,-0.07474156069892568,0.9637888317133662
2005-02-24,1,-0.0008898556456397033,-0.07556490714481345,0.9629311987802616
2005-02-25,1,-0.00019792182088074206,-0.0757478730216774,0.9627406136840161
2005-02-28,1,-9.898050084133914e-05,-0.07583935596010949,0.9626453211358933
2005-03-01,1,-0.0002969708968521001,-0.0761138047754053,0.9623594434915251
2005-03-02,1,0.00029705911476374247,-0.07583935596010949,0.9626453211358933
2005-03-03,1,-0.0003959611958027631,-0.07620528771383739,0.9622641509434023
2005-03-04,1,0.0014854426619130834,-0.07483304363735777,0.9636935391652433
2005-03-07,1,-0.00029664787896765965,-0.07510749245265369,0.9634076615208751
2005-03-08,1,-0.0017804154302669684,-0.07675418534442924,0.9616923956546659
2005-03-09,1,-0.0032699167657550543,-0.07977312231268474,0.9585477415666156
2005-03-10,1,0.0007953076846605178,-0.07904125880522883,0.9593100819515975
2005-03-11,1,-0.0024833614780968016,-0.08132833226602842,0.956927768248529
2005-03-14,1,0.0002987452698666182,-0.0810538834507325,0.9572136458928973
2005-03-15,1,-0.0005973120955700129,-0.08160278108132446,0.9566418906041607
2005-03-16,1,0.0008965036358203893,-0.08077943463543658,0.9574995235372654
2005-03-17,1,0.0013933121019107375,-0.07949867349738893,0.9588336192109836
2005-03-18,1,-0.001093222023454521,-0.08050498582014065,0.9577854011816336
2005-03-21,1,-0.0001989851756045713,-0.08068795169700471,0.957594816085388
2005-03-22,1,-0.002985371678773996,-0.08343243984996429,0.9547360396417058
2005-03-23,1,-0.0005988621618924217,-0.08398133748055614,0.9541642843529694
2005-03-24,1,9.987016878065802e-05,-0.08388985454212416,0.9542595769010922
2005-03-28,1,-0.001098462152985813,-0.08489616686487589,0.9532113588717421
2005-03-29,1,0.0010996700989702735,-0.08388985454212416,0.9542595769010922
2005-03-30,1,0.0006990213700817094,-0.08324947397310034,0.9549266247379512
2005-03-31,1,0.0022951801217443446,-0.08114536638916481,0.9571183533447741
2005-04-01,1,0.0015929908403027326,-0.0796816393742531,0.958643034114738
2005-04-04,1,9.940357852888937e-05,-0.07959015643582101,0.9587383266628607
2005-04-05,1,-0.0004969684921976025,-0.080047571127981,0.958261863922247
2005-04-06,1,0.0012927605409704945,-0.07885829292836533,0.9595006670478425
2005-04-07,1,-0.000993147283742113,-0.07977312231268496,0.9585477415666153
2005-04-08,1,-0.0009941346058257583,-0.08068795169700493,0.9575948160853878
2005-04-11,1,0.0010946362822170652,-0.07968163937425321,0.9586430341147378
2005-04-12,1,0.0023856858846920126,-0.07748604885188548,0.9609300552696837
2005-04-13,1,0.00029750099166991895,-0.07721160003658956,0.9612159329140518
2005-04-14,1,0.0012887875483293953,-0.07602232183697388,0.9624547360396473
2005-04-15,1,0.0024752475247524774,-0.0737352483761744,0.9648370497427157
2005-04-18,1,0.0005925925925927,-0.07318635074558244,0.9654088050314522
2005-04-19,1,0.0015793110255650777,-0.07172262373067062,0.966933485801416
2005-04-20,1,-0.0003942051837980687,-0.07208855548439852,0.9665523156089252
2005-04-21,1,-0.003154885142462871,-0.07501600951422194,0.9635029540689976
2005-04-22,1,0.0010879240431214132,-0.0740096971914701,0.9645511720983477
2005-04-25,1,-0.0003951788184152205,-0.07437562894519789,0.9641700019058569
2005-04-26,1,-0.0004941688080649653,-0.07483304363735799,0.963693539165243
2005-04-27,1,0.0009888262632256062,-0.07391821425303813,0.9646464646464704
2005-04-28,1,0.0022720537390101825,-0.0718141066691026,0.9668381932532933
2005-04-29,1,-0.0015769761482357092,-0.07327783368401419,0.9653135124833296
2005-05-02,1,0.0007897334649555887,-0.0725459701765584,0.9660758528683115
2005-05-03,1,-0.0008877490629314311,-0.07336931662244606,0.9652182199352071
2005-05-04,1,0.001283443577845711,-0.07218003842283027,0.9664570230608026
2005-05-05,1,0.0015775981068821832,-0.07071631140791867,0.9679817038307663
2005-05-06,1,-0.004430005906674528,-0.07483304363735788,0.9636935391652431
2005-05-09,1,-0.0007910610105804627,-0.07556490714481379,0.9629311987802612
2005-05-10,1,0.0019792182088076427,-0.07373524837617396,0.9648370497427161
2005-05-11,1,0.00039506172839520737,-0.07336931662244595,0.9652182199352072
2005-05-12,1,0.0006910850034553828,-0.07272893605342212,0.9658852677720663
2005-05-13,1,0.0015785319652723562,-0.0712652090385103,0.9674099485420301
2005-05-16,1,0.0,-0.0712652090385103,0.9674099485420301
2005-05-17,1,0.0001970055161546469,-0.07108224316164613,0.9676005336382758
2005-05-18,1,0.00137876698837891,-0.06980148202359848,0.968934629311994
2005-05-19,1,-0.0019669551534224894,-0.0716311407922382,0.9670287783495393
2005-05-20,1,-0.0009854158454868367,-0.07254597017655806,0.9660758528683119
2005-05-23,1,0.0016768593410929622,-0.07099076022321427,0.9676958261863985
2005-05-24,1,0.0013786312161496728,-0.06970999908516651,0.9690299218601168
2005-05-25,1,-0.000786704690726725,-0.0704418625926223,0.9682675814751349
2005-05-26,1,-0.000590493061706554,-0.07099076022321427,0.9676958261863985
2005-05-27,1,9.847365829651622e-05,-0.07089927728478218,0.9677911187345213
2005-05-31,1,0.001969279243796862,-0.06906961851614246,0.9696969696969762
2005-06-01,1,0.0035377358490567,-0.06577623273259092,0.9731275014293949
2005-06-02,1,-9.792401096753167e-05,-0.0658677156710229,0.9730322088812721
2005-06-03,1,-0.0026442072274996953,-0.06833775500868644,0.9704593100819582
2005-06-06,1,0.00019638648860964558,-0.06815478913182238,0.9706498951782038
2005-06-07,1,0.0012762615354406925,-0.0669655109322067,0.9718886983037992
2005-06-08,1,-0.0011765859397979694,-0.0680633061933904,0.9707451877263265
2005-06-09,1,-0.0010798075979189248,-0.06906961851614224,0.9696969696969764
2005-06-10,1,-0.0025550314465409008,-0.07144817491537381,0.9672193634457852
2005-06-13,1,-0.000886699507389177,-0.07227152136126169,0.9663617305126805
2005-06-14,1,-0.0006902672320283632,-0.07291190193028552,0.9656946826758214
2005-06-15,1,-9.8677718571194e-05,-0.0730033848687176,0.9655993901276986
2005-06-16,1,0.0010855620250667108,-0.07199707254596566,0.9666476081570488
2005-06-17,1,-0.0003943217665614007,-0.07236300429969356,0.9662664379645579
2005-06-20,1,-0.0005917159763313418,-0.0729119019302854,0.9656946826758215
2005-06-21,1,0.001282810341424856,-0.07172262373066973,0.966933485801417
2005-06-22,1,0.0035478466541833953,-0.06842923794711842,0.9703640175338355
2005-06-23,1,-0.0006874202101541105,-0.06906961851614224,0.9696969696969764
2005-06-24,1,0.0014740566037734215,-0.06769737443966262,0.9711263579188173
2005-06-27,1,0.00029437739181625844,-0.06742292562436669,0.9714122355631855
2005-06-28,1,-0.0022562291544045987,-0.06952703320830245,0.9692205069563624
2005-06-29,1,-0.0005899124963129054,-0.07007593083889418,0.9686487516676261
2005-06-30,1,0.000983767830791793,-0.06916110145457444,0.9696016771488534
2005-07-01,1,-0.00324324324324321,-0.07218003842282983,0.966457023060803
2005-07-05,1,-0.002169197396963085,-0.07419266306833339,0.9643605870021029
2005-07-06,1,0.0009881422924900019,-0.07327783368401364,0.9653135124833302
2005-07-07,1,0.0012833168805528317,-0.07208855548439785,0.9665523156089258
2005-07-08,1,-0.002366163856847181,-0.07428414600676558,0.96426529445398
2005-07-11,1,-9.882399446581314e-05,-0.07437562894519745,0.9641700019058573
2005-07-12,1,-0.0011860051393556281,-0.07547342420638126,0.9630264913283845
2005-07-13,1,-0.0006926578270335382,-0.07611380477540519,0.9623594434915252
2005-07-14,1,-0.0004950985246063855,-0.07657121946756507,0.9618829807509116
2005-07-15,1,0.0,-0.07657121946756507,0.9618829807509116
2005-07-18,1,-0.0011888250445809545,-0.07766901472874888,0.9607394701734387
2005-07-19,1,0.000793493354493302,-0.07693715122129297,0.9615018105584208
2005-07-20,1,0.00029732408325067183,-0.07666270240599704,0.9617876882027889
2005-07-21,1,-0.0029723570791638787,-0.07940719055895662,0.9589289117591067
2005-07-22,1,0.0013912352181257859,-0.07812642942090886,0.960263007432825
2005-07-25,1,-0.0008931229532598284,-0.07894977586679663,0.9594053744997204
2005-07-26,1,0.0,-0.07894977586679663,0.9594053744997204
2005-07-27,1,-0.0008939213349226094,-0.07977312231268463,0.9585477415666157
2005-07-28,1,0.0016900288299035449,-0.07821791235934095,0.9601677148847022
2005-07-29,1,-0.0026796347757047645,-0.08068795169700449,0.9575948160853882
2005-08-01,1,-0.001293661060801976,-0.08187722989662027,0.9563560129597927
2005-08-02,1,-0.0004982064567556899,-0.08233464458878026,0.9558795502191789
2005-08-03,1,0.0011962914963612459,-0.08123684932759645,0.9570230607966518
2005-08-04,1,-0.0005974310465001187,-0.08178574695818841,0.9564513055079152
2005-08-05,1,-0.0026900468267411215,-0.08425578629585206,0.9538784067086012
2005-08-08,1,-0.0011988011988011138,-0.08535358155703576,0.9527348961311285
2005-08-09,1,0.0010002000400080036,-0.0844387521727159,0.9536878216123559
2005-08-10,1,9.992006394887731e-05,-0.08434726923428393,0.9537831141604787
2005-08-11,1,0.001798381456688869,-0.08270057634250827,0.9554983800266879
2005-08-12,1,0.0021940759948140265,-0.0806879516970046,0.9575948160853881
2005-08-15,1,-0.0010946362822171762,-0.08169426401975655,0.9565465980560379
2005-08-16,1,0.0015939430165372581,-0.08023053700484462,0.9580712788260018
2005-08-17,1,-0.001392480604734403,-0.08151129814289249,0.9567371831522835
2005-08-18,1,0.0020916334661353897,-0.07959015643582079,0.958738326662861
2005-08-19,1,-9.939369843958712e-05,-0.07968163937425288,0.9586430341147382
2005-08-22,1,9.940357852888937e-05,-0.07959015643582079,0.958738326662861
2005-08-23,1,0.0007951495875160308,-0.0788582929283651,0.9595006670478428
2005-08-24,1,9.931472837432231e-05,-0.07876680998993302,0.9595959595959656
2005-08-25,1,0.00019860973187690867,-0.07858384411306907,0.959786544692211
2005-08-26,1,-0.001588562351072298,-0.08004757112798078,0.9582618639222472
2005-08-29,1,0.0003977724741446309,-0.07968163937425299,0.9586430341147381
2005-08-30,1,0.0034791252485091295,-0.07647973652913342,0.9619782732990341
2005-08-31,1,0.0047548291233283635,-0.0720885554843983,0.9665523156089254
2005-09-01,1,0.0016760327319331747,-0.07053334553105473,0.9681722889270118
2005-09-02,1,-0.0004921259842519676,-0.0709907602232146,0.9676958261863982
2005-09-06,1,-0.0017725258493351825,-0.07263745311499015,0.965980560320189
2005-09-07,1,-0.001677024760777357,-0.07419266306833383,0.9643605870021025
2005-09-08,1,-0.00039525691699615617,-0.07455859482206184,0.9639794168096114
2005-09-09,1,0.00019770660340068247,-0.07437562894519778,0.964170001905857
2005-09-12,1,-0.0013836726625815476,-0.07565639008324554,0.9628359062321387
2005-09-13,1,0.0013855898653998278,-0.07437562894519778,0.964170001905857
2005-09-14,1,-0.0009883376161297086,-0.07529045832951764,0.9632170764246296
2005-09-15,1,-0.0011871784724970524,-0.07638825359070145,0.9620735658471568
2005-09-16,1,-0.0017828843106180159,-0.078034946482477,0.9603582999809476
2005-09-19,1,0.0008930343322088863,-0.07721160003658911,0.9612159329140523
2005-09-20,1,-0.0008922375334589061,-0.078034946482477,0.9603582999809477
2005-09-21,1,0.0014883905536813291,-0.07666270240599715,0.9617876882027888
2005-09-22,1,0.0003963142772218653,-0.07629677065226925,0.9621688583952798
2005-09-23,1,-0.0026740616024560904,-0.07876680998993268,0.9595959595959659
2005-09-26,1,-0.0012909632571996843,-0.07995608818954858,0.9583571564703702
2005-09-27,1,-0.0006960326140995621,-0.0805964687585724,0.9576901086335111
2005-09-28,1,0.0006965174129351936,-0.07995608818954869,0.9583571564703701
2005-09-29,1,-0.0010937655364422483,-0.08096240051230041,0.95730893844102
2005-09-30,1,-0.0015926737009754888,-0.08242612752721212,0.9557842576710562
2005-10-03,1,-0.0016949152542372614,-0.0839813374805558,0.9541642843529697
2005-10-04,1,9.987016878065802e-05,-0.08388985454212383,0.9542595769010925
2005-10-05,1,0.00039944078290399254,-0.08352392278839582,0.9546407470935835
2005-10-06,1,9.982032341770974e-05,-0.08343243984996407,0.9547360396417061
2005-10-07,1,0.0,-0.08343243984996407,0.9547360396417061
2005-10-10,1,0.0,-0.08343243984996407,0.9547360396417061
2005-10-11,1,-0.0006986725222077883,-0.08407282041898789,0.9540689918048469
2005-10-12,1,-0.0014982021574111437,-0.08544506449546774,0.9526396035830058
2005-10-13,1,-0.0007002100630187913,-0.08608544506449145,0.9519725557461468
2005-10-14,1,-0.0007007007007008292,-0.0867258256335155,0.9513055079092875
2005-10-17,1,-0.000100170289492163,-0.08681730857194747,0.9512102153611647
2005-10-18,1,0.00040072129833701453,-0.08645137681821957,0.9515913855536556
2005-10-19,1,0.0005007009813740027,-0.08599396212605959,0.9520678482942694
2005-10-20,1,-0.00020018016214584655,-0.08617692800292343,0.951877263198024
2005-10-21,1,0.0021023125437982237,-0.08425578629585173,0.9538784067086016
2005-10-24,1,-0.0017982017982016707,-0.08590247918762739,0.9521631408423924
2005-10-25,1,-0.0020016012810248895,-0.087732137956267,0.9502572898799376
2005-10-26,1,-0.0025070196550340818,-0.09001921141706659,0.9478749761768692
2005-10-27,1,0.0010053282396702556,-0.08910438203274673,0.9488279016580966
2005-10-28,1,-0.0006025911419100805,-0.08965327966333847,0.9482561463693603
2005-10-31,1,0.0,-0.08965327966333847,0.9482561463693603
2005-11-01,1,-0.0007034468897598734,-0.0902936602323624,0.9475890985325011
2005-11-02,1,-0.0008045052292839916,-0.09102552373981831,0.9468267581475192
2005-11-03,1,-0.001308373590982237,-0.0922148019394341,0.9455879550219236
2005-11-04,1,-0.0004031039000302883,-0.092580733693162,0.9452067848294327
2005-11-07,1,0.00030244984373428707,-0.09230628487786596,0.9454926624738009
2005-11-08,1,0.0021165087683936434,-0.09038514317079416,0.9474938059843786
2005-11-09,1,-0.0021120386201348706,-0.09230628487786585,0.945492662473801
2005-11-10,1,0.0021165087683936434,-0.09038514317079405,0.9474938059843787
2005-11-11,1,0.0,-0.09038514317079405,0.9474938059843787
2005-11-14,1,-0.0018103188172584606,-0.09203183606256993,0.9457785401181693
2005-11-15,1,0.0013098236775819228,-0.09084255786295403,0.947017343243765
2005-11-16,1,0.002414972831555673,-0.08864696734058641,0.9493043643987107
2005-11-17,1,0.0011041959445894367,-0.08764065501783469,0.9503525824280608
2005-11-18,1,-0.00130351950265728,-0.08882993321745047,0.9491137793024651
2005-11-21,1,0.0013052208835342416,-0.08764065501783469,0.9503525824280608
2005-11-22,1,0.0017046024265516824,-0.086085445064491,0.9519725557461473
2005-11-23,1,-0.001601601601601721,-0.08754917207940283,0.9504478749761833
2005-11-25,1,0.0013033888109084124,-0.08635989387978704,0.951686678101779
2005-11-28,1,0.0005006508460998482,-0.08590247918762717,0.9521631408423926
2005-11-29,1,-0.002502001601281001,-0.08818955264842665,0.9497808271393242
2005-11-30,1,0.001203973111267187,-0.08709175738724284,0.9509243377167971
2005-12-01,1,-0.0008016835354245355,-0.08782362089469886,0.9501619973318151
2005-12-02,1,0.0001002908434459826,-0.08773213795626689,0.9502572898799377
2005-12-05,1,-0.0013036502206177358,-0.08892141615588267,0.9490184867543422
2005-12-06,1,0.002309468822170757,-0.08681730857194714,0.951210215361165
2005-12-07,1,-0.0006010819475054108,-0.08736620620253899,0.9506384600724287
2005-12-08,1,0.00200481154771448,-0.08553654743389927,0.9525443110348835
2005-12-09,1,-0.0024009603841536054,-0.08773213795626678,0.9502572898799378
2005-12-12,1,-0.0005014039310068386,-0.08818955264842676,0.9497808271393241
2005-12-13,1,0.0005016554630279391,-0.08773213795626689,0.9502572898799377
2005-12-14,1,0.0026073004412354717,-0.08535358155703532,0.9527348961311289
2005-12-15,1,-0.0004000800160032236,-0.08571951331076322,0.952353725938638
2005-12-16,1,0.0006003602161297472,-0.08517061568017126,0.9529254812273745
2005-12-19,1,-0.00019999999999997797,-0.08535358155703521,0.952734896131129
2005-12-20,1,-0.0009001800360072254,-0.08617692800292309,0.9518772631980243
2005-12-21,1,-0.0008008809690659424,-0.086908791510379,0.9511149228130424
2005-12-22,1,0.0017032361486826186,-0.08535358155703521,0.952734896131129
2005-12-23,1,0.0015003000600120053,-0.08398133748055547,0.9541642843529701
2005-12-27,1,0.001198442025367008,-0.08288354221937166,0.9553077949304429
2005-12-28,1,-0.001197007481296808,-0.08398133748055547,0.9541642843529701
2005-12-29,1,-9.9870168780547e-05,-0.08407282041898745,0.9540689918048474
2005-12-30,1,-0.0006991610067919041,-0.08471320098801138,0.9534019439679882
2006-01-03,1,0.0018990504747626868,-0.08297502515780364,0.9552125023823202
2006-01-04,1,0.0005985634477254642,-0.08242612752721179,0.9557842576710567
2006-01-05,1,-9.970089730793052e-05,-0.08251761046564354,0.9556889651229341
2006-01-06,1,-0.0010968192242496455,-0.08352392278839538,0.954640747093584
2006-01-09,1,9.982032341770974e-05,-0.08343243984996351,0.9547360396417066
2006-01-10,1,-0.0015969657650464208,-0.08489616686487522,0.9532113588717428
2006-01-11,1,-0.0011996401079676922,-0.08599396212605914,0.9520678482942698
2006-01-12,1,0.0017015313782404728,-0.08443875217271535,0.9536878216123564
2006-01-13,1,0.0018984812150280028,-0.0827005763425076,0.9554983800266885
2006-01-17,1,0.0004986536351849757,-0.08224316165034773,0.9559748427673022
2006-01-18,1,-0.0002990430622008544,-0.08251761046564365,0.955688965122934
2006-01-19,1,-0.0013959517399541044,-0.08379837160369141,0.9543548694492157
2006-01-20,1,0.0004992511233150587,-0.08334095691153143,0.9548313321898294
2006-01-23,1,0.00019960079840308786,-0.08315799103466759,0.9550219172860748
2006-01-24,1,-0.0008980243464378201,-0.08398133748055536,0.9541642843529702
2006-01-25,1,-0.002896234894636862,-0.08663434269508274,0.9514008004574109
2006-01-26,1,-0.0013020833333334814,-0.08782362089469875,0.9501619973318152
2006-01-27,1,0.0003008725303379478,-0.08754917207940283,0.9504478749761833
2006-01-30,1,-0.0009023460998595079,-0.08837251852529049,0.9495902420430788
2006-01-31,1,0.0,-0.08837251852529049,0.9495902420430788
2006-02-01,1,-0.0015052684395384652,-0.08974476260177033,0.9481608538212377
2006-02-02,1,-0.00010050251256288334,-0.08983624554020242,0.9480655612731149
2006-02-03,1,0.0005025630716655183,-0.08937883084804243,0.9485420240137287
2006-02-06,1,-0.0005023106288930546,-0.08983624554020253,0.9480655612731148
2006-02-07,1,-0.0003015378429993554,-0.09011069435549846,0.9477796836287465
2006-02-08,1,-0.0010054293183188179,-0.0910255237398182,0.9468267581475193
2006-02-09,1,0.00010064412238319775,-0.09093404080138634,0.946922050695642
2006-02-10,1,-0.001207607929958776,-0.09203183606257015,0.9457785401181691
2006-02-13,1,0.00030226700251900773,-0.09175738724727411,0.9460644177625374
2006-02-14,1,-0.0009065269943594467,-0.092580733693162,0.9452067848294327
2006-02-15,1,0.0001008166145781697,-0.09248925075472991,0.9453020773775554
2006-02-16,1,0.00020161290322584513,-0.09230628487786596,0.9454926624738009
2006-02-17,1,0.0015117919774239041,-0.09093404080138634,0.946922050695642
2006-02-21,1,-0.0009057059474690821,-0.09175738724727422,0.9460644177625372
2006-02-22,1,0.0008058017727639033,-0.09102552373981831,0.9468267581475192
2006-02-23,1,-0.0015096618357488545,-0.09239776781629816,0.945397369925678
2006-02-24,1,0.0,-0.09239776781629816,0.945397369925678
2006-02-27,1,-0.000705574034875478,-0.09303814838532198,0.9447303220888189
2006-02-28,1,0.0031268912648778624,-0.09020217729393065,0.9476843910806236
2006-03-01,1,-0.0010055304172952306,-0.09111700667825062,0.9467314655993961
2006-03-02,1,-0.0012078510317059532,-0.09221480193943432,0.9455879550219234
2006-03-03,1,-0.001410863650105787,-0.09349556307748208,0.944253859348205
2006-03-06,1,-0.0012110202845898588,-0.094593358338666,0.9431103487707321
2006-03-07,1,0.0,-0.094593358338666,0.9431103487707321
2006-03-08,1,0.0002020814388197234,-0.09441039246180205,0.9433009338669774
2006-03-09,1,0.0002020406101628236,-0.09422742658493788,0.9434915189632231
2006-03-10,1,-0.0007069992930007762,-0.09486780715396181,0.9428244711263639
2006-03-13,1,-0.0004042854255102979,-0.09523373890768971,0.9424433009338731
2006-03-14,1,0.0029322548028309914,-0.09258073369316233,0.9452067848294323
2006-03-15,1,-0.0006048996874684631,-0.09312963132375418,0.9446350295406959
2006-03-16,1,0.003026329062846944,-0.0903851431707946,0.9474938059843782
2006-03-17,1,-0.0007040128733782902,-0.09102552373981854,0.9468267581475189
2006-03-20,1,0.00040257648953301306,-0.09065959198609064,0.9472079283400099
2006-03-21,1,-0.0024144869215292353,-0.09285518250845826,0.9449209071850642
2006-03-22,1,0.00010084711577262873,-0.09276369957002606,0.9450161997331871
2006-03-23,1,-0.0012100433598870586,-0.09386149483120987,0.9438726891557142
2006-03-24,1,0.002221100454316005,-0.0918488701857062,0.9459691252144145
2006-03-27,1,-0.000805882945502101,-0.092580733693162,0.9452067848294327
2006-03-28,1,-0.002621231979030081,-0.09495929009239346,0.9427291785782416
2006-03-29,1,-0.000808652582634295,-0.09569115359984948,0.9419668381932595
2006-03-30,1,-0.0012139605462822,-0.09678894886103329,0.9408233276157867
2006-03-31,1,0.0005064316823659709,-0.09633153416887341,0.9412997903564003
2006-04-03,1,-0.0009111156104475437,-0.0971548806147613,0.9404421574232956
2006-04-04,1,0.00040530955517281697,-0.0967889488610334,0.9408233276157866
2006-04-05,1,0.0012154360376783746,-0.0956911535998497,0.9419668381932593
2006-04-06,1,-0.0012139605462822,-0.0967889488610334,0.9408233276157866
2006-04-07,1,-0.002127013065937433,-0.09871009056810509,0.938822184105209
2006-04-10,1,0.00010150223304927763,-0.0986186076296729,0.9389174766533319
2006-04-11,1,0.000913427382523091,-0.09779526118378512,0.9397751095864365
2006-04-12,1,-0.0013181910363010418,-0.09898453938340102,0.9385363064608409
2006-04-13,1,-0.0016245304091785373,-0.10044826639831261,0.9370116256908771
2006-04-17,1,0.0011186819892199384,-0.09944195407556089,0.9380598437202272
2006-04-18,1,0.00182852498984154,-0.09779526118378512,0.9397751095864365
2006-04-19,1,-0.0012167917258163463,-0.09889305644496904,0.9386315990089635
2006-04-20,1,-0.0004060913705584701,-0.09925898819869705,0.9382504288164725
2006-04-21,1,0.00020312817387790894,-0.09907602232183288,0.9384410139127182
2006-04-24,1,0.0008123476848089783,-0.09834415881437719,0.9392033542977
2006-04-25,1,-0.0024350649350650677,-0.10053974933674481,0.9369163331427541
2006-04-26,1,-0.0012205044751829597,-0.10163754459792851,0.9357728225652814
2006-04-27,1,0.001731160896130346,-0.10008233464458494,0.9373927958833679
2006-04-28,1,0.0010165700925077736,-0.09916750526026519,0.9383457213645952
2006-05-01,1,-0.002031075454453135,-0.1009971640289048,0.9364398704021404
2006-05-02,1,0.0004070418235473383,-0.1006312322751769,0.9368210405946313
2006-05-03,1,-0.0010171905197844389,-0.10154606165949687,0.9358681151134038
2006-05-04,1,-0.000509113124936289,-0.10200347635165674,0.9353916523727902
2006-05-05,1,0.0013243683781583027,-0.10081419815204073,0.936630455498386
2006-05-08,1,-0.0006104384983213196,-0.1013630957826327,0.9360587002096495
2006-05-09,1,-0.00010180189351527424,-0.10145457872106467,0.9359634076615267
2006-05-10,1,-0.00040724903278344105,-0.10182051047479257,0.9355822374690359
2006-05-11,1,-0.00030556121409652803,-0.10209495929008838,0.9352963598246677
2006-05-12,1,-0.0011207335710646804,-0.10310127161284022,0.9342481417953177
2006-05-15,1,0.0011219910240718445,-0.10209495929008827,0.9352963598246679
2006-05-16,1,0.0014263881813549872,-0.10081419815204062,0.9366304554983861
2006-05-17,1,-0.0012208769966426392,-0.10191199341322443,0.9354869449209132
2006-05-18,1,0.002139146378730805,-0.09999085170615274,0.9374880884314908
2006-05-19,1,0.00010164667615364387,-0.09989936876772076,0.9375833809796135
2006-05-22,1,0.0007114544160990999,-0.09925898819869694,0.9382504288164726
2006-05-23,1,-0.0010156408693885455,-0.1001738175830168,0.9372975033352452
2006-05-24,1,0.0011183407889385766,-0.09916750526026508,0.9383457213645953
2006-05-25,1,-0.0011170914999492076,-0.1001738175830168,0.9372975033352452
2006-05-26,1,0.0007116714111428113,-0.09953343701399286,0.9379645511721044
2006-05-30,1,-0.0012191405059434057,-0.10063123227517679,0.9368210405946314
2006-05-31,1,0.0007120333638490628,-0.09999085170615285,0.9374880884314907
2006-06-01,1,0.00020329335230750978,-0.09980788582928879,0.9376786735277363
2006-06-02,1,0.004268292682926722,-0.09596560241514551,0.9416809605488912
2006-06-05,1,-0.0016191054442420416,-0.09742932943005733,0.9401562797789274
2006-06-06,1,0.0003040745996352179,-0.0971548806147613,0.9404421574232956
2006-06-07,1,-0.0009119464991387272,-0.09797822706064918,0.9395845244901909
2006-06-08,1,0.0010141987829614951,-0.09706339767632932,0.9405374499714183
2006-06-09,1,0.0,-0.09706339767632932,0.9405374499714183
2006-06-12,1,-0.0003039513677811634,-0.09733784649162536,0.94025157232705
2006-06-13,1,0.0008107834194790442,-0.09660598298416956,0.9410139127120319
2006-06-14,1,-0.003240506329113879,-0.09953343701399286,0.9379645511721044
2006-06-15,1,-0.0014223305902671957,-0.10081419815204062,0.9366304554983861
2006-06-16,1,-0.0009156577474819239,-0.10163754459792851,0.9357728225652815
2006-06-19,1,-0.0006109979633401874,-0.10218644222852036,0.9352010672765451
2006-06-20,1,-0.0005094762584063606,-0.10264385692068023,0.9347246045359314
2006-06-21,1,0.0,-0.10264385692068023,0.9347246045359314
2006-06-22,1,-0.0014272606789682563,-0.10392461805872799,0.9333905088622131
2006-06-23,1,-0.0009188361408882795,-0.10474796450461588,0.9325328759291084
2006-06-26,1,-0.0001021867974657642,-0.10483944744304785,0.9324375833809857
2006-06-27,1,0.0007153806847215449,-0.10419906687402392,0.9331046312178449
2006-06-28,1,-0.001123366013071836,-0.10520537919677564,0.9320564131884949
2006-06-29,1,0.0019425416624065939,-0.10346720336656812,0.9338669716028267
2006-06-30,1,0.002448979591836764,-0.1012716128442005,0.9361539927577724
2006-07-03,1,-0.0004071661237784463,-0.1016375445979284,0.9357728225652816
2006-07-05,1,-0.0024439918533605276,-0.10383313512029602,0.9334858014103359
2006-07-06,1,0.001224989791751785,-0.1027353398591122,0.9346293119878087
2006-07-07,1,0.0016313213703098572,-0.1012716128442005,0.9361539927577724
2006-07-10,1,0.0,-0.1012716128442005,0.9361539927577724
2006-07-11,1,0.0009161237785015874,-0.10044826639831272,0.937011625690877
2006-07-12,1,-0.00010169836265638832,-0.10053974933674481,0.9369163331427542
2006-07-13,1,0.0012205044751831817,-0.09944195407556089,0.9380598437202272
2006-07-14,1,0.0007110930516052161,-0.09880157350653684,0.9387268915570866
2006-07-17,1,-0.000507562683991547,-0.09925898819869672,0.9382504288164728
2006-07-18,1,-0.002234409912654889,-0.10127161284420039,0.9361539927577726
2006-07-19,1,0.0026465798045602895,-0.09889305644496882,0.9386315990089638
2006-07-20,1,0.0014213197969543678,-0.09761229530692106,0.9399656946826821
2006-07-21,1,-0.00040551500405516805,-0.09797822706064896,0.9395845244901911
2006-07-24,1,-0.00010141987829603849,-0.09806970999908093,0.9394892319420685
2006-07-25,1,-0.0007100111573182799,-0.09871009056810487,0.9388221841052092
2006-07-26,1,0.0012180267965895553,-0.09761229530692106,0.9399656946826821
2006-07-27,1,0.00010137875101379201,-0.09752081236848897,0.9400609872308049
2006-07-28,1,0.0020273694880890147,-0.09569115359984959,0.9419668381932594
2006-07-31,1,0.0006069802731412111,-0.09514225596925752,0.942538593481996
2006-08-01,1,0.00020220402386028624,-0.09495929009239334,0.9427291785782417
2006-08-02,1,0.0005054078641464343,-0.09450187540023336,0.9432056413188554
2006-08-03,1,-0.0001010305112144616,-0.09459335833866545,0.9431103487707326
2006-08-04,1,0.0020208143881985663,-0.09276369957002562,0.9450161997331875
2006-08-07,1,-0.0009075325199153772,-0.09358704601591361,0.9441585668000828
2006-08-08,1,0.0005046427129591358,-0.09312963132375374,0.9446350295406964
2006-08-09,1,-0.00020175527085641853,-0.09331259720061769,0.944444444444451
2006-08-10,1,-0.0002017959842598449,-0.09349556307748152,0.9442538593482056
2006-08-11,1,-0.0014128569986880946,-0.09477632421552928,0.9429197636744873
2006-08-14,1,-0.0013137948458818993,-0.09596560241514529,0.9416809605488915
2006-08-15,1,0.0024286581663632845,-0.09377001189277756,0.9439679817038373
2006-08-16,1,0.0020189783969311037,-0.09194035312413795,0.945873832666292
2006-08-17,1,-0.0002014910336490816,-0.09212331900100201,0.9456832475700464
2006-08-18,1,0.001108424022571608,-0.09111700667825018,0.9467314655993966
2006-08-21,1,0.00040261701056865107,-0.09075107492452217,0.9471126357918875
2006-08-22,1,0.00010061374383751875,-0.0906595919860902,0.9472079283400103
2006-08-23,1,-0.0003018108651912099,-0.09093404080138623,0.9469220506956421
2006-08-24,1,0.00010063399416315733,-0.09084255786295425,0.9470173432437647
2006-08-25,1,0.0005031193399074319,-0.09038514317079427,0.9474938059843785
2006-08-28,1,-0.0004022930705018801,-0.09075107492452217,0.9471126357918875
2006-08-29,1,0.0003018412315123342,-0.09047662610922624,0.9473985134362558
2006-08-30,1,0.0009052504526252392,-0.08965327966333836,0.9482561463693605
2006-08-31,1,0.0018088634308108809,-0.0880065867715627,0.9499714122355697
2006-09-01,1,0.0005015548199418518,-0.08754917207940272,0.9504478749761834
2006-09-05,1,-0.0015039101664325871,-0.08892141615588234,0.9490184867543425
2006-09-06,1,-0.0006024701275229027,-0.08947031378647419,0.9484467314656061
2006-09-07,1,0.00010047221943132456,-0.08937883084804232,0.9485420240137288
2006-09-08,1,0.0009041591320071429,-0.08855548440215455,0.9493996569468334
2006-09-11,1,-0.0011040851149252129,-0.08956179672490627,0.9483514389174833
2006-09-12,1,0.0009043408360129845,-0.08873845027901839,0.949209071850588
2006-09-13,1,0.0003011745808654265,-0.08846400146372235,0.9494949494949563
2006-09-14,1,-0.001103974307506972,-0.08947031378647408,0.9484467314656062
2006-09-15,1,-0.00040188887772540927,-0.0898362455402022,0.9480655612731151
2006-09-18,1,-0.0006030756859984887,-0.09038514317079394,0.9474938059843788
2006-09-19,1,0.00271547822588758,-0.0879151038331305,0.9500667047836927
2006-09-20,1,0.0,-0.0879151038331305,0.9500667047836927
2006-09-21,1,0.003109327983951804,-0.08507913274173906,0.9530207737754975
2006-09-22,1,0.0016998300169983604,-0.08352392278839527,0.9546407470935842
2006-09-25,1,0.0010980235575963615,-0.08251761046564332,0.9556889651229343
2006-09-26,1,-0.0010968192242496455,-0.08352392278839516,0.9546407470935843
2006-09-27,1,-9.982032341793179e-05,-0.08361540572682713,0.9545454545454615
2006-09-28,1,-0.0007986423080762473,-0.08434726923428304,0.9537831141604796
2006-09-29,1,-0.0003996403237087609,-0.08471320098801105,0.9534019439679885
2006-10-02,1,0.001099450274862468,-0.08370688866525933,0.9544501619973386
2006-10-03,1,9.984025559117704e-05,-0.08361540572682713,0.9545454545454615
2006-10-04,1,0.0019966057701907847,-0.08178574695818741,0.9564513055079163
2006-10-05,1,-0.0017933645511607477,-0.08343243984996307,0.9547360396417071
2006-10-06,1,-0.003094121169777475,-0.08626841094135462,0.9517819706499021
2006-10-09,1,0.0,-0.08626841094135462,0.9517819706499021
2006-10-10,1,-0.002002402883459986,-0.08809806970999412,0.9498761196874476
2006-10-11,1,-0.001504815409309801,-0.08947031378647385,0.9484467314656065
2006-10-12,1,0.00040188887772529824,-0.08910438203274584,0.9488279016580975
2006-10-13,1,-0.0009038867128652317,-0.08992772847863362,0.9479702687249929
2006-10-16,1,0.0006031363088057073,-0.08937883084804188,0.9485420240137292
2006-10-17,1,0.0005023106288928325,-0.088921416155882,0.9490184867543429
2006-10-18,1,0.00020082337584081955,-0.08873845027901817,0.9492090718505882
2006-10-19,1,-0.0006023491617307419,-0.08928734790961002,0.9486373165618518
2006-10-20,1,-0.000100452034153653,-0.08937883084804199,0.9485420240137291
2006-10-23,1,-0.0014064697609001975,-0.09065959198608975,0.9472079283400108
2006-10-24,1,0.0,-0.09065959198608975,0.9472079283400108
2006-10-25,1,0.0016096579476860828,-0.08919586497117804,0.9487326091099746
2006-10-26,1,0.001908396946564972,-0.0874576891409703,0.9505431675243067
2006-10-27,1,0.001704260651629097,-0.0859024791876265,0.9521631408423933
2006-10-30,1,-0.00010008006405126668,-0.08599396212605848,0.9520678482942705
2006-10-31,1,0.002402161945751269,-0.08379837160369086,0.9543548694492163
2006-11-01,1,0.0016974538192708888,-0.08224316165034729,0.9559748427673027
2006-11-02,1,-0.0009968102073364404,-0.08315799103466692,0.9550219172860754
2006-11-03,1,-0.004589902215126673,-0.0873662062025381,0.9506384600724296
2006-11-06,1,0.000200481154771337,-0.08718324032567426,0.950829045168675
2006-11-07,1,0.001703748246141501,-0.08562803037233058,0.9524490184867614
2006-11-08,1,0.0010005002501249916,-0.08471320098801083,0.9534019439679887
2006-11-09,1,-9.995002498741634e-05,-0.0848046839264428,0.953306651419866
2006-11-10,1,0.0011995201919230425,-0.08370688866525922,0.9544501619973387
2006-11-13,1,-0.0007987220447284171,-0.08443875217271501,0.9536878216123568
2006-11-14,1,0.0010991207034372064,-0.08343243984996329,0.9547360396417068
2006-11-15,1,-0.0019962072063079983,-0.08526209861860301,0.9528301886792521
2006-11-16,1,-0.0014001400140014608,-0.08654285975665077,0.9514960930055337
2006-11-17,1,0.0023034551827743055,-0.08443875217271501,0.9536878216123569
2006-11-20,1,0.00019984012789753258,-0.08425578629585107,0.9538784067086022
2006-11-21,1,0.0004995004995005381,-0.08379837160369108,0.954354869449216
2006-11-22,1,0.00039940089865186934,-0.08343243984996329,0.9547360396417068
2006-11-24,1,0.0005988621618924217,-0.08288354221937144,0.9553077949304433
2006-11-27,1,0.00039900249376567665,-0.08251761046564332,0.9556889651229343
2006-11-28,1,0.0010968192242497565,-0.08151129814289149,0.9567371831522845
2006-11-29,1,-0.0004980079681276006,-0.08196871283505147,0.9562607204116708
2006-11-30,1,0.005181863477827786,-0.07721160003658822,0.9612159329140533
2006-12-01,1,0.002081887578070818,-0.07529045832951642,0.9632170764246308
2006-12-04,1,-0.00019786307874947173,-0.07547342420638048,0.9630264913283854
2006-12-05,1,-9.895111814772761e-05,-0.07556490714481245,0.9629311987802626
2006-12-06,1,-0.0016823354774864185,-0.07712011709815625,0.961311225462176
2006-12-07,1,0.0,-0.07712011709815625,0.961311225462176
2006-12-08,1,-0.002874702616970537,-0.07977312231268363,0.9585477415666167
2006-12-11,1,0.0009941346058255363,-0.07885829292836388,0.959500667047844
2006-12-12,1,0.001390406197238958,-0.07757753179031623,0.9608347627215622
2006-12-13,1,-0.0031736586333431793,-0.08050498582013965,0.9577854011816347
2006-12-14,1,-0.000795940702417619,-0.08123684932759534,0.9570230607966529
2006-12-15,1,9.957184108322359e-05,-0.08114536638916359,0.9571183533447755
2006-12-18,1,0.00019912385503784158,-0.08096240051229953,0.9573089384410209
2006-12-19,1,-0.0002986263189327376,-0.08123684932759534,0.9570230607966529
2006-12-20,1,9.957184108322359e-05,-0.08114536638916359,0.9571183533447755
2006-12-21,1,0.0017921146953405742,-0.07949867349738782,0.9588336192109848
2006-12-22,1,-0.0025839793281654533,-0.08187722989661939,0.9563560129597936
2006-12-26,1,0.0004982064567555788,-0.08141981520445951,0.9568324757004072
2006-12-27,1,-0.001991833482720917,-0.08324947397309923,0.9549266247379524
2006-12-28,1,-0.0012972757209859243,-0.08443875217271501,0.9536878216123569
2006-12-29,1,-0.0004996003197441645,-0.08489616686487478,0.9532113588717432
2007-01-03,1,0.0014995501349595042,-0.08352392278839516,0.9546407470935843
2007-01-04,1,0.001696945498103286,-0.08196871283505158,0.9562607204116707
2007-01-05,1,-0.0011958146487293098,-0.08306650809623528,0.9551172098341979
2007-01-08,1,-0.0005986231667165498,-0.08361540572682713,0.9545454545454615
2007-01-09,1,9.983028850957254e-05,-0.08352392278839516,0.9546407470935843
2007-01-10,1,-0.0007985625873428992,-0.08425578629585107,0.9538784067086022
2007-01-11,1,-0.0018981018981019115,-0.0859939621260587,0.9520678482942703
2007-01-12,1,-0.0010009008107295658,-0.08690879151037845,0.951114922813043
2007-01-16,1,0.0007013325318103725,-0.08626841094135462,0.9517819706499021
2007-01-17,1,-0.0013015618742490132,-0.08745768914097041,0.9505431675243066
2007-01-18,1,0.0009022556390978487,-0.08663434269508241,0.9514008004574113
2007-01-19,1,-0.0008012820512820484,-0.08736620620253832,0.9506384600724294
2007-01-22,1,0.0005012028869286755,-0.08690879151037834,0.9511149228130431
2007-01-23,1,-0.0013024747019336758,-0.08809806970999412,0.9498761196874476
2007-01-24,1,0.0,-0.08809806970999412,0.9498761196874476
2007-01-25,1,-0.0018057784911718056,-0.08974476260176978,0.9481608538212383
2007-01-26,1,-0.000301507537688428,-0.0900192114170657,0.9478749761768701
2007-01-29,1,-0.00040213129586796903,-0.09038514317079349,0.9474938059843793
2007-01-30,1,0.0006034396057525981,-0.08983624554020186,0.9480655612731155
2007-01-31,1,0.0015076892149965548,-0.08846400146372202,0.9494949494949566
2007-02-01,1,-0.0005018065034122499,-0.0889214161558819,0.949018486754343
2007-02-02,1,0.0005020584396022709,-0.08846400146372202,0.9494949494949566
2007-02-05,1,0.0006021678040948331,-0.08791510383313006,0.9500667047836932
2007-02-06,1,0.0013039117352056095,-0.08672582563351428,0.9513055079092887
2007-02-07,1,0.000901532605429356,-0.08590247918762628,0.9521631408423935
2007-02-08,1,0.0,-0.08590247918762628,0.9521631408423935
2007-02-09,1,-0.0016012810248198228,-0.08736620620253799,0.9506384600724297
2007-02-12,1,-0.000601443464314344,-0.08791510383312995,0.9500667047836933
2007-02-13,1,-0.0004012036108325123,-0.08828103558685785,0.9496855345912023
2007-02-14,1,0.0028095524784266246,-0.08571951331076233,0.952353725938639
2007-02-15,1,0.0010006003602163194,-0.08480468392644225,0.9533066514198666
2007-02-16,1,0.0003998400639744215,-0.08443875217271435,0.9536878216123575
2007-02-20,1,0.00029976019184663194,-0.08416430335741831,0.9539736992567258
2007-02-21,1,-0.0004994506043352054,-0.08462171804957819,0.9534972365161122
2007-02-22,1,-0.001399160503697816,-0.08590247918762595,0.9521631408423938
2007-02-23,1,0.0019015212169735118,-0.08416430335741831,0.9539736992567258
2007-02-26,1,0.0014983518130058382,-0.08279205928093836,0.9554030874785671
2007-02-27,1,0.0045880710153600734,-0.07858384411306718,0.959786544692213
2007-02-28,1,-0.0005957108816521117,-0.07913274174365903,0.9592147894034766
2007-03-01,1,0.00019868865487793208,-0.07894977586679497,0.9594053744997222
2007-03-02,1,0.001688518077075818,-0.07739456591345129,0.9610253478178087
2007-03-05,1,-0.00019831432821015849,-0.07757753179031524,0.9608347627215632
2007-03-06,1,-0.0005950609937518392,-0.0781264294209072,0.9602630074328268
2007-03-07,1,0.0010915947206509014,-0.07712011709815536,0.9613112254621768
2007-03-08,1,-0.00029738302934179117,-0.07739456591345129,0.9610253478178087
2007-03-09,1,-0.0032721864154684477,-0.08041350288170668,0.9578806937297584
2007-03-12,1,0.0013927576601671099,-0.07913274174365892,0.9592147894034767
2007-03-13,1,0.0027816411682892728,-0.0765712194675634,0.9618829807509134
2007-03-14,1,-0.0007925500297205623,-0.0773030829750192,0.9611206403659316
2007-03-15,1,-0.0006940313305571211,-0.07794346354404302,0.9604535925290725
2007-03-16,1,-0.00039686476833022954,-0.07830939529777092,0.9600724223365815
2007-03-19,1,-0.0009925558312654514,-0.07922422468209067,0.9591194968553542
2007-03-20,1,0.0008941877794335085,-0.07840087823620301,0.9599771297884587
2007-03-21,1,0.0016875124081794368,-0.07684566828285933,0.9615971031065452
2007-03-22,1,-0.002279258745416568,-0.07894977586679475,0.9594053744997224
2007-03-23,1,-0.0008939213349226094,-0.07977312231268263,0.9585477415666177
2007-03-26,1,0.0009941346058255363,-0.07885829292836288,0.959500667047845
2007-03-27,1,-0.0004965736418710565,-0.07931570762052276,0.9590242043072313
2007-03-28,1,9.936406995225688e-05,-0.0792242246820909,0.959119496855354
2007-03-29,1,-0.0008941877794337305,-0.08004757112797878,0.9582618639222493
2007-03-30,1,-0.0004972155926810107,-0.08050498582013876,0.9577854011816356
2007-04-02,1,0.00019898517560434925,-0.08032201994327492,0.9579759862778809
2007-04-03,1,-0.0008952551477171555,-0.08114536638916281,0.9571183533447762
2007-04-04,1,0.0005973715651135247,-0.08059646875857085,0.9576901086335127
2007-04-05,1,-0.000796019900497491,-0.08132833226602676,0.9569277682485308
2007-04-09,1,-0.002987452698665627,-0.08407282041898623,0.9540689918048486
2007-04-10,1,0.0009988014382740218,-0.08315799103466659,0.9550219172860759
2007-04-11,1,-0.0005986828976252134,-0.08370688866525844,0.9544501619973395
2007-04-12,1,-9.9840255590955e-05,-0.08379837160369041,0.9543548694492168
2007-04-13,1,-0.0008986520219670391,-0.08462171804957819,0.9534972365161122
2007-04-16,1,0.000699580251848797,-0.08398133748055436,0.9541642843529713
2007-04-17,1,0.00189753320683117,-0.08224316165034662,0.9559748427673034
2007-04-18,1,0.001295853269537517,-0.08105388345073072,0.957213645892899
2007-04-19,1,-0.00029865604778500643,-0.08132833226602676,0.9569277682485308
2007-04-20,1,0.0,-0.08132833226602676,0.9569277682485308
2007-04-23,1,0.0007966540529775745,-0.08059646875857074,0.9576901086335128
2007-04-24,1,0.0009950248756218638,-0.07968163937425099,0.9586430341147402
2007-04-25,1,-0.0008946322067593382,-0.08050498582013876,0.9577854011816356
2007-04-26,1,-0.0014923888170331745,-0.08187722989661861,0.9563560129597944
2007-04-27,1,-0.00019928258270218713,-0.08206019577348245,0.9561654278635491
2007-04-30,1,0.0022922064979069567,-0.07995608818954691,0.9583571564703719
2007-05-01,1,-0.0006960326140995621,-0.08059646875857074,0.9576901086335128
2007-05-02,1,-0.00019900497512437276,-0.0807794346354348,0.9574995235372673
2007-05-03,1,-0.0013933121019108485,-0.08206019577348256,0.956165427863549
2007-05-04,1,0.0011959338249949436,-0.08096240051229886,0.9573089384410217
2007-05-07,1,0.0,-0.08096240051229886,0.9573089384410217
2007-05-08,1,0.00019908421262204712,-0.0807794346354348,0.9574995235372673
2007-05-09,1,-0.0016918789808917367,-0.08233464458877848,0.9558795502191807
2007-05-10,1,0.0009969095803010752,-0.08141981520445873,0.9568324757004081
2007-05-11,1,-0.0006971417189521878,-0.08206019577348256,0.956165427863549
2007-05-14,1,-0.0006976280645805133,-0.0827005763425065,0.9554983800266897
2007-05-15,1,-0.0006981150892588772,-0.0833409569115302,0.9548313321898307
2007-05-16,1,0.00019960079840308786,-0.08315799103466637,0.9550219172860761
2007-05-17,1,-0.0016962682099381787,-0.08471320098801016,0.9534019439679895
2007-05-18,1,-0.00139930034982505,-0.08599396212605792,0.9520678482942712
2007-05-21,1,0.0005004504053647274,-0.08553654743389805,0.9525443110348848
2007-05-22,1,-0.0014005602240896309,-0.0868173085719458,0.9512102153611665
2007-05-23,1,-0.0006010819475054108,-0.08736620620253754,0.9506384600724301
2007-05-24,1,-0.00010024057738577952,-0.08745768914096963,0.9505431675243073
2007-05-25,1,-0.0003007518796992459,-0.08773213795626555,0.9502572898799392
2007-05-29,1,-0.0009025270758122872,-0.08855548440215344,0.9493996569468345
2007-05-30,1,-0.00010037137408402952,-0.08864696734058541,0.9493043643987118
2007-05-31,1,0.0018068660911463308,-0.08700027444880964,0.9510196302649211
2007-06-01,1,-0.0023046092184368927,-0.08910438203274518,0.9488279016580982
2007-06-04,1,0.0008034548558804033,-0.08837251852528927,0.9495902420430802
2007-06-05,1,-0.0016056196688410962,-0.08983624554020109,0.9480655612731163
2007-06-06,1,0.0008041009146648737,-0.08910438203274518,0.9488279016580983
2007-06-07,1,-0.00361554685146126,-0.0923977678162965,0.9453973699256797
2007-06-08,1,-0.00030238887208933196,-0.09267221663159231,0.9451114922813116
2007-06-11,1,-0.00020165355918544403,-0.09285518250845637,0.944920907185066
2007-06-12,1,-0.003327954820492085,-0.09587411947671187,0.9417762530970157
2007-06-13,1,0.001011838510573737,-0.09495929009239201,0.9427291785782431
2007-06-14,1,-0.0006064894369756102,-0.09550818772298386,0.9421574232895067
2007-06-15,1,0.0018205724688984404,-0.09386149483120831,0.9438726891557159
2007-06-18,1,0.0009086320040383455,-0.09303814838532043,0.9447303220888205
2007-06-19,1,0.002118216663304251,-0.09111700667824896,0.9467314655993978
2007-06-20,1,-0.0012078510317059532,-0.09221480193943266,0.945587955021925
2007-06-21,1,-0.0007054318250530045,-0.09285518250845659,0.9449209071850658
2007-06-22,1,0.0011093182734973617,-0.09184887018570487,0.9459691252144159
2007-06-25,1,0.0021154427319431957,-0.08992772847863328,0.9479702687249933
2007-06-26,1,-0.000904704463208672,-0.09075107492452106,0.9471126357918888
2007-06-27,1,0.0010061374383740773,-0.0898362455402012,0.9480655612731161
2007-06-28,1,-0.002010252286661851,-0.0916659043088408,0.9461597103106615
2007-06-29,1,0.002820022157316915,-0.08910438203274529,0.948827901658098
2007-07-02,1,0.0009038867128654537,-0.08828103558685729,0.9496855345912029
2007-07-03,1,-0.0016054585591008808,-0.089744762601769,0.9481608538212392
2007-07-05,1,-0.003417085427135702,-0.09285518250845637,0.944920907185066
2007-07-06,1,-0.0012101653892697684,-0.09395297776964007,0.9437773966075933
2007-07-09,1,0.0011106623586429887,-0.09294666544688823,0.9448256146369435
2007-07-10,1,0.004135148764498275,-0.08919586497117682,0.9487326091099758
2007-07-11,1,-0.0011048613901164517,-0.09020217729392865,0.9476843910806257
2007-07-12,1,-0.0016088486676721914,-0.09166590430884036,0.9461597103106619
2007-07-13,1,0.0003021452311409156,-0.09139145549354455,0.94644558795503
2007-07-16,1,0.002013693113169568,-0.08956179672490483,0.9483514389174847
2007-07-17,1,-0.0013062700964630025,-0.09075107492452061,0.9471126357918892
2007-07-18,1,0.002615957339772601,-0.08837251852528905,0.9495902420430804
2007-07-19,1,-0.0006021073758153417,-0.0889214161558809,0.949018486754344
2007-07-20,1,0.0025102921980117987,-0.08663434269508141,0.9514008004574124
2007-07-23,1,-0.0005008012820512109,-0.08709175738724129,0.9509243377167987
2007-07-24,1,0.0011023148612085976,-0.08608544506448934,0.9519725557461489
2007-07-25,1,0.0013013013013012387,-0.08489616686487367,0.9532113588717445
2007-07-26,1,0.005498350494851589,-0.0798646052511146,0.958452449018495
2007-07-27,1,-0.0002982700338038935,-0.08013905406641053,0.9581665713741269
2007-07-30,1,-0.0007956240676280091,-0.08087091757386633,0.957404230989145
2007-07-31,1,0.0006967253906640103,-0.08023053700484228,0.9580712788260043
2007-08-01,1,0.00019892580067626398,-0.08004757112797845,0.9582618639222497
2007-08-02,1,-9.944311853626875e-05,-0.08013905406641053,0.9581665713741269
2007-08-03,1,0.0024863252113376255,-0.07785198060561094,0.9605488850771953
2007-08-06,1,-0.0011904761904760752,-0.07894977586679464,0.9594053744997225
2007-08-07,1,-0.0007945967421534306,-0.07968163937425066,0.9586430341147405
2007-08-08,1,-0.004075546719681911,-0.08343243984996196,0.9547360396417083
2007-08-09,1,0.00359317297135453,-0.08013905406641042,0.958166571374127
2007-08-10,1,0.0006961710591746328,-0.07949867349738649,0.9588336192109862
2007-08-13,1,9.938382031404736e-05,-0.07940719055895451,0.9589289117591089
2007-08-14,1,0.0017887309947333119,-0.07776049766717874,0.9606441776253183
2007-08-15,1,0.0020831266739409493,-0.07583935596010716,0.9626453211358956
2007-08-16,1,0.005345476143338024,-0.07089927728478007,0.9677911187345235
2007-08-17,1,-0.002067743205986683,-0.07282041899185177,0.9657899752239459
2007-08-20,1,0.0015786877158363577,-0.07135669197693995,0.9673146559939099
2007-08-21,1,0.001970249236528332,-0.06952703320830034,0.9692205069563645
2007-08-22,1,-0.002064693737095613,-0.07144817491537192,0.9672193634457871
2007-08-23,1,-0.0007881773399014413,-0.07218003842282783,0.9664570230608052
2007-08-24,1,-0.0019719976336028955,-0.07400969719146755,0.9645511720983504
2007-08-27,1,0.0010867417506421617,-0.07300338486871571,0.9655993901277005
2007-08-28,1,0.003947498272969474,-0.0693440673314365,0.9694110920526099
2007-08-29,1,-0.0009829942003343195,-0.07025889671575647,0.9684581665713824
2007-08-30,1,0.0020663190002951914,-0.06833775500868489,0.9704593100819598
2007-08-31,1,0.0005891594658287147,-0.06778885737809293,0.9710310653706963
2007-09-04,1,-0.0001962708537782687,-0.06797182325495688,0.9708404802744508
2007-09-05,1,0.0039261876717706645,-0.06431250571767766,0.9746521821993602
2007-09-06,1,-0.0013687915526007233,-0.06559326685572542,0.9733180865256419
2007-09-07,1,0.005678480516937423,-0.06028725642667043,0.9788450543167606
2007-09-10,1,0.0014602803738317238,-0.05891501235019081,0.9802744425386016
2007-09-11,1,-0.002235831632157126,-0.06101911993412645,0.9780827139317786
2007-09-12,1,-0.001558846453624252,-0.06248284694903805,0.9765580331618149
2007-09-13,1,-0.0029274004683840227,-0.06522733510199752,0.9736992567181328
2007-09-14,1,0.0005871990604813249,-0.06467843747140578,0.974271012006869
2007-09-17,1,-0.000489045383411546,-0.06513585216356566,0.9737945492662554
2007-09-18,1,0.0010764262648008671,-0.06412953984081393,0.9748427672956055
2007-09-19,1,-0.0008797653958945162,-0.06495288628670182,0.9739851343625008
2007-09-20,1,-0.00459837589276979,-0.06925258439300497,0.9695063846007321
2007-09-21,1,0.001277766856693674,-0.06806330619338907,0.9707451877263279
2007-09-24,1,0.00019632865416707723,-0.06788034031652512,0.9709357728225734
2007-09-25,1,0.0010795956423594877,-0.06687402799377318,0.9719839908519236
2007-09-26,1,0.0002941176470587781,-0.06659957917847736,0.9722698684962917
2007-09-27,1,0.0012741350583160838,-0.06541030097886158,0.9735086716218873
2007-09-28,1,-0.00019577133907588973,-0.06559326685572542,0.9733180865256419
2007-10-01,1,-0.0002937145094967786,-0.06586771567102145,0.9730322088812736
2007-10-02,1,0.0009793360101850723,-0.0649528862867016,0.973985134362501
2007-10-03,1,-0.0006848644946677584,-0.06559326685572542,0.9733180865256419
2007-10-04,1,0.0004895241824944829,-0.06513585216356566,0.9737945492662554
2007-10-05,1,-0.004207848126039693,-0.06906961851614091,0.9696969696969777
2007-10-08,1,0.0,-0.06906961851614091,0.9696969696969777
2007-10-09,1,-0.0007861635220125507,-0.06980148202359682,0.9689346293119958
2007-10-10,1,-0.00019669551534240437,-0.06998444790046088,0.9687440442157502
2007-10-11,1,-0.0003934684241588826,-0.07035037965418867,0.9683628740232594
2007-10-12,1,-0.0013776815587482893,-0.07163114079223643,0.967028778349541
2007-10-15,1,0.0005912495072921686,-0.07108224316164446,0.9676005336382776
2007-10-16,1,0.001477250344691594,-0.06970999908516484,0.9690299218601185
2007-10-17,1,0.0044252138853377865,-0.06559326685572564,0.9733180865256417
2007-10-18,1,0.002056001566477228,-0.06367212514865417,0.975319230036219
2007-10-19,1,0.003517342452369343,-0.06037873936510274,0.9787497617686376
2007-10-22,1,-0.0002920845097846847,-0.060653188180398554,0.9784638841242695
2007-10-23,1,0.0,-0.060653188180398554,0.9784638841242695
2007-10-24,1,0.0028243085313595095,-0.05800018296587106,0.9812273680198289
2007-10-25,1,-0.0006798096532970588,-0.058640563534894885,0.9805603201829698
2007-10-26,1,-0.0011661807580175543,-0.059738358796078694,0.9794168096054969
2007-10-29,1,-0.0003891807744698106,-0.060104290549806705,0.9790356394130059
2007-10-30,1,-9.733307377834954e-05,-0.06019577348823857,0.9789403468648833
2007-10-31,1,-0.0037963593886888303,-0.06376360808708581,0.9752239374880965
2007-11-01,1,0.0043971076802813425,-0.05964687585764661,0.9795121021536197
2007-11-02,1,0.003696857670979714,-0.05617052419723123,0.9831332189822838
2007-11-05,1,-0.0010662014151400223,-0.057176836519983065,0.9820850009529337
2007-11-06,1,-0.0010673394139336656,-0.0581831488427349,0.9810367829235835
2007-11-07,1,0.0019426906265178623,-0.05635349007409507,0.9829426338860384
2007-11-08,1,0.003102278235579181,-0.05342603604427176,0.9859919954259659
2007-11-09,1,0.0014496955639315967,-0.05205379196779192,0.9874213836478071
2007-11-12,1,0.0,-0.05205379196779192,0.9874213836478071
2007-11-13,1,-0.0023161551823973614,-0.05424938249015965,0.9851343624928612
2007-11-14,1,-0.0003869220352098468,-0.054615314243887436,0.9847531923003704
2007-11-15,1,0.005031933423650159,-0.0498582014454243,0.9897084048027528
2007-11-16,1,0.0003851338340072896,-0.0494922696916964,0.9900895749952437
2007-11-19,1,0.0031761308950915,-0.0464733327234409,0.9932342290832942
2007-11-20,1,0.0011513000095941806,-0.04537553746225709,0.994377739660767
2007-11-21,1,0.0026832774317202546,-0.04281401518616146,0.9970459310082038
2007-11-23,1,-0.000955748829207681,-0.04372884457048121,0.9960930055269764
2007-11-26,1,0.005548646321630102,-0.03842283414142622,1.0016199733180953
2007-11-27,1,-0.0032347064979545426,-0.04153325404811359,0.9983800266819222
2007-11-28,1,-0.0036269924596735725,-0.045009605708528966,0.9947589098532581
2007-11-29,1,0.0031612223393044925,-0.04199066874027357,0.9979035639413084
2007-11-30,1,0.0010504201680672232,-0.04098435641752185,0.9989517819706585
2007-12-03,1,0.0038157016121340703,-0.03732503888024241,1.0027634838955681
2007-12-04,1,0.0002850898032880078,-0.03705059006494649,1.0030493615399363
2007-12-05,1,-0.00019000570017113638,-0.03723355594181055,1.0028587764436907
2007-12-06,1,-0.003325731660965392,-0.04043545878692989,0.9995235372593949
2007-12-07,1,-0.0046715606826198686,-0.0449181227700971,0.9948542024013808
2007-12-10,1,-0.0010536398467433372,-0.045924435092848936,0.9938059843720306
2007-12-11,1,0.006424393518074556,-0.039795078217906066,1.000190585096254
2007-12-12,1,-0.0037157012195121464,-0.04336291281675342,0.9964741757194673
2007-12-13,1,-0.003155780816677778,-0.04638184978500881,0.993329521631417
2007-12-14,1,-0.0027820414428241236,-0.04903485499953619,0.9905660377358577
2007-12-17,1,0.0016354016354016565,-0.0474796450461924,0.9921860110539443
2007-12-18,1,0.002497118709181567,-0.04510108864696094,0.9946636173051354
2007-12-19,1,0.0016286644951140072,-0.04354587869361726,0.9962835906232219
2007-12-20,1,0.001817312290769868,-0.041807702863409735,0.9980941490375538
2007-12-21,1,-0.005155623448539148,-0.04674778153873671,0.992948351438926
2007-12-24,1,-0.0016314779270633073,-0.048302991492080394,0.9913283781208395
2007-12-26,1,-0.0027876574065174298,-0.050955996706608,0.98856489422528
2007-12-27,1,0.0028918449971082616,-0.04821150855364842,0.9914236706689623
2007-12-28,1,0.0040369088811993414,-0.04436922513950525,0.9954259576901171
2007-12-31,1,0.0012444955006702951,-0.04317994693988936,0.9966647608157129
2008-01-02,1,0.005832297542786025,-0.03759948769553845,1.0024776062511997
2008-01-03,1,0.00028517110266168544,-0.03732503888024241,1.0027634838955681
2008-01-04,1,0.0028508980328803,-0.034580550727282944,1.0056222603392502
2008-01-07,1,9.475978394779538e-05,-0.03448906778885097,1.005717552887373
2008-01-08,1,0.0002842524161454918,-0.034214618973555044,1.0060034305317411
2008-01-09,1,0.002178649237472907,-0.03211051138961929,1.0081951591385643
2008-01-10,1,-0.002741020793950777,-0.03476351660414656,1.005431675243005
2008-01-11,1,0.0033172211164818055,-0.03156161375902722,1.0087669144273008
2008-01-14,1,0.00037785754770447433,-0.03119568200529932,1.0091480846197918
2008-01-15,1,0.0025495750708215414,-0.028725642667635776,1.0117209834191057
2008-01-16,1,0.0002825656965244061,-0.02845119385233985,1.0120068610634738
2008-01-17,1,0.0026365348399246535,-0.025889671576244333,1.0146750524109105
2008-01-18,1,0.0010330578512396382,-0.02488335925349261,1.0157232704402606
2008-01-22,1,0.00769302936485583,-0.017381758302070227,1.0235372593863248
2008-01-23,1,0.002234428824131829,-0.015186167779702608,1.0258242805412705
2008-01-24,1,-0.00836042731072928,-0.023419632238581012,1.0172479512102242
2008-01-25,1,0.0017798594847775462,-0.02168145640837338,1.0190585096245561
2008-01-28,1,-9.35103796521064e-05,-0.021772939346805464,1.0189632170764333
2008-01-29,1,-0.002805573739829925,-0.024517427499765043,1.016104440632751
2008-01-30,1,-0.0021569914658162714,-0.026621535083700687,1.0139127120259281
2008-01-31,1,0.0038533834586464977,-0.022870734607989496,1.0178197064989603
2008-02-01,1,0.0019661080423181154,-0.02094959290091769,1.0198208500095378
2008-02-04,1,-0.0007475238273220164,-0.0216814564083736,1.019058509624556
2008-02-05,1,0.0030858425285207325,-0.018662519440118097,1.0222031637126063
2008-02-06,1,-0.00046611354525960547,-0.019119934132278082,1.0217267009719926
2008-02-07,1,-0.003357582540570836,-0.02241331991582951,1.018296169239574
2008-02-08,1,0.0027138311809844495,-0.019760314701301906,1.0210596531351335
2008-02-11,1,0.0010265982267849694,-0.01875400237854996,1.0221078711644838
2008-02-12,1,-0.002144322207719651,-0.020858109962485716,1.0199161425576606
2008-02-13,1,0.0006540222367559245,-0.020217729393461892,1.0205831903945197
2008-02-14,1,-0.002894491129785126,-0.023053700484853334,1.0176291214027149
2008-02-15,1,0.0005618503605204772,-0.022504802854261485,1.0182008766914512
2008-02-19,1,-0.004117922321010714,-0.026530052145268823,1.0140080045740507
2008-02-20,1,-0.002537355511699979,-0.029000091482932366,1.0114351057747368
2008-02-21,1,0.005652911249293346,-0.02351111517701332,1.0171526586621011
2008-02-22,1,-0.00028105677346823565,-0.023785563992309244,1.016866781017733
2008-02-25,1,-0.004591884546902736,-0.028268227975476234,1.012197446159719
2008-02-26,1,0.001977028808134218,-0.02634708626840454,1.0141985896702965
2008-02-27,1,0.0006577092924926475,-0.025706705699380716,1.0148656375071556
2008-02-28,1,0.004976525821596356,-0.020858109962485494,1.0199161425576608
2008-02-29,1,0.008595720825936626,-0.01244167962674303,1.0286830569849528
2008-03-03,1,0.00037054191755436783,-0.01207574787301502,1.0290642271774437
2008-03-04,1,-0.0009260116677469732,-0.012990577257334768,1.0281113016962165
2008-03-05,1,-0.003058670868477109,-0.01600951422559005,1.0249666476081662
2008-03-06,1,0.002882112309408713,-0.013173543134198606,1.027920716599971
2008-03-07,1,0.0030592379716325446,-0.010154606165943103,1.0310653706880215
2008-03-10,1,0.0027726432532346745,-0.007410118012983746,1.0339241471317036
2008-03-11,1,-0.007834101382488412,-0.015186167779702164,1.025824280541271
2008-03-12,1,0.004273107292150469,-0.010977952611830988,1.0302077377549168
2008-03-13,1,-0.0005549902876700319,-0.011526850242423059,1.0296359824661803
2008-03-14,1,0.006200832947709456,-0.005397493367480188,1.0360205831904037
2008-03-17,1,0.003955114054451814,-0.0014637270149049364,1.0401181627596814
2008-03-18,1,-0.00659642693540996,-0.008050498582007792,1.0332570992948442
2008-03-19,1,0.0034123397583694093,-0.0046656298600245005,1.0367829235753854
2008-03-20,1,-9.191176470579876e-05,-0.004757112798456364,1.0366876310272628
2008-03-24,1,-0.008548579832705294,-0.013265026072630914,1.027825424051848
2008-03-25,1,0.00037085110328205495,-0.012899094318902904,1.028206594244339
2008-03-26,1,0.000926784059314123,-0.011984264934583266,1.0291595197255663
2008-03-27,1,-0.0009259259259258856,-0.012899094318902904,1.028206594244339
2008-03-28,1,0.0017608897126968337,-0.01116091848869527,1.030017152658671
2008-03-31,1,-0.0012027014524933488,-0.012350196688311166,1.0287783495330753
2008-04-01,1,-0.005650240829937037,-0.017930655932662187,1.0229655040975882
2008-04-02,1,-0.002515137401024603,-0.02040069527032573,1.0203926052982744
2008-04-03,1,-0.0009338812103100169,-0.02131552465464548,1.019439679817047
2008-04-04,1,0.003739016638623971,-0.01765620711736615,1.0232513817419566
2008-04-07,1,-0.003538834047308592,-0.02113255877778142,1.0196302649132927
2008-04-08,1,0.00037383177570093906,-0.020766627024053408,1.0200114351057836
2008-04-09,1,0.004297458893871342,-0.016558411856182342,1.0243948923194295
2008-04-10,1,-0.0026976744186046897,-0.019211417070709946,1.02163140842387
2008-04-11,1,0.0022385971457887788,-0.017015826548342106,1.023918429578816
2008-04-14,1,-0.0007445323406235493,-0.017747690055797904,1.023156089193834
2008-04-15,1,-0.0016764459346186866,-0.019394382947573785,1.0214408233276246
2008-04-16,1,-0.005877413937867337,-0.025157808068788645,1.0154373927958922
2008-04-17,1,-0.002721471471471504,-0.02781081328331625,1.0126739089003327
2008-04-18,1,-0.0015996988802108314,-0.029366023236660044,1.011053935582246
2008-04-21,1,0.0007540056550425778,-0.028634159729203912,1.0118162759672282
2008-04-22,1,-0.0009417969485779887,-0.029548989113523882,1.0108633504860007
2008-04-23,1,-0.0002828054298642524,-0.029823437928819807,1.0105774728416326
2008-04-24,1,-0.0047147571900046925,-0.03439758485041888,1.0058128454354958
2008-04-25,1,-0.0015158692562765586,-0.03586131186533059,1.004288164665532
2008-04-28,1,0.001423284941645342,-0.03448906778885097,1.005717552887373
2008-04-29,1,0.0006632556376728882,-0.033848687219827145,1.006384600724232
2008-04-30,1,0.0009468800303000791,-0.032933857835507396,1.0073375262054594
2008-05-01,1,-0.0009459842966605958,-0.033848687219827145,1.006384600724232
2008-05-02,1,-0.003598144115140589,-0.03732503888024241,1.0027634838955681
2008-05-05,1,0.0004751496721466797,-0.036867624188082426,1.0032399466361819
2008-05-06,1,-0.0006648936170213782,-0.03750800475710647,1.0025728987993225
2008-05-07,1,0.0014257199885943095,-0.036135760680626516,1.0040022870211638
2008-05-08,1,0.0029422930903568734,-0.033299789589235074,1.0069563560129686
2008-05-09,1,0.0010409766253429709,-0.03229347726648335,1.0080045740423187
2008-05-12,1,-0.0009453582907921199,-0.0332083066508031,1.0070516485610914
2008-05-13,1,-0.006150643451930393,-0.03915469764888202,1.0008576329331134
2008-05-14,1,-0.0019042178425212608,-0.04098435641752185,0.9989517819706585
2008-05-15,1,0.00343413145092053,-0.03769097063397053,1.002382313703077
2008-05-16,1,-0.0002851982127578534,-0.03796541944926646,1.0020964360587088
2008-05-19,1,0.0008558387219474994,-0.03714207300337846,1.0029540689918135
2008-05-20,1,0.0027553444180523634,-0.03448906778885097,1.005717552887373
2008-05-21,1,-0.002653022550691664,-0.03705059006494649,1.0030493615399363
2008-05-22,1,-0.004370131103933139,-0.041258805232817775,0.9986659043262903
2008-05-23,1,0.0033396946564885344,-0.03805690238769821,1.0020011435105862
2008-05-27,1,-0.0032334759866857743,-0.0411673222943858,0.998761196874413
2008-05-28,1,-0.003625608243488121,-0.044643673954801066,0.995140080045749
2008-05-29,1,-0.0022024322512688155,-0.04674778153873671,0.992948351438926
2008-05-30,1,0.0007677543186179747,-0.04601591803128102,0.9937106918239078
2008-06-02,1,0.005657844265439138,-0.04061842466379406,0.9993329521631492
2008-06-03,1,0.0032421092781538263,-0.037508004757106694,1.0025728987993223
2008-06-04,1,-0.0009504799923960583,-0.03842283414142644,1.001619973318095
2008-06-05,1,-0.0029492912187232267,-0.041258805232817886,0.9986659043262902
2008-06-06,1,0.0034351145038167274,-0.03796541944926646,1.0020964360587088
2008-06-09,1,-0.006276150627614996,-0.04400329338577724,0.9958071278826082
2008-06-10,1,-0.0053588516746411186,-0.04912633793796828,0.9904707451877349
2008-06-11,1,0.0020203963825284887,-0.04720519623089647,0.9924718886983125
2008-06-12,1,-0.006144983197311604,-0.05306010429054353,0.9863731656184572
2008-06-13,1,-0.002125398512221044,-0.05507272893604709,0.984276729559757
2008-06-16,1,0.0004840739665019633,-0.054615314243887325,0.9847531923003705
2008-06-17,1,0.00183859105864137,-0.05287713841367969,0.9865637507147025
2008-06-18,1,0.003090891529025308,-0.049949684383856385,0.98961311225463
2008-06-19,1,-0.00288878189696673,-0.05269417253681574,0.986754335810948
2008-06-20,1,0.003283437952679824,-0.049583752630128375,0.989994282447121
2008-06-23,1,-0.0019251131003946709,-0.051413411398768094,0.9880884314846662
2008-06-24,1,0.0029896807792457736,-0.04857744030737665,0.991042500476471
2008-06-25,1,0.0,-0.04857744030737665,0.991042500476471
2008-06-26,1,0.004615384615384688,-0.044186259262641414,0.9956165427863625
2008-06-27,1,0.0012442572741193647,-0.04299698106302574,0.996855345911958
2008-06-30,1,-0.001051524710830698,-0.044003293385777464,0.995807127882608
2008-07-01,1,-0.0003827751196172624,-0.044369225139505364,0.995425957690117
2008-07-02,1,0.0015316867700556624,-0.042905498124593544,0.9969506384600809
2008-07-03,1,0.0005735041101129212,-0.042356600494001584,0.9975223937488175
2008-07-07,1,0.0021016431027893745,-0.040343975848498026,0.9996188298075176
2008-07-08,1,0.0013346043851287792,-0.03906321471045027,1.000952925481236
2008-07-09,1,0.0018088347296267848,-0.037325038880242634,1.002763483895568
2008-07-10,1,0.0005701796065760156,-0.036776141249650784,1.0033352391843042
2008-07-11,1,-0.006363377338778675,-0.042905498124593766,0.9969506384600807
2008-07-14,1,0.0031542726056204007,-0.039886561156338374,1.000095292548131
2008-07-15,1,0.0022868032396379245,-0.037690970633970755,1.0023823137030767
2008-07-16,1,-0.0023766517729821857,-0.03997804409477013,1.0000000000000084
2008-07-17,1,-0.004859919954259495,-0.04464367395480118,0.9951400800457489
2008-07-18,1,-0.0019151584793641874,-0.0464733327234409,0.9932342290832942
2008-07-21,1,0.0,-0.0464733327234409,0.9932342290832942
2008-07-22,1,-0.0016310083469250891,-0.04802854267678469,0.9916142557652076
2008-07-23,1,-0.0024024601191620087,-0.050315616137584174,0.9892319420621392
2008-07-24,1,0.005972449667662083,-0.04464367395480118,0.9951400800457489
2008-07-25,1,-0.0032557694149191185,-0.047754093861488656,0.9919001334095758
2008-07-28,1,0.003938899029685805,-0.04400329338577735,0.9958071278826081
2008-07-29,1,-0.0012440191387559363,-0.04519257158539314,0.9945683247570125
2008-07-30,1,-0.0002874389192296656,-0.04546702040068895,0.9942824471126444
2008-07-31,1,0.0023001725129383477,-0.043271429878321443,0.99656946826759
2008-08-01,1,0.0011474469305794432,-0.042173634617137634,0.9977129788450628
2008-08-04,1,-0.0009551098376313627,-0.043088464001457494,0.9967600533638354
2008-08-05,1,-0.0008604206500955058,-0.04391181044734527,0.9959024204307309
2008-08-06,1,-0.001243900105253215,-0.045101088646961274,0.9946636173051351
2008-08-07,1,0.00507760107300248,-0.04025249291006616,0.9997141223556402
2008-08-08,1,-0.0016204365646744767,-0.041807702863409846,0.9980941490375537
2008-08-11,1,-0.001909490166125516,-0.043637361632049454,0.996188298075099
2008-08-12,1,0.0037306294241439275,-0.04006952703320199,0.9999047074518859
2008-08-13,1,-0.0013342228152101177,-0.04135028817124975,0.9985706117781675
2008-08-14,1,0.0017177211565988504,-0.03970359527947409,1.0002858776443768
2008-08-15,1,0.0014289797084880984,-0.03833135120299436,1.0017152658662178
2008-08-18,1,0.0014269406392692918,-0.03695910712651462,1.0031446540880589
2008-08-19,1,-0.00037997530160527315,-0.03732503888024241,1.0027634838955681
2008-08-20,1,0.0019956286230162767,-0.035403897173170606,1.0047646274061457
2008-08-21,1,-0.001991654021244238,-0.03732503888024219,1.0027634838955684
2008-08-22,1,-0.0020906585574456127,-0.03933766352574575,1.0006670478368682
2008-08-25,1,0.00323778687744003,-0.0362272436190586,1.003906994473041
2008-08-26,1,-0.00028476506881824903,-0.036501692434354416,1.0036211168286728
2008-08-27,1,0.0008545385491833812,-0.03567834598846675,1.0044787497617773
2008-08-28,1,-0.0012332795749928627,-0.03686762418808265,1.0032399466361817
2008-08-29,1,-0.0004749240121579845,-0.03732503888024241,1.0027634838955681
2008-09-02,1,0.004086287180461667,-0.03339127252766738,1.0068610634648456
2008-09-03,1,0.0017035775127769437,-0.0317445796358915,1.008576329331055
2008-09-04,1,0.0018896447467875443,-0.029914920867251893,1.0104821802935098
2008-09-05,1,-0.0015088645794041344,-0.031378647882163824,1.0089574995235457
2008-09-08,1,-0.0012278050623346637,-0.032567926081779386,1.0077186963979503
2008-09-09,1,0.002647754137115932,-0.030006403805683868,1.010386887745387
2008-09-10,1,-0.0014146939545411907,-0.0313786478821636,1.008957499523546
2008-09-11,1,0.0010389119758216214,-0.030372335559411767,1.010005717552896
2008-09-12,1,-0.0031135012737050216,-0.03339127252766716,1.0068610634648458
2008-09-15,1,0.012398258565209153,-0.021407007593077343,1.0193443872689245
2008-09-16,1,-0.0024305880153314696,-0.023785563992309022,1.0168667810177332
2008-09-17,1,0.006184987348889726,-0.017747690055797904,1.023156089193834
2008-09-18,1,-0.0003725435410264488,-0.018113621809525915,1.022774919001343
2008-09-19,1,-0.016398024783378373,-0.03421461897355482,1.0060034305317413
2008-09-22,1,-0.0013261343184615138,-0.03549538011160247,1.0046693348580231
2008-09-23,1,0.0002845489898508635,-0.03522093129630677,1.004955212502391
2008-09-24,1,0.004361843352929995,-0.031012716128435702,1.009338669716037
2008-09-25,1,-0.005003776435045348,-0.035861311865330814,1.0042881646655317
2008-09-26,1,0.0020874845810798792,-0.033848687219827145,1.006384600724232
2008-09-29,1,0.009942240318151718,-0.024242978684468897,1.0163903182771195
2008-09-30,1,-0.011438214888430553,-0.03540389717317083,1.0047646274061455
2008-10-01,1,0.003414264036418757,-0.0321105113896194,1.008195159138564
2008-10-02,1,0.0060491493383743045,-0.026255603329972454,1.0142938822184193
2008-10-03,1,0.0002818489289739823,-0.02598115451467664,1.0145797598627875
2008-10-06,1,0.009674086597163623,-0.016558411856182342,1.0243948923194295
2008-10-07,1,-0.0031627906976744447,-0.0196688317628696,1.0211549456832565
2008-10-08,1,-0.008585293019783502,-0.028085262098612174,1.0123880312559645
2008-10-09,1,-0.004894578313253017,-0.03284237489707531,1.0074328187535821
2008-10-10,1,0.0023647370412409607,-0.03055530143627594,1.0098151324566504
2008-10-13,1,0.0,-0.03055530143627594,1.0098151324566504
2008-10-14,1,-0.007077474757006708,-0.03741652181867461,1.0026681913474451
2008-10-15,1,0.002090857251473066,-0.03540389717317105,1.0047646274061452
2008-10-16,1,0.002181335356600922,-0.03329978958923552,1.0069563560129682
2008-10-17,1,-0.00047317119333767366,-0.03375720428139528,1.0064798932723547
2008-10-20,1,0.0006627532664267299,-0.03311682371237146,1.0071469411092138
2008-10-21,1,0.007001608477623433,-0.02634708626840454,1.0141985896702965
2008-10-22,1,0.0016912524664098871,-0.02470039337662866,1.015913855536506
2008-10-23,1,0.00243879561016791,-0.022321836977397203,1.018391461787697
2008-10-24,1,-0.004304294937774955,-0.0265300521452686,1.014008004574051
2008-10-27,1,-0.0015036180810074073,-0.02799377916018031,1.0124833238040871
2008-10-28,1,-0.0022588235294117576,-0.03018936968254793,1.0101963026491414
2008-10-29,1,-0.0005659843410998899,-0.030738267313139778,1.009624547360405
2008-10-30,1,-0.0014157621519584884,-0.0321105113896194,1.008195159138564
2008-10-31,1,-0.0012287334593572563,-0.033299789589235296,1.0069563560129684
2008-11-03,1,0.004258540740039729,-0.029183057359796205,1.0112445206784915
2008-11-04,1,0.004428948360346796,-0.024883359253492943,1.0157232704402601
2008-11-05,1,0.0017825311942958333,-0.02314518342328531,1.017533828854592
2008-11-06,1,0.00018730099269514966,-0.02296221754642147,1.0177244139508375
2008-11-07,1,-0.002434456928838813,-0.025340773945652928,1.0152468076996464
2008-11-10,1,0.0014079219072646865,-0.023968529869173527,1.0166761959214872
2008-11-11,1,0.0,-0.023968529869173527,1.0166761959214872
2008-11-12,1,0.004780204330302684,-0.019302900009142365,1.0215361158757468
2008-11-13,1,-0.0017723880597014796,-0.02104107583935,1.0197255574614148
2008-11-14,1,0.001682085786375076,-0.01939438294757434,1.021440823327624
2008-11-17,1,0.0018658456945610524,-0.017564724178934732,1.0233466742900788
2008-11-18,1,0.004376571375360738,-0.01326502607263158,1.0278254240518474
2008-11-19,1,0.003523085481179189,-0.009788674412216203,1.0314465408805114
2008-11-20,1,0.006559497413155979,-0.0032933857835454328,1.0382123117972257
2008-11-21,1,-0.002386415787058338,-0.005671942182777112,1.0357347055460344
2008-11-24,1,-0.006532339681663335,-0.012167230811447771,1.0289689346293203
2008-11-25,1,0.0072235599185035415,-0.005031561613752844,1.036401753382894
2008-11-26,1,0.0023905847738137087,-0.0026530052145216088,1.0388793596340848
2008-11-28,1,0.0020179783525957617,-0.0006403805690180508,1.040975795692785
2008-12-01,1,0.009337239106554485,0.0,1.0506956356013044
2008-12-02,1,0.0008162524941046634,0.0,1.051553268534409
2008-12-03,1,0.001178069777979296,0.0,1.0527920716600045
2008-12-04,1,0.003077480086893347,0.0,1.0560320182961773
2008-12-05,1,-0.004872766648619353,-0.004872766648619353,1.0508862206975496
2008-12-08,1,-0.00244831338411311,-0.007309149972928974,1.0483133218982357
2008-12-09,1,0.003272429779110908,-0.004060638873849554,1.051743853630654
2008-12-10,1,-0.0003624173235481365,-0.004421584551525082,1.051362683438163
2008-12-11,1,0.0028097525605004225,-0.0016242555495397104,1.0543167524299681
2008-12-12,1,0.0011749819233550785,-0.0004511820970942715,1.0555555555555638
2008-12-15,1,0.001805543017062483,0.0,1.0574614065180186
2008-12-16,1,0.005767324502117699,0.0,1.0635601295978738
2008-12-17,1,0.0013439655944809115,0.0,1.064989517819715
2008-12-18,1,0.0027738010021474135,0.0,1.06794358681152
2008-12-19,1,-0.0028553582582313553,-0.0028553582582312442,1.0648942252715925
2008-12-22,1,-0.001521252796420569,-0.004372267332916846,1.0632742519535059
2008-12-23,1,-0.0007169743681663121,-0.005086106897474685,1.062511911568524
2008-12-24,1,-0.0014349775784753271,-0.0065137860265904735,1.0609872307985602
2008-12-26,1,0.001616669660499337,-0.004907647006335281,1.0627024966647693
2008-12-29,1,0.001883070301291312,-0.0030338181493708705,1.064703640175347
2008-12-30,1,0.0,-0.0030338181493708705,1.064703640175347
2008-12-31,1,-0.009397655061308519,-0.01240296243419281,1.0546979226224595
2009-01-02,1,-0.006685941452837074,-0.019005978406353208,1.0476462740613768
2009-01-05,1,0.0001819174094961351,-0.01882751851521358,1.0478368591576224
2009-01-06,1,-0.0004547108039286707,-0.019273668243062314,1.0473603964170086
2009-01-07,1,0.00081885178782648,-0.018470598732934662,1.0482180293501133
2009-01-08,1,0.001636363636363658,-0.01686445971267936,1.0499332952163227
2009-01-09,1,0.0017244508985296836,-0.015169090746854463,1.0517438536306547
2009-01-12,1,0.002899338588384426,-0.012313732488623219,1.054793215170582
2009-01-13,1,-9.034239768712649e-05,-0.01240296243419281,1.0546979226224595
2009-01-14,1,0.0022587640043367774,-0.010172213794949592,1.0570802363255278
2009-01-15,1,-0.0003605877580457051,-0.010529133577228511,1.0566990661330369
2009-01-16,1,-0.0032464604563080535,-0.013741411617738897,1.0532685344006183
2009-01-20,1,-0.0006333122229259525,-0.014366021236727033,1.0526014865637592
2009-01-21,1,-0.00588448307079481,-0.020165967698759557,1.0464074709357813
2009-01-22,1,-0.0012749294235497866,-0.02141518693673594,1.045073375262063
2009-01-23,1,-0.0015501048600347067,-0.022932096011421543,1.0434534019439763
2009-01-26,1,-0.0011872146118721005,-0.024092085303827893,1.0422145988183809
2009-01-27,1,0.003291579043613435,-0.020879807263317507,1.0456451305507994
2009-01-28,1,-0.004374373462134318,-0.02516284465066465,1.041071088240908
2009-01-29,1,-0.004668192219679734,-0.029713571874721234,1.0362111682866482
2009-01-30,1,-0.0007356998344675292,-0.030427411439279184,1.0354488279016663
2009-02-02,1,0.003589177250137965,-0.02694744356205958,1.039165237278453
2009-02-03,1,-0.004218248509857858,-0.03105202105826721,1.0347817800648071
2009-02-04,1,-0.002394327286122211,-0.03337199964308046,1.0323041738136158
2009-02-05,1,0.0008307947936860849,-0.03256893013295281,1.0331618067467205
2009-02-06,1,-0.0024903154399557037,-0.034978138663335545,1.0305889079474067
2009-02-09,1,-0.0018492834026815341,-0.03676273757473025,1.0286830569849519
2009-02-10,1,0.0067623899953681565,-0.03024895154813978,1.0356394129979116
2009-02-11,1,0.00156422524843558,-0.02873204247345451,1.037259386315998
2009-02-12,1,0.0019292604501608412,-0.02685821361648999,1.0392605298265756
2009-02-13,1,-0.00550155877498637,-0.032212010350674,1.0335429769392113
2009-02-17,1,0.006730591923289619,-0.02569822432408364,1.040499332952171
2009-02-18,1,-0.003480172176939189,-0.02908896225573343,1.036878216123507
2009-02-19,1,-0.0037680360261005408,-0.03274739002409255,1.0329712216504747
2009-02-20,1,0.0026752767527673527,-0.03015972160257041,1.035734705546034
2009-02-23,1,-0.0008280430582390252,-0.030962791112698063,1.0348770726129293
2009-02-24,1,-0.0013812154696132284,-0.03230124029624404,1.0334476843910883
2009-02-25,1,-0.005071461502996755,-0.03720888730257932,1.0282065942443377
2009-02-26,1,-0.0006487488415199971,-0.03783349692156768,1.0275395464074784
2009-02-27,1,0.000185477139942547,-0.03765503703042805,1.027730131503724
2009-03-02,1,0.004543347241539264,-0.033282769697511094,1.0323994663617382
2009-03-03,1,-0.0014768321949417684,-0.03471044882662677,1.0308747855917744
2009-03-04,1,-0.002865594379737546,-0.037476577139288536,1.0279207165999695
2009-03-05,1,0.005840363400389403,-0.031855090568395306,1.033924147131702
2009-03-06,1,-0.001290322580645209,-0.03310430980637169,1.0325900514579835
2009-03-09,1,-0.0019379844961239234,-0.03497813866333599,1.0305889079474062
2009-03-10,1,-0.003328710124826606,-0.038190416703846375,1.0271583762149876
2009-03-11,1,0.0016699137211242387,-0.03658427768359129,1.0288736420811968
2009-03-12,1,0.0012040381587477,-0.03542428839118483,1.0301124452067922
2009-03-13,1,0.0011100832562442875,-0.034353529044348075,1.031255955784265
2009-03-16,1,-0.0019404915912030196,-0.036227357901312374,1.0292548122736878
2009-03-17,1,-0.0020368484399592157,-0.038190416703846375,1.0271583762149876
2009-03-18,1,0.016606364226737114,-0.02221825644686426,1.0442157423289575
2009-03-19,1,-0.002737725862383633,-0.02489515481395621,1.0413569658852755
2009-03-20,1,-0.00036603221083464366,-0.02525207459623513,1.0409757956927845
2009-03-23,1,-0.0011900402782862862,-0.02641206388864148,1.039736992567189
2009-03-24,1,-0.00018330125561361044,-0.026590523779781106,1.0395464074709435
2009-03-25,1,-0.0037583646530386927,-0.030248951548140002,1.0356394129979114
2009-03-26,1,0.002024291497975783,-0.02828589274560578,1.0377358490566118
2009-03-27,1,-0.0008264462809918216,-0.02908896225573343,1.036878216123507
2009-03-30,1,0.00202187298961487,-0.027125903453199318,1.0389746521822072
2009-03-31,1,-0.004769329542327783,-0.03176586062282549,1.0340194396798248
2009-04-01,1,0.0007372592387797638,-0.031052021058267654,1.0347817800648067
2009-04-02,1,-0.0036835804401879058,-0.03462121888105707,1.0309700781398972
2009-04-03,1,-0.005730659025787954,-0.040153475506380376,1.0250619401562875
2009-04-06,1,-0.0008366644975363879,-0.04095654501650792,1.024204307223183
2009-04-07,1,0.0011164867882396123,-0.03988578566967105,1.0253478178006559
2009-04-08,1,0.0015799256505575343,-0.03836887659498578,1.0269677911187423
2009-04-09,1,-0.0022269648325136115,-0.04051039528865941,1.0246807699637965
2009-04-13,1,0.0034409002138937606,-0.03720888730257932,1.0282065942443377
2009-04-14,1,0.002131603336422483,-0.035156598554475504,1.0303983228511606
2009-04-15,1,0.0007398501803383972,-0.034442758989917666,1.0311606632361425
2009-04-16,1,-0.0026799741243876962,-0.037030427411439804,1.0283971793405833
2009-04-17,1,-0.003891771682727918,-0.04077808512536851,1.0243948923194284
2009-04-20,1,0.0030697674418604937,-0.03783349692156723,1.0275395464074788
2009-04-21,1,-0.0021329871093388464,-0.03988578566967105,1.0253478178006559
2009-04-22,1,-0.0020446096654275214,-0.04184884447220516,1.0232513817419557
2009-04-23,1,0.0010243993294840603,-0.040867315070938104,1.0242995997713058
2009-04-24,1,-0.0022327658386825933,-0.04300883376461173,1.02201257861636
2009-04-27,1,0.003170163170163276,-0.03997501561524064,1.0252525252525333
2009-04-28,1,-0.0028813086718096903,-0.04274114392790229,1.0222984562607285
2009-04-29,1,-0.0024235645041014164,-0.045061122512715324,1.0198208500095374
2009-04-30,1,-0.002055690525135434,-0.047024181315249325,1.0177244139508372
2009-05-01,1,-0.000936329588014928,-0.04791648077094657,1.01677148846961
2009-05-04,1,0.0,-0.04791648077094657,1.01677148846961
2009-05-05,1,-0.0002811621368322692,-0.048184170607655785,1.0164856108252418
2009-05-06,1,0.00018749414080798665,-0.04800571071651638,1.0166761959214872
2009-05-07,1,-0.0036554503702315166,-0.051485678593735984,1.0129597865447004
2009-05-08,1,0.0,-0.051485678593735984,1.0129597865447004
2009-05-11,1,0.0042333019755409484,-0.047470331043097835,1.0172479512102237
2009-05-12,1,0.0002810304449649692,-0.04720264120638851,1.017533828854592
2009-05-13,1,0.0020603109196477565,-0.045239582403854506,1.0196302649132922
2009-05-14,1,0.0,-0.045239582403854506,1.0196302649132922
2009-05-15,1,-0.0005607476635514086,-0.04577496207727294,1.0190585096245557
2009-05-18,1,-0.0033663736674770517,-0.04898724011778344,1.015627977892137
2009-05-19,1,-0.0007506098705197806,-0.049701079682341276,1.0148656375071552
2009-05-20,1,0.001971830985915357,-0.04782725082537698,1.0168667810177325
2009-05-21,1,-0.0038421891106737993,-0.051485678593736206,1.0129597865447002
2009-05-22,1,-0.0027281279397929348,-0.054073347015258344,1.010196302649141
2009-05-26,1,-0.0018866144703330034,-0.05585794592665294,1.0082904516866862
2009-05-27,1,-0.005008978357433191,-0.06058713304184893,1.003239946636181
2009-05-28,1,-0.00037993920972645423,-0.06094405282412785,1.00285877644369
2009-05-29,1,0.005511212466742688,-0.05576871598108346,1.0083857442348088
2009-06-01,1,-0.009544509544509472,-0.06478094048362637,0.9987611968744123
2009-06-02,1,0.001431161148745197,-0.0634424913000804,1.0001905850962534
2009-06-03,1,0.002858231707317138,-0.06076559293298833,1.0030493615399356
2009-06-04,1,-0.004750142504275079,-0.06522709021147488,0.9982847341337988
2009-06-05,1,-0.009641084383352427,-0.07423931471401801,0.9886601867734023
2009-06-08,1,-0.002409638554216831,-0.07647006335326134,0.9862778730703339
2009-06-09,1,0.002512077294686055,-0.0741500847684482,0.9887554793215251
2009-06-10,1,-0.0024094063222821482,-0.07638083340769153,0.9863731656184567
2009-06-11,1,0.0025118346053520924,-0.0740608548228785,0.9888507718696478
2009-06-12,1,0.0021200732388937382,-0.07209779602034438,0.990947207928348
2009-06-15,1,0.002404077315126374,-0.06986704738110106,0.9933295216314164
2009-06-16,1,0.001151189562548005,-0.0687962880342643,0.9944730322088893
2009-06-17,1,0.0009582215408201478,-0.06790398857856705,0.9954259576901165
2009-06-18,1,-0.006318207926478969,-0.07379316498616939,0.9891366495140159
2009-06-19,1,0.001348747591522148,-0.07254394574819312,0.9904707451877343
2009-06-22,1,0.003655955358860874,-0.06915320781654322,0.9940918620163983
2009-06-23,1,0.0010544478527607648,-0.06817167841527605,0.9951400800457485
2009-06-24,1,-0.0013406109355549312,-0.06942089765325232,0.9938059843720302
2009-06-25,1,0.004890209991370131,-0.06487017042919607,0.9986659043262897
2009-06-26,1,0.0014312977099237845,-0.06353172124564999,1.0000952925481308
2009-06-29,1,9.528346831810808e-05,-0.0634424913000804,1.0001905850962534
2009-06-30,1,-0.0051448170731706044,-0.06826090836084586,0.9950447874976257
2009-07-01,1,0.0006703696609844378,-0.06763629874185773,0.9957118353344848
2009-07-02,1,0.0026796822662455977,-0.06513786026590518,0.9983800266819215
2009-07-06,1,0.0005726830199483945,-0.06460248059248697,0.9989517819706578
2009-07-07,1,0.0011447104836401767,-0.06353172124565021,1.0000952925481306
2009-07-08,1,0.005335874225821824,-0.058534844293745114,1.005431675243004
2009-07-09,1,-0.0037911098474079363,-0.06210404211653453,1.0016199733180944
2009-07-10,1,0.003805537056417174,-0.058534844293745114,1.005431675243004
2009-07-13,1,-0.001516443938963219,-0.0599625234228609,1.00390699447304
2009-07-14,1,-0.0030374940673942863,-0.06281788168109215,1.0008576329331127
2009-07-15,1,-0.0055222317433114565,-0.06799321852413676,0.9953306651419939
2009-07-16,1,0.001819052178075653,-0.06629784955831175,0.997141223556326
2009-07-17,1,-0.002771406727828829,-0.06888551797983411,0.9943777396607665
2009-07-20,1,0.0026832774317202546,-0.06638707950388145,0.9970459310082033
2009-07-21,1,0.0035362706680683864,-0.06308557151780125,1.0005717552887445
2009-07-22,1,-0.002571428571428558,-0.0654947800481841,0.9979988564894307
2009-07-23,1,-0.005824501098061652,-0.07093780672793781,0.9921860110539437
2009-07-24,1,0.0012485593545907836,-0.06977781743553124,0.9934248141795392
2009-07-27,1,-0.001151079136690658,-0.07084857678236811,0.9922813036020663
2009-07-28,1,-0.0005762028233938787,-0.07138395645578655,0.9917095483133299
2009-07-29,1,-0.000864802536754028,-0.07218702596591409,0.9908519153802253
2009-07-30,1,0.00038468936333901915,-0.07183010618363528,0.9912330855727162
2009-07-31,1,0.0034608729090559454,-0.06861782814312478,0.9946636173051348
2009-08-03,1,-0.004885993485341911,-0.07316855536718103,0.9898036973508753
2009-08-04,1,-0.0009627418888996653,-0.0740608548228785,0.9888507718696478
2009-08-05,1,-0.002312807169702169,-0.07620237351655201,0.9865637507147021
2009-08-06,1,0.000869313242538361,-0.07539930400642447,0.9874213836478067
2009-08-07,1,-0.004053271569195105,-0.07914696172035318,0.9834190966266518
2009-08-10,1,0.0031976744186046346,-0.07620237351655201,0.9865637507147021
2009-08-11,1,0.0019318072056409008,-0.0744177746051573,0.9884696016771569
2009-08-12,1,0.0006748288826761151,-0.07379316498616928,0.989136649514016
2009-08-13,1,0.0036608863198459574,-0.07040242705451927,0.9927577663426802
2009-08-14,1,0.001631791130735083,-0.068885517979834,0.9943777396607666
2009-08-17,1,0.002395783421178743,-0.06665476934059067,0.996760053363835
2009-08-18,1,-0.001529636711281035,-0.06808244846970635,0.9952353725938712
2009-08-19,1,0.0021064726158559477,-0.06611938966717235,0.9973318086525713
2009-08-20,1,0.0003821899484044433,-0.06576246988489332,0.9977129788450624
2009-08-21,1,-0.0047755491881565915,-0.07022396716337986,0.9929483514389256
2009-08-24,1,0.002399232245681393,-0.06799321852413664,0.995330665141994
2009-08-25,1,0.00105313547151753,-0.06701168912286948,0.9963788831713442
2009-08-26,1,0.00038255547054322214,-0.06665476934059056,0.9967600533638351
2009-08-27,1,-0.00038240917782017547,-0.06701168912286937,0.9963788831713443
2009-08-28,1,0.0005738332058149442,-0.06647630944945082,0.9969506384600808
2009-08-31,1,0.0019116803670424787,-0.06469171053805645,0.9988564894225354
2009-09-01,1,0.0018126311772563852,-0.06299634157223133,1.0006670478368676
2009-09-02,1,0.0023807256451766623,-0.06076559293298789,1.003049361539936
2009-09-03,1,-0.0009500285008551268,-0.061657892388685354,1.0020964360587086
2009-09-04,1,-0.003328261696462498,-0.06478094048362593,0.9987611968744128
2009-09-08,1,-0.000572464459498212,-0.06531632015704447,0.9981894415856762
2009-09-09,1,-9.546539379479135e-05,-0.06540555010261428,0.9980941490375534
2009-09-10,1,0.004105403857170176,-0.06156866244311576,1.0021917286068311
2009-09-11,1,-0.0002852524484168173,-0.06183635227982487,1.001905850962463
2009-09-14,1,-0.0020924481643522785,-0.06379941108235909,0.9998094149037627
2009-09-15,1,-0.0015249714067860909,-0.06522709021147477,0.9982847341337989
2009-09-16,1,-0.001431844215349476,-0.06656553939502086,0.9968553459119578
2009-09-17,1,0.0022942357327215834,-0.06442402070134723,0.9991423670669035
2009-09-18,1,-0.003051979017644202,-0.06727937895957858,0.996093005526976
2009-09-21,1,-9.566631589019714e-05,-0.0673686089051484,0.9959977129788532
2009-09-22,1,0.0012437810945273853,-0.06620861961274183,0.9972365161044489
2009-09-23,1,0.0018155757286191232,-0.06451325064691693,0.9990470745187808
2009-09-24,1,0.0012399847386492802,-0.06335326135451047,1.0002858776443764
2009-09-25,1,0.0003810612555970039,-0.06299634157223133,1.0006670478368676
2009-09-28,1,0.0009522902580705317,-0.062104042116534086,1.0016199733180948
2009-09-29,1,-9.513842641051262e-05,-0.0621932720621039,1.001524680769972
2009-09-30,1,-0.0019029495718362321,-0.06397787097349839,0.9996188298075174
2009-10-01,1,0.004289799809342076,-0.05996252342286068,1.0039069944730403
2009-10-02,1,-0.0007593735168486271,-0.06067636298741852,1.0031446540880584
2009-10-05,1,-0.0001899876508026921,-0.060854822878557924,1.002954068991813
2009-10-06,1,-0.0008551068883611013,-0.061657892388685576,1.0020964360587084
2009-10-07,1,0.002852795739824998,-0.058980994021593625,1.0049552125023904
2009-10-08,1,-0.002560212402806683,-0.06139020255197636,1.0023823137030765
2009-10-09,1,-0.004658237475045124,-0.06576246988489332,0.9977129788450624
2009-10-12,1,0.0,-0.06576246988489332,0.9977129788450624
2009-10-13,1,0.003151862464183308,-0.06281788168109215,1.0008576329331127
2009-10-14,1,-0.00333238122441204,-0.06594092977603283,0.9975223937488169
2009-10-15,1,-0.001815055406954591,-0.06763629874185773,0.9957118353344848
2009-10-16,1,0.0013398411331226878,-0.06638707950388156,0.997045931008203
2009-10-19,1,0.0003822995316831168,-0.06603015972160264,0.997427101200694
2009-10-20,1,0.0021973822489729233,-0.06397787097349883,0.9996188298075169
2009-10-21,1,-0.0029551954242135192,-0.0667439992861606,0.9966647608157121
2009-10-22,1,-9.561143512770709e-05,-0.0668332292317303,0.9965694682675893
2009-10-23,1,-0.0022948938611588865,-0.06897474792540381,0.9942824471126437
2009-10-26,1,-0.0025876940770558354,-0.07138395645578677,0.9917095483133297
2009-10-27,1,0.0041318343422696024,-0.06754706879628825,0.9958071278826074
2009-10-28,1,0.00191387559808609,-0.06576246988489354,0.9977129788450622
2009-10-29,1,-0.0029608404966571245,-0.06852859819755519,0.9947589098532573
2009-10-30,1,0.004214963119072657,-0.06460248059248708,0.9989517819706577
2009-11-02,1,-0.0010493179433368471,-0.06558400999375413,0.9979035639413075
2009-11-03,1,-0.0012414056531703244,-0.0667439992861606,0.996664760815712
2009-11-04,1,-0.0014341715269147182,-0.06808244846970668,0.9952353725938708
2009-11-05,1,0.001244733818460242,-0.06692245917730033,0.9964741757194663
2009-11-06,1,0.0013388161040450708,-0.06567323993932417,0.9978082713931845
2009-11-09,1,0.0002865055868590538,-0.06540555010261495,0.9980941490375528
2009-11-10,1,0.00019094901661276253,-0.06522709021147521,0.9982847341337985
2009-11-11,1,0.0,-0.06522709021147521,0.9982847341337985
2009-11-12,1,0.001431844215349365,-0.06388864102792924,0.9997141223556395
2009-11-13,1,9.531979792209988e-05,-0.06379941108235943,0.9998094149037623
2009-11-16,1,0.0032405642394206513,-0.060765592932988555,1.0030493615399354
2009-11-17,1,0.0003800114003418287,-0.060408673150709746,1.0034305317324261
2009-11-18,1,-0.001044634377967757,-0.0613902025519768,1.002382313703076
2009-11-19,1,0.0011407928510314136,-0.060319443205140044,1.003525824280549
2009-11-20,1,-0.00047478871901995845,-0.060765592932988555,1.0030493615399354
2009-11-23,1,-0.00028500855025648253,-0.06103328276969766,1.0027634838955672
2009-11-24,1,0.0021856884918749486,-0.05898099402159385,1.0049552125023902
2009-11-25,1,0.0011378721790251678,-0.05791023467475698,1.006098723079863
2009-11-27,1,0.0027467323356697992,-0.05532256625323473,1.0088622069754225
2009-11-30,1,-0.002644752998961053,-0.057821004729187275,1.0061940156279858
2009-12-01,1,-0.0016100009470594312,-0.059337913803872766,1.0045740423098992
2009-12-02,1,-0.002181749193701399,-0.06139020255197658,1.0023823137030763
2009-12-03,1,-0.001616123205627873,-0.06290711162666218,1.0007623403849897
2009-12-04,1,-0.004570557988954338,-0.06719014901400922,0.9961882980750985
2009-12-07,1,0.002200114788597496,-0.0651378602659054,0.9983800266819213
2009-12-08,1,0.0025770735897681085,-0.06272865173552256,1.0009529254812353
2009-12-09,1,-0.0009520182787510212,-0.06362095119122002,1.0000000000000078
2009-12-10,1,-0.0018105584143319753,-0.06531632015704492,0.9981894415856758
2009-12-11,1,-0.0022911694510738823,-0.06745783885071843,0.9959024204307302
2009-12-14,1,-0.001243900105253215,-0.06861782814312511,0.9946636173051344
2009-12-15,1,-0.002107683464265153,-0.07058088694565923,0.9925671812464342
2009-12-16,1,0.0005760368663594306,-0.0700455072722409,0.9931389365351706
2009-12-17,1,0.004125887545576745,-0.06620861961274227,0.9972365161044484
2009-12-18,1,-0.0022933588150980677,-0.06835013830641601,0.9949494949495026
2009-12-21,1,-0.004597260798773983,-0.07263317569376304,0.9903754526396112
2009-12-22,1,-0.0020205907822573588,-0.07450700455072756,0.9883743091290337
2009-12-23,1,-0.0006748939452371205,-0.0751316141697157,0.9877072612921746
2009-12-24,1,-0.0022190062711047176,-0.07718390291781962,0.9855155326853515
2009-12-28,1,-0.0018371688261458186,-0.07887927188364452,0.9837049742710195
2009-12-29,1,0.0005812263876781021,-0.07834389221022597,0.9842767295597561
2009-12-30,1,0.0006777035531029263,-0.07771928259123773,0.9849437773966153
2009-12-31,1,-0.003773219814241502,-0.08119925046845733,0.9812273680198286
2010-01-04,1,0.0009711566475671951,-0.08030695101276009,0.9821802935010558
2010-01-05,1,0.003395750460851943,-0.0771839029178194,0.9855155326853517
2010-01-06,1,-0.0009669309611294308,-0.07807620237351676,0.9845626072041244
2010-01-07,1,-0.0008710801393727596,-0.0788792718836443,0.9837049742710198
2010-01-08,1,0.0012593238399689621,-0.07771928259123773,0.9849437773966153
2010-01-11,1,9.674922600622082e-05,-0.07763005264566802,0.9850390699447381
2010-01-12,1,0.0029021959949695475,-0.07495315427857596,0.9878978463884203
2010-01-13,1,-0.00202565833896029,-0.07682698313554048,0.9858967028778427
2010-01-14,1,0.0017398028223467588,-0.07522084411528529,0.9876119687440519
2010-01-15,1,0.0021227325357005,-0.07325778531275118,0.9897084048027521
2010-01-19,1,-0.0012516849605237468,-0.07441777460515764,0.9884696016771566
2010-01-20,1,0.0013496577653524522,-0.07316855536718125,0.989803697350875
2010-01-21,1,0.0019254837777991085,-0.07138395645578677,0.9917095483133297
2010-01-22,1,0.0006726241952532686,-0.07075934683679852,0.9923765961501889
2010-01-25,1,-0.0009602458229306388,-0.07165164629249587,0.9914236706689615
2010-01-26,1,0.0,-0.07165164629249587,0.9914236706689615
2010-01-27,1,-0.0009611687812380865,-0.07254394574819334,0.990470745187734
2010-01-28,1,0.00038483740619588147,-0.07218702596591442,0.990851915380225
2010-01-29,1,0.0018272744758607296,-0.07049165700008952,0.992662473794557
2010-02-01,1,-0.002303926274359158,-0.07263317569376304,0.9903754526396114
2010-02-02,1,0.000577311652073309,-0.07209779602034483,0.9909472079283476
2010-02-03,1,-0.0019232618521010103,-0.07388239493173931,0.989041356965893
2010-02-04,1,0.0034685422487714668,-0.07067011689122893,0.9924718886983115
2010-02-05,1,0.0027844455112817634,-0.06808244846970668,0.9952353725938708
2010-02-08,1,-0.001819226350057379,-0.06977781743553158,0.9934248141795389
2010-02-09,1,-0.0015347721822541738,-0.07120549656464736,0.9919001334095751
2010-02-10,1,-0.0022096262849458093,-0.07325778531275129,0.989708404802752
2010-02-11,1,-0.00048141729250916754,-0.07370393504060002,0.9892319420621383
2010-02-12,1,0.001444947500240712,-0.07236548585705416,0.9906613302839792
2010-02-16,1,0.001154290111581524,-0.07129472651021729,0.9918048408614522
2010-02-17,1,-0.003074558032282848,-0.07415008476844875,0.9887554793215245
2010-02-18,1,-0.0021202775636083304,-0.07611314357098287,0.9866590432628243
2010-02-19,1,-0.0003863241259417505,-0.0764700633532619,0.9862778730703332
2010-02-22,1,0.0001932367149757308,-0.0762916034621226,0.9864684581665786
2010-02-23,1,0.0034775888717155645,-0.07307932542161222,0.989898989898997
2010-02-24,1,-9.626492106262763e-05,-0.07316855536718181,0.9898036973508745
2010-02-25,1,0.0021180321555791526,-0.0712054965646477,0.9919001334095747
2010-02-26,1,0.0017292727447399958,-0.0695993575443925,0.9936153992757839
2010-03-01,1,-0.0008631437613886295,-0.07040242705452016,0.9927577663426793
2010-03-02,1,9.5987713572665e-05,-0.07031319710895034,0.9928530588908021
2010-03-03,1,-0.0001919570016315486,-0.07049165700008964,0.9926624737945567
2010-03-04,1,-0.00019199385619661502,-0.07067011689122915,0.9924718886983113
2010-03-05,1,-0.0025924147863659597,-0.0730793254216121,0.9898989898989972
2010-03-08,1,-0.0006738544474392816,-0.07370393504060024,0.989231942062138
2010-03-09,1,0.0005779790000963736,-0.07316855536718181,0.9898036973508745
2010-03-10,1,-0.0011552902666795983,-0.07423931471401868,0.9886601867734015
2010-03-11,1,-0.0007710843373494036,-0.07495315427857663,0.9878978463884196
2010-03-12,1,-0.00019291984180569433,-0.07513161416971603,0.9877072612921741
2010-03-15,1,0.0003859141341051586,-0.07477469438743711,0.9880884314846651
2010-03-16,1,0.0020252676246503842,-0.07290086553047281,0.9900895749952425
2010-03-17,1,-0.00038498556304145115,-0.07325778531275184,0.9897084048027515
2010-03-18,1,-0.0015405353360292695,-0.07468546444186752,0.9881837240327876
2010-03-19,1,-0.0011571841851495401,-0.0757562237887045,0.9870402134553147
2010-03-22,1,0.0011585248117398361,-0.07468546444186752,0.9881837240327876
2010-03-23,1,-9.643201542919311e-05,-0.07477469438743733,0.9880884314846649
2010-03-24,1,-0.0054971549811938525,-0.07986080128491202,0.9826567562416689
2010-03-25,1,-0.0019394879751746252,-0.08164540019630673,0.9807509052792142
2010-03-26,1,0.001748931208705784,-0.08003926117605153,0.9824661711454235
2010-03-29,1,9.699321047529352e-05,-0.07995003123048172,0.9825614636935462
2010-03-30,1,-0.00019396760740952868,-0.08012849112162113,0.9823708785973008
2010-03-31,1,-0.0010670288097778258,-0.08111002052288818,0.9813226605679507
2010-04-01,1,-0.0009710623422024556,-0.08200231997858565,0.9803697350867232
2010-04-05,1,-0.005637636080870867,-0.08717765682163015,0.9748427672956045
2010-04-06,1,0.0010752688172042113,-0.08619612742036309,0.9758909853249546
2010-04-07,1,0.0038082218533346257,-0.08271615954314349,0.9796073947017413
2010-04-08,1,-0.0008754863813229541,-0.08351922905327103,0.9787497617686367
2010-04-09,1,9.736150326156157e-05,-0.08342999910770144,0.9788450543167594
2010-04-12,1,0.0015576323987538387,-0.08200231997858576,0.9803697350867231
2010-04-13,1,0.0010692068429238866,-0.08102079057731859,0.9814179531160733
2010-04-14,1,-0.0012622584716962537,-0.08218077986972505,0.9801791499904777
2010-04-15,1,0.0008749756951196286,-0.0813777103595974,0.9810367829235824
2010-04-16,1,0.003108305002428313,-0.07852235210136604,0.98408614446351
2010-04-19,1,-0.0016461702333688821,-0.08003926117605165,0.9824661711454233
2010-04-20,1,-0.0004849660523763566,-0.08048541090390027,0.9819897084048096
2010-04-21,1,0.0017467248908298316,-0.07887927188364496,0.983704974271019
2010-04-22,1,-0.0014530659691950332,-0.08021772106719105,0.9822755860491779
2010-04-23,1,-0.0020372526193247475,-0.08209154992415546,0.9802744425386004
2010-04-26,1,0.0004860503548167472,-0.08164540019630684,0.980750905279214
2010-04-27,1,0.004760979401476906,-0.07727313286338988,0.9854202401372282
2010-04-28,1,-0.0029010733971569502,-0.07995003123048194,0.982561463693546
2010-04-29,1,0.0019396760740957308,-0.07816543231908712,0.9844673146560009
2010-04-30,1,0.0016455328622593246,-0.07664852324440163,0.9860872879740875
2010-05-03,1,-0.0019327406262079627,-0.07843312215579623,0.9841814370116327
2010-05-04,1,0.003001549186677055,-0.07566699384313447,0.9871355060034377
2010-05-05,1,0.0027029636065256657,-0.07316855536718203,0.9898036973508743
2010-05-06,1,0.0052950803889477704,-0.06826090836084675,0.9950447874976248
2010-05-07,1,-0.0016280406052480156,-0.06977781743553213,0.9934248141795383
2010-05-10,1,-0.0030695443645083476,-0.07263317569376349,0.9903754526396108
2010-05-11,1,9.621860867881082e-05,-0.07254394574819378,0.9904707451877335
2010-05-12,1,-0.0008658841639407333,-0.07334701525832144,0.9896131122546289
2010-05-13,1,0.0002888781896965842,-0.07307932542161222,0.989898989898997
2010-05-14,1,0.004235656526761611,-0.069153207816544,0.9940918620163974
2010-05-17,1,-0.0010544478527607648,-0.07013473721781116,0.9930436439870473
2010-05-18,1,0.003166682660013631,-0.06719014901400977,0.9961882980750978
2010-05-19,1,-0.0003826286588866079,-0.06754706879628869,0.9958071278826068
2010-05-20,1,0.002966507177033506,-0.06478094048362704,0.9987611968744117
2010-05-21,1,0.000954107432496798,-0.0638886410279298,0.999714122355639
2010-05-24,1,-0.0009531979792202216,-0.06478094048362704,0.9987611968744117
2010-05-25,1,0.001431161148745197,-0.06344249130008106,1.0001905850962527
2010-05-26,1,-0.0026676829268291735,-0.0659409297760335,0.9975223937488161
2010-05-27,1,-0.0034390523500192893,-0.069153207816544,0.9940918620163974
2010-05-28,1,0.0026840490797546135,-0.06665476934059145,0.9967600533638341
2010-06-01,1,9.560229445515489e-05,-0.06656553939502174,0.9968553459119569
2010-06-02,1,-0.0014338973329509619,-0.06790398857856761,0.9954259576901159
2010-06-03,1,-0.0009573042312845947,-0.06879628803426485,0.9944730322088886
2010-06-04,1,0.006420084323495612,-0.06281788168109281,1.000857632933112
2010-06-07,1,0.00019042178425210388,-0.06263942178995341,1.0010482180293574
2010-06-08,1,0.0002855782960495823,-0.06237173195324408,1.0013340956737258
2010-06-09,1,-0.00047582794061662437,-0.06281788168109281,1.000857632933112
2010-06-10,1,-0.004474911929924774,-0.06701168912287025,0.9963788831713434
2010-06-11,1,0.0036342769701607214,-0.06362095119122024,1.0000000000000075
2010-06-14,1,-0.0016199733180864984,-0.06513786026590562,0.998380026681921
2010-06-15,1,-0.001145366039896789,-0.06620861961274238,0.9972365161044483
2010-06-16,1,0.0008600095556616782,-0.06540555010261484,0.9980941490375529
2010-06-17,1,0.0028642352491885514,-0.06272865173552278,1.000952925481235
2010-06-18,1,-0.0012376237623763497,-0.06388864102792935,0.9997141223556394
2010-06-21,1,-0.00047659898961016633,-0.06433479075577808,0.9992376596150256
2010-06-22,1,0.0024794964714858203,-0.06201481217096494,1.001715265866217
2010-06-23,1,0.0019025875190257224,-0.06023021325957045,1.0036211168286715
2010-06-24,1,-9.494872768700535e-05,-0.060319443205140266,1.0035258242805487
2010-06-25,1,0.0006647042066278974,-0.05969483358615213,1.0041928721174078
2010-06-28,1,0.002751945340671913,-0.05710716516462977,1.0069563560129673
2010-06-29,1,0.0017980505346835152,-0.055411796198804875,1.0087669144272993
2010-06-30,1,-0.002456074060079416,-0.05773177478361813,1.006289308176108
2010-07-01,1,9.469696969710562e-05,-0.057642544838048315,1.0063846007242307
2010-07-02,1,-0.0012309440393901694,-0.058802534130454887,1.005145797598635
2010-07-06,1,0.0017064846416381396,-0.057196395110199805,1.0068610634648443
2010-07-07,1,-0.0009464319515426478,-0.05808869456589705,1.005908137983617
2010-07-08,1,-0.0009473285335355186,-0.05898099402159451,1.0049552125023895
2010-07-09,1,-0.001232694860610617,-0.060140983314001084,1.0037164093767938
2010-07-12,1,0.0002848191398461264,-0.05987329347729187,1.004002287021162
2010-07-13,1,-0.002088078967350082,-0.0618363522798262,1.0019058509624617
2010-07-14,1,0.002568004565341342,-0.059427143749443356,1.0044787497617755
2010-07-15,1,0.002371691490370864,-0.05719639511020025,1.0068610634648438
2010-07-16,1,0.0017035775127769437,-0.055590256089944834,1.0085763293310532
2010-07-19,1,-0.000661375661375696,-0.05621486570893297,1.0079092814941941
2010-07-20,1,0.001039992436418613,-0.055233336307665915,1.0089574995235442
2010-07-21,1,0.0012278050623348857,-0.05407334701525934,1.0101963026491398
2010-07-22,1,-0.0010376379586831685,-0.0550548764165264,1.0091480846197898
2010-07-23,1,-0.002077431539187935,-0.05701793521906062,1.0070516485610894
2010-07-26,1,-0.0001892505677517642,-0.05719639511020025,1.0068610634648438
2010-07-27,1,-0.0018928639030854066,-0.058980994021594846,1.004955212502389
2010-07-28,1,0.002465389721221456,-0.0566610154367817,1.0074328187535804
2010-07-29,1,0.0009458948164964287,-0.05576871598108424,1.0083857442348079
2010-07-30,1,0.003402003402003473,-0.05255643794057385,1.0118162759672265
2010-08-02,1,-0.0016010548125824364,-0.05407334701525934,1.0101963026491398
2010-08-03,1,0.0025469295349493937,-0.05166413848487683,1.0127692014484535
2010-08-04,1,-0.0018818216033120727,-0.05344873739627143,1.0108633504859987
2010-08-05,1,0.0013197586726998445,-0.052199518158295266,1.012197446159717
2010-08-06,1,0.002636038410845476,-0.04970107968234272,1.0148656375071536
2010-08-09,1,-0.00046948356807507974,-0.05014722941019145,1.01438917476654
2010-08-10,1,0.0015030530765618444,-0.048719550281075774,1.0159138555365037
2010-08-11,1,0.0025325954413282226,-0.04631034175069293,1.0184867543358176
2010-08-12,1,-0.0013098802395209441,-0.04755956098866909,1.0171526586620994
2010-08-13,1,0.0006557991380926609,-0.046934951369680844,1.0178197064989587
2010-08-16,1,0.003089598352214118,-0.04399036316587979,1.020964360587009
2010-08-17,1,-0.0021467239126377047,-0.0460426519139836,1.018772631980186
2010-08-18,1,-0.0002806098587596617,-0.04631034175069271,1.0184867543358178
2010-08-19,1,0.0016841317365270392,-0.0447042027304374,1.0202020202020272
2010-08-20,1,-0.001868111339435874,-0.04648880164183211,1.0182961692395724
2010-08-23,1,0.0006550626988583996,-0.045864192022843864,1.0189632170764318
2010-08-24,1,0.0029926119891516834,-0.04300883376461251,1.0220125786163592
2010-08-25,1,-0.001958041958041945,-0.04488266262157703,1.0200114351057816
2010-08-26,1,0.0011210762331836932,-0.04381190327474038,1.0211549456832543
2010-08-27,1,-0.004665920119447553,-0.04827340055322704,1.0163903182771175
2010-08-30,1,0.0037502343896493873,-0.044704202730437625,1.020202020202027
2010-08-31,1,0.0008406501027462543,-0.043901133220309974,1.0210596531351317
2010-09-01,1,-0.00298646756882881,-0.04675649147854144,1.018010291595204
2010-09-02,1,-0.0010296733127398427,-0.047738020879808496,1.016962073565854
2010-09-03,1,-0.0025299850074962382,-0.05014722941019123,1.0143891747665401
2010-09-07,1,0.0031000469704085543,-0.04720264120639017,1.0175338288545903
2010-09-08,1,-0.001779359430604921,-0.04889801017221507,1.0157232704402583
2010-09-09,1,-0.0037526972511493506,-0.05246720799500448,1.0119115685153488
2010-09-10,1,-0.001035879084659519,-0.05344873739627143,1.0108633504859987
2010-09-13,1,0.0023567119155354366,-0.0512179887570281,1.0132456641890673
2010-09-14,1,0.0027273582243958483,-0.04863032033550574,1.0160091480846267
2010-09-15,1,-0.0010317013693490473,-0.049611849736772795,1.0149609300552767
2010-09-16,1,-0.0008449910806497263,-0.05041491924690045,1.014103297122172
2010-09-17,1,0.000563803796278961,-0.0498795395734819,1.0146750524109085
2010-09-20,1,0.001126972201352272,-0.04880878022664514,1.0158185629883814
2010-09-21,1,0.0038461538461540545,-0.04515035245828569,1.019725557461414
2010-09-22,1,0.0005606952621248773,-0.04461497278486748,1.0202973127501502
2010-09-23,1,-0.00028019052955996493,-0.044882662621576586,1.020011435105782
2010-09-24,1,-0.001494768310911887,-0.046310341750692374,1.0184867543358183
2010-09-27,1,0.0027133233532934398,-0.043722673329170014,1.0212502382313777
2010-09-28,1,0.0019595035924231397,-0.041848844472205715,1.023251381741955
2010-09-29,1,-0.0014900353883404716,-0.043276523601321504,1.0217267009719913
2010-09-30,1,-0.0007461294534601981,-0.04399036316587934,1.0209643605870093
2010-10-01,1,0.0,-0.04399036316587934,1.0209643605870093
2010-10-04,1,0.001586708978906115,-0.04247345409119385,1.022584333905096
2010-10-05,1,0.0006523157208087049,-0.04184884447220594,1.0232513817419548
2010-10-06,1,0.001862544235425645,-0.04006424556081123,1.0251572327044096
2010-10-07,1,0.000557724484104849,-0.039528865887392906,1.025728987993146
2010-10-08,1,0.0007432181345223832,-0.03881502632283507,1.0264913283781278
2010-10-11,1,0.0,-0.03881502632283507,1.0264913283781278
2010-10-12,1,-0.0012996658002227823,-0.04006424556081123,1.0251572327044096
2010-10-13,1,0.00018590816136820898,-0.039885785669671936,1.025347817800655
2010-10-14,1,-0.0019516728624534574,-0.041759614526636124,1.0233466742900776
2010-10-15,1,-0.0014898966384206958,-0.04318729365575191,1.0218219935201138
2010-10-18,1,0.0026112095495662846,-0.040688855179799366,1.0244901848675505
2010-10-19,1,0.0006511022230488717,-0.04006424556081123,1.0251572327044096
2010-10-20,1,0.00018590816136820898,-0.039885785669671936,1.025347817800655
2010-10-21,1,-0.0015799256505575343,-0.041402694744357205,1.0237278444825686
2010-10-22,1,-0.0007446709485247061,-0.04211653430891504,1.0229655040975867
2010-10-25,1,-0.00037261294829993297,-0.042473454091194074,1.0225843339050957
2010-10-26,1,-0.0029820147236977457,-0.04532881234942554,1.019534972365168
2010-10-27,1,-0.0021497336199644,-0.047381101097529355,1.0173432437583452
2010-10-28,1,0.002903709254402198,-0.04461497278486781,1.0202973127501498
2010-10-29,1,0.0017745400205473327,-0.04291960381904292,1.0221078711644818
2010-11-01,1,-0.0006526198023495411,-0.043544213438031276,1.0214408233276224
2010-11-02,1,0.0005597537083683601,-0.04300883376461273,1.022012578616359
2010-11-03,1,0.0003729603729605291,-0.04265191398233359,1.0223937488088501
2010-11-04,1,0.004101034579177876,-0.038725796377265254,1.0265866209262506
2010-11-05,1,-0.0021349670472478044,-0.04077808512536918,1.0243948923194277
2010-11-08,1,-0.0010232558139534609,-0.041759614526636124,1.0233466742900776
2010-11-09,1,-0.003910978675854326,-0.04550727224056483,1.0193443872689227
2010-11-10,1,0.0014957464709730584,-0.04407959311144938,1.0208690680388863
2010-11-11,1,0.0,-0.04407959311144938,1.0208690680388863
2010-11-12,1,-0.004573882199197188,-0.04845186044436611,1.0161997331808723
2010-11-15,1,-0.004969992498124576,-0.0531810475595621,1.0111492281303671
2010-11-16,1,0.001225143718782462,-0.05202105826715553,1.0123880312559628
2010-11-17,1,-9.412650602402817e-05,-0.05211028821272512,1.0122927387078402
2010-11-18,1,-0.0013178951332015743,-0.053359507450701504,1.0109586430341218
2010-11-19,1,-0.0002827787727401887,-0.05362719728741083,1.0106727653897534
2010-11-22,1,0.0025457288327361827,-0.0512179887570281,1.0132456641890673
2010-11-23,1,0.001598796200507957,-0.0497010796823425,1.0148656375071539
2010-11-24,1,-0.005258215962441359,-0.05469795663424759,1.0095292548122805
2010-11-26,1,0.0011327166320558302,-0.05362719728741083,1.0106727653897534
2010-11-29,1,0.0012257212898358905,-0.05246720799500448,1.0119115685153488
2010-11-30,1,-0.0015067332140502598,-0.05389488712412016,1.010386887745385
2010-12-01,1,-0.005564462887861943,-0.05915945391273447,1.0047646274061435
2010-12-02,1,-0.0015174506828528056,-0.06058713304185015,1.0032399466361797
2010-12-03,1,0.000949848024315969,-0.05969483358615291,1.004192872117407
2010-12-06,1,0.0030366293414310075,-0.05683947532792144,1.0072422336573346
2010-12-07,1,-0.008041627246925365,-0.0644240207013489,0.9991423670669017
2010-12-08,1,-0.0036242250834525036,-0.06781475863299868,0.9955212502382378
2010-12-09,1,-0.0008614913372260169,-0.06861782814312634,0.9946636173051331
2010-12-10,1,-0.0019160758766045838,-0.07040242705452093,0.9927577663426784
2010-12-13,1,0.001631791130735083,-0.06888551797983566,0.9943777396607648
2010-12-14,1,-0.005174892189745983,-0.07370393504060113,0.989231942062137
2010-12-15,1,-0.001926596666987801,-0.07548853395199584,0.9873260910996823
2010-12-16,1,0.0015442524852813388,-0.07406085482288005,0.9888507718696461
2010-12-17,1,0.0041437795123833165,-0.07022396716338142,0.992948351438924
2010-12-20,1,-0.00019193857965449368,-0.07040242705452082,0.9927577663426785
2010-12-21,1,0.00019197542714533,-0.07022396716338142,0.992948351438924
2010-12-22,1,-0.001151631477927073,-0.07129472651021818,0.9918048408614512
2010-12-23,1,-0.002305918524212136,-0.0734362452038918,0.9895178197065054
2010-12-27,1,0.0010593220338983578,-0.07245471580262464,0.9905660377358556
2010-12-28,1,-0.0037518037518037284,-0.07593468367984424,0.9868496283590689
2010-12-29,1,0.0054074932406333875,-0.07093780672793926,0.9921860110539421
2010-12-30,1,-0.0012485593545908946,-0.07209779602034583,0.9909472079283465
2010-12-31,1,0.0011539571112606506,-0.07102703667350918,0.9920907185058192
2011-01-03,1,-0.00048026126212652454,-0.0714731864013578,0.9916142557652056
2011-01-04,1,-0.0002882952142994055,-0.07174087623806691,0.9913283781208374
2011-01-05,1,-0.004998558108238016,-0.07638083340769308,0.986373165618455
2011-01-06,1,0.0025118346053520924,-0.07406085482288005,0.9888507718696461
2011-01-07,1,0.003951045581574775,-0.07040242705452093,0.9927577663426784
2011-01-10,1,0.001151852562871758,-0.06933166770768429,0.9939012769201511
2011-01-11,1,-0.0014381591562798723,-0.07067011689123026,0.99247188869831
2011-01-12,1,-0.00019203072491613682,-0.07084857678236989,0.9922813036020645
2011-01-13,1,0.0021127436857772963,-0.06888551797983578,0.9943777396607646
2011-01-14,1,-0.0009583133684714085,-0.06977781743553302,0.9934248141795373
2011-01-18,1,-0.0007673860911270314,-0.07049165700009086,0.9926624737945555
2011-01-19,1,0.000671978496687986,-0.06986704738110283,0.9933295216314145
2011-01-20,1,-0.004125095932463463,-0.07370393504060124,0.9892319420621369
2011-01-21,1,0.0011559580001927472,-0.07263317569376437,0.9903754526396099
2011-01-24,1,9.621860867881082e-05,-0.07254394574819467,0.9904707451877326
2011-01-25,1,0.002886280546469111,-0.06986704738110261,0.9933295216314147
2011-01-26,1,-0.0024942440521871223,-0.07218702596591564,0.9908519153802237
2011-01-27,1,0.0017311021350259193,-0.07058088694566056,0.9925671812464328
2011-01-28,1,0.0019201228878649168,-0.06879628803426574,0.9944730322088877
2011-01-31,1,-0.0022039095438866063,-0.07084857678236967,0.9922813036020647
2011-02-01,1,-0.0024968789013731785,-0.0731685553671827,0.9898036973508736
2011-02-02,1,-0.0024068547222489967,-0.07539930400642603,0.9874213836478051
2011-02-03,1,-0.002123142250530785,-0.07736236280896014,0.9853249475891048
2011-02-04,1,-0.004061895551257244,-0.08111002052288907,0.9813226605679498
2011-02-07,1,-9.710623422032327e-05,-0.08119925046845877,0.981227368019827
2011-02-08,1,-0.003399048266485294,-0.08432229856339934,0.9778921288355313
2011-02-09,1,0.002533619177548241,-0.08200231997858631,0.9803697350867225
2011-02-10,1,-0.0024300155520995403,-0.08423306861782953,0.9779874213836541
2011-02-11,1,0.0012666861541461572,-0.08307307932542285,0.9792262245092499
2011-02-14,1,0.0005838847800698765,-0.08253769965200464,0.9797979797979861
2011-02-15,1,9.725734292942434e-05,-0.08244846970643482,0.9798932723461089
2011-02-16,1,-0.00038899153943394715,-0.08280538948871374,0.9795121021536181
2011-02-17,1,0.002237571748224365,-0.08075310074060993,0.9817038307604409
2011-02-18,1,0.0,-0.08075310074060993,0.9817038307604409
2011-02-22,1,0.004562220927975202,-0.07655929329883249,0.9861825805222096
2011-02-23,1,-0.001159532321963419,-0.07763005264566913,0.9850390699447369
2011-02-24,1,0.0011608783979877302,-0.07655929329883249,0.9861825805222096
2011-02-25,1,0.0004831384674848227,-0.07611314357098375,0.9866590432628234
2011-02-28,1,0.0009658103148542097,-0.0752208441152864,0.9876119687440508
2011-03-01,1,0.00048243921265922474,-0.07477469438743767,0.9880884314846645
2011-03-02,1,-0.0017359436782716786,-0.07638083340769275,0.9863731656184553
2011-03-03,1,-0.004637233117573247,-0.08066387079504,0.9817991233085639
2011-03-04,1,0.003979423468892573,-0.077005443026681,0.9857061177815961
2011-03-07,1,-0.0002900232018561155,-0.0772731328633901,0.985420240137228
2011-03-08,1,-0.0014505366985784196,-0.07861158204693608,0.9839908519153869
2011-03-09,1,0.002421073019562181,-0.07638083340769286,0.9863731656184552
2011-03-10,1,0.0029948797217658196,-0.07361470509503132,0.9893272346102598
2011-03-11,1,9.63205548063506e-05,-0.07352547514946173,0.9894225271583825
2011-03-14,1,0.0023114706732156876,-0.07138395645578832,0.991709548313328
2011-03-15,1,0.00028826751225130565,-0.0711162666190791,0.9919954259576962
2011-03-16,1,0.003842459173871271,-0.0675470687962898,0.9958071278826057
2011-03-17,1,-0.0014354066985646785,-0.06888551797983578,0.9943777396607646
2011-03-18,1,-0.0012458073790129198,-0.07004550727224235,0.993138936535169
2011-03-21,1,-0.0023987718288236426,-0.07227625591148557,0.9907566228321006
2011-03-22,1,-0.0005770895450610825,-0.072811635584904,0.9901848675433642
2011-03-23,1,-0.00048118564142041187,-0.07325778531275262,0.9897084048027506
2011-03-24,1,-0.002118236087040204,-0.07522084411528673,0.9876119687440504
2011-03-25,1,-0.0022192203782324116,-0.07727313286339066,0.9854202401372274
2011-03-28,1,-0.0007736195725751571,-0.0779869724279485,0.9846578997522455
2011-03-29,1,-0.0013548824155618089,-0.07923619166592477,0.9833238040785272
2011-03-30,1,0.0016474464579900872,-0.07771928259123939,0.9849437773966137
2011-03-31,1,-0.0005804953560372139,-0.07825466226465772,0.9843720221078772
2011-04-01,1,-0.0005808325266215553,-0.07879004193807626,0.9838002668191407
2011-04-04,1,0.0013560635412630528,-0.07754082270009999,0.985134362492859
2011-04-05,1,-0.0027084542464693717,-0.08003926117605253,0.9824661711454223
2011-04-06,1,-0.0015518913676042523,-0.08146694030516832,0.9809414903754585
2011-04-07,1,0.0007771517388770466,-0.08075310074061037,0.9817038307604404
2011-04-08,1,-0.000776548243059616,-0.08146694030516832,0.9809414903754585
2011-04-11,1,9.714396735960307e-05,-0.08137771035959862,0.9810367829235812
2011-04-12,1,0.003108305002428313,-0.07852235210136715,0.9840861444635087
2011-04-13,1,0.0013556696039507266,-0.07727313286339099,0.985420240137227
2011-04-14,1,-0.0012571318054346303,-0.07843312215579756,0.9841814370116314
2011-04-15,1,0.003001549186677055,-0.07566699384313569,0.9871355060034364
2011-04-18,1,0.0019306882903755707,-0.07388239493174098,0.9890413569658911
2011-04-19,1,0.0002890451873975852,-0.07361470509503187,0.9893272346102593
2011-04-20,1,-0.001733769986515088,-0.07522084411528707,0.98761196874405
2011-04-21,1,-0.00019297568506360108,-0.07539930400642647,0.9874213836478046
2011-04-25,1,0.0015441034549315003,-0.07397162487731068,0.9889460644177684
2011-04-26,1,0.0015417228753131784,-0.072543945748195,0.9904707451877323
2011-04-27,1,-0.001058302867038674,-0.07352547514946195,0.9894225271583822
2011-04-28,1,0.002504093229317217,-0.07120549656464892,0.9919001334095734
2011-04-29,1,0.0006724949562877391,-0.07058088694566078,0.9925671812464325
2011-05-02,1,0.00038402457757302777,-0.07022396716338175,0.9929483514389236
2011-05-03,1,0.0006717850287907279,-0.06959935754439373,0.9936153992757827
2011-05-04,1,0.0007672388990120904,-0.06888551797983589,0.9943777396607645
2011-05-05,1,0.0015333013895544312,-0.06745783885072021,0.9959024204307283
2011-05-06,1,0.0008611616113289866,-0.06665476934059267,0.9967600533638329
2011-05-09,1,0.0008604206500957279,-0.0658516998304649,0.9976176862969377
2011-05-10,1,-0.002196962460597973,-0.06790398857856872,0.9954259576901148
2011-05-11,1,0.0016274171931840442,-0.06638707950388312,0.9970459310082014
2011-05-12,1,-0.0011468985950491284,-0.06745783885071988,0.9959024204307286
2011-05-13,1,0.0011482154817719081,-0.06638707950388323,0.9970459310082013
2011-05-16,1,0.001433623243811688,-0.06504863032033714,0.9984753192300425
2011-05-17,1,0.0006680664248901458,-0.064424020701349,0.9991423670669016
2011-05-18,1,-0.0020028612303290005,-0.06629784955831342,0.9971412235563242
2011-05-19,1,0.0004778287461773001,-0.0658516998304648,0.9976176862969378
2011-05-20,1,0.0008596809628427238,-0.06504863032033714,0.9984753192300425
2011-05-23,1,0.0004771903034930247,-0.06460248059248852,0.9989517819706561
2011-05-24,1,0.0001907850806066591,-0.064424020701349,0.9991423670669016
2011-05-25,1,0.0003814973772056085,-0.06406710091906997,0.9995235372593927
2011-05-26,1,0.002764801220326074,-0.061479432497547615,1.0022870211549522
2011-05-27,1,0.0,-0.061479432497547615,1.0022870211549522
2011-05-31,1,0.00019015021867274662,-0.06130097260640832,1.0024776062511975
2011-06-01,1,0.0027566539923953304,-0.058713304184886184,1.0052410901467568
2011-06-02,1,-0.0018011185894397652,-0.06040867315071108,1.0034305317324248
2011-06-03,1,0.0014245014245015675,-0.05907022396716488,1.004859919954266
2011-06-06,1,9.483167377899449e-05,-0.05898099402159507,1.0049552125023888
2011-06-07,1,9.482268158556018e-05,-0.058891764076025255,1.0050505050505116
2011-06-08,1,0.0020859012041338776,-0.056928705273491254,1.0071469411092118
2011-06-09,1,-0.002081559277131273,-0.05889176407602548,1.0050505050505114
2011-06-10,1,0.0008533232198730811,-0.058088694565897825,1.0059081379836161
2011-06-13,1,-0.0007578628268283261,-0.058802534130455775,1.0051457975986342
2011-06-14,1,-0.0036025786879030353,-0.062193272062105676,1.00152468076997
2011-06-15,1,0.004852521408182708,-0.057642544838049314,1.0063846007242296
2011-06-16,1,0.0015150080484802597,-0.05621486570893364,1.0079092814941935
2011-06-17,1,-0.001039992436418613,-0.05719639511020058,1.0068610634648434
2011-06-20,1,-0.0004732159757713239,-0.057642544838049314,1.0063846007242296
2011-06-21,1,-0.0005681280181800696,-0.05817792451146764,1.0058128454354933
2011-06-22,1,0.0,-0.05817792451146764,1.0058128454354933
2011-06-23,1,0.0029369966840360195,-0.055411796198805985,1.0087669144272982
2011-06-24,1,0.0017003589646704675,-0.05380565717855057,1.0104821802935076
2011-06-27,1,-0.0020746887966806016,-0.055768715981084904,1.0083857442348072
2011-06-28,1,-0.005103005103004987,-0.06058713304185037,1.0032399466361794
2011-06-29,1,-0.0018996960486322712,-0.06237173195324508,1.0013340956737247
2011-06-30,1,-0.0019033117624667195,-0.06415633086463979,0.9994282447112699
2011-07-01,1,-0.0020022883295194305,-0.06603015972160409,0.9974271012006924
2011-07-05,1,0.0031527658354828514,-0.06308557151780292,1.0005717552887428
2011-07-06,1,0.0015238095238094829,-0.06165789238868724,1.0020964360587066
2011-07-07,1,-0.002852795739824998,-0.06433479075577908,0.9992376596150245
2011-07-08,1,0.005531184436391445,-0.05915945391273447,1.0047646274061435
2011-07-11,1,0.003224582701062184,-0.0561256357633636,1.0080045740423165
2011-07-12,1,0.0001890716581585128,-0.055947175872223975,1.008195159138562
2011-07-13,1,0.0005671077504725286,-0.05541179619880576,1.0087669144272984
2011-07-14,1,-0.0016058945777441824,-0.056928705273491254,1.0071469411092118
2011-07-15,1,0.0016084776232376807,-0.055411796198805985,1.0087669144272982
2011-07-18,1,0.00018892877385212614,-0.05523333630766658,1.0089574995235435
2011-07-19,1,-9.444654325641011e-05,-0.05532256625323617,1.008862206975421
2011-07-20,1,-0.0012279210352319492,-0.05648255554564274,1.0076234038498253
2011-07-21,1,-0.002553432948742107,-0.05889176407602548,1.0050505050505114
2011-07-22,1,0.0012325779842607965,-0.05773177478361913,1.0062893081761068
2011-07-25,1,-0.0009469696969696129,-0.05862407423931637,1.0053363826948796
2011-07-26,1,0.0017061611374409313,-0.05701793521906107,1.007051648561089
2011-07-27,1,-0.0015140045420137804,-0.058445614348176966,1.005526967791125
2011-07-28,1,0.0012319939347991138,-0.057285625055770395,1.0067657709167206
2011-07-29,1,0.004921911973497339,-0.05264566788614444,1.0117209834191028
2011-08-01,1,0.0016953941791466587,-0.05103952886588936,1.013436249285312
2011-08-02,1,0.0032910202162670377,-0.04791648077094868,1.0167714884696077
2011-08-03,1,-9.372071227742307e-05,-0.04800571071651849,1.016676195921485
2011-08-04,1,0.004124097853594577,-0.044079593111450155,1.0208690680388854
2011-08-05,1,-0.003920470456454828,-0.047827250825379086,1.0168667810177303
2011-08-08,1,0.005810139630775035,-0.04229499420005567,1.02277491900134
2011-08-09,1,0.005310723935526118,-0.03720888730258076,1.0282065942443361
2011-08-10,1,0.0006487488415198861,-0.036584277683592736,1.0288736420811952
2011-08-11,1,-0.0034268778364361374,-0.039885785669672935,1.0253478178006539
2011-08-12,1,0.0024163568773234445,-0.037565807084859903,1.027825424051845
2011-08-15,1,-0.0013906916373076506,-0.03890425626840588,1.026396035830004
2011-08-16,1,0.0020425215857395873,-0.036941197465871656,1.0284924718887043
2011-08-17,1,0.0010191790975633275,-0.03595966806460438,1.0295406899180546
2011-08-18,1,0.0013883746760459115,-0.03462121888105851,1.0309700781398956
2011-08-19,1,-0.00018485996857375842,-0.034799678772197806,1.0307794930436502
2011-08-22,1,-0.0007395765924008701,-0.035513518336755756,1.0300171526586683
2011-08-23,1,-0.0010176704598020558,-0.0364950477380227,1.0289689346293183
2011-08-24,1,-0.0031487312465271478,-0.03952886588739357,1.0257289879931453
2011-08-25,1,0.00185804533630618,-0.037744266975998864,1.0276348389556
2011-08-26,1,0.001112759643916883,-0.036673507629162105,1.028778349533073
2011-08-29,1,-0.002130418673582768,-0.03872579637726592,1.02658662092625
2011-08-30,1,0.002599090318388564,-0.03622735790131337,1.0292548122736866
2011-08-31,1,-0.0020368484399592157,-0.038190416703847374,1.0271583762149865
2011-09-01,1,0.001855459690138117,-0.036405817792453,1.029064227177441
2011-09-02,1,0.002222428002592869,-0.03426429909877937,1.0313512483323868
2011-09-06,1,-0.00018479164741758147,-0.03444275898991889,1.0311606632361412
2011-09-07,1,-0.0013861935126142644,-0.03578120817346486,1.0297312750143002
2011-09-08,1,0.001480658893207476,-0.034353529044349074,1.031255955784264
2011-09-09,1,0.0020328959526889623,-0.03239047024181507,1.0333523918429641
2011-09-12,1,-0.0015676872002950981,-0.03390737931650056,1.0317324185248775
2011-09-13,1,-0.0014777870139466298,-0.03533505844561635,1.0302077377549137
2011-09-14,1,-0.0005549902876700319,-0.0358704381190349,1.0296359824661772
2011-09-15,1,-0.0018509949097640366,-0.037655037030429495,1.0277301315037224
2011-09-16,1,0.0004636068613816935,-0.03720888730258076,1.0282065942443361
2011-09-19,1,0.003707136237256714,-0.03363968947979146,1.0320182961692457
2011-09-20,1,-0.00036934441366565096,-0.033996609262070376,1.0316371259767547
2011-09-21,1,0.0002771106595234052,-0.03372891942536127,1.0319230036211229
2011-09-22,1,0.003416751315910904,-0.030427411439281182,1.035448827901664
2011-09-23,1,-0.003036996134732184,-0.03337199964308246,1.0323041738136136
2011-09-26,1,-0.0025846949136896225,-0.03587043811903501,1.029635982466177
2011-09-27,1,-0.002776492364645944,-0.03854733648612696,1.026777206022495
2011-09-28,1,0.00027842227378194195,-0.03827964664941785,1.027063083666863
2011-09-29,1,0.0008350343291891882,-0.0374765771392902,1.0279207165999678
2011-09-30,1,9.270418095841393e-05,-0.03738734719372061,1.0280160091480903
2011-10-03,1,0.0037078235076011268,-0.033818149370931194,1.0318277110729999
2011-10-04,1,-0.00046176579239010085,-0.03426429909877993,1.0313512483323861
2011-10-05,1,-0.003049062182389317,-0.037208887302580984,1.028206594244336
2011-10-06,1,-0.002131603336422705,-0.03926117605068502,1.0260148656375128
2011-10-07,1,-0.0026934150645491206,-0.04184884447220738,1.0232513817419533
2011-10-10,1,0.0,-0.04184884447220738,1.0232513817419533
2011-10-11,1,-0.0026075619295958807,-0.04434728294815993,1.0205831903945166
2011-10-12,1,-0.00121381886087768,-0.0455072722405665,1.019344387268921
2011-10-13,1,0.0020566513975881495,-0.043544213438032275,1.0214408233276213
2011-10-14,1,-0.0009329228472805262,-0.04443651289372952,1.020487897846394
2011-10-17,1,0.0018675880100849085,-0.04265191398233481,1.0223937488088488
2011-10-18,1,0.0005592319880696195,-0.0421165343089166,1.0229655040975851
2011-10-19,1,-9.315323707492773e-05,-0.04220576425448608,1.0228702115494626
2011-10-20,1,-0.0006521334078629648,-0.04283037387347444,1.0222031637126032
2011-10-21,1,-0.00037289083620761776,-0.043187293655753356,1.0218219935201123
2011-10-24,1,-0.0011190898069570743,-0.044258053002590114,1.0206784829426394
2011-10-25,1,0.0030809448230790792,-0.041313464798788835,1.0238231370306898
2011-10-26,1,-0.0023268801191362876,-0.043544213438032275,1.0214408233276213
2011-10-27,1,-0.004757906521130617,-0.04809494066208864,1.0165809033733617
2011-10-28,1,0.0028121484814398467,-0.0454180422949968,1.0194396798170438
2011-10-31,1,0.002617311647036935,-0.04291960381904425,1.0221078711644804
2011-11-01,1,0.00428864441543908,-0.03881502632283651,1.0264913283781263
2011-11-02,1,0.00018566654288898476,-0.038636566431696995,1.0266819134743719
2011-11-03,1,-0.0012066085019490913,-0.039796555724103344,1.0254431103487764
2011-11-04,1,0.0007434253322182727,-0.039082716159545505,1.0262054507337584
2011-11-07,1,0.0007428730615655077,-0.038368876594987666,1.0269677911187403
2011-11-08,1,-0.001670223624385181,-0.03997501561524275,1.025252525252531
2011-11-09,1,0.0025095269077051174,-0.037565807084859903,1.027825424051845
2011-11-10,1,-0.002039681068051191,-0.039528865887394016,1.0257289879931448
2011-11-11,1,0.0,-0.039528865887394016,1.0257289879931448
2011-11-14,1,0.0002787068004459492,-0.0392611760506848,1.026014865637513
2011-11-15,1,-0.0005572582892170441,-0.03979655572410312,1.0254431103487767
2011-11-16,1,0.0005575689991637045,-0.03926117605068469,1.0260148656375132
2011-11-17,1,0.0012073929599702993,-0.038101186758278005,1.0272536687631089
2011-11-18,1,-0.002226345083487846,-0.04024270545195141,1.0249666476081634
2011-11-21,1,0.0010226850130159448,-0.039261176050684465,1.0260148656375134
2011-11-22,1,0.0007430110522894662,-0.038547336486126516,1.0267772060224953
2011-11-23,1,0.0013921113689094877,-0.03720888730258065,1.0282065942443364
2011-11-25,1,-0.0022242817423541172,-0.03935040599625417,1.0259195730893906
2011-11-28,1,0.0004644250417982221,-0.038904256268405546,1.0263960358300044
2011-11-29,1,-0.0009284189026087519,-0.03979655572410279,1.025443110348777
2011-11-30,1,-0.00018585633305445715,-0.03997501561524208,1.0252525252525317
2011-12-01,1,-0.0009294544102612656,-0.04086731507093955,1.0242995997713042
2011-12-02,1,0.0018606381989021425,-0.03908271615954484,1.026205450733759
2011-12-05,1,-0.00037143653078275385,-0.03943963594182376,1.025824280541268
2011-12-06,1,-0.0009289363678588458,-0.040331935397521224,1.0248713550600406
2011-12-07,1,0.002510460251045954,-0.03792272686713849,1.0274442538593545
2011-12-08,1,0.0015767019105916713,-0.03640581779245311,1.0290642271774408
2011-12-09,1,-0.0021298268358180827,-0.038458106540557035,1.026872498570618
2011-12-12,1,0.0010207869339271536,-0.03747657713928998,1.027920716599968
2011-12-13,1,0.0009270418095854716,-0.036584277683592736,1.0288736420811952
2011-12-14,1,0.0007409465592294051,-0.0358704381190349,1.0296359824661772
2011-12-15,1,-0.0003701989819526741,-0.036227357901313595,1.0292548122736864
2011-12-16,1,0.0015739283399685,-0.034710448826628104,1.030874785591773
2011-12-19,1,0.0006470696986502489,-0.03408583920763997,1.0315418334286321
2011-12-20,1,-0.0026789838337183403,-0.03667350762916233,1.0287783495330727
2011-12-21,1,-0.001296776583920023,-0.03792272686713871,1.0274442538593542
2011-12-22,1,0.0,-0.03792272686713871,1.0274442538593542
2011-12-23,1,-0.0026896679651270405,-0.04051039528866085,1.024680769963795
2011-12-27,1,0.00027899190923474926,-0.04024270545195141,1.0249666476081634
2011-12-28,1,0.0026961695797693697,-0.03765503703042927,1.0277301315037226
2011-12-29,1,0.0005563282336578101,-0.03711965735701106,1.028301886792459
2011-12-30,1,0.0009266981744047165,-0.036227357901313595,1.0292548122736864
2012-01-03,1,-0.0019442644199612058,-0.038101186758278005,1.0272536687631089
2012-01-04,1,-0.0005565862708719616,-0.03863656643169633,1.0266819134743725
2012-01-05,1,0.0003712641544459938,-0.03827964664941741,1.0270630836668635
2012-01-06,1,0.0008350343291891882,-0.03747657713928976,1.0279207165999682
2012-01-09,1,0.0003708167238340998,-0.03711965735701106,1.028301886792459
2012-01-10,1,-0.00037067926976175336,-0.03747657713928998,1.027920716599968
2012-01-11,1,0.0017613794382127512,-0.03578120817346486,1.0297312750143002
2012-01-12,1,-0.0008328706274292053,-0.036584277683592514,1.0288736420811955
2012-01-13,1,0.0019449847179773272,-0.034710448826628104,1.030874785591773
2012-01-17,1,0.00018487705675718225,-0.0345319889354887,1.0310653706880184
2012-01-18,1,-0.0012014787430685292,-0.03569197822789527,1.0298265675624227
2012-01-19,1,-0.0019431849727028494,-0.03756580708485979,1.0278254240518452
2012-01-20,1,-0.0017615427405895945,-0.03926117605068469,1.0260148656375132
2012-01-23,1,-0.0009287638153617772,-0.04015347550638204,1.0250619401562857
2012-01-24,1,0.00027888816584553666,-0.039885785669672935,1.0253478178006539
2012-01-25,1,0.0027881040892194786,-0.03720888730258076,1.0282065942443361
2012-01-26,1,0.002224281742353895,-0.03506736860890736,1.0304936153992816
2012-01-27,1,0.0006473090438319229,-0.03444275898991933,1.0311606632361408
2012-01-30,1,0.0011089548100915447,-0.03337199964308246,1.0323041738136136
2012-01-31,1,-0.0012923474568448112,-0.034621218881058624,1.0309700781398954
2012-02-01,1,-0.0010167298271559488,-0.03560274828232568,1.0299218601105453
2012-02-02,1,0.0005551443375277909,-0.035067368608907246,1.0304936153992819
2012-02-03,1,-0.0033290179397077457,-0.03827964664941763,1.0270630836668633
2012-02-06,1,0.001298942289849725,-0.03703042741144125,1.0283971793405817
2012-02-07,1,-0.002131208302446286,-0.03908271615954506,1.0262054507337588
2012-02-08,1,-0.00037143653078275385,-0.03943963594182398,1.0258242805412678
2012-02-09,1,-0.0013934045517882687,-0.040778085125369956,1.0243948923194268
2012-02-10,1,0.0019534883720928597,-0.03890425626840566,1.0263960358300042
2012-02-13,1,-0.001206944573391433,-0.04006424556081212,1.0251572327044087
2012-02-14,1,0.001301357129577907,-0.038815026322835955,1.026491328378127
2012-02-15,1,0.00018566654288898476,-0.03863656643169633,1.0266819134743725
2012-02-16,1,-0.0023204009652868507,-0.04086731507093977,1.024299599771304
2012-02-17,1,-0.0004651595497254801,-0.04131346479878828,1.0238231370306905
2012-02-21,1,-0.001303052866716281,-0.04256268403676444,1.0224890413569723
2012-02-22,1,0.0014911463187325946,-0.041135004907648653,1.024013722126936
2012-02-23,1,0.00027917364600793526,-0.040867315070939325,1.0242995997713045
2012-02-24,1,-0.0004651595497254801,-0.041313464798787836,1.023823137030691
2012-02-27,1,0.0017684288905435164,-0.03961809583296294,1.025633695445023
2012-02-28,1,0.0,-0.03961809583296294,1.025633695445023
2012-02-29,1,-0.00232277246120971,-0.04184884447220638,1.0232513817419544
2012-03-01,1,-0.0013969081765691227,-0.04318729365575236,1.0218219935201134
2012-03-02,1,0.0018651496782617905,-0.04140269474435765,1.0237278444825682
2012-03-05,1,-0.0011170064227870036,-0.04247345409119441,1.0225843339050953
2012-03-06,1,0.0018637592023111882,-0.04068885517979981,1.02449018486755
2012-03-07,1,-0.0010231606362198775,-0.041670384581066755,1.0234419668382
2012-03-08,1,-0.0012104283054004128,-0.042830373873473326,1.0222031637126043
2012-03-09,1,-0.0010254497995711986,-0.04381190327474038,1.0211549456832543
2012-03-12,1,-9.331840238890887e-05,-0.043901133220310196,1.0210596531351315
2012-03-13,1,-0.002519832011199319,-0.04631034175069293,1.0184867543358176
2012-03-14,1,-0.005333083832335217,-0.051396448648167614,1.0130550790928217
2012-03-15,1,0.0005643871695983904,-0.05086106897474918,1.0136268343815582
2012-03-16,1,-0.0008461032245934419,-0.05166413848487683,1.0127692014484535
2012-03-19,1,-0.002728641324802439,-0.05425180690639908,1.010005717552894
2012-03-20,1,-0.0002830455703368706,-0.0545194967431083,1.0097198399085259
2012-03-21,1,0.0023593808984523346,-0.05228874810386486,1.0121021536115944
2012-03-22,1,0.0007532247434329786,-0.051574908539306796,1.0128644939965765
2012-03-23,1,0.001128986734405757,-0.05050414919247015,1.0140080045740492
2012-03-26,1,0.0,-0.05050414919247015,1.0140080045740492
2012-03-27,1,0.002161450991448266,-0.04845186044436611,1.0161997331808723
2012-03-28,1,-0.0002813203300825462,-0.04871955028107533,1.0159138555365042
2012-03-29,1,0.0011255979739237532,-0.04764879093423846,1.017057366113977
2012-03-30,1,-0.0016864986414316663,-0.049254929954493654,1.0153421002477678
2012-04-02,1,0.0009385265133741161,-0.04836263049879619,1.0162950257289953
2012-04-03,1,-0.0031879981247070477,-0.05139644864816717,1.013055079092822
2012-04-04,1,0.0017872260370614956,-0.049701079682342275,1.014865637507154
2012-04-05,1,0.001877934272300541,-0.04791648077094768,1.0167714884696089
2012-04-09,1,0.004029990627928637,-0.04407959311144938,1.0208690680388863
2012-04-10,1,0.0017735461588723744,-0.04238422414562448,1.0226796264532183
2012-04-11,1,-0.0010249720462168765,-0.04336575354689143,1.0216314084238682
2012-04-12,1,-0.0005596492864470282,-0.04390113322030975,1.021059653135132
2012-04-13,1,0.0013065795613624864,-0.04265191398233359,1.0223937488088501
2012-04-16,1,0.0005592319880696195,-0.042116534308915266,1.0229655040975865
2012-04-17,1,-0.0009315323707498324,-0.04300883376461251,1.0220125786163592
2012-04-18,1,0.0005594405594406826,-0.042473454091194074,1.0225843339050957
2012-04-19,1,0.0006523157208087049,-0.04184884447220616,1.0232513817419546
2012-04-20,1,-0.00046563605885641124,-0.04229499420005489,1.0227749190013409
2012-04-23,1,0.001118047144321288,-0.04122423485321802,1.0239184295788137
2012-04-24,1,-0.0009306654257794644,-0.04211653430891549,1.0229655040975862
2012-04-25,1,-0.00037261294829993297,-0.04247345409119441,1.0225843339050953
2012-04-26,1,0.0007455036809242976,-0.04175961452663679,1.023346674290077
2012-04-27,1,0.0005587112394078719,-0.041224234853218245,1.0239184295788135
2012-04-30,1,-0.0012098650535133926,-0.042384224145624816,1.0226796264532179
2012-05-01,1,-0.001118151323145633,-0.04345498349246146,1.0215361158757452
2012-05-02,1,0.0007462686567163423,-0.042741143927903624,1.0222984562607271
2012-05-03,1,0.0,-0.042741143927903624,1.0222984562607271
2012-05-04,1,0.0012117822520507637,-0.04158115463549705,1.0235372593863228
2012-05-07,1,0.0,-0.04158115463549705,1.0235372593863228
2012-05-08,1,0.0009310120100549657,-0.04068885517979959,1.0244901848675503
2012-05-09,1,-9.301460329280697e-05,-0.04077808512536929,1.0243948923194275
2012-05-10,1,-0.00046511627906975495,-0.04122423485321802,1.0239184295788137
2012-05-11,1,0.0009306654257794644,-0.04033193539752067,1.0248713550600412
2012-05-14,1,0.0010227801022779648,-0.03935040599625361,1.0259195730893913
2012-05-15,1,-0.00027865502507895545,-0.03961809583296272,1.0256336954450231
2012-05-16,1,0.0,-0.03961809583296272,1.0256336954450231
2012-05-17,1,0.0007432871875869829,-0.0389042562684051,1.0263960358300048
2012-05-18,1,-9.284189026081968e-05,-0.03899348621397469,1.0263007432818823
2012-05-21,1,-0.0006499535747447327,-0.03961809583296294,1.025633695445023
2012-05-22,1,-0.0013936634767257594,-0.040956545016508916,1.024204307223182
2012-05-23,1,0.0016747301823594185,-0.039350405996253834,1.025919573089391
2012-05-24,1,-0.0012075051086753996,-0.040510395288660184,1.0246807699637956
2012-05-25,1,0.0004649865153909527,-0.04006424556081167,1.0251572327044092
2012-05-29,1,9.295408068421551e-05,-0.03997501561524186,1.025252525252532
2012-05-30,1,0.0029742541128356947,-0.037119657357010394,1.0283018867924596
2012-05-31,1,-9.266981744038283e-05,-0.037208887302579985,1.028206594244337
2012-06-01,1,0.00240963855421672,-0.03488890871776695,1.0306842004955281
2012-06-04,1,-0.002218934911242587,-0.03703042741144058,1.0283971793405824
2012-06-05,1,-0.0004633061527057336,-0.03747657713928931,1.0279207165999686
2012-06-06,1,-0.002317604523964012,-0.039707325778532754,1.0255384028969001
2012-06-07,1,0.0002787585950567717,-0.039439635941823425,1.0258242805412685
2012-06-08,1,0.0,-0.039439635941823425,1.0258242805412685
2012-06-11,1,0.0009289363678588458,-0.03854733648612596,1.026777206022496
2012-06-12,1,-0.002134570765661259,-0.040599625234229775,1.024585477415673
2012-06-13,1,0.001581101190476275,-0.039082716159544284,1.0262054507337597
2012-06-14,1,-0.0005571547961742418,-0.03961809583296272,1.0256336954450231
2012-06-15,1,0.0011149307813806963,-0.03854733648612596,1.026777206022496
2012-06-18,1,-0.0001856148491878873,-0.038725796377265254,1.0265866209262506
2012-06-19,1,-0.0010210711965097374,-0.03970732577853231,1.0255384028969006
2012-06-20,1,-0.0011150343802267537,-0.04077808512536918,1.0243948923194277
2012-06-21,1,0.0005581395348837059,-0.040242705451950855,1.024966647608164
2012-06-22,1,-0.0013945704722946317,-0.04158115463549705,1.0235372593863228
2012-06-25,1,0.001768922819104235,-0.03988578566967216,1.0253478178006548
2012-06-26,1,-0.0004646840148698761,-0.04033193539752078,1.024871355060041
2012-06-27,1,9.29800092981381e-05,-0.04024270545195108,1.0249666476081638
2012-06-28,1,0.00130159910747496,-0.03899348621397469,1.0263007432818823
2012-06-29,1,-0.0018570102135562205,-0.04077808512536929,1.0243948923194275
2012-07-02,1,0.0026976744186046897,-0.03819041670384704,1.027158376214987
2012-07-03,1,-0.0014843677521106935,-0.03961809583296272,1.0256336954450231
2012-07-05,1,0.0011149307813806963,-0.03854733648612596,1.026777206022496
2012-07-06,1,0.001299303944315655,-0.037298117248149576,1.0281113016962145
2012-07-09,1,0.0007414959681155686,-0.03658427768359185,1.0288736420811961
2012-07-10,1,0.0001852366398074068,-0.03640581779245233,1.0290642271774417
2012-07-11,1,-0.00018520233354935023,-0.03658427768359174,1.0288736420811964
2012-07-12,1,0.0002778549597111102,-0.0363165878468823,1.0291595197255647
2012-07-13,1,-0.0003703703703704653,-0.03667350762916122,1.0287783495330738
2012-07-16,1,0.001296776583920023,-0.03542428839118483,1.0301124452067922
2012-07-17,1,-0.0010175763182238562,-0.03640581779245189,1.0290642271774422
2012-07-18,1,0.0009260116677471952,-0.035513518336754424,1.0300171526586697
2012-07-19,1,-0.0008326394671107629,-0.036316587846882076,1.029159519725565
2012-07-20,1,0.001388888888888884,-0.03497813866333621,1.030588907947406
2012-07-23,1,0.0005547850208043048,-0.03444275898991789,1.0311606632361423
2012-07-24,1,0.0006468903058867159,-0.03381814937092975,1.0318277110730014
2012-07-25,1,-0.00018470631695599593,-0.033996609262069155,1.031637125976756
2012-07-26,1,-0.0007389617587290065,-0.034710448826626994,1.0308747855917741
2012-07-27,1,-0.003420225550009315,-0.03801195681270719,1.0273489613112328
2012-07-30,1,0.0015768481587978833,-0.0364950477380217,1.0289689346293194
2012-07-31,1,-0.001389146138173758,-0.03783349692156768,1.0275395464074784
2012-08-01,1,-0.0018547713994250259,-0.039618095832962386,1.0256336954450236
2012-08-02,1,0.0015794852736226161,-0.038101186758276784,1.0272536687631102
2012-08-03,1,-0.002782931354359919,-0.040778085125368735,1.0243948923194282
2012-08-06,1,0.0008372093023256699,-0.03997501561524108,1.0252525252525329
2012-08-07,1,-0.0023236360256528865,-0.0422057642544843,1.0228702115494646
2012-08-08,1,-0.0005589714924538747,-0.042741143927902514,1.0222984562607282
2012-08-09,1,-0.00037285607755410677,-0.043098063710181544,1.0219172860682373
2012-08-10,1,0.001212234240955068,-0.04193807441777464,1.0231560891938332
2012-08-13,1,-0.0003725435410264488,-0.04229499420005367,1.0227749190013422
2012-08-14,1,-0.0018634119072020727,-0.04407959311144827,1.0208690680388874
2012-08-15,1,-0.002146924297582231,-0.04613188185955197,1.0186773394320647
2012-08-16,1,-0.000935453695042221,-0.047024181315249325,1.0177244139508372
2012-08-17,1,0.000468164794007464,-0.0465780315874007,1.018200876691451
2012-08-20,1,0.00018717828731884545,-0.04639957169626108,1.0183914617876966
2012-08-21,1,9.35716290819677e-05,-0.046310341750691486,1.0184867543358191
2012-08-22,1,0.0028068862275449913,-0.043633443383599424,1.0213455307795014
2012-08-23,1,0.0012129128568763026,-0.04247345409119274,1.022584333905097
2012-08-24,1,-0.000652315720808927,-0.04309806371018088,1.021917286068238
2012-08-27,1,0.0008392390898919189,-0.042294994200053226,1.0227749190013427
2012-08-28,1,0.00037268238144050336,-0.04193807441777431,1.0231560891938336
2012-08-29,1,-0.000465679426283061,-0.04238422414562304,1.0226796264532199
2012-08-30,1,0.0012113306000747226,-0.041224234853216246,1.0239184295788157
2012-08-31,1,0.0028850628199161843,-0.03845810654055448,1.0268724985706206
2012-09-04,1,-0.0009279881217520991,-0.03935040599625195,1.025919573089393
2012-09-05,1,-0.00018577001671926663,-0.03952886588739135,1.0257289879931477
2012-09-06,1,-0.0024154589371980784,-0.04184884447220427,1.0232513817419566
2012-09-07,1,0.0009312721177128225,-0.04095654501650681,1.0242043072231841
2012-09-10,1,-0.0007443245254931119,-0.04167038458106476,1.0234419668382022
2012-09-11,1,-0.00018621973929244806,-0.04184884447220427,1.0232513817419566
2012-09-12,1,-0.0013969081765691227,-0.04318729365575025,1.0218219935201156
2012-09-13,1,0.0011190898069568522,-0.0421165343089136,1.0229655040975882
2012-09-14,1,-0.0029809035863995748,-0.04497189256714518,1.0199161425576606
2012-09-17,1,0.0003737269924319886,-0.04461497278486615,1.0202973127501516
2012-09-18,1,0.0006537779023070289,-0.0439903631658779,1.020964360587011
2012-09-19,1,0.00046667911144293583,-0.04354421343802917,1.0214408233276246
2012-09-20,1,-9.329228472798601e-05,-0.04363344338359876,1.021345530779502
2012-09-21,1,0.0006531069229334108,-0.04300883376461062,1.0220125786163612
2012-09-24,1,0.0007459207459208361,-0.04229499420005278,1.022774919001343
2012-09-25,1,0.0007453647628807847,-0.041581154635494944,1.023537259386325
2012-09-26,1,0.001489619216087812,-0.040153475506379155,1.0250619401562888
2012-09-27,1,-0.0004648136097424871,-0.04059962523422789,1.024585477415675
2012-09-28,1,0.0001860119047620845,-0.04042116534308837,1.0247760625119207
2012-10-01,1,-0.0001859773107681928,-0.04059962523422789,1.024585477415675
2012-10-02,1,0.0002790178571427937,-0.04033193539751878,1.0248713550600432
2012-10-03,1,9.29800092981381e-05,-0.04024270545194897,1.024966647608166
2012-10-04,1,-0.0011156563778356166,-0.041313464798785726,1.0238231370306932
2012-10-05,1,-0.002047654504839902,-0.04327652360131984,1.021726700971993
2012-10-08,1,0.0,-0.04327652360131984,1.021726700971993
2012-10-09,1,0.00018653236336496626,-0.043098063710180434,1.0219172860682384
2012-10-10,1,0.00037299515106314907,-0.04274114392790129,1.0222984562607296
2012-10-11,1,0.00018642803877688685,-0.04256268403676189,1.022489041356975
2012-10-12,1,0.0,-0.04256268403676189,1.022489041356975
2012-10-15,1,9.319664492091206e-05,-0.042473454091192187,1.0225843339050977
2012-10-16,1,-0.00158419532196441,-0.04399036316587768,1.0209643605870111
2012-10-17,1,-0.0030800821355235763,-0.046934951369678735,1.017819706498961
2012-10-18,1,-0.00028087257747400063,-0.04720264120638795,1.0175338288545928
2012-10-19,1,0.001123805956171564,-0.04613188185955108,1.0186773394320656
2012-10-22,1,-0.000935453695042221,-0.04702418131524855,1.0177244139508381
2012-10-23,1,0.0007490636704119424,-0.04631034175069071,1.01848675433582
2012-10-24,1,9.356287425155152e-05,-0.046221111805120896,1.0185820468839428
2012-10-25,1,-0.0019646365422396617,-0.048094940662085306,1.0165809033733653
2012-10-26,1,0.00206224221972251,-0.046131881859551305,1.0186773394320654
2012-10-31,1,0.0,-0.046131881859551305,1.0186773394320654
2012-11-01,1,-0.0007483629560337546,-0.046845721424109144,1.0179149990470835
2012-11-02,1,-0.00028084628346736196,-0.04711341126081836,1.0176291214027153
2012-11-05,1,0.0012173424477945893,-0.0459534219684119,1.0188679245283108
2012-11-06,1,-0.0018705574261129732,-0.04773802087980661,1.016962073565856
2012-11-07,1,0.003279610194902416,-0.044614972784866036,1.0202973127501518
2012-11-08,1,0.0009339684318669939,-0.04372267332916879,1.021250238231379
2012-11-09,1,0.0,-0.04372267332916879,1.021250238231379
2012-11-12,1,0.0,-0.04372267332916879,1.021250238231379
2012-11-13,1,0.0006531678641410466,-0.043098063710180656,1.0219172860682382
2012-11-14,1,0.0,-0.043098063710180656,1.0219172860682382
2012-11-15,1,0.0,-0.043098063710180656,1.0219172860682382
2012-11-16,1,0.00037299515106314907,-0.042741143927901515,1.0222984562607293
2012-11-19,1,-0.0011185682326622093,-0.04381190327473827,1.0211549456832565
2012-11-20,1,-0.0012131392310563704,-0.044971892567144955,1.0199161425576608
2012-11-21,1,-0.0009343174810799715,-0.0458641920228422,1.0189632170764336
2012-11-23,1,-0.00037407649864407144,-0.04622111180512112,1.0185820468839426
2012-11-26,1,0.0007484329684721569,-0.04550727224056339,1.0193443872689243
2012-11-27,1,0.0005609049266148691,-0.04497189256714518,1.0199161425576606
2012-11-28,1,0.0009343174810800825,-0.04407959311144771,1.020869068038888
2012-11-29,1,0.0,-0.04407959311144771,1.020869068038888
2012-11-30,1,0.0011201344161300142,-0.04300883376461084,1.022012578616361
2012-12-03,1,-0.0005594405594405716,-0.04354421343802939,1.0214408233276244
2012-12-04,1,0.00027987685418406905,-0.04327652360132028,1.0217267009719926
2012-12-05,1,0.000652863271777715,-0.042651913982331924,1.022393748808852
2012-12-06,1,0.00018641066268987316,-0.04247345409119252,1.0225843339050973
2012-12-07,1,-0.0011182555213866685,-0.04354421343802939,1.0214408233276244
2012-12-10,1,0.00027987685418406905,-0.04327652360132028,1.0217267009719926
2012-12-11,1,-0.0008393956351426812,-0.044079593111447934,1.0208690680388879
2012-12-12,1,-0.0009334453467748638,-0.04497189256714518,1.0199161425576606
2012-12-13,1,-0.0012146127254040184,-0.04613188185955153,1.0186773394320652
2012-12-14,1,0.0002806361085125886,-0.04586419202284231,1.0189632170764333
2012-12-17,1,-0.0015898251192368873,-0.04738110109752791,1.0173432437583467
2012-12-18,1,-0.00177969276882739,-0.04907647006335303,1.0155326853440145
2012-12-19,1,0.000750680304025586,-0.04836263049879508,1.0162950257289964
2012-12-20,1,-9.376465072674645e-05,-0.04845186044436489,1.0161997331808736
2012-12-21,1,0.0009377344336083393,-0.04755956098866765,1.017152658662101
2012-12-24,1,-0.0007494847292486284,-0.0482734005532256,1.016390318277119
2012-12-26,1,0.00037502343896500534,-0.04791648077094657,1.01677148846961
2012-12-27,1,0.001405810684161013,-0.046578031587400814,1.0182008766914508
2012-12-28,1,9.35891436593117e-05,-0.04648880164183111,1.0182961692395736
2012-12-31,1,-0.0017780273254726087,-0.04818417060765601,1.0164856108252416
2013-01-02,1,-0.002249929689697172,-0.050325689301329635,1.0141985896702959
2013-01-03,1,-0.0017852109367660907,-0.05202105826715464,1.0123880312559637
2013-01-04,1,-0.0005647590361445021,-0.052556437940572964,1.0118162759672273
2013-01-07,1,0.00018835938971561994,-0.05237797804943345,1.012006861063473
2013-01-08,1,0.001129943502824693,-0.0513072187025968,1.0131503716409456
2013-01-09,1,0.0007524454477052522,-0.05059337913803874,1.0139127120259277
2013-01-10,1,-0.0011278195488721998,-0.0516641384848755,1.0127692014484548
2013-01-11,1,0.0003763643206622369,-0.0513072187025968,1.0131503716409456
2013-01-14,1,0.0003762227238526261,-0.05095029892031788,1.0135315418334365
2013-01-15,1,0.0007521624670929761,-0.050236459355760044,1.0142938822184184
2013-01-16,1,9.394964299147546e-05,-0.05014722941019023,1.0143891747665412
2013-01-17,1,-0.001596993893846932,-0.05166413848487572,1.0127692014484546
2013-01-18,1,0.0006586375611592477,-0.051039528865887696,1.0134362492853137
2013-01-22,1,0.0004701457451810054,-0.05059337913803896,1.0139127120259275
2013-01-23,1,0.0,-0.05059337913803896,1.0139127120259275
2013-01-24,1,-0.00028195488721804995,-0.05086106897474807,1.0136268343815593
2013-01-25,1,-0.00329040142897441,-0.05398411706968875,1.0102915951972635
2013-01-28,1,-0.0009432182607054251,-0.054876416525385996,1.0093386697160363
2013-01-29,1,0.0,-0.054876416525385996,1.0093386697160363
2013-01-30,1,-9.44108761329332e-05,-0.05496564647095581,1.0092433771679135
2013-01-31,1,0.0003776791615524022,-0.05460872668867656,1.0096245473604046
2013-02-01,1,-0.00047192071731949614,-0.05505487641652529,1.0091480846197909
2013-02-04,1,0.0012275731822473102,-0.05389488712411894,1.0103868877453863
2013-02-05,1,-0.0012260680939356616,-0.05505487641652551,1.0091480846197907
2013-02-06,1,0.0014164305949007083,-0.053716427232979536,1.0105774728416317
2013-02-07,1,0.0003771805752004198,-0.053359507450700616,1.0109586430341226
2013-02-08,1,-0.0002827787727401887,-0.053627197287410056,1.0106727653897543
2013-02-11,1,-0.00018857250612858145,-0.05380565717854935,1.010482180293509
2013-02-12,1,-0.0011316484345530453,-0.05487641652538622,1.009338669716036
2013-02-13,1,-0.0011329305135951984,-0.055947175872222976,1.0081951591385632
2013-02-14,1,0.0014177693761814325,-0.054608726688677,1.0096245473604042
2013-02-15,1,-0.0003775365738556413,-0.05496564647095592,1.0092433771679132
2013-02-19,1,-0.0006609385327164263,-0.05559025608994406,1.0085763293310541
2013-02-20,1,0.00037792894935750887,-0.05523333630766514,1.008957499523545
2013-02-21,1,0.0011333585190782536,-0.05416257696082827,1.010101010101018
2013-02-22,1,0.0002830188679245893,-0.05389488712411894,1.0103868877453863
2013-02-25,1,0.001886258606054847,-0.05211028821272423,1.012292738707841
2013-02-26,1,0.0004706768332862765,-0.0516641384848755,1.0127692014484548
2013-02-27,1,-0.0002822732404967887,-0.051931828321584717,1.0124833238040867
2013-02-28,1,0.0010352941176470232,-0.05095029892031766,1.0135315418334367
2013-03-01,1,0.0006581421587064096,-0.05032568930132941,1.014198589670296
2013-03-04,1,-0.000563750822136666,-0.05086106897474785,1.0136268343815595
2013-03-05,1,-0.0005640688163955909,-0.05139644864816617,1.0130550790928232
2013-03-06,1,-0.0012228388674629942,-0.05255643794057252,1.0118162759672278
2013-03-07,1,-0.0016952345074402464,-0.054162576960827935,1.0101010101010184
2013-03-08,1,-0.0017924528301886955,-0.05585794592665283,1.0082904516866864
2013-03-11,1,0.0,-0.05585794592665283,1.0082904516866864
2013-03-12,1,0.0008505812305075189,-0.05505487641652518,1.009148084619791
2013-03-13,1,-9.442870632681011e-05,-0.05514410636209488,1.0090527920716683
2013-03-14,1,-0.00018887524789867882,-0.055322566253234284,1.008862206975423
2013-03-15,1,0.0013223764994805265,-0.0540733470152579,1.0101963026491414
2013-03-18,1,0.0010376379586831685,-0.053091817613990844,1.0112445206784915
2013-03-19,1,0.0011307953260459858,-0.052021058267154086,1.0123880312559643
2013-03-20,1,-0.0005647590361445021,-0.05255643794057241,1.011816275967228
2013-03-21,1,-0.00018835938971561994,-0.052734897831711924,1.0116256908709824
2013-03-22,1,0.00028259231348903846,-0.05246720799500282,1.0119115685153506
2013-03-25,1,9.417082587814818e-05,-0.052377978049433005,1.0120068610634734
2013-03-26,1,0.00028248587570622874,-0.0521102882127239,1.0122927387078415
2013-03-27,1,0.0014120304998586075,-0.050771839029178145,1.0137221269296823
2013-03-28,1,-0.0005640157924422518,-0.05130721870259658,1.0131503716409458
2013-04-01,1,0.0002821670428894141,-0.051039528865887474,1.013436249285314
2013-04-02,1,-0.0004701457451810054,-0.051485678593736206,1.0129597865447002
2013-04-03,1,0.0014111006585137975,-0.05014722941019001,1.0143891747665414
2013-04-04,1,0.0015030530765618444,-0.04871955028107422,1.0159138555365053
2013-04-05,1,0.0008441984804428149,-0.04791648077094657,1.01677148846961
2013-04-08,1,-0.0010309278350515427,-0.048898010172213624,1.01572327044026
2013-04-09,1,-0.0002814522938362485,-0.04916570000892273,1.0154373927958917
2013-04-10,1,-0.0014076576576577127,-0.050504149192468706,1.0140080045740507
2013-04-11,1,0.0003759045202518241,-0.050147229410189786,1.0143891747665417
2013-04-12,1,0.0014091122592765348,-0.04880878022664381,1.0158185629883827
2013-04-15,1,0.0002814258911820744,-0.04854109038993448,1.016104440632751
2013-04-16,1,-0.0004689111882208996,-0.04898724011778299,1.0156279778921375
2013-04-17,1,0.00028147870144490383,-0.04871955028107389,1.0159138555365057
2013-04-18,1,9.379983116031276e-05,-0.048630320335504074,1.0160091480846285
2013-04-19,1,-0.0005627462014631268,-0.0491657000089224,1.0154373927958922
2013-04-22,1,0.0002815315315314315,-0.04889801017221318,1.0157232704402603
2013-04-23,1,-9.38174312787865e-05,-0.04898724011778299,1.0156279778921375
2013-04-24,1,0.00018765246762986187,-0.04880878022664359,1.015818562988383
2013-04-25,1,-0.00028142589118196337,-0.049076470063352806,1.0155326853440148
2013-04-26,1,0.001126020456038379,-0.04800571071651594,1.0166761959214876
2013-04-29,1,0.0,-0.04800571071651594,1.0166761959214876
2013-04-30,1,-0.0014996719467615938,-0.049433389845631726,1.0151515151515238
2013-05-01,1,0.000844832441565746,-0.048630320335504074,1.0160091480846285
2013-05-02,1,0.0001875820671544126,-0.04845186044436445,1.016199733180874
2013-05-03,1,-0.003188297074268598,-0.05148567859373554,1.0129597865447009
2013-05-06,1,-0.0007525870178739513,-0.05219951815829338,1.012197446159719
2013-05-07,1,-0.00018828845791751814,-0.05237797804943278,1.0120068610634736
2013-05-08,1,0.0003766478342748236,-0.052021058267154086,1.0123880312559643
2013-05-09,1,-0.00028237951807230655,-0.05228874810386319,1.0121021536115962
2013-05-10,1,-0.00254213350908572,-0.054697956634245926,1.0095292548122823
2013-05-13,1,-0.0004719652633565774,-0.05514410636209466,1.0090527920716685
2013-05-14,1,-0.0008499386155444988,-0.05594717587222231,1.0081951591385638
2013-05-15,1,0.0002835538752363753,-0.05567948603551298,1.0084810367829322
2013-05-16,1,0.002173296796749602,-0.053627197287408945,1.0106727653897554
2013-05-17,1,-0.002357156326607601,-0.055857945926652386,1.0082904516866869
2013-05-20,1,-0.00028352707683587663,-0.05612563576336149,1.0080045740423187
2013-05-21,1,0.00047267914539617095,-0.05567948603551276,1.0084810367829324
2013-05-22,1,-0.0023622791269016785,-0.0579102346747562,1.006098723079864
2013-05-23,1,-9.47149081266252e-05,-0.05799946462032601,1.0060034305317411
2013-05-24,1,9.472387989006847e-05,-0.0579102346747562,1.006098723079864
2013-05-28,1,-0.0038833112331880804,-0.061568662443115096,1.0021917286068318
2013-05-29,1,-9.508414947234645e-05,-0.06165789238868491,1.002096436058709
2013-05-30,1,9.509319132749994e-05,-0.061568662443115096,1.0021917286068318
2013-05-31,1,-0.001521346391556544,-0.06299634157223089,1.000667047836868
2013-06-03,1,0.0007618322064564254,-0.062282502007673046,1.00142938822185
2013-06-04,1,-0.00038062612998390755,-0.06263942178995197,1.001048218029359
2013-06-05,1,0.0008567348881485248,-0.061836352279824314,1.0019058509624637
2013-06-06,1,0.0005706676811869649,-0.06130097260640599,1.0024776062512
2013-06-07,1,-0.0027566539923954414,-0.06388864102792824,0.9997141223556406
2013-06-10,1,-0.0015251167667523768,-0.06531632015704392,0.9981894415856769
2013-06-11,1,0.00019093078758936066,-0.06513786026590451,0.9983800266819223
2013-06-12,1,-0.0009544716999140279,-0.06603015972160176,0.997427101200695
2013-06-13,1,0.001624152097067011,-0.06451325064691615,0.9990470745187816
2013-06-14,1,0.0023845860358642224,-0.062282502007672824,1.0014293882218501
2013-06-17,1,-0.0009515653249596578,-0.06317480146337029,1.0004764627406226
2013-06-18,1,-0.0001904943327936115,-0.0633532613545098,1.000285877644377
2013-06-19,1,-0.005430122892254863,-0.06843936825198449,0.9948542024013811
2013-06-20,1,-0.0030651340996169507,-0.07129472651021607,0.9918048408614534
2013-06-21,1,-0.0034588777863182596,-0.07450700455072656,0.9883743091290348
2013-06-24,1,-0.001349787890474352,-0.07575622378870284,0.9870402134553165
2013-06-25,1,-0.0010619810774280536,-0.07673775318996978,0.9859919954259664
2013-06-26,1,0.0017396346767180049,-0.07513161416971448,0.9877072612921758
2013-06-27,1,0.0021225277375784835,-0.07316855536718025,0.9898036973508761
2013-06-28,1,-0.00028882256666984407,-0.07343624520388936,0.989517819706508
2013-07-01,1,-0.0007704160246533309,-0.07415008476844731,0.9887554793215261
2013-07-02,1,0.00048188126445647406,-0.07370393504059858,0.9892319420621398
2013-07-03,1,-0.0011559580001927472,-0.07477469438743545,0.9880884314846669
2013-07-05,1,-0.006558009451248847,-0.0808423306861773,0.9816085382123207
2013-07-08,1,0.0028152606543052627,-0.07825466226465516,0.98437202210788
2013-07-09,1,0.0005808325266214442,-0.07771928259123673,0.9849437773966164
2013-07-10,1,-0.001064241486068096,-0.07870081199250378,0.9838955593672664
2013-07-11,1,0.003970944309927393,-0.07504238422414466,0.9878025538402986
2013-07-12,1,-0.0012540999421184473,-0.07620237351655124,0.986563750714703
2013-07-15,1,0.001545445764512765,-0.07477469438743545,0.9880884314846669
2013-07-16,1,0.0006750892082167947,-0.07415008476844742,0.988755479321526
2013-07-17,1,0.001734772552043129,-0.07254394574819223,0.9904707451877351
2013-07-18,1,-0.0009620935154897037,-0.07343624520388958,0.9895178197065078
2013-07-19,1,0.0010593220338983578,-0.07245471580262253,0.9905660377358579
2013-07-22,1,0.0,-0.07245471580262253,0.9905660377358579
2013-07-23,1,-0.0006734006734007147,-0.07307932542161066,0.9898989898989987
2013-07-24,1,-0.0021178282633808054,-0.07504238422414478,0.9878025538402985
2013-07-25,1,-0.0004823461315840438,-0.07548853395199351,0.9873260910996847
2013-07-26,1,0.001737284045941534,-0.07388239493173832,0.989041356965894
2013-07-29,1,-0.0005780903747952815,-0.07441777460515675,0.9884696016771576
2013-07-30,1,-0.00038561650438639905,-0.07477469438743567,0.9880884314846666
2013-07-31,1,-0.0010608544700549949,-0.07575622378870284,0.9870402134553165
2013-08-01,1,-0.003958293106777311,-0.07941465155706184,0.9831332189822842
2013-08-02,1,0.004458660463313002,-0.0753100740608541,0.9875166761959302
2013-08-05,1,-0.0010614686866737832,-0.07629160346212116,0.98646845816658
2013-08-06,1,-9.659969088093856e-05,-0.07638083340769086,0.9863731656184573
2013-08-07,1,0.0009660902328276766,-0.07548853395199362,0.9873260910996846
2013-08-08,1,0.0004825789016504878,-0.07504238422414489,0.9878025538402984
2013-08-09,1,-9.646922631667554e-05,-0.07513161416971448,0.9877072612921758
2013-08-12,1,-0.0006753497346840831,-0.07575622378870273,0.9870402134553166
2013-08-13,1,-0.003572118169530847,-0.07905773177478292,0.9835143891747752
2013-08-14,1,0.00029066950876854847,-0.07879004193807371,0.9838002668191435
2013-08-15,1,-0.0014529252227817313,-0.08012849112161946,0.9823708785973025
2013-08-16,1,-0.0021340576195557626,-0.08209154992415368,0.9802744425386023
2013-08-19,1,-0.0016525712063769626,-0.08360845899883906,0.9786544692205158
2013-08-20,1,0.0022395326192794496,-0.08155617025073525,0.9808461978273387
2013-08-21,1,-0.001943068104537038,-0.08334076916212996,0.978940346864884
2013-08-22,1,-0.002336221162270169,-0.0854822878558037,0.9766533257099381
2013-08-23,1,0.001853839398965773,-0.08378691888997869,0.9784638841242702
2013-08-26,1,0.00077911959485788,-0.08307307932542063,0.9792262245092522
2013-08-27,1,0.0024328532502919664,-0.0808423306861773,0.9816085382123207
2013-08-28,1,-0.001844481118338126,-0.0825376996520023,0.9797979797979887
2013-08-29,1,0.0007780587434351727,-0.08182386008744436,0.9805603201829706
2013-08-30,1,-0.0002915451895043608,-0.08209154992415357,0.9802744425386024
2013-09-03,1,-0.0018469913483036837,-0.08378691888997847,0.9784638841242704
2013-09-04,1,-0.002337358784573529,-0.0859284375836522,0.9761768629693246
2013-09-05,1,-0.0032213978914485963,-0.08887302578745337,0.9730322088812743
2013-09-06,1,0.002154539222407159,-0.08690996698491926,0.9751286449399744
2013-09-09,1,0.0019544610573634102,-0.08512536807352467,0.9770344959024292
2013-09-10,1,-0.001950648590656412,-0.08690996698491926,0.9751286449399744
2013-09-11,1,0.0016612918987588543,-0.08539305791023388,0.9767486182580609
2013-09-12,1,0.00019512195121951237,-0.08521459801909437,0.9769392033543064
2013-09-13,1,0.00019508388607114568,-0.08503613812795485,0.977129788450552
2013-09-16,1,0.0018529354398282294,-0.08334076916213007,0.9789403468648838
2013-09-17,1,0.0008760829358511746,-0.08253769965200253,0.9797979797979884
2013-09-18,1,0.005640925889904835,-0.07736236280895781,0.9853249475891074
2013-09-19,1,-0.0013539651837524147,-0.07861158204693408,0.983990851915389
2013-09-20,1,9.684292078238066e-05,-0.07852235210136438,0.9840861444635117
2013-09-23,1,0.0004841677156965929,-0.07807620237351587,0.9845626072041253
2013-09-24,1,0.0016453735965931138,-0.07655929329883049,0.9861825805222117
2013-09-25,1,0.00115953232196353,-0.07548853395199362,0.9873260910996846
2013-09-26,1,-0.0007721262426406694,-0.07620237351655157,0.9865637507147027
2013-09-27,1,0.0009659036028204504,-0.07531007406085422,0.9875166761959301
2013-09-30,1,-0.0004824857666698712,-0.07575622378870284,0.9870402134553165
2013-10-01,1,-0.0010619810774280536,-0.07673775318996978,0.9859919954259664
2013-10-02,1,0.0010631100802165339,-0.07575622378870273,0.9870402134553166
2013-10-03,1,0.000579262405869807,-0.0752208441152844,0.9876119687440529
2013-10-04,1,-0.0015438054805094747,-0.07664852324440019,0.9860872879740891
2013-10-07,1,9.66370313102427e-05,-0.0765592932988306,0.9861825805222116
2013-10-08,1,-0.0006763938544785963,-0.07718390291781863,0.9855155326853525
2013-10-09,1,0.0,-0.07718390291781863,0.9855155326853525
2013-10-10,1,-0.0006768516727906349,-0.07780851253680687,0.9848484848484933
2013-10-11,1,0.0003870343492986539,-0.07745159275452784,0.9852296550409844
2013-10-14,1,0.0,-0.07745159275452784,0.9852296550409844
2013-10-15,1,-0.0007737692233291682,-0.07816543231908568,0.9844673146560025
2013-10-16,1,0.0014519407608168944,-0.0768269831355397,0.9858967028778435
2013-10-17,1,0.002513048521167738,-0.07450700455072656,0.9883743091290348
2013-10-18,1,-0.00038565368299259273,-0.07486392433300537,0.987993138936544
2013-10-21,1,-0.0005787037037037202,-0.0753993040064238,0.9874213836478075
2013-10-22,1,0.00270218104613007,-0.07290086553047126,0.9900895749952442
2013-10-23,1,0.00048123195380167516,-0.07245471580262264,0.9905660377358578
2013-10-24,1,-0.0010582010582010914,-0.0734362452038897,0.9895178197065077
2013-10-25,1,0.0006741140215715813,-0.07281163558490167,0.9901848675433668
2013-10-28,1,-0.00019247425656809813,-0.07299009547604096,0.9899942824471214
2013-10-29,1,9.625565501969469e-05,-0.07290086553047126,0.9900895749952441
2013-10-30,1,-0.0001924927815207811,-0.07307932542161089,0.9898989898989985
2013-10-31,1,-0.000577589526376654,-0.07361470509502943,0.989327234610262
2013-11-01,1,-0.0020227316509342508,-0.07548853395199373,0.9873260910996845
2013-11-04,1,0.0005790946819805853,-0.0749531542785753,0.987897846388421
2013-11-05,1,-0.0012539789717371796,-0.07611314357098176,0.9866590432628255
2013-11-06,1,0.001352134440795849,-0.07486392433300548,0.9879931389365438
2013-11-07,1,0.0007716049382715529,-0.07415008476844764,0.9887554793215256
2013-11-08,1,-0.0037586738627601868,-0.07763005264566725,0.9850390699447389
2013-11-11,1,0.0,-0.07763005264566725,0.9850390699447389
2013-11-12,1,-0.0010641385314887897,-0.0786115820469343,0.9839908519153888
2013-11-13,1,0.0017431725740848503,-0.07700544302667911,0.9857061177815981
2013-11-14,1,0.0018368136117556944,-0.0753100740608541,0.9875166761959302
2013-11-15,1,-0.00038598861333583034,-0.07566699384313291,0.9871355060034394
2013-11-18,1,0.0009653441451877853,-0.07477469438743556,0.9880884314846667
2013-11-19,1,-0.001253737100973984,-0.07593468367984202,0.9868496283590712
2013-11-20,1,-0.0006759366550792567,-0.07655929329883027,0.986182580522212
2013-11-21,1,9.662769349705336e-05,-0.07647006335326045,0.9862778730703348
2013-11-22,1,0.00028985507246370723,-0.07620237351655135,0.9865637507147029
2013-11-25,1,0.0002897710808460463,-0.07593468367984213,0.9868496283590711
2013-11-26,1,0.0012553109308612864,-0.07477469438743567,0.9880884314846666
2013-11-27,1,-0.0009644131545953893,-0.07566699384313302,0.9871355060034392
2013-11-29,1,-0.0002896032435563134,-0.07593468367984213,0.9868496283590711
2013-12-02,1,-0.002124372344534553,-0.07789774248237635,0.9847531923003708
2013-12-03,1,0.0008709115540932455,-0.07709467297224881,0.9856108252334754
2013-12-04,1,-0.001836991201779048,-0.07879004193807371,0.9838002668191433
2013-12-05,1,-0.0009686168151878949,-0.07968234139377106,0.982847341337916
2013-12-06,1,-0.0008726003490401313,-0.0804854109038986,0.9819897084048114
2013-12-09,1,0.00038816108685102435,-0.08012849112161968,0.9823708785973023
2013-12-10,1,0.0018430497623436182,-0.07843312215579468,0.9841814370116344
2013-12-11,1,-0.0013555383423702327,-0.07968234139377095,0.9828473413379161
2013-12-12,1,-0.0015512895094046408,-0.08111002052288663,0.9813226605679524
2013-12-13,1,0.0,-0.08111002052288663,0.9813226605679524
2013-12-16,1,-9.710623422032327e-05,-0.08119925046845644,0.9812273680198296
2013-12-17,1,0.0011653879770807674,-0.08012849112161957,0.9823708785973024
2013-12-18,1,-0.0006790183334950406,-0.08075310074060782,0.9817038307604432
2013-12-19,1,-0.002620850320326107,-0.08316230927099055,0.9791309319611293
2013-12-20,1,-0.00029197080291976096,-0.08342999910769977,0.978845054316761
2013-12-23,1,-0.0010708722741432641,-0.08441152850896683,0.977796836287411
2013-12-24,1,-0.0016567586005262758,-0.08592843758365232,0.9761768629693245
2013-12-26,1,-0.0001952362358453863,-0.08610689747479172,0.975986277873079
2013-12-27,1,-9.763718023825252e-05,-0.08619612742036153,0.9758909853249562
2013-12-30,1,0.0009764671418808213,-0.08530382796466407,0.9768439108061837
2013-12-31,1,-0.0017559262510975504,-0.08690996698491937,0.9751286449399743
2014-01-02,1,0.0006840613700773712,-0.08628535736593113,0.9757956927768336
2014-01-03,1,-0.000488281250000111,-0.08673150709377986,0.9753192300362199
2014-01-06,1,0.0008793356130922803,-0.08592843758365232,0.9761768629693245
2014-01-07,1,0.0005857087075360479,-0.085393057910234,0.9767486182580608
2014-01-08,1,-0.002634146341463417,-0.08780226644061673,0.9741757194587469
2014-01-09,1,0.000586911865401607,-0.08726688676719829,0.9747474747474834
2014-01-10,1,0.003910450679440736,-0.0836976889444091,0.9785591766723928
2014-01-13,1,0.0011685655857436306,-0.08262692959757212,0.9797026872498658
2014-01-14,1,-0.0018480692539636356,-0.08432229856339701,0.9778921288355338
2014-01-15,1,-0.0008770220229975534,-0.08512536807352467,0.9770344959024291
2014-01-16,1,0.0010728567248610155,-0.08414383867225772,0.9780827139317791
2014-01-17,1,0.0002922837100545195,-0.0838761488355485,0.9783685915761473
2014-01-21,1,-0.00019479887016649045,-0.08405460872668791,0.9781780064799019
2014-01-22,1,-0.001753531417437948,-0.0856607477469431,0.9764627406136926
2014-01-23,1,0.003318044305650414,-0.08262692959757212,0.9797026872498658
2014-01-24,1,0.0009726680284019018,-0.08173463014187488,0.9806556127310931
2014-01-27,1,-0.0009717228646389797,-0.08262692959757212,0.9797026872498658
2014-01-28,1,0.0009726680284019018,-0.08173463014187488,0.9806556127310931
2014-01-29,1,0.0020406180157419573,-0.07986080128491035,0.9826567562416707
2014-01-30,1,-0.0006788207913112076,-0.08048541090389849,0.9819897084048115
2014-01-31,1,0.0008733624454149158,-0.07968234139377084,0.9828473413379162
2014-02-03,1,0.002617801047120283,-0.07727313286338822,0.98542024013723
2014-02-04,1,-0.0009670244657189464,-0.07816543231908557,0.9844673146560026
2014-02-05,1,-0.001064756557932478,-0.07914696172035274,0.9834190966266524
2014-02-06,1,-0.0010658914728681745,-0.08012849112161968,0.9823708785973023
2014-02-07,1,0.001455039286060611,-0.07879004193807382,0.9838002668191432
2014-02-10,1,-0.00029058504455636847,-0.07905773177478304,0.9835143891747751
2014-02-11,1,-0.0015502373800987401,-0.0804854109038986,0.9819897084048114
2014-02-12,1,-0.0014556040756913413,-0.08182386008744458,0.9805603201829703
2014-02-13,1,0.0021379980563653866,-0.07986080128491047,0.9826567562416706
2014-02-14,1,-0.000581846392552432,-0.08039618095832901,0.982085000952934
2014-02-18,1,0.0013584319813699786,-0.07914696172035285,0.9834190966266523
2014-02-19,1,-0.0010658914728681745,-0.0801284911216198,0.9823708785973022
2014-02-20,1,-0.0008730235716364332,-0.08093156063174733,0.9815132456641976
2014-02-21,1,0.0002912621359223433,-0.08066387079503812,0.9817991233085659
2014-02-24,1,-0.0005823546539842628,-0.08119925046845655,0.9812273680198295
2014-02-25,1,0.0014567349713510147,-0.07986080128491035,0.9826567562416707
2014-02-26,1,0.0008727695888284259,-0.07905773177478292,0.9835143891747752
2014-02-27,1,0.0007751186900495366,-0.07834389221022497,0.9842767295597572
2014-02-28,1,-0.0012585923129054821,-0.07950388150263155,0.9830379264341615
2014-03-03,1,0.0016479255525396752,-0.07798697242794606,0.984657899752248
2014-03-04,1,-0.0025162102003291054,-0.0803069510127592,0.9821802935010568
2014-03-05,1,-9.702144173850957e-05,-0.08039618095832879,0.9820850009529343
2014-03-06,1,-0.0012614011255578372,-0.08155617025073525,0.9808461978273387
2014-03-07,1,-0.002331681725444512,-0.08369768894440888,0.978559176672393
2014-03-10,1,0.0003895218619145435,-0.08334076916212996,0.978940346864884
2014-03-11,1,0.0003893701937116578,-0.08298384937985104,0.9793215170573749
2014-03-12,1,0.000973046608932604,-0.08209154992415368,0.9802744425386023
2014-03-13,1,0.002235831632156904,-0.08003926117604998,0.9824661711454251
2014-03-14,1,-9.69932104751825e-05,-0.08012849112161957,0.9823708785973024
2014-03-17,1,-0.0015520419051313628,-0.08155617025073525,0.9808461978273387
2014-03-18,1,0.0007772272418147264,-0.08084233068617752,0.9816085382123205
2014-03-19,1,-0.004756819726240313,-0.08521459801909448,0.9769392033543063
2014-03-20,1,-0.0003901677721419583,-0.08557151780137329,0.9765580331618154
2014-03-21,1,0.0,-0.08557151780137329,0.9765580331618154
2014-03-24,1,-0.0004879000780639853,-0.08601766752922191,0.9760815704212018
2014-03-25,1,0.0004881382407497803,-0.08557151780137329,0.9765580331618154
2014-03-26,1,0.001366120218579292,-0.08432229856339701,0.9778921288355338
2014-03-27,1,0.00019489378288839454,-0.0841438386722575,0.9780827139317794
2014-03-28,1,-0.0012665627435697324,-0.08530382796466396,0.9768439108061838
2014-03-31,1,-0.0003902058335772951,-0.08566074774694299,0.9764627406136928
2014-04-01,1,-0.0005855372304088835,-0.08619612742036142,0.9758909853249563
2014-04-02,1,-0.0018552875695733162,-0.08789149638618643,0.9740804269106242
2014-04-03,1,0.00019565642731356192,-0.08771303649504703,0.9742710120068696
2014-04-04,1,0.002640845070422726,-0.08530382796466407,0.9768439108061837
2014-04-07,1,0.0009755145839429602,-0.08441152850896683,0.977796836287411
2014-04-08,1,0.00029236916479868924,-0.08414383867225772,0.9780827139317791
2014-04-09,1,0.0009742790335152129,-0.08325153921656037,0.9790356394130065
2014-04-10,1,0.002043994549348005,-0.08137771035959573,0.9810367829235842
2014-04-11,1,0.00019426906265174182,-0.08119925046845633,0.9812273680198297
2014-04-14,1,-0.0009711566475671951,-0.08209154992415357,0.9802744425386024
2014-04-15,1,-0.00038884028385344216,-0.08244846970643249,0.9798932723461115
2014-04-16,1,-0.0009724788485849789,-0.08334076916212974,0.9789403468648842
2014-04-17,1,-0.002628248807553857,-0.08574997769251258,0.9763674480655702
2014-04-21,1,0.00019519812609813947,-0.08557151780137306,0.9765580331618158
2014-04-22,1,-0.0005854800936768711,-0.08610689747479139,0.9759862778730793
2014-04-23,1,0.0011716461628588082,-0.08503613812795463,0.9771297884505522
2014-04-24,1,-9.752291788578393e-05,-0.08512536807352444,0.9770344959024294
2014-04-25,1,0.000390129718131238,-0.08476844829124552,0.9774156660949204
2014-04-28,1,0.0,-0.08476844829124552,0.9774156660949204
2014-04-29,1,-0.0005849663644339476,-0.08530382796466374,0.976843910806184
2014-04-30,1,0.0014632718759144403,-0.08396537878111787,0.978273299028025
2014-05-01,1,0.0010714981492303544,-0.08298384937985104,0.9793215170573749
2014-05-02,1,-0.0006811326262526896,-0.08360845899883895,0.9786544692205159
2014-05-05,1,-0.00019474196689384105,-0.08378691888997847,0.9784638841242704
2014-05-06,1,9.73899493570407e-05,-0.08369768894440888,0.978559176672393
2014-05-07,1,0.0009738046547862478,-0.08280538948871152,0.9795121021536204
2014-05-08,1,0.0009728572818366032,-0.08191309003301428,0.9804650276348477
2014-05-09,1,-0.000388764700165245,-0.0822700098152932,0.9800838574423567
2014-05-12,1,-0.0010695187165775666,-0.08325153921656037,0.9790356394130065
2014-05-13,1,0.0012653299591200984,-0.0820915499241539,0.9802744425386021
2014-05-14,1,0.0020414114902302938,-0.0802177210671895,0.9822755860491795
2014-05-15,1,0.0010671323244082487,-0.07923619166592233,0.9833238040785297
2014-05-16,1,-0.0005814516910553902,-0.07977157133934076,0.9827520487897933
2014-05-19,1,0.0,-0.07977157133934076,0.9827520487897933
2014-05-20,1,0.0011635799476390485,-0.0787008119925039,0.9838955593672662
2014-05-21,1,-0.0006779661016949046,-0.07932542161149192,0.9832285115304071
2014-05-22,1,-0.0009691800736577605,-0.08021772106718938,0.9822755860491796
2014-05-23,1,0.0006790842064416935,-0.07959311144820125,0.9829426338860389
2014-05-27,1,9.6946194861669e-05,-0.07950388150263166,0.9830379264341614
2014-05-28,1,0.002132609538580743,-0.07754082270009754,0.9851343624928616
2014-05-29,1,-0.00048365254401239177,-0.07798697242794628,0.9846578997522478
2014-05-30,1,-0.0005806638923836482,-0.07852235210136471,0.9840861444635114
2014-06-02,1,-0.0023240050353442454,-0.08066387079503834,0.9817991233085657
2014-06-03,1,-0.001552945743958034,-0.08209154992415402,0.9802744425386019
2014-06-04,1,-0.0002916302128900261,-0.08235923976086323,0.9799885648942337
2014-06-05,1,0.000777907429015956,-0.0816454001963054,0.9807509052792156
2014-06-06,1,-0.0009716284492811145,-0.08253769965200275,0.9797979797979881
2014-06-09,1,-0.0009725734292939103,-0.0834299991077001,0.9788450543167607
2014-06-10,1,-0.0008761682242991453,-0.08423306861782776,0.977987421383656
2014-06-11,1,0.00029231218941827564,-0.08396537878111865,0.9782732990280242
2014-06-12,1,0.0014611338398597962,-0.08262692959757256,0.9797026872498653
2014-06-13,1,-0.0012644684369224057,-0.08378691888997902,0.9784638841242698
2014-06-16,1,-0.0001947798987145255,-0.08396537878111865,0.9782732990280242
2014-06-17,1,-0.001850769530489016,-0.08566074774694366,0.9764627406136921
2014-06-18,1,0.0010734849224163234,-0.0846792183456766,0.9775109586430422
2014-06-19,1,0.0007798791187365595,-0.08396537878111876,0.9782732990280241
2014-06-20,1,-0.00038963569062921977,-0.08432229856339768,0.9778921288355331
2014-06-23,1,-9.744689144419727e-05,-0.08441152850896749,0.9777968362874103
2014-06-24,1,0.0008771074943962898,-0.08360845899883984,0.978654469220515
2014-06-25,1,0.0009737098344693162,-0.08271615954314249,0.9796073947017424
2014-06-26,1,0.0011673151750972721,-0.08164540019630562,0.9807509052792153
2014-06-27,1,0.0,-0.08164540019630562,0.9807509052792153
2014-06-30,1,-9.716284492811145e-05,-0.08173463014187543,0.9806556127310925
2014-07-01,1,-0.0012632397240306403,-0.08289461943428189,0.9794168096054969
2014-07-02,1,-0.0020431990659661725,-0.08476844829124641,0.9774156660949194
2014-07-03,1,-0.0010724383347957556,-0.08574997769251347,0.9763674480655693
2014-07-07,1,0.0002927971891470982,-0.08548228785580414,0.9766533257099376
2014-07-08,1,0.0012684164308713886,-0.08432229856339757,0.9778921288355332
2014-07-09,1,0.0006821282401090478,-0.08369768894440954,0.9785591766723923
2014-07-10,1,0.0009738046547862478,-0.08280538948871219,0.9795121021536197
2014-07-11,1,0.00019457145636736506,-0.08262692959757267,0.9797026872498652
2014-07-14,1,-0.0010699348312420698,-0.08360845899883973,0.9786544692205151
2014-07-15,1,-0.0005842259006816342,-0.08414383867225816,0.9780827139317787
2014-07-16,1,-0.00019485580670297598,-0.08432229856339746,0.9778921288355333
2014-07-17,1,0.001851490937438971,-0.08262692959757267,0.9797026872498652
2014-07-18,1,-0.0006808676198813979,-0.08325153921656092,0.979035639413006
2014-07-21,1,-0.00038933229511384226,-0.08360845899883984,0.978654469220515
2014-07-22,1,0.0006815968841284992,-0.0829838493798517,0.9793215170573741
2014-07-23,1,0.0001946093217866096,-0.08280538948871219,0.9795121021536197
2014-07-24,1,-0.001653857379122492,-0.08432229856339757,0.9778921288355332
2014-07-25,1,0.0007795751315533561,-0.08360845899883973,0.9786544692205151
2014-07-28,1,-0.0008763388510224512,-0.08441152850896738,0.9777968362874104
2014-07-29,1,0.000779651106129986,-0.08369768894440954,0.9785591766723923
2014-07-30,1,-0.0025318921024442,-0.08601766752922246,0.9760815704212013
2014-07-31,1,-9.762764815002267e-05,-0.08610689747479228,0.9759862778730785
2014-08-01,1,0.002831478226908768,-0.08351922905327003,0.9787497617686378
2014-08-04,1,0.0004868075163082519,-0.08307307932542118,0.9792262245092517
2014-08-05,1,0.0,-0.08307307932542118,0.9792262245092517
2014-08-06,1,0.00029194239003493827,-0.08280538948871208,0.9795121021536198
2014-08-07,1,0.0015565716509386984,-0.0813777103595964,0.9810367829235835
2014-08-08,1,-0.00038853812530359466,-0.08173463014187532,0.9806556127310926
2014-08-11,1,-0.00019434457292777374,-0.08191309003301483,0.9804650276348471
2014-08-12,1,-0.00029157352512387824,-0.08218077986972394,0.980179149990479
2014-08-13,1,0.0012638537818392415,-0.08102079057731759,0.9814179531160744
2014-08-14,1,0.00048548402757564446,-0.08057464084946875,0.9818944158566882
2014-08-15,1,0.0009704968944099779,-0.0796823413937714,0.9828473413379156
2014-08-18,1,-0.001066511537715753,-0.08066387079503856,0.9817991233085654
2014-08-19,1,-0.0005823546539842628,-0.08119925046845688,0.981227368019829
2014-08-20,1,-0.0014567349713509037,-0.08253769965200297,0.9797979797979879
2014-08-21,1,0.000291772028788273,-0.08227000981529375,0.9800838574423562
2014-08-22,1,-0.0008750607681088374,-0.0830730793254213,0.9792262245092516
2014-08-25,1,-9.73141300116831e-05,-0.08316230927099111,0.9791309319611288
2014-08-26,1,0.0003892944038930146,-0.08280538948871208,0.9795121021536198
2014-08-27,1,0.0007782858254694602,-0.08209154992415413,0.9802744425386017
2014-08-28,1,0.0007776805677068843,-0.08137771035959618,0.9810367829235838
2014-08-29,1,-9.713453132598193e-05,-0.08146694030516599,0.980941490375461
2014-09-02,1,-0.0023314552166310287,-0.08360845899883962,0.9786544692205152
2014-09-03,1,9.737098344686501e-05,-0.08351922905326992,0.9787497617686379
2014-09-04,1,-0.0009736150326160598,-0.08441152850896727,0.9777968362874105
2014-09-05,1,0.00048728194133129676,-0.08396537878111854,0.9782732990280243
2014-09-08,1,-0.0007792713812585506,-0.08467921834567638,0.9775109586430424
2014-09-09,1,-0.001462273347631049,-0.08601766752922235,0.9760815704212014
2014-09-10,1,-0.0007810211851997373,-0.0867315070937803,0.9753192300362193
2014-09-11,1,9.770395701025336e-05,-0.08664227714821071,0.975414522584342
2014-09-12,1,-0.001660805001953869,-0.08815918622289609,0.9737945492662555
2014-09-15,1,0.0007828554653097619,-0.08744534665833825,0.9745568896512374
2014-09-16,1,0.0004889019262734884,-0.08699919693048963,0.9750333523918511
2014-09-17,1,-0.0009773260359655644,-0.08789149638618698,0.9740804269106237
2014-09-18,1,-0.0012717667775385966,-0.08905148567859344,0.9728416237850281
2014-09-19,1,0.0006856695072974262,-0.08842687605960531,0.9735086716218873
2014-09-22,1,0.0011746280344557825,-0.08735611671276855,0.9746521821993601
2014-09-23,1,0.0008799374266719173,-0.0865530472026409,0.9755098151324648
2014-09-24,1,-0.0011722184233662336,-0.08762380654947766,0.974366304554992
2014-09-25,1,0.0017603911980441644,-0.08601766752922235,0.9760815704212014
2014-09-26,1,-0.0013667870740994292,-0.08726688676719863,0.974747474747483
2014-09-29,1,0.0011731352038322207,-0.08619612742036187,0.9758909853249559
2014-09-30,1,-0.0011717605702566969,-0.08726688676719851,0.9747474747474831
2014-10-01,1,0.003519405611496662,-0.08405460872668824,0.9781780064799016
2014-10-02,1,-0.000779347296639199,-0.08476844829124619,0.9774156660949196
2014-10-03,1,-0.0011699327288680061,-0.08583920763808295,0.9762721555174468
2014-10-06,1,0.0013665202537822552,-0.08458998840010667,0.9776062511911651
2014-10-07,1,0.002046983136757996,-0.08271615954314226,0.9796073947017426
2014-10-08,1,0.002042801556420226,-0.08084233068617785,0.9816085382123201
2014-10-09,1,9.707795359670257e-05,-0.08075310074060826,0.9817038307604428
2014-10-10,1,0.0003882741215297525,-0.08039618095832923,0.9820850009529337
2014-10-13,1,0.0,-0.08039618095832923,0.9820850009529337
2014-10-14,1,0.0036871725208615924,-0.07700544302667944,0.9857061177815977
2014-10-15,1,0.004543696829079735,-0.07281163558490189,0.9901848675433664
2014-10-16,1,-0.002309691078818177,-0.07495315427857552,0.9878978463884207
2014-10-17,1,-0.001736278576251582,-0.07655929329883082,0.9861825805222114
2014-10-20,1,0.000869649241472592,-0.07575622378870317,0.987040213455316
2014-10-21,1,-0.0005792624058699181,-0.0762916034621216,0.9864684581665796
2014-10-22,1,-0.0009659969088098297,-0.07718390291781885,0.9855155326853523
2014-10-23,1,-0.0015470895378070226,-0.07861158204693464,0.9839908519153885
2014-10-24,1,-9.684292078249168e-05,-0.07870081199250434,0.9838955593672657
2014-10-27,1,0.0004842615012106144,-0.07825466226465572,0.9843720221078793
2014-10-28,1,-0.0006776379477250183,-0.07887927188364385,0.9837049742710202
2014-10-29,1,-0.0027123898091639953,-0.0813777103595964,0.9810367829235835
2014-10-30,1,0.0006799417192810964,-0.08075310074060837,0.9817038307604425
2014-10-31,1,-0.0011648223645892575,-0.08182386008744513,0.9805603201829698
2014-11-03,1,-0.0005830903790087216,-0.08235923976086357,0.9799885648942334
2014-11-04,1,0.0,-0.08235923976086357,0.9799885648942334
2014-11-05,1,-9.723842862707777e-05,-0.08244846970643327,0.9798932723461106
2014-11-06,1,-0.0008752309637265476,-0.08325153921656103,0.9790356394130059
2014-11-07,1,0.002238660696904926,-0.081199250468457,0.9812273680198289
2014-11-10,1,-0.001748081965620929,-0.08280538948871219,0.9795121021536197
2014-11-11,1,0.0,-0.08280538948871219,0.9795121021536197
2014-11-12,1,0.00019457145636736506,-0.08262692959757267,0.9797026872498652
2014-11-13,1,0.0006808676198812869,-0.08200231997858465,0.9803697350867243
2014-11-14,1,0.0005832037325039785,-0.0814669403051661,0.9809414903754609
2014-11-17,1,-0.0006800077715173325,-0.08209154992415413,0.9802744425386017
2014-11-18,1,0.0005832604257800522,-0.08155617025073592,0.9808461978273381
2014-11-19,1,-0.0009715340522685745,-0.08244846970643327,0.9798932723461107
2014-11-20,1,0.0006807351940096851,-0.08182386008744491,0.98056032018297
2014-11-21,1,0.00029154518950447184,-0.0815561702507357,0.9808461978273383
2014-11-24,1,0.00029146021568049463,-0.08128848041402648,0.9811320754717064
2014-11-25,1,0.0012626262626262985,-0.0801284911216199,0.9823708785973021
2014-11-26,1,0.0007760209525657924,-0.07941465155706195,0.9831332189822841
2014-11-28,1,0.0012600562178928243,-0.07825466226465538,0.9843720221078798
2014-12-01,1,-0.00019361084220714808,-0.07843312215579479,0.9841814370116343
2014-12-02,1,-0.002226955848179779,-0.08048541090389871,0.9819897084048113
2014-12-03,1,-0.0005822416302765365,-0.08102079057731715,0.9814179531160748
2014-12-04,1,0.0008738712496358936,-0.0802177210671896,0.9822755860491794
2014-12-05,1,-0.003298409002716385,-0.08325153921656059,0.9790356394130063
2014-12-08,1,0.0007786645902276845,-0.08253769965200275,0.9797979797979881
2014-12-09,1,0.0012643454580820723,-0.08137771035959629,0.9810367829235837
2014-12-10,1,0.0019426906265178623,-0.07959311144820147,0.9829426338860385
2014-12-11,1,-0.0010664081434803574,-0.08057464084946853,0.9818944158566885
2014-12-12,1,0.0026203416149068737,-0.07816543231908568,0.9844673146560025
2014-12-15,1,-0.0015487368115381095,-0.07959311144820136,0.9829426338860386
2014-12-16,1,0.0015511391177895906,-0.07816543231908568,0.9844673146560025
2014-12-17,1,-0.003000677572355115,-0.08093156063174745,0.9815132456641975
2014-12-18,1,-0.0015533980582523865,-0.08235923976086323,0.9799885648942337
2014-12-19,1,0.0001944768572539335,-0.08218077986972372,0.9801791499904792
2014-12-22,1,-9.721952167995873e-05,-0.08227000981529353,0.9800838574423564
2014-12-23,1,-0.002625182304326623,-0.08467921834567627,0.9775109586430425
2014-12-24,1,-0.0002924546695262098,-0.08494690818238548,0.9772250809986743
2014-12-26,1,0.0,-0.08494690818238548,0.9772250809986743
2014-12-29,1,0.0015602145294977277,-0.0835192290532698,0.978749761768638
2014-12-30,1,0.0008762535293544982,-0.08271615954314226,0.9796073947017426
2014-12-31,1,0.00029182879377431803,-0.08244846970643316,0.9798932723461108
2015-01-02,1,0.0011669746183020635,-0.08137771035959629,0.9810367829235837
2015-01-05,1,0.0018455560951917693,-0.0796823413937714,0.9828473413379156
2015-01-06,1,0.002423889858444772,-0.07745159275452806,0.985229655040984
2015-01-07,1,0.0005803269174968761,-0.07691621308110974,0.9858014103297205
2015-01-08,1,-0.0009666505558241223,-0.0778085125368071,0.9848484848484931
2015-01-09,1,0.0018384131591679953,-0.07611314357098209,0.9866590432628252
2015-01-12,1,0.001835039598222954,-0.07441777460515708,0.9884696016771573
2015-01-13,1,0.0010604453870626251,-0.07343624520388992,0.9895178197065074
2015-01-14,1,0.002022342064714966,-0.0715624163469255,0.991518963217085
2015-01-15,1,0.002498798654493095,-0.06924243776211236,0.9939965694682762
2015-01-16,1,-0.0022049659668297306,-0.07129472651021629,0.9918048408614532
2015-01-20,1,-0.00019215987701759474,-0.07147318640135569,0.9916142557652078
2015-01-21,1,-0.0015375744762636812,-0.07290086553047137,0.990089574995244
2015-01-22,1,-0.0014436958614052475,-0.07423931471401746,0.9886601867734028
2015-01-23,1,0.001927710843373509,-0.07245471580262275,0.9905660377358576
2015-01-26,1,-0.0006734006734007147,-0.073079325421611,0.9898989898989984
2015-01-27,1,0.0004813246053139153,-0.07263317569376226,0.9903754526396121
2015-01-28,1,0.0028865582603674333,-0.06995627732667031,0.9932342290832942
2015-01-29,1,-0.0008634750071956354,-0.07075934683679796,0.9923765961501895
2015-01-30,1,0.0027847128864990633,-0.06817167841527572,0.9951400800457489
2015-02-02,1,0.00047878961984104684,-0.06772552868742698,0.9956165427863627
2015-02-03,1,-0.0033499234303216996,-0.07084857678236767,0.9922813036020668
2015-02-04,1,-0.00038413521559577113,-0.07120549656464648,0.991900133409576
2015-02-05,1,-0.0004803535402055914,-0.0716516462924951,0.9914236706689623
2015-02-06,1,-0.005574778931180413,-0.0768269831355397,0.9858967028778435
2015-02-09,1,-0.0005799342741155122,-0.07736236280895803,0.9853249475891072
2015-02-10,1,-0.0010638297872340718,-0.07834389221022509,0.984276729559757
2015-02-11,1,0.0,-0.07834389221022509,0.984276729559757
2015-02-12,1,0.0004840739665019633,-0.07789774248237658,0.9847531923003705
2015-02-13,1,-0.0007741436036384775,-0.07861158204693453,0.9839908519153886
2015-02-17,1,-0.003680030989734795,-0.08200231997858454,0.9803697350867244
2015-02-18,1,0.0032076205287714377,-0.07905773177478326,0.9835143891747749
2015-02-19,1,-0.0015502373800987401,-0.08048541090389882,0.9819897084048111
2015-02-20,1,-0.001067442988840317,-0.08146694030516588,0.9809414903754611
2015-02-23,1,0.0022343112492715367,-0.07941465155706195,0.9831332189822841
2015-02-24,1,0.002810894639914574,-0.07682698313553982,0.9858967028778434
2015-02-25,1,0.0,-0.07682698313553982,0.9858967028778434
2015-02-26,1,-0.002029769959404515,-0.07870081199250423,0.9838955593672659
2015-02-27,1,0.0007748184019369386,-0.07798697242794639,0.9846578997522477
2015-03-02,1,-0.0025162102003291054,-0.08030695101275953,0.9821802935010565
2015-03-03,1,-0.0012612787426020677,-0.08146694030516599,0.980941490375461
2015-03-04,1,0.00048571983679801534,-0.08102079057731748,0.9814179531160745
2015-03-05,1,0.0008738712496358936,-0.08021772106718994,0.9822755860491791
2015-03-06,1,-0.0043655413271246335,-0.08423306861782798,0.9779874213836558
2015-03-09,1,0.0013641235506187677,-0.0829838493798517,0.9793215170573741
2015-03-10,1,0.0017514838960785983,-0.08137771035959651,0.9810367829235834
2015-03-11,1,9.713453132587091e-05,-0.08128848041402681,0.9811320754717061
2015-03-12,1,0.0010683760683760646,-0.08030695101275975,0.9821802935010562
2015-03-13,1,-0.00029106432521575076,-0.08057464084946886,0.9818944158566881
2015-03-16,1,0.0003881987577638579,-0.08021772106719005,0.982275586049179
2015-03-17,1,0.0004850601474581939,-0.07977157133934143,0.9827520487897926
2015-03-18,1,0.00465431979055575,-0.07548853395199406,0.9873260910996842
2015-03-19,1,-0.001737284045941423,-0.07709467297224915,0.985610825233475
2015-03-20,1,0.001836991201779048,-0.07539930400642414,0.9874213836478071
2015-03-23,1,0.0005790387955992848,-0.07486392433300582,0.9879931389365435
2015-03-24,1,0.0009645061728393856,-0.07397162487730857,0.9889460644177708
2015-03-25,1,-0.001252649836191888,-0.07513161416971503,0.9877072612921752
2015-03-26,1,-0.0021225277375783724,-0.07709467297224915,0.985610825233475
2015-03-27,1,0.001836991201779048,-0.07539930400642414,0.9874213836478071
2015-03-30,1,-0.0001930129318665763,-0.07557776389756377,0.9872307985515615
2015-03-31,1,0.0007722007722008595,-0.07486392433300582,0.9879931389365435
2015-04-01,1,0.0017361111111109384,-0.07325778531275073,0.9897084048027526
2015-04-02,1,-0.0008665511265164572,-0.07406085482287827,0.988850771869648
2015-04-06,1,0.001156403584851251,-0.0729900954760414,0.989994282447121
2015-04-07,1,-0.0005775339301183902,-0.07352547514945984,0.9894225271583845
2015-04-08,1,-0.0001926225561013073,-0.07370393504059924,0.989231942062139
2015-04-09,1,-0.001926596666987801,-0.07548853395199395,0.9873260910996843
2015-04-10,1,-0.00028954734099029267,-0.07575622378870317,0.987040213455316
2015-04-13,1,0.0006758061401814786,-0.07513161416971514,0.9877072612921751
2015-04-14,1,0.0013506994693681662,-0.07388239493173876,0.9890413569658936
2015-04-15,1,0.00048174197899597537,-0.07343624520389014,0.9895178197065072
2015-04-16,1,0.0010593220338983578,-0.07245471580262297,0.9905660377358574
2015-04-17,1,0.0,-0.07245471580262297,0.9905660377358574
2015-04-20,1,-0.0012506012506013908,-0.07361470509502965,0.9893272346102616
2015-04-21,1,-0.00048160277403197504,-0.07406085482287827,0.988850771869648
2015-04-22,1,-0.0018309723426809255,-0.07575622378870317,0.987040213455316
2015-04-23,1,0.0010619810774281646,-0.07477469438743611,0.9880884314846662
2015-04-24,1,0.0010608544700549949,-0.07379316498616895,0.9891366495140164
2015-04-27,1,-0.0005780346820809523,-0.07432854465958738,0.9885648942252799
2015-04-28,1,-0.0013495276653171517,-0.07557776389756365,0.9872307985515616
2015-04-29,1,-0.0013513513513513375,-0.07682698313553993,0.9858967028778433
2015-04-30,1,-0.0004832785617630009,-0.07727313286338855,0.9854202401372296
2015-05-01,1,-0.0023208587177254714,-0.07941465155706207,0.983133218982284
2015-05-04,1,-9.69274013764565e-05,-0.07950388150263188,0.9830379264341612
2015-05-05,1,-0.0014540519581232036,-0.08084233068617774,0.9816085382123202
2015-05-06,1,-0.001359091350354391,-0.08209154992415402,0.9802744425386019
2015-05-07,1,0.0008748906386699673,-0.08128848041402659,0.9811320754717063
2015-05-08,1,0.002039627039627012,-0.07941465155706229,0.9831332189822838
2015-05-11,1,-0.00339245904817298,-0.08253769965200297,0.9797979797979879
2015-05-12,1,0.0004862867146471217,-0.08209154992415413,0.9802744425386017
2015-05-13,1,0.00029163021289013713,-0.08182386008744491,0.98056032018297
2015-05-14,1,0.001652089407191415,-0.08030695101275953,0.9821802935010565
2015-05-15,1,0.0018434073930340134,-0.07861158204693441,0.9839908519153887
2015-05-18,1,-0.002421073019562292,-0.08084233068617774,0.9816085382123202
2015-05-19,1,-0.0016503252111446098,-0.08235923976086335,0.9799885648942336
2015-05-20,1,0.0009723842862698895,-0.08146694030516599,0.980941490375461
2015-05-21,1,0.0015543034777540932,-0.0800392611760502,0.9824661711454248
2015-05-22,1,-0.002230843840931085,-0.08209154992415402,0.9802744425386019
2015-05-26,1,0.002138621561193821,-0.0801284911216198,0.9823708785973022
2015-05-27,1,-0.0001940052381415036,-0.08030695101275942,0.9821802935010566
2015-05-28,1,0.0008731929756475854,-0.07950388150263188,0.9830379264341612
2015-05-29,1,0.0011632415664986073,-0.07843312215579501,0.9841814370116341
2015-06-01,1,-0.0032920216886135334,-0.08146694030516599,0.980941490375461
2015-06-02,1,-0.0019428793471926165,-0.08325153921656081,0.9790356394130061
2015-06-03,1,-0.002725326065797118,-0.08574997769251325,0.9763674480655695
2015-06-04,1,0.0015615850087840055,-0.08432229856339735,0.9778921288355334
2015-06-05,1,-0.0034106412005457942,-0.08744534665833814,0.9745568896512375
2015-06-08,1,0.001075584237801852,-0.08646381725707109,0.9756051076805876
2015-06-09,1,-0.0010744285993358194,-0.08744534665833825,0.9745568896512374
2015-06-10,1,-0.001760046934584869,-0.08905148567859333,0.9728416237850283
2015-06-11,1,0.0022529140954059557,-0.08699919693048952,0.9750333523918512
2015-06-12,1,-0.0002931978107895139,-0.08726688676719851,0.9747474747474831
2015-06-15,1,0.0010753739368463133,-0.08628535736593146,0.9757956927768333
2015-06-16,1,0.0010742187499999112,-0.0853038279646644,0.9768439108061834
2015-06-17,1,0.0012681689591258483,-0.08414383867225794,0.9780827139317789
2015-06-18,1,-0.00058456742010915,-0.08467921834567627,0.9775109586430425
2015-06-19,1,0.0021446675765255385,-0.08271615954314226,0.9796073947017426
2015-06-22,1,-0.002237354085603105,-0.08476844829124608,0.9774156660949197
2015-06-23,1,-0.0018523934873744263,-0.08646381725707097,0.9756051076805877
2015-06-24,1,0.0009767532721236538,-0.0855715178013734,0.9765580331618153
2015-06-25,1,-0.0005854800936768711,-0.08610689747479183,0.9759862778730789
2015-06-26,1,-0.00205038078500297,-0.08798072633175635,0.9739851343625013
2015-06-29,1,0.0045005381078173645,-0.08387614883554839,0.9783685915761474
2015-06-30,1,-0.0007791954806661838,-0.08458998840010634,0.9776062511911655
2015-07-01,1,-0.002826786236475365,-0.0871776568216287,0.974842767295606
2015-07-02,1,0.0019550342130987275,-0.085393057910234,0.9767486182580608
2015-07-06,1,0.003219512195121954,-0.08244846970643283,0.9798932723461111
2015-07-07,1,0.0011669746183020635,-0.08137771035959596,0.981036782923584
2015-07-08,1,0.001165614375910451,-0.08030695101275942,0.9821802935010566
2015-07-09,1,-0.0028136218104199973,-0.08289461943428156,0.9794168096054974
2015-07-10,1,-0.003794512551079987,-0.08637458731150105,0.9757004002287106
2015-07-13,1,-0.0006836605137221508,-0.0869991969304893,0.9750333523918514
2015-07-14,1,0.0012705238467554114,-0.08583920763808262,0.9762721555174472
2015-07-15,1,0.0014641288433381305,-0.08450075845453664,0.9777015437392882
2015-07-16,1,-0.0008771929824560321,-0.08530382796466407,0.9768439108061837
2015-07-17,1,-0.0004877572919715911,-0.0857499776925128,0.97636744806557
2015-07-20,1,-0.0012687878196369073,-0.08690996698491926,0.9751286449399744
2015-07-21,1,0.0011726766344180017,-0.08583920763808262,0.9762721555174472
2015-07-22,1,0.0,-0.08583920763808262,0.9762721555174472
2015-07-23,1,0.001073694485114629,-0.08485767823681556,0.9773203735467972
2015-07-24,1,0.0003900156006240163,-0.08450075845453664,0.9777015437392882
2015-07-27,1,0.0017543859649122862,-0.08289461943428145,0.9794168096054975
2015-07-28,1,-0.0006810663553221685,-0.0835192290532697,0.9787497617686381
2015-07-29,1,-0.0007788920260928256,-0.08423306861782753,0.9779874213836564
2015-07-30,1,-0.0003897495858909972,-0.08458998840010634,0.9776062511911655
2015-07-31,1,0.0025343600740812544,-0.08227000981529331,0.9800838574423566
2015-08-03,1,0.0012639766650461848,-0.08111002052288685,0.9813226605679521
2015-08-04,1,-0.002718974558166609,-0.0836084589988394,0.9786544692205155
2015-08-05,1,-0.0017526777020449025,-0.0852145980190947,0.9769392033543061
2015-08-06,1,0.0010729613733906351,-0.08423306861782753,0.9779874213836562
2015-08-07,1,0.0009743739647276595,-0.08334076916213029,0.9789403468648836
2015-08-10,1,-0.0014601382264187723,-0.08467921834567615,0.9775109586430426
2015-08-11,1,0.0033144862546305998,-0.08164540019630528,0.9807509052792157
2015-08-12,1,0.0005829770695686687,-0.08111002052288674,0.9813226605679523
2015-08-13,1,-0.00233054962128576,-0.08325153921656037,0.9790356394130065
2015-08-14,1,-0.0007786645902277955,-0.0839653787811182,0.9782732990280246
2015-08-17,1,0.0014611338398597962,-0.08262692959757212,0.9797026872498658
2015-08-18,1,-0.0009726680284020128,-0.08351922905326958,0.9787497617686383
2015-08-19,1,0.0026287605880634946,-0.08111002052288685,0.9813226605679521
2015-08-20,1,0.0004855311711011723,-0.08066387079503823,0.9817991233085658
2015-08-21,1,0.001552945743958034,-0.07923619166592244,0.9833238040785296
2015-08-24,1,0.0022288981490454773,-0.07718390291781851,0.9855155326853526
2015-08-25,1,-0.004157803132856408,-0.08102079057731715,0.9814179531160748
2015-08-26,1,-0.00019419361103012456,-0.08119925046845655,0.9812273680198295
2015-08-27,1,-0.00029134699427013633,-0.08146694030516566,0.9809414903754613
2015-08-28,1,-0.001360015543034776,-0.08271615954314193,0.979607394701743
2015-08-31,1,-0.0004863813229571967,-0.08316230927099055,0.9791309319611293
2015-09-01,1,0.0010705596107056792,-0.08218077986972339,0.9801791499904795
2015-09-02,1,-0.0005833171300797524,-0.08271615954314182,0.9796073947017431
2015-09-03,1,0.0011673151750972721,-0.08164540019630506,0.9807509052792159
2015-09-04,1,0.000874465604352892,-0.08084233068617752,0.9816085382123205
2015-09-08,1,-0.002038637025531531,-0.08271615954314193,0.979607394701743
2015-09-09,1,0.00038910505836575737,-0.08235923976086301,0.9799885648942339
2015-09-10,1,-0.000777907429015956,-0.08307307932542085,0.979226224509252
2015-09-11,1,0.0013623978201635634,-0.08182386008744447,0.9805603201829705
2015-09-14,1,-9.718172983486095e-05,-0.08191309003301428,0.9804650276348477
2015-09-15,1,-0.003498882301486983,-0.08512536807352467,0.9770344959024292
2015-09-16,1,-0.000585194577196968,-0.08566074774694299,0.9764627406136928
2015-09-17,1,0.004001171074460741,-0.08200231997858398,0.980369735086725
2015-09-18,1,0.002138413685847551,-0.08003926117604987,0.9824661711454252
2015-09-21,1,-0.0023278370514063784,-0.08218077986972339,0.9801791499904795
2015-09-22,1,0.0026249270853586637,-0.07977157133934065,0.9827520487897934
2015-09-23,1,-0.0005817899738195242,-0.0803069510127592,0.9821802935010568
2015-09-24,1,0.0005821286504317236,-0.07977157133934076,0.9827520487897933
2015-09-25,1,-0.0012605449432754323,-0.08093156063174722,0.9815132456641977
2015-09-28,1,0.002135922330097184,-0.078968501829213,0.9836096817228981
2015-09-29,1,0.0014532067428794093,-0.07763005264566691,0.9850390699447392
2015-09-30,1,-0.00029021959949693255,-0.07789774248237613,0.9847531923003711
2015-10-01,1,9.676795045465703e-05,-0.07780851253680654,0.9848484848484936
2015-10-02,1,0.002805999032414297,-0.07522084411528407,0.9876119687440532
2015-10-05,1,-0.0021227325357005,-0.07718390291781818,0.985515532685353
2015-10-06,1,0.0005801585766775919,-0.07664852324439986,0.9860872879740894
2015-10-07,1,-0.001063007344414335,-0.0776300526456668,0.9850390699447393
2015-10-08,1,-0.0012576182644868927,-0.07879004193807349,0.9838002668191437
2015-10-09,1,-0.00019372336303757898,-0.07896850182921289,0.9836096817228982
2015-10-12,1,0.0,-0.07896850182921289,0.9836096817228982
2015-10-13,1,0.00155008719240457,-0.07754082270009721,0.985134362492862
2015-10-14,1,0.0029019152640743506,-0.07486392433300515,0.9879931389365442
2015-10-15,1,-0.0018325617283951878,-0.07655929329883016,0.9861825805222121
2015-10-16,1,-0.0004831384674847117,-0.07700544302667878,0.9857061177815984
2015-10-19,1,0.0,-0.07700544302667878,0.9857061177815984
2015-10-20,1,-0.001643464810518136,-0.07852235210136416,0.984086144463512
2015-10-21,1,0.001065168974532682,-0.07754082270009721,0.985134362492862
2015-10-22,1,0.00048365254401239177,-0.07709467297224848,0.9856108252334758
2015-10-23,1,-0.002417093686551297,-0.0793254216114917,0.9832285115304074
2015-10-26,1,0.0005815080441944342,-0.0787900419380736,0.9838002668191436
2015-10-27,1,0.0012592018597443744,-0.07763005264566691,0.9850390699447392
2015-10-28,1,-0.003385895327464583,-0.08075310074060771,0.9817038307604433
2015-10-29,1,-0.002038439138031367,-0.08262692959757201,0.9797026872498659
2015-10-30,1,0.0,-0.08262692959757201,0.9797026872498659
2015-11-02,1,-0.0011672016340823488,-0.08369768894440888,0.978559176672393
2015-11-03,1,-0.0011685655857435195,-0.08476844829124563,0.9774156660949201
2015-11-04,1,-0.0013649215170126183,-0.0860176675292218,0.9760815704212019
2015-11-05,1,-0.00029288294444984597,-0.08628535736593101,0.9757956927768338
2015-11-06,1,-0.003320312499999978,-0.089319175515302,0.9725557461406606
2015-11-09,1,-9.798157946305786e-05,-0.08940840546087159,0.972460453592538
2015-11-10,1,0.0010779029887311165,-0.08842687605960453,0.9735086716218881
2015-11-11,1,0.0,-0.08842687605960453,0.9735086716218881
2015-11-12,1,-0.0004894283476898353,-0.08887302578745315,0.9730322088812745
2015-11-13,1,0.0014690040152776085,-0.08753457660390718,0.9744615971031155
2015-11-16,1,0.0005867396831604754,-0.08699919693048885,0.9750333523918518
2015-11-17,1,0.0,-0.08699919693048885,0.9750333523918518
2015-11-18,1,-0.0004886630179827822,-0.08744534665833747,0.9745568896512382
2015-11-19,1,0.00019556077050952858,-0.08726688676719796,0.9747474747474838
2015-11-20,1,-0.0005865676019161103,-0.08780226644061628,0.9741757194587474
2015-11-23,1,0.0001956372884670543,-0.08762380654947699,0.9743663045549927
2015-11-24,1,0.00029339853300736074,-0.08735611671276766,0.974652182199361
2015-11-25,1,0.00019554165037138915,-0.08717765682162837,0.9748427672956064
2015-11-27,1,0.0002932551319647647,-0.08690996698491915,0.9751286449399745
2015-11-30,1,-0.0008795074758135568,-0.0877130364950468,0.9742710120068698
2015-12-01,1,0.001956181533646406,-0.0859284375836521,0.9761768629693247
2015-12-02,1,-0.0011714174150723178,-0.08699919693048896,0.9750333523918517
2015-12-03,1,-0.003909304143862258,-0.09056839475327827,0.9712216504669423
2015-12-04,1,0.0011773940345369827,-0.08949763540644129,0.9723651610444153
2015-12-07,1,0.0012740101920813984,-0.08833764611403494,0.9736039641700107
2015-12-08,1,-0.0002936282666144985,-0.08860533595074416,0.9733180865256424
2015-12-09,1,0.0013706677109848187,-0.087356116712768,0.9746521821993607
2015-12-10,1,-0.0014665623777865289,-0.08869456589631408,0.9732227939775195
2015-12-11,1,0.0034270047978068874,-0.08557151780137318,0.9765580331618156
2015-12-14,1,-0.0029274004683840227,-0.08824841616846513,0.9736992567181335
2015-12-15,1,-0.0013701311411234984,-0.0894976354064414,0.9723651610444152
2015-12-16,1,-0.0015680125441004389,-0.0909253145355573,0.9708404802744512
2015-12-17,1,0.0008833922261484162,-0.09012224502542976,0.9716981132075558
2015-12-18,1,0.0016671570069628494,-0.08860533595074416,0.9733180865256424
2015-12-21,1,0.00019580967299770435,-0.08842687605960486,0.9735086716218878
2015-12-22,1,-0.001468285043069617,-0.08976532524315073,0.9720792834000468
2015-12-23,1,-0.0005881776296441377,-0.09030070491656916,0.9715075281113104
2015-12-24,1,0.00019617459538978643,-0.09012224502542987,0.9716981132075557
2015-12-28,1,9.80680592330696e-05,-0.09003301507986017,0.9717934057556784
2015-12-29,1,-0.0022553441851344003,-0.0920853038279641,0.9696016771488554
2015-12-30,1,9.82800982800569e-05,-0.09199607388239439,0.969696969696978
2015-12-31,1,0.001179245283018826,-0.09092531453555763,0.9708404802744509
2016-01-04,1,0.0009815469179428327,-0.09003301507986017,0.9717934057556784
2016-01-05,1,9.805844283183873e-05,-0.08994378513429047,0.9718886983038011
2016-01-06,1,0.0024512207079125936,-0.08771303649504703,0.9742710120068696
2016-01-07,1,0.0011737089201877549,-0.08664227714821027,0.9754145225843425
2016-01-08,1,0.0010746385306761308,-0.0856607477469431,0.9764627406136926
2016-01-11,1,0.0,-0.0856607477469431,0.9764627406136926
2016-01-12,1,0.0014638430760223198,-0.08432229856339701,0.9778921288355338
2016-01-13,1,0.0009744689144415286,-0.08342999910769977,0.978845054316761
2016-01-14,1,-0.00038940809968834866,-0.08378691888997869,0.9784638841242702
2016-01-15,1,0.002239968835216155,-0.08173463014187488,0.9806556127310931
2016-01-19,1,-0.00048586143231943435,-0.08218077986972339,0.9801791499904795
2016-01-20,1,0.0020416099552789113,-0.0803069510127592,0.9821802935010568
2016-01-21,1,-0.0006791500921703442,-0.08093156063174722,0.9815132456641977
2016-01-22,1,-0.0013592233009708243,-0.08218077986972339,0.9801791499904795
2016-01-25,1,0.00048609760839979366,-0.08173463014187476,0.9806556127310933
2016-01-26,1,0.0010688951511028666,-0.08075310074060771,0.9817038307604433
2016-01-27,1,0.00019413706076498727,-0.08057464084946808,0.9818944158566889
2016-01-28,1,0.0007763975155279379,-0.07986080128491024,0.9826567562416708
2016-01-29,1,0.002230411171450619,-0.07780851253680654,0.9848484848484936
2016-02-01,1,-0.0014513788098693414,-0.07914696172035252,0.9834190966266526
2016-02-02,1,0.003585271317829264,-0.07584545373427243,0.9869449209071938
2016-02-03,1,9.655305590428043e-05,-0.07575622378870273,0.9870402134553166
2016-02-04,1,0.0007723498744931501,-0.07504238422414478,0.9878025538402985
2016-02-05,1,0.0,-0.07504238422414478,0.9878025538402985
2016-02-08,1,0.003569361373721769,-0.07174087623806469,0.9913283781208397
2016-02-09,1,-0.0003845044698644884,-0.07209779602034361,0.9909472079283488
2016-02-10,1,0.0003846523704202909,-0.07174087623806469,0.9913283781208397
2016-02-11,1,0.002018648466788342,-0.06986704738110039,0.9933295216314172
2016-02-12,1,-0.0035495011511894603,-0.07316855536718037,0.989803697350876
2016-02-16,1,-0.0007701935111196212,-0.0738823949317382,0.9890413569658941
2016-02-17,1,-0.0015415743327874543,-0.0753100740608541,0.9875166761959302
2016-02-18,1,0.0019299430666794848,-0.07352547514945951,0.9894225271583849
2016-02-19,1,-0.00048155639025326824,-0.07397162487730813,0.9889460644177712
2016-02-22,1,-0.00048178839853529887,-0.07441777460515675,0.9884696016771576
2016-02-23,1,0.0007712330087727981,-0.07370393504059891,0.9892319420621395
2016-02-24,1,9.63298333493956e-05,-0.0736147050950291,0.9893272346102623
2016-02-25,1,0.0018300905413215496,-0.07191933612920409,0.9911377930245944
2016-02-26,1,-0.0032689164503413304,-0.07495315427857507,0.9878978463884213
2016-02-29,1,0.0007716793672229993,-0.07423931471401701,0.9886601867734033
2016-03-01,1,-0.0034698795180723163,-0.07745159275452751,0.9852296550409847
2016-03-02,1,-0.0008704903762453142,-0.07825466226465516,0.98437202210788
2016-03-03,1,0.0006776379477251293,-0.07763005264566691,0.9850390699447392
2016-03-04,1,-0.00203153719647875,-0.07950388150263143,0.9830379264341617
2016-03-07,1,-0.0009693679720821358,-0.08039618095832868,0.9820850009529344
2016-03-08,1,0.0022317096836794725,-0.07834389221022475,0.9842767295597574
2016-03-09,1,-0.0015490366928068156,-0.07977157133934054,0.9827520487897935
2016-03-10,1,-0.0016484049258217448,-0.08128848041402603,0.981132075471707
2016-03-11,1,-0.0014568764568764214,-0.08262692959757201,0.979702687249866
2016-03-14,1,0.00019453360568033595,-0.08244846970643249,0.9798932723461115
2016-03-15,1,-9.72478848585423e-05,-0.0825376996520023,0.9797979797979887
2016-03-16,1,0.0025286909161641447,-0.08021772106718916,0.9822755860491799
2016-03-17,1,0.0010671323244082487,-0.0792361916659221,0.98332380407853
2016-03-18,1,0.001356720612462503,-0.07798697242794583,0.9846578997522484
2016-03-21,1,-0.0016452143617535775,-0.07950388150263121,0.9830379264341619
2016-03-22,1,-0.0009693679720821358,-0.08039618095832846,0.9820850009529346
2016-03-23,1,0.002134678827867331,-0.07843312215579434,0.9841814370116349
2016-03-24,1,-0.0007745933384972759,-0.07914696172035218,0.9834190966266529
2016-03-28,1,0.0005813953488371659,-0.07861158204693375,0.9839908519153894
2016-03-29,1,0.0022273871779971977,-0.07655929329882993,0.9861825805222123
2016-03-30,1,0.0010629046284664767,-0.07557776389756288,0.9872307985515624
2016-03-31,1,0.0014478764478764727,-0.0742393147140169,0.9886601867734035
2016-04-01,1,-0.0008674698795181346,-0.07504238422414455,0.9878025538402988
2016-04-04,1,0.000675284584217728,-0.0744177746051563,0.988469601677158
2016-04-05,1,0.0014460618914489132,-0.07307932542161033,0.989898989898999
2016-04-06,1,-0.000577589526376654,-0.07361470509502888,0.9893272346102625
2016-04-07,1,0.002215372760547174,-0.07156241634692495,0.9915189632170855
2016-04-08,1,-0.0008649687650168492,-0.0723654858570526,0.9906613302839808
2016-04-11,1,9.619084263179367e-05,-0.07227625591148279,0.9907566228321036
2016-04-12,1,-0.002019813407713733,-0.0741500847684472,0.9887554793215262
2016-04-13,1,9.637625289116158e-05,-0.07406085482287761,0.9888507718696488
2016-04-14,1,-0.0008673026886382162,-0.07486392433300504,0.9879931389365443
2016-04-15,1,0.0011574074074072183,-0.07379316498616839,0.9891366495140169
2016-04-18,1,-0.000674373795760963,-0.07441777460515642,0.9884696016771579
2016-04-19,1,-0.0006748288826762261,-0.07504238422414466,0.9878025538402987
2016-04-20,1,-0.0025081998842368947,-0.0773623628089577,0.9853249475891075
2016-04-21,1,-0.00048355899419738613,-0.07780851253680643,0.9848484848484937
2016-04-22,1,-0.0006773101112722557,-0.07843312215579445,0.9841814370116347
2016-04-25,1,-0.0004841208365607974,-0.07887927188364308,0.9837049742710211
2016-04-26,1,-0.0008718395815170421,-0.07968234139377073,0.9828473413379164
2016-04-27,1,0.002133023075431506,-0.0777192825912365,0.9849437773966166
2016-04-28,1,0.0012577399380804266,-0.07655929329883004,0.9861825805222122
2016-04-29,1,0.000579766160981654,-0.07602391362541172,0.9867543358109485
2016-05-02,1,-0.0017382906808304233,-0.0776300526456668,0.9850390699447393
2016-05-03,1,0.0023217567959756824,-0.07548853395199329,0.987326091099685
2016-05-04,1,0.0005790946819805853,-0.07495315427857474,0.9878978463884216
2016-05-05,1,0.001157519050834388,-0.07388239493173787,0.9890413569658945
2016-05-06,1,-0.0008671355621929777,-0.07468546444186552,0.9881837240327898
2016-05-09,1,0.0009643201542912649,-0.07379316498616828,0.9891366495140171
2016-05-10,1,-0.00019267822736024343,-0.07397162487730757,0.9889460644177718
2016-05-11,1,0.0003854307188282391,-0.07361470509502865,0.9893272346102627
2016-05-12,1,-0.0014448083220958141,-0.07495315427857452,0.9878978463884218
2016-05-13,1,0.001157519050834388,-0.07388239493173776,0.9890413569658947
2016-05-16,1,-0.0018306195201851505,-0.07557776389756277,0.9872307985515625
2016-05-17,1,-0.0008687258687257726,-0.07638083340769042,0.9863731656184579
2016-05-18,1,-0.004444015071007668,-0.08048541090389816,0.9819897084048119
2016-05-19,1,0.0012615235322659402,-0.07932542161149159,0.9832285115304076
2016-05-20,1,-9.691800736577605e-05,-0.07941465155706129,0.9831332189822848
2016-05-23,1,-9.69274013764565e-05,-0.0795038815026311,0.983037926434162
2016-05-24,1,-0.0006785575804574284,-0.08012849112161913,0.982370878597303
2016-05-25,1,-0.0002910078572121444,-0.08039618095832823,0.9820850009529348
2016-05-26,1,0.002037647972054968,-0.07852235210136393,0.9840861444635122
2016-05-27,1,-0.0006778348019753633,-0.07914696172035207,0.983419096626653
2016-05-31,1,-0.0006782945736434343,-0.07977157133934021,0.9827520487897938
2016-06-01,1,-0.0009696499563657257,-0.08066387079503756,0.9817991233085664
2016-06-02,1,0.0010676501989712595,-0.0796823413937705,0.9828473413379166
2016-06-03,1,0.0046538685282140335,-0.07539930400642336,0.987421383647808
2016-06-06,1,-0.00048253232966621873,-0.0758454537342722,0.9869449209071941
2016-06-07,1,0.00038621222361689966,-0.07548853395199329,0.987326091099685
2016-06-08,1,-9.651578033009756e-05,-0.07557776389756299,0.9872307985515623
2016-06-09,1,0.0007722007722008595,-0.07486392433300504,0.9879931389365443
2016-06-10,1,0.0015432098765431057,-0.07343624520388936,0.989517819706508
2016-06-13,1,0.0010593220338983578,-0.0724547158026223,0.9905660377358582
2016-06-14,1,9.620009619992764e-05,-0.07236548585705271,0.9906613302839807
2016-06-15,1,0.001154290111581524,-0.07129472651021573,0.9918048408614537
2016-06-16,1,0.0005764796310530063,-0.07075934683679741,0.9923765961501901
2016-06-17,1,-0.0015363933166890886,-0.07218702596591309,0.9908519153802263
2016-06-20,1,-0.00163492979419122,-0.07370393504059869,0.9892319420621397
2016-06-21,1,-0.000963298333493956,-0.07459623449629615,0.9882790165809122
2016-06-22,1,0.00048211358596095266,-0.07415008476844742,0.988755479321526
2016-06-23,1,-0.0019275250578257852,-0.07593468367984202,0.9868496283590712
2016-06-24,1,0.005890305137118634,-0.07049165700008819,0.9926624737945583
2016-06-27,1,0.0032638955553423443,-0.06745783885071721,0.9959024204307315
2016-06-28,1,-0.0001913692469620587,-0.06763629874185662,0.995711835334486
2016-06-29,1,-0.0006699205665613439,-0.06826090836084475,0.9950447874976269
2016-06-30,1,-9.576709442637998e-05,-0.06835013830641445,0.9949494949495041
2016-07-01,1,0.0002873287999234364,-0.06808244846970524,0.9952353725938724
2016-07-05,1,0.002680965147453085,-0.06558400999375269,0.9979035639413091
2016-07-06,1,-0.000954927425515617,-0.06647630944945004,0.9969506384600817
2016-07-07,1,0.0,-0.06647630944945004,0.9969506384600817
2016-07-08,1,0.0,-0.06647630944945004,0.9969506384600817
2016-07-11,1,-0.0025807684955077015,-0.068885517979833,0.9943777396607676
2016-07-12,1,-0.0022041207474843283,-0.0709378067279367,0.9921860110539448
2016-07-13,1,0.0010564733000384408,-0.06995627732666965,0.993234229083295
2016-07-14,1,-0.0015350666794590184,-0.07138395645578544,0.991709548313331
2016-07-15,1,-0.002113961756510019,-0.07334701525831966,0.9896131122546308
2016-07-18,1,0.0005777563793933904,-0.07281163558490122,0.9901848675433672
2016-07-19,1,0.0005774227697046275,-0.07227625591148268,0.9907566228321038
2016-07-20,1,-0.0009618159084350264,-0.07316855536717992,0.9898036973508765
2016-07-21,1,0.0011552902666793763,-0.07209779602034327,0.9909472079283492
2016-07-22,1,-0.000673141648235287,-0.07272240563933119,0.9902801600914902
2016-07-25,1,-0.0006735950731332485,-0.07334701525831944,0.989613112254631
2016-07-26,1,9.62927298988614e-05,-0.07325778531274973,0.9897084048027537
2016-07-27,1,0.0016368187945310364,-0.07174087623806424,0.9913283781208402
2016-07-28,1,0.0002883783523983663,-0.07147318640135503,0.9916142557652085
2016-07-29,1,0.0020180665000959497,-0.06959935754439084,0.9936153992757858
2016-08-01,1,-0.0005754291742591233,-0.07013473721780916,0.9930436439870494
2016-08-02,1,-0.0008636407254580813,-0.07093780672793659,0.9921860110539449
2016-08-03,1,9.60430272760604e-05,-0.07084857678236711,0.9922813036020675
2016-08-04,1,0.001344473254585532,-0.06959935754439084,0.9936153992757857
2016-08-05,1,-0.003548479907931279,-0.07290086553047104,0.9900895749952444
2016-08-08,1,-0.0002887391722810051,-0.07316855536718014,0.9898036973508763
2016-08-09,1,0.0010590160777894653,-0.07218702596591309,0.9908519153802263
2016-08-10,1,0.0013464127716869,-0.07093780672793681,0.9921860110539447
2016-08-11,1,-0.002881290818286697,-0.07361470509502899,0.9893272346102624
2016-08-12,1,0.0018300905413215496,-0.07191933612920398,0.9911377930245945
2016-08-15,1,-0.001057590616286852,-0.07290086553047104,0.9900895749952444
2016-08-16,1,-0.0010587102983637964,-0.07388239493173798,0.9890413569658943
2016-08-17,1,0.0003853935831967803,-0.07352547514945917,0.9894225271583852
2016-08-18,1,0.0012520466146586084,-0.0723654858570526,0.9906613302839808
2016-08-19,1,-0.0019238168526355404,-0.0741500847684472,0.9887554793215262
2016-08-22,1,0.0010601387818041097,-0.07316855536718014,0.9898036973508763
2016-08-23,1,-0.0003850967555598661,-0.07352547514945906,0.9894225271583853
2016-08-24,1,-9.631127805065365e-05,-0.07361470509502877,0.9893272346102626
2016-08-25,1,-0.0007705644384511379,-0.0743285446595866,0.9885648942252807
2016-08-26,1,-0.0028918449971081506,-0.07700544302667867,0.9857061177815986
2016-08-29,1,0.002223511214230589,-0.07495315427857474,0.9878978463884216
2016-08-30,1,-0.00019291984180569433,-0.07513161416971414,0.9877072612921761
2016-08-31,1,-0.00019295706705269033,-0.07531007406085377,0.9875166761959305
2016-09-01,1,0.0,-0.07531007406085377,0.9875166761959305
2016-09-02,1,-0.000578982920003912,-0.0758454537342722,0.9869449209071941
2016-09-06,1,0.002317273341701398,-0.07370393504059847,0.9892319420621399
2016-09-07,1,0.0,-0.07370393504059847,0.9892319420621399
2016-09-08,1,-0.0025045756670841746,-0.07602391362541161,0.9867543358109486
2016-09-09,1,-0.0014485755673586675,-0.07736236280895759,0.9853249475891076
2016-09-12,1,0.0005802707930366857,-0.07682698313553926,0.9858967028778439
2016-09-13,1,-0.0019331142470518925,-0.07861158204693386,0.9839908519153893
2016-09-14,1,0.002130544257214817,-0.07664852324439975,0.9860872879740895
2016-09-15,1,0.0002899110939311722,-0.07638083340769053,0.9863731656184577
2016-09-16,1,-0.0008694812095449977,-0.07718390291781818,0.985515532685353
2016-09-19,1,0.0,-0.07718390291781818,0.985515532685353
2016-09-20,1,9.6693096113043e-05,-0.07709467297224848,0.9856108252334758
2016-09-21,1,9.668374746185648e-05,-0.07700544302667889,0.9857061177815983
2016-09-22,1,0.0009667440061873478,-0.07611314357098131,0.9866590432628259
2016-09-23,1,0.0007726482518832789,-0.07539930400642358,0.9874213836478077
2016-09-26,1,0.0008685581933989273,-0.07459623449629604,0.9882790165809123
2016-09-27,1,0.0007713817375374354,-0.07388239493173798,0.9890413569658943
2016-09-28,1,-0.0003853935831968913,-0.0742393147140169,0.9886601867734034
2016-09-29,1,0.0004819277108434328,-0.07379316498616828,0.9891366495140171
2016-09-30,1,-0.0016377649325626242,-0.07531007406085366,0.9875166761959306
2016-10-03,1,-0.0010614686866737832,-0.07629160346212083,0.9864684581665805
2016-10-04,1,-0.0017387944358577823,-0.07789774248237602,0.9847531923003712
2016-10-05,1,-0.0011612154054577717,-0.07896850182921278,0.9836096817228983
2016-10-06,1,-0.0009688044952528285,-0.07986080128491013,0.9826567562416709
2016-10-07,1,0.000290923196276216,-0.07959311144820091,0.9829426338860392
2016-10-10,1,0.0,-0.07959311144820091,0.9829426338860392
2016-10-11,1,-0.0008725157537566863,-0.08039618095832857,0.9820850009529345
2016-10-12,1,-0.000582185134872959,-0.08093156063174711,0.981513245664198
2016-10-13,1,0.0016504854368932786,-0.07941465155706151,0.9831332189822846
2016-10-14,1,-0.0011631288165164788,-0.08048541090389838,0.9819897084048117
2016-10-17,1,0.001067442988840428,-0.07950388150263121,0.9830379264341619
2016-10-18,1,0.0005816207832494147,-0.07896850182921267,0.9836096817228984
2016-10-19,1,9.688044952538277e-05,-0.07887927188364297,0.9837049742710212
2016-10-20,1,-0.00029061319383905104,-0.07914696172035218,0.9834190966266529
2016-10-21,1,0.0,-0.07914696172035218,0.9834190966266529
2016-10-24,1,-0.0006782945736434343,-0.07977157133934032,0.9827520487897937
2016-10-25,1,-9.696499563649486e-05,-0.07986080128491002,0.982656756241671
2016-10-26,1,-0.000872769588828537,-0.08066387079503756,0.9817991233085664
2016-10-27,1,-0.0013588275259632798,-0.08191309003301384,0.9804650276348481
2016-10-28,1,0.00048595587520661176,-0.0814669403051651,0.9809414903754619
2016-10-31,1,9.714396735960307e-05,-0.08137771035959551,0.9810367829235845
2016-11-01,1,0.0007770762506069673,-0.08066387079503767,0.9817991233085663
2016-11-02,1,0.000776472871979017,-0.07995003123047983,0.9825614636935482
2016-11-03,1,0.0,-0.07995003123047983,0.9825614636935482
2016-11-04,1,0.0007758704296383367,-0.07923619166592188,0.9833238040785303
2016-11-07,1,-0.0016474464579900872,-0.08075310074060726,0.9817038307604438
2016-11-08,1,-0.0016501650165016146,-0.08227000981529276,0.9800838574423573
2016-11-09,1,-0.005250364608653246,-0.08708842687605811,0.9749380598437296
2016-11-10,1,-0.0018571009676473516,-0.088783795841883,0.9731275014293976
2016-11-11,1,0.0,-0.088783795841883,0.9731275014293976
2016-11-14,1,-0.0042107324716020855,-0.09262068350138164,0.9690299218601198
2016-11-15,1,-0.0008850427770675795,-0.09342375301150929,0.9681722889270151
2016-11-16,1,9.842519685054896e-05,-0.09333452306593937,0.968267581475138
2016-11-17,1,-0.0012794016336974412,-0.09449451235834594,0.9670287783495425
2016-11-18,1,-0.002069373275522368,-0.09636834121531035,0.9650276348389649
2016-11-21,1,-0.0004937296336525732,-0.09681449094315897,0.9645511720983513
2016-11-22,1,0.0006915629322268302,-0.09618988132417094,0.9652182199352104
2016-11-23,1,-0.0018758021522362611,-0.09788525028999595,0.9634076615208783
2016-11-25,1,-0.00039564787339263496,-0.09824217007227487,0.9630264913283874
2016-11-28,1,0.0014842667722143599,-0.096903720888729,0.9644558795502283
2016-11-29,1,0.0006916312617331055,-0.09627911126974076,0.9651229273870875
2016-11-30,1,-0.0017772511848341832,-0.09788525028999606,0.9634076615208782
2016-12-01,1,-0.0021760633036597143,-0.09984830909253017,0.961311225462178
2016-12-02,1,0.002081681205392538,-0.09797448023556576,0.9633123689727554
2016-12-05,1,-0.00029676525868038706,-0.09824217007227509,0.9630264913283871
2016-12-06,1,0.0,-0.09824217007227509,0.9630264913283871
2016-12-07,1,0.0014842667722143599,-0.09690372088872923,0.964455879550228
2016-12-08,1,-0.0007904357276948826,-0.09761756045328707,0.9636935391652461
2016-12-09,1,-0.0020765351527736176,-0.09949138931025148,0.9616923956546687
2016-12-12,1,-0.00019817677368205722,-0.09966984920139077,0.9615018105584233
2016-12-13,1,-0.0006937561942518267,-0.10029445882037902,0.9608347627215641
2016-12-14,1,-0.002677774471883332,-0.10270366735076175,0.9582618639222502
2016-12-15,1,-0.0020883054892602004,-0.10457749620772627,0.9562607204116726
2016-12-16,1,-0.00019930244145482945,-0.10475595609886557,0.9560701353154273
2016-12-19,1,0.0015947373666898024,-0.10332827696974989,0.957594816085391
2016-12-20,1,-0.0004975619464623326,-0.10377442669759851,0.9571183533447774
2016-12-21,1,0.0007964954201513663,-0.10306058713304067,0.9578806937297593
2016-12-22,1,-0.00019896538002384112,-0.10323904702418019,0.9576901086335138
2016-12-23,1,0.00019900497512437276,-0.10306058713304067,0.9578806937297593
2016-12-27,1,-0.000895344210107285,-0.1038636566431681,0.9570230607966548
2016-12-28,1,0.001792293139500023,-0.10225751762291302,0.958738326662864
2016-12-29,1,0.0015902991750322837,-0.10082983849379723,0.9602630074328278
2016-12-30,1,0.0013893023717377329,-0.09958061925582096,0.9615971031065462
2017-01-03,1,-0.0009909820632245658,-0.10047291871151809,0.960644177625319
2017-01-04,1,-0.0001983930165657677,-0.1006513786026576,0.9604535925290735
2017-01-05,1,0.002976485762476333,-0.09797448023556565,0.9633123689727555
2017-01-06,1,-0.0020773568107628204,-0.09984830909253029,0.9613112254621778
2017-01-09,1,0.0013877874702616921,-0.09859908985455401,0.9626453211358962
2017-01-10,1,0.0,-0.09859908985455401,0.9626453211358962
2017-01-11,1,0.0002969708968521001,-0.0983314000178448,0.9629311987802643
2017-01-12,1,0.00019792182088074206,-0.09815294012670539,0.9631217838765098
2017-01-13,1,-0.0005936479667556505,-0.09868831980012371,0.9625500285877735
2017-01-17,1,0.001980001980001811,-0.09690372088872923,0.964455879550228
2017-01-18,1,-0.0019760893192370954,-0.09868831980012382,0.9625500285877734
2017-01-19,1,-0.0023760023760024396,-0.10082983849379734,0.9602630074328277
2017-01-20,1,0.00039694353478214595,-0.10047291871151842,0.9606441776253186
2017-01-23,1,0.0024799127070727067,-0.0982421700722752,0.963026491328387
2017-01-24,1,-0.0023748268355433533,-0.10038368876594883,0.9607394701734412
2017-01-25,1,-0.001586986708986271,-0.10181136789506462,0.9592147894034774
2017-01-26,1,0.0008940989469501393,-0.10100829838493697,0.9600724223365821
2017-01-27,1,0.0006947890818858049,-0.10038368876594883,0.9607394701734412
2017-01-30,1,9.9186669311635e-05,-0.10029445882037924,0.9608347627215639
2017-01-31,1,0.0005950609937519502,-0.0997590791469607,0.9614065180103004
2017-02-01,1,-0.0005947071067499143,-0.10029445882037913,0.960834762721564
2017-02-02,1,0.0001983536645839834,-0.10011599892923961,0.9610253478178095
2017-02-03,1,-0.0004957858205254517,-0.10056214865708824,0.9605488850771958
2017-02-06,1,0.002777777777777768,-0.09806371018113569,0.9632170764246325
2017-02-07,1,0.0003957261574991655,-0.09770679039885666,0.9635982466171236
2017-02-08,1,0.000988924050632889,-0.0968144909431593,0.964551172098351
2017-02-09,1,-0.0018770993874728248,-0.0985098599089842,0.962740613684019
2017-02-10,1,-0.0005938830050480348,-0.09904523958240263,0.9621688583952825
2017-02-13,1,-0.0008913538674854005,-0.09984830909253029,0.9613112254621778
2017-02-14,1,-0.0015860428231562196,-0.10127598822164596,0.959786544692214
2017-02-15,1,-0.001290706910246131,-0.10243597751405253,0.9585477415666185
2017-02-16,1,0.0020876826722338038,-0.10056214865708812,0.9605488850771959
2017-02-17,1,0.0009920634920634885,-0.09966984920139077,0.9615018105584233
2017-02-21,1,-9.910802775026095e-05,-0.09975907914696058,0.9614065180103005
2017-02-22,1,0.00019823570224986042,-0.09958061925582118,0.9615971031065459
2017-02-23,1,0.0012882766821922242,-0.0984206299634145,0.9628359062321417
2017-02-24,1,0.002375296912114022,-0.09627911126974087,0.9651229273870874
2017-02-27,1,-0.002270932069510345,-0.0983314000178448,0.9629311987802643
2017-02-28,1,-9.896091044026001e-05,-0.09842062996341439,0.9628359062321418
2017-03-01,1,-0.003958828186856778,-0.1019898277862038,0.9590242043072322
2017-03-02,1,-0.0012917329093798946,-0.10314981707861026,0.9577854011816367
2017-03-03,1,0.0002984777634067459,-0.10288212724190093,0.9580712788260051
2017-03-06,1,0.00019892580067626398,-0.10270366735076153,0.9582618639222504
2017-03-07,1,-0.0009944311853620214,-0.10359596680645888,0.957308938441023
2017-03-08,1,-0.0012940473820425291,-0.10475595609886534,0.9560701353154275
2017-03-09,1,-0.0012957241104355477,-0.10591594539127192,0.954831332189832
2017-03-10,1,0.0006986027944111406,-0.10529133577228378,0.9554983800266911
2017-03-13,1,-0.0008975765433328897,-0.10609440528241121,0.9546407470935866
2017-03-14,1,0.0002994609702533513,-0.10582671544570221,0.9549266247379546
2017-03-15,1,0.0034926654026545823,-0.10270366735076131,0.9582618639222507
2017-03-16,1,-0.0004972155926810107,-0.10314981707861004,0.9577854011816369
2017-03-17,1,0.0005969555268130478,-0.10261443740519183,0.9583571564703731
2017-03-20,1,0.000994332305856771,-0.10172213794949436,0.9593100819516006
2017-03-21,1,0.0010926790503624773,-0.10074060854822742,0.9603582999809507
2017-03-22,1,0.0010914864060329599,-0.09975907914696025,0.9614065180103009
2017-03-23,1,-0.0003964714045000539,-0.10011599892923928,0.9610253478178098
2017-03-24,1,0.000396628656420539,-0.09975907914696025,0.9614065180103009
2017-03-27,1,0.0005947071067500254,-0.0992236994735417,0.9619782732990374
2017-03-28,1,-0.0014858841010402246,-0.10056214865708779,0.9605488850771963
2017-03-29,1,0.0008928571428572507,-0.09975907914696014,0.961406518010301
2017-03-30,1,-0.0007929428089998858,-0.10047291871151809,0.9606441776253191
2017-03-31,1,0.0009919650828289495,-0.09958061925582085,0.9615971031065463
2017-04-03,1,0.0016846695074819173,-0.09806371018113536,0.9632170764246328
2017-04-04,1,-9.893153937479138e-05,-0.09815294012670517,0.96312178387651
2017-04-05,1,9.894132779275644e-05,-0.09806371018113524,0.963217076424633
2017-04-06,1,0.0002967946181242631,-0.09779602034442603,0.9635029540690012
2017-04-07,1,-0.0017802393432894137,-0.09940215936468111,0.961787688202792
2017-04-10,1,0.0004953928465272206,-0.09895600963683249,0.9622641509434057
2017-04-11,1,0.002277678748266787,-0.09690372088872878,0.9644558795502285
2017-04-12,1,9.88044659619991e-05,-0.09681449094315886,0.9645511720983514
2017-04-13,1,0.0022722782058881563,-0.09476220219505505,0.9667429007051743
2017-04-17,1,-0.0004928536224740876,-0.09520835192290367,0.9662664379645607
2017-04-18,1,0.002268244575936773,-0.09315606317479996,0.9684581665713835
2017-04-19,1,-0.0006887730000982861,-0.09378067279378788,0.9677911187345245
2017-04-20,1,-0.0014769594328476465,-0.09511912197733396,0.9663617305126834
2017-04-21,1,0.0003944384183021121,-0.09476220219505493,0.9667429007051744
2017-04-24,1,-0.0014785608674224848,-0.09610065137860102,0.9653135124833333
2017-04-25,1,-0.001678183613030626,-0.09761756045328651,0.9636935391652467
2017-04-26,1,0.0005932957579353193,-0.09708218077986819,0.9642652944539831
2017-04-27,1,0.0005929439667951009,-0.09654680110644975,0.9648370497427196
2017-04-28,1,9.876543209874633e-05,-0.09645757116088005,0.9649323422908422
2017-05-01,1,-0.0010863124629666432,-0.09743910056214722,0.9638841242614921
2017-05-02,1,0.0010874938210578833,-0.09645757116088005,0.9649323422908422
2017-05-03,1,-0.000987556784515231,-0.09734987061657752,0.9639794168096147
2017-05-04,1,-0.001383946223803889,-0.09859908985455379,0.9626453211358964
2017-05-05,1,0.0,-0.09859908985455379,0.9626453211358964
2017-05-08,1,-0.0006929320926548632,-0.09922369947354182,0.9619782732990373
2017-05-09,1,-0.00108964834076275,-0.10020522887480887,0.9609300552696872
2017-05-10,1,-0.00019833399444679767,-0.1003836887659485,0.9607394701734416
2017-05-11,1,0.000495933346558397,-0.09993753903809965,0.9612159329140555
2017-05-12,1,0.002478437592941418,-0.09770679039885632,0.9635982466171239
2017-05-15,1,-9.88924050633333e-05,-0.09779602034442614,0.9635029540690011
2017-05-16,1,0.00019780437147653984,-0.09761756045328673,0.9636935391652465
2017-05-17,1,0.0034608919212895106,-0.09449451235834605,0.9670287783495424
2017-05-18,1,-0.0007883326763894472,-0.09520835192290389,0.9662664379645605
2017-05-19,1,-0.0004930966469428588,-0.09565450165075262,0.9657899752239467
2017-05-22,1,-0.00019733596447946145,-0.09583296154189191,0.9655993901277014
2017-05-23,1,-0.0011842494818908866,-0.09690372088872878,0.9644558795502285
2017-05-24,1,0.0007904357276951046,-0.09618988132417072,0.9652182199352106
2017-05-25,1,0.00039490571626021875,-0.0958329615418918,0.9655993901277016
2017-05-26,1,-9.868745682428681e-05,-0.0959221914874615,0.9655040975795788
2017-05-30,1,0.0010856691669958174,-0.09494066208619434,0.9665523156089291
2017-05-31,1,0.00019718032140381148,-0.09476220219505493,0.9667429007051744
2017-06-01,1,-0.0005914243469690161,-0.09529758186847348,0.9661711454164379
2017-06-02,1,0.0014794358417991038,-0.0939591326849274,0.967600533638279
2017-06-05,1,-0.0007878668505023612,-0.09467297224948534,0.966838193253297
2017-06-06,1,0.0009856100926475264,-0.09378067279378788,0.9677911187345245
2017-06-07,1,-0.001083103584088252,-0.09476220219505505,0.9667429007051743
2017-06-08,1,-0.0003942828979793811,-0.09511912197733408,0.9663617305126833
2017-06-09,1,-0.0003944384183018901,-0.095476041759613,0.9659805603201923
2017-06-12,1,-0.0005918910920390541,-0.09601142143303143,0.9654088050314559
2017-06-13,1,0.0,-0.09601142143303143,0.9654088050314559
2017-06-14,1,0.0019741387819562917,-0.09422682252163683,0.9673146559939105
2017-06-15,1,-0.001182149541917088,-0.0952975818684737,0.9661711454164377
2017-06-16,1,0.0005917743367196415,-0.09476220219505527,0.9667429007051741
2017-06-19,1,-0.0014785608674224848,-0.09610065137860135,0.965313512483333
2017-06-20,1,0.000987166831194486,-0.095208351922904,0.9662664379645604
2017-06-21,1,-0.00019723865877718794,-0.09538681181404352,0.9660758528683148
2017-06-22,1,0.00029591635431058805,-0.0951191219773343,0.966361730512683
2017-06-23,1,0.00019721920915105606,-0.09494066208619478,0.9665523156089286
2017-06-26,1,9.859016070179472e-05,-0.09485143214062519,0.9666476081570512
2017-06-27,1,-0.0018730283911672085,-0.0965468011064502,0.9648370497427191
2017-06-28,1,9.876543209874633e-05,-0.0964575711608805,0.9649323422908418
2017-06-29,1,-0.0012838238198696894,-0.09761756045328707,0.9636935391652461
2017-06-30,1,-0.0011865915158705276,-0.09868831980012382,0.9625500285877734
2017-07-03,1,-0.0015840015840017374,-0.10011599892923961,0.9610253478178095
2017-07-05,1,0.0001983143282102695,-0.0999375390381001,0.9612159329140549
2017-07-06,1,-0.0005948250223060114,-0.10047291871151864,0.9606441776253184
2017-07-07,1,-0.0005951790496975251,-0.10100829838493719,0.9600724223365819
2017-07-10,1,0.0009925558312655625,-0.10011599892923984,0.9610253478178092
2017-07-11,1,0.000396628656420539,-0.0997590791469608,0.9614065180103003
2017-07-12,1,0.0013876499157499111,-0.09850985990898442,0.9627406136840188
2017-07-13,1,-0.0005938830050480348,-0.09904523958240286,0.9621688583952823
2017-07-14,1,0.0008913538674855115,-0.0982421700722752,0.963026491328387
2017-07-17,1,0.0002968533544429608,-0.09797448023556588,0.9633123689727553
2017-07-18,1,0.0011870610347215482,-0.09690372088872912,0.9644558795502282
2017-07-19,1,-0.00019760893192366513,-0.09708218077986841,0.9642652944539828
2017-07-20,1,9.882399446592416e-05,-0.09699295083429871,0.9643605870021056
2017-07-21,1,0.0008893280632411571,-0.09618988132417106,0.9652182199352103
2017-07-24,1,-0.0007898114325206596,-0.096903720888729,0.9644558795502283
2017-07-25,1,-0.0021736982511609826,-0.09886677969126312,0.962359443491528
2017-07-26,1,0.0020794138033468634,-0.09699295083429882,0.9643605870021055
2017-07-27,1,-0.0006916996047431345,-0.09761756045328696,0.9636935391652462
2017-07-28,1,0.0004944131316129141,-0.09717141072543811,0.9641700019058601
2017-07-31,1,-0.00019766752322603054,-0.09734987061657774,0.9639794168096145
2017-08-01,1,0.0010873863187030874,-0.09636834121531057,0.9650276348389647
2017-08-02,1,-0.00059247556038311,-0.096903720888729,0.9644558795502283
2017-08-03,1,0.0010868491255804358,-0.09592219148746195,0.9655040975795783
2017-08-04,1,-0.0012830635609948349,-0.09708218077986841,0.9642652944539828
2017-08-07,1,0.0003952959778634746,-0.09672526099758949,0.9646464646464737
2017-08-08,1,-0.0005927096710461877,-0.09726064067100793,0.9640747093577373
2017-08-09,1,0.0012849658989819712,-0.09610065137860135,0.965313512483333
2017-08-10,1,0.0005923000987166915,-0.09556527170518292,0.9658852677720694
2017-08-11,1,0.001282557221783609,-0.09440528241277657,0.9671240708976648
2017-08-14,1,-0.001083850625677396,-0.09538681181404352,0.9660758528683148
2017-08-15,1,-0.0016768593410929622,-0.09690372088872912,0.9644558795502282
2017-08-16,1,0.001284458057504212,-0.09574373159632255,0.9656946826758238
2017-08-17,1,0.000789421748569108,-0.0950298920317647,0.9664570230608056
2017-08-18,1,0.0,-0.0950298920317647,0.9664570230608056
2017-08-21,1,0.0004929994084006406,-0.09458374230391609,0.9669334858014192
2017-08-22,1,-0.0010840642554449387,-0.09556527170518314,0.9658852677720692
2017-08-23,1,0.001282557221783609,-0.09440528241277679,0.9671240708976646
2017-08-24,1,-0.000886786875554102,-0.09520835192290422,0.9662664379645601
2017-08-25,1,0.00039447731755415383,-0.09485143214062541,0.966647608157051
2017-08-28,1,0.0005914826498423231,-0.09431605246720698,0.9672193634457874
2017-08-29,1,0.0007881773399014413,-0.09360221290264914,0.9679817038307693
2017-08-30,1,-0.000492222878519355,-0.09404836263049765,0.9675052410901557
2017-08-31,1,0.0009849305623952365,-0.09315606317480052,0.968458166571383
2017-09-01,1,-0.0011807537144542524,-0.09422682252163717,0.9673146559939102
2017-09-05,1,0.002955373854792498,-0.09154992415454521,0.9701734324375922
2017-09-06,1,-0.0012768883213829518,-0.09270991344695179,0.9689346293119967
2017-09-07,1,0.0016719118804089383,-0.0911930043722664,0.9705546026300831
2017-09-08,1,0.0,-0.0911930043722664,0.9705546026300831
2017-09-11,1,-0.0021600392734413276,-0.09315606317480052,0.9684581665713828
2017-09-12,1,-0.0013775460001967943,-0.0944052824127769,0.9671240708976645
2017-09-13,1,-0.000886786875554102,-0.09520835192290433,0.96626643796456
2017-09-14,1,-0.00039447731755426485,-0.09556527170518325,0.9658852677720691
2017-09-15,1,-0.0005919494869771613,-0.09610065137860169,0.9653135124833326
2017-09-18,1,-0.0007897334649555887,-0.09681449094315953,0.9645511720983507
2017-09-19,1,-0.0003951788184152205,-0.09717141072543833,0.9641700019058599
2017-09-20,1,-0.0015813401858075782,-0.09859908985455423,0.962645321135896
2017-09-21,1,-9.899029895066302e-05,-0.09868831980012382,0.9625500285877733
2017-09-22,1,0.0003960003960004066,-0.0983314000178449,0.9629311987802642
2017-09-25,1,0.0013854527461651944,-0.09708218077986874,0.9642652944539825
2017-09-26,1,-0.0004941199723292877,-0.09752833050771748,0.9637888317133687
2017-09-27,1,-0.0020763298398259744,-0.09940215936468189,0.9617876882027913
2017-09-28,1,0.0006935499851381532,-0.09877754974569375,0.9624547360396504
2017-09-29,1,-0.0011881188118811892,-0.09984830909253062,0.9613112254621775
2017-10-02,1,-0.0003965107057889439,-0.10020522887480943,0.9609300552696867
2017-10-03,1,0.00039666798889315125,-0.09984830909253062,0.9613112254621775
2017-10-04,1,-9.91276764471527e-05,-0.09993753903810021,0.9612159329140548
2017-10-05,1,-0.000693962526023717,-0.10056214865708857,0.9605488850771955
2017-10-06,1,-0.000694444444444331,-0.10118675827607648,0.9598818372403365
2017-10-09,1,0.0,-0.10118675827607648,0.9598818372403365
2017-10-10,1,0.0006949270326614965,-0.10056214865708846,0.9605488850771956
2017-10-11,1,-0.00029761904761904656,-0.10082983849379756,0.9602630074328274
2017-10-12,1,0.0004961794184776824,-0.10038368876594894,0.9607394701734411
2017-10-13,1,0.001091053362428207,-0.09940215936468189,0.9617876882027913
2017-10-16,1,-0.0015852571088874612,-0.10082983849379767,0.9602630074328273
2017-10-17,1,9.923588369553649e-05,-0.10074060854822797,0.96035829998095
2017-10-18,1,-0.0010914864060329599,-0.10172213794949514,0.9593100819515998
2017-10-19,1,0.0004966722956192271,-0.10127598822164663,0.9597865446922134
2017-10-20,1,-0.001588562351072298,-0.10270366735076242,0.9582618639222495
2017-10-23,1,0.0003977724741446309,-0.1023467475684835,0.9586430341147404
2017-10-24,1,-0.0006958250497016705,-0.10297135718747152,0.9579759862778814
2017-10-25,1,-0.0010942007360986716,-0.10395288658873858,0.9569277682485313
2017-10-26,1,-0.00039832702648878726,-0.1043098063710175,0.9565465980560404
2017-10-27,1,0.0008965929468021105,-0.10350673686088996,0.957404230989145
2017-10-30,1,0.0015925151786602143,-0.10207905773177428,0.9589289117591087
2017-10-31,1,-0.000596243664911067,-0.10261443740519272,0.9583571564703722
2017-11-01,1,-0.0003977329223425752,-0.10297135718747152,0.9579759862778814
2017-11-02,1,0.0006963095593355284,-0.10234674756848339,0.9586430341147406
2017-11-03,1,-9.940357852877835e-05,-0.10243597751405298,0.9585477415666179
2017-11-06,1,0.0005964807634954994,-0.10190059784063454,0.9591194968553545
2017-11-07,1,9.935419771478493e-05,-0.10181136789506484,0.9592147894034772
2017-11-08,1,-0.0005960659646334632,-0.10234674756848328,0.9586430341147407
2017-11-09,1,-0.00019880715705766772,-0.10252520745962268,0.9584524490184952
2017-11-10,1,-0.0018890435474249179,-0.10422057642544758,0.9566418906041633
2017-11-13,1,-0.0004980575754557348,-0.10466672615329631,0.9561654278635495
2017-11-14,1,0.0002989834562487914,-0.10439903631658709,0.9564513055079178
2017-11-15,1,0.0008966822755802628,-0.10359596680645955,0.9573089384410224
2017-11-16,1,-0.0008958789567986569,-0.10439903631658709,0.9564513055079178
2017-11-17,1,-9.963136395341188e-05,-0.10448826626215679,0.956356012959795
2017-11-20,1,-0.0009964129135112687,-0.10538056571785404,0.9554030874785677
2017-11-21,1,-0.00039896269698791453,-0.10573748550013318,0.9550219172860767
2017-11-22,1,0.0019956096587507854,-0.10395288658873847,0.9569277682485314
2017-11-24,1,-0.0007966540529774635,-0.10466672615329631,0.9561654278635495
2017-11-27,1,0.0005979669124975828,-0.10413134647987776,0.9567371831522861
2017-11-28,1,-0.0004980079681276006,-0.1045774962077265,0.9562607204116723
2017-11-29,1,-0.0008968609865469546,-0.10538056571785404,0.9554030874785678
2017-11-30,1,-0.0009974067424696198,-0.10627286517355128,0.9544501619973405
2017-12-01,1,0.0011980830670927922,-0.10520210582671441,0.9555936725748134
2017-12-04,1,-0.0010969285999201661,-0.10618363522798147,0.9545454545454634
2017-12-05,1,9.983028850957254e-05,-0.10609440528241165,0.9546407470935862
2017-12-06,1,0.0009982032341784297,-0.1052021058267143,0.9555936725748135
2017-12-07,1,-0.0009972078181091915,-0.10609440528241154,0.9546407470935863
2017-12-08,1,9.982032341770974e-05,-0.10600517533684195,0.9547360396417088
2017-12-11,1,-0.0004990518015769441,-0.10645132506469057,0.9542595769010952
2017-12-12,1,-0.00039944078290399254,-0.10680824484696949,0.9538784067086042
2017-12-13,1,0.002097902097902171,-0.10493441599000508,0.9558795502191818
2017-12-14,1,-0.0004984547901505376,-0.10538056571785381,0.9554030874785681
2017-12-15,1,-0.0008976660682226134,-0.10618363522798135,0.9545454545454635
2017-12-18,1,-0.0004991514425476407,-0.10662978495582998,0.9540689918048498
2017-12-19,1,-0.001897722732720708,-0.10832515392165487,0.9522584333905179
2017-12-20,1,-0.0008005603922747184,-0.10903899348621282,0.9514960930055358
2017-12-21,1,0.0001001502253381581,-0.1089497635406429,0.9515913855536587
2017-12-22,1,-0.0004005607850992021,-0.10930668332292193,0.9512102153611677
2017-12-26,1,0.00040072129833701453,-0.10894976354064301,0.9515913855536586
2017-12-27,1,0.0014019627478469854,-0.10770054430266673,0.952925481227377
2017-12-28,1,-0.0006999999999999229,-0.10832515392165487,0.9522584333905179
2017-12-29,1,0.0009006304413088362,-0.10752208441152733,0.9531160663236224
2018-01-02,1,-0.0015996800639871411,-0.1089497635406429,0.9515913855536587
2018-01-03,1,0.00010014019627480053,-0.1088605335950732,0.9516866781017815
2018-01-04,1,-0.0006007810153199067,-0.10939591326849152,0.9511149228130451
2018-01-05,1,-0.0007013325318104835,-0.11002052288747977,0.9504478749761859
2018-01-08,1,0.0,-0.11002052288747977,0.9504478749761859
2018-01-09,1,-0.0014036494886705553,-0.11126974212545604,0.9491137793024675
2018-01-10,1,-0.0002008032128513193,-0.11144820201659533,0.9489231942062222
2018-01-11,1,0.0005021088572001453,-0.11100205228874671,0.9493996569468358
2018-01-12,1,-0.0010037137408410723,-0.11189435174444406,0.9484467314656084
2018-01-16,1,-0.00020094443886264912,-0.11207281163558358,0.948256146369363
2018-01-17,1,-0.0013064013666969077,-0.11323280092799015,0.9470173432437673
2018-01-18,1,-0.0006037432078889182,-0.11376818060140859,0.9464455879550309
2018-01-19,1,-0.0009061619009261834,-0.11457125011153602,0.9455879550219264
2018-01-22,1,-0.0008062078000604656,-0.11528508967609385,0.9448256146369445
2018-01-23,1,0.0013111447302067702,-0.11412510038368728,0.9460644177625401
2018-01-24,1,-0.0009065269943594467,-0.11492816989381494,0.9452067848294354
2018-01-25,1,0.0007057163020467438,-0.11430356027482669,0.9458738326662948
2018-01-26,1,-0.001712673786016583,-0.11582046934951218,0.9442538593482082
2018-01-29,1,-0.0009082652134423386,-0.11662353885963983,0.9433962264151035
2018-01-30,1,-0.00040404040404051766,-0.11698045864191886,0.9430150562226124
2018-01-31,1,-0.0008084074373484462,-0.11769429820647681,0.9422527158376305
2018-02-01,1,-0.0013147249190937904,-0.11885428749888327,0.9410139127120349
2018-02-02,1,-0.0015189873417722488,-0.12019273668242936,0.9395845244901938
2018-02-05,1,0.0026369168356998873,-0.1178727580976161,0.9420621307413851
2018-02-06,1,0.0003034594375885824,-0.11760506826090689,0.9423480083857534
2018-02-07,1,-0.0021235716452623343,-0.11947889711787119,0.9403468648751759
2018-02-08,1,-0.00020267531414686069,-0.11965735700901081,0.9401562797789303
2018-02-09,1,0.0017230893979323092,-0.11814044793432532,0.941776253097017
2018-02-12,1,-0.0014165739148032097,-0.1193896671723016,0.9404421574232986
2018-02-13,1,0.00010132738879331527,-0.11930043722673167,0.9405374499714215
2018-02-14,1,-0.003039513677811523,-0.12197733559382373,0.9376786735277394
2018-02-15,1,0.0002032520325203624,-0.12179887570268422,0.9378692586239848
2018-02-16,1,0.0005080268238162322,-0.1213527259748356,0.9383457213645985
2018-02-20,1,-0.0007108764090585362,-0.12197733559382373,0.9376786735277394
2018-02-21,1,-0.001117886178861771,-0.12295886499509068,0.9366304554983893
2018-02-22,1,0.0010173974972020883,-0.12206656553939343,0.9375833809796166
2018-02-23,1,0.0012196361418843615,-0.12099580619255668,0.9387268915570894
2018-02-26,1,0.0004060501471931932,-0.12063888641027776,0.9391080617495804
2018-02-27,1,-0.001927955352612809,-0.12233425537610265,0.9372975033352484
2018-02-28,1,0.0007116714111428113,-0.1217096457571144,0.9379645511721076
2018-03-01,1,0.0025398760540484844,-0.11947889711787107,0.940346864875176
2018-03-02,1,-0.0016214025131739973,-0.12090657624698697,0.9388221841052121
2018-03-05,1,-0.0007105156313438332,-0.12153118586597511,0.938155136268353
2018-03-06,1,0.0,-0.12153118586597511,0.938155136268353
2018-03-07,1,-0.0002031488065007414,-0.12170964575711452,0.9379645511721075
2018-03-08,1,0.00040638016864757986,-0.12135272597483582,0.9383457213645983
2018-03-09,1,-0.0006093226363359516,-0.12188810564825425,0.9377739660758618
2018-03-12,1,0.0006096941367748077,-0.1213527259748357,0.9383457213645984
2018-03-13,1,0.00040621509089078245,-0.12099580619255668,0.9387268915570894
2018-03-14,1,0.0008121002943863864,-0.12028196662799884,0.9394892319420713
2018-03-15,1,-0.0005071508266558666,-0.12072811635584746,0.9390127692014576
2018-03-16,1,-0.0007103714227725266,-0.1213527259748357,0.9383457213645984
2018-03-19,1,0.00010155377272269561,-0.1212634960292659,0.9384410139127212
2018-03-20,1,-0.0013200649878148951,-0.12242348532167246,0.9372022107871255
2018-03-21,1,-0.00040671072699538513,-0.1227804051039515,0.9368210405946346
2018-03-22,1,0.0021361000915471884,-0.12090657624698697,0.9388221841052121
2018-03-23,1,0.0006090133982947776,-0.12037119657356854,0.9393939393939486
2018-03-26,1,-0.0008115236356258659,-0.12108503613812649,0.9386315990089666
2018-03-27,1,0.001827411167512727,-0.11947889711787119,0.9403468648751759
2018-03-28,1,-0.00010133765707343034,-0.119568127063441,0.9402515723270531
2018-03-29,1,0.0009121313469140357,-0.11876505755331335,0.9411092052601578
2018-04-02,1,0.0007087889833941041,-0.11814044793432521,0.9417762530970171
2018-04-03,1,-0.0019224931700900783,-0.11983581690015022,0.939965694682685
2018-04-04,1,-0.00010137875101379201,-0.11992504684571992,0.9398704021345622
2018-04-05,1,-0.0012166683564837077,-0.12099580619255668,0.9387268915570894
2018-04-06,1,0.0019287381991675012,-0.11930043722673178,0.9405374499714214
2018-04-09,1,-0.0005065856129685686,-0.1197465869545804,0.9400609872308078
2018-04-10,1,-0.0007095793208312662,-0.12037119657356854,0.9393939393939486
2018-04-11,1,0.000101440454453261,-0.12028196662799884,0.9394892319420713
2018-04-12,1,-0.0017243128106299022,-0.12179887570268433,0.9378692586239847
2018-04-13,1,-0.00010160536476333526,-0.12188810564825414,0.9377739660758619
2018-04-16,1,-0.00020323137892486187,-0.12206656553939355,0.9375833809796165
2018-04-17,1,0.00020327269031406026,-0.12188810564825414,0.9377739660758619
2018-04-18,1,-0.00182908241032409,-0.12349424466850922,0.9360587002096528
2018-04-19,1,-0.0011198208286674616,-0.12447577406977639,0.9350104821803026
2018-04-20,1,-0.0010191602119854482,-0.12536807352547374,0.9340575566990751
2018-04-23,1,-0.0009181799632727028,-0.12617114303560129,0.9331999237659705
2018-04-24,1,0.00020422750944537604,-0.125992683144462,0.9333905088622159
2018-04-25,1,-0.0009188361408882795,-0.12679575265458964,0.9325328759291112
2018-04-26,1,0.0007153075822603494,-0.1261711430356015,0.9331999237659703
2018-04-27,1,0.0007147962830591492,-0.1255465334166136,0.9338669716028293
2018-04-30,1,0.000612244897959302,-0.12501115374319505,0.9344387268915658
2018-05-01,1,-0.0012237405669998092,-0.12608191309003192,0.933295216314093
2018-05-02,1,0.0005105166428425179,-0.1256357633621833,0.9337716790547066
2018-05-03,1,0.0007143586080213815,-0.12501115374319494,0.9344387268915659
2018-05-04,1,0.0,-0.12501115374319494,0.9344387268915659
2018-05-07,1,-0.00010197838058334519,-0.12510038368876475,0.9343434343434431
2018-05-08,1,-0.0007139214686383566,-0.12572499330775277,0.933676386506584
2018-05-09,1,-0.0010206164523373085,-0.12661729276345024,0.9327234610253565
2018-05-10,1,0.0002043318348998735,-0.12643883287231084,0.932914046121602
2018-05-11,1,0.0,-0.12643883287231084,0.932914046121602
2018-05-14,1,-0.0005107252298264253,-0.12688498260015957,0.9324375833809883
2018-05-15,1,-0.0025549310168625494,-0.1291157312394028,0.9300552696779198
2018-05-16,1,-0.00030737704918037956,-0.12938342107611212,0.9297693920335516
2018-05-17,1,0.0001024905196269632,-0.1292941911305423,0.9298646845816744
2018-05-18,1,0.0014347202295552641,-0.12804497189256603,0.9311987802553927
2018-05-21,1,-0.00020466639377814122,-0.12822343178370543,0.9310081951591472
2018-05-22,1,0.0,-0.12822343178370543,0.9310081951591472
2018-05-23,1,0.00235414534288636,-0.12617114303560162,0.9331999237659702
2018-05-24,1,0.0007147962830591492,-0.1255465334166137,0.9338669716028292
2018-05-25,1,0.0016326530612245094,-0.12411885428749792,0.935391652372793
2018-05-29,1,0.0063162184189080595,-0.11858659766217428,0.9412997903564029
2018-05-30,1,-0.003239522170479958,-0.12144195592040585,0.9382504288164751
2018-05-31,1,0.0007109486085721262,-0.12081734630141772,0.9389174766533344
2018-06-01,1,-0.0026387902161778554,-0.12313732488623075,0.9364398704021432
2018-06-04,1,-0.0016281672941894643,-0.12456500401534654,0.9349151896321793
2018-06-05,1,0.0008154112730607288,-0.12385116445078881,0.9356775300171611
2018-06-06,1,-0.0017313372033812557,-0.1253680735254743,0.9340575566990745
2018-06-07,1,0.0012242399510304924,-0.12429731417863743,0.9352010672765475
2018-06-08,1,0.00010189525168136093,-0.12420808423306762,0.9352963598246703
2018-06-11,1,-0.0009169638308711425,-0.12501115374319527,0.9344387268915656
2018-06-12,1,-0.00020395676116657935,-0.12518961363433478,0.9342481417953201
2018-06-13,1,-0.0011219910240718445,-0.12617114303560184,0.9331999237659699
2018-06-14,1,0.0008169100377821703,-0.1254573034710439,0.933962264150952
2018-06-15,1,0.0007142128354249433,-0.12483269385205575,0.9346293119878111
2018-06-18,1,0.0,-0.12483269385205575,0.9346293119878111
2018-06-19,1,0.001019575856443744,-0.1239403943963584,0.9355822374690385
2018-06-20,1,-0.0010185373803219822,-0.12483269385205586,0.934629311987811
2018-06-21,1,0.0011215334420879852,-0.12385116445078892,0.935677530017161
2018-06-22,1,-0.00020368672980952685,-0.12402962434192832,0.9354869449209156
2018-06-25,1,0.0010186411327288702,-0.12313732488623108,0.9364398704021428
2018-06-26,1,-0.00010176045588672356,-0.12322655483180067,0.9363445778540203
2018-06-27,1,0.0017301038062282892,-0.12170964575711529,0.9379645511721068
2018-06-28,1,-0.0008127603372957148,-0.12242348532167324,0.9372022107871247
2018-06-29,1,-0.00010167768174873526,-0.12251271526724283,0.9371069182390022
2018-07-02,1,-0.00071181614805782,-0.12313732488623097,0.9364398704021429
2018-07-03,1,0.0008140836470946766,-0.12242348532167324,0.9372022107871247
2018-07-05,1,-0.00040671072699538513,-0.12278040510395216,0.9368210405946338
2018-07-06,1,0.0006103143118705301,-0.12224502543053384,0.9373927958833701
2018-07-09,1,-0.0010165700925079957,-0.1231373248862313,0.9364398704021426
2018-07-10,1,-0.000712323191207842,-0.12376193450521944,0.9357728225652835
2018-07-11,1,0.0009164969450101701,-0.1229588649950919,0.9366304554983881
2018-07-12,1,-0.0004069589988808797,-0.12331578477737082,0.9362492853058971
2018-07-13,1,0.0009160305343511865,-0.12251271526724317,0.9371069182390018
2018-07-16,1,-0.0009151921903599591,-0.12331578477737071,0.9362492853058972
2018-07-17,1,-0.00020356234096685633,-0.12349424466851,0.9360587002096519
2018-07-18,1,-0.0002036037870305485,-0.12367270455964963,0.9358681151134063
2018-07-19,1,0.0009164036248854313,-0.12286963504952209,0.9367257480465109
2018-07-20,1,-0.0008138351983723036,-0.12358347461407992,0.935963407661529
2018-07-23,1,-0.0022398696803095364,-0.12554653341661404,0.9338669716028287
2018-07-24,1,0.00040816326530612734,-0.12518961363433512,0.9342481417953197
2018-07-25,1,0.00010199918400632946,-0.12510038368876553,0.9343434343434422
2018-07-26,1,-0.0012238653748086747,-0.12617114303560228,0.9331999237659695
2018-07-27,1,0.0003063412641681751,-0.12590345319889307,0.9334858014103377
2018-07-30,1,-0.00010208248264587105,-0.12599268314446277,0.933390508862215
2018-07-31,1,0.000612557427258853,-0.12545730347104445,0.9339622641509514
2018-08-01,1,-0.001020304050607157,-0.1263496029267418,0.9330093386697239
2018-08-02,1,0.0008170769073638784,-0.12563576336218396,0.9337716790547058
2018-08-03,1,0.001122563526890552,-0.1246542339609168,0.934819897084056
2018-08-06,1,0.00040774719673808413,-0.12429731417863787,0.935201067276547
2018-08-07,1,-0.001222743020175332,-0.12536807352547485,0.934057556699074
2018-08-08,1,0.0001020199959191892,-0.12527884357990515,0.9341528492471967
2018-08-09,1,0.001020095889013417,-0.12438654412420791,0.9351057747284239
2018-08-10,1,0.002649546519922552,-0.12206656553939477,0.9375833809796151
2018-08-13,1,-0.0005081817257851506,-0.1225127152672435,0.9371069182390014
2018-08-14,1,-0.00071181614805782,-0.12313732488623175,0.9364398704021422
2018-08-15,1,0.0015264068383027407,-0.12179887570268566,0.9378692586239833
2018-08-16,1,-0.0007112375533429027,-0.12242348532167391,0.9372022107871241
2018-08-17,1,-0.00010167768174873526,-0.12251271526724339,0.9371069182390015
2018-08-20,1,0.0017286963595688487,-0.12099580619255801,0.938726891557088
2018-08-21,1,-0.0008121002943863864,-0.12170964575711585,0.9379645511721061
2018-08-22,1,0.0007111652951334868,-0.12108503613812782,0.9386315990089652
2018-08-23,1,-0.00020304568527917954,-0.12126349602926723,0.9384410139127197
2018-08-24,1,-0.0004061738424046002,-0.12162041581154615,0.9380598437202288
2018-08-27,1,-0.000711093051604994,-0.12224502543053428,0.9373927958833697
2018-08-28,1,-0.0010165700925079957,-0.12313732488623175,0.9364398704021422
2018-08-29,1,-0.00030528136766050373,-0.12340501472294085,0.936153992757774
2018-08-30,1,0.0009161237785015874,-0.12260194521281331,0.9370116256908786
2018-08-31,1,0.0009152852639073839,-0.12179887570268555,0.9378692586239834
2018-09-04,1,-0.0014224751066855834,-0.12304809494066171,0.9365351629502652
2018-09-05,1,0.0001017501017501754,-0.1229588649950919,0.936630455498388
2018-09-06,1,0.0009156577474818128,-0.12215579548496447,0.9374880884314925
2018-09-07,1,-0.002541166903842207,-0.1243865441242078,0.935105774728424
2018-09-10,1,-0.00010190563538159392,-0.1244757740697775,0.9350104821803014
2018-09-11,1,-0.0014268242967794276,-0.12572499330775377,0.933676386506583
2018-09-12,1,0.0003061849357011148,-0.12545730347104456,0.9339622641509512
2018-09-13,1,-0.0001020304050607379,-0.12554653341661437,0.9338669716028284
2018-09-14,1,-0.0011224489795917947,-0.12652806281788143,0.9328187535734783
2018-09-17,1,-0.0002043109612830385,-0.12670652270902083,0.9326281684772328
2018-09-18,1,-0.0011239399203024636,-0.127688052110288,0.9315799504478827
2018-09-19,1,-0.0009206219312603015,-0.12849112162041565,0.930722317514778
2018-09-20,1,0.0,-0.12849112162041565,0.930722317514778
2018-09-21,1,0.00030715675232917405,-0.12822343178370654,0.9310081951591461
2018-09-24,1,-0.00020470829068575114,-0.12840189167484595,0.9308176100629006
2018-09-25,1,-0.0008190008190009923,-0.129115731239404,0.9300552696779186
2018-09-26,1,0.0012295081967212962,-0.12804497189256714,0.9311987802553915
2018-09-27,1,0.0,-0.12804497189256714,0.9311987802553915
2018-09-28,1,0.00030699959066726734,-0.12777728205585792,0.9314846578997598
2018-10-01,1,-0.0004092071611253578,-0.12813420183813684,0.9311034877072688
2018-10-02,1,0.00061406202026415,-0.1275988221647183,0.9316752429960053
2018-10-03,1,-0.002966145034263956,-0.13018649058624043,0.9289117591004461
2018-10-04,1,-0.0010258514567091925,-0.1310787900419379,0.9279588336192186
2018-10-05,1,-0.0007188334360237469,-0.13170339966092603,0.9272917857823595
2018-10-08,1,0.0,-0.13170339966092603,0.9272917857823595
2018-10-09,1,0.0005138218065974254,-0.1312572499330774,0.9277682485229731
2018-10-10,1,-0.00010271158586694362,-0.13134647987864712,0.9276729559748503
2018-10-11,1,0.0024653312788907034,-0.1292049611849735,0.9299599771297962
2018-10-12,1,0.0,-0.1292049611849735,0.9299599771297962
2018-10-15,1,-0.0008197561225534722,-0.12991880074953122,0.9291976367448144
2018-10-16,1,0.0,-0.12991880074953122,0.9291976367448144
2018-10-17,1,-0.000717875089734421,-0.13054341036851935,0.9285305889079551
2018-10-18,1,0.00041050903119876914,-0.13018649058624032,0.9289117591004462
2018-10-19,1,-0.0009232663110382289,-0.13098956009636797,0.9280541261673415
2018-10-22,1,0.00020535989321279757,-0.13081110020522857,0.928244711263587
2018-10-23,1,0.00123190637511561,-0.1297403408583916,0.92938822184106
2018-10-24,1,0.0015379883112889292,-0.12840189167484561,0.9308176100629011
2018-10-25,1,-0.00040950040950049615,-0.12875881145712464,0.93043643987041
2018-10-26,1,0.002355591970503834,-0.12670652270902083,0.932628168477233
2018-10-29,1,-0.00040870542556459277,-0.12706344249129986,0.9322469982847419
2018-10-30,1,-0.0007155269344780724,-0.1276880521102879,0.9315799504478828
2018-10-31,1,-0.0011252045826514179,-0.12866958151155505,0.9305317324185326
2018-11-01,1,0.0007168458781361409,-0.12804497189256692,0.9311987802553917
2018-11-02,1,-0.0024559967253376946,-0.13018649058624054,0.928911759100446
2018-11-05,1,0.0004103405826836326,-0.12982957080396162,0.9292929292929369
2018-11-06,1,-0.0007178014766201501,-0.13045418042294976,0.9286258814560778
2018-11-07,1,-0.00030785017957923877,-0.13072187025965887,0.9283400038117097
2018-11-08,1,-0.0009238349414905089,-0.13152493976978652,0.927482370878605
2018-11-09,1,0.0016438919141066322,-0.13009726064067073,0.9290070516485688
2018-11-12,1,0.0,-0.13009726064067073,0.9290070516485688
2018-11-13,1,0.0018463432146886838,-0.12849112162041554,0.9307223175147781
2018-11-14,1,0.001023855841097543,-0.12759882216471818,0.9316752429960055
2018-11-15,1,0.00030684258975144374,-0.12733113232800908,0.9319611206403736
2018-11-16,1,0.001738241308793409,-0.1258142232533237,0.9335810939584601
2018-11-19,1,0.0009186485658876364,-0.12501115374319594,0.9344387268915648
2018-11-20,1,-0.00010197838058334519,-0.12510038368876575,0.934343434343442
2018-11-21,1,-0.0006119326874044484,-0.12563576336218418,0.9337716790547056
2018-11-23,1,0.00030615368915198893,-0.12536807352547497,0.9340575566990739
2018-11-26,1,-0.0007141399714343244,-0.125992683144463,0.9333905088622148
2018-11-27,1,0.0005104645227156368,-0.12554653341661437,0.9338669716028284
2018-11-28,1,0.0008163265306122547,-0.12483269385205653,0.9346293119878103
2018-11-29,1,0.0,-0.12483269385205653,0.9346293119878103
2018-11-30,1,0.0009176182707992808,-0.12402962434192899,0.9354869449209149
2018-12-03,1,0.00020372822654568523,-0.12385116445078959,0.9356775300171603
2018-12-04,1,0.001527650473571729,-0.1225127152672435,0.9371069182390014
2018-12-06,1,0.0017286963595688487,-0.12099580619255812,0.9387268915570879
2018-12-07,1,0.0017257131255710156,-0.11947889711787274,0.9403468648751744
2018-12-10,1,-0.0005066882853669297,-0.11992504684572136,0.9398704021345606
2018-12-11,1,-0.0011152793267767969,-0.12090657624698842,0.9388221841052106
2018-12-12,1,-0.0006090133982947776,-0.12144195592040685,0.9382504288164741
2018-12-13,1,0.00020312817387790894,-0.12126349602926711,0.9384410139127198
2018-12-14,1,0.001116978066612484,-0.12028196662800017,0.9394892319420699
2018-12-17,1,0.0013185921493050756,-0.11912197733559371,0.9407280350676653
2018-12-18,1,0.0013168557536467063,-0.11796198804318714,0.941966838193261
2018-12-19,1,0.001011633788568611,-0.11706968858748967,0.9429197636744885
2018-12-20,1,-0.0006063668519454835,-0.11760506826090811,0.9423480083857521
2018-12-21,1,0.00030336737789471435,-0.11733737842419889,0.9426338860301203
2018-12-24,1,0.001819652244237746,-0.1157312394039437,0.9443491518963296
2018-12-26,1,-0.0015136226034307976,-0.11706968858748956,0.9429197636744886
2018-12-27,1,0.0023244062657907794,-0.11501739983938575,0.9451114922813115
2018-12-28,1,0.0005041338979632215,-0.11457125011153713,0.9455879550219252
2018-12-31,1,0.0023178474251737136,-0.11251896136343342,0.947779683628748
2019-01-02,1,0.000502714659159631,-0.11207281163558458,0.9482561463693618
2019-01-03,1,0.004421666164204474,-0.10814669403051647,0.9524490184867622
2019-01-04,1,-0.004002001000500299,-0.11171589185330577,0.9486373165618527
2019-01-07,1,-0.001205424409844169,-0.11278665120014253,0.9474938059843799
2019-01-08,1,-0.0017097455496328795,-0.11430356027482791,0.9458738326662934
2019-01-09,1,0.00020149103364897059,-0.1141251003836884,0.9460644177625389
2019-01-10,1,0.0,-0.1141251003836884,0.9460644177625389
2019-01-11,1,0.001208702659145855,-0.11305434103685164,0.9472079283400118
2019-01-14,1,-0.00010060362173047732,-0.11314357098242145,0.947112635791889
2019-01-15,1,0.0,-0.11314357098242145,0.947112635791889
2019-01-16,1,-0.0007042962068619651,-0.11376818060140959,0.9464455879550298
2019-01-17,1,-0.0009061619009261834,-0.11457125011153702,0.9455879550219253
2019-01-18,1,-0.00151163962511347,-0.1159096992950831,0.9441585668000841
2019-01-22,1,0.0017157852240614613,-0.11439279022039761,0.9457785401181708
2019-01-23,1,-0.0007052896725440183,-0.11501739983938564,0.9451114922813116
2019-01-24,1,0.0015124016938898865,-0.11367895065583966,0.9465408805031527
2019-01-25,1,-0.0014094432699084392,-0.11492816989381605,0.9452067848294343
2019-01-28,1,0.00030244984373428707,-0.11466048005710672,0.9454926624738026
2019-01-29,1,0.0011086474501109667,-0.11367895065583966,0.9465408805031528
2019-01-30,1,0.0013087687506292411,-0.11251896136343298,0.9477796836287484
2019-01-31,1,0.002614116227629193,-0.11019898277861995,0.9502572898799396
2019-02-01,1,-0.002306458082631413,-0.11225127152672387,0.9480655612731166
2019-02-04,1,-0.0009046135289977331,-0.1130543410368513,0.9472079283400121
2019-02-05,1,0.0006036217303821978,-0.11251896136343298,0.9477796836287484
2019-02-06,1,0.0001005429318319262,-0.11242973141786328,0.9478749761768712
2019-02-07,1,0.0018095908314064157,-0.11082359239760797,0.9495902420430805
2019-02-08,1,0.0006021073758153417,-0.11028821272418965,0.9501619973318169
2019-02-11,1,-0.0012034901213517912,-0.1113589720710263,0.9490184867543442
2019-02-12,1,-0.0006024701275229027,-0.11189435174444473,0.9484467314656078
2019-02-13,1,-0.0011051944137445702,-0.11287588114571179,0.9473985134362577
2019-02-14,1,0.0017099175216255258,-0.11135897207102619,0.9490184867543443
2019-02-15,1,-0.0005020584396023819,-0.11180512179887492,0.9485420240137306
2019-02-19,1,0.0009041591320071429,-0.11100205228874738,0.9493996569468351
2019-02-20,1,-0.00020074274816817006,-0.11118051217988689,0.9492090718505897
2019-02-21,1,-0.0012046983234615949,-0.11225127152672376,0.9480655612731167
2019-02-22,1,0.0014071766006633624,-0.11100205228874749,0.949399656946835
2019-02-25,1,-0.0007025996185887617,-0.11162666190773562,0.9487326091099759
2019-02-26,1,0.0014061872237847162,-0.11037744266975924,0.9500667047836943
2019-02-27,1,-0.0016048144433299383,-0.11180512179887492,0.9485420240137306
2019-02-28,1,-0.00040184850311442144,-0.11216204158115395,0.9481608538212395
2019-03-01,1,-0.0016080402010050232,-0.11358972071026974,0.9466361730512757
2019-03-04,1,0.0008053150795248598,-0.1128758811457119,0.9473985134362576
2019-03-05,1,-0.00010058338362506358,-0.1129651110912816,0.9473032208881348
2019-03-06,1,0.0013077155215774905,-0.11180512179887492,0.9485420240137306
2019-03-07,1,0.002109704641350074,-0.10993129294191073,0.9505431675243079
2019-03-08,1,0.0004010025062657352,-0.10957437315963159,0.950924337716799
2019-03-11,1,-0.0006012626515683461,-0.11010975283305002,0.9503525824280625
2019-03-12,1,0.0011029780407099121,-0.10912822343178297,0.9514008004574126
2019-03-13,1,0.0,-0.10912822343178297,0.9514008004574126
2019-03-14,1,-0.0006009615384615641,-0.1096636031052014,0.9508290451686762
2019-03-15,1,0.001102425335738566,-0.10868207370393435,0.9518772631980262
2019-03-18,1,-0.0005005506056662279,-0.10912822343178297,0.9514008004574126
2019-03-19,1,-0.00040064102564107973,-0.109485143214062,0.9510196302649216
2019-03-20,1,0.002905811623246546,-0.10689747479253964,0.9537831141604811
2019-03-21,1,-0.00019982016185438045,-0.10707593468367904,0.9535925290642356
2019-03-22,1,0.0031977615669032122,-0.10422057642544758,0.9566418906041633
2019-03-25,1,0.0018926187867316369,-0.10252520745962279,0.9584524490184951
2019-03-26,1,0.00019884668920266968,-0.10234674756848339,0.9586430341147406
2019-03-27,1,0.0012922465208748957,-0.1011867582760766,0.9598818372403364
2019-03-28,1,-0.0008934776134220668,-0.10198982778620425,0.9590242043072317
2019-03-29,1,-0.0012917329093798946,-0.10314981707861082,0.9577854011816361
2019-04-01,1,-0.002387822107253079,-0.10529133577228444,0.9554983800266904
2019-04-02,1,0.00079784581629605,-0.1045774962077265,0.9562607204116723
2019-04-03,1,-0.001096163428002006,-0.10555902560899366,0.9552125023823221
2019-04-04,1,0.0001995211492418214,-0.10538056571785415,0.9554030874785676
2019-04-05,1,9.974067424689537e-05,-0.10529133577228456,0.9554983800266903
2019-04-08,1,-0.0005983843622220375,-0.10582671544570288,0.9549266247379539
2019-04-09,1,0.0006985330805309165,-0.10520210582671474,0.9555936725748131
2019-04-10,1,0.0008974870362983278,-0.1043990363165872,0.9564513055079177
2019-04-11,1,-0.0011955763674404984,-0.10546979566342396,0.9553077949304448
2019-04-12,1,-0.001995012468827939,-0.10725439457481867,0.95340194396799
2019-04-15,1,0.00019990004997505473,-0.10707593468367915,0.9535925290642355
2019-04-16,1,-0.0011991605875886213,-0.10814669403051591,0.9524490184867628
2019-04-17,1,0.0002001000500249095,-0.1079682341393765,0.9526396035830081
2019-04-18,1,0.0012003601080323723,-0.10689747479253975,0.953783114160481
2019-04-22,1,-0.0006993705664902761,-0.10752208441152789,0.9531160663236218
2019-04-23,1,0.000899820035992871,-0.10671901490140023,0.9539736992567265
2019-04-24,1,0.0016981320547397871,-0.10520210582671485,0.955593672574813
2019-04-25,1,-0.0004986039090546512,-0.10564825555456347,0.9551172098341993
2019-04-26,1,0.0013967873890052829,-0.1043990363165872,0.9564513055079177
2019-04-29,1,-0.0009963136395337857,-0.10529133577228456,0.9554983800266903
2019-04-30,1,0.0010970379974069022,-0.1043098063710175,0.9565465980560404
2019-05-01,1,-0.000597728631201444,-0.10484518604443593,0.9559748427673039
2019-05-02,1,-0.0017942583732056816,-0.10645132506469102,0.9542595769010948
2019-05-03,1,0.0006990213700817094,-0.10582671544570299,0.9549266247379538
2019-05-06,1,0.0011974852809102376,-0.10475595609886612,0.9560701353154267
2019-05-07,1,0.0014950662812718285,-0.10341750691532003,0.9574995235372679
2019-05-08,1,-0.000995222929936368,-0.10430980637101739,0.9565465980560405
2019-05-09,1,0.001195457262402888,-0.10323904702418052,0.9576901086335133
2019-05-10,1,0.00019900497512437276,-0.10306058713304111,0.9578806937297588
2019-05-13,1,0.002089136490250665,-0.1011867582760767,0.9598818372403363
2019-05-14,1,-0.00039710116152091857,-0.10154367805835562,0.9595006670478453
2019-05-15,1,0.0014897209256132804,-0.10020522887480976,0.9609300552696863
2019-05-16,1,-0.0011900039666798978,-0.10127598822164652,0.9597865446922135
2019-05-17,1,0.00019857029388403724,-0.101097528330507,0.959977129788459
2019-05-20,1,-0.000794123486202114,-0.10181136789506495,0.959214789403477
2019-05-21,1,-0.0008940989469501393,-0.1026144374051926,0.9583571564703723
2019-05-22,1,0.0012926319976136469,-0.10145444811278603,0.959595959595968
2019-05-23,1,0.003674280039721811,-0.09815294012670595,0.9631217838765092
2019-05-24,1,-0.0014841199168892372,-0.09949138931025192,0.9616923956546681
2019-05-28,1,0.0018826793499802097,-0.09779602034442691,0.9635029540690002
2019-05-29,1,0.0011868262288596831,-0.09672526099759016,0.9646464646464731
2019-05-30,1,0.0003951397806973844,-0.09636834121531124,0.965027634838964
2019-05-31,1,0.0038510911424902705,-0.09288837333809175,0.9687440442157507
2019-06-03,1,0.0030493802872320064,-0.09012224502542998,0.9716981132075556
2019-06-04,1,-0.0013729528292635296,-0.09137146426340625,0.9703640175338373
2019-06-05,1,0.0004910144358243329,-0.09092531453555763,0.9708404802744509
2019-06-06,1,-0.0006870828425598052,-0.09154992415454566,0.9701734324375918
2019-06-07,1,0.0012768883213829518,-0.0903899348621392,0.9714122355631873
2019-06-10,1,-0.001961938395134366,-0.0921745337735339,0.9695063846007326
2019-06-11,1,-0.00019657951641438576,-0.09235299366467331,0.9693157995044871
2019-06-12,1,0.0009830908375934033,-0.09146069420897596,0.9702687249857145
2019-06-13,1,0.0018660381064625753,-0.08976532524315084,0.9720792834000467
2019-06-14,1,-0.0004901480247035961,-0.09021147497099968,0.9716028206594328
2019-06-17,1,-9.807767752045837e-05,-0.09030070491656927,0.9715075281113102
2019-06-18,1,0.0004904364884747991,-0.08985455518872054,0.971983990851924
2019-06-19,1,0.0023529411764704466,-0.08771303649504703,0.9742710120068696
2019-06-20,1,0.0010758998435054234,-0.08673150709378008,0.9753192300362197
2019-06-21,1,-0.002442598925256445,-0.0889622557330233,0.9729369163331513
2019-06-24,1,0.0018609206660138433,-0.08726688676719818,0.9747474747474835
2019-06-25,1,0.0006843288689020177,-0.08664227714821027,0.9754145225843425
2019-06-26,1,-0.002442360296990964,-0.0888730257874536,0.9730322088812741
2019-06-27,1,0.0015669376162961157,-0.08744534665833781,0.9745568896512379
2019-06-28,1,0.00029334115576418185,-0.08717765682162859,0.9748427672956061
2019-07-01,1,-0.0011730205278591699,-0.08824841616846524,0.9736992567181334
2019-07-02,1,0.0016637306713640498,-0.08673150709377997,0.9753192300362198
2019-07-03,1,0.00039081582804101345,-0.08637458731150094,0.9757004002287107
2019-07-05,1,-0.003906631506983116,-0.08994378513429035,0.9718886983038012
2019-07-08,1,0.0,-0.08994378513429035,0.9718886983038012
2019-07-09,1,-0.0008824394548484493,-0.0907468546444179,0.9710310653706966
2019-07-10,1,0.0013738959764475478,-0.08949763540644162,0.972365161044415
2019-07-11,1,-0.0016660133281066747,-0.09101454448112711,0.9707451877263283
2019-07-12,1,0.0004908216354175821,-0.09056839475327849,0.971221650466942
2019-07-15,1,0.0003924646781789942,-0.09021147497099957,0.9716028206594329
2019-07-16,1,-0.0011769321302470548,-0.09128223431783633,0.9704593100819602
2019-07-17,1,0.001767478397486144,-0.08967609529758125,0.9721745759481694
2019-07-18,1,0.0015683199372673595,-0.08824841616846535,0.9736992567181333
2019-07-19,1,-0.0007829320806421736,-0.0889622557330233,0.9729369163331513
2019-07-22,1,0.00019588638589618235,-0.0887837958418839,0.9731275014293967
2019-07-23,1,-0.0009792401096749836,-0.08967609529758136,0.9721745759481693
2019-07-24,1,0.0003920799843168954,-0.08931917551530222,0.9725557461406603
2019-07-25,1,-0.0010777973740936364,-0.09030070491656927,0.9715075281113102
2019-07-26,1,-0.00039234919077990593,-0.0906576246988483,0.9711263579188192
2019-07-29,1,0.0009812579727210835,-0.08976532524315095,0.9720792834000466
2019-07-30,1,-0.00039211841976283246,-0.09012224502542998,0.9716981132075555
2019-07-31,1,-0.0005884083553986397,-0.09065762469884842,0.9711263579188191
2019-08-01,1,0.006083799430870451,-0.08512536807352489,0.9770344959024289
2019-08-02,1,0.0004876621476641585,-0.08467921834567615,0.9775109586430426
2019-08-05,1,0.004776759602261649,-0.08030695101275931,0.9821802935010567
2019-08-06,1,-0.000485107208693103,-0.08075310074060793,0.9817038307604431
2019-08-07,1,0.0016501650165017256,-0.07923619166592233,0.9833238040785297
2019-08-08,1,-0.0012598119972865307,-0.0803961809583289,0.9820850009529342
2019-08-09,1,-0.000873277702309383,-0.08119925046845655,0.9812273680198295
2019-08-12,1,0.0028163542779451323,-0.07861158204693419,0.9839908519153889
2019-08-13,1,-0.0028084447026922588,-0.08119925046845655,0.9812273680198295
2019-08-14,1,0.0031077012722153796,-0.07834389221022497,0.9842767295597572
2019-08-15,1,0.00222674024590952,-0.07629160346212105,0.9864684581665801
2019-08-16,1,0.00019319938176209916,-0.07611314357098153,0.9866590432628257
2019-08-19,1,-0.0020282016611937737,-0.07798697242794594,0.9846578997522482
2019-08-20,1,0.0011613277847672965,-0.07691621308110919,0.985801410329721
2019-08-21,1,-0.0013533107781537046,-0.07816543231908546,0.9844673146560027
2019-08-22,1,-0.001064756557932478,-0.07914696172035263,0.9834190966266525
2019-08-23,1,0.0028100775193797833,-0.07655929329883038,0.9861825805222119
2019-08-26,1,-0.0006763938544785963,-0.0771839029178184,0.9855155326853527
2019-08-27,1,0.0013537033455810477,-0.07593468367984224,0.986849628359071
2019-08-28,1,0.0006759366550790347,-0.07531007406085433,0.98751667619593
2019-08-29,1,-0.0015439544533435434,-0.07673775318996989,0.9859919954259663
2019-08-30,1,0.0005798782255725943,-0.07620237351655157,0.9865637507147027
2019-09-03,1,0.002607939727615083,-0.07379316498616884,0.9891366495140165
2019-09-04,1,0.0008670520231213175,-0.0729900954760413,0.9899942824471211
2019-09-05,1,-0.004331504475888037,-0.07700544302667933,0.9857061177815978
2019-09-06,1,0.0003866976024748947,-0.07664852324440041,0.9860872879740887
2019-09-09,1,-0.002222651720139246,-0.07870081199250434,0.9838955593672657
2019-09-10,1,-0.0031961259079903437,-0.0816454001963055,0.9807509052792154
2019-09-11,1,-0.000874465604352892,-0.08244846970643316,0.9798932723461108
2019-09-12,1,-0.0021394534668870424,-0.08441152850896716,0.9777968362874107
2019-09-13,1,-0.003605886365851352,-0.08771303649504736,0.9742710120068693
2019-09-16,1,0.0017605633802817433,-0.08610689747479217,0.9759862778730786
2019-09-17,1,0.0009763718023823031,-0.08521459801909481,0.976939203354306
2019-09-18,1,0.0002926258291064965,-0.0849469081823857,0.9772250809986741
2019-09-19,1,0.00019502681618721596,-0.08476844829124619,0.9774156660949196
2019-09-20,1,0.0008774495466510324,-0.08396537878111865,0.9782732990280242
2019-09-23,1,0.001850769530489016,-0.08227000981529364,0.9800838574423563
2019-09-24,1,0.0025279533300923696,-0.07995003123048061,0.9825614636935475
2019-09-25,1,-0.0033944331296672514,-0.08307307932542107,0.9792262245092518
2019-09-26,1,0.0013623978201635634,-0.08182386008744469,0.9805603201829702
2019-09-27,1,0.0008746355685129714,-0.08102079057731726,0.9814179531160747
2019-09-30,1,-0.0008738712496357826,-0.0818238600874448,0.9805603201829701
2019-10-01,1,0.0018464528668609148,-0.08012849112162002,0.982370878597302
2019-10-02,1,0.002328062857697155,-0.07798697242794639,0.9846578997522477
2019-10-03,1,0.0030000967773153864,-0.07522084411528474,0.9876119687440525
2019-10-04,1,0.0003859513701274242,-0.0748639243330057,0.9879931389365436
2019-10-07,1,-0.0020254629629630205,-0.07673775318997011,0.985991995425966
2019-10-08,1,0.0008698173383590024,-0.07593468367984246,0.9868496283590708
2019-10-09,1,-0.0017381228273465332,-0.07754082270009766,0.9851343624928615
2019-10-10,1,-0.002418262720061959,-0.0797715713393411,0.9827520487897929
2019-10-11,1,-0.0034907398429167014,-0.08298384937985148,0.9793215170573744
2019-10-14,1,0.0,-0.08298384937985148,0.9793215170573744
2019-10-15,1,-0.000486523304466302,-0.08342999910770021,0.9788450543167606
2019-10-16,1,0.0010708722741432641,-0.08244846970643327,0.9798932723461107
2019-10-17,1,-0.0002917436545755159,-0.08271615954314249,0.9796073947017424
2019-10-18,1,0.0005836575875486361,-0.08218077986972405,0.9801791499904788
2019-10-21,1,-0.0015555123468792287,-0.08360845899883984,0.978654469220515
2019-10-22,1,0.0004868549172345471,-0.08316230927099133,0.9791309319611285
2019-10-23,1,0.00029197080291964994,-0.08289461943428211,0.9794168096054967
2019-10-24,1,-0.00029188558085235794,-0.08316230927099144,0.9791309319611284
2019-10-25,1,-0.0013625304136253291,-0.08441152850896771,0.9777968362874101
2019-10-28,1,-0.0014618458239937793,-0.08574997769251369,0.976367448065569
2019-10-29,1,0.0004879953152450156,-0.08530382796466507,0.9768439108061827
2019-10-30,1,0.0006828602087600721,-0.08467921834567693,0.9775109586430418
2019-10-31,1,0.0037044258139988795,-0.08128848041402703,0.9811320754717059
2019-11-01,1,-0.0013597513597514155,-0.0825376996520033,0.9797979797979876
2019-11-04,1,-0.001750632172728972,-0.08414383867225839,0.9780827139317784
2019-11-05,1,-0.0024356975837880324,-0.08637458731150183,0.9757004002287099
2019-11-06,1,0.001562652602793202,-0.08494690818238604,0.9772250809986737
2019-11-07,1,-0.003803022915650933,-0.08842687605960564,0.9735086716218869
2019-11-08,1,0.0,-0.08842687605960564,0.9735086716218869
2019-11-11,1,0.0,-0.08842687605960564,0.9735086716218869
2019-11-12,1,0.0005873140172278912,-0.0878914963861872,0.9740804269106234
2019-11-13,1,0.0014674232048523805,-0.08655304720264123,0.9755098151324645
2019-11-14,1,0.0018560125036630737,-0.08485767823681645,0.9773203735467964
2019-11-15,1,-0.0008775351014040922,-0.0856607477469441,0.9764627406136916
2019-11-18,1,0.0008783058456134363,-0.08485767823681645,0.9773203735467964
2019-11-19,1,0.0002925117004679567,-0.08458998840010723,0.9776062511911645
2019-11-20,1,0.0013646554245052567,-0.08334076916213107,0.9789403468648827
2019-11-21,1,-0.0013627956779908024,-0.08458998840010723,0.9776062511911645
2019-11-22,1,-0.0003899015498587399,-0.08494690818238626,0.9772250809986734
2019-11-25,1,0.0003900536323744319,-0.08458998840010734,0.9776062511911644
2019-11-26,1,0.0007798030997172578,-0.08387614883554961,0.9783685915761462
2019-11-27,1,-0.0013635920911658772,-0.08512536807352589,0.9770344959024279
2019-11-29,1,0.0,-0.08512536807352589,0.9770344959024279
2019-12-02,1,-0.0012679215839266345,-0.08628535736593235,0.9757956927768323
2019-12-03,1,0.004296874999999867,-0.08235923976086423,0.9799885648942326
2019-12-04,1,-0.0024309607156748347,-0.08458998840010756,0.9776062511911642
2019-12-05,1,-0.0003899015498587399,-0.0849469081823866,0.9772250809986731
2019-12-06,1,-0.0017552413456849436,-0.08655304720264168,0.9755098151324639
2019-12-09,1,0.0001953697372276686,-0.08637458731150227,0.9757004002287094
2019-12-10,1,-0.0004883289383728062,-0.08682073703935089,0.9752239374880958
2019-12-11,1,0.001367989056087593,-0.08557151780137462,0.9765580331618141
2019-12-12,1,-0.003317720530835344,-0.08860533595074549,0.973318086525641
2019-12-13,1,0.0028392402584689336,-0.08601766752922313,0.9760815704212006
2019-12-16,1,-0.002245435907449078,-0.08806995627732706,0.9738898418143775
2019-12-17,1,0.0002935420743639394,-0.08780226644061784,0.9741757194587457
2019-12-18,1,-0.0007825491538686613,-0.08851610600517568,0.9734133790737639
2019-12-19,1,0.0005873715124815604,-0.08798072633175735,0.9739851343625002
2019-12-20,1,-0.0003913511398101477,-0.08833764611403627,0.9736039641700093
2019-12-23,1,-0.0007830087109719219,-0.08905148567859411,0.9728416237850274
2019-12-24,1,0.0008815750808111034,-0.08824841616846646,0.9736992567181321
2019-12-26,1,0.00029359953024066243,-0.08798072633175735,0.9739851343625002
2019-12-27,1,0.0014675667742882759,-0.08664227714821127,0.9754145225843414
2019-12-30,1,-9.769441187967853e-05,-0.08673150709378108,0.9753192300362186
2019-12-31,1,-0.0008793356130922803,-0.08753457660390862,0.974461597103114
2020-01-02,1,0.0004889497359670258,-0.08708842687606011,0.9749380598437275
2020-01-03,1,0.002834522529566952,-0.08450075845453786,0.9777015437392869
2020-01-06,1,-0.0008771929824560321,-0.08530382796466529,0.9768439108061824
2020-01-07,1,-0.00029265437518288806,-0.08557151780137451,0.9765580331618142
2020-01-08,1,-0.0015612802498049527,-0.0869991969304903,0.9750333523918503
2020-01-09,1,0.0003909304143863146,-0.08664227714821127,0.9754145225843414
2020-01-10,1,0.0006838608831576387,-0.08601766752922302,0.9760815704212007
2020-01-13,1,-0.0006833935370497146,-0.08664227714821116,0.9754145225843415
2020-01-14,1,0.0007815552950372062,-0.0859284375836532,0.9761768629693235
2020-01-15,1,0.0008785630613041828,-0.08512536807352566,0.9770344959024281
2020-01-16,1,-0.000585194577196968,-0.0856607477469441,0.9764627406136916
2020-01-17,1,-0.0004879476920074399,-0.08610689747479283,0.9759862778730779
2020-01-21,1,0.00205038078500297,-0.08423306861782831,0.9779874213836555
2020-01-22,1,0.0,-0.08423306861782831,0.9779874213836555
2020-01-23,1,0.0007794991717822164,-0.08351922905327036,0.9787497617686375
2020-01-24,1,0.00184986856197078,-0.08182386008744524,0.9805603201829697
2020-01-27,1,0.0023323615160348865,-0.07968234139377173,0.9828473413379153
2020-01-28,1,-0.0011634671320535084,-0.08075310074060849,0.9817038307604424
2020-01-29,1,0.0016501650165017256,-0.079236191665923,0.983323804078529
2020-01-30,1,0.001356720612462503,-0.07798697242794672,0.9846578997522474
2020-01-31,1,0.001451659730959065,-0.07664852324440075,0.9860872879740884
2020-02-03,1,-0.0004831851565519907,-0.07709467297224937,0.9856108252334748
2020-02-04,1,-0.0029005124238616897,-0.07977157133934154,0.9827520487897925
2020-02-05,1,-0.0013575099389120382,-0.08102079057731781,0.9814179531160742
2020-02-06,1,-9.709680551506228e-05,-0.08111002052288752,0.9813226605679515
2020-02-07,1,0.0021363371528451136,-0.0791469617203534,0.9834190966266516
2020-02-10,1,0.0010658914728682856,-0.07816543231908635,0.9844673146560018
2020-02-11,1,-0.0015487368115381095,-0.07959311144820203,0.982942633886038
2020-02-12,1,-0.0011633543383422484,-0.0806638707950389,0.9817991233085651
2020-02-13,1,9.705910899748815e-05,-0.08057464084946908,0.9818944158566879
2020-02-14,1,0.0009704968944099779,-0.07968234139377173,0.9828473413379153
2020-02-18,1,0.0007756447547022649,-0.078968501829214,0.9836096817228971
2020-02-19,1,-0.0005812826971517415,-0.07950388150263232,0.9830379264341607
2020-02-20,1,0.0014540519581234257,-0.07816543231908635,0.9844673146560018
2020-02-21,1,0.0017423289129803177,-0.07655929329883104,0.9861825805222111
2020-02-24,1,0.003478596965890368,-0.07334701525832077,0.9896131122546296
2020-02-25,1,0.0020221473278767554,-0.07147318640135636,0.991614255765207
2020-02-26,1,0.0010570824524311906,-0.07049165700008941,0.9926624737945571
2020-02-27,1,0.0007679754247864601,-0.06977781743553146,0.993424814179539
2020-02-28,1,0.007098321342925651,-0.06317480146337129,1.0004764627406215
2020-03-02,1,0.0021906848271264767,-0.06112251271526725,1.0026681913474447
2020-03-03,1,0.0028511689792813932,-0.0584456143481753,1.0055269677911267
2020-03-04,1,0.0022744503411675776,-0.056304095654501674,1.0078139889460724
2020-03-05,1,0.0020801815431163995,-0.05434103685196767,1.0099104250047726
2020-03-06,1,0.0047178712964710545,-0.049879539573481124,1.0146750524109094
2020-03-09,1,0.005447032306536315,-0.044704202730436626,1.020202020202028
2020-03-10,1,-0.007565850924715178,-0.05193182832158516,1.0124833238040862
2020-03-11,1,-0.0022588235294117576,-0.05407334701525868,1.0101963026491405
2020-03-12,1,0.0,-0.05407334701525868,1.0101963026491405
2020-03-13,1,-0.0024525988114328934,-0.05639332560007171,1.0077186963979494
2020-03-16,1,0.007754137115839166,-0.04907647006335358,1.0155326853440139
2020-03-17,1,-0.00666228769822641,-0.05541179619880443,1.0087669144272997
2020-03-18,1,-0.006990364632533441,-0.06201481217096472,1.0017152658662172
2020-03-19,1,0.005422374429223664,-0.05692870527349003,1.007146941109213
2020-03-20,1,0.005109281862049508,-0.05211028821272423,1.012292738707841
2020-03-23,1,0.005648121999435096,-0.04675649147854044,1.0180102915952052
2020-03-24,1,-0.002901806608630597,-0.049522619791202094,1.0150562226034003
2020-03-25,1,0.0,-0.049522619791202094,1.0150562226034003
2020-03-26,1,0.0024408561772437665,-0.04720264120638895,1.0175338288545916
2020-03-27,1,0.001779359430605032,-0.045507272240564056,1.0193443872689236
2020-03-30,1,0.001776198934280604,-0.04381190327473916,1.0211549456832556
2020-03-31,1,-0.00018663680477781774,-0.043990363165878565,1.0209643605870102
2020-04-01,1,0.0005600149337314786,-0.04345498349246024,1.0215361158757466
2020-04-02,1,-0.0002798507462686839,-0.04372267332916935,1.0212502382313784
2020-04-03,1,0.0005598581692638493,-0.043187293655750914,1.021821993520115
2020-04-06,1,-0.002890982001305664,-0.04595342196841257,1.01886792452831
2020-04-07,1,-0.001122334455667784,-0.047024181315249325,1.0177244139508372
2020-04-08,1,-0.0001872659176029856,-0.04720264120638873,1.0175338288545919
2020-04-09,1,0.0020603109196477565,-0.04523958240385473,1.019630264913292
2020-04-13,1,-0.0009345794392522366,-0.04613188185955197,1.0186773394320647
2020-04-14,1,0.00037418147801671076,-0.04577496207727316,1.0190585096245555
2020-04-15,1,0.0028053113895643023,-0.0430980637101811,1.0219172860682377
2020-04-16,1,9.324878776584278e-05,-0.04300883376461129,1.0220125786163605
2020-04-17,1,-0.0011188811188811432,-0.044079593111448045,1.0208690680388877
2020-04-20,1,0.00046672267338765394,-0.0436334433835992,1.0213455307795016
2020-04-21,1,0.0008397089009142267,-0.04283037387347166,1.022203163712606
2020-04-22,1,-0.0011186725086229643,-0.04390113322030831,1.0210596531351335
2020-04-23,1,-0.0002799813345777391,-0.044168823057017415,1.0207737754907653
2020-04-24,1,0.0003734129947721154,-0.043811903274738495,1.0211549456832563
2020-04-27,1,-0.0017730496453900457,-0.04550727224056339,1.0193443872689243
2020-04-28,1,0.0013087781621015093,-0.04425805300258723,1.0206784829426425
2020-04-29,1,-9.33619643357364e-05,-0.04434728294815704,1.0205831903945197
2020-04-30,1,-0.0005602240896357413,-0.044882662621575364,1.0200114351057834
2020-05-01,1,-0.0009342301943199294,-0.04577496207727283,1.019058509624556
2020-05-04,1,0.0005610622779128605,-0.045239582403854284,1.0196302649132925
2020-05-05,1,-0.00046728971962617383,-0.045685732131703016,1.0191538021726787
2020-05-06,1,-0.0007480130902290938,-0.046399571696260855,1.0183914617876968
2020-05-07,1,0.0029007205015438853,-0.0436334433835992,1.0213455307795016
2020-05-08,1,-0.0014928158238478595,-0.0450611225127151,1.0198208500095376
2020-05-11,1,-0.0014950476546439218,-0.04648880164183089,1.0182961692395738
2020-05-12,1,0.0012165450121655041,-0.04532881234942432,1.0195349723651694
2020-05-13,1,0.0008412001121600454,-0.044525742839296556,1.0203926052982741
2020-05-14,1,0.0005603287261859435,-0.04399036316587834,1.0209643605870105
2020-05-15,1,-0.00046667911144293583,-0.044436512893727076,1.0204878978463967
2020-05-18,1,-0.0027080026146232283,-0.047024181315249325,1.0177244139508372
2020-05-19,1,0.0009363295880151501,-0.04613188185955197,1.0186773394320647
2020-05-20,1,0.0007483629560336436,-0.04541804229499402,1.0194396798170466
2020-05-21,1,-9.347541596560482e-05,-0.045507272240563834,1.0193443872689238
2020-05-22,1,0.0,-0.045507272240563834,1.0193443872689238
2020-05-26,1,-0.0007478732354865292,-0.04622111180512167,1.018582046883942
2020-05-27,1,0.00037421648423618947,-0.045864192022842754,1.018963217076433
2020-05-28,1,-0.00046759562330511706,-0.046310341750691486,1.0184867543358191
2020-05-29,1,0.0014034431137726067,-0.04497189256714529,1.0199161425576604
2020-06-01,1,0.0006540222367559245,-0.04434728294815726,1.0205831903945195
2020-06-02,1,-0.0006535947712417167,-0.04497189256714529,1.0199161425576604
2020-06-03,1,-0.0023357937027002063,-0.04720264120638873,1.0175338288545919
2020-06-04,1,-0.0010301554598238782,-0.048184170607655785,1.0164856108252418
2020-06-05,1,-0.002437423830505381,-0.05050414919246893,1.0140080045740505
2020-06-08,1,0.0004698806503147246,-0.05005799946462042,1.014484467314664
2020-06-09,1,0.0015968438850273436,-0.04854109038993493,1.0161044406327506
2020-06-10,1,0.0024383381787489444,-0.046221111805121895,1.0185820468839417
2020-06-11,1,0.0015904200580034722,-0.044704202730436626,1.020202020202028
2020-06-12,1,-0.001214272370633207,-0.045864192022842976,1.0189632170764327
2020-06-15,1,-0.00018703824932209123,-0.0460426519139826,1.018772631980187
2020-06-16,1,-0.001028902815452204,-0.04702418131524955,1.017724413950837
2020-06-17,1,0.0005617977528089568,-0.046488801641831334,1.0182961692395733
2020-06-18,1,0.0005614823133071045,-0.04595342196841301,1.0188679245283097
2020-06-19,1,-9.352787130567641e-05,-0.04604265191398271,1.0187726319801869
2020-06-22,1,-0.0003741464783462156,-0.04639957169626174,1.018391461787696
2020-06-23,1,9.35716290819677e-05,-0.04631034175069215,1.0184867543358185
2020-06-24,1,0.00046781437125753556,-0.04586419202284342,1.0189632170764322
2020-06-25,1,9.35191246609346e-05,-0.04577496207727383,1.0190585096245548
2020-06-26,1,0.0009351037965215081,-0.044882662621576364,1.0200114351057823
2020-06-29,1,0.0002802690582959233,-0.04461497278486726,1.0202973127501505
2020-06-30,1,-0.0022415242364807186,-0.04675649147854066,1.018010291595205
2020-07-01,1,-0.0008424599831508006,-0.047559560988668315,1.0171526586621003
2020-07-02,1,0.0003747423646243142,-0.047202641206389395,1.0175338288545912
2020-07-06,1,-0.0004682524817380962,-0.047648790934237906,1.0170573661139777
2020-07-07,1,0.000468471844842,-0.047202641206389395,1.0175338288545912
2020-07-08,1,9.365049634757483e-05,-0.047113411260819804,1.0176291214027138
2020-07-09,1,0.0009364172675343507,-0.04622111180512256,1.018582046883941
2020-07-10,1,-0.001029095331649299,-0.04720264120638962,1.017533828854591
2020-07-13,1,-9.365049634768585e-05,-0.04729187115195932,1.0174385363064682
2020-07-14,1,0.0005619556055072028,-0.046756491478540885,1.0180102915952047
2020-07-15,1,-0.00018721332958904213,-0.04693495136968018,1.0178197064989594
2020-07-16,1,0.00037449676996526016,-0.04657803158740126,1.0182008766914503
2020-07-17,1,-0.00046794571829666953,-0.04702418131524999,1.0177244139508366
2020-07-20,1,-9.363295880138178e-05,-0.04711341126081958,1.017629121402714
2020-07-21,1,0.0004682086337672864,-0.04666726153297085,1.0181055841433277
2020-07-22,1,0.0,-0.04666726153297085,1.0181055841433277
2020-07-23,1,9.359790340690566e-05,-0.04657803158740126,1.0182008766914503
2020-07-24,1,-0.00028076743097804613,-0.046845721424110476,1.0179149990470822
2020-07-27,1,-0.00046807713911245497,-0.047291871151958986,1.0174385363064686
2020-07-28,1,0.0007492741406762704,-0.046578031587401036,1.0182008766914505
2020-07-29,1,0.0002807674309779351,-0.04631034175069193,1.0184867543358187
2020-07-30,1,0.0008420658682635196,-0.04550727224056428,1.0193443872689234
2020-07-31,1,-0.0006543890810506436,-0.046131881859552304,1.0186773394320643
2020-08-03,1,-0.000467726847521166,-0.046578031587401036,1.0182008766914505
2020-08-04,1,0.0010294805802526508,-0.04559650218613409,1.0192490947208006
2020-08-05,1,-0.0007479431563200967,-0.04631034175069193,1.0184867543358187
2020-08-06,1,0.00018712574850310304,-0.046131881859552304,1.0186773394320643
2020-08-07,1,-0.000935453695042221,-0.04702418131524977,1.0177244139508368
2020-08-10,1,-0.0001872659176029856,-0.04720264120638917,1.0175338288545914
2020-08-11,1,-0.002341262408690814,-0.0494333898456325,1.015151515151523
2020-08-12,1,-0.00018774054257009176,-0.04961184973677191,1.0149609300552775
2020-08-13,1,-0.000751103182799695,-0.050325689301329746,1.0141985896702956
2020-08-14,1,0.0004697923517804625,-0.049879539573481235,1.0146750524109092
2020-08-17,1,0.00037565740045075735,-0.049522619791202316,1.0150562226034001
2020-08-18,1,0.00037551633496057946,-0.049165700008923396,1.015437392795891
2020-08-19,1,-9.384384384392153e-05,-0.04925492995449321,1.0153421002477683
2020-08-20,1,0.0005631159080243808,-0.048719550281074886,1.0159138555365046
2020-08-21,1,-0.0002813994934809383,-0.04898724011778399,1.0156279778921364
2020-08-24,1,-0.00028147870144490383,-0.04925492995449321,1.0153421002477683
2020-08-25,1,-0.0006569685593617036,-0.049879539573481235,1.0146750524109092
2020-08-26,1,-9.391435011274485e-05,-0.04996876951905105,1.0145797598627864
2020-08-27,1,-0.001033154879308773,-0.050950298920318104,1.0135315418334363
2020-08-28,1,0.0010342233922526756,-0.04996876951905105,1.0145797598627864
2020-08-31,1,-0.00018784634169244363,-0.05014722941019045,1.014389174766541
2020-09-01,1,0.0004697040864254376,-0.04970107968234194,1.0148656375071545
2020-09-02,1,9.389671361503815e-05,-0.04961184973677213,1.0149609300552773
2020-09-03,1,0.000751103182799806,-0.04889801017221429,1.0157232704402592
2020-09-04,1,-0.002720705507083254,-0.05148567859373654,1.0129597865446998
2020-09-08,1,0.0010348071495767108,-0.050504149192469594,1.0140080045740498
2020-09-09,1,-0.0003759045202518241,-0.05086106897474851,1.0136268343815589
2020-09-10,1,0.00047005734699623325,-0.0504149192469,1.0141032971221724
2020-09-11,1,0.0003758691975190853,-0.050057999464621306,1.0144844673146631
2020-09-14,1,-0.00018786398647374636,-0.0502364593557606,1.0142938822184178
2020-09-15,1,-0.0002818489289740933,-0.050504149192469816,1.0140080045740496
2020-09-16,1,-0.00018795226012591204,-0.05068260908360911,1.0138174194778042
2020-09-17,1,0.00018798759281879462,-0.050504149192469816,1.0140080045740496
2020-09-18,1,-0.0004698806503148356,-0.05095029892031855,1.0135315418334359
2020-09-21,1,0.00037608123354648804,-0.05059337913803952,1.0139127120259268
2020-09-22,1,0.000281954887218161,-0.05032568930133019,1.0141985896702952
2020-09-23,1,-0.00046979235178057355,-0.05077183902917892,1.0137221269296814
2020-09-24,1,0.00018800526414741725,-0.05059337913803941,1.013912712025927
2020-09-25,1,9.398496240597964e-05,-0.050504149192469594,1.0140080045740498
2020-09-28,1,-9.397613006290051e-05,-0.050593379138039185,1.0139127120259273
2020-09-29,1,0.0005639097744358779,-0.05005799946462086,1.0144844673146636
2020-09-30,1,-0.0022543678376855114,-0.05219951815829449,1.0121974461597179
2020-10-01,1,-0.00018828845791751814,-0.05237797804943378,1.0120068610634725
2020-10-02,1,-0.00047080979284364055,-0.05282412777728229,1.011530398322859
2020-10-05,1,-0.0016957136128121775,-0.05443026679753771,1.0098151324566496
2020-10-06,1,0.00028309899028022834,-0.05416257696082849,1.0101010101010177
2020-10-07,1,-0.0011320754716981352,-0.05523333630766536,1.0089574995235449
2020-10-08,1,0.0008500188893085792,-0.05443026679753782,1.0098151324566493
2020-10-09,1,-0.0005661979805605677,-0.054965646470956364,1.0092433771679128
2020-10-12,1,0.0,-0.054965646470956364,1.0092433771679128
2020-10-13,1,0.0012274572750450297,-0.05380565717854957,1.0104821802935087
2020-10-14,1,0.0,-0.05380565717854957,1.0104821802935087
2020-10-15,1,-0.0003772161448510891,-0.05416257696082849,1.0101010101010177
2020-10-16,1,-0.00037735849056608206,-0.05451949674310741,1.0097198399085268
2020-10-19,1,-0.0004718761796904669,-0.05496564647095614,1.009243377167913
2020-10-20,1,-0.0006609385327164263,-0.05559025608994428,1.008576329331054
2020-10-21,1,-0.0004724111866968306,-0.05603640581779279,1.0080998665904404
2020-10-22,1,-0.0007562151432083386,-0.05675024538235063,1.0073375262054585
2020-10-23,1,9.459842966608178e-05,-0.056661015436780815,1.0074328187535813
2020-10-26,1,0.0006621263715476111,-0.05603640581779257,1.0080998665904406
2020-10-27,1,0.0005671613574060874,-0.055501026144374244,1.008671621879177
2020-10-28,1,-9.447331128942249e-05,-0.055590256089943835,1.0085763293310543
2020-10-29,1,-0.0012282690854120704,-0.056750245382350406,1.0073375262054587
2020-10-30,1,-0.0005675905779962687,-0.05728562505576873,1.0067657709167224
2020-11-02,1,0.00018930430667296605,-0.057107165164629325,1.0069563560129677
2020-11-03,1,-0.0008517081480079458,-0.05791023467475698,1.006098723079863
2020-11-04,1,0.002652017427543063,-0.05541179619880443,1.0087669144272997
2020-11-05,1,-0.00037785754770458535,-0.05576871598108346,1.0083857442348088
2020-11-06,1,-0.0010395010395010118,-0.056750245382350406,1.0073375262054587
2020-11-09,1,-0.0032163466086462256,-0.059784063531721277,1.0040975795692857
2020-11-10,1,-0.000569422036632794,-0.0603194432051396,1.0035258242805494
2020-11-11,1,0.0,-0.0603194432051396,1.0035258242805494
2020-11-12,1,0.002278985851296156,-0.05817792451146597,1.005812845435495
2020-11-13,1,-0.0002842254855518478,-0.05844561434817508,1.005526967791127
2020-11-16,1,-0.00028430629264597496,-0.058713304184884296,1.0052410901467588
2020-11-17,1,0.0008531614371030116,-0.057910234674756644,1.0060987230798635
2020-11-18,1,-0.0004735745406326819,-0.05835638440260538,1.0056222603392497
2020-11-19,1,0.00047379891973853283,-0.057910234674756644,1.0060987230798635
2020-11-20,1,0.00037885963250627874,-0.0575533148924775,1.0064798932723547
2020-11-23,1,-0.000662753266426841,-0.05817792451146553,1.0058128454354955
2020-11-24,1,-0.0002842254855518478,-0.058445614348174746,1.0055269677911274
2020-11-25,1,0.00018953752843064997,-0.05826715445703512,1.005717552887373
2020-11-27,1,0.0007580064430547928,-0.05755331489247728,1.0064798932723549
2020-11-30,1,-0.0018935807612194822,-0.05933791380387199,1.0045740423099
2020-12-01,1,-0.0025611838360841688,-0.06174712233425472,1.0020011435105862
2020-12-02,1,0.0,-0.06174712233425472,1.0020011435105862
2020-12-03,1,0.0007608178792202214,-0.061033282769696884,1.0027634838955681
2020-12-04,1,-0.0009502993442935814,-0.06192558222539424,1.0018105584143406
2020-12-07,1,0.0011414439265671206,-0.06085482287855748,1.0029540689918135
2020-12-08,1,0.0001900237529690596,-0.060676362987418075,1.0031446540880589
2020-12-09,1,-0.0006649567778094223,-0.06130097260640621,1.0024776062511997
2020-12-10,1,0.0008555133079848343,-0.06049790309627856,1.0033352391843045
2020-12-11,1,0.0006648304682306261,-0.059873293477290424,1.0040022870211636
2020-12-14,1,0.0,-0.059873293477290424,1.0040022870211636
2020-12-15,1,-0.0005694760820045275,-0.06040867315070875,1.0034305317324272
2020-12-16,1,0.0,-0.06040867315070875,1.0034305317324272
2020-12-17,1,-0.0003798670465335885,-0.060765592932987444,1.0030493615399365
2020-12-18,1,-0.00028500855025648253,-0.06103328276969666,1.0027634838955684
2020-12-21,1,9.502993442933594e-05,-0.06094405282412685,1.0028587764436911
2020-12-22,1,0.00047510452299515116,-0.060497903096278116,1.003335239184305
2020-12-23,1,-0.0006648304682306261,-0.06112251271526625,1.0026681913474458
2020-12-24,1,0.0002851168979280949,-0.060854822878557036,1.002954068991814
2020-12-28,1,0.0,-0.060854822878557036,1.002954068991814
2020-12-29,1,0.0,-0.060854822878557036,1.002954068991814
2020-12-30,1,9.501187648464082e-05,-0.06076559293298722,1.0030493615399367
2020-12-31,1,-0.0003800114003420507,-0.06112251271526625,1.0026681913474458
2021-01-04,1,9.503896597617967e-05,-0.06103328276969644,1.0027634838955686
2021-01-05,1,-0.0009502993442935814,-0.061925582225393905,1.001810558414341
2021-01-06,1,-0.0020926471987063877,-0.06388864102792802,0.9997141223556408
2021-01-07,1,-0.0007625583833762439,-0.06460248059248586,0.9989517819706589
2021-01-08,1,-0.0009539254030334066,-0.0654947800481831,0.9979988564894317
2021-01-11,1,-0.0007638689964670764,-0.06620861961274105,0.9972365161044497
2021-01-12,1,-0.00019111323459164442,-0.06638707950388056,0.9970459310082042
2021-01-13,1,0.0010513237121283492,-0.06540555010261362,0.9980941490375541
2021-01-14,1,-0.0006683215581438917,-0.06603015972160176,0.997427101200695
2021-01-15,1,0.000955383586509928,-0.06513786026590451,0.9983800266819223
2021-01-19,1,0.0001908943399828722,-0.064959400374765,0.9985706117781677
2021-01-20,1,0.0,-0.064959400374765,0.9985706117781677
2021-01-21,1,-0.0001908579062888105,-0.06513786026590451,0.9983800266819223
2021-01-22,1,0.0003817886799657444,-0.06478094048362548,0.9987611968744133
2021-01-25,1,0.000954107432496798,-0.06388864102792824,0.9997141223556406
2021-01-26,1,-9.531979792198886e-05,-0.06397787097349794,0.9996188298075179
2021-01-27,1,0.0005719733079121436,-0.06344249130007962,1.0001905850962542
2021-01-28,1,-0.0010480182926829729,-0.06442402070134678,0.9991423670669041
2021-01-29,1,-0.0006676204101095928,-0.06504863032033481,0.998475319230045
2021-02-01,1,0.0,-0.06504863032033481,0.998475319230045
2021-02-02,1,-0.0007635044855888173,-0.06576246988489265,0.997712978845063
2021-02-03,1,-0.0005730659025787732,-0.06629784955831108,0.9971412235563266
2021-02-04,1,-9.556574923552663e-05,-0.0663870795038809,0.9970459310082038
2021-02-05,1,-0.000477874414603785,-0.06683322923172952,0.9965694682675902
2021-02-08,1,-9.562057754830544e-05,-0.06692245917729933,0.9964741757194674
2021-02-09,1,0.0,-0.06692245917729933,0.9964741757194674
2021-02-10,1,0.0006694080520226464,-0.06629784955831108,0.9971412235563266
2021-02-11,1,-0.00019113149847094224,-0.0664763094494506,0.9969506384600811
2021-02-12,1,-0.0008602561651692708,-0.06727937895957825,0.9960930055269764
2021-02-16,1,-0.0025829905290346566,-0.06968858748996098,0.9935201067276626
2021-02-17,1,-9.591406100140087e-05,-0.0697778174355308,0.9934248141795398
2021-02-18,1,0.00028776978417277554,-0.06951012759882147,0.993710691823908
2021-02-19,1,-0.0012466436517069024,-0.07067011689122804,0.9924718886983125
2021-02-22,1,-0.0005760921747479664,-0.07120549656464636,0.9919001334095761
2021-02-23,1,0.00028821212412344366,-0.07093780672793715,0.9921860110539443
2021-02-24,1,-0.0009604302727622693,-0.07183010618363461,0.9912330855727168
2021-02-25,1,-0.005191309363583807,-0.07664852324440019,0.9860872879740891
2021-02-26,1,0.0008697332817935166,-0.07584545373427254,0.9869449209071937
2021-03-01,1,0.0008689775031380798,-0.07504238422414489,0.9878025538402984
2021-03-02,1,0.0010611614894848742,-0.07406085482287783,0.9888507718696485
2021-03-03,1,-0.0018309723426809255,-0.07575622378870273,0.9870402134553166
2021-03-04,1,-0.0019308746862328752,-0.07754082270009732,0.9851343624928618
2021-03-05,1,-0.00029019152640741286,-0.07780851253680654,0.9848484848484936
2021-03-08,1,-0.0016448959845185573,-0.07932542161149192,0.9832285115304071
2021-03-09,1,0.0009691800736575384,-0.07843312215579468,0.9841814370116344
2021-03-10,1,0.0009682416731215948,-0.07754082270009732,0.9851343624928618
2021-03-11,1,0.0003869220352099578,-0.0771839029178184,0.9855155326853527
2021-03-12,1,-0.0026107135950492744,-0.07959311144820125,0.9829426338860389
2021-03-15,1,0.00038778477944734213,-0.07923619166592233,0.9833238040785297
2021-03-16,1,0.0,-0.07923619166592233,0.9833238040785297
2021-03-17,1,0.0007752689214071129,-0.07852235210136449,0.9840861444635116
2021-03-18,1,-0.0028081727510408383,-0.08111002052288663,0.9813226605679524
2021-03-19,1,-0.00019421246844053552,-0.08128848041402625,0.9811320754717068
2021-03-22,1,0.0009712509712509476,-0.0803961809583289,0.9820850009529342
2021-03-23,1,0.0009703085581214133,-0.07950388150263166,0.9830379264341614
2021-03-24,1,0.0005816207832494147,-0.07896850182921311,0.983609681722898
2021-03-25,1,0.00038752179810130905,-0.07861158204693408,0.983990851915389
2021-03-26,1,-0.0012589579701725029,-0.07977157133934065,0.9827520487897934
2021-03-29,1,-0.0013575099389120382,-0.08102079057731693,0.981417953116075
2021-03-30,1,-0.0005825808330904847,-0.08155617025073525,0.9808461978273387
2021-03-31,1,-0.002817448751578855,-0.08414383867225761,0.9780827139317793
2021-04-01,1,0.0011691348402183,-0.08307307932542074,0.9792262245092521
2021-04-05,1,-0.0011677695601401972,-0.08414383867225761,0.9780827139317793
2021-04-06,1,0.0020459859703818584,-0.0822700098152932,0.9800838574423567
2021-04-07,1,0.000486144871171712,-0.08182386008744447,0.9805603201829705
2021-04-08,1,0.0004859086491739717,-0.08137771035959573,0.9810367829235842
2021-04-09,1,-0.0009713453132589311,-0.0822700098152932,0.9800838574423567
2021-04-12,1,-0.0006806028196402192,-0.08289461943428134,0.9794168096054976
2021-04-13,1,0.001654018291496362,-0.08137771035959585,0.9810367829235841
2021-04-14,1,-0.0005828071879553365,-0.08191309003301428,0.9804650276348477
2021-04-15,1,0.002332588200991248,-0.07977157133934076,0.9827520487897933
2021-04-16,1,-0.0010666149520023316,-0.08075310074060782,0.9817038307604432
2021-04-19,1,-0.0003882741215297525,-0.08111002052288674,0.9813226605679523
2021-04-20,1,0.0010681685764226678,-0.08012849112161957,0.9823708785973024
2021-04-21,1,-9.70026190707518e-05,-0.08021772106718938,0.9822755860491796
2021-04-22,1,9.701202949163878e-05,-0.08012849112161968,0.9823708785973023
2021-04-23,1,-0.0005820157144242888,-0.08066387079503812,0.9817991233085659
2021-04-26,1,-0.00048529554498688565,-0.08111002052288674,0.9813226605679523
2021-04-27,1,-0.0010681685764225568,-0.0820915499241538,0.9802744425386022
2021-04-28,1,0.00029163021289013713,-0.08182386008744447,0.9805603201829705
2021-04-29,1,-0.0001943634596697219,-0.08200231997858409,0.9803697350867249
2021-04-30,1,-0.0008748055987557457,-0.08280538948871163,0.9795121021536203
2021-05-03,1,0.0009728572818366032,-0.08191309003301439,0.9804650276348476
2021-05-04,1,0.00019438235008251148,-0.08173463014187499,0.9806556127310929
2021-05-05,1,0.00048586143231954537,-0.08128848041402625,0.9811320754717067
2021-05-06,1,0.0002913752913753509,-0.08102079057731704,0.9814179531160749
2021-05-07,1,0.00038838722206047116,-0.080663870795038,0.981799123308566
2021-05-10,1,-0.00048529554498688565,-0.08111002052288663,0.9813226605679524
2021-05-11,1,-0.0006797436395417078,-0.08173463014187488,0.9806556127310931
2021-05-12,1,-0.002137790302205844,-0.08369768894440899,0.9785591766723929
2021-05-13,1,0.0009738046547862478,-0.08280538948871163,0.9795121021536203
2021-05-14,1,0.0006810000972856667,-0.0821807798697235,0.9801791499904794
2021-05-17,1,-0.00019443904335991746,-0.08235923976086301,0.9799885648942339
2021-05-18,1,9.723842862685572e-05,-0.08227000981529342,0.9800838574423565
2021-05-19,1,-0.0013612056392805494,-0.0835192290532697,0.9787497617686381
2021-05-20,1,0.0015577840521858732,-0.0820915499241539,0.9802744425386021
2021-05-21,1,-0.0002916302128900261,-0.08235923976086301,0.9799885648942339
2021-05-24,1,0.0006806690003888782,-0.08173463014187488,0.980655612731093
2021-05-25,1,0.0010688951511028666,-0.08075310074060793,0.9817038307604431
2021-05-26,1,-0.00019413706076487625,-0.08093156063174733,0.9815132456641976
2021-05-27,1,-0.0007766990291262488,-0.08164540019630528,0.9807509052792157
2021-05-28,1,0.0002914885347842233,-0.08137771035959607,0.9810367829235839
2021-06-01,1,-0.00038853812530359466,-0.08173463014187499,0.9806556127310929
2021-06-02,1,0.00048586143231954537,-0.08128848041402625,0.9811320754717067
2021-06-03,1,-0.0015540015540015384,-0.08271615954314204,0.9796073947017429
2021-06-04,1,0.0019455252918287869,-0.08093156063174733,0.9815132456641976
2021-06-07,1,-0.0003883495145631244,-0.08128848041402625,0.9811320754717067
2021-06-08,1,0.0010683760683760646,-0.08030695101275931,0.9821802935010567
2021-06-09,1,0.0008731929756475854,-0.07950388150263177,0.9830379264341613
2021-06-10,1,0.0004846839860410679,-0.07905773177478315,0.983514389174775
2021-06-11,1,-0.0003875593450246573,-0.07941465155706207,0.983133218982284
2021-06-14,1,-0.0013569836192691698,-0.08066387079503834,0.9817991233085657
2021-06-15,1,0.0,-0.08066387079503834,0.9817991233085657
2021-06-16,1,-0.003008832378918802,-0.0834299991077001,0.9788450543167607
2021-06-17,1,0.0004867601246105746,-0.08298384937985148,0.9793215170573744
2021-06-18,1,0.0,-0.08298384937985148,0.9793215170573744
2021-06-21,1,-0.0002919139826798034,-0.08325153921656081,0.9790356394130061
2021-06-22,1,0.000681331516449335,-0.08262692959757256,0.9797026872498653
2021-06-23,1,-0.0005836008170411189,-0.083162309270991,0.9791309319611289
2021-06-24,1,-0.00029197080291976096,-0.08342999910770021,0.9788450543167606
2021-06-25,1,-0.0010708722741432641,-0.08441152850896727,0.9777968362874105
2021-06-28,1,0.0014618458239938903,-0.08307307932542107,0.9792262245092518
2021-06-29,1,-9.73141300116831e-05,-0.08316230927099089,0.979130931961129
2021-06-30,1,-0.0003892944038930146,-0.08351922905326992,0.9787497617686379
2021-07-01,1,-0.0009736150326160598,-0.08441152850896727,0.9777968362874105
2021-07-02,1,0.0013643894357275865,-0.08316230927099089,0.979130931961129
2021-07-06,1,0.0018491484184914864,-0.08146694030516599,0.980941490375461
2021-07-07,1,0.0010685836409558558,-0.08048541090389894,0.981989708404811
2021-07-08,1,0.0013585638039785852,-0.07923619166592277,0.9833238040785293
2021-07-09,1,-0.0019381723035177822,-0.08102079057731748,0.9814179531160745
2021-07-12,1,-0.00038838722206036014,-0.0813777103595964,0.9810367829235835
2021-07-13,1,-0.0016512870325401385,-0.08289461943428189,0.9794168096054969
2021-07-14,1,0.001654018291496362,-0.08137771035959651,0.9810367829235834
2021-07-15,1,0.0012627489072365439,-0.08021772106718994,0.9822755860491791
2021-07-16,1,-0.0002910360884750274,-0.08048541090389916,0.9819897084048108
2021-07-19,1,0.003105288694808417,-0.07763005264566769,0.9850390699447384
2021-07-20,1,0.00019347973299788102,-0.07745159275452829,0.9852296550409838
2021-07-21,1,-0.0019344230583229205,-0.079236191665923,0.983323804078529
2021-07-22,1,0.00048454307587952883,-0.07879004193807426,0.9838002668191428
2021-07-23,1,-0.00038744672607504693,-0.07914696172035307,0.983419096626652
2021-07-26,1,0.00019379844961231463,-0.07896850182921378,0.9836096817228973
2021-07-27,1,0.0008719240457275568,-0.07816543231908624,0.9844673146560019
2021-07-28,1,-0.0009679605072113739,-0.07905773177478359,0.9835143891747744
2021-07-29,1,9.688983625633085e-05,-0.07896850182921378,0.9836096817228973
2021-07-30,1,0.000775043596202174,-0.07825466226465594,0.9843720221078791
2021-08-02,1,0.002032913843175388,-0.07638083340769142,0.9863731656184568
2021-08-03,1,0.0,-0.07638083340769142,0.9863731656184568
2021-08-04,1,-0.000676263162979529,-0.07700544302667955,0.9857061177815976
2021-08-05,1,-0.0014501160092806886,-0.07834389221022553,0.9842767295597565
2021-08-06,1,-0.001839481072708038,-0.08003926117605054,0.9824661711454244
2021-08-09,1,-0.0010669253152278957,-0.08102079057731759,0.9814179531160744
2021-08-10,1,-0.0009709680551509559,-0.08191309003301495,0.980465027634847
2021-08-11,1,0.00029157352512387824,-0.08164540019630573,0.9807509052792152
2021-08-12,1,-0.0004858142246404462,-0.08209154992415435,0.9802744425386015
2021-08-13,1,0.0015553611354135466,-0.08066387079503878,0.9817991233085652
2021-08-16,1,0.0012617684169657917,-0.07950388150263232,0.9830379264341607
2021-08-17,1,-0.00029081039162470734,-0.07977157133934165,0.9827520487897924
2021-08-18,1,-0.00048482497818280734,-0.08021772106719027,0.9822755860491788
2021-08-19,1,0.0004850601474581939,-0.07977157133934165,0.9827520487897924
2021-08-20,1,-0.0006787549694559081,-0.08039618095832957,0.9820850009529334
2021-08-23,1,0.00019406171162428265,-0.08021772106719016,0.9822755860491789
2021-08-24,1,-0.0006790842064415825,-0.08084233068617819,0.9816085382123197
2021-08-25,1,-0.001164935443160875,-0.08191309003301506,0.9804650276348469
2021-08-26,1,-0.0001943823500826225,-0.08209154992415446,0.9802744425386014
2021-08-27,1,0.0012637309225236315,-0.08093156063174789,0.9815132456641971
2021-08-30,1,0.0008737864077670299,-0.08012849112162024,0.9823708785973018
2021-08-31,1,-0.0015520419051313628,-0.08155617025073592,0.9808461978273381
2021-09-01,1,-0.00019430681045384812,-0.08173463014187543,0.9806556127310925
2021-09-02,1,0.00019434457292799578,-0.0815561702507358,0.9808461978273382
2021-09-03,1,-0.00048576702613434275,-0.08200231997858454,0.9803697350867244
2021-09-07,1,-0.0013608087091757648,-0.08325153921656081,0.9790356394130061
2021-09-08,1,0.000681331516449335,-0.08262692959757256,0.9797026872498653
2021-09-09,1,0.0007781344227215659,-0.08191309003301472,0.9804650276348472
2021-09-10,1,-0.0010691029254543682,-0.08289461943428178,0.9794168096054972
2021-09-13,1,0.00038918077446958854,-0.08253769965200286,0.979797979797988
2021-09-14,1,0.0009725734292940214,-0.0816454001963055,0.9807509052792155
2021-09-15,1,-0.0007773027594247806,-0.08235923976086335,0.9799885648942336
2021-09-16,1,-0.0009723842862700005,-0.08325153921656081,0.9790356394130061
2021-09-17,1,-0.0011679968853415268,-0.08432229856339746,0.9778921288355333
2021-09-20,1,0.0015591502631064902,-0.08289461943428178,0.979416809605497
2021-09-21,1,-0.00029188558085235794,-0.08316230927099111,0.9791309319611288
2021-09-22,1,-0.0011678832116788218,-0.08423306861782787,0.9779874213836559
2021-09-23,1,-0.0022410601188734836,-0.08628535736593157,0.9757956927768331
2021-09-24,1,-0.0012695312500000666,-0.08744534665833825,0.9745568896512374
2021-09-27,1,-0.0008800234672923235,-0.08824841616846568,0.973699256718133
2021-09-28,1,-0.0009786651008025782,-0.08914071562416315,0.9727463312369055
2021-09-29,1,0.0001959247648901652,-0.08896225573302374,0.9729369163331508
2021-09-30,1,-9.794319294798015e-05,-0.08905148567859344,0.9728416237850281
2021-10-01,1,0.002154961308649117,-0.08708842687605933,0.9749380598437283
2021-10-04,1,-0.0005864529371518712,-0.08762380654947788,0.9743663045549917
2021-10-05,1,-0.0012713936430317485,-0.08878379584188434,0.9731275014293962
2021-10-06,1,-0.00019584802193506334,-0.08896225573302396,0.9729369163331506
2021-10-07,1,-0.0012732615083250742,-0.09012224502543043,0.9716981132075551
2021-10-08,1,-0.0010787486515642097,-0.09110377442669759,0.9706498951782049
2021-10-11,1,0.0,-0.09110377442669759,0.9706498951782049
2021-10-12,1,-0.0004908698213234031,-0.09154992415454632,0.9701734324375911
2021-10-13,1,-9.822217856791937e-05,-0.09163915410011603,0.9700781398894684
2021-10-14,1,0.0011787819253439302,-0.09056839475327905,0.9712216504669414
2021-10-15,1,-0.0024529042386185473,-0.09279914339252249,0.9688393367638729
2021-10-18,1,-0.0010819317399429762,-0.09378067279378954,0.9677911187345227
2021-10-19,1,-0.0002953918865695737,-0.09404836263049887,0.9675052410901545
2021-10-20,1,0.00029547916871863755,-0.09378067279378954,0.9677911187345227
2021-10-21,1,-0.0022646711303663247,-0.09583296154189358,0.9655993901276997
2021-10-22,1,0.0,-0.09583296154189358,0.9655993901276997
2021-10-25,1,0.0011842494818909977,-0.0947622021950566,0.9667429007051727
2021-10-26,1,-9.857072449492854e-05,-0.09485143214062641,0.9666476081570499
2021-10-27,1,0.001577287066246047,-0.09342375301151062,0.9681722889270137
2021-10-28,1,-0.001279527559055027,-0.0945837423039172,0.9669334858014181
2021-10-29,1,-9.855129594960044e-05,-0.0946729722494869,0.9668381932532953
2021-11-01,1,-0.0008870490833825517,-0.09547604175961444,0.9659805603201908
2021-11-02,1,0.001677024760777357,-0.09395913268492906,0.9676005336382772
2021-11-03,1,-0.0010833169194406356,-0.09494066208619623,0.9665523156089271
2021-11-04,1,0.0025633441782508815,-0.0926206835013832,0.9690299218601182
2021-11-05,1,0.0018684236404760135,-0.09092531453555819,0.9708404802744502
2021-11-08,1,-0.0022575579112680266,-0.09297760328366189,0.9686487516676274
2021-11-09,1,0.0020659124446629207,-0.0911037744266977,0.9706498951782048
2021-11-10,1,-0.004614176320439811,-0.09529758186847515,0.9661711454164361
2021-11-11,1,0.0,-0.09529758186847515,0.9661711454164361
2021-11-12,1,-0.0010849196173192688,-0.0962791112697422,0.965122927387086
2021-11-15,1,-0.000987361769352213,-0.09717141072543933,0.9641700019058588
2021-11-16,1,-0.0002965012848389348,-0.09743910056214866,0.9638841242614905
2021-11-17,1,0.000988630746416197,-0.09654680110645131,0.9648370497427179
2021-11-18,1,0.00039506172839520737,-0.09618988132417228,0.965218219935209
2021-11-19,1,0.0007898114325204375,-0.09547604175961444,0.9659805603201909
2021-11-22,1,-0.0037486435829141573,-0.09886677969126423,0.9623594434915268
2021-11-23,1,-0.000594118229527596,-0.09940215936468255,0.9617876882027905
2021-11-24,1,-0.00029723570791639897,-0.09966984920139188,0.9615018105584222
2021-11-26,1,0.005649157581764097,-0.09458374230391708,0.9669334858014182
2021-11-29,1,-0.0003942051837980687,-0.09494066208619589,0.9665523156089274
2021-11-30,1,0.0009859016070195015,-0.09404836263049865,0.9675052410901547
2021-12-01,1,-0.0003939722249581834,-0.09440528241277757,0.9671240708976637
2021-12-02,1,-0.0016750418760469454,-0.09592219148746306,0.9655040975795771
2021-12-03,1,0.0030596131069877686,-0.0931560631748014,0.968458166571382
2021-12-06,1,-0.0031486765718783394,-0.09601142143303276,0.9654088050314544
2021-12-07,1,-0.0018754318428585437,-0.09770679039885766,0.9635982466171225
2021-12-08,1,-0.0003955696202532222,-0.09806371018113658,0.9632170764246315
2021-12-09,1,0.0002967946181242631,-0.09779602034442736,0.9635029540689998
2021-12-10,1,0.0002967065572150318,-0.09752833050771814,0.963788831713368
2021-12-13,1,0.0014830927427329499,-0.09618988132417206,0.9652182199352092
2021-12-14,1,-0.0007898114325206596,-0.09690372088873,0.9644558795502272
2021-12-15,1,-0.0009880446596185477,-0.09779602034442725,0.9635029540689999
2021-12-16,1,0.002769261200672446,-0.09529758186847481,0.9661711454164364
2021-12-17,1,0.0,-0.09529758186847481,0.9661711454164364
2021-12-20,1,0.0001972581122398065,-0.09511912197733541,0.9663617305126818
2021-12-21,1,-0.0025638497189625076,-0.09743910056214844,0.9638841242614907
2021-12-22,1,0.0006920415224913601,-0.09681449094316019,0.96455117209835
2021-12-23,1,-0.0010867417506421617,-0.09779602034442725,0.9635029540689999
2021-12-27,1,-0.00019780437147653984,-0.09797448023556665,0.9633123689727545
2021-12-28,1,0.00019784350578677667,-0.09779602034442725,0.9635029540689999
2021-12-29,1,-0.001285728414597953,-0.09895600963683371,0.9622641509434043
2021-12-30,1,0.0007922360863537037,-0.09824217007227587,0.9630264913283862
2021-12-31,1,0.00019790223629523318,-0.09806371018113647,0.9632170764246317
2022-01-03,1,-0.00395726157498999,-0.10163290800392566,0.9594053744997223
2022-01-04,1,-0.0003972983710767153,-0.10198982778620458,0.9590242043072313
2022-01-05,1,-0.0020866454689983938,-0.10386365664316899,0.9570230607966539
2022-01-06,1,-0.0016927212984167994,-0.10538056571785437,0.9554030874785674
2022-01-07,1,-0.0008976660682226134,-0.10618363522798191,0.9545454545454628
2022-01-10,1,-0.0010981331736048539,-0.10716516462924897,0.9534972365161127
2022-01-11,1,0.000899460323805723,-0.10636209511912142,0.9543548694492173
2022-01-12,1,0.0004992511233150587,-0.10591594539127269,0.9548313321898311
2022-01-13,1,0.0004990019960080527,-0.10546979566342396,0.9553077949304448
2022-01-14,1,-0.0024937655860348684,-0.10770054430266729,0.9529254812273764
2022-01-18,1,-0.0036000000000000476,-0.11091282234317767,0.9494949494949578
2022-01-19,1,0.001204335608189444,-0.10984206299634092,0.9506384600724307
2022-01-20,1,-0.00030072173215722753,-0.11010975283305013,0.9503525824280624
2022-01-21,1,0.002707309736287966,-0.1077005443026674,0.9529254812273763
2022-01-24,1,0.0009999999999998899,-0.10680824484697016,0.9538784067086036
2022-01-25,1,-0.0017982017982016707,-0.10841438386722524,0.9521631408423944
2022-01-26,1,-0.0027021617293834232,-0.11082359239760797,0.9495902420430805
2022-01-27,1,-0.0007024586051179726,-0.11144820201659622,0.9489231942062213
2022-01-28,1,0.0011046394858404973,-0.11046667261532916,0.9499714122355714
2022-01-31,1,-0.0003009328919650889,-0.11073436245203838,0.9496855345912032
2022-02-01,1,-0.0004013646397751369,-0.11109128223431719,0.9493043643987124
2022-02-02,1,0.0009034330455730544,-0.11028821272418976,0.9501619973318168
2022-02-03,1,-0.0021061077123657457,-0.11216204158115395,0.9481608538212395
2022-02-04,1,-0.004723618090452297,-0.11635584902293139,0.9436821040594708
2022-02-07,1,0.0008078360092900194,-0.11564200945837366,0.9444444444444526
2022-02-08,1,-0.0015134698819494474,-0.11698045864191975,0.9430150562226115
2022-02-09,1,0.00020210185933722258,-0.11680199875078012,0.9432056413188571
2022-02-10,1,-0.005758739139220093,-0.12188810564825492,0.937773966075861
2022-02-11,1,0.0025403922365612175,-0.1196573570090117,0.9401562797789293
2022-02-14,1,-0.00222988039732408,-0.12162041581154581,0.9380598437202292
2022-02-15,1,-0.000711093051604994,-0.12224502543053384,0.9373927958833701
2022-02-16,1,0.000711599064755486,-0.12162041581154581,0.9380598437202292
2022-02-17,1,0.002641202763104422,-0.11930043722673267,0.9405374499714204
2022-02-18,1,0.0010131712259371373,-0.11840813777103532,0.9414903754526478
2022-02-22,0,-0.0015182186234816708,-0.11974658695458118,0.9400609872308069
2022-02-23,0,-0.0,-0.11974658695458118,0.9400609872308069
2022-02-24,0,0.0,-0.11974658695458118,0.9400609872308069
2022-02-25,0,-0.0,-0.11974658695458118,0.9400609872308069
2022-02-28,0,0.0,-0.11974658695458118,0.9400609872308069
2022-03-01,0,0.0,-0.11974658695458118,0.9400609872308069
2022-03-02,0,-0.0,-0.11974658695458118,0.9400609872308069
2022-03-03,0,0.0,-0.11974658695458118,0.9400609872308069
2022-03-04,0,0.0,-0.11974658695458118,0.9400609872308069
2022-03-07,0,-0.0,-0.11974658695458118,0.9400609872308069
2022-03-08,0,-0.0,-0.11974658695458118,0.9400609872308069
2022-03-09,0,-0.0,-0.11974658695458118,0.9400609872308069
2022-03-10,0,-0.0,-0.11974658695458118,0.9400609872308069
2022-03-11,0,-0.0,-0.11974658695458118,0.9400609872308069
2022-03-14,0,-0.0,-0.11974658695458118,0.9400609872308069
2022-03-15,0,-0.0,-0.11974658695458118,0.9400609872308069
2022-03-16,0,-0.0,-0.11974658695458118,0.9400609872308069
2022-03-17,0,0.0,-0.11974658695458118,0.9400609872308069
2022-03-18,0,0.0,-0.11974658695458118,0.9400609872308069
2022-03-21,0,-0.0,-0.11974658695458118,0.9400609872308069
2022-03-22,0,-0.0,-0.11974658695458118,0.9400609872308069
2022-03-23,0,0.0,-0.11974658695458118,0.9400609872308069
2022-03-24,0,-0.0,-0.11974658695458118,0.9400609872308069
2022-03-25,0,-0.0,-0.11974658695458118,0.9400609872308069
2022-03-28,0,-0.0,-0.11974658695458118,0.9400609872308069
2022-03-29,0,0.0,-0.11974658695458118,0.9400609872308069
2022-03-30,0,0.0,-0.11974658695458118,0.9400609872308069
2022-03-31,0,0.0,-0.11974658695458118,0.9400609872308069
2022-04-01,0,-0.0,-0.11974658695458118,0.9400609872308069
2022-04-04,0,-0.0,-0.11974658695458118,0.9400609872308069
2022-04-05,0,-0.0,-0.11974658695458118,0.9400609872308069
2022-04-06,0,-0.0,-0.11974658695458118,0.9400609872308069
2022-04-07,0,0.0,-0.11974658695458118,0.9400609872308069
2022-04-08,0,-0.0,-0.11974658695458118,0.9400609872308069
2022-04-11,0,-0.0,-0.11974658695458118,0.9400609872308069
2022-04-12,0,0.0,-0.11974658695458118,0.9400609872308069
2022-04-13,0,0.0,-0.11974658695458118,0.9400609872308069
2022-04-14,0,-0.0,-0.11974658695458118,0.9400609872308069
2022-04-18,0,-0.0,-0.11974658695458118,0.9400609872308069
2022-04-19,0,-0.0,-0.11974658695458118,0.9400609872308069
2022-04-20,0,0.0,-0.11974658695458118,0.9400609872308069
2022-04-21,0,-0.0,-0.11974658695458118,0.9400609872308069
2022-04-22,0,0.0,-0.11974658695458118,0.9400609872308069
2022-04-25,0,0.0,-0.11974658695458118,0.9400609872308069
2022-04-26,0,0.0,-0.11974658695458118,0.9400609872308069
2022-04-27,0,-0.0,-0.11974658695458118,0.9400609872308069
2022-04-28,0,-0.0,-0.11974658695458118,0.9400609872308069
2022-04-29,0,-0.0,-0.11974658695458118,0.9400609872308069
2022-05-02,0,-0.0,-0.11974658695458118,0.9400609872308069
2022-05-03,0,0.0,-0.11974658695458118,0.9400609872308069
2022-05-04,0,0.0,-0.11974658695458118,0.9400609872308069
2022-05-05,0,-0.0,-0.11974658695458118,0.9400609872308069
2022-05-06,0,-0.0,-0.11974658695458118,0.9400609872308069
2022-05-09,0,0.0,-0.11974658695458118,0.9400609872308069
2022-05-10,0,0.0,-0.11974658695458118,0.9400609872308069
2022-05-11,0,0.0,-0.11974658695458118,0.9400609872308069
2022-05-12,0,0.0,-0.11974658695458118,0.9400609872308069
2022-05-13,0,-0.0,-0.11974658695458118,0.9400609872308069
2022-05-16,0,0.0,-0.11974658695458118,0.9400609872308069
2022-05-17,0,-0.0,-0.11974658695458118,0.9400609872308069
2022-05-18,0,0.0,-0.11974658695458118,0.9400609872308069
2022-05-19,0,0.0,-0.11974658695458118,0.9400609872308069
2022-05-20,0,0.0,-0.11974658695458118,0.9400609872308069
2022-05-23,0,-0.0,-0.11974658695458118,0.9400609872308069
2022-05-24,0,0.0,-0.11974658695458118,0.9400609872308069
2022-05-25,0,0.0,-0.11974658695458118,0.9400609872308069
2022-05-26,0,0.0,-0.11974658695458118,0.9400609872308069
2022-05-27,0,-0.0,-0.11974658695458118,0.9400609872308069
2022-05-31,0,-0.0,-0.11974658695458118,0.9400609872308069
2022-06-01,0,-0.0,-0.11974658695458118,0.9400609872308069
2022-06-02,0,0.0,-0.11974658695458118,0.9400609872308069
2022-06-03,0,-0.0,-0.11974658695458118,0.9400609872308069
2022-06-06,0,-0.0,-0.11974658695458118,0.9400609872308069
2022-06-07,0,0.0,-0.11974658695458118,0.9400609872308069
2022-06-08,0,-0.0,-0.11974658695458118,0.9400609872308069
2022-06-09,0,-0.0,-0.11974658695458118,0.9400609872308069
2022-06-10,0,-0.0,-0.11974658695458118,0.9400609872308069
2022-06-13,0,-0.0,-0.11974658695458118,0.9400609872308069
2022-06-14,0,-0.0,-0.11974658695458118,0.9400609872308069
2022-06-15,0,0.0,-0.11974658695458118,0.9400609872308069
2022-06-16,0,0.0,-0.11974658695458118,0.9400609872308069
2022-06-17,0,0.0,-0.11974658695458118,0.9400609872308069
2022-06-21,0,-0.0,-0.11974658695458118,0.9400609872308069
2022-06-22,0,0.0,-0.11974658695458118,0.9400609872308069
2022-06-23,0,0.0,-0.11974658695458118,0.9400609872308069
2022-06-24,0,-0.0,-0.11974658695458118,0.9400609872308069
2022-06-27,0,-0.0,-0.11974658695458118,0.9400609872308069
2022-06-28,0,-0.0,-0.11974658695458118,0.9400609872308069
2022-06-29,0,0.0,-0.11974658695458118,0.9400609872308069
2022-06-30,0,0.0,-0.11974658695458118,0.9400609872308069
2022-07-01,0,0.0,-0.11974658695458118,0.9400609872308069
2022-07-05,0,0.0,-0.11974658695458118,0.9400609872308069
2022-07-06,0,-0.0,-0.11974658695458118,0.9400609872308069
2022-07-07,0,-0.0,-0.11974658695458118,0.9400609872308069
2022-07-08,0,-0.0,-0.11974658695458118,0.9400609872308069
2022-07-11,0,0.0,-0.11974658695458118,0.9400609872308069
2022-07-12,0,0.0,-0.11974658695458118,0.9400609872308069
2022-07-13,0,-0.0,-0.11974658695458118,0.9400609872308069
2022-07-14,0,-0.0,-0.11974658695458118,0.9400609872308069
2022-07-15,0,0.0,-0.11974658695458118,0.9400609872308069
2022-07-18,0,-0.0,-0.11974658695458118,0.9400609872308069
2022-07-19,0,-0.0,-0.11974658695458118,0.9400609872308069
2022-07-20,0,-0.0,-0.11974658695458118,0.9400609872308069
2022-07-21,0,0.0,-0.11974658695458118,0.9400609872308069
2022-07-22,0,0.0,-0.11974658695458118,0.9400609872308069
2022-07-25,0,-0.0,-0.11974658695458118,0.9400609872308069
2022-07-26,0,0.0,-0.11974658695458118,0.9400609872308069
2022-07-27,0,0.0,-0.11974658695458118,0.9400609872308069
2022-07-28,0,0.0,-0.11974658695458118,0.9400609872308069
2022-07-29,0,0.0,-0.11974658695458118,0.9400609872308069
2022-08-01,0,0.0,-0.11974658695458118,0.9400609872308069
2022-08-02,0,-0.0,-0.11974658695458118,0.9400609872308069
2022-08-03,0,-0.0,-0.11974658695458118,0.9400609872308069
2022-08-04,0,0.0,-0.11974658695458118,0.9400609872308069
2022-08-05,0,-0.0,-0.11974658695458118,0.9400609872308069
2022-08-08,0,0.0,-0.11974658695458118,0.9400609872308069
2022-08-09,0,-0.0,-0.11974658695458118,0.9400609872308069
2022-08-10,0,0.0,-0.11974658695458118,0.9400609872308069
2022-08-11,0,-0.0,-0.11974658695458118,0.9400609872308069
2022-08-12,0,0.0,-0.11974658695458118,0.9400609872308069
2022-08-15,0,0.0,-0.11974658695458118,0.9400609872308069
2022-08-16,0,-0.0,-0.11974658695458118,0.9400609872308069
2022-08-17,0,-0.0,-0.11974658695458118,0.9400609872308069
2022-08-18,0,0.0,-0.11974658695458118,0.9400609872308069
2022-08-19,0,-0.0,-0.11974658695458118,0.9400609872308069
2022-08-22,0,-0.0,-0.11974658695458118,0.9400609872308069
2022-08-23,0,0.0,-0.11974658695458118,0.9400609872308069
2022-08-24,0,-0.0,-0.11974658695458118,0.9400609872308069
2022-08-25,0,0.0,-0.11974658695458118,0.9400609872308069
2022-08-26,0,-0.0,-0.11974658695458118,0.9400609872308069
2022-08-29,0,-0.0,-0.11974658695458118,0.9400609872308069
2022-08-30,0,-0.0,-0.11974658695458118,0.9400609872308069
2022-08-31,0,-0.0,-0.11974658695458118,0.9400609872308069
2022-09-01,0,-0.0,-0.11974658695458118,0.9400609872308069
2022-09-02,0,0.0,-0.11974658695458118,0.9400609872308069
2022-09-06,0,-0.0,-0.11974658695458118,0.9400609872308069
2022-09-07,0,0.0,-0.11974658695458118,0.9400609872308069
2022-09-08,0,-0.0,-0.11974658695458118,0.9400609872308069
2022-09-09,0,-0.0,-0.11974658695458118,0.9400609872308069
2022-09-12,0,-0.0,-0.11974658695458118,0.9400609872308069
2022-09-13,0,-0.0,-0.11974658695458118,0.9400609872308069
2022-09-14,0,-0.0,-0.11974658695458118,0.9400609872308069
2022-09-15,0,-0.0,-0.11974658695458118,0.9400609872308069
2022-09-16,0,0.0,-0.11974658695458118,0.9400609872308069
2022-09-19,0,-0.0,-0.11974658695458118,0.9400609872308069
2022-09-20,0,-0.0,-0.11974658695458118,0.9400609872308069
2022-09-21,0,0.0,-0.11974658695458118,0.9400609872308069
2022-09-22,0,-0.0,-0.11974658695458118,0.9400609872308069
2022-09-23,0,-0.0,-0.11974658695458118,0.9400609872308069
2022-09-26,0,-0.0,-0.11974658695458118,0.9400609872308069
2022-09-27,0,-0.0,-0.11974658695458118,0.9400609872308069
2022-09-28,0,0.0,-0.11974658695458118,0.9400609872308069
2022-09-29,0,-0.0,-0.11974658695458118,0.9400609872308069
2022-09-30,0,-0.0,-0.11974658695458118,0.9400609872308069
2022-10-03,0,0.0,-0.11974658695458118,0.9400609872308069
2022-10-04,0,0.0,-0.11974658695458118,0.9400609872308069
2022-10-05,0,-0.0,-0.11974658695458118,0.9400609872308069
2022-10-06,0,-0.0,-0.11974658695458118,0.9400609872308069
2022-10-07,0,-0.0,-0.11974658695458118,0.9400609872308069
2022-10-10,0,0.0,-0.11974658695458118,0.9400609872308069
2022-10-11,0,-0.0,-0.11974658695458118,0.9400609872308069
2022-10-12,0,0.0,-0.11974658695458118,0.9400609872308069
2022-10-13,0,-0.0,-0.11974658695458118,0.9400609872308069
2022-10-14,0,-0.0,-0.11974658695458118,0.9400609872308069
2022-10-17,0,0.0,-0.11974658695458118,0.9400609872308069
2022-10-18,0,0.0,-0.11974658695458118,0.9400609872308069
2022-10-19,0,-0.0,-0.11974658695458118,0.9400609872308069
2022-10-20,0,-0.0,-0.11974658695458118,0.9400609872308069
2022-10-21,0,0.0,-0.11974658695458118,0.9400609872308069
2022-10-24,0,-0.0,-0.11974658695458118,0.9400609872308069
2022-10-25,0,0.0,-0.11974658695458118,0.9400609872308069
2022-10-26,0,0.0,-0.11974658695458118,0.9400609872308069
2022-10-27,0,0.0,-0.11974658695458118,0.9400609872308069
2022-10-28,0,-0.0,-0.11974658695458118,0.9400609872308069
2022-10-31,0,-0.0,-0.11974658695458118,0.9400609872308069
2022-11-01,0,-0.0,-0.11974658695458118,0.9400609872308069
2022-11-02,0,-0.0,-0.11974658695458118,0.9400609872308069
2022-11-03,0,-0.0,-0.11974658695458118,0.9400609872308069
2022-11-04,0,0.0,-0.11974658695458118,0.9400609872308069
2022-11-07,0,-0.0,-0.11974658695458118,0.9400609872308069
2022-11-08,0,0.0,-0.11974658695458118,0.9400609872308069
2022-11-09,0,0.0,-0.11974658695458118,0.9400609872308069
2022-11-10,0,0.0,-0.11974658695458118,0.9400609872308069
2022-11-11,0,0.0,-0.11974658695458118,0.9400609872308069
2022-11-14,0,-0.0,-0.11974658695458118,0.9400609872308069
2022-11-15,0,0.0,-0.11974658695458118,0.9400609872308069
2022-11-16,0,0.0,-0.11974658695458118,0.9400609872308069
2022-11-17,0,-0.0,-0.11974658695458118,0.9400609872308069
2022-11-18,0,-0.0,-0.11974658695458118,0.9400609872308069
2022-11-21,0,-0.0,-0.11974658695458118,0.9400609872308069
2022-11-22,0,0.0,-0.11974658695458118,0.9400609872308069
2022-11-23,0,0.0,-0.11974658695458118,0.9400609872308069
2022-11-25,0,0.0,-0.11974658695458118,0.9400609872308069
2022-11-28,0,0.0,-0.11974658695458118,0.9400609872308069
2022-11-29,0,-0.0,-0.11974658695458118,0.9400609872308069
2022-11-30,0,0.0,-0.11974658695458118,0.9400609872308069
2022-12-01,0,0.0,-0.11974658695458118,0.9400609872308069
2022-12-02,0,0.0,-0.11974658695458118,0.9400609872308069
2022-12-05,0,-0.0,-0.11974658695458118,0.9400609872308069
2022-12-06,0,0.0,-0.11974658695458118,0.9400609872308069
2022-12-07,0,0.0,-0.11974658695458118,0.9400609872308069
2022-12-08,0,-0.0,-0.11974658695458118,0.9400609872308069
2022-12-09,0,-0.0,-0.11974658695458118,0.9400609872308069
2022-12-12,0,-0.0,-0.11974658695458118,0.9400609872308069
2022-12-13,0,0.0,-0.11974658695458118,0.9400609872308069
2022-12-14,0,0.0,-0.11974658695458118,0.9400609872308069
2022-12-15,0,0.0,-0.11974658695458118,0.9400609872308069
2022-12-16,0,-0.0,-0.11974658695458118,0.9400609872308069
2022-12-19,0,-0.0,-0.11974658695458118,0.9400609872308069
2022-12-20,0,-0.0,-0.11974658695458118,0.9400609872308069
2022-12-21,0,0.0,-0.11974658695458118,0.9400609872308069
2022-12-22,0,-0.0,-0.11974658695458118,0.9400609872308069
2022-12-23,0,-0.0,-0.11974658695458118,0.9400609872308069
2022-12-27,0,-0.0,-0.11974658695458118,0.9400609872308069
2022-12-28,0,-0.0,-0.11974658695458118,0.9400609872308069
2022-12-29,0,0.0,-0.11974658695458118,0.9400609872308069
2022-12-30,0,-0.0,-0.11974658695458118,0.9400609872308069
2023-01-03,0,0.0,-0.11974658695458118,0.9400609872308069
2023-01-04,0,0.0,-0.11974658695458118,0.9400609872308069
2023-01-05,0,-0.0,-0.11974658695458118,0.9400609872308069
2023-01-06,0,0.0,-0.11974658695458118,0.9400609872308069
2023-01-09,0,0.0,-0.11974658695458118,0.9400609872308069
2023-01-10,0,-0.0,-0.11974658695458118,0.9400609872308069
2023-01-11,0,0.0,-0.11974658695458118,0.9400609872308069
2023-01-12,0,0.0,-0.11974658695458118,0.9400609872308069
2023-01-13,0,-0.0,-0.11974658695458118,0.9400609872308069
2023-01-17,0,-0.0,-0.11974658695458118,0.9400609872308069
2023-01-18,1,0.0,-0.11974658695458118,0.9400609872308069
2023-01-19,1,-0.0012794540995841874,-0.12087283079257516,0.9388582223468352
2023-01-20,1,-0.002882459698943074,-0.1234068794280615,0.9361520013578991
2023-01-23,1,-0.00192719486081383,-0.12509624518505258,0.9343478540319415
2023-01-24,1,0.0021454623471357515,-0.12321917212172939,0.9363524621718942
2023-01-25,1,0.0006422607578677741,-0.12265605020273229,0.9369538446138801
2023-01-26,1,-0.0018185708172870907,-0.1242515623065571,0.9352499276949203
2023-01-27,1,-0.0006430178973314549,-0.12481468422555397,0.9346485452529345
2023-01-30,1,-0.0018230563002681333,-0.12641019632937878,0.9329446283339747
2023-01-31,1,0.00408250966910173,-0.12284375750906473,0.9367533837998847
2023-02-01,1,0.003958912903916145,-0.11937117234191674,0.9404619088587972
2023-02-02,1,-0.00021315144410094522,-0.11955887964824896,0.940261448044802
2023-02-03,1,-0.006182709732437841,-0.1250023915318863,0.9344480844389393
2023-02-06,1,-0.005363080553469901,-0.12969507419019433,0.9294365640890576
2023-02-07,1,-0.0003235198964736119,-0.1299766351496927,0.9291358728680648
2023-02-08,1,0.001402373247033406,-0.12875653765853268,0.930438868159034
2023-02-09,1,-0.002369923516104655,-0.1308213180281882,0.9282337992050861
2023-02-10,1,-0.0019436345966957758,-0.13251068378517905,0.9264296518791287
2023-02-13,1,0.0006491398896459888,-0.13194756186618217,0.9270310343211143
2023-02-14,1,-0.0033517136987780694,-0.13485702511433306,0.9239238917041879
2023-02-15,1,-0.0007593838142765374,-0.13551400068649622,0.9232222788552044
2023-02-16,1,-0.001302790142221344,-0.1366402445244902,0.9220195139712327
2023-02-17,1,0.0017393194912491694,-0.13513858607383145,0.923623200483195
2023-02-21,1,-0.0049918610960391074,-0.13945585411947492,0.9190126017613038
2023-02-22,1,0.0006543788853745625,-0.13889273220047804,0.9196139842032895
2023-02-23,1,0.0014168937329699371,-0.137672634709318,0.9209169794942587
2023-02-24,1,-0.003482803656943756,-0.14067595161063506,0.9177096064703345
2023-02-27,1,0.001310615989515096,-0.13954970777264109,0.9189123713543061
2023-02-28,1,0.0006544502617800152,-0.1389865858536442,0.9195137537962919
2023-03-01,1,-0.003815129714410226,-0.14227146371445976,0.9160056895513747
2023-03-02,1,-0.0015318962687383975,-0.14358541485878606,0.9146024638534078
2023-03-03,1,0.0028493150684931745,-0.1411452198764659,0.9172084544353463
2023-03-06,1,-0.0007649437219976463,-0.14180219544862915,0.9165068415863628
2023-03-07,1,-0.0018591426071741246,-0.14339770755245385,0.914802924667403
2023-03-08,1,-0.0007669551879039282,-0.1440546831246169,0.9141013118184196
2023-03-09,1,0.004495614035087581,-0.14020668334480446,0.9182107585053224
2023-03-10,1,0.00993341338281839,-0.131666000906684,0.927331725542107
2023-03-13,1,0.011024643320363348,-0.12209292828373541,0.9375552270558658
2023-03-14,1,-0.0057729313662604476,-0.1271610255547082,0.9321427850779935
2023-03-15,1,0.009354838709677571,-0.11899575772925208,0.9408628304867878
2023-03-16,1,-0.006285288164482816,-0.12453312326605559,0.9349492364739274
2023-03-17,1,0.007825900514579764,-0.11768180658492577,0.9422660561847547
2023-03-20,1,-0.00244654823954904,-0.11984044060774757,0.9399607568238091
2023-03-21,1,-0.0057581573896353655,-0.12490853787872025,0.9345483148459368
2023-03-22,1,0.007829257829257807,-0.11805722119759055,0.941865134556764
2023-03-23,1,0.00425667766308413,-0.11430307507094406,0.9458743508366695
2023-03-24,1,0.00010596587898681342,-0.114209221417778,0.945974581243667
2023-03-27,1,-0.006887052341597699,-0.12030970887357839,0.9394596047888208
2023-03-28,1,-0.001386962552011206,-0.12152980636473854,0.9381566094978515
2023-03-29,1,-0.0010683760683759536,-0.12246834289640007,0.9371543054278753
2023-03-30,1,0.00021390374331553552,-0.12228063559006774,0.9373547662418705
2023-03-31,1,0.0034217279726262984,-0.11927731868875058,0.9405621392657949
2023-04-03,1,0.002557544757033181,-0.11702483101276273,0.9429676690337381
2023-04-04,1,0.004145408163265252,-0.11336453853928252,0.9468766549066457
2023-04-05,1,0.0014819519424156269,-0.11205058739495621,0.9482798806046127
2023-04-06,1,0.00010569707219110214,-0.11195673374179016,0.9483801110116102
2023-04-10,1,-0.005707038681040055,-0.11702483101276284,0.942967669033738
2023-04-11,1,-0.0004251700680271142,-0.11740024562542739,0.9425667474057475
2023-04-12,1,0.0020204168438962,-0.11561702621527037,0.9444711251387026
2023-04-13,1,-0.0008489865223388904,-0.11636785544059958,0.9436692818827216
2023-04-14,1,-0.0032926181625066997,-0.11927731868875058,0.9405621392657949
2023-04-17,1,-0.0031969309462914763,-0.12209292828373519,0.937555227055866
2023-04-18,1,0.00010690613641206603,-0.12199907463056925,0.9376554574628635
2023-04-19,1,-0.0011758417958310785,-0.12303146481539695,0.9365529229858895
2023-04-20,1,0.003210616438356073,-0.12021585522041234,0.9395598351958184
2023-04-21,1,-0.0010667804565819283,-0.12115439175207376,0.9385575311258422
2023-04-24,1,0.0023494233233660733,-0.11908961138241836,0.9407626000797901
2023-04-25,1,0.006499041125079819,-0.11336453853928263,0.9468766549066456
2023-04-26,1,-0.002117074203450864,-0.11524161160260593,0.9448720467666929
2023-04-27,1,-0.00445528800254591,-0.11918346503558463,0.9406623696727923
2023-04-28,1,0.0035162493340439305,-0.11608629448110108,0.9439699731037144
2023-05-01,1,-0.00488426417498411,-0.12040356252674456,0.9393593743818233
2023-05-02,1,0.006722151088348172,-0.1144907823772765,0.9456738900226741
2023-05-03,1,0.004239533651298366,-0.11073663625063002,0.9496831063025795
2023-05-04,1,0.0010554089709762238,-0.10979809971896848,0.9506854103725557
2023-05-05,1,-0.0036900369003689537,-0.11308297757978414,0.9471773461276386
2023-05-08,1,-0.0031746031746031633,-0.11589858717476886,0.9441704339177096
2023-05-09,1,-0.0005307855626326408,-0.11636785544059969,0.9436692818827215
2023-05-10,1,0.004460966542750855,-0.11242600200762098,0.947878958976622
2023-05-11,1,0.0010574177857671785,-0.11148746547595934,0.9488812630465984
2023-05-12,1,-0.0031689025034329354,-0.11430307507094417,0.9458743508366694
2023-05-15,1,-0.0006357952739217687,-0.11486619698994116,0.9452729683946836
2023-05-16,1,-0.0019085993001802803,-0.11655556274693213,0.9434688210687261
2023-05-17,1,-0.0023371932433867704,-0.11862034311658753,0.9412637521147782
2023-05-18,1,-0.0038334575657544834,-0.12199907463056936,0.9376554574628634
2023-05-19,1,-0.0018172100481026465,-0.12359458673439405,0.9359515405439036
2023-05-22,1,-0.0006425358749196919,-0.12415770865339104,0.9353501581019178
2023-05-23,1,0.0005357908272611844,-0.1236884403875601,0.9358513101369061
2023-05-24,1,-0.0019278140730427662,-0.12537780614455096,0.9340471628109487
2023-05-25,1,-0.004399613692456228,-0.1292258059243635,0.9299377161240457
2023-05-26,1,-0.0011856003449018937,-0.13025819610919132,0.9288351816470718
2023-05-30,1,0.005395489370885853,-0.1255655134508833,0.9338467019969534
2023-05-31,1,0.0027905978319202607,-0.12312531846856312,0.936452692578892
2023-06-01,1,0.0017125120411003447,-0.12162366001790448,0.9380563790908542
2023-06-02,1,-0.00480820600491505,-0.12584707441038168,0.9335460107759607
2023-06-05,1,0.00032209576980890553,-0.12556551345088318,0.9338467019969536
2023-06-06,1,-0.0003219920575292523,-0.12584707441038157,0.9335460107759608
2023-06-07,1,-0.0030062271848829702,-0.12847497669903407,0.9307395593800271
2023-06-08,1,0.0029076028429892986,-0.12594092806354773,0.9334457803689631
2023-06-09,1,-0.0023622892730591483,-0.12800570843320325,0.9312407114150152
2023-06-12,1,0.00118394144871381,-0.12697331824837554,0.9323432458919891
2023-06-13,1,-0.003977639217372486,-0.1304459034155233,0.9286347208330769
2023-06-14,1,-0.00021586616297908368,-0.13063361072185575,0.9284342600190815
2023-06-15,1,0.0036705171110871238,-0.12744258651420626,0.931842093857001
2023-06-16,1,-0.0023663547380875505,-0.12950736688386177,0.9296370249030531
2023-06-20,1,0.0011859838274932422,-0.12847497669903407,0.9307395593800271
2023-06-21,1,0.00021537798836956945,-0.12828726939270174,0.9309400201940223
2023-06-22,1,-0.0029069767441860517,-0.13082131802818808,0.9282337992050862
2023-06-23,1,0.0017276751970629611,-0.12931965957752944,0.9298374857170484
2023-06-26,1,0.0012935216125902205,-0.12819341573953558,0.9310402506010199
2023-06-27,1,-0.0023683927225750523,-0.1302581961091911,0.928835181647072
2023-06-28,1,0.002050285960936593,-0.12847497669903418,0.930739559380027
2023-06-29,1,-0.00559982769760925,-0.13335536666367442,0.9255275782161501
2023-06-30,1,0.000758068009529822,-0.13269839109151138,0.9262291910651334
2023-07-03,1,-0.0021642679363705897,-0.13457546415483468,0.9242245829251806
2023-07-05,1,-0.0016267216137076934,-0.13598326895232704,0.9227211268202162
2023-07-06,1,-0.0039104931566369405,-0.13936200046630876,0.9191128321683014
2023-07-07,1,0.000654307524536657,-0.13879887854731165,0.9197142146102874
2023-07-10,1,0.0031604184829989723,-0.1360771226054932,0.9226208964132185
2023-07-11,1,0.00043454644215112914,-0.13570170799282844,0.9230218180412092
2023-07-12,1,0.005538060592898075,-0.13091517168135436,0.9281335687980884
2023-07-13,1,0.004859611231101457,-0.12669175728887716,0.9326439371129819
2023-07-14,1,-0.003439011284255722,-0.12969507419019433,0.9294365640890576
2023-07-17,1,0.0007548797584384648,-0.12903809861803117,0.930138176938041
2023-07-18,1,0.00021551724137935935,-0.12885039131169884,0.9303386377520363
2023-07-19,1,0.0011850894203837559,-0.12781800112687092,0.9314411722290105
2023-07-20,1,-0.0038738835682773365,-0.13119673264085285,0.9278328775770955
2023-07-21,1,0.00021605271686309102,-0.1310090253345204,0.9280333383910909
2023-07-24,1,-0.0016200453612701393,-0.13241683013201277,0.9265298822861264
2023-07-25,1,-0.0008654262224144782,-0.13316765935734198,0.9257280390301454
2023-07-26,1,0.0019488956258120194,-0.13147829360035113,0.9275321863561028
2023-07-27,1,-0.004754700669980627,-0.13560785433966227,0.9231220484482069
2023-07-28,1,0.0021715526601520097,-0.13373078127633908,0.9251266565881595
2023-07-31,1,0.0008667388949079591,-0.13297995205100976,0.9259284998441406
2023-08-01,1,-0.0023814678501840048,-0.13504473242066528,0.9237234308901927
2023-08-02,1,0.0,-0.13504473242066528,0.9237234308901927
2023-08-03,1,-0.00238715277777779,-0.1371095127903208,0.9215183619362447
2023-08-04,1,0.005112029584511735,-0.13269839109151127,0.9262291910651336
2023-08-07,1,-0.0004328535872740735,-0.13307380570417593,0.925828269437143
2023-08-08,1,0.0019486846378693468,-0.13138443994718507,0.9276324167631004
2023-08-09,1,-0.0004321988114531772,-0.13175985455984962,0.9272314951351099
2023-08-10,1,-0.0034590855042698765,-0.1347631714611668,0.9240241221111856
2023-08-11,1,-0.0024948475973533,-0.13692180548398847,0.92171882275024
2023-08-14,1,-0.0014136581122226044,-0.1381419029751485,0.9204158274592709
2023-08-15,1,-0.00021779374931940598,-0.13832961028148083,0.9202153666452756
2023-08-16,1,-0.0017427295501578621,-0.13983126873213936,0.9186116801333135
2023-08-17,1,0.0003273322422259195,-0.13954970777264075,0.9189123713543065
2023-08-18,1,0.0011998254799301389,-0.13851731758781305,0.9200149058312804
2023-08-21,1,-0.0028325525656389683,-0.14095751257013323,0.917408915249342
2023-08-22,1,-0.0005462689828471534,-0.14142678083596394,0.9169077632143539
2023-08-23,1,0.004591167468299018,-0.13748492740298524,0.9211174403082544
2023-08-24,1,-0.0018498367791077719,-0.13908043950681004,0.9194135233892946
2023-08-25,1,-0.0006540935353755994,-0.13964356142580703,0.9188121409473088
2023-08-28,1,0.001199956365223187,-0.1386111712409791,0.9199146754242828
2023-08-29,1,0.004140335585094634,-0.13504473242066517,0.9237234308901928
2023-08-30,1,-0.00010850694444430875,-0.1351385860738311,0.9236232004831954
2023-08-31,1,0.001736299511665651,-0.1336369276231727,0.9252268869951574
2023-09-01,1,-0.0020582818762864274,-0.13542014703332972,0.9233225092622024
2023-09-05,1,-0.002713851498046038,-0.13776648836248373,0.9208167490872615
2023-09-06,1,-0.002176989223903414,-0.13964356142580703,0.9188121409473088
2023-09-07,1,0.0021817388458602593,-0.13776648836248373,0.9208167490872615
2023-09-08,1,-0.0002176989223904302,-0.13795419566881617,0.9206162882732661
2023-09-11,1,-0.0005443658138268859,-0.13842346393464688,0.920115136238278
2023-09-12,1,0.0,-0.13842346393464688,0.920115136238278
2023-09-13,1,0.0009803921568627416,-0.1375787810561515,0.9210172099012567
2023-09-14,1,-0.0011970834693655341,-0.13861117124097921,0.9199146754242827
2023-09-15,1,-0.001198518195685283,-0.13964356142580703,0.9188121409473088
2023-09-18,1,0.0,-0.13964356142580703,0.9188121409473088
2023-09-19,1,-0.0018544780189811982,-0.14123907352963183,0.9171082240283489
2023-09-20,1,-0.0008743169398907069,-0.14198990275496115,0.9163063807723678
2023-09-21,1,-0.0021877050973528878,-0.14386697581828434,0.9143017726324151
2023-09-22,1,0.002082876562157443,-0.14208375640812732,0.9162061503653701
2023-09-25,1,-0.0021879444262116188,-0.1439608294714506,0.9142015422254174
2023-09-26,1,-0.00010963710119493708,-0.14405468312461667,0.9141013118184198
2023-09-27,1,-0.002192982456140413,-0.14593175618793996,0.9120967036784671
2023-09-28,1,0.00219780219780219,-0.14405468312461678,0.9141013118184197
2023-09-29,1,0.0005482456140351033,-0.14358541485878606,0.9146024638534078
2023-10-02,1,-0.00339726027397258,-0.14649487810693695,0.9114953212364812
2023-10-03,1,-0.003078953155926989,-0.14912278039558946,0.9086888698405475
2023-10-04,1,0.0033090668431501324,-0.14630717080060474,0.9116957820504764
2023-10-05,1,0.0012093227792435712,-0.14527478061577703,0.9127983165274504
2023-10-06,1,-0.002415724168222222,-0.14733956098543244,0.9105932475735025
2023-10-09,1,0.0,-0.14733956098543244,0.9105932475735025
2023-10-10,1,0.005173362685745753,-0.1429284392866229,0.9153040767023912
2023-10-11,1,0.0010950503723172744,-0.14198990275496126,0.9163063807723677
2023-10-12,1,-0.004047254430102898,-0.14546248792210925,0.9125978557134552
2023-10-13,1,0.0023064250411861664,-0.1434915612056198,0.9147026942604055
2023-10-16,1,-0.002410694718387063,-0.14555634157527542,0.9124976253064575
2023-10-17,1,-0.005052724077328707,-0.1498736096209189,0.9078870265845663
2023-10-18,1,-0.0015455950540957941,-0.15118756076524498,0.9064838008865995
2023-10-19,1,-0.0006634232640424509,-0.15175068268424197,0.9058824184446137
2023-10-20,1,0.0034299623810578606,-0.14884121943609085,0.9089895610615405
2023-10-23,1,0.0017642518469511703,-0.14733956098543233,0.9105932475735027
2023-10-24,1,0.0,-0.14733956098543233,0.9105932475735027
2023-10-25,1,-0.0034122179416619103,-0.1502490242335831,0.9074861049565762
2023-10-26,1,0.0035343494588027102,-0.14724570733226594,0.9106934779805005
2023-10-27,1,0.0014307726172131385,-0.14602560984110602,0.9119964732714696
2023-10-30,1,-0.0015386306187493703,-0.14733956098543233,0.9105932475735027
2023-10-31,1,0.000330214639515658,-0.14705800002593383,0.9108939387944955
2023-11-01,1,0.005281690140845008,-0.14255302467395825,0.9157049983303819
2023-11-02,1,0.0013134851138354442,-0.14142678083596427,0.9169077632143535
2023-11-03,1,0.00502842151289884,-0.13710951279032102,0.9215183619362445
2023-11-06,1,-0.0031542310202304913,-0.13983126873213958,0.9186116801333132
2023-11-07,1,0.001963993453355073,-0.13814190297514883,0.9204158274592705
2023-11-08,1,0.0008711749972776239,-0.13739107374981951,0.9212176707152516
2023-11-09,1,-0.004678489827004584,-0.14142678083596438,0.9169077632143534
2023-11-10,1,0.00021862702229991093,-0.14123907352963205,0.9171082240283487
2023-11-13,1,0.0003278688524590567,-0.14095751257013345,0.9174089152493416
2023-11-14,1,0.007757019556429601,-0.13429390319533607,0.9245252741461737
2023-11-15,1,-0.0037944492627925985,-0.13757878105615162,0.9210172099012566
2023-11-16,1,0.00348242463815418,-0.13457546415483457,0.9242245829251807
2023-11-17,1,-0.00032534432274144987,-0.13485702511433295,0.923923891704188
2023-11-20,1,0.000325450206118294,-0.13457546415483457,0.9242245829251807
2023-11-21,1,0.0007591367530637161,-0.1339184885826714,0.9249261957741642
2023-11-22,1,-0.0004334633723450665,-0.13429390319533607,0.9245252741461737
2023-11-24,1,-0.002168256721595707,-0.13617097625865915,0.9225206660062212
2023-11-27,1,0.0034767492394609523,-0.1331676593573421,0.9257280390301453
2023-11-28,1,0.003031615417929956,-0.13053975706868948,0.9285344904260792
2023-11-29,1,0.0028065630397238195,-0.1280995620863692,0.9311404810080178
2023-11-30,1,-0.0021528525296017342,-0.1299766351496925,0.9291358728680651
2023-12-01,1,0.005393743257820827,-0.12528395249138446,0.9341473932179467
2023-12-04,1,-0.0023605150214591752,-0.12734873286103998,0.9319423242639988
2023-12-05,1,0.0027963002796298486,-0.12490853787871992,0.9345483148459371
2023-12-06,1,0.0010725010725012307,-0.12397000134705816,0.9355506189159136
2023-12-07,1,-0.00032140561388471767,-0.12425156230655665,0.9352499276949208
2023-12-08,1,-0.0038581073839888402,-0.12763029382053837,0.931641633043006
2023-12-11,1,0.00010758472296923394,-0.1275364401673723,0.9317418634500035
2023-12-12,1,0.0007530120481928915,-0.12687946459520905,0.932443476298987
2023-12-13,1,0.00870686875201554,-0.11927731868875002,0.9405621392657955
2023-12-14,1,0.0033034953111679144,-0.11636785544059913,0.943669281882722
2023-12-15,1,-0.0009559214020180562,-0.1172125383190945,0.9427672082197434
2023-12-18,1,-0.0009568360620880734,-0.1180572211975901,0.9418651345567646
2023-12-19,1,0.0008513355326167371,-0.11730639197226089,0.9426669778127456
2023-12-20,1,0.0025518341307815273,-0.11505390429627294,0.9450725075806888
2023-12-21,1,-0.00031816735602929747,-0.11533546525577154,0.9447718163596959
2023-12-22,1,0.00021217907914272693,-0.11514775794943921,0.944972277173691
2023-12-26,1,-0.0003182011030972154,-0.11542931890893782,0.9446715859526981
2023-12-27,1,0.003501326259947035,-0.11233214835445449,0.94797918938362
2023-12-28,1,-0.0019031507718333396,-0.11402151411144534,0.9461750420576627
2023-12-29,1,-0.00021186440677978258,-0.11420922141777778,0.9459745812436673
2024-01-02,1,-0.0013774104683195176,-0.11542931890893782,0.9446715859526981
2024-01-03,1,0.0009549071618037974,-0.11458463603044233,0.9455736596156769
2024-01-04,1,-0.002861988552045891,-0.11711868466592879,0.9428674386267406
2024-01-05,1,-0.0010630381630699626,-0.11805722119759032,0.9418651345567643
2024-01-08,1,0.0013834202405023088,-0.11683712370643018,0.9431681298477336
2024-01-09,1,0.00010626992561113546,-0.11674327005326401,0.9432683602547313
2024-01-10,1,-0.0004250345340559569,-0.11711868466592867,0.9428674386267407
2024-01-11,1,0.00308281067290328,-0.11439692872410989,0.9457741204296722
2024-01-12,1,0.002437473505722876,-0.1122382947012881,0.9480794197906179
2024-01-16,1,-0.0033830214610425235,-0.11524161160260527,0.9448720467666936
2024-01-17,1,-0.002970192001697236,-0.11786951389125777,0.9420655953707598
2024-01-18,1,-0.0006383657835938861,-0.11843263581025465,0.9414642129287741
2024-01-19,1,-0.00042584903651665673,-0.11880805042291942,0.9410632913007835
2024-01-22,1,0.001171583768239337,-0.11777566023809172,0.9421658257777573
2024-01-23,1,-0.0007446808510637171,-0.11843263581025476,0.941464212928774
2024-01-24,1,-0.0013840093686788846,-0.1196527333014149,0.9401612176378047
2024-01-25,1,0.002345415778251647,-0.11758795293175928,0.9423662865917527
2024-01-26,1,-0.0009572431397574244,-0.11843263581025476,0.941464212928774
2024-01-29,1,0.0025550942190992743,-0.11618014813426691,0.9438697426967172
2024-01-30,1,-0.0005309546564723489,-0.11664941640009763,0.9433685906617291
2024-01-31,1,0.005737356566085872,-0.11158131912912495,0.9487810326396013
2024-02-01,1,0.002535389816184397,-0.10932883145313699,0.9511865624075447
2024-02-02,1,-0.006638566912539612,-0.11524161160260515,0.9448720467666937
2024-02-05,1,-0.004561366288320712,-0.11927731868875002,0.9405621392657955
2024-02-06,1,0.002877237851662384,-0.11674327005326368,0.9432683602547316
2024-02-07,1,-0.0009563277016257921,-0.11758795293175917,0.9423662865917528
2024-02-08,1,-0.001701765581791026,-0.11908961138241769,0.9407626000797907
2024-02-09,1,-0.0006392499467291479,-0.11965273330141468,0.9401612176378049
2024-02-12,1,0.0004264392324093702,-0.11927731868875002,0.9405621392657955
2024-02-13,1,-0.006500426257459502,-0.12500239153188586,0.9344480844389398
2024-02-14,1,0.0023597554435268453,-0.12293761116223023,0.9366531533928878
2024-02-15,1,0.0011771000535045761,-0.12190522097740253,0.9377556878698617
2024-02-16,1,-0.0023514322359983186,-0.12397000134705805,0.9355506189159137
2024-02-20,1,0.0013927576601671099,-0.12274990385589801,0.936853614206883
2024-02-21,1,-0.0019257515780463086,-0.12443926961288876,0.9350494668809257
2024-02-22,1,-0.0008575410011792961,-0.1251900988382182,0.9342476236249445
2024-02-23,1,0.0018238386439224374,-0.12359458673439339,0.9359515405439044
2024-02-26,1,-0.0008567144998928855,-0.1243454159597226,0.9351496972879233
2024-02-27,1,-0.0006430868167203174,-0.12490853787871958,0.9345483148459375
2024-02-28,1,0.001716001716001836,-0.12340687942806094,0.9361520013578998
2024-02-29,1,0.0009635974304067485,-0.12256219654956557,0.9370540750208783
2024-03-01,1,0.0031019360359396675,-0.1198404406077469,0.9399607568238098
2024-03-04,1,-0.0014928556195350495,-0.1211543917520731,0.938557531125843
2024-03-05,1,0.002563007261853878,-0.11890190407608525,0.9409630608937861
2024-03-06,1,0.0006391137622496768,-0.11833878215708826,0.9415644433357719
2024-03-07,1,0.0011709601873535203,-0.11730639197226067,0.9426669778127458
2024-03-08,1,0.000956937799043045,-0.11646170909376519,0.9435690514757245
2024-03-11,1,-0.001168472487784178,-0.117494099278593,0.9424665169987505
2024-03-12,1,-0.0022333297883655456,-0.11946502599508246,0.9403616784518001
2024-03-13,1,-0.001172457898102719,-0.12049741617991017,0.9392591439748261
2024-03-14,1,-0.0034147903105323785,-0.12350073308122722,0.936051770950902
2024-03-15,1,-0.0011778563015312216,-0.12453312326605492,0.934949236473928
2024-03-18,1,-0.0005360205831903553,-0.12500239153188575,0.9344480844389399
2024-03-19,1,0.0016089241660408593,-0.12359458673439339,0.9359515405439043
2024-03-20,1,0.0019276076247591867,-0.12190522097740242,0.9377556878698619
2024-03-21,1,-0.00021376656690885731,-0.12209292828373464,0.9375552270558667
2024-03-22,1,0.0021381227282444293,-0.12021585522041156,0.9395598351958192
2024-03-25,1,-0.0010667804565819283,-0.1211543917520731,0.938557531125843
2024-03-26,1,0.0004271678769756093,-0.12077897713940844,0.9389584527538335
2024-03-27,1,0.001280956447480719,-0.11965273330141457,0.940161217637805
2024-03-28,1,-0.0010660980810234255,-0.12059126983307611,0.9391589135678288
2024-04-01,1,-0.003521878335112083,-0.12368844038755944,0.9358513101369068
2024-04-02,1,-0.00021420156367157883,-0.12387614769389188,0.9356508493229114
2024-04-03,1,0.0006427423674344457,-0.12331302577489489,0.9362522317648972
2024-04-04,1,0.0016058237876031,-0.12190522097740242,0.9377556878698619
2024-04-05,1,-0.003527148353997367,-0.12500239153188564,0.93444808443894
2024-04-08,1,-0.0013944009439023075,-0.12622248902304578,0.9331450891479707
2024-04-09,1,0.0019334049409238663,-0.12453312326605481,0.9349492364739282
2024-04-10,1,-0.007825900514579764,-0.13138443994718452,0.9276324167631009
2024-04-11,1,-0.00010804970286326654,-0.13147829360035068,0.9275321863561033
2024-04-12,1,0.00216122757726378,-0.1296012205370275,0.929536794496056
2024-04-15,1,-0.002372223420314845,-0.131666000906683,0.9273317255421081
2024-04-16,1,-0.0018374405533938543,-0.1332615130105077,0.9256278086231483
2024-04-17,1,0.00259880887926367,-0.13100902533451986,0.9280333383910915
2024-04-18,1,-0.0020520574576088357,-0.13279224474467688,0.9261289606581364
2024-04-19,1,0.0007575757575757347,-0.13213526917251384,0.9268305735071198
2024-04-22,1,0.00021628636314474647,-0.13194756186618162,0.927031034321115
2024-04-23,1,0.0010811979673479577,-0.13100902533451986,0.9280333383910915
2024-04-24,1,-0.0009720272167621502,-0.13185370821301534,0.9271312647281127
2024-04-25,1,-0.0022702702702701583,-0.1338246349295047,0.9250264261811625
2024-04-26,1,0.0008668328096217426,-0.13307380570417549,0.9258282694371435
2024-04-29,1,0.0016239038648910853,-0.13166600090668312,0.9273317255421079
2024-04-30,1,-0.0008646779074794608,-0.13241683013201244,0.9265298822861268
2024-05-01,1,0.002163565556036362,-0.13053975706868925,0.9285344904260795
2024-05-02,1,0.0028065630397238195,-0.12809956208636886,0.9311404810080182
2024-05-03,1,0.0030139935414423835,-0.12547165979771635,0.9339469324039519
2024-05-06,1,0.00010731916720319035,-0.1253778061445503,0.9340471628109495
2024-05-07,1,0.0006438459062132473,-0.1248146842255532,0.9346485452529354
2024-05-08,1,-0.0008579088471849516,-0.1255655134508824,0.9338467019969544
2024-05-09,1,0.001073306858430767,-0.12462697691922087,0.9348490060669307
2024-05-10,1,-0.0013938029377076333,-0.1258470744103808,0.9335460107759616
2024-05-13,1,0.00042946102641194805,-0.12547165979771613,0.9339469324039522
2024-05-14,1,0.0013951491736423627,-0.12425156230655598,0.9352499276949214
2024-05-15,1,0.0037509377344335793,-0.12096668444574044,0.9387579919398386
2024-05-16,1,-0.0016015374759767997,-0.1223744892432328,0.9372545358348742
2024-05-17,1,-0.0012832852101379855,-0.12350073308122667,0.9360517709509025
2024-05-20,1,-0.0006424670735625249,-0.12406385500022366,0.9354503885089167
2024-05-21,1,0.0010714668381015535,-0.1231253184685619,0.9364526925788932
2024-05-22,1,-0.0010703200256877432,-0.12406385500022354,0.9354503885089168
2024-05-23,1,-0.002142933676202774,-0.12594092806354684,0.9334457803689641
2024-05-24,1,0.00042950714055622896,-0.12556551345088218,0.9338467019969546
2024-05-28,1,-0.002039283031018524,-0.1273487328610392,0.9319423242639996
2024-05-29,1,-0.0018283501828350035,-0.128944244964864,0.9302384073450398
2024-05-30,1,0.002262687210429881,-0.12697331824837454,0.9323432458919901
2024-05-31,1,0.00290260159105582,-0.12443926961288809,0.9350494668809264
2024-06-03,1,0.0026798156286846897,-0.12209292828373419,0.9375552270558671
2024-06-04,1,0.0026726534103056476,-0.11974658695458029,0.9400609872308079
2024-06-05,1,0.0017059387994455832,-0.11824492850392165,0.9416646737427701
2024-06-06,1,-0.00010643959552958382,-0.11833878215708793,0.9415644433357724
2024-06-07,1,-0.005428997232275856,-0.123125318468562,0.9364526925788931
2024-06-10,1,-0.0005351600128439271,-0.12359458673439294,0.9359515405439048
2024-06-11,1,0.002355964874705574,-0.12152980636473731,0.9381566094978528
2024-06-12,1,0.0026709401709401615,-0.1191834650355833,0.9406623696727937
2024-06-13,1,0.003303143313798662,-0.1162740017874323,0.9437695122897204
2024-06-14,1,0.0005310110450296168,-0.11580473352160159,0.9442706643247084
2024-06-17,1,-0.002441354420974262,-0.11796336754442327,0.9419653649637629
2024-06-18,1,0.0022345179825493666,-0.11599244082793392,0.9440702035107131
2024-06-20,1,-0.0010616838305551601,-0.11693097735959546,0.9430678994407369
2024-06-21,1,0.00010628122010825081,-0.11683712370642951,0.9431681298477343
2024-06-24,1,0.00021253985122227093,-0.11664941640009707,0.9433685906617297
2024-06-25,1,0.00021249468763273605,-0.11646170909376485,0.9435690514757249
2024-06-26,1,-0.002549394518801762,-0.11871419676975259,0.9411635217077817
2024-06-27,1,0.0010649627263044081,-0.11777566023809116,0.9421658257777579
2024-06-28,1,-0.0013829787234042046,-0.1189957577292513,0.9408628304867886
2024-07-01,1,-0.002343666773196973,-0.12106053809890682,0.9386577615328408
2024-07-02,1,0.0014949279231180057,-0.11974658695458051,0.9400609872308077
2024-07-03,1,0.0029853928990295486,-0.11711868466592812,0.9428674386267413
2024-07-05,1,0.0029765068565961172,-0.11449078237727561,0.945673890022675
2024-07-08,1,-0.0002119766825648961,-0.11467848968360794,0.9454734292086797
2024-07-09,1,-0.0002120216262058161,-0.11486619698994016,0.9452729683946846
2024-07-10,1,0.00021206658890893237,-0.11467848968360783,0.9454734292086798
2024-07-11,1,0.003710378458602781,-0.11139361182279217,0.9489814934535971
2024-07-12,1,0.0014786649767637439,-0.11007966067846608,0.9503847191515639
2024-07-15,1,-0.00073824087745189,-0.11073663625062902,0.9496831063025806
2024-07-16,1,0.0014775725593667577,-0.10942268510630271,0.9510863320005475
2024-07-17,1,0.0003161555485298173,-0.10914112414680432,0.9513870232215403
2024-07-18,1,-0.0013695743784238879,-0.11036122163796436,0.9500840279305711
2024-07-19,1,-0.0013714526848824793,-0.1115813191291245,0.9487810326396018
2024-07-22,1,-0.0004225649693639921,-0.11195673374178905,0.9483801110116113
2024-07-23,1,0.0005284295075036471,-0.11148746547595834,0.9488812630465995
2024-07-24,1,-0.00031689025034331575,-0.11176902643545683,0.9485805718256065
2024-07-25,1,0.0007396449704142327,-0.11111205086329368,0.94928218467459
2024-07-26,1,0.0022172949002217113,-0.10914112414680432,0.9513870232215403
2024-07-29,1,0.0005267593763169653,-0.10867185588097339,0.9518881752565286
2024-07-30,1,0.0010529640939243023,-0.10773331934931185,0.9528904793265048
2024-07-31,1,0.005469653939202734,-0.1028529293846715,0.9581024604903818
2024-08-01,1,0.0028245632388324005,-0.10031888074918527,0.9608086814793179
2024-08-02,1,0.00886709785103279,-0.09234132023006159,0.9693282660741168
2024-08-05,1,0.0,-0.09234132023006159,0.9693282660741168
2024-08-06,1,-0.0041360769310307965,-0.09609546635670785,0.9653190497942116
2024-08-07,1,-0.0012459765341086282,-0.09722171019470183,0.9641162849102399
2024-08-08,1,-0.0016633745711611692,-0.09872336864536035,0.9625125983982779
2024-08-09,1,0.0010413412475267503,-0.09778483211369882,0.9635149024682541
2024-08-12,1,0.0016644127743681292,-0.09628317366304018,0.9651185889802163
2024-08-13,1,0.0022847647730812604,-0.09421839329338466,0.9673236579341642
2024-08-14,1,0.00020723241114906088,-0.09403068598705233,0.9675241187481595
2024-08-15,1,-0.004040194758106241,-0.09769097846053254,0.9636151328752518
2024-08-16,1,0.0010401497815684113,-0.09675244192887111,0.9646174369452281
2024-08-19,1,0.00020781379883638706,-0.09656473462253867,0.9648178977592234
2024-08-20,1,0.002285476833575828,-0.09449995425288304,0.9670229667131715
2024-08-21,1,0.0016583747927030323,-0.09299829580222452,0.9686266532251335
2024-08-22,1,-0.002586920529801362,-0.09534463713137853,0.9661208930501927
2024-08-23,1,0.0028011204481792618,-0.09281058849589219,0.9688271140391288
2024-08-26,1,-0.0007241878750258168,-0.09346756406805534,0.9681255011901454
2024-08-27,1,0.0004141215446733515,-0.09309214945539068,0.968526422818136
2024-08-28,1,-0.00020697505950528772,-0.09327985676172301,0.9683259620041407
2024-08-29,1,-0.001035089535244782,-0.09421839329338455,0.9673236579341643
2024-08-30,1,-0.0010361620557456375,-0.09515692982504631,0.9663213538641878
2024-09-03,1,0.0026968156830204926,-0.09271673484272613,0.9689273444461264
2024-09-04,1,0.0033102306817005545,-0.08971341794140908,0.9721347174700505
2024-09-05,1,0.0007217238890608879,-0.08905644236924581,0.9728363303190342
2024-09-06,1,0.001854522975478945,-0.08736707661225507,0.9746404776449914
2024-09-09,1,0.00020567667626503194,-0.08717936930592263,0.9748409384589868
2024-09-10,1,0.002467612584824197,-0.08492688162993478,0.97724646822693
2024-09-11,1,-0.0008205128205127643,-0.08567771085526399,0.976444624970949
2024-09-12,1,-0.0007185382878259761,-0.08633468642742725,0.9757430121219655
2024-09-13,1,0.0015408320493066618,-0.08492688162993478,0.97724646822693
2024-09-16,1,0.0010256410256410664,-0.08398834509827313,0.9782487722969063
2024-09-17,1,-0.0010245901639344135,-0.08492688162993478,0.97724646822693
2024-09-18,1,-0.0017435897435897907,-0.08652239373375947,0.9755425513079702
2024-09-19,1,0.00020548648926332902,-0.08633468642742725,0.9757430121219655
2024-09-20,1,0.0,-0.08633468642742725,0.9757430121219655
2024-09-23,1,-0.00041088854648163586,-0.0867101010400918,0.975342090493975
2024-09-24,1,0.0012331723358340874,-0.08558385720209771,0.9765448553779468
2024-09-25,1,-0.0018474802422252523,-0.08727322295908857,0.9747407080519893
2024-09-26,1,-0.0011311053984576214,-0.0883056131439165,0.9736381735750153
2024-09-27,1,0.0022647724933086977,-0.08624083277426087,0.9758432425289633
2024-09-30,1,-0.0016433853738700988,-0.0877424912249194,0.9742395560170012
2024-10-01,1,0.0016460905349793276,-0.08624083277426087,0.9758432425289633
2024-10-02,1,-0.0011298274445357137,-0.08727322295908857,0.9747407080519893
2024-10-03,1,-0.0026735218508997516,-0.08971341794140875,0.9721347174700509
2024-10-04,1,-0.006392411588823532,-0.09553234443771064,0.9659204322361976
2024-10-07,1,-0.0019715679153263777,-0.09731556384786777,0.9640160545032426
2024-10-08,1,0.0005198585984611537,-0.09684629558203695,0.9645172065382307
2024-10-09,1,-0.0018705185493089749,-0.09853566133902791,0.9627130592122732
2024-10-10,1,0.0006246746486204824,-0.09797253942003092,0.9633144416542591
2024-10-11,1,0.0004161897825409877,-0.09759712480736615,0.9637153632822497
2024-10-14,1,0.0,-0.09759712480736615,0.9637153632822497
2024-10-15,1,0.0009360374414975059,-0.09675244192887089,0.9646174369452283
2024-10-16,1,0.0007273482959269106,-0.09609546635670763,0.9653190497942118
2024-10-17,1,-0.0021804589346900993,-0.09806639307319709,0.9632142112472615
2024-10-18,1,0.0008324661810614753,-0.09731556384786777,0.9640160545032426
2024-10-21,1,-0.0034310667498441694,-0.10041273440235121,0.9607084510723205
2024-10-22,1,-0.000625978090766699,-0.10097585632134809,0.9601070686303348
2024-10-23,1,-0.001461530431151492,-0.10228980746567429,0.9587038429323679
2024-10-24,1,0.0007318348144276232,-0.10163283189351113,0.9594054557813514
2024-10-25,1,-0.0010447137484328461,-0.10257136842517267,0.9584031517113751
2024-10-28,1,-0.001254967580004207,-0.10369761226316665,0.9572003868274035
2024-10-29,1,0.00041884816753934295,-0.10332219765050188,0.9576013084553942
2024-10-30,1,-0.001465354825204157,-0.10463614879482819,0.9561980827574272
2024-10-31,1,0.00020964360587005793,-0.10444844148849586,0.9563985435714225
2024-11-01,1,-0.0024103961433662446,-0.10660707551131765,0.9540932442104768
2024-11-04,1,0.002206114087614397,-0.10463614879482819,0.9561980827574272
2024-11-05,1,-0.00041928721174011585,-0.10501156340749296,0.9557971611294366
2024-11-06,1,-0.004194630872483285,-0.10876570953413944,0.9517879448495311
2024-11-07,1,0.0038963774220726055,-0.10529312436699134,0.9554964699084437
2024-11-08,1,-0.0004195950907373014,-0.10566853897965589,0.9550955482804533
2024-11-11,1,0.0,-0.10566853897965589,0.9550955482804533
2024-11-12,1,-0.004197712246825525,-0.10942268510630226,0.9510863320005479
2024-11-13,1,0.000948466645589674,-0.10857800222780678,0.9519884056635267
2024-11-14,1,-0.0010528532322595652,-0.10951653875946854,0.9509861015935502
2024-11-15,1,0.0007377740303542435,-0.10885956318730539,0.9516877144425337
2024-11-18,1,0.0009478672985783199,-0.10801488030880979,0.9525897881055125
2024-11-19,1,0.0007365319865320075,-0.10735790473664675,0.9532914009544959
2024-11-20,1,-0.0008411313216275529,-0.10810873396197596,0.952489557698515
2024-11-21,1,-0.0006313795643481113,-0.10867185588097295,0.9518881752565291
2024-11-22,1,-0.00021059281878488267,-0.10885956318730527,0.9516877144425339
2024-11-25,1,0.004739336492890933,-0.10463614879482808,0.9561980827574273
2024-11-26,1,-0.0007337526205452027,-0.10529312436699123,0.9554964699084438
2024-11-27,1,0.0017832791356340305,-0.10369761226316665,0.9572003868274035
2024-11-29,1,0.0018848167539267102,-0.10200824650617568,0.959004534153361
2024-12-02,1,0.00031354515050163734,-0.1017266855466773,0.9593052253743538
2024-12-03,1,-0.0008358583220143823,-0.1024775147720064,0.9585033821183728
2024-12-04,1,0.0018822545226393483,-0.10078814901501554,0.9603075294443303
2024-12-05,1,-0.00020874647740309893,-0.10097585632134776,0.9601070686303351
2024-12-06,1,0.0016703204927444038,-0.09947419787068934,0.9617107551422971
2024-12-09,1,-0.0013548723293382858,-0.10069429536184948,0.9604077598513278
2024-12-10,1,-0.0009392611145897511,-0.10153897824034486,0.9595056861883492
2024-12-11,1,-0.0010446046171525003,-0.1024775147720065,0.9585033821183727
2024-12-12,1,-0.001463975739830592,-0.10379146591633281,0.9571001564204058
2024-12-13,1,-0.0021991831605403522,-0.10576239263282217,0.9549953178734555
2024-12-16,1,0.00010495382031905365,-0.10566853897965611,0.9550955482804531
2024-12-17,1,-0.00010494280617068252,-0.10576239263282228,0.9549953178734554
2024-12-18,1,-0.004303106633081422,-0.10961039241263482,0.9508858711865524
2024-12-19,1,-0.0006324443975966876,-0.1101735143316318,0.9502844887445666
2024-12-20,1,0.0011602151671763483,-0.10914112414680421,0.9513870232215405
2024-12-23,1,-0.001685630004214067,-0.11064278259746285,0.9497833367095783
2024-12-24,1,0.00021105951878430673,-0.11045507529113052,0.9499837975235735
2024-12-26,1,0.0003165224730956595,-0.11017351433163192,0.9502844887445665
2024-12-27,1,-0.000738318742748767,-0.11083048990379518,0.949582875895583
2024-12-30,1,0.0029554570403209635,-0.10820258761514256,0.9523893272915168
2024-12-31,1,0.00010524100189446273,-0.10810873396197629,0.9524895576985146
2025-01-02,1,0.00021045985478274076,-0.10792102665564396,0.9526900185125099
2025-01-03,1,-0.0009468700683851194,-0.10876570953413944,0.9517879448495311
2025-01-06,1,-0.00010530749789372518,-0.1088595631873055,0.9516877144425336
2025-01-07,1,-0.0016850974196945812,-0.11036122163796402,0.9500840279305715
2025-01-08,1,0.0007384745226288736,-0.10970424606580109,0.9507856407795547
2025-01-10,1,-0.004111321948134128,-0.11336453853928141,0.946876654906647
2025-01-13,1,-0.0007409759712077024,-0.11402151411144446,0.9461750420576636
2025-01-14,1,0.0004237288135593431,-0.1136460994987798,0.9465759636856541
2025-01-15,1,0.004870817450232989,-0.10932883145313643,0.9511865624075453
2025-01-16,1,0.00136986301369868,-0.10810873396197629,0.9524895576985146
2025-01-17,1,-0.0005261496369567409,-0.108578002227807,0.9519884056635265
2025-01-21,1,0.0011581385554852996,-0.1075456120429793,0.9530909401405004
2025-01-22,1,-0.0012619623514565914,-0.10867185588097317,0.9518881752565288
2025-01-23,1,-0.000631778456354648,-0.10923497779997016,0.951286792814543
2025-01-24,1,0.0010536297545042927,-0.10829644126830862,0.9522890968845193
2025-01-27,1,0.0030523102831279125,-0.10557468532649006,0.9551957786874505
2025-01-28,1,0.0,-0.10557468532649006,0.9551957786874505
2025-01-29,1,-0.000734522560335682,-0.1062316608986531,0.9544941658384672
2025-01-30,1,0.0009450803318280521,-0.10538697802015773,0.9553962395014458
2025-01-31,1,0.0003147293327738776,-0.10510541706065923,0.9556969307224388
2025-02-03,1,-0.0006292606187727756,-0.105668538979656,0.9550955482804532
2025-02-04,1,0.0010494280617063811,-0.10473000244799435,0.9560978523504295
2025-02-05,1,0.00230632141733933,-0.10266522207833884,0.9583029213043774
2025-02-06,1,-0.0007321409894361919,-0.10332219765050199,0.957601308455394
2025-02-07,1,-0.002093364036005907,-0.10519927071382529,0.9555967003154413
2025-02-10,1,0.0,-0.10519927071382529,0.9555967003154413
2025-02-11,1,-0.0008391021606880544,-0.1059500999391545,0.9547948570594602
2025-02-12,1,-0.0033592273777032222,-0.10895341684047177,0.9515874840355358
2025-02-13,1,0.0028439014114176597,-0.10641936820498554,0.9542937050244719
2025-02-14,1,0.0021006196828063928,-0.10454229514166236,0.9562983131644245
2025-02-18,1,-0.002201027146001455,-0.10651322185815171,0.9541934746174742
2025-02-19,1,0.0010504201680672232,-0.10557468532649006,0.9551957786874505
2025-02-20,1,0.000734522560335904,-0.1049177097543269,0.955897391536434
2025-02-21,1,0.0028310789556464933,-0.10238366111884056,0.9586036125253702
2025-02-24,1,0.0010455876202424275,-0.10144512458717914,0.9596059165953463
2025-02-25,1,0.0035512847294756344,-0.09825410037952964,0.9630137504332659
2025-02-26,1,0.0012489592006661443,-0.09712785654153566,0.9642165153172375
2025-02-27,1,-0.00010395010395014559,-0.09722171019470194,0.9641162849102398
2025-02-28,1,0.0033267491423225604,-0.09421839329338466,0.9673236579341642
2025-03-03,1,0.0014506268780436482,-0.09290444214905857,0.968726883632131
2025-03-04,1,-0.0007242628039317855,-0.09356141772122173,0.9680252707831475
2025-03-05,1,-0.002795609857113246,-0.09609546635670807,0.9653190497942113
2025-03-06,1,0.00031149413352715705,-0.09581390539720969,0.9656197410152042
2025-03-07,1,-0.0007265933153415283,-0.09647088096937284,0.9649181281662207
2025-03-10,1,0.003635608185312167,-0.09318600310855718,0.9684261924111379
2025-03-11,1,-0.0016559718484786545,-0.09468766155921582,0.9668225058991757
2025-03-12,1,-0.0015550487248600087,-0.09609546635670818,0.9653190497942112
2025-03-13,1,0.0018689648011629423,-0.09440610059971721,0.9671231971201687
2025-03-14,1,-0.0022800290185511773,-0.09647088096937284,0.9649181281662207
2025-03-17,1,-0.00020774903916065401,-0.09665858827570517,0.9647176673522254
2025-03-18,1,0.0006233766233767479,-0.09609546635670807,0.9653190497942113
2025-03-19,1,0.0017651334233206306,-0.09449995425288327,0.9670229667131712
2025-03-20,1,0.0008291873963515162,-0.09374912502755406,0.9678248099691522
2025-03-21,1,0.00010356255178112228,-0.093655271374388,0.9679250403761497
2025-03-24,1,-0.003106554830692776,-0.09647088096937284,0.9649181281662207
2025-03-25,1,0.0009348706762231096,-0.09562619809087747,0.9658202018291994
2025-03-26,1,-0.0008302200083021294,-0.09637702731620656,0.9650183585732184
2025-03-27,1,0.00010386373078530298,-0.0962831736630404,0.9651185889802161
2025-03-28,1,0.0037387059923148502,-0.09290444214905857,0.9687268836321309
2025-03-31,1,0.0016554578375582718,-0.09140278369840005,0.9703305701440931
2025-04-01,1,0.0012395413696932867,-0.09027653986040607,0.9715333350280647
2025-04-02,1,-0.0009285051067781103,-0.09112122273890144,0.970631261365086
2025-04-03,1,0.00660883932259404,-0.08511458893626711,0.9770460074129347
2025-04-04,1,0.0009232663110381178,-0.08426990605777174,0.9779480810759134
2025-04-07,1,-0.005022035461719754,-0.0888687350629136,0.9730367911330293
2025-04-08,1,-0.0009270704573547395,-0.08971341794140897,0.9721347174700506
2025-04-09,1,-0.0032993092071347263,-0.09271673484272613,0.9689273444461264
2025-04-10,1,-0.0012413365056377357,-0.09384297868072,0.9677245795621547
2025-04-11,1,-0.0035214914552046395,-0.09703400288836961,0.9643167457242351
2025-04-14,1,0.004261511277414032,-0.09318600310855696,0.9684261924111381
2025-04-15,1,0.0010349824052990897,-0.09224746657689531,0.9694284964811145
2025-04-16,1,0.002584780810587217,-0.08990112524774141,0.9719342566560553
2025-04-17,1,-0.0010312467773537781,-0.09083966177940295,0.970931952586079
2025-04-21,1,-0.001032311345101733,-0.0917781983110646,0.9699296485161026
2025-04-22,1,-0.0005166890565257987,-0.09224746657689542,0.9694284964811144
2025-04-23,1,-0.0006203473945409765,-0.09281058849589241,0.9688271140391286
2025-04-24,1,0.0025863852679495203,-0.0904642471667384,0.9713328742140694
2025-04-25,1,0.001651016406975403,-0.08896258871607998,0.9729365607260314
2025-04-28,1,0.002369424126918762,-0.0868039546932583,0.975241860086977
2025-04-29,1,0.0014388489208632116,-0.0854900035489321,0.9766450857849438
2025-04-30,1,0.002360426929392423,-0.08333136952611042,0.9789503851458894
2025-05-01,1,-0.002969181939183052,-0.0860531254679292,0.9760437033429579
2025-05-02,1,-0.0039022386527006736,-0.08961956428824314,0.9722349478770479
2025-05-05,1,-0.0007216494845360133,-0.09027653986040629,0.9715333350280645
2025-05-06,1,0.0015475085112968134,-0.08886873506291382,0.973036791133029
2025-05-07,1,0.000721054800164822,-0.08821175949075077,0.9737384039820124
2025-05-08,1,-0.004117344312918214,-0.09196590561739715,0.969729187702107
2025-05-09,1,0.00031007751937983663,-0.09168434465789876,0.9700298789230999
2025-05-12,1,-0.0038231039470965067,-0.09515692982504675,0.9663213538641874
2025-05-13,1,-0.0003111710403485013,-0.09543849078454514,0.9660206626431945
2025-05-14,1,-0.0017638514214567413,-0.09703400288836994,0.9643167457242348
2025-05-15,1,0.003326057582371922,-0.09403068598705278,0.967524118748159
2025-05-16,1,-0.00020718947477460503,-0.094218393293385,0.9673236579341639
2025-05-19,1,0.00020723241114906088,-0.09403068598705266,0.9675241187481591
2025-05-20,1,-0.00020718947477460503,-0.09421839329338488,0.967323657934164
2025-05-21,1,-0.0024867889337892857,-0.09647088096937284,0.9649181281662207
2025-05-22,1,0.0014542432741249112,-0.09515692982504653,0.9663213538641876
2025-05-23,1,0.001037236801161745,-0.09421839329338488,0.967323657934164
2025-05-27,1,0.0012433944668945873,-0.09309214945539102,0.9685264228181355
2025-05-28,1,-0.0011383628272793045,-0.09412453964021883,0.9674238883411616
2025-05-29,1,0.0019685039370078705,-0.0923413202300617,0.9693282660741166
2025-05-30,1,0.0016544307724124518,-0.09083966177940317,0.9709319525860788
2025-06-02,1,-0.001548467017652544,-0.09224746657689553,0.9694284964811143
2025-06-03,1,-0.0007237386269643986,-0.09290444214905857,0.9687268836321309
2025-06-04,1,0.003414381789963672,-0.08980727159457536,0.9720344870630527
2025-06-05,1,-0.0018560527943907168,-0.09149663735156643,0.9702303397370952
2025-06-06,1,-0.004235537190082628,-0.09534463713137897,0.9661208930501922
2025-06-09,1,0.0009337068160597539,-0.0944999542528836,0.9670229667131709
2025-06-10,1,0.0005182421227196699,-0.09403068598705278,0.967524118748159
2025-06-11,1,0.002382678959908846,-0.0918720519642311,0.9698294181091046
2025-06-12,1,0.0018602728400165525,-0.09018268620724013,0.9716335654350621
2025-06-13,1,-0.0017536620590056229,-0.09177819831106493,0.9699296485161022
2025-06-16,1,-0.0011367159243567126,-0.09281058849589274,0.9688271140391282
2025-06-17,1,0.001965652803641582,-0.09102736908573572,0.9707314917720833
2025-06-18,1,0.00030975735673721694,-0.09074580812623723,0.9710321829930761
2025-06-20,1,0.0006193228736581791,-0.09018268620724024,0.971633565435062
2025-06-23,1,0.0018568186507117446,-0.08849332045024938,0.9734377127610193
2025-06-24,1,0.0016474464579900872,-0.08699166199959096,0.9750413992729814
2025-06-25,1,0.0005139802631579649,-0.08652239373376003,0.9755425513079696
2025-06-26,1,0.0018493784033699612,-0.08483302797676917,0.977346698633927
2025-06-27,1,-0.001128089426725487,-0.08586541816159698,0.976244164156953
2025-06-30,1,0.002053388090349051,-0.0839883450982738,0.9782487722969057
2025-07-01,1,-0.0016393442622950616,-0.08549000354893233,0.9766450857849436
2025-07-02,1,-0.0007183908045976795,-0.08614697912109537,0.9759434729359602
2025-07-03,1,-0.002464824894731543,-0.08839946679708333,0.9735379431680169
2025-07-07,1,-0.0009265932255738685,-0.08924414967557859,0.9726358695050383
2025-07-08,1,-0.0006183017312448857,-0.08980727159457558,0.9720344870630525
2025-07-09,1,0.0021653949267890216,-0.08783634487808623,0.9741393256100028
2025-07-10,1,-0.00020578248791025544,-0.08802405218441856,0.9739388647960076
2025-07-11,1,-0.0017495111659977525,-0.08961956428824325,0.9722349478770478
2025-07-14,1,-0.00020618556701024193,-0.08980727159457547,0.9720344870630526
2025-07-15,1,-0.001959166838523374,-0.0915904910047326,0.9701301093300976
2025-07-16,1,0.0019630127079244275,-0.08980727159457547,0.9720344870630526
2025-07-17,1,-0.0006186842647969426,-0.09037039351357257,0.9714331046210667
2025-07-18,1,0.0015476681799422298,-0.0889625887160802,0.9729365607260312
2025-07-21,1,0.0012362212836098951,-0.08783634487808611,0.9741393256100029
2025-07-22,1,0.0012346949274617547,-0.08671010104009214,0.9753420904939746
2025-07-23,1,-0.00184975850375102,-0.08839946679708321,0.973537943168017
2025-07-24,1,-0.0010295480284154834,-0.08933800332874475,0.9725356390980407
2025-07-25,1,0.000824487271977814,-0.08858717410341543,0.9733374823540218
2025-07-28,1,-0.0007208320461331574,-0.08924414967557837,0.9726358695050386
2025-07-29,1,0.002473206924979321,-0.08699166199959063,0.9750413992729817
2025-07-30,1,-0.001953125,-0.08877488140974765,0.9731370215400267
2025-07-31,1,0.00041198887630033987,-0.08839946679708299,0.9735379431680172
2025-08-01,1,0.007206836198908606,-0.08182971107545178,0.9805540716578516
2025-08-04,1,0.00040887253398769197,-0.08145429646278701,0.9809549932858422
2025-08-05,1,-0.0007152344947379818,-0.08211127203495017,0.9802533804368587
2025-08-06,1,0.00010224948875259265,-0.082017418381784,0.9803536108438564
2025-08-07,1,-0.0006134342091811407,-0.0825805403007811,0.9797522284018705
2025-08-08,1,-0.0014322250639385858,-0.0838944914451073,0.9783490027039037
2025-08-11,1,0.00010244851961904722,-0.08380063779194091,0.9784492331109015
2025-08-12,1,0.0003073140749847436,-0.08351907683244242,0.9787499243318944
2025-08-13,1,0.001945724526369652,-0.0817358574222854,0.9806543020648495
2025-08-14,1,-0.001737530662305864,-0.0833313695261102,0.9789503851458896
2025-08-15,1,-0.0009214702569878552,-0.08417605240460568,0.9780483114829108
2025-08-18,1,-0.0004099200655871549,-0.08455146701727023,0.9776473898549204
2025-08-19,1,0.0011277424646298773,-0.08351907683244253,0.9787499243318943
2025-08-20,1,0.0005120327700971483,-0.08304980856661182,0.9792510763668824
2025-08-21,1,-0.0016376663254861201,-0.08455146701727034,0.9776473898549203
2025-08-22,1,0.003178183309411331,-0.08164200376911956,0.9807545324718467
2025-08-25,1,-0.0010219724067449532,-0.0825805403007811,0.9797522284018705
2025-08-26,1,0.001534526854219953,-0.08117273550328874,0.981255684506835
2025-08-27,1,0.0011235955056179137,-0.08014034531846093,0.9823582189838089
2025-08-28,1,0.0004081216202427296,-0.07976493070579638,0.9827591406117994
2025-08-29,1,0.00020397756246803844,-0.07957722339946416,0.9829596014257945
2025-09-02,1,-0.0011216478025899423,-0.08060961358429186,0.9818570669488206
2025-09-03,1,0.001224989791751785,-0.079483369746298,0.9830598318327922
2025-09-04,1,0.0018352365415987837,-0.07779400398930703,0.9848639791587497
2025-09-05,1,0.0021371870547526317,-0.07582307727281778,0.9869688177056999
2025-09-08,1,0.0012186452726719033,-0.0746968334348238,0.9881715825896715
2025-09-09,1,-0.0014200223146363378,-0.07601078457915,0.9867683568917047
2025-09-10,1,0.0006094464195023352,-0.07544766266015301,0.9873697393336905
2025-09-11,1,0.0003045376103949504,-0.07516610170065441,0.9876704305546835
2025-09-12,1,-0.0012177795818957282,-0.07629234553864839,0.9864676656707119
2025-09-15,1,0.0008128429181060159,-0.07554151631331918,0.9872695089266929
2025-09-16,1,0.0005076142131978933,-0.07507224804748847,0.987770660961681
2025-09-17,1,-0.0013191273465245068,-0.07629234553864839,0.9864676656707119
2025-09-18,1,-0.0013208697419223592,-0.07751244302980853,0.9851646703797426
2025-09-19,1,-0.00010173974972027544,-0.0776062966829747,0.985064439972745
2025-09-22,1,-0.0009157509157509125,-0.07845097956147007,0.9841623663097663
2025-09-23,1,0.0011202770139524532,-0.07741858937664248,0.9852649007867401
2025-09-24,1,-0.001424211597151559,-0.07873254052096867,0.9838616750887733
2025-09-25,1,-0.0015281173594131614,-0.08014034531846104,0.9823582189838088
2025-09-26,1,0.0,-0.08014034531846104,0.9823582189838088
2025-09-29,1,0.0009182736455461971,-0.07929566243996578,0.9832602926467874
2025-09-30,1,0.0005096839959226607,-0.07882639417413473,0.9837614446817757
2025-10-01,1,0.002139582272032481,-0.07685546745764549,0.9858662832287259
2025-10-02,1,0.00020333468889788264,-0.07666776015131316,0.9860667440427212
2025-10-03,1,-0.0012197601138441705,-0.07779400398930703,0.9848639791587497
2025-10-06,1,-0.0011194789334418864,-0.07882639417413473,0.9837614446817757
2025-10-07,1,0.0011207335710647914,-0.07779400398930691,0.9848639791587498
2025-10-08,1,-0.0003053124363932014,-0.0780755649488053,0.9845632879377569
2025-10-09,1,-0.0003054056805457117,-0.0783571259083039,0.984262596716764
2025-10-10,1,0.0029531568228104987,-0.07563536996648534,0.9871692785196953
2025-10-13,1,0.0,-0.07563536996648534,0.9871692785196953
2025-10-14,1,0.0017260635597522445,-0.07403985786266054,0.988873195438655
2025-10-15,1,-0.0007095073991485457,-0.0746968334348237,0.9881715825896716
2025-10-16,1,0.0026371842986103733,-0.07225663845250352,0.9907775731716101
2025-10-17,1,-0.0013151239251391056,-0.07347673594366366,0.9894745778806409
2025-10-20,1,0.0004051863857374993,-0.073101321330999,0.9898754995086314
2025-10-21,1,0.0006075334143376132,-0.07253819941200224,0.990476881950617
2025-10-22,1,0.00010119409026509985,-0.07244434575883607,0.9905771123576146
2025-10-23,1,-0.0017201254679752864,-0.07403985786266076,0.9888731954386548
2025-10-24,1,0.0004054327995135498,-0.07366444324999599,0.9892741170666455
2025-10-27,1,-0.0005065856129685686,-0.07413371151582682,0.9887729650316573
2025-10-28,1,0.00040547389761780295,-0.07375829690316216,0.9891738866596479
2025-10-29,1,-0.0036477859965549086,-0.07713702841714398,0.9855655920077331
2025-10-30,1,-0.00040679345062533123,-0.07751244302980853,0.9851646703797426
2025-10-31,1,0.0006104384983212086,-0.07694932111081165,0.9857660528217284
2025-11-03,1,-0.00010167768174873526,-0.0770431747639776,0.9856658224147309
2025-11-04,1,0.0006101281269066394,-0.0764800528449806,0.9862672048567167
2025-11-05,1,-0.0023373983739838344,-0.0786386868678024,0.983961905495771
2025-11-06,1,0.0026484669450952403,-0.07619849188548233,0.9865678960777094
2025-11-07,1,0.0003047851264856849,-0.07591693092598395,0.9868685872987022
2025-11-10,1,-0.0010156408693885455,-0.07685546745764549,0.9858662832287259
2025-11-11,1,0.0,-0.07685546745764549,0.9858662832287259
