Date,Cash Weight,H5A4 Weight,C5A0 Weight,G5O2 Weight,Daily Return,Equity Curve
1997-12-11,0.1,0.0,0.0,0.9,0.0,1.0
1997-12-12,0.05,0.06499072132183038,0.4504826102988117,0.4345266683793579,0.002149202407106765,1.0021492024071068
1997-12-15,0.05,0.06875616871565339,0.2984750181208142,0.5827688131635324,-0.003356467819854957,0.998785520858534
1997-12-16,0.05,0.06875616871565339,0.2984750181208142,0.5827688131635324,0.0006544075241547451,0.9994391336184006
1997-12-17,0.05,0.06875616871565339,0.2984750181208142,0.5827688131635324,-0.0009737459331015168,0.9984659338266573
1997-12-18,0.05,0.06875616871565339,0.2984750181208142,0.5827688131635324,0.0014880643725110844,0.9999517154099506
1997-12-19,0.05,0.0781517563086837,0.36495353652426177,0.5068947071670544,0.0010848621330402201,1.0010365251608675
1997-12-22,0.05,0.057426944571530456,0.3320228186293818,0.5605502367990877,-0.0003187031453387999,1.0007174916716997
1997-12-23,0.05,0.05,0.20977059898980444,0.6902294010101956,-0.00014459938576021056,1.0005727885370845
1997-12-24,0.05,0.06796571923831121,0.13147910504596494,0.7505551757157238,-0.00015563635915881338,1.0004170630312033
1997-12-26,0.05,0.06796571923831121,0.13147910504596494,0.7505551757157238,0.00010910652308082129,1.0005262150585812
1997-12-29,0.05,0.0,0.1528898522952156,0.7971101477047844,7.729071649711442e-05,1.0006035464466172
1997-12-30,0.05,0.0,0.05,0.8999999999999999,-0.0007965855052251716,0.9998064801650409
1997-12-31,0.05,0.12,0.4049932574380027,0.4250067425619973,-0.0011560819759424466,0.9986506219138916
1998-01-02,0.05,0.12,0.4049932574380027,0.4250067425619973,0.002229808854910369,1.000877421913597
1998-01-05,0.05,0.12,0.4049932574380027,0.4250067425619973,0.005092272378641771,1.0059741623636138
1998-01-06,0.05,0.12,0.4049932574380027,0.4250067425619973,0.0016562335800735936,1.0076402905520068
1998-01-07,0.05,0.12,0.4049932574380027,0.4250067425619973,-0.0013724890070826849,1.0062573153301306
1998-01-08,0.05,0.12,0.4049932574380027,0.4250067425619973,0.002789532253435364,1.0090643025664991
1998-01-09,0.05,0.12,0.4560672508431745,0.37393274915682545,0.0033497771681407587,1.0124444431284223
1998-01-12,0.05,0.12,0.4560672508431745,0.37393274915682545,0.00016730735858859513,1.0126138325339198
1998-01-13,0.05,0.12,0.4560672508431745,0.37393274915682545,-0.0012119876466692432,1.0113865570780423
1998-01-14,0.05,0.12,0.4560672508431745,0.37393274915682545,-0.0008171258705490696,1.0105601269571283
1998-01-15,0.05,0.12,0.4560672508431745,0.37393274915682545,-0.0022403977191144055,1.0082960703536654
1998-01-16,0.05,0.12,0.4560672508431745,0.37393274915682545,-0.0020001246200391457,1.0062793525590623
1998-01-20,0.05,0.12,0.4560672508431745,0.37393274915682545,-0.000226708252680625,1.006051220725335
1998-01-21,0.05,0.12,0.4560672508431745,0.37393274915682545,0.0011593805738949808,1.0072176169669873
1998-01-22,0.05,0.12,0.4560672508431745,0.37393274915682545,0.0004304128460031631,1.0076511363680505
1998-01-23,0.05,0.12,0.4560672508431745,0.37393274915682545,-0.00367103297287265,1.003952015821291
1998-01-26,0.05,0.12,0.4560672508431745,0.37393274915682545,0.0014488634247489338,1.0054066051772172
1998-01-27,0.05,0.12,0.4560672508431745,0.37393274915682545,-0.0019245992112269013,1.003471600417931
1998-01-28,0.05,0.12,0.4560672508431745,0.37393274915682545,-0.00011776599132586698,1.0033534255901404
1998-01-29,0.05,0.12,0.4560672508431745,0.37393274915682545,0.0037126830250213474,1.007078558821426
1998-01-30,0.05,0.12,0.4560672508431745,0.37393274915682545,0.0008569032874132349,1.0079415277491635
1998-02-02,0.05,0.12,0.4560672508431745,0.37393274915682545,-0.0027241195852456663,1.0051957744926396
1998-02-03,0.05,0.12,0.4560672508431745,0.37393274915682545,0.0006820397670986338,1.0058813579845631
1998-02-04,0.05,0.12,0.4560672508431745,0.37393274915682545,0.00018783501966090725,1.0060702977292166
1998-02-05,0.05,0.12,0.4560672508431745,0.37393274915682545,-0.0013014435257164023,1.0047609540538214
1998-02-06,0.05,0.12,0.40434534029675784,0.42565465970324223,-0.0001453644839348774,1.0046148974962574
1998-02-09,0.05,0.12,0.40434534029675784,0.42565465970324223,-0.0005872928579606399,1.004024894341957
1998-02-10,0.05,0.12,0.40434534029675784,0.42565465970324223,0.0004259739569081974,1.004452582799034
1998-02-11,0.05,0.12,0.40434534029675784,0.42565465970324223,0.0014278900201445538,1.005886830617721
1998-02-12,0.05,0.12,0.40434534029675784,0.42565465970324223,0.0007408290858784875,1.006632020838945
1998-02-13,0.05,0.12,0.40434534029675784,0.42565465970324223,0.0009426171116876966,1.0075808894069607
1998-02-17,0.05,0.12,0.5024188170251076,0.32758118297489225,-0.0026571896473334138,1.0049035558987776
1998-02-18,0.05,0.12,0.5024188170251076,0.32758118297489225,-0.0010877852582606546,1.0038104366246972
1998-02-19,0.05,0.12,0.5024188170251076,0.32758118297489225,-0.000558612137499512,1.00324969593105
1998-02-20,0.05,0.12,0.5024188170251076,0.32758118297489225,-0.0004328362675795725,1.0028154530772129
1998-02-23,0.05,0.12,0.5024188170251076,0.32758118297489225,-0.0010156286867698946,1.0017969649355316
1998-02-24,0.05,0.12,0.5024188170251076,0.32758118297489225,-0.003324603657014526,0.9984663870823209
1998-02-25,0.05,0.12,0.5024188170251076,0.32758118297489225,0.0012714918381443799,0.9997359289441577
1998-02-26,0.05,0.12,0.5024188170251076,0.32758118297489225,-0.0006400764643594504,0.9990960215054661
1998-02-27,0.05,0.12,0.5024188170251076,0.32758118297489225,0.0010207909905360704,1.0001158897228992
1998-03-02,0.05,0.12,0.5719075654661558,0.2580924345338441,-0.003979178323529151,0.9961362502534968
1998-03-03,0.05,0.12,0.5719075654661558,0.2580924345338441,-0.0017265826322324907,0.994416338704472
1998-03-04,0.05,0.12,0.5719075654661558,0.2580924345338441,0.000386368965259545,0.9948005503162943
1998-03-05,0.05,0.12,0.5719075654661558,0.2580924345338441,7.003300810617881e-05,0.9948702191912987
1998-03-06,0.05,0.12,0.5719075654661558,0.2580924345338441,0.0015945213261064333,0.9964565609725073
1998-03-09,0.05,0.12,0.5719075654661558,0.2580924345338441,0.001756389629604105,0.9982067269425503
1998-03-10,0.05,0.12,0.5719075654661558,0.2580924345338441,9.188894024822474e-05,0.9982984511008376
1998-03-11,0.05,0.12,0.5719075654661558,0.2580924345338441,0.0010716684644581768,0.9993682960689999
1998-03-12,0.05,0.12,0.5719075654661558,0.2580924345338441,0.0021480476140865556,1.0015149867529647
1998-03-13,0.05,0.12,0.5719075654661558,0.2580924345338441,-0.0002668928948783495,1.0012476895188862
1998-03-16,0.05,0.12,0.5719075654661558,0.2580924345338441,1.0301561188365196e-05,1.0012580039332244
1998-03-17,0.05,0.12,0.5201666876530798,0.30983331234692024,-0.00038205233252137385,1.000875470977366
1998-03-18,0.05,0.12,0.5201666876530798,0.30983331234692024,-0.0004692876338185821,1.000405772495844
1998-03-19,0.05,0.12,0.5201666876530798,0.30983331234692024,-5.199496299884757e-05,1.0003537564347191
1998-03-20,0.05,0.12,0.5201666876530798,0.30983331234692024,0.00037043578131846236,1.000724323260079
1998-03-23,0.05,0.12,0.5201666876530798,0.30983331234692024,0.00044084900022452493,1.0011654915774888
1998-03-24,0.05,0.12,0.5201666876530798,0.30983331234692024,0.00011039837768175467,1.0012760186235499
1998-03-25,0.05,0.12,0.5201666876530798,0.30983331234692024,-0.0018793126987059327,0.9993943078868409
1998-03-26,0.05,0.12,0.5780508029043055,0.2519491970956944,-0.0011919931487652424,0.9982030367189247
1998-03-27,0.05,0.12,0.5780508029043055,0.2519491970956944,-0.00018978733603672136,0.9980135904237621
1998-03-30,0.05,0.12,0.5056856704570907,0.3243143295429093,-0.000559387217825629,0.9974553143780628
1998-03-31,0.05,0.12,0.5604386425583705,0.2695613574416295,-6.862624571118839e-07,0.9974546298619279
1998-04-01,0.05,0.12,0.4835582309334371,0.34644176906656277,0.00041685684808026396,0.9978704256550351
1998-04-02,0.05,0.12,0.4835582309334371,0.34644176906656277,0.0015204874331105015,0.9993876750971162
1998-04-03,0.05,0.12,0.4835582309334371,0.34644176906656277,0.0030695469883558193,1.0024553425254104
1998-04-06,0.05,0.12,0.4835582309334371,0.34644176906656277,-0.0008566580050810096,1.0015965811314997
1998-04-07,0.05,0.12,0.4835582309334371,0.34644176906656277,-0.0001491587704972517,1.001447184216924
1998-04-08,0.88,0.12,0.0,0.0,-0.014610480326826998,0.9868155598335663
1998-04-09,0.05,0.12,0.5062181052679755,0.32378189473202446,-2.3421489216346458e-05,0.9867924471435732
1998-04-13,0.05,0.12,0.5062181052679755,0.32378189473202446,-0.001817661101804338,0.984998792896846
1998-04-14,0.05,0.12,0.5062181052679755,0.32378189473202446,0.0012434129746408938,0.9862235531759395
1998-04-15,0.05,0.12,0.5062181052679755,0.32378189473202446,-0.0006696937043886829,0.9855630854712577
1998-04-16,0.05,0.12,0.5062181052679755,0.32378189473202446,0.0007514886312031358,0.9863037249253229
1998-04-17,0.05,0.12,0.5062181052679755,0.32378189473202446,-1.295303905458303e-05,0.9862909492946543
1998-04-20,0.05,0.12,0.0,0.83,-0.0009975867197030397,0.9853070385418746
1998-04-21,0.05,0.12,0.0,0.83,-0.0008599137969491088,0.9844597594252014
1998-04-22,0.05,0.12,0.0,0.83,0.0002488279009556837,0.9847047204807143
1998-04-23,0.05,0.12,0.0,0.83,-0.00010246811272636269,0.9846038196464139
1998-04-24,0.05,0.12,0.0,0.83,0.0005883166760692781,0.9851830784928333
1998-04-27,0.88,0.12,0.0,0.0,-0.003236018277586867,0.9819950080440611
1998-04-28,0.88,0.12,0.0,0.0,3.534609720176718e-05,0.9820297177350672
1998-04-29,0.88,0.12,0.0,0.0,-7.06713780918733e-05,0.9819603163415876
1998-04-30,0.05,0.0,0.5637880192713051,0.38621198072869484,-4.714201532114437e-05,0.9819140247533099
1998-05-01,0.1,0.0,0.0,0.9,-0.015765865062071702,0.9664333007364935
1998-05-04,0.1,0.0,0.0,0.9,0.015341404358353584,0.9812597447884703
1998-05-05,0.1,0.0,0.0,0.9,-0.000599942862584535,0.9806710450082429
1998-05-06,0.05,0.0,0.4027878425159221,0.5472121574840779,0.0017152658662092923,0.9823531565777254
1998-05-07,0.05,0.0,0.4027878425159221,0.5472121574840779,-0.0003343004283197187,0.9820247554967202
1998-05-08,0.05,0.0,0.0,0.95,-0.0009812394676726244,0.9810611540483953
1998-05-11,0.05,0.0,0.0,0.95,-0.00162826128356493,0.9794637301544488
1998-05-12,0.05,0.0,0.0,0.95,0.0023559710034336324,0.9817713183016075
1998-05-13,0.05,0.0,0.06648316261788297,0.883516837382117,0.0005423406279733367,0.9823037727749014
1998-05-14,0.05,0.0,0.0,0.95,-0.0008908278449557635,0.9814287092219085
1998-05-15,0.05,0.0,0.0,0.95,-0.006420140871882784,0.9751277986529937
1998-05-18,0.05,0.0,0.0,0.95,0.001820795400095887,0.9769033068632867
1998-05-19,0.05,0.0,0.95,0.0,-0.000272596843615458,0.9766370061053183
1998-05-20,0.05,0.0,0.5881647515758782,0.36183524842412185,0.0013594733829421556,0.9779647181199147
1998-05-21,0.05,0.0,0.95,0.0,-0.0017644534834320305,0.9762391448663544
1998-05-22,0.05,0.0,0.6930053834833158,0.2569946165166842,0.0006347842688047444,0.976858846118107
1998-05-26,0.05,0.0,0.5978569301999919,0.3521430698000081,0.002408833338571991,0.9792119362737152
1998-05-27,0.05,0.0,0.5978569301999919,0.3521430698000081,0.0009282263934675306,0.9801208666377629
1998-05-28,0.1,0.0,0.0,0.9,-0.015981195566707032,0.9644573633890143
1998-05-29,0.05,0.0,0.5708785220758098,0.37912147792419015,0.013590165521246811,0.9775644985956562
1998-06-01,0.05,0.0,0.5708785220758098,0.37912147792419015,-0.0006327220458630192,0.9769459719861416
1998-06-02,0.05,0.0,0.5708785220758098,0.37912147792419015,-0.0007959725132749987,0.976168349845486
1998-06-03,0.05,0.0,0.5708785220758098,0.37912147792419015,-0.0003440448574151328,0.9758325041447502
1998-06-04,0.05,0.0,0.6414959235601829,0.308504076439817,-0.0007064098807456608,0.9751431664218696
1998-06-05,0.05,0.0,0.95,0.0,0.00015174237134249973,0.9752911369583408
1998-06-08,0.1,0.0,0.0,0.9,0.00045259647451164616,0.9757325502885507
1998-06-09,0.05,0.0,0.95,0.0,8.592705747574314e-05,0.9758163921154803
1998-06-10,0.05,0.0,0.79718031397014,0.15281968602985996,0.002533333333333265,0.9782884603088395
1998-06-11,0.05,0.0,0.6491469564993873,0.30085304350061265,0.0030579138238112525,0.9812799821152929
1998-06-12,0.05,0.0,0.6491469564993873,0.30085304350061265,0.0006345885523523077,0.9819026911585956
1998-06-15,0.05,0.0,0.5071105549155409,0.44288944508445904,-0.0001854358236056176,0.98172061122436
1998-06-16,0.05,0.0,0.5071105549155409,0.44288944508445904,-0.002328694153335555,0.9794344841767928
1998-06-17,0.05,0.0,0.2688945450459291,0.6811054549540709,-0.0026895878776212823,0.9768002090612267
1998-06-18,0.05,0.0,0.3774399355677911,0.5725600644322087,0.00104671891578878,0.9778226443169975
1998-06-19,0.05,0.0,0.4708110987377108,0.4791889012622891,0.0010662175155709247,0.9788652159474901
1998-06-22,0.05,0.0,0.4708110987377108,0.4791889012622891,0.0006312648546649164,0.9794831391557717
1998-06-23,0.05,0.0,0.4708110987377108,0.4791889012622891,0.0002259957448242312,0.9797044981773481
1998-06-24,0.05,0.0,0.3278811942332814,0.6221188057667186,9.021425503421915e-05,0.9797928814888048
1998-06-25,0.05,0.0,0.3278811942332814,0.6221188057667186,-0.00036083821962395606,0.9794393347698482
1998-06-26,0.05,0.0,0.0,0.95,0.0003921161013342139,0.9798233887032917
1998-06-29,0.05,0.0,0.0,0.95,0.00036087369420712,0.9801769811892436
1998-06-30,0.05,0.0,0.0,0.95,-0.002434972470096924,0.9777902772242251
1998-07-01,0.05,0.0,0.0,0.95,0.0009945750452081347,0.9787627630333994
1998-07-02,0.05,0.0,0.0,0.95,0.0005419281232173278,0.9792931821006451
1998-07-06,0.05,0.0,0.3687044919634895,0.5812955080365103,0.0011735081717978546,0.9804423906524261
1998-07-07,0.1,0.0,0.0,0.9,-0.0005755478050017878,0.9798780991865554
1998-07-08,0.1,0.0,0.0,0.9,-8.546196942367245e-05,0.9797943568744037
1998-07-09,0.1,0.0,0.0,0.9,0.0009401709401709813,0.9807155310560807
1998-07-10,0.05,0.0,0.2869099520978334,0.6630900479021665,0.0,0.9807155310560807
1998-07-13,0.1,0.0,0.0,0.9,-0.0009466693864738918,0.9797871176859904
1998-07-14,0.1,0.0,0.0,0.9,-0.00025636156475491447,0.9795359379273736
1998-07-15,0.1,0.0,0.0,0.9,-0.0005128692183493544,0.9790335640965436
1998-07-16,0.1,0.0,0.0,0.9,-0.0003421077639457093,0.9786986291131028
1998-07-17,0.1,0.0,0.0,0.9,0.0,0.9786986291131028
1998-07-20,0.1,0.0,0.0,0.9,0.0009411541021010494,0.9796197353426132
1998-07-21,0.05,0.0,0.1836887424639632,0.7663112575360368,0.0005128205128204444,0.9801221044376606
1998-07-22,0.05,0.0,0.0,0.95,-0.00021531557891843963,0.9799110688793329
1998-07-23,0.05,0.0,0.3423228125359665,0.6076771874640334,0.0006312891589140057,0.9805296761138163
1998-07-24,0.05,0.0,0.45867637699802016,0.4913236230019799,-0.00021288129508817335,0.9803209396864928
1998-07-27,0.05,0.0,0.23209329834553735,0.7179067016544627,-4.0572976257966913e-05,0.9802811651482818
1998-07-28,0.05,0.0,0.45475863778910186,0.495241362210898,-2.3984194369017158e-05,0.9802576538942807
1998-07-29,0.05,0.0,0.0,0.95,-0.001016754106525237,0.9792609728992309
1998-07-30,0.05,0.0,0.050156578552025974,0.8998434214479739,0.00036077091047183036,0.9796142617720133
1998-07-31,0.1,0.0,0.0,0.9,-0.0024245814629339888,0.9772391071920951
1998-08-03,0.1,0.0,0.0,0.9,0.001627176705680755,0.9788292479031984
1998-08-04,0.1,0.0,0.0,0.9,0.0010258358662615264,0.9798333660526434
1998-08-05,0.05,0.0,0.12901244820518987,0.8209875517948101,0.0005123339658443361,0.9803353679669398
1998-08-06,0.05,0.0,0.0,0.95,-2.4543412575894864e-05,0.980311307191541
1998-08-07,0.05,0.0,0.071416267240334,0.878583732759666,0.000900815475061767,0.9811943867874372
1998-08-10,0.05,0.0,0.1942429649350977,0.7557570350649023,0.000609751625084423,0.9817926716593046
1998-08-11,0.05,0.0,0.2861574097942457,0.6638425902057542,0.0012783391559510772,0.9830477356745124
1998-08-12,0.05,0.0,0.2861574097942457,0.6638425902057542,-0.00022556812069387584,0.982825991444224
1998-08-13,0.05,0.0,0.21949946985458899,0.7305005301454109,-0.0013131574341327318,0.9815353861871001
1998-08-14,0.05,0.0,0.3074693951276877,0.6425306048723124,0.0012119757102323017,0.9827249832338923
1998-08-17,0.05,0.0,0.4317909222396015,0.5182090777603984,-0.004868231372907867,0.9779408506395728
1998-08-18,0.05,0.0,0.36469983314571364,0.5853001668542863,-0.0006981646663072692,0.9772580868919178
1998-08-19,0.05,0.0,0.2562195356689549,0.693780464331045,0.00023665169020128704,0.9774893566699436
1998-08-20,0.05,0.0,0.3855731759432762,0.5644268240567236,0.0009531333487342441,0.9784210343738186
1998-08-21,0.05,0.0,0.48583362653591305,0.4641663734640869,0.0023512345322249007,0.9807215316968936
1998-08-24,0.05,0.0,0.48583362653591305,0.4641663734640869,0.0013054150530112563,0.9820017803471829
1998-08-25,0.05,0.0,0.48583362653591305,0.4641663734640869,0.001487544882095689,0.9834625520697472
1998-08-26,0.05,0.0,0.48583362653591305,0.4641663734640869,0.0012117570654770074,0.9846542697658498
1998-08-27,0.05,0.0,0.48583362653591305,0.4641663734640869,0.002563884213493896,0.9871788093038518
1998-08-28,0.05,0.0,0.39325588731361527,0.5567441126863848,-0.0004900575749861817,0.9866950348504866
1998-08-31,0.05,0.0,0.0,0.95,-0.0037769972174695,0.9829682904493654
1998-09-01,0.05,0.0,0.0,0.95,-0.00026836158192091727,0.9827044995239623
1998-09-02,0.05,0.0,0.0,0.95,-0.0012527079212584114,0.9814734578131523
1998-09-03,0.05,0.0,0.0,0.95,0.0017023483919644256,0.9831442675758164
1998-09-04,0.05,0.0,0.0,0.95,0.00035774807004328445,0.9834959855401156
1998-09-08,0.05,0.0,0.0,0.95,0.00026821005081868466,0.9837597690483774
1998-09-09,0.05,0.0,0.0861103777635915,0.8638896222364084,0.0038432590083732118,0.9875406126428478
1998-09-10,0.05,0.0,0.3081440749551847,0.6418559250448153,0.006449400559236144,0.993909657622295
1998-09-11,0.05,0.0,0.3081440749551847,0.6418559250448153,-0.002688805874285658,0.9912372274963709
1998-09-14,0.05,0.0,0.24987615329520046,0.7001238467047994,-0.000708225445440301,0.9905352080693903
1998-09-15,0.05,0.0,0.1745460001941847,0.7754539998058153,-0.0009929929409554857,0.9895516136000095
1998-09-16,0.05,0.0,0.1745460001941847,0.7754539998058153,0.0003622262704624197,0.9899100551904338
1998-09-17,0.05,0.0,0.24269436401926123,0.7073056359807388,0.0022109707898238847,0.9920987174070128
1998-09-18,0.05,0.0,0.24269436401926123,0.7073056359807388,0.0026473289402794125,0.9947251290532184
1998-09-21,0.05,0.0,0.24269436401926123,0.7073056359807388,0.00024843491387713755,0.9949722535049862
1998-09-22,0.05,0.0,0.24269436401926123,0.7073056359807388,-0.0012451502816054137,0.9937333635233448
1998-09-23,0.05,0.0,0.24269436401926123,0.7073056359807388,0.0025484313788415227,0.9962658248091495
1998-09-24,0.05,0.0,0.24269436401926123,0.7073056359807388,0.0019682221444347094,0.9982266972672825
1998-09-25,0.05,0.0,0.30474878351214535,0.6452512164878548,0.0012581879575660705,0.9994826540767052
1998-09-28,0.05,0.0,0.30474878351214535,0.6452512164878548,0.00011933627085038664,0.9996019286094224
1998-09-29,0.05,0.0,0.30474878351214535,0.6452512164878548,-0.0003683207794195329,0.9992337544479678
1998-09-30,0.05,0.0,0.37850074801562167,0.5714992519843783,0.003439199837782199,1.002670319014172
1998-10-01,0.05,0.0,0.37850074801562167,0.5714992519843783,0.003729040522599141,1.0064093172645832
1998-10-02,0.05,0.0,0.37850074801562167,0.5714992519843783,-0.0008601289864844058,1.005543675438536
1998-10-05,0.05,0.0,0.37850074801562167,0.5714992519843783,0.0040354650000608075,1.009601511746801
1998-10-06,0.05,0.0,0.37850074801562167,0.5714992519843783,-0.00228872258612595,1.007290813963879
1998-10-07,0.05,0.0,0.37850074801562167,0.5714992519843783,-0.0030311382385480048,1.0042375762603348
1998-10-08,0.05,0.0,0.2989676563181323,0.6510323436818677,-0.004694415383281007,0.9995232679338695
1998-10-09,0.05,0.0,0.09780225985707057,0.8521977401429294,-0.006723721186308263,0.9928027521610544
1998-10-12,0.05,0.0,0.09780225985707057,0.8521977401429294,0.00020949590192429482,0.9930107402690513
1998-10-13,0.05,0.0,0.17403299219793053,0.7759670078020694,0.0020693496284268772,0.9950656266754511
1998-10-14,0.05,0.0,0.2468923515130042,0.7031076484869958,0.003531203793059012,0.9985794061907101
1998-10-15,0.05,0.0,0.2468923515130042,0.7031076484869958,-0.0005577387458877902,0.9980224597650319
1998-10-16,0.05,0.0,0.3103753192629967,0.6396246807370032,0.005468689107686722,1.0034803343199756
1998-10-19,0.05,0.0,0.3103753192629967,0.6396246807370032,0.00023544986776297163,1.003716603631994
1998-10-20,0.05,0.0,0.3103753192629967,0.6396246807370032,-0.002397248019799192,1.0013104459914977
1998-10-21,0.05,0.0,0.3103753192629967,0.6396246807370032,-0.0008517107211727904,1.0004576191494245
1998-10-22,0.05,0.0,0.2554652860103131,0.6945347139896868,-0.0009692964115800605,0.9994878791692451
1998-10-23,0.05,0.0,0.2554652860103131,0.6945347139896868,-0.002057099449852966,0.9974318332028713
1998-10-26,0.05,0.0,0.2554652860103131,0.6945347139896868,0.00035278337996553816,0.9977837105762738
1998-10-27,0.05,0.0,0.2554652860103131,0.6945347139896868,0.002959591874287428,1.0007367431383918
1998-10-28,0.05,0.0,0.2554652860103131,0.6945347139896868,0.0013031219393176588,1.0020408251438566
1998-10-29,0.05,0.0,0.2554652860103131,0.6945347139896868,0.0011096544004653849,1.0031527441549235
1998-10-30,0.05,0.0,0.2554652860103131,0.6945347139896868,-0.003285644239934604,0.9998567411193163
1998-11-02,0.05,0.0,0.0,0.95,-0.005618538562327028,0.9942390074625348
1998-11-03,0.05,0.0,0.0,0.95,0.00043977409499107445,0.9946762480222464
1998-11-04,0.05,0.0,0.0,0.95,-0.004131963723857113,0.9905662818484361
1998-11-05,0.05,0.0,0.0,0.95,-8.829816897480968e-05,0.9904788166595007
1998-11-06,0.05,0.0,0.0,0.95,-0.0035322550659973415,0.9869801928415921
1998-11-09,0.05,0.0,0.0,0.95,0.002127262548982989,0.9890797588424121
1998-11-10,0.05,0.0,0.0,0.95,0.0012381307019177056,0.9903043688584803
1998-11-11,0.05,0.0,0.05,0.8999999999999999,-8.832279657868813e-05,0.9902169024071587
1998-11-12,0.05,0.0,0.05,0.8999999999999999,0.001596623273785036,0.9917979057596372
1998-11-13,0.05,0.0,0.0,0.95,-0.0009350991236715678,0.990870476407102
1998-11-16,0.05,0.0,0.0,0.95,-0.00697296292855149,0.983961173308119
1998-11-17,0.05,0.0,0.0,0.95,-0.0008002620741295707,0.9831737464987046
1998-11-18,0.05,0.0,0.0,0.95,0.001067915690866461,0.9842236931694385
1998-11-19,0.05,0.0,0.0,0.95,-0.0006222513333958235,0.9836112586640041
1998-11-20,0.05,0.0,0.0,0.95,0.0006226591760299271,0.9842237132398576
1998-11-23,0.05,0.0,0.0,0.95,0.00044446523813976844,0.9846611664669455
1998-11-24,0.05,0.0,0.0,0.95,-0.0007996632996633223,0.9838737690695182
1998-11-25,0.05,0.0,0.0,0.95,0.00035570532621918003,0.9842237382095035
1998-11-27,0.05,0.0,0.170262582551456,0.779737417448544,0.0009778235239076172,0.985186135333513
1998-11-30,0.05,0.0,0.43772611746013596,0.512273882539864,0.0015281223007835927,0.986691620237339
1998-12-01,0.05,0.0,0.43772611746013596,0.512273882539864,0.0018765808575153396,0.9885432268441473
1998-12-02,0.05,0.0,0.43772611746013596,0.512273882539864,0.0029088264328380057,0.9914187275123946
1998-12-03,0.05,0.0,0.43772611746013596,0.512273882539864,0.0005664972172156505,0.9919803634626259
1998-12-04,0.05,0.0,0.43772611746013596,0.512273882539864,-0.0021693699705240305,0.9898283910507805
1998-12-07,0.05,0.0,0.43772611746013596,0.512273882539864,-0.003080588952900253,0.9867791366440425
1998-12-08,0.05,0.0,0.43772611746013596,0.512273882539864,0.003366384581947949,0.990101014715429
1998-12-09,0.05,0.0,0.43772611746013596,0.512273882539864,0.0009438468300893279,0.9910355184196363
1998-12-10,0.05,0.0,0.4879035429444752,0.4620964570555248,0.0019038500480919385,0.9929223014390404
1998-12-11,0.05,0.0,0.4879035429444752,0.4620964570555248,-0.0031190094463028357,0.9898253674014073
1998-12-14,0.05,0.0,0.43425936390732484,0.5157406360926751,0.0019576546972267374,0.9917631036813347
1998-12-15,0.05,0.0,0.2948098887786956,0.6551901112213044,-0.0028357171324012195,0.988950744056942
1998-12-16,0.05,0.0,0.2948098887786956,0.6551901112213044,0.0015863530881218566,0.9905195691237773
1998-12-17,0.05,0.0,0.2948098887786956,0.6551901112213044,-0.00019400857586266099,0.9903273998328074
1998-12-18,0.05,0.0,0.2948098887786956,0.6551901112213044,-0.0005316144504414294,0.9898009274763881
1998-12-21,0.05,0.0,0.05,0.9000000000000001,-0.0019395369333126957,0.9878811720209205
1998-12-22,0.05,0.0,0.05,0.9000000000000001,-0.0011886636749498805,0.9867069135565724
1998-12-23,0.05,0.0,0.05,0.9000000000000001,-0.003569369082274449,0.9831849924060571
1998-12-24,0.05,0.0,0.05,0.9000000000000001,-0.0013678970398566638,0.9818400965653133
1998-12-28,0.05,0.0,0.05,0.9000000000000001,0.0027302689365330426,0.9845207840816081
1998-12-29,0.05,0.0,0.05,0.9000000000000001,0.00197366668319956,0.9864638999520675
1998-12-30,0.05,0.0,0.05,0.9000000000000001,0.0015451423660917231,0.9879881271165035
1998-12-31,0.05,0.0,0.05,0.9000000000000001,-0.002449256477484363,0.9855682907964858
1999-01-04,0.05,0.0,0.05,0.9000000000000001,0.0003777112316763698,0.9859405510095036
1999-01-05,0.05,0.0,0.05,0.9000000000000001,-0.002073514268076227,0.9838961892095105
1999-01-06,0.05,0.0,0.33126218661822937,0.6187378133817706,0.0010763888888889795,0.9849552441353958
1999-01-07,0.05,0.0,0.20735659445870888,0.742643405541291,-0.0010166354345830838,0.9839539037327294
1999-01-08,0.05,0.0,0.0,0.95,-0.0024051845143866694,0.9815873130406011
1999-01-11,0.05,0.0,0.0,0.95,-0.0007124777350707712,0.9808879539350317
1999-01-12,0.05,0.0,0.0,0.95,0.0024955436720142444,0.9833358026614293
1999-01-13,0.05,0.0,0.0,0.95,0.001866754000187154,0.9851714487045747
1999-01-14,0.05,0.0,0.474479451360807,0.47552054863919296,0.0031938737392603,0.9883179619232613
1999-01-15,0.05,0.0,0.0,0.95,-0.0042282403644476165,0.9841391160237488
1999-01-19,0.05,0.0,0.0,0.95,-0.0005318652608006569,0.9836156866161407
1999-01-20,0.05,0.0,0.0,0.95,-0.0009756325273083399,0.9826560391579072
1999-01-21,0.05,0.0,0.16191661651916764,0.7880833834808324,0.0017757009345794605,0.9844009424050102
1999-01-22,0.05,0.0,0.34652824420302797,0.603471755796972,0.0016173684807672581,0.9859930814616936
1999-01-25,0.05,0.0,0.34652824420302797,0.603471755796972,0.0,0.9859930814616936
1999-01-26,0.05,0.0,0.21239840063369617,0.7376015993663039,-0.000664296972372567,0.9853380892428983
1999-01-27,0.05,0.0,0.15416760258476336,0.7958323974152366,0.0005729413723013276,0.9859026301999299
1999-01-28,0.05,0.0,0.3420124344952332,0.6079875655047666,0.0005757068487079771,0.9864702210962952
1999-01-29,0.05,0.0,0.4365355720403687,0.5134644279596312,0.0010413415896671815,0.9874974735644911
1999-02-01,0.05,0.0,0.05,0.8999999999999999,-0.004650751081825357,0.9829048686210113
1999-02-02,0.05,0.0,0.05,0.8999999999999999,-0.0013455526629091662,0.981582318357652
1999-02-03,0.05,0.0,0.0,0.95,-0.0010998044730327339,0.9805027697332724
1999-02-04,0.05,0.0,0.0,0.95,-0.001689284043050998,0.9788464220501947
1999-02-05,0.05,0.0,0.0,0.95,-0.0013360210013125152,0.977538662673276
1999-02-08,0.05,0.0,0.0,0.95,0.0008919350295746642,0.9784105636492779
1999-02-09,0.05,0.0,0.0,0.95,0.0006237688772160799,0.9790208657080218
1999-02-10,0.05,0.0,0.0,0.95,0.00017810273715781477,0.9791952320039391
1999-02-11,0.05,0.0,0.0,0.95,-0.0004451733833176541,0.9787593203495795
1999-02-12,0.05,0.0,0.0,0.95,-0.003919362400375153,0.9749232078703846
1999-02-16,0.05,0.0,0.0,0.95,-0.006261180679785211,0.9688190375169923
1999-02-17,0.05,0.0,0.0,0.95,0.001440621742014847,0.9702147392865171
1999-02-18,0.05,0.0,0.0,0.95,-0.0011687328475442015,0.9690808174515415
1999-02-19,0.05,0.0,0.0,0.95,-0.0004500663255638359,0.9686446668088566
1999-02-22,0.05,0.0,0.0,0.95,0.0014408948715518232,0.9700403819416176
1999-02-23,0.05,0.0,0.0,0.95,-0.0017983909133932829,0.9682958701331092
1999-02-24,0.05,0.0,0.0,0.95,-0.0023423423423424294,0.9660277897165812
1999-02-25,0.05,0.0,0.0,0.95,-0.0027093830211997127,0.963410450425116
1999-02-26,0.05,0.0,0.0,0.95,0.0002717132233769237,0.963672221784036
1999-03-01,0.05,0.0,0.0,0.95,-0.004527258863896299,0.9593094281760736
1999-03-02,0.05,0.0,0.0,0.95,0.0015466385749856148,0.960793133143038
1999-03-03,0.05,0.0,0.0,0.95,-0.0008174777703413682,0.960007706114797
1999-03-04,0.05,0.0,0.0,0.95,-0.0006363636363635406,0.9593967921199967
1999-03-05,0.05,0.0,0.0,0.95,0.0023652207220145605,0.9616659772933533
1999-03-08,0.05,0.0,0.0,0.95,0.001361161524500909,0.9629749600210665
1999-03-09,0.05,0.0,0.0,0.95,0.0025371995421595074,0.965418219648743
1999-03-10,0.05,0.0,0.0,0.95,-0.0004518645357687145,0.9649819813930988
1999-03-11,0.05,0.0,0.0,0.95,-9.041591320065322e-05,0.9648947316660289
1999-03-12,0.05,0.0,0.0,0.95,0.0016276413478011563,0.966465234227564
1999-03-15,0.05,0.0,0.0,0.95,0.000812428734321624,0.9672504183545734
1999-03-16,0.05,0.0,0.0,0.95,0.0011725054590335014,0.9683845247503465
1999-03-17,0.05,0.0,0.0,0.95,-0.0006305708325431313,0.9677738897143529
1999-03-18,0.05,0.0,0.0,0.95,0.0008112724167379292,0.9685590179767173
1999-03-19,0.05,0.0,0.0,0.95,-0.0014410314751612363,0.9671632939462615
1999-03-22,0.05,0.0,0.0,0.95,-0.000721610330421557,0.9664653789221455
1999-03-23,0.05,0.0,0.0,0.95,0.0009929684530597394,0.9674250485543895
1999-03-24,0.05,0.0,0.0,0.95,0.0008115804461320097,0.9682101918068945
1999-03-25,0.05,0.0,0.0,0.95,-0.0011712822458269433,0.9670761443990024
1999-03-26,0.05,0.0,0.0,0.95,0.000541259139682837,0.9675995832009274
1999-03-29,0.05,0.0,0.0,0.95,-0.0009015848913353275,0.9667272100358512
1999-03-30,0.05,0.0,0.0,0.95,0.0019853709508881323,0.9686465221560895
1999-03-31,0.88,0.12,0.0,0.0,-0.0036922931083515076,0.9650699952779039
1999-04-01,0.88,0.12,0.0,0.0,-2.5220680958377704e-05,0.9650456555554505
1999-04-05,0.88,0.12,0.0,0.0,0.00015135589657346848,0.9651917209058816
1999-04-06,0.88,0.12,0.0,0.0,0.0002393449506613354,0.9654227346707004
1999-04-07,0.88,0.12,0.0,0.0,0.00023886851754845395,0.9656533437681388
1999-04-08,0.88,0.12,0.0,0.0,0.00016311166875784266,0.9658108530964825
1999-04-09,0.88,0.12,0.0,0.0,7.518011903519195e-05,0.9658834628713839
1999-04-12,0.88,0.12,0.0,0.0,7.513304810601085e-05,0.9659560326400646
1999-04-13,0.88,0.12,0.0,0.0,3.754301804149485e-05,0.9659922975448253
1999-04-14,0.88,0.12,0.0,0.0,7.506255212677004e-05,0.966064807392014
1999-04-15,0.88,0.12,0.0,0.0,5.001041883724077e-05,0.9661131206976555
1999-04-16,0.88,0.12,0.0,0.0,-6.248698187877544e-05,0.9660527512045896
1999-04-19,0.88,0.12,0.0,0.0,5.0015629884354597e-05,0.9661010689414425
1999-04-20,0.88,0.12,0.0,0.0,-3.749609415686361e-05,0.9660648439247965
1999-04-21,0.88,0.12,0.0,0.0,0.0,0.9660648439247965
1999-04-22,0.88,0.12,0.0,0.0,-2.5005209418647034e-05,0.9660406872710622
1999-04-23,0.88,0.12,0.0,0.0,2.501042100875317e-05,0.9660648483553623
1999-04-26,0.88,0.12,0.0,0.0,-1.2502604709316856e-05,0.9660527700284398
1999-04-27,0.88,0.12,0.0,0.0,5.0015629884354597e-05,0.9661010877662344
1999-04-28,0.88,0.12,0.0,0.0,-3.749609415686361e-05,0.9660648627488825
1999-04-29,0.88,0.12,0.0,0.0,2.5005209418633712e-05,0.9660890194030874
1999-04-30,0.88,0.12,0.0,0.0,0.0004499999999999904,0.9665237594618189
1999-05-03,0.88,0.12,0.0,0.0,4.9813200498141085e-05,0.9665719051036353
1999-05-04,0.88,0.12,0.0,0.0,0.0,0.9665719051036353
1999-05-05,0.88,0.12,0.0,0.0,-0.0001742738589211612,0.966403456887808
1999-05-06,0.88,0.12,0.0,0.0,-0.00011219613546645578,0.9662950301546438
1999-05-07,0.88,0.12,0.0,0.0,-0.0001123011334095958,0.9661865141275494
1999-05-10,0.88,0.12,0.0,0.0,-0.0001748542880932602,0.9660175722724563
1999-05-11,0.88,0.12,0.0,0.0,-7.504690431520356e-05,0.9659450756441431
1999-05-12,0.88,0.12,0.0,0.0,-0.00012515644555694206,0.9658241813918722
1999-05-13,0.88,0.12,0.0,0.0,0.00013781582793903624,0.9659572872510742
1999-05-14,0.1,0.0,0.0,0.9,-0.0004129731984565632,0.9655583727805858
1999-05-17,0.1,0.0,0.0,0.9,-0.00723444976076556,0.958573089241618
1999-05-18,0.1,0.0,0.0,0.9,-0.000781400733166171,0.9578240595268913
1999-05-19,0.1,0.0,0.0,0.9,0.0011296707540794815,0.9589060853544926
1999-05-20,0.1,0.0,0.0,0.9,-8.67888138862738e-05,0.9588228630327164
1999-05-21,0.1,0.0,0.0,0.9,0.001735943678271701,0.9604873255203804
1999-05-24,0.1,0.0,0.0,0.9,0.001386081432284203,0.9618186391682284
1999-05-25,0.1,0.0,0.0,0.9,-0.00060547813551175,0.9612362790118845
1999-05-26,0.1,0.0,0.0,0.9,-0.0013848817080208686,0.9599050804719949
1999-05-27,0.1,0.0,0.0,0.9,-0.0020805239838180725,0.957907974929884
1999-05-28,0.1,0.0,0.0,0.9,0.0,0.957907974929884
1999-06-01,0.1,0.0,0.0,0.9,-0.005387140374589772,0.9527475902029977
1999-06-02,0.1,0.0,0.0,0.9,-0.0001748251748251106,0.9525810259389762
1999-06-03,0.1,0.0,0.0,0.9,0.0007868661356129847,0.953330579689715
1999-06-04,0.1,0.0,0.0,0.9,-8.735319809763942e-05,0.9532473032147348
1999-06-07,0.1,0.0,0.0,0.9,0.00034944670937677726,0.9535804123480655
1999-06-08,0.1,0.0,0.0,0.9,-0.0002619833106927816,0.9533305901946266
1999-06-09,0.1,0.0,0.0,0.9,-0.0009608851790740336,0.9524145489597508
1999-06-10,0.1,0.0,0.0,0.9,-0.0011368052856587042,0.951331839066355
1999-06-11,0.1,0.0,0.0,0.9,-0.0022764860394980714,0.9491661454157905
1999-06-14,0.1,0.0,0.0,0.9,0.0017555837315907708,0.9508324860592592
1999-06-15,0.1,0.0,0.0,0.9,0.0001752165871701461,0.9509990876824371
1999-06-16,0.1,0.0,0.0,0.9,0.0016642335766423378,0.9525817722955144
1999-06-17,0.1,0.0,0.0,0.9,0.004109189819312209,0.9564961116162936
1999-06-18,0.1,0.0,0.0,0.9,-0.0016536118363793984,0.954914438324674
1999-06-21,0.1,0.0,0.0,0.9,-0.0010463088548731349,0.9539153028922087
1999-06-22,0.1,0.0,0.0,0.9,-0.0008729388942773419,0.9530825931224678
1999-06-23,0.1,0.0,0.0,0.9,-0.001223300970873742,0.9519166862609783
1999-06-24,0.1,0.0,0.0,0.9,-0.0011374684036554172,0.9508339111074441
1999-06-25,0.1,0.0,0.0,0.9,0.0009636912294364031,0.9517502214082291
1999-06-28,0.1,0.0,0.0,0.9,0.001837806301050171,0.9534993539621591
1999-06-29,0.1,0.0,0.0,0.9,0.0006986899563318439,0.9541655543841415
1999-06-30,0.1,0.0,0.0,0.9,0.001658101425385361,0.9557476576499195
1999-07-01,0.1,0.0,0.0,0.9,-0.0007839721254354837,0.9549983781273718
1999-07-02,0.1,0.0,0.0,0.9,0.0,0.9549983781273718
1999-07-06,0.1,0.0,0.0,0.9,-0.00043591979075850994,0.9545820754342037
1999-07-07,0.1,0.0,0.0,0.9,-0.0005233572397751907,0.9540824879940656
1999-07-08,0.1,0.0,0.0,0.9,0.0017455391776569629,0.9557478763555756
1999-07-09,0.1,0.0,0.0,0.9,8.710801393736478e-05,0.9558311296549097
1999-07-12,0.1,0.0,0.0,0.9,0.002874286267298909,0.9585784619447337
1999-07-13,0.1,0.0,0.0,0.9,0.0006945784294810631,0.9592442698673656
1999-07-14,0.1,0.0,0.0,0.9,-0.0007807981492191307,0.958495293716804
1999-07-15,0.1,0.0,0.0,0.9,0.0,0.958495293716804
1999-07-16,0.1,0.0,0.0,0.9,0.0013024602026047605,0.9597436956912542
1999-07-19,0.1,0.0,0.0,0.9,0.0008670520231214952,0.9605758434042814
1999-07-20,0.1,0.0,0.0,0.9,0.0008662175168430153,0.9614079110260945
1999-07-21,0.1,0.0,0.0,0.9,-8.653846153852119e-05,0.9613247122645633
1999-07-22,0.1,0.0,0.0,0.9,-0.002596403500336564,0.9588287254166796
1999-07-23,0.1,0.0,0.0,0.9,-0.0013887549426174206,0.9574971472851336
1999-07-26,0.1,0.0,0.0,0.9,-8.693132425388051e-05,0.9574139107901508
1999-07-27,0.1,0.0,0.0,0.9,0.001043276661514736,0.9584127583786877
1999-07-28,0.1,0.0,0.0,0.9,0.0,0.9584127583786877
1999-07-29,0.1,0.0,0.0,0.9,-0.0019972983404091707,0.956498522166951
1999-07-30,0.1,0.0,0.0,0.9,-0.0004351610095735259,0.9560822913043893
1999-08-02,0.1,0.0,0.0,0.9,-0.0019156346749225727,0.9542507869150871
1999-08-03,0.1,0.0,0.0,0.9,-0.0005235602094240788,0.9537511791732467
1999-08-04,0.1,0.0,0.0,0.9,0.0006984866123399991,0.9544173616034027
1999-08-05,0.1,0.0,0.0,0.9,0.001919348584722669,0.9562492212156309
1999-08-06,0.1,0.0,0.0,0.9,-0.004265815438189136,0.9521700385250129
1999-08-09,0.1,0.0,0.0,0.9,-0.0021868014384293535,0.9500878317151371
1999-08-10,0.1,0.0,0.0,0.9,-0.0002630553390490675,0.949837906038439
1999-08-11,0.1,0.0,0.0,0.9,0.0014033719910339748,0.9511708819517958
1999-08-12,0.1,0.0,0.0,0.9,-0.0002627225844118231,0.9509209878794721
1999-08-13,0.1,0.0,0.0,0.9,0.002803192524820064,0.9535866024843903
1999-08-16,0.1,0.0,0.0,0.9,-0.006636910537550967,0.9472577335138942
1999-08-17,0.1,0.0,0.0,0.9,0.002287390029325631,0.9494244814087355
1999-08-18,0.1,0.0,0.0,0.9,0.000526521060842522,0.9499243733938767
1999-08-19,0.1,0.0,0.0,0.9,-8.770220229977755e-05,0.9498410629343118
1999-08-20,0.1,0.0,0.0,0.9,0.0004385537471981671,0.9502576192917044
1999-08-23,0.1,0.0,0.0,0.9,0.00017533606078334874,0.9504242337194002
1999-08-24,0.1,0.0,0.0,0.9,0.0016653681340085935,0.9520070399520261
1999-08-25,0.1,0.0,0.0,0.9,0.0023622047244095112,0.954255875479472
1999-08-26,0.1,0.0,0.0,0.9,-0.0006108202443281585,0.9536729966724601
1999-08-27,0.1,0.0,0.0,0.9,-0.002270301736683722,0.9515078712118862
1999-08-30,0.1,0.0,0.0,0.9,-0.0023635833090165817,0.9492589030890919
1999-08-31,0.1,0.0,0.0,0.9,-0.0024575775307197566,0.9469260257380244
1999-09-01,0.1,0.0,0.0,0.9,0.00026403285742231385,0.9471760453223677
1999-09-02,0.1,0.0,0.0,0.9,-0.0005279108417244994,0.9466760208190202
1999-09-03,0.1,0.0,0.0,0.9,0.003345397632788827,0.9498430285380862
1999-09-07,0.1,0.0,0.0,0.9,-0.0008771074943962343,0.9490099140992554
1999-09-08,0.1,0.0,0.0,0.9,0.0007023705004389314,0.9496764706675428
1999-09-09,0.1,0.0,0.0,0.9,-0.0007895506384637985,0.9489266530037932
1999-09-10,0.1,0.0,0.0,0.9,0.0019317073170731726,0.9507597015627665
1999-09-13,0.1,0.0,0.0,0.9,0.0,0.9507597015627665
1999-09-14,0.1,0.0,0.0,0.9,-0.001226635514018648,0.9495934659475318
1999-09-15,0.1,0.0,0.0,0.9,0.0011405732111522183,0.9506765468162768
1999-09-16,0.1,0.0,0.0,0.9,0.0011391295881608698,0.9517594905995258
1999-09-17,0.1,0.0,0.0,0.9,0.0007001166861143604,0.9524258333000621
1999-09-20,0.1,0.0,0.0,0.9,-0.0006995724834823026,0.9517595423945278
1999-09-21,0.1,0.0,0.0,0.9,-0.00017502917152864005,0.951592956710328
1999-09-22,0.1,0.0,0.0,0.9,0.00035012643454592764,0.9519261345594
1999-09-23,0.1,0.0,0.0,0.9,0.0017499513902392572,0.9535919590219774
1999-09-24,0.1,0.0,0.0,0.9,0.0025325053366970886,0.956006935747232
1999-09-27,0.1,0.0,0.0,0.9,-0.0013933236574745545,0.9546749086669456
1999-09-28,0.1,0.0,0.0,0.9,-0.0011338307975578778,0.9535924688538432
1999-09-29,0.1,0.0,0.0,0.9,-0.0020958664855424526,0.9515938663575066
1999-09-30,0.1,0.0,0.0,0.9,0.0002625948259094457,0.9518437499831792
1999-10-01,0.1,0.0,0.0,0.9,-0.0027126883811374736,0.9492616945019415
1999-10-04,0.1,0.0,0.0,0.9,0.001755412521942512,0.9509280403670707
1999-10-05,0.1,0.0,0.0,0.9,-0.0023651936928167916,0.9486789113636718
1999-10-06,0.1,0.0,0.0,0.9,-0.0006148140919292943,0.9480956502002492
1999-10-07,0.1,0.0,0.0,0.9,8.789062499992006e-05,0.948178978919505
1999-10-08,0.1,0.0,0.0,0.9,0.0006151742993849574,0.9487622742585533
1999-10-11,0.1,0.0,0.0,0.9,0.00043911007025758674,0.9491788853274608
1999-10-12,0.1,0.0,0.0,0.9,-0.0005266751194772712,0.9486789764246256
1999-10-13,0.1,0.0,0.0,0.9,-0.0013174587684200878,0.9474291309887193
1999-10-14,0.1,0.0,0.0,0.9,-0.0010555121188427496,0.9464291080592161
1999-10-15,0.1,0.0,0.0,0.9,0.0021135029354207636,0.9484293887572668
1999-10-18,0.1,0.0,0.0,0.9,-0.000527137836782543,0.9479294357409362
1999-10-19,0.1,0.0,0.0,0.9,-0.0010548935338932865,0.9469294711085859
1999-10-20,0.1,0.0,0.0,0.9,-0.0003520438098964185,0.9465961104498737
1999-10-21,0.1,0.0,0.0,0.9,0.00017609078458220574,0.9467627973016453
1999-10-22,0.1,0.0,0.0,0.9,-0.00035211267605629316,0.9464294301194969
1999-10-25,0.1,0.0,0.0,0.9,8.806262230911522e-05,0.9465127751769438
1999-10-26,0.1,0.0,0.0,0.9,-0.0002641620193717498,0.9462627424508919
1999-10-27,0.1,0.0,0.0,0.9,0.0014973576042276449,0.947679636163898
1999-10-28,0.1,0.0,0.0,0.9,0.0019345383488032165,0.949512958762437
1999-10-29,0.1,0.0,0.0,0.9,0.0028078385492834148,0.9521790378510943
1999-11-01,0.1,0.0,0.0,0.9,-0.002011857323355093,0.9502633894806484
1999-11-02,0.1,0.0,0.0,0.9,0.0007013442431325956,0.9509298512383202
1999-11-03,0.1,0.0,0.0,0.9,0.000700798131204916,0.9515962611009748
1999-11-04,0.1,0.0,0.0,0.9,0.0016631005640927565,0.9531788613796005
1999-11-05,0.1,0.0,0.0,0.9,0.0011358120570818199,0.9542614934229111
1999-11-08,0.1,0.0,0.0,0.9,-0.0002617801047120394,0.9540116867492402
1999-11-09,0.1,0.0,0.0,0.9,-0.00034914169333725157,0.9536786014934651
1999-11-10,0.1,0.0,0.0,0.9,-0.0007858736780827269,0.9529291305832006
1999-11-11,0.1,0.0,0.0,0.9,0.0003495824431927641,0.9532622578768594
1999-11-12,0.1,0.0,0.0,0.9,0.0013977868375073088,0.9545947153136121
1999-11-15,0.1,0.0,0.0,0.9,-0.007065322736964574,0.9478501955669205
1999-11-16,0.1,0.0,0.0,0.9,-0.0008791638175247085,0.9470168799705443
1999-11-17,0.1,0.0,0.0,0.9,-0.0014080375476679065,0.9456834446452704
1999-11-18,0.1,0.0,0.0,0.9,-0.00044070120458328255,0.9452666808120608
1999-11-19,0.1,0.0,0.0,0.9,8.818342151675208e-05,0.9453500376622206
1999-11-22,0.1,0.0,0.0,0.9,-0.00044087391006170096,0.9449332574947396
1999-11-23,0.1,0.0,0.0,0.9,0.00017643599294270285,0.9450999777322904
1999-11-24,0.1,0.0,0.0,0.9,8.82007056055123e-05,0.9451833362171942
1999-11-26,0.1,0.0,0.0,0.9,-0.00044096031357174773,0.9447665478768731
1999-11-29,0.1,0.0,0.0,0.9,-0.001411764705882368,0.9434327598092822
1999-11-30,0.1,0.0,0.0,0.9,-0.0007953652788688648,0.9426823861491825
1999-12-01,0.1,0.0,0.0,0.9,-0.0007076167076167095,0.9420153283427674
1999-12-02,0.1,0.0,0.0,0.9,-0.0004426084390675267,0.9415983844087119
1999-12-03,0.1,0.0,0.0,0.9,0.0021255658334973894,0.9435998137634873
1999-12-06,0.1,0.0,0.0,0.9,0.000795209110543893,0.9443501729320996
1999-12-07,0.1,0.0,0.0,0.9,0.001324178518881758,0.9456006611453985
1999-12-08,0.1,0.0,0.0,0.9,-0.0007051909892262564,0.9449338320797523
1999-12-09,0.1,0.0,0.0,0.9,0.0007057439717702119,0.9456007134354643
1999-12-10,0.1,0.0,0.0,0.9,0.0014985308521056951,0.9470177252783204
1999-12-13,0.1,0.0,0.0,0.9,-0.00035200938691695163,0.9466843661494457
1999-12-14,0.1,0.0,0.0,0.9,-0.002905213733737655,0.9439340457273937
1999-12-15,0.1,0.0,0.0,0.9,-0.0008832188420020093,0.9431003453926
1999-12-16,0.1,0.0,0.0,0.9,-0.0013261296660117218,0.9418496720465489
1999-12-17,0.1,0.0,0.0,0.9,-0.00017707820954260267,0.9416828909929646
1999-12-20,0.1,0.0,0.0,0.9,-0.0008855652858407393,0.9408489693144312
1999-12-21,0.1,0.0,0.0,0.9,-0.0002659312518467738,0.9405987681702226
1999-12-22,0.1,0.0,0.0,0.9,-0.00026600985221678645,0.9403485596309064
1999-12-23,0.1,0.0,0.0,0.9,-0.00017739233270918088,0.9401817490063537
1999-12-27,0.1,0.0,0.0,0.9,0.0010645638245440293,0.9411826324848425
1999-12-28,0.1,0.0,0.0,0.9,-0.0005316530471595305,0.9406822498703483
1999-12-29,0.1,0.0,0.0,0.9,0.0008866121564377494,0.9415162701884285
1999-12-30,0.1,0.0,0.0,0.9,0.0006200177147918984,0.9421000269547102
1999-12-31,0.1,0.0,0.0,0.9,-0.0035405192761605807,0.9387645036492056
2000-01-03,0.1,0.0,0.0,0.9,-0.016261848341232177,0.9234984576627301
2000-01-04,0.1,0.0,0.0,0.9,0.0021719457013574584,0.9255042461680608
2000-01-05,0.1,0.0,0.0,0.9,0.011465543183870053,0.9361156550693559
2000-01-06,0.1,0.0,0.0,0.9,0.001337163232963512,0.9373673945051162
2000-01-07,0.1,0.0,0.0,0.9,-0.012906735238848822,0.9252690417227092
2000-01-10,0.1,0.0,0.0,0.9,-0.001354605659241337,0.9240156670424708
2000-01-11,0.1,0.0,0.0,0.9,-0.002441965631594889,0.9217592525404978
2000-01-12,0.1,0.0,0.0,0.9,-0.0007255139056831617,0.9210905033850876
2000-01-13,0.1,0.0,0.0,0.9,0.002269060104880949,0.9231805130993034
2000-01-14,0.1,0.0,0.0,0.9,-0.001267478120913368,0.9220104019972964
2000-01-18,0.1,0.0,0.0,0.9,-0.0013599274705347832,0.9207565347235015
2000-01-19,0.1,0.0,0.0,0.9,0.0006355932203390147,0.9213417613345546
2000-01-20,0.1,0.0,0.0,0.9,-0.0008166145780824752,0.9205893802208526
2000-01-21,0.1,0.0,0.0,0.9,-9.081735620580789e-05,0.9205057747271899
2000-01-24,0.1,0.0,0.0,0.9,0.001998183469573034,0.9223451141498963
2000-01-25,0.1,0.0,0.0,0.9,-0.000362501258684933,0.922010762885075
2000-01-26,0.1,0.0,0.0,0.9,-0.00027198549410699656,0.9217599893321597
2000-01-27,0.1,0.0,0.0,0.9,-0.0009068923821039521,0.9209240522197062
2000-01-28,0.1,0.0,0.0,0.9,-0.00036312285656650014,0.9205896436471834
2000-01-31,0.1,0.0,0.0,0.9,-0.0009989909182643864,0.9196699829537317
2000-02-01,0.1,0.0,0.0,0.9,0.0006364279220123948,0.9202552866099201
2000-02-02,0.1,0.0,0.0,0.9,-0.000272562083585759,0.9200044599115709
2000-02-03,0.1,0.0,0.0,0.9,0.002635564980309013,0.9224291914478419
2000-02-04,0.1,0.0,0.0,0.9,-0.0018123238018525113,0.9207574510686574
2000-02-07,0.1,0.0,0.0,0.9,-0.0022699757869249384,0.9186673539491008
2000-02-08,0.1,0.0,0.0,0.9,0.0006372003641144764,0.9192527291215372
2000-02-09,0.1,0.0,0.0,0.9,-0.001000606428138262,0.9183329189316946
2000-02-10,0.1,0.0,0.0,0.9,-0.0003642618638064255,0.9179984052710497
2000-02-11,0.1,0.0,0.0,0.9,0.0008199210446401262,0.9187510914824774
2000-02-14,0.1,0.0,0.0,0.9,0.001911407766990303,0.9205071994546679
2000-02-15,0.1,0.0,0.0,0.9,-0.0009082652134423608,0.91967113478668
2000-02-16,0.1,0.0,0.0,0.9,9.09182745731707e-05,0.9197547496994295
2000-02-17,0.1,0.0,0.0,0.9,-0.001272727272727281,0.9185841527452665
2000-02-18,0.1,0.0,0.0,0.9,0.0018207566255311614,0.9202566709274853
2000-02-22,0.1,0.0,0.0,0.9,0.0029073288915808294,0.9229321597345428
2000-02-23,0.1,0.0,0.0,0.9,-0.0023545985107666814,0.9207590250456932
2000-02-24,0.1,0.0,0.0,0.9,0.002723970944309806,0.9232671458766287
2000-02-25,0.1,0.0,0.0,0.9,0.0009052504526251726,0.9241029338783275
2000-02-28,0.1,0.0,0.0,0.9,-0.0022608520900321504,0.9220136738288639
2000-02-29,0.1,0.0,0.0,0.9,0.0004533091568448944,0.9224316310699466
2000-03-01,0.1,0.0,0.0,0.9,0.0007249295207411244,0.9231003289901747
2000-03-02,0.1,0.0,0.0,0.9,-0.0005432595573440779,0.9225988459140634
2000-03-03,0.1,0.0,0.0,0.9,0.0006341856251258271,0.9231839448398996
2000-03-06,0.1,0.0,0.0,0.9,-0.0011769439694195416,0.9220974090633554
2000-03-07,0.1,0.0,0.0,0.9,0.0010878323932312695,0.9231004964946491
2000-03-08,0.1,0.0,0.0,0.9,0.0,0.9231004964946491
2000-03-09,0.1,0.0,0.0,0.9,0.0007243460764586373,0.923769140717462
2000-03-10,0.1,0.0,0.0,0.9,-0.001266586248492152,0.9225991074270478
2000-03-13,0.1,0.0,0.0,0.9,0.0007247835715723739,0.9232677921032583
2000-03-14,0.1,0.0,0.0,0.9,0.0014484007242003161,0.9246050538419716
2000-03-15,0.1,0.0,0.0,0.9,0.0003615183771841446,0.9249393155605727
2000-03-16,0.1,0.0,0.0,0.9,0.0006324031319012047,0.9255242500805517
2000-03-17,0.1,0.0,0.0,0.9,0.00054167920553716,0.9260255873210408
2000-03-20,0.1,0.0,0.0,0.9,-9.022556390984038e-05,0.9259420361402299
2000-03-21,0.1,0.0,0.0,0.9,0.0005414076599157714,0.9264433482512341
2000-03-22,0.1,0.0,0.0,0.9,0.0003607214428857919,0.9267775362325672
2000-03-23,0.1,0.0,0.0,0.9,0.0008112980769230616,0.9275294290654481
2000-03-24,0.1,0.0,0.0,0.9,-0.0035124587211048277,0.9242715202332458
2000-03-27,0.1,0.0,0.0,0.9,-9.041591320076981e-05,0.9241879513796983
2000-03-28,0.1,0.0,0.0,0.9,0.000813824977393729,0.9249400786183374
2000-03-29,0.1,0.0,0.0,0.9,0.00045171652278666043,0.9253578893344369
2000-03-30,0.1,0.0,0.0,0.9,0.0024380455503161037,0.9276139540189786
2000-03-31,0.1,0.0,0.0,0.9,0.0008104862917751587,0.9283657724127704
2000-04-03,0.1,0.0,0.0,0.9,0.0013495951214635537,0.9296186903301523
2000-04-04,0.1,0.0,0.0,0.9,0.0037732082251946244,0.9331263352188007
2000-04-05,0.1,0.0,0.0,0.9,-0.0008946322067594049,0.9322915303463386
2000-04-06,0.1,0.0,0.0,0.9,-0.0010746268656717129,0.9312896648211902
2000-04-07,0.1,0.0,0.0,0.9,0.0008069336521218995,0.9320411537916078
2000-04-10,0.1,0.0,0.0,0.9,0.001702000597193254,0.9336274883919699
2000-04-11,0.1,0.0,0.0,0.9,-0.0020564275779851983,0.9317075510772755
2000-04-12,0.1,0.0,0.0,0.9,-0.0020611371104252265,0.9297871740676867
2000-04-13,0.1,0.0,0.0,0.9,0.0010778443113770742,0.9307893398840469
2000-04-14,0.1,0.0,0.0,0.9,0.0013456937799043445,0.9320418973091301
2000-04-17,0.1,0.0,0.0,0.9,-0.00152284263959388,0.9306225441660197
2000-04-18,0.1,0.0,0.0,0.9,-0.0006281156530408616,0.9300380055789563
2000-04-19,0.1,0.0,0.0,0.9,0.0010775217000897896,0.9310401417118759
2000-04-20,0.1,0.0,0.0,0.9,-0.0003587443946187929,0.9307061362798716
2000-04-24,0.1,0.0,0.0,0.9,8.972186222697687e-05,0.9307896409676046
2000-04-25,0.1,0.0,0.0,0.9,-0.0034090909090909063,0.9276164944643059
2000-04-26,0.1,0.0,0.0,0.9,-0.00036021612967771513,0.9272823520408447
2000-04-27,0.1,0.0,0.0,0.9,-0.003333333333333388,0.9241914108673752
2000-04-28,0.1,0.0,0.0,0.9,-0.00036169998995286837,0.92385713084335
2000-05-01,0.1,0.0,0.0,0.9,-0.0005427681173986399,0.9233556906476968
2000-05-02,0.1,0.0,0.0,0.9,-0.0009956753494922532,0.9224363281477055
2000-05-03,0.1,0.0,0.0,0.9,-0.001268626661296668,0.9212661008284687
2000-05-04,0.1,0.0,0.0,0.9,-0.0010889292196007982,0.9202629072522489
2000-05-05,0.1,0.0,0.0,0.9,-0.001635372501514254,0.918757934599565
2000-05-08,0.1,0.0,0.0,0.9,-0.0011832524271844114,0.9176708120434551
2000-05-09,0.1,0.0,0.0,0.9,0.0007291139240505729,0.9183398986102108
2000-05-10,0.1,0.0,0.0,0.9,0.001548112921177758,0.9197615924732825
2000-05-11,0.1,0.0,0.0,0.9,0.000363636363636366,0.9200960512341818
2000-05-12,0.1,0.0,0.0,0.9,-0.0023626817447496397,0.9179221570905146
2000-05-15,0.1,0.0,0.0,0.9,0.0009111156104473884,0.9187584902970153
2000-05-16,0.1,0.0,0.0,0.9,0.00045509708737871967,0.9191766146099539
2000-05-17,0.1,0.0,0.0,0.9,-0.00100070757100994,0.9182567876126185
2000-05-18,0.1,0.0,0.0,0.9,-0.0016393442622950171,0.9167514486165322
2000-05-19,0.1,0.0,0.0,0.9,0.0017335766423358435,0.9183407075146814
2000-05-22,0.1,0.0,0.0,0.9,0.0019123747849843832,0.9200969191277572
2000-05-23,0.1,0.0,0.0,0.9,-0.0004543618739904498,0.9196788621673294
2000-05-24,0.1,0.0,0.0,0.9,-0.0006364279220122948,0.9190935528601616
2000-05-25,0.1,0.0,0.0,0.9,0.002092600080873508,0.921016848103207
2000-05-26,0.1,0.0,0.0,0.9,0.0013615733736762614,0.9222708801202916
2000-05-30,0.1,0.0,0.0,0.9,-0.0011782477341389264,0.9211842165455275
2000-05-31,0.1,0.0,0.0,0.9,0.0022688312997882765,0.9232742281288969
2000-06-01,0.1,0.0,0.0,0.9,0.0024441762220881458,0.9255308730437564
2000-06-02,0.1,0.0,0.0,0.9,0.00189587721938016,0.9272855659417931
2000-06-05,0.1,0.0,0.0,0.9,0.0009009009009007807,0.9281209583435422
2000-06-06,0.1,0.0,0.0,0.9,-0.0006299999999999306,0.9275362421397859
2000-06-07,0.1,0.0,0.0,0.9,0.0,0.9275362421397859
2000-06-08,0.1,0.0,0.0,0.9,-0.0004503152206545291,0.9271185584522417
2000-06-09,0.1,0.0,0.0,0.9,9.010812975573934e-05,0.9272020993716057
2000-06-12,0.1,0.0,0.0,0.9,0.0009910901992191913,0.9281210402849883
2000-06-13,0.1,0.0,0.0,0.9,8.999999999999009e-05,0.9282045711786139
2000-06-14,0.1,0.0,0.0,0.9,0.0016198380161982495,0.929708112229818
2000-06-15,0.1,0.0,0.0,0.9,0.0,0.929708112229818
2000-06-16,0.1,0.0,0.0,0.9,0.0018864158099612283,0.9314619283113774
2000-06-19,0.1,0.0,0.0,0.9,-0.0005378486055777288,0.9309609428120864
2000-06-20,0.1,0.0,0.0,0.9,-0.0008072553318716369,0.9302094196272371
2000-06-21,0.1,0.0,0.0,0.9,-0.002064837905236927,0.9282886879577824
2000-06-22,0.1,0.0,0.0,0.9,-0.0002699460107978613,0.9280381001295994
2000-06-23,0.1,0.0,0.0,0.9,-0.0014401440144014455,0.9267015916145613
2000-06-26,0.1,0.0,0.0,0.9,0.0020735249924872744,0.9286231305253518
2000-06-27,0.1,0.0,0.0,0.9,8.994603238041688e-05,0.9287066564915193
2000-06-28,0.1,0.0,0.0,0.9,-8.99370440690217e-05,0.9286231313600273
2000-06-29,0.1,0.0,0.0,0.9,0.0020687587447531853,0.9305442285836084
2000-06-30,0.1,0.0,0.0,0.9,0.0007179180376907679,0.9312122830701777
2000-07-03,0.1,0.0,0.0,0.9,0.0014346916409285315,0.9325482855486283
2000-07-05,0.1,0.0,0.0,0.9,0.000358102059086729,0.9328822330098812
2000-07-06,0.1,0.0,0.0,0.9,-0.001342348612906341,0.9316299798383954
2000-07-07,0.1,0.0,0.0,0.9,0.0013443537143993823,0.9328824200622369
2000-07-10,0.1,0.0,0.0,0.9,-0.0008054091677437647,0.9321310680086918
2000-07-11,0.1,0.0,0.0,0.9,-0.00044785031847126565,0.9317136128130271
2000-07-12,0.1,0.0,0.0,0.9,-0.000627302598825108,0.9311291464423487
2000-07-13,0.1,0.0,0.0,0.9,0.0017038660821043995,0.9327156658130307
2000-07-14,0.1,0.0,0.0,0.9,-0.0027747389358527942,0.9301276233390194
2000-07-17,0.1,0.0,0.0,0.9,-0.0015263367916999338,0.9287079353265407
2000-07-18,0.1,0.0,0.0,0.9,0.00017987408813844308,0.9288749858195545
2000-07-19,0.1,0.0,0.0,0.9,-8.991907283452116e-05,0.9287914622420504
2000-07-20,0.05,0.0,0.29603957185335256,0.6539604281466473,0.003956834532374143,0.9324665363732241
2000-07-21,0.05,0.0,0.3603291894564373,0.5896708105435627,0.000252483810767078,0.9327019690777404
2000-07-24,0.05,0.0,0.3603291894564373,0.5896708105435627,-0.0010331466276536302,0.9317383511837818
2000-07-25,0.05,0.0,0.3603291894564373,0.5896708105435627,0.0002879256016328425,0.9320066225091107
2000-07-26,0.05,0.0,0.29341592993761584,0.6565840700623842,3.72548789760738e-05,0.9320413443030371
2000-07-27,0.05,0.0,0.3753147297502691,0.5746852702497308,0.0010175145417192627,0.932989709924349
2000-07-28,0.05,0.0,0.3753147297502691,0.5746852702497308,-0.0005937605219897439,0.9324357374671732
2000-07-31,0.05,0.0,0.3753147297502691,0.5746852702497308,0.00015313741073587264,0.9325785282616866
2000-08-01,0.05,0.0,0.4603745107521432,0.48962548924785665,0.001326710803812472,0.9338157902705349
2000-08-02,0.05,0.0,0.4603745107521432,0.48962548924785665,0.001008688175319653,0.9347577192161076
2000-08-03,0.05,0.0,0.4603745107521432,0.48962548924785665,0.0005737301384429675,0.9352940178917641
2000-08-04,0.05,0.0,0.4603745107521432,0.48962548924785665,0.0018682174766478802,0.9370413505217936
2000-08-07,0.05,0.0,0.4603745107521432,0.48962548924785665,-0.0013868476610729833,0.9357418169164937
2000-08-08,0.05,0.0,0.4603745107521432,0.48962548924785665,0.0012444227719610812,0.9369062753421408
2000-08-09,0.05,0.0,0.4603745107521432,0.48962548924785665,-4.851619988587387e-05,0.9368608202100119
2000-08-10,0.05,0.0,0.4603745107521432,0.48962548924785665,0.0011457575225329183,0.9379342355423339
2000-08-11,0.05,0.0,0.4603745107521432,0.48962548924785665,-0.0021507980363568977,0.9359169284302976
2000-08-14,0.05,0.0,0.4603745107521432,0.48962548924785665,0.00033499614919452615,0.9362304569972877
2000-08-15,0.05,0.0,0.4603745107521432,0.48962548924785665,-0.0009100340102578343,0.935378455439981
2000-08-16,0.05,0.0,0.4603745107521432,0.48962548924785665,-0.0007190071851928604,0.934705911609645
2000-08-17,0.05,0.0,0.4603745107521432,0.48962548924785665,0.0001446661618773195,0.9348411319263616
2000-08-18,0.05,0.0,0.5220251996588898,0.4279748003411101,0.00119824595558455,0.9359613015318066
2000-08-21,0.05,0.0,0.5220251996588898,0.4279748003411101,-0.00034196843493396135,0.935641232310363
2000-08-22,0.05,0.0,0.5220251996588898,0.4279748003411101,0.00021237336261466125,0.9358399375850697
2000-08-23,0.05,0.0,0.5220251996588898,0.4279748003411101,0.0016028217283885703,0.9373399221713248
2000-08-24,0.05,0.0,0.5220251996588898,0.4279748003411101,0.00038383619236158497,0.9376997071579996
2000-08-25,0.05,0.0,0.5220251996588898,0.4279748003411101,9.592028067953963e-05,0.9377896515771034
2000-08-28,0.05,0.0,0.5220251996588898,0.4279748003411101,-0.0015569124965859997,0.936329595149394
2000-08-29,0.05,0.0,0.4597578920035181,0.49024210799648194,-0.0011216044949187056,0.935279403666749
2000-08-30,0.05,0.0,0.4597578920035181,0.49024210799648194,0.0003351690721411996,0.9355928803966687
2000-08-31,0.05,0.0,0.5318553018992761,0.4181446981007238,0.003439650988956452,0.9388109933729857
2000-09-01,0.05,0.0,0.5318553018992761,0.4181446981007238,0.0024477454472356585,0.9411089637078291
2000-09-05,0.05,0.0,0.5318553018992761,0.4181446981007238,0.0,0.9411089637078291
2000-09-06,0.05,0.0,0.5318553018992761,0.4181446981007238,-0.0009687130700119528,0.9401972991543799
2000-09-07,0.05,0.0,0.5318553018992761,0.4181446981007238,-0.0010784008000861924,0.939183389634733
2000-09-08,0.05,0.0,0.5318553018992761,0.4181446981007238,0.0010252562545634463,0.9401462932791381
2000-09-11,0.05,0.0,0.5318553018992761,0.4181446981007238,-0.0010654512143134956,0.9391446132693316
2000-09-12,0.05,0.0,0.5318553018992761,0.4181446981007238,-4.136769866451201e-05,0.9391057630179676
2000-09-13,0.05,0.0,0.5318553018992761,0.4181446981007238,0.0016000525686985052,0.9406083816063641
2000-09-14,0.05,0.0,0.5318553018992761,0.4181446981007238,-0.0009279520254698666,0.9397355421534784
2000-09-15,0.05,0.0,0.5318553018992761,0.4181446981007238,4.134315781101102e-05,0.9397743937882983
2000-09-18,0.05,0.0,0.5318553018992761,0.4181446981007238,8.267814099862164e-05,0.9398520925881348
2000-09-19,0.05,0.0,0.5318553018992761,0.4181446981007238,0.00027188186376610017,0.9401076213267322
2000-09-20,0.05,0.0,0.5318553018992761,0.4181446981007238,-0.0012568510398274263,0.938926046085318
2000-09-21,0.05,0.0,0.5318553018992761,0.4181446981007238,0.0003418457533626504,0.9392470139668938
2000-09-22,0.05,0.0,0.5318553018992761,0.4181446981007238,0.0011753355613780404,0.9403509443833271
2000-09-25,0.05,0.0,0.6022484980571595,0.3477515019428405,2.5999141695097895e-05,0.9403753927007733
2000-09-26,0.05,0.0,0.6022484980571595,0.3477515019428405,0.0009588051996927312,0.9412770295169579
2000-09-27,0.05,0.0,0.6022484980571595,0.3477515019428405,0.00046443216070593974,0.9417141888415993
2000-09-28,0.05,0.0,0.6022484980571595,0.3477515019428405,8.117549563003222e-05,0.9417906329576203
2000-09-29,0.05,0.0,0.6022484980571595,0.3477515019428405,0.00081988302615535,0.9425627911117744
2000-10-02,0.05,0.0,0.6022484980571595,0.3477515019428405,0.0003555932128548289,0.9428979600429832
2000-10-03,0.05,0.0,0.6022484980571595,0.3477515019428405,-0.0015150992951855448,0.9414693760082902
2000-10-04,0.05,0.0,0.6022484980571595,0.3477515019428405,-0.0009773890598766429,0.9405491941399707
2000-10-05,0.05,0.0,0.6022484980571595,0.3477515019428405,0.0008356462287699505,0.9413351605270265
2000-10-06,0.05,0.0,0.6022484980571595,0.3477515019428405,0.0005746653432609258,0.9418761132201744
2000-10-09,0.05,0.0,0.6022484980571595,0.3477515019428405,0.0,0.9418761132201744
2000-10-10,0.05,0.0,0.6022484980571595,0.3477515019428405,0.00032872767671415987,0.9421857339666257
2000-10-11,0.05,0.0,0.6022484980571595,0.3477515019428405,0.0007997962844824933,0.9429392906159447
2000-10-12,0.05,0.0,0.5353118059839519,0.41468819401604806,0.0021105479530075808,0.9449294092055648
2000-10-13,0.05,0.0,0.5353118059839519,0.41468819401604806,-0.0005440160629918611,0.9444153524285636
2000-10-16,0.05,0.0,0.5353118059839519,0.41468819401604806,-0.0013742559991812456,0.9431174839647697
2000-10-17,0.05,0.0,0.5353118059839519,0.41468819401604806,0.0024116474662683332,0.9453919508553666
2000-10-18,0.05,0.0,0.5353118059839519,0.41468819401604806,-0.00043521285039353644,0.9449805041296958
2000-10-19,0.05,0.0,0.5353118059839519,0.41468819401604806,-0.0003944000899524107,0.9446078037338638
2000-10-20,0.05,0.0,0.5353118059839519,0.41468819401604806,0.00027188946275706036,0.9448646326421372
2000-10-23,0.05,0.0,0.5353118059839519,0.41468819401604806,0.0014552168446616124,0.946239615571483
2000-10-24,0.05,0.0,0.5353118059839519,0.41468819401604806,-0.0012085026973473354,0.945096082443728
2000-10-25,0.05,0.0,0.5353118059839519,0.41468819401604806,-0.0016721226092179396,0.9435157659163906
2000-10-26,0.05,0.0,0.5353118059839519,0.41468819401604806,-0.00031350829942109257,0.9432199658931412
2000-10-27,0.05,0.0,0.47303985228811074,0.4769601477118892,-0.0014171539451959224,0.9418832779972881
2000-10-30,0.05,0.0,0.47303985228811074,0.4769601477118892,-0.001006412442369042,0.9409353549470524
2000-10-31,0.05,0.0,0.41492927146628783,0.5350707285337123,-0.0006289780177708053,0.9403435272926473
2000-11-01,0.05,0.0,0.41492927146628783,0.5350707285337123,0.0012598128665426407,0.9415281841673007
2000-11-02,0.05,0.0,0.41492927146628783,0.5350707285337123,0.0003701093057401606,0.9418766525098776
2000-11-03,0.05,0.0,0.41492927146628783,0.5350707285337123,-0.0026832800389096083,0.9393493336890829
2000-11-06,0.05,0.0,0.41492927146628783,0.5350707285337123,-0.0011438174726898453,0.9382748895082498
2000-11-07,0.05,0.0,0.41492927146628783,0.5350707285337123,8.518359093949143e-05,0.9383548151326264
2000-11-08,0.05,0.0,0.41492927146628783,0.5350707285337123,0.00023343170556599965,0.9385738568975488
2000-11-09,0.05,0.0,0.41492927146628783,0.5350707285337123,0.0017818322396210102,0.9402462380550343
2000-11-10,0.05,0.0,0.41492927146628783,0.5350707285337123,0.0003384122699808512,0.9405644289187953
2000-11-13,0.05,0.0,0.47530247594877484,0.4746975240512251,0.001121721718001268,0.941619480465893
2000-11-14,0.05,0.0,0.47530247594877484,0.4746975240512251,9.713927568950743e-05,0.9417109487002006
2000-11-15,0.05,0.0,0.47530247594877484,0.4746975240512251,0.0008576199887800223,0.9425185788334588
2000-11-16,0.05,0.0,0.47530247594877484,0.4746975240512251,0.0011461117481660788,0.9435988104495246
2000-11-17,0.05,0.0,0.47530247594877484,0.4746975240512251,-0.0011500889251652101,0.9425135879078276
2000-11-20,0.05,0.0,0.47530247594877484,0.4746975240512251,0.000326733792365634,0.9428215389467608
2000-11-21,0.05,0.0,0.42519724677622067,0.5248027532237793,-4.852996487117881e-05,0.9427757838505959
2000-11-22,0.05,0.0,0.42519724677622067,0.5248027532237793,0.0017097483133216534,0.944387693156875
2000-11-24,0.05,0.0,0.42519724677622067,0.5248027532237793,-0.0014492932041911466,0.943018998491061
2000-11-27,0.05,0.0,0.42519724677622067,0.5248027532237793,-0.0001736739494644186,0.942855220657173
2000-11-28,0.05,0.0,0.42519724677622067,0.5248027532237793,0.0014327825220017227,0.9442061271381087
2000-11-29,0.05,0.0,0.42519724677622067,0.5248027532237793,0.0017070396681718551,0.9458179244520643
2000-11-30,0.05,0.0,0.42519724677622067,0.5248027532237793,0.0039216599611837264,0.9495271007369579
2000-12-01,0.05,0.0,0.42519724677622067,0.5248027532237793,-0.001963808829540626,0.9476624110326426
2000-12-04,0.05,0.0,0.36984396041652023,0.5801560395834798,7.522863428862636e-05,0.9477337023815913
2000-12-05,0.05,0.0,0.36984396041652023,0.5801560395834798,0.0027518797600520253,0.9503417515750944
2000-12-06,0.05,0.0,0.36984396041652023,0.5801560395834798,0.0031565766289248214,0.9533415781376078
2000-12-07,0.05,0.0,0.36984396041652023,0.5801560395834798,-3.7365524390462143e-05,0.9533059560296174
2000-12-08,0.05,0.0,0.36984396041652023,0.5801560395834798,-0.0014043858770570136,0.951967146608455
2000-12-11,0.05,0.0,0.36984396041652023,0.5801560395834798,-0.0004883066634241554,0.9515022947074053
2000-12-12,0.05,0.0,0.36984396041652023,0.5801560395834798,0.0004502570411823645,0.9519307153152985
2000-12-13,0.05,0.0,0.4438807833605368,0.5061192166394632,0.002419306554390158,0.9542337275341862
2000-12-14,0.05,0.0,0.4438807833605368,0.5061192166394632,0.0022713322015318438,0.9564011093273223
2000-12-15,0.05,0.0,0.4438807833605368,0.5061192166394632,0.0013422978877917664,0.957684884516254
2000-12-18,0.05,0.0,0.4438807833605368,0.5061192166394632,0.0011664468227301022,0.9588019730069747
2000-12-19,0.05,0.0,0.4438807833605368,0.5061192166394632,-0.0008403874381090848,0.9579962078732254
2000-12-20,0.05,0.0,0.4438807833605368,0.5061192166394632,0.003663105415991412,0.961505448970785
2000-12-21,0.05,0.0,0.4438807833605368,0.5061192166394632,0.002088068710845604,0.9635131384140885
2000-12-22,0.05,0.0,0.4438807833605368,0.5061192166394632,0.0005707032455269257,0.9640630184892892
2000-12-26,0.05,0.0,0.4438807833605368,0.5061192166394632,-0.0006808351802783197,0.9634066504702964
2000-12-27,0.05,0.0,0.4438807833605368,0.5061192166394632,-0.002442276658488945,0.9610537448952198
2000-12-28,0.05,0.0,0.4438807833605368,0.5061192166394632,-0.001339744486307866,0.9597661784394508
2000-12-29,0.05,0.0,0.4438807833605368,0.5061192166394632,0.0007950354748187567,0.9605292265988413
2001-01-02,0.05,0.0,0.4438807833605368,0.5061192166394632,0.00810530581018719,0.9683146097200476
2001-01-03,0.05,0.0,0.4438807833605368,0.5061192166394632,-0.005513751159832966,0.9629755639176204
2001-01-04,0.05,0.0,0.4438807833605368,0.5061192166394632,0.004674402038605297,0.967476898856724
2001-01-05,0.05,0.0,0.4438807833605368,0.5061192166394632,0.004329711425241665,0.9716657946393613
2001-01-08,0.05,0.0,0.4438807833605368,0.5061192166394632,0.0015608564508670132,0.973182425463011
2001-01-09,0.05,0.0,0.4438807833605368,0.5061192166394632,-0.0024076718192578596,0.9708393215622267
2001-01-10,0.05,0.0,0.4438807833605368,0.5061192166394632,-0.0032165556852988934,0.967716562822944
2001-01-11,0.05,0.0,0.4438807833605368,0.5061192166394632,-0.0005152603783149363,0.9672179368206822
2001-01-12,0.05,0.0,0.4438807833605368,0.5061192166394632,-0.004008983129326019,0.9633403764295866
2001-01-16,0.05,0.0,0.4438807833605368,0.5061192166394632,0.0004158837152481178,0.9637410140043847
2001-01-17,0.05,0.05,0.45409258271780367,0.4459074172821962,0.0019900709759658043,0.9656589270247026
2001-01-18,0.05,0.05,0.45409258271780367,0.4459074172821962,0.0035904043207995204,0.9691260330087107
2001-01-19,0.05,0.10598799957020912,0.43066788277249246,0.41334411765729845,-0.002017439331477313,0.9671708800325604
2001-01-22,0.05,0.10598799957020912,0.43066788277249246,0.41334411765729845,-0.0006214351460291641,0.9665698460554921
2001-01-23,0.05,0.10598799957020912,0.43066788277249246,0.41334411765729845,-0.0007436626932743799,0.9658510441205367
2001-01-24,0.05,0.10598799957020912,0.43066788277249246,0.41334411765729845,-0.0009066201467313592,0.9649753841051955
2001-01-25,0.05,0.12,0.47011653324928837,0.35988346675071164,0.0012543906397524457,0.9661858401946085
2001-01-26,0.05,0.12,0.47011653324928837,0.35988346675071164,0.0006035323675825866,0.9667689646222659
2001-01-29,0.05,0.12,0.47011653324928837,0.35988346675071164,-0.0005251387076530491,0.9662612768175851
2001-01-30,0.05,0.12,0.47011653324928837,0.35988346675071164,0.002595022726927473,0.9687687467910768
2001-01-31,0.05,0.12,0.5243739474798668,0.3056260525201332,0.004983124343585808,0.9735962419165166
2001-02-01,0.05,0.12,0.5243739474798668,0.3056260525201332,0.003046561491861579,0.9765623627357606
2001-02-02,0.05,0.12,0.5243739474798668,0.3056260525201332,-0.0028345962728154733,0.973794202702178
2001-02-05,0.05,0.12,0.5243739474798668,0.3056260525201332,-0.00033766635217203023,0.9734653851659852
2001-02-06,0.05,0.12,0.5243739474798668,0.3056260525201332,-0.0018363257737253964,0.9716777855893755
2001-02-07,0.05,0.12,0.5243739474798668,0.3056260525201332,0.0006981244451794358,0.9723561376043331
2001-02-08,0.05,0.12,0.5243739474798668,0.3056260525201332,-0.00022506413432372613,0.9721372951119688
2001-02-09,0.05,0.12,0.5243739474798668,0.3056260525201332,0.0025380550182384047,0.9746046330522443
2001-02-12,0.05,0.12,0.5243739474798668,0.3056260525201332,-0.0006817646899800361,0.9739401820267384
2001-02-13,0.05,0.12,0.5243739474798668,0.3056260525201332,-0.0011797022588446375,0.9727912225940218
2001-02-14,0.05,0.12,0.5243739474798668,0.3056260525201332,-0.0018580893312472888,0.9709836896017888
2001-02-15,0.05,0.12,0.5751958064711884,0.25480419352881156,-0.0020605664585738163,0.9689829131791732
2001-02-16,0.05,0.12,0.5751958064711884,0.25480419352881156,0.0031844878359217287,0.9720686274794083
2001-02-20,0.05,0.12,0.5751958064711884,0.25480419352881156,-0.00018153963217878386,0.9718921584983231
2001-02-21,0.05,0.12,0.5751958064711884,0.25480419352881156,-0.001327497545014197,0.970601974043898
2001-02-22,0.05,0.12,0.5751958064711884,0.25480419352881156,0.0001533481561681382,0.9707508140669908
2001-02-23,0.05,0.12,0.5751958064711884,0.25480419352881156,0.0019641277111572576,0.9726574926415282
2001-02-26,0.05,0.12,0.5751958064711884,0.25480419352881156,0.001287375469917721,0.9739096680381866
2001-02-27,0.05,0.12,0.5751958064711884,0.25480419352881156,0.002158095163125081,0.9760114577821005
2001-02-28,0.05,0.12,0.5751958064711884,0.25480419352881156,0.0038582815115237802,0.9797771847446965
2001-03-01,0.05,0.12,0.5751958064711884,0.25480419352881156,0.0012425790058580722,0.9809946353048791
2001-03-02,0.05,0.12,0.5751958064711884,0.25480419352881156,-0.0030886256255662245,0.9779647101357334
2001-03-05,0.05,0.12,0.5751958064711884,0.25480419352881156,-0.0006105847059141169,0.9773675798408008
2001-03-06,0.05,0.12,0.5751958064711884,0.25480419352881156,0.00018851206826702707,0.9775518254247337
2001-03-07,0.05,0.12,0.5751958064711884,0.25480419352881156,0.002219825511229212,0.9797218199053601
2001-03-08,0.05,0.12,0.5751958064711884,0.25480419352881156,0.0012719293835364122,0.9809679568757895
2001-03-09,0.05,0.12,0.5751958064711884,0.25480419352881156,-0.001498694745255867,0.9794977853535554
2001-03-12,0.05,0.12,0.5751958064711884,0.25480419352881156,-0.00020836802013208576,0.9792936893392974
2001-03-13,0.05,0.12,0.5751958064711884,0.25480419352881156,-0.0009879745672445592,0.9783261720803671
2001-03-14,0.05,0.12,0.5751958064711884,0.25480419352881156,0.0021378622358157132,0.9804176986579678
2001-03-15,0.05,0.12,0.5751958064711884,0.25480419352881156,0.0021053021910225067,0.9824817741870696
2001-03-16,0.05,0.12,0.5751958064711884,0.25480419352881156,0.000639986070250691,0.9831105488368245
2001-03-19,0.05,0.12,0.5751958064711884,0.25480419352881156,-0.0025194113600672968,0.980633688951883
2001-03-20,0.05,0.12,0.5751958064711884,0.25480419352881156,0.0012860291245250768,0.9818948124363656
2001-03-21,0.05,0.12,0.5156559396948746,0.3143440603051254,0.0001255502899990648,0.9820180896148155
2001-03-22,0.05,0.12,0.5156559396948746,0.3143440603051254,0.0006607498258724337,0.982666957896532
2001-03-23,0.05,0.12,0.5156559396948746,0.3143440603051254,-0.0022050763876111244,0.9805001021907888
2001-03-26,0.05,0.12,0.5156559396948746,0.3143440603051254,-0.000651096324241456,0.979861702178334
2001-03-27,0.05,0.12,0.5156559396948746,0.3143440603051254,-0.003974363359696954,0.9759673757316262
2001-03-28,0.05,0.12,0.5156559396948746,0.3143440603051254,0.0005750889420605024,0.9765286437772214
2001-03-29,0.05,0.12,0.5156559396948746,0.3143440603051254,0.0007927657579363152,0.977302802247652
2001-03-30,0.05,0.12,0.5156559396948746,0.3143440603051254,0.0018721563015586737,0.9791324658474109
2001-04-02,0.05,0.12,0.5156559396948746,0.3143440603051254,-0.00011582634104005224,0.9790190565164982
2001-04-03,0.05,0.10230235365030586,0.47026667037687647,0.3774309759728176,-0.0002881997955156949,0.9787369034246043
2001-04-04,0.05,0.05,0.49528306077748474,0.40471693922251506,5.0306023224881995e-05,0.978786139785999
2001-04-05,0.05,0.05,0.49528306077748474,0.40471693922251506,-0.0017415731468805797,0.9770815121284088
2001-04-06,0.05,0.05,0.49528306077748474,0.40471693922251506,0.0031658803735831412,0.9801748353110471
2001-04-09,0.05,0.05,0.49528306077748474,0.40471693922251506,-0.0015266331745163223,0.9786784678906352
2001-04-10,0.05,0.05,0.49528306077748474,0.40471693922251506,-0.004478869258880002,0.974295094986472
2001-04-11,0.05,0.05,0.49528306077748474,0.40471693922251506,-0.0013186077363100796,0.9730103819367739
2001-04-12,0.05,0.05,0.49528306077748474,0.40471693922251506,-0.002155304396442935,0.9709132483828009
2001-04-16,0.05,0.05,0.49528306077748474,0.40471693922251506,-0.004138745779123314,0.9668948852741617
2001-04-17,0.05,0.05,0.49528306077748474,0.40471693922251506,0.0028695068176577973,0.9696693967394144
2001-04-18,0.05,0.05,0.49528306077748474,0.40471693922251506,0.003926666024471745,0.973476964614561
2001-04-19,0.05,0.05,0.49528306077748474,0.40471693922251506,-0.003121871849322194,0.9704378942827672
2001-04-20,0.05,0.05,0.49528306077748474,0.40471693922251506,0.0004554785960350829,0.9708799079723943
2001-04-23,0.05,0.05,0.49528306077748474,0.40471693922251506,0.002774907875072415,0.9735740102747766
2001-04-24,0.05,0.05,0.49528306077748474,0.40471693922251506,0.00014974497130771475,0.9737197980870111
2001-04-25,0.05,0.05,0.49528306077748474,0.40471693922251506,-0.0016071956093347657,0.9721548399028034
2001-04-26,0.05,0.05,0.49528306077748474,0.40471693922251506,0.0025221997557857458,0.9746068086025922
2001-04-27,0.05,0.05,0.49528306077748474,0.40471693922251506,-0.004269962946554849,0.9704452736423991
2001-04-30,0.05,0.12,0.5932981300513469,0.23670186994865314,0.0016137809607007071,0.9720113597484051
2001-05-01,0.05,0.12,0.5932981300513469,0.23670186994865314,0.0018691437777947084,0.9738281887334246
2001-05-02,0.05,0.12,0.5932981300513469,0.23670186994865314,0.0009239015508546969,0.9747279101072613
2001-05-03,0.05,0.12,0.5932981300513469,0.23670186994865314,0.0024275945186668026,0.9770941542390291
2001-05-04,0.05,0.12,0.5932981300513469,0.23670186994865314,0.0009361545753339287,0.978008865402052
2001-05-07,0.05,0.12,0.5932981300513469,0.23670186994865314,8.121658732339851e-05,0.978088295944472
2001-05-08,0.05,0.12,0.5932981300513469,0.23670186994865314,9.918058985841993e-05,0.9781853033185974
2001-05-09,0.05,0.12,0.5932981300513469,0.23670186994865314,0.0013304531225049605,0.9794867330097861
2001-05-10,0.05,0.12,0.5932981300513469,0.23670186994865314,-0.0034272642383162276,0.9761297731578364
2001-05-11,0.05,0.12,0.646911637342054,0.18308836265794592,-0.006726908541468013,0.9695634374491997
2001-05-14,0.05,0.12,0.646911637342054,0.18308836265794592,0.0020038085594368676,0.9715062569640776
2001-05-15,0.05,0.12,0.646911637342054,0.18308836265794592,-0.000923381415212325,0.9706091861416345
2001-05-16,0.05,0.12,0.646911637342054,0.18308836265794592,0.0010071752295904837,0.9715867596715292
2001-05-17,0.05,0.12,0.646911637342054,0.18308836265794592,2.8214695251015055e-05,0.9716141726958633
2001-05-18,0.05,0.12,0.646911637342054,0.18308836265794592,3.4577813025335564e-05,0.9716477689890595
2001-05-21,0.05,0.12,0.646911637342054,0.18308836265794592,-5.835739158946995e-05,0.9715910661597176
2001-05-22,0.05,0.12,0.646911637342054,0.18308836265794592,0.00046071354567995616,0.9720386913247591
2001-05-23,0.05,0.12,0.646911637342054,0.18308836265794592,0.00040977753738047633,0.9724370109459287
2001-05-24,0.05,0.12,0.7399757445673477,0.09002425543265219,-0.0026262019896902446,0.9698831949329341
2001-05-25,0.05,0.12,0.7399757445673477,0.09002425543265219,0.0003077507232329364,0.9701816771876262
2001-05-29,0.05,0.12,0.7399757445673477,0.09002425543265219,-0.0002669656033763544,0.9699226720507911
2001-05-30,0.05,0.12,0.7399757445673477,0.09002425543265219,0.00012390469824709712,0.9700428500267946
2001-05-31,0.05,0.12,0.7399757445673477,0.09002425543265219,0.0038804522266589632,0.9738070549641356
2001-06-01,0.05,0.12,0.7399757445673477,0.09002425543265219,0.0006857940623950474,0.9744748860603483
2001-06-04,0.05,0.12,0.7399757445673477,0.09002425543265219,0.0012804286436503304,0.9757226316169778
2001-06-05,0.05,0.12,0.6709504469928438,0.15904955300715615,0.0028061923309634887,0.9784606969829689
2001-06-06,0.05,0.12,0.6709504469928438,0.15904955300715615,0.0003044768676591193,0.9787586156311139
2001-06-07,0.05,0.12,0.6709504469928438,0.15904955300715615,-0.0013572080843265587,0.977430236525375
2001-06-08,0.05,0.12,0.6709504469928438,0.15904955300715615,-0.001997249315854707,0.975478064654179
2001-06-11,0.05,0.12,0.6709504469928438,0.15904955300715615,0.0017179739057224795,0.9771539105148596
2001-06-12,0.05,0.12,0.6709504469928438,0.15904955300715615,0.001312760191459108,0.978436679269512
2001-06-13,0.05,0.12,0.6709504469928438,0.15904955300715615,-0.0005104714517424763,0.9779372152774073
2001-06-14,0.05,0.12,0.6709504469928438,0.15904955300715615,0.0008164749959597478,0.9787356765612999
2001-06-15,0.05,0.12,0.6709504469928438,0.15904955300715615,-0.0006659262447819438,0.9780839107875734
2001-06-18,0.05,0.12,0.6709504469928438,0.15904955300715615,-0.0014970280414514296,0.9766196917462319
2001-06-19,0.05,0.12,0.6072918257651689,0.22270817423483114,-0.0006298070405326612,0.9760046097884473
2001-06-20,0.05,0.12,0.5448786750143353,0.28512132498566484,-6.0259541154435126e-05,0.9759457961984969
2001-06-21,0.05,0.12,0.5448786750143353,0.28512132498566484,0.000539887729207594,0.9764726973582362
2001-06-22,0.05,0.12,0.5448786750143353,0.28512132498566484,0.002586468363007832,0.9789983130972942
2001-06-25,0.05,0.12,0.5448786750143353,0.28512132498566484,-0.0004176404039577245,0.9785894438463383
2001-06-26,0.05,0.12,0.5448786750143353,0.28512132498566484,-0.002768469817769837,0.9758802485070616
2001-06-27,0.05,0.05,0.6490288993868342,0.25097110061316585,-0.0017949401379110017,0.9741286018792217
2001-06-28,0.05,0.10862643281171461,0.7607112031378642,0.08066236405042114,-0.003475705213625756,0.9707428180189281
2001-06-29,0.05,0.12,0.83,0.0,-0.0019830680078466705,0.9688177689926679
2001-07-02,0.05,0.12,0.7799999999999998,0.05,0.006046617025794125,0.974675839009551
2001-07-03,0.05,0.12,0.83,0.0,-0.0006559765002413785,0.9740364745638077
2001-07-05,0.05,0.12,0.83,0.0,-0.0018172576973763477,0.9722663992828813
2001-07-06,0.05,0.12,0.7372696979414253,0.09273030205857465,0.002337866983525201,0.9745394287969557
2001-07-09,0.05,0.12,0.7372696979414253,0.09273030205857465,0.0004371624083088025,0.9749654608006404
2001-07-10,0.05,0.12,0.6815127342747196,0.14848726572528045,0.001832873559402064,0.9767524492150721
2001-07-11,0.05,0.12,0.6815127342747196,0.14848726572528045,-0.00018893921949983386,0.9765679023696728
2001-07-12,0.05,0.12,0.6815127342747196,0.14848726572528045,0.00104742761548361,0.9775907865590099
2001-07-13,0.05,0.12,0.6815127342747196,0.14848726572528045,-0.00046051530981329393,0.977140591035067
2001-07-16,0.05,0.12,0.6815127342747196,0.14848726572528045,0.0014084915687131675,0.9785168853189873
2001-07-17,0.05,0.12,0.6815127342747196,0.14848726572528045,-0.0004729117026133132,0.9780541332327152
2001-07-18,0.05,0.12,0.6201994478857544,0.2098005521142455,0.0036423911440676337,0.9816165889460209
2001-07-19,0.05,0.12,0.6201994478857544,0.2098005521142455,-0.0006755619653665554,0.9809534461139561
2001-07-20,0.05,0.12,0.6201994478857544,0.2098005521142455,0.00020085623713996006,0.9811504767319521
2001-07-23,0.05,0.12,0.6201994478857544,0.2098005521142455,0.000860614962675028,0.9819948695128634
2001-07-24,0.05,0.12,0.6201994478857544,0.2098005521142455,0.0009394809205283402,0.9829174349568275
2001-07-25,0.05,0.12,0.561050274179383,0.2689497258206168,-0.002221685268839304,0.9807337017710986
2001-07-26,0.05,0.12,0.561050274179383,0.2689497258206168,0.0010737550175779792,0.9817867695042831
2001-07-27,0.05,0.12,0.561050274179383,0.2689497258206168,0.002253840674671064,0.9839995604592457
2001-07-30,0.05,0.12,0.561050274179383,0.2689497258206168,0.001291976421368905,0.9852708646899964
2001-07-31,0.05,0.12,0.561050274179383,0.2689497258206168,0.002282289791849028,0.9875195383266847
2001-08-01,0.05,0.12,0.561050274179383,0.2689497258206168,-0.0007516585957073037,0.9867772607772726
2001-08-02,0.05,0.12,0.561050274179383,0.2689497258206168,-0.002090908139001221,0.984714000171332
2001-08-03,0.05,0.12,0.6145492620571826,0.2154507379428173,-0.0005860833843286339,0.9841368756575158
2001-08-06,0.05,0.12,0.6145492620571826,0.2154507379428173,0.0006950100579233239,0.9848208606844711
2001-08-07,0.05,0.12,0.6145492620571826,0.2154507379428173,-3.203003772869283e-05,0.9847893168351474
2001-08-08,0.05,0.12,0.6145492620571826,0.2154507379428173,0.003828819108533164,0.9885598969893251
2001-08-09,0.05,0.12,0.6145492620571826,0.2154507379428173,-0.0012653664268815388,0.9873090064847133
2001-08-10,0.05,0.12,0.6145492620571826,0.2154507379428173,0.0011593658039560732,0.9884536587847697
2001-08-13,0.05,0.12,0.6145492620571826,0.2154507379428173,0.0008368860923416333,0.9892808819047307
2001-08-14,0.05,0.12,0.6145492620571826,0.2154507379428173,-0.0007359636178493331,0.9885528071678149
2001-08-15,0.05,0.12,0.6145492620571826,0.2154507379428173,-0.0016895925916191943,0.9868825556683999
2001-08-16,0.05,0.12,0.6145492620571826,0.2154507379428173,0.0012754669292893794,0.9881412917312475
2001-08-17,0.05,0.12,0.5633056732599682,0.2666943267400317,0.0025707478669262382,0.9906815538491875
2001-08-20,0.05,0.12,0.5633056732599682,0.2666943267400317,-0.002568133242103047,0.9881373516184092
2001-08-21,0.05,0.12,0.5633056732599682,0.2666943267400317,0.000450091594188269,0.9885821039342761
2001-08-22,0.05,0.11087759962581759,0.5137575473679395,0.3253648530062428,-0.0009712269166436381,0.9876219663856229
2001-08-23,0.05,0.11087759962581759,0.5137575473679395,0.3253648530062428,0.000822053968996082,0.9884338449429579
2001-08-24,0.05,0.11087759962581759,0.5137575473679395,0.3253648530062428,-0.0010128492274459624,0.9874327104867261
2001-08-27,0.05,0.05,0.5596644601623642,0.3403355398376358,-0.0005445808050147975,0.9868949735863513
2001-08-28,0.05,0.05,0.5596644601623642,0.3403355398376358,0.003163352483748642,0.9900168702522447
2001-08-29,0.05,0.05,0.5596644601623642,0.3403355398376358,0.001979396520713551,0.9919765062006697
2001-08-30,0.05,0.05,0.5596644601623642,0.3403355398376358,0.0003865264095806993,0.9923599313179997
2001-08-31,0.05,0.12,0.634332474502278,0.1956675254977219,-0.00042855427422729467,0.9919346512278615
2001-09-04,0.05,0.12,0.6881222589353049,0.14187774106469495,-0.005543182758856409,0.9864361761712629
2001-09-05,0.05,0.12,0.6881222589353049,0.14187774106469495,0.0005918370197220358,0.987019985617914
2001-09-06,0.05,0.12,0.6881222589353049,0.14187774106469495,0.003600649238412374,0.990573898377427
2001-09-07,0.05,0.12,0.6371526608954745,0.19284733910452556,0.0017175806754405722,0.992275288962876
2001-09-10,0.05,0.12,0.6371526608954745,0.19284733910452556,-0.001402718073815655,0.9908834064808472
2001-09-17,0.05,0.12,0.3845097394470809,0.44549026055291907,0.0010172411839445704,0.9918913738904068
2001-09-18,0.05,0.12,0.3845097394470809,0.44549026055291907,-0.0029610924377112043,0.988954291844149
2001-09-19,0.05,0.12,0.3845097394470809,0.44549026055291907,0.0029070134801658914,0.9918291953018078
2001-09-20,0.05,0.12,0.3845097394470809,0.44549026055291907,-0.0023416072626792567,0.9895067208547518
2001-09-21,0.05,0.0,0.41156662695289503,0.5384333730471048,-0.0005016194910128696,0.9890103649970827
2001-09-24,0.05,0.0,0.41156662695289503,0.5384333730471048,-0.0012241929744040323,0.9877996254566406
2001-09-25,0.05,0.0,0.41156662695289503,0.5384333730471048,0.0010383832654122735,0.9888253400572952
2001-09-26,0.05,0.0,0.41156662695289503,0.5384333730471048,0.0018632636277024948,0.9906677823475745
2001-09-27,0.05,0.0,0.41156662695289503,0.5384333730471048,0.0018990575031519992,0.9925491174327725
2001-09-28,0.05,0.0,0.41156662695289503,0.5384333730471048,-0.0007997525035976284,0.991755323791162
2001-10-01,0.05,0.0,0.41156662695289503,0.5384333730471048,0.0009019516626028424,0.9926498391543507
2001-10-02,0.05,0.0,0.41156662695289503,0.5384333730471048,0.001290512886941007,0.9939308665639992
2001-10-03,0.05,0.0,0.41156662695289503,0.5384333730471048,0.0006426729015279136,0.994569638997932
2001-10-04,0.05,0.0,0.41156662695289503,0.5384333730471048,-2.1378036832414964e-05,0.9945483770515571
2001-10-05,0.05,0.0,0.4640563772876008,0.4859436227123992,0.0006243237450761228,0.9951692972189772
2001-10-08,0.05,0.0,0.4640563772876008,0.4859436227123992,0.0,0.9951692972189772
2001-10-09,0.05,0.0,0.4640563772876008,0.4859436227123992,-0.0024944527599705347,0.9926868944188914
2001-10-10,0.05,0.0,0.4640563772876008,0.4859436227123992,-0.0004903081187501684,0.9922001719751808
2001-10-11,0.05,0.0,0.4640563772876008,0.4859436227123992,-0.0026856874449864452,0.9895354324303938
2001-10-12,0.05,0.0,0.4640563772876008,0.4859436227123992,0.0010753801286501055,0.9905995591710246
2001-10-15,0.05,0.12,0.4119252218358444,0.4180747781641555,0.0013455051658826178,0.9919324159952102
2001-10-16,0.05,0.12,0.4119252218358444,0.4180747781641555,0.001080422835169023,0.9930041224283959
2001-10-17,0.05,0.12,0.4119252218358444,0.4180747781641555,0.00041633946025580455,0.9934175492287596
2001-10-18,0.05,0.12,0.4119252218358444,0.4180747781641555,-0.00015874111484224528,0.9932598530194912
2001-10-19,0.05,0.12,0.4119252218358444,0.4180747781641555,-0.001153061004113073,0.9921145638160234
2001-10-22,0.05,0.12,0.4119252218358444,0.4180747781641555,-0.0003004085648795408,0.9918165241037112
2001-10-23,0.05,0.12,0.4119252218358444,0.4180747781641555,-0.0005349603946472432,0.9912859415445591
2001-10-24,0.05,0.12,0.4119252218358444,0.4180747781641555,0.0017954245747259746,0.9930657206845886
2001-10-25,0.05,0.12,0.4119252218358444,0.4180747781641555,0.001859956825269596,0.9949127800497172
2001-10-26,0.05,0.12,0.4119252218358444,0.4180747781641555,6.513145090930155e-05,0.99497758016261
2001-10-29,0.05,0.12,0.4119252218358444,0.4180747781641555,0.001702436382317343,0.9966714661946687
2001-10-30,0.05,0.05,0.4132873231015554,0.48671267689844444,0.0017354813344937312,0.998401170920872
2001-10-31,0.05,0.12,0.40284356213764433,0.42715643786235574,0.0021735611396302684,1.000571256907747
2001-11-01,0.05,0.12,0.40284356213764433,0.42715643786235574,0.0002403071127358094,1.0008117012975808
2001-11-02,0.05,0.12,0.40284356213764433,0.42715643786235574,-0.002882564011544811,0.9979267975050874
2001-11-05,0.05,0.12,0.40284356213764433,0.42715643786235574,0.001431187317049902,0.9993550176810209
2001-11-06,0.05,0.12,0.40284356213764433,0.42715643786235574,0.0014591894403900795,1.000813265970022
2001-11-07,0.05,0.12,0.40284356213764433,0.42715643786235574,0.002758768983081995,1.0035742785660369
2001-11-08,0.05,0.12,0.40284356213764433,0.42715643786235574,-0.002182240209090522,1.001384238422541
2001-11-09,0.05,0.12,0.469064768249177,0.360935231750823,-0.0005755664365022575,1.0008078752648628
2001-11-12,0.05,0.12,0.469064768249177,0.360935231750823,0.0,1.0008078752648628
2001-11-13,0.05,0.12,0.469064768249177,0.360935231750823,-0.0019184505635178924,0.9988878748325878
2001-11-14,0.05,0.12,0.469064768249177,0.360935231750823,-0.0035847303851254753,0.995307131116342
2001-11-15,0.05,0.12,0.5552561403661471,0.27474385963385284,-0.006813657375767822,0.9885254493412569
2001-11-16,0.05,0.12,0.6160174263493827,0.21398257365061715,-0.004325579694025318,0.984249503730559
2001-11-19,0.05,0.12,0.6160174263493827,0.21398257365061715,0.005342502612373503,0.9895078592754668
2001-11-20,0.05,0.12,0.6160174263493827,0.21398257365061715,-0.0024190440199932687,0.9871141962057501
2001-11-21,0.05,0.12,0.6160174263493827,0.21398257365061715,-0.003198796998947951,0.9839566182773082
2001-11-23,0.05,0.12,0.684084325244841,0.14591567475515907,-0.0018271179219510477,0.9821588135056314
2001-11-26,0.05,0.12,0.684084325244841,0.14591567475515907,-1.3695435004303232e-06,0.982157468396412
2001-11-27,0.05,0.12,0.684084325244841,0.14591567475515907,0.003952131796007827,0.9860390841559481
2001-11-28,0.05,0.12,0.684084325244841,0.14591567475515907,-0.00014718820332929256,0.9858939508347387
2001-11-29,0.05,0.12,0.6337760353675614,0.19622396463243857,0.006780953891634916,0.992579252257391
2001-11-30,0.05,0.12,0.686937404291252,0.14306259570874794,0.0032381559476151616,0.9957933786665676
2001-12-03,0.05,0.12,0.686937404291252,0.14306259570874794,-2.3127383207230227e-05,0.9957703485715039
2001-12-04,0.05,0.12,0.6246665061996874,0.2053334938003125,0.001592427886493288,0.9973560410431125
2001-12-05,0.05,0.12,0.6989413018112932,0.13105869818870666,-0.008415729805925613,0.988962562081386
2001-12-06,0.05,0.12,0.0,0.8300000000000001,-0.0027946624915420226,0.9861987455035979
2001-12-07,0.88,0.12,0.0,0.0,-0.002825008888098262,0.9834127252821189
2001-12-10,0.05,0.12,0.0,0.8300000000000001,-0.0006070390700678007,0.9828157553358708
2001-12-11,0.88,0.12,0.0,0.0,0.0020062451005249306,0.9847875246297322
2001-12-12,0.05,0.12,0.7800000000000001,0.05,-0.00031205981146388063,0.9844802120204642
2001-12-13,0.88,0.12,0.0,0.0,-0.004975212760001092,0.9795822135076514
2001-12-14,0.88,0.12,0.0,0.0,-0.0004957060550059732,0.9790966286730396
2001-12-17,0.88,0.12,0.0,0.0,-0.00017028708656259716,0.9789299011606796
2001-12-18,0.88,0.12,0.0,0.0,0.0002229995627459491,0.9791482021005973
2001-12-19,0.88,0.12,0.0,0.0,-6.546644844518835e-05,0.9790841007453043
2001-12-20,0.88,0.12,0.0,0.0,9.170305676857282e-05,0.9791738857501762
2001-12-21,0.88,0.12,0.0,0.0,6.545216537580778e-05,0.9792379748012779
2001-12-24,0.88,0.12,0.0,0.0,-6.541648495420383e-05,0.9791739164950328
2001-12-26,0.88,0.12,0.0,0.0,-5.2361732300654214e-05,0.9791226452525416
2001-12-27,0.88,0.12,0.0,0.0,0.0001833460656990038,0.9793021635373854
2001-12-28,0.88,0.12,0.0,0.0,-1.3076168682566446e-05,0.9792893580171038
2001-12-31,0.88,0.12,0.0,0.0,0.0022493461203138485,0.9814921187352242
2002-01-02,0.88,0.12,0.0,0.0,-3.851091142490936e-05,0.9814543205791754
2002-01-03,0.88,0.12,0.0,0.0,0.0005136436597110538,0.9819584383682369
2002-01-04,0.88,0.12,0.0,0.0,0.0002045817794352711,0.9821593291728897
2002-01-07,0.05,0.12,0.83,0.0,0.00016593979363897836,0.9823223084892931
2002-01-08,0.05,0.12,0.83,0.0,-0.001011682830213436,0.9813285098760589
2002-01-09,0.05,0.12,0.83,0.0,0.0009202819826900787,0.982231608822798
2002-01-10,0.05,0.12,0.7799999999999999,0.05,0.0033935142140286588,0.9855648257488064
2002-01-11,0.05,0.12,0.7799999999999999,0.05,0.0037984886966443148,0.9893084825992234
2002-01-14,0.05,0.12,0.7799999999999999,0.05,-0.0002010673598585144,0.9891095649545416
2002-01-15,0.05,0.12,0.7799999999999999,0.05,0.00037370513998010493,0.9894792002829687
2002-01-16,0.05,0.12,0.7799999999999999,0.05,-0.0011327146735925753,0.9883584026735935
2002-01-17,0.05,0.12,0.7799999999999999,0.05,-0.004022064625636417,0.9843831613047496
2002-01-18,0.05,0.12,0.7799999999999999,0.05,0.001892042260865143,0.9862456558468221
2002-01-22,0.05,0.12,0.7799999999999999,0.05,-0.0007382979993499339,0.9855175126522429
2002-01-23,0.88,0.12,0.0,0.0,-0.003289944061207218,0.982275215164277
2002-01-24,0.88,0.12,0.0,0.0,2.5594539831503835e-05,0.982300356046397
2002-01-25,0.88,0.12,0.0,0.0,0.00011515086896255688,0.9824134687859779
2002-01-28,0.88,0.12,0.0,0.0,-1.2782275244980212e-05,0.9824009113066156
2002-01-29,0.88,0.12,0.0,0.0,-0.00021732182806009082,0.9821874141446825
2002-01-30,0.88,0.12,0.0,0.0,-0.0002689434364994803,0.9819232612862359
2002-01-31,0.88,0.12,0.0,0.0,0.0010653545833779088,0.9829693577331725
2002-02-01,0.88,0.12,0.0,0.0,0.00015267175572518886,0.9831194293908417
2002-02-04,0.88,0.12,0.0,0.0,-6.35324015247729e-05,0.9830569694525069
2002-02-05,0.88,0.12,0.0,0.0,-0.000330543489776467,0.982732026371175
2002-02-06,0.88,0.12,0.0,0.0,-0.00040794645702751264,0.9823311243228094
2002-02-07,0.88,0.12,0.0,0.0,-0.00010233450591620841,0.9822305979525557
2002-02-08,0.88,0.12,0.0,0.0,3.840819374801185e-05,0.9822683236556672
2002-02-11,0.88,0.12,0.0,0.0,-0.00012798634812287711,0.9821426067200457
2002-02-12,0.88,0.12,0.0,0.0,-0.00010249839846251607,0.982041938675795
2002-02-13,0.88,0.12,0.0,0.0,6.411626415901317e-05,0.9821049035361504
2002-02-14,0.88,0.12,0.0,0.0,-0.00037167574495353237,0.9817398789645061
2002-02-15,0.88,0.12,0.0,0.0,3.856867366616612e-05,0.981777743369523
2002-02-19,0.88,0.12,0.0,0.0,-0.00016707721966371824,0.9816137106738331
2002-02-20,0.05,0.12,0.0,0.8300000000000001,-0.0004375804375804248,0.9811841757167814
2002-02-21,0.05,0.12,0.0,0.8300000000000001,9.138927174371813e-05,0.9812738454240467
2002-02-22,0.05,0.12,0.0,0.8300000000000001,0.0005521643332463878,0.9818156698426375
2002-02-25,0.05,0.12,0.0,0.8300000000000001,-0.001120367001361612,0.980715675964726
2002-02-26,0.88,0.12,0.0,0.0,-0.0016218051372735168,0.9791251462432418
2002-02-27,0.88,0.12,0.0,0.0,0.00022056438533894605,0.9793411063792928
2002-02-28,0.88,0.12,0.0,0.0,-0.0008158860349665398,0.9785420756471294
2002-03-01,0.1,0.0,0.0,0.9,0.00018254916874932192,0.9787207076896249
2002-03-04,0.88,0.12,0.0,0.0,-0.0009405282158464256,0.9778001932486097
2002-03-05,0.88,0.12,0.0,0.0,0.0003635183382018603,0.9781556415499528
2002-03-06,0.88,0.12,0.0,0.0,6.471793765507882e-05,0.9782189457657797
2002-03-07,0.88,0.12,0.0,0.0,0.000413971539456659,0.9786239005686841
2002-03-08,0.88,0.12,0.0,0.0,0.00020627417275462356,0.9788257654042118
2002-03-11,0.88,0.12,0.0,0.0,7.722007722007262e-05,0.9789013504054014
2002-03-12,0.88,0.12,0.0,0.0,0.0001157556270096638,0.9790146637449982
2002-03-13,0.88,0.12,0.0,0.0,0.0,0.9790146637449982
2002-03-14,0.88,0.12,0.0,0.0,0.0,0.9790146637449982
2002-03-15,0.88,0.12,0.0,0.0,1.2849341471259379e-05,0.979027243438718
2002-03-18,0.88,0.12,0.0,0.0,0.00012847965738758128,0.979153028523528
2002-03-19,0.88,0.12,0.0,0.0,0.00012834224598929467,0.9792786952223759
2002-03-20,0.88,0.12,0.0,0.0,7.692307692307664e-05,0.9793540243527776
2002-03-21,0.88,0.12,0.0,0.0,-7.687379884689705e-05,0.9792787376885096
2002-03-22,0.88,0.12,0.0,0.0,-7.692307692306332e-05,0.9792034085548412
2002-03-25,0.88,0.12,0.0,0.0,1.2828736369447923e-05,0.9792159704972216
2002-03-26,0.88,0.12,0.0,0.0,-0.00015392838054514968,0.979065241368679
2002-03-27,0.88,0.12,0.0,0.0,3.853152092474943e-05,0.9791029662415136
2002-03-28,0.88,0.12,0.0,0.0,-0.00025679435052427646,0.9788515381312012
2002-04-01,0.88,0.12,0.0,0.0,0.0013253270426764007,0.9801488365454517
2002-04-02,0.88,0.12,0.0,0.0,6.36334712058506e-05,0.9802112068182195
2002-04-03,0.88,0.12,0.0,0.0,-2.5439898240424696e-05,0.9801862703448639
2002-04-04,0.88,0.12,0.0,0.0,-3.816793893127723e-05,0.9801488586551561
2002-04-05,0.88,0.12,0.0,0.0,6.36334712058506e-05,0.9802112289293308
2002-04-08,0.88,0.12,0.0,0.0,2.5439898240398052e-05,0.9802361654032489
2002-04-09,0.88,0.12,0.0,0.0,5.0869012293359714e-05,0.9802860290487971
2002-04-10,0.88,0.12,0.0,0.0,0.00019067796610167773,0.9804729479950139
2002-04-11,0.88,0.12,0.0,0.0,6.345848757272066e-05,0.9805351673253997
2002-04-12,0.88,0.12,0.0,0.0,-0.0002156448202959682,0.9803237199954479
2002-04-15,0.88,0.12,0.0,0.0,2.541565180556482e-05,0.980348635561772
2002-04-16,0.88,0.12,0.0,0.0,3.811540497617116e-05,0.9803860019470343
2002-04-17,0.88,0.12,0.0,0.0,0.000304826418289581,0.9806848495005491
2002-04-18,0.88,0.12,0.0,0.0,0.00016469594594594738,0.9808463643195126
2002-04-19,0.88,0.12,0.0,0.0,-0.00010121244069583035,0.9807470904650322
2002-04-22,0.88,0.12,0.0,0.0,-8.863564419119286e-05,0.9806601613148802
2002-04-23,0.88,0.12,0.0,0.0,-1.2671594508977257e-05,0.9806477347869649
2002-04-24,0.88,0.12,0.0,0.0,0.00025345865455697944,0.9808962884424184
2002-04-25,0.88,0.12,0.0,0.0,-5.058488776478853e-05,0.9808466699137587
2002-04-26,0.88,0.12,0.0,0.0,-7.59093305218661e-05,0.980772214499701
2002-04-29,0.88,0.12,0.0,0.0,7.595737947040603e-05,0.9808467113869718
2002-04-30,0.88,0.12,0.0,0.0,0.0007590933052187675,0.9815912655590315
2002-05-01,0.88,0.12,0.0,0.0,1.2572027239388106e-05,0.9816036061511602
2002-05-02,0.88,0.12,0.0,0.0,-0.00025141420490256913,0.9813568170609901
2002-05-03,0.88,0.12,0.0,0.0,-3.779130799915542e-05,0.9813197303032595
2002-05-06,0.88,0.12,0.0,0.0,-0.00018901606636565038,0.9811342451079905
2002-05-07,0.88,0.12,0.0,0.0,-0.0001893142616743626,0.9809485024027745
2002-05-08,0.88,0.12,0.0,0.0,-6.32044664489717e-05,0.9808865020760663
2002-05-09,0.88,0.12,0.0,0.0,0.00018971332209106074,0.9810725893129696
2002-05-10,0.88,0.12,0.0,0.0,2.525518257392889e-05,0.981097366480331
2002-05-13,0.88,0.12,0.0,0.0,-0.0003661230931088788,0.9807381640778742
2002-05-14,0.88,0.12,0.0,0.0,-0.00011397214014352564,0.9806263872503937
2002-05-15,0.88,0.12,0.0,0.0,7.605366008239578e-05,0.9807009674763175
2002-05-16,0.88,0.12,0.0,0.0,-0.00020268130476091883,0.9805021977246492
2002-05-17,0.88,0.12,0.0,0.0,-0.00024109125515490602,0.9802658072191176
2002-05-20,0.88,0.12,0.0,0.0,-8.900190718371447e-05,0.9801785616927281
2002-05-21,0.88,0.12,0.0,0.0,0.00012723995334533276,0.9803032795671881
2002-05-22,0.88,0.12,0.0,0.0,-3.813155386082734e-05,0.9802658990798834
2002-05-23,0.88,0.12,0.0,0.0,0.00012714558169105495,0.9803905355578338
2002-05-24,0.88,0.12,0.0,0.0,5.080440304825906e-05,0.980440343713747
2002-05-28,0.88,0.12,0.0,0.0,2.539145154464961e-05,0.9804652385172269
2002-05-29,0.88,0.12,0.0,0.0,6.346519991537569e-05,0.9805274639395994
2002-05-30,0.88,0.12,0.0,0.0,0.0,0.9805274639395994
2002-05-31,0.05,0.0,0.95,0.0,-0.002930542340627977,0.977653986690376
2002-06-03,0.05,0.0,0.95,0.0,0.00036771821172811855,0.9780134878660506
2002-06-04,0.05,0.0,0.8243664535592687,0.12563354644073108,0.001562197717159941,0.9795413383041467
2002-06-05,0.05,0.0,0.8999999999999999,0.05,-0.0008241596511616897,0.9787340398564716
2002-06-06,0.05,0.05,0.8459084360740764,0.05409156392592359,0.001096297589719952,0.9798070236253431
2002-06-07,0.05,0.0,0.95,0.0,-0.0028805835631874354,0.9769846076179923
2002-06-10,0.05,0.0,0.823315297144967,0.12668470285503305,0.00036800309897346836,0.9773441409812451
2002-06-11,0.05,0.0,0.7207230090207731,0.2292769909792267,0.0012413829514116284,0.9785573993355212
2002-06-12,0.05,0.0,0.7207230090207731,0.2292769909792267,0.0008192640524662634,0.9793590962360716
2002-06-13,0.05,0.0,0.7207230090207731,0.2292769909792267,0.0018151237615314602,0.9811367542027216
2002-06-14,0.05,0.0,0.6622002354315372,0.2877997645684629,0.0032672784704070035,0.9843424011962533
2002-06-17,0.05,0.0,0.6622002354315372,0.2877997645684629,-0.0018080368925165395,0.9825626738200222
2002-06-18,0.05,0.0,0.6622002354315372,0.2877997645684629,0.00020013171858366809,0.9827593157765498
2002-06-19,0.05,0.0,0.6076887144657811,0.34231128553421886,0.003995363423911384,0.9866857964013116
2002-06-20,0.05,0.0,0.6076887144657811,0.34231128553421886,-0.004424310095468276,0.9823203924712381
2002-06-21,0.05,0.0,0.6076887144657811,0.34231128553421886,0.0021706738805022724,0.9844526896894602
2002-06-24,0.05,0.0,0.6076887144657811,0.34231128553421886,-0.0038719699460922886,0.9806409184616329
2002-06-25,0.05,0.0,0.6076887144657811,0.34231128553421886,0.00041707764604276363,0.9810499218675182
2002-06-26,0.05,0.0,0.5146496621400912,0.4353503378599088,0.002495099153303933,0.9834977386969187
2002-06-27,0.05,0.0,0.5146496621400912,0.4353503378599088,-0.0035785693799326845,0.9799782238039848
2002-06-28,0.05,0.0,0.38930067133520235,0.5606993286647975,-0.0013929809269754144,0.9786131328293747
2002-07-01,0.05,0.0,0.5021528298669293,0.44784717013307074,0.0006636049294770352,0.9792625453283712
2002-07-02,0.05,0.0,0.5021528298669293,0.44784717013307074,0.001770750051492146,0.9809965745309357
2002-07-03,0.05,0.0,0.41051405319672274,0.5394859468032772,-0.00033978441846967735,0.9806632471803379
2002-07-05,0.05,0.0,0.0,0.95,-0.004227587066493967,0.9765174079199723
2002-07-08,0.05,0.0,0.3342601920977985,0.6157398079022014,0.0018021436023901382,0.9782772325192778
2002-07-09,0.05,0.0,0.4382546349099507,0.5117453650900493,0.0028052872502235975,0.9810215811668481
2002-07-10,0.05,0.0,0.4382546349099507,0.5117453650900493,0.0038198640612824657,0.98476895024809
2002-07-11,0.05,0.0,0.4382546349099507,0.5117453650900493,-0.00013242694132657983,0.9846385403080953
2002-07-12,0.05,0.0,0.4382546349099507,0.5117453650900493,0.0009392686989572003,0.9855633804687934
2002-07-15,0.05,0.0,0.37389483320414213,0.576105166795858,-0.0014621404285855366,0.9841223484052766
2002-07-16,0.05,0.0,0.26834202075713565,0.6816579792428642,-0.003390849772418125,0.980785337364155
2002-07-17,0.05,0.0,0.3218169860448134,0.6281830139551865,0.0014700608923280591,0.9822271515323828
2002-07-18,0.05,0.0,0.3838601876981874,0.5661398123018127,0.0022655951472582846,0.9844524806003999
2002-07-19,0.05,0.0,0.3838601876981874,0.5661398123018127,0.0005965480895604603,0.9850397538469651
2002-07-22,0.05,0.0,0.3838601876981874,0.5661398123018127,0.0026251405902669375,0.9876256216878152
2002-07-23,0.05,0.0,0.3311307412438972,0.6188692587561027,0.00023547475696319585,0.9878581825910528
2002-07-24,0.05,0.0,0.19366727953405563,0.7563327204659444,-0.0016439069459287345,0.9862342356630989
2002-07-25,0.05,0.0,0.19366727953405563,0.7563327204659444,0.001095712363134475,0.9873148647080615
2002-07-26,0.05,0.0,0.19366727953405563,0.7563327204659444,0.0006682940813037663,0.9879746813885293
2002-07-29,0.05,0.0,0.0,0.95,-0.005896741675443567,0.9821488499105026
2002-07-30,0.05,0.0,0.0,0.95,-0.0011562587772680044,0.9810132316822099
2002-07-31,0.05,0.0,0.3092682616508988,0.6407317383491012,0.0023153355830520138,0.9832846065249686
2002-08-01,0.05,0.0,0.3092682616508988,0.6407317383491012,0.00266526561137561,0.9859053211729347
2002-08-02,0.05,0.0,0.4086740090932428,0.5413259909067573,0.004479656339393277,0.9903218381949686
2002-08-05,0.05,0.0,0.4086740090932428,0.5413259909067573,-4.7184501718745895e-05,0.9902751103524922
2002-08-06,0.05,0.0,0.2664792833341053,0.6835207166658948,-0.005142428148713009,0.9851826917500456
2002-08-07,0.05,0.0,0.32362747366174244,0.6263725263382575,0.0035937493757170476,0.9887231914334895
2002-08-08,0.05,0.0,0.32362747366174244,0.6263725263382575,-0.0034026847728804077,0.985358878085405
2002-08-09,0.05,0.0,0.32362747366174244,0.6263725263382575,0.002612479816110064,0.987933108266028
2002-08-12,0.05,0.0,0.32362747366174244,0.6263725263382575,0.00047818730716740835,0.9884055253387312
2002-08-13,0.05,0.0,0.32362747366174244,0.6263725263382575,0.00268059593145264,0.9910550411685795
2002-08-14,0.05,0.0,0.32362747366174244,0.6263725263382575,-0.0009240544396411686,0.9901392523578588
2002-08-15,0.05,0.0,0.32362747366174244,0.6263725263382575,-0.0027026395072849317,0.9874632628967229
2002-08-16,0.05,0.0,0.24058604772196754,0.7094139522780324,-0.004068237294655266,0.9834460280235046
2002-08-19,0.05,0.0,0.24058604772196754,0.7094139522780324,0.0007038895867263156,0.9841382654417378
2002-08-20,0.05,0.0,0.38809945033180504,0.5619005496681949,0.005162311392380013,0.9892186936211047
2002-08-21,0.05,0.0,0.38809945033180504,0.5619005496681949,-0.0005293917914182281,0.9886950093647843
2002-08-22,0.05,0.0,0.38809945033180504,0.5619005496681949,-0.002810511228745464,0.98591627093916
2002-08-23,0.05,0.0,0.4395050956226519,0.510494904377348,0.002234190523805141,0.9881189957289577
2002-08-26,0.05,0.0,0.4395050956226519,0.510494904377348,0.0009698296956852323,0.9890773028738863
2002-08-27,0.05,0.0,0.4395050956226519,0.510494904377348,-0.002323097943371812,0.9867795794257442
2002-08-28,0.05,0.0,0.4395050956226519,0.510494904377348,0.002032115849520319,0.9887848298490782
2002-08-29,0.05,0.0,0.4395050956226519,0.510494904377348,0.0018813398844496855,0.9906450701866121
2002-08-30,0.05,0.0,0.4395050956226519,0.510494904377348,0.0003411316492842061,0.9909830105732602
2002-09-03,0.05,0.0,0.4395050956226519,0.510494904377348,0.005167348109578811,0.9961037647595707
2002-09-04,0.05,0.0,0.4395050956226519,0.510494904377348,0.00019437313519915598,0.9962973805713108
2002-09-05,0.05,0.0,0.4395050956226519,0.510494904377348,0.001980458225016382,0.9982705059132256
2002-09-06,0.05,0.0,0.4395050956226519,0.510494904377348,-0.004844872405341136,0.9934340126860607
2002-09-09,0.05,0.0,0.4395050956226519,0.510494904377348,-0.0009806102469036655,0.9924598411135981
2002-09-10,0.05,0.0,0.4395050956226519,0.510494904377348,0.0017044053878452962,0.9941513950140121
2002-09-11,0.05,0.0,0.4395050956226519,0.510494904377348,-0.00332101479226312,0.9908498035254215
2002-09-12,0.05,0.0,0.4395050956226519,0.510494904377348,0.004093060703745916,0.9949054119195458
2002-09-13,0.05,0.0,0.4395050956226519,0.510494904377348,0.0020607989472702978,0.9969557119450632
2002-09-16,0.05,0.0,0.4952336853176681,0.45476631468233186,0.0007351557613781848,0.9976886296805384
2002-09-17,0.05,0.0,0.4952336853176681,0.45476631468233186,0.0005989515402094632,0.998286196821935
2002-09-18,0.05,0.0,0.4952336853176681,0.45476631468233186,0.00030844914704844864,0.9985941173478549
2002-09-19,0.05,0.0,0.4952336853176681,0.45476631468233186,0.0021631428372519967,1.0007542190601177
2002-09-20,0.05,0.0,0.4952336853176681,0.45476631468233186,-0.00037788261533397357,1.0003760514385127
2002-09-23,0.05,0.0,0.4952336853176681,0.45476631468233186,0.001981740340507607,1.002358537015326
2002-09-24,0.05,0.0,0.4952336853176681,0.45476631468233186,-0.0005459703138199798,1.0018112790103118
2002-09-25,0.05,0.0,0.4952336853176681,0.45476631468233186,-0.0033251103539777517,0.9984801459537429
2002-09-26,0.05,0.0,0.4952336853176681,0.45476631468233186,4.1937137097259985e-05,0.9985220193525126
2002-09-27,0.05,0.0,0.4952336853176681,0.45476631468233186,0.0028976896174465177,1.001415426240782
2002-09-30,0.05,0.0,0.4952336853176681,0.45476631468233186,0.001646841273897834,1.0030645984970334
2002-10-01,0.05,0.0,0.4952336853176681,0.45476631468233186,-0.0032465246389412096,0.999808124563563
2002-10-02,0.05,0.0,0.4952336853176681,0.45476631468233186,-4.832673289094464e-06,0.9998032928175452
2002-10-03,0.05,0.0,0.4952336853176681,0.45476631468233186,-1.4522846826819165e-05,0.9997887728274667
2002-10-04,0.05,0.0,0.4952336853176681,0.45476631468233186,-0.0014721279563281104,0.9983169558245644
2002-10-07,0.05,0.0,0.4331620666367632,0.5168379333632368,0.0003993140921385404,0.998715597853446
2002-10-08,0.05,0.0,0.37191742164813213,0.5780825783518677,-0.0027730673805838914,0.9959460922065583
2002-10-09,0.05,0.0,0.37191742164813213,0.5780825783518677,0.0008894336145061971,0.9968319201392029
2002-10-10,0.05,0.0,0.258891223910096,0.6911087760899038,-0.002977826001510266,0.9938635281282769
2002-10-11,0.05,0.0,0.258891223910096,0.6911087760899038,-0.0030696227097423766,0.9908127420719497
2002-10-14,0.05,0.0,0.258891223910096,0.6911087760899038,0.0,0.9908127420719497
2002-10-15,0.05,0.0,0.0,0.95,-0.006378184879475766,0.9844931552220745
2002-10-16,0.05,0.0,0.0,0.95,-0.0006188349153172734,0.9838839164837322
2002-10-17,0.05,0.0,0.0,0.95,-0.002388490548468125,0.981533919048421
2002-10-18,0.05,0.0,0.0,0.95,0.0,0.981533919048421
2002-10-21,0.05,0.0,0.0,0.95,-0.002660567587752166,0.9789224817171215
2002-10-22,0.05,0.0,0.0,0.95,-0.0004446732821568322,0.9784871810441993
2002-10-23,0.05,0.0,0.0,0.95,0.0005338578252318426,0.9790095540826887
2002-10-24,0.05,0.0,0.0,0.95,0.002845642609753862,0.9817954653851425
2002-10-25,0.05,0.0,0.0,0.95,0.0021278581427903952,0.9838845868607169
2002-10-28,0.05,0.0,0.0,0.95,0.0014154018064996608,0.9852771788823467
2002-10-29,0.05,0.0,0.378948590801265,0.5710514091987351,0.004416550441655021,0.9896287052418922
2002-10-30,0.05,0.0,0.378948590801265,0.5710514091987351,-0.0003961946872193921,0.9892366196065555
2002-10-31,0.05,0.0,0.5064350414846103,0.44356495851538985,0.002788250539305146,0.9919948591446739
2002-11-01,0.05,0.0,0.5064350414846103,0.44356495851538985,-0.0023769239211811296,0.9896369628342842
2002-11-04,0.05,0.0,0.5064350414846103,0.44356495851538985,-0.0014443192807769673,0.9882076110878931
2002-11-05,0.05,0.0,0.5638153046350213,0.38618469536497874,-0.00012873379984951582,0.9880803953670775
2002-11-06,0.05,0.0,0.5638153046350213,0.38618469536497874,0.002748556944746278,0.9907961905997313
2002-11-07,0.05,0.0,0.6217781662629712,0.3282218337370288,0.004707617503389211,0.9954604800888899
2002-11-08,0.05,0.0,0.6217781662629712,0.3282218337370288,0.0005616246899775123,0.9960195552724047
2002-11-11,0.05,0.0,0.6217781662629712,0.3282218337370288,0.0,0.9960195552724047
2002-11-12,0.05,0.0,0.6217781662629712,0.3282218337370288,-5.462641502506736e-05,0.9959651462948053
2002-11-13,0.05,0.0,0.6217781662629712,0.3282218337370288,0.0007416986023835961,0.9967038522518349
2002-11-14,0.05,0.0,0.6217781662629712,0.3282218337370288,-0.00425437371108278,0.9924635015850798
2002-11-15,0.05,0.0,0.6217781662629712,0.3282218337370288,4.636268634043738e-05,0.9925095148591082
2002-11-18,0.05,0.0,0.6217781662629712,0.3282218337370288,0.002007870286723429,0.9945023452232841
2002-11-19,0.05,0.0,0.6217781662629712,0.3282218337370288,0.0011820288819726099,0.9956778757185275
2002-11-20,0.05,0.08556168639808624,0.5904570859518944,0.27398122765001937,-0.0027086829321155675,0.9929809000506836
2002-11-21,0.05,0.12,0.6535916778398645,0.17640832216013552,-0.00039096501907538017,0.9925926792541537
2002-11-22,0.05,0.12,0.7126268319894131,0.11737316801058686,-0.0007195778780840237,0.9918784315202143
2002-11-25,0.05,0.12,0.7126268319894131,0.11737316801058686,0.00014668845965477482,0.9920239286394988
2002-11-26,0.05,0.12,0.7126268319894131,0.11737316801058686,0.0033295020830572727,0.9953268743763467
2002-11-27,0.05,0.12,0.7799999999999999,0.05,-0.005209436688826185,0.9901417820395958
2002-11-29,0.05,0.12,0.7799999999999999,0.05,0.0013043735953887836,0.9914332968357795
2002-12-02,0.05,0.12,0.7799999999999999,0.05,0.002570879525203651,0.9939821523992198
2002-12-03,0.05,0.12,0.7799999999999999,0.05,-0.0007530430518641228,0.9932336410456787
2002-12-04,0.05,0.12,0.7799999999999999,0.05,0.001308740164669113,0.9945335258046157
2002-12-05,0.05,0.12,0.7279244843423919,0.102075515657608,0.0018032863107077656,0.9963269544972392
2002-12-06,0.05,0.12,0.7279244843423919,0.102075515657608,0.0013598672817279058,0.9976818269245635
2002-12-09,0.05,0.12,0.7279244843423919,0.102075515657608,0.0010504691590826347,0.998729860914325
2002-12-10,0.05,0.12,0.7279244843423919,0.102075515657608,-0.000301190039151376,0.9984290534284146
2002-12-11,0.05,0.12,0.7279244843423919,0.102075515657608,0.0018384145776744686,1.0002645799550112
2002-12-12,0.05,0.12,0.7279244843423919,0.102075515657608,0.00036638448733752665,1.00063106138034
2002-12-13,0.05,0.12,0.7279244843423919,0.102075515657608,-0.0013780931422104012,0.999252098576769
2002-12-16,0.05,0.12,0.7799999999999998,0.05,-0.0012041289504596418,0.9980488701960651
2002-12-17,0.05,0.12,0.7799999999999998,0.05,0.002147907056504212,1.0001925864070953
2002-12-18,0.05,0.12,0.7799999999999998,0.05,0.0028070303881469,1.0030001573911393
2002-12-19,0.05,0.12,0.7072920431362237,0.12270795686377613,0.0034015725389440394,1.0064119351830776
2002-12-20,0.05,0.12,0.7072920431362237,0.12270795686377613,-7.049163067028295e-05,1.0063409915646404
2002-12-23,0.05,0.12,0.7072920431362237,0.12270795686377613,-0.0007393585864818905,1.0055969447115984
2002-12-24,0.05,0.12,0.7072920431362237,0.12270795686377613,0.0014358365209286503,1.0070408175301495
2002-12-26,0.05,0.12,0.7072920431362237,0.12270795686377613,0.0005556873752146883,1.0076004173987767
2002-12-27,0.05,0.12,0.7072920431362237,0.12270795686377613,0.003392466511326122,1.0110186680716002
2002-12-30,0.05,0.12,0.7072920431362237,0.12270795686377613,0.001047985249176207,1.0120782007223812
2002-12-31,0.05,0.12,0.7072920431362237,0.12270795686377613,0.0014239279355220237,1.0135193271453227
2003-01-02,0.05,0.12,0.7799999999999998,0.05,-0.006657368572649003,1.006771955429013
2003-01-03,0.05,0.12,0.7799999999999998,0.05,0.0005114035478387623,1.0072868221788842
2003-01-06,0.05,0.12,0.7799999999999998,0.05,-0.00014487878903677524,1.007140887683874
2003-01-07,0.05,0.12,0.7799999999999998,0.05,0.003234202538176984,1.0103981852991233
2003-01-08,0.05,0.12,0.7799999999999998,0.05,0.00234412803757219,1.012766688014395
2003-01-09,0.05,0.12,0.83,0.0,-0.005299198068854143,1.0073998367370693
2003-01-10,0.05,0.12,0.83,0.0,0.0016629646077713067,1.0090751070114377
2003-01-13,0.05,0.12,0.83,0.0,0.001767724793242591,1.0108588740963458
2003-01-14,0.05,0.12,0.7799999999999999,0.05,0.0017717313470234886,1.0126498444509993
2003-01-15,0.05,0.12,0.7799999999999999,0.05,-0.00016583324696519907,1.012481913439255
2003-01-16,0.05,0.12,0.7799999999999999,0.05,-0.0008688870842834949,1.0116021809815972
2003-01-17,0.05,0.12,0.7799999999999999,0.05,0.0013155242145397872,1.0129329681461596
2003-01-21,0.05,0.12,0.7799999999999999,0.05,0.0010151458156017856,1.0139612428102582
2003-01-22,0.05,0.12,0.7799999999999999,0.05,0.0014946068409771994,1.015476716220248
2003-01-23,0.05,0.12,0.7799999999999999,0.05,-0.0006014546144051947,1.0148659530634563
2003-01-24,0.05,0.12,0.7799999999999999,0.05,0.0012818939457976894,1.0161669035844845
2003-01-27,0.05,0.12,0.7799999999999999,0.05,-0.0025493899985371766,1.0135762978436418
2003-01-28,0.05,0.12,0.8300000000000001,0.0,-0.0002579323942811395,1.0133148636823524
2003-01-29,0.05,0.12,0.8300000000000001,0.0,-0.0022985833340155963,1.0109856750245818
2003-01-30,0.05,0.12,0.8300000000000001,0.0,0.0020991356733715727,1.0131078711202934
2003-01-31,0.05,0.12,0.78,0.05,-0.000350479475455422,1.0127527976050434
2003-02-03,0.05,0.12,0.78,0.05,-0.00042535388784325503,1.012322019265158
2003-02-04,0.05,0.12,0.78,0.05,0.0021005333542310424,1.014448435431847
2003-02-05,0.05,0.12,0.8300000000000001,0.0,-0.0021153009237866983,1.0123025717192442
2003-02-06,0.05,0.12,0.78,0.05,0.0020244960129979605,1.0143519742396374
2003-02-07,0.05,0.12,0.78,0.05,0.0013032078177050435,1.015673885662371
2003-02-10,0.05,0.12,0.78,0.05,-0.0021656594245066355,1.0134742819396612
2003-02-11,0.05,0.12,0.78,0.05,0.0012884856674267888,1.0147801290262461
2003-02-12,0.05,0.12,0.78,0.05,0.0012769075233461447,1.0160759094075418
2003-02-13,0.05,0.12,0.78,0.05,0.001408555574460826,1.017507108793813
2003-02-14,0.05,0.12,0.78,0.05,-0.0028071793621461828,1.0146507838371701
2003-02-18,0.05,0.12,0.78,0.05,-3.091553171018061e-05,1.0146194153686876
2003-02-19,0.05,0.12,0.78,0.05,0.0029661700682023654,1.0176289491091712
2003-02-20,0.05,0.12,0.7204956216650984,0.10950437833490163,0.0016145604210536014,1.0192719725337211
2003-02-21,0.05,0.12,0.7204956216650984,0.10950437833490163,-0.0011785115815958198,1.0180707487092941
2003-02-24,0.05,0.12,0.7204956216650984,0.10950437833490163,0.001548471356592218,1.019647202102655
2003-02-25,0.05,0.12,0.7204956216650984,0.10950437833490163,0.0009493227518075721,1.020615176390428
2003-02-26,0.05,0.12,0.7204956216650984,0.10950437833490163,0.0010221308684684712,1.0216583786670441
2003-02-27,0.05,0.12,0.7204956216650984,0.10950437833490163,0.0006735355354784394,1.0223465018901956
2003-02-28,0.05,0.12,0.7204956216650984,0.10950437833490163,0.003028841700347864,1.0254430276073254
2003-03-03,0.05,0.12,0.7204956216650984,0.10950437833490163,0.001624358793906488,1.0271087150068694
2003-03-04,0.05,0.12,0.7204956216650984,0.10950437833490163,0.000627551430826289,1.027753278550586
2003-03-05,0.05,0.12,0.7204956216650984,0.10950437833490163,0.0006202227672229008,1.028390714533031
2003-03-06,0.05,0.12,0.7204956216650984,0.10950437833490163,-0.0010257275730475538,1.0273358658212686
2003-03-07,0.05,0.12,0.7204956216650984,0.10950437833490163,0.0007066832384570326,1.0280618668579102
2003-03-10,0.05,0.12,0.7204956216650984,0.10950437833490163,0.0015585398102214113,1.0296641422047788
2003-03-11,0.05,0.12,0.7204956216650984,0.10950437833490163,-0.001208528030405795,1.0284197642270205
2003-03-12,0.05,0.12,0.7204956216650984,0.10950437833490163,-0.0013470559761774884,1.0270344252375996
2003-03-13,0.05,0.12,0.7794428174454573,0.05055718255454245,-0.004491705236663595,1.022421289331526
2003-03-14,0.05,0.12,0.7794428174454573,0.05055718255454245,0.0011343237740828003,1.0235810461071433
2003-03-17,0.05,0.12,0.7794428174454573,0.05055718255454245,-0.003440831284743927,1.020059076421227
2003-03-18,0.05,0.12,0.83,0.0,-0.002322004893518824,1.0176904942540985
2003-03-19,0.05,0.12,0.83,0.0,-0.0021556122401400835,1.0154967481680102
2003-03-20,0.05,0.12,0.83,0.0,-0.000785875270710008,1.0146986943861385
2003-03-21,0.05,0.12,0.83,0.0,-0.002141235820496645,1.0125259851947077
2003-03-24,0.05,0.12,0.83,0.0,0.004420145461781777,1.0170014973331023
2003-03-25,0.05,0.12,0.83,0.0,0.0003946079149229509,1.0174028141734384
2003-03-26,0.05,0.12,0.83,0.0,0.0018387329864598455,1.019273546288376
2003-03-27,0.05,0.12,0.83,0.0,0.0013373115850408412,1.020636632610153
2003-03-28,0.05,0.12,0.83,0.0,0.002225715269587973,1.0229082791480542
2003-03-31,0.05,0.12,0.83,0.0,0.002194651793689557,1.0251532066376663
2003-04-01,0.05,0.12,0.83,0.0,0.0005379516971449472,1.0257046895450106
2003-04-02,0.05,0.12,0.83,0.0,-0.002379356352311914,1.0232641725763456
2003-04-03,0.05,0.12,0.83,0.0,0.002199750524509083,1.0255150984766817
2003-04-04,0.05,0.12,0.83,0.0,-0.0009048305704120862,1.0245871810651608
2003-04-07,0.05,0.12,0.83,0.0,-0.0020472639006063587,1.022489580716342
2003-04-08,0.05,0.12,0.83,0.0,0.0024246553556103363,1.0249687655542818
2003-04-09,0.05,0.12,0.7799999999999999,0.05,0.0012004009932362614,1.0261991390784893
2003-04-10,0.05,0.12,0.7799999999999999,0.05,-0.001401446662702457,1.0247609757197595
2003-04-11,0.05,0.12,0.7799999999999999,0.05,-0.0013610530792933651,1.0233662216382164
2003-04-14,0.05,0.12,0.7799999999999999,0.05,-0.0012525393888852055,1.02208441513636
2003-04-15,0.05,0.12,0.7799999999999999,0.05,0.0023471041471349306,1.0244833537058486
2003-04-16,0.05,0.12,0.7799999999999999,0.05,0.002025603539319107,1.0265585508130888
2003-04-17,0.05,0.12,0.8300000000000001,0.0,-0.00028962568710781065,1.0262612330874532
2003-04-21,0.05,0.12,0.8300000000000001,0.0,4.379711395399164e-05,1.0263061803676252
2003-04-22,0.05,0.12,0.8300000000000001,0.0,0.0010169021022158043,1.027349833279958
2003-04-23,0.05,0.12,0.8300000000000001,0.0,0.0012105372768050438,1.0285934785494628
2003-04-24,0.05,0.12,0.8300000000000001,0.0,0.0041412593143427935,1.032853150873178
2003-04-25,0.05,0.12,0.8300000000000001,0.0,0.0016103435927330792,1.0345163993269206
2003-04-28,0.05,0.12,0.8300000000000001,0.0,-0.00031283333435767283,1.0341927681122713
2003-04-29,0.05,0.12,0.8300000000000001,0.0,-0.00041062437686109073,1.0337681033513109
2003-04-30,0.05,0.12,0.78,0.05,0.004778239832897146,1.0387076952807226
2003-05-01,0.05,0.12,0.78,0.05,0.0008624854500880663,1.0396035655547966
2003-05-02,0.05,0.12,0.8300000000000001,0.0,-0.0013092174517742928,1.0382424984238454
2003-05-05,0.05,0.12,0.8300000000000001,0.0,0.001462228493496123,1.0397606461881994
2003-05-06,0.05,0.12,0.78,0.05,0.003906340515097222,1.043822305326408
2003-05-07,0.05,0.12,0.78,0.05,0.0035887069250384253,1.0475682776620425
2003-05-08,0.05,0.12,0.78,0.05,0.00024181917620702767,1.0478215997599674
2003-05-09,0.05,0.12,0.78,0.05,-0.00012635764870372435,1.0476891994863606
2003-05-12,0.05,0.12,0.78,0.05,0.0010733135439074527,1.0488136984939749
2003-05-13,0.05,0.12,0.78,0.05,1.63552753816254e-05,1.0488308521308378
2003-05-14,0.05,0.12,0.78,0.05,0.0019870091124566504,1.0509148885914477
2003-05-15,0.05,0.12,0.78,0.05,-0.001877505060937058,1.048941790569503
2003-05-16,0.05,0.12,0.78,0.05,0.002948217688887036,1.052034299311073
2003-05-19,0.05,0.12,0.78,0.05,0.0005657887576824062,1.0526295284903195
2003-05-20,0.05,0.12,0.78,0.05,0.0020882465838087927,1.0548276785072057
2003-05-21,0.05,0.12,0.78,0.05,-0.0026041923761626587,1.052080704308672
2003-05-22,0.05,0.12,0.78,0.05,0.0019350507767227577,1.0541165338927196
2003-05-23,0.05,0.12,0.78,0.05,7.99091575955091e-05,1.0542007674569507
2003-05-27,0.05,0.12,0.78,0.05,-0.0011598921212384384,1.052978008292574
2003-05-28,0.05,0.12,0.78,0.05,-0.00029628101767515736,1.0526660308966873
2003-05-29,0.05,0.12,0.78,0.05,0.0032470982913801816,1.0560841409670059
2003-05-30,0.05,0.12,0.78,0.05,-0.0002621577232257555,1.0558072803530751
2003-06-02,0.05,0.12,0.78,0.05,-0.002293166798670783,1.0533861381519747
2003-06-03,0.05,0.12,0.78,0.05,0.003521642902736648,1.0570957879692389
2003-06-04,0.05,0.12,0.78,0.05,0.0018195040888399404,1.0590191780777445
2003-06-05,0.05,0.12,0.78,0.05,-0.0010053027521152802,1.05795454318348
2003-06-06,0.05,0.12,0.78,0.05,-0.00036796281329530946,1.0575652552534316
2003-06-09,0.05,0.12,0.78,0.05,0.0033146011074141083,1.0610706622196573
2003-06-10,0.05,0.12,0.78,0.05,0.003403294383340463,1.0646817980447167
2003-06-11,0.05,0.12,0.78,0.05,-0.00015097879934988903,1.0645210536651584
2003-06-12,0.05,0.12,0.78,0.05,0.0013668335704388524,1.0659760767777469
2003-06-13,0.05,0.12,0.78,0.05,0.002438980512234019,1.0685759716555154
2003-06-16,0.05,0.12,0.78,0.05,-0.002293811419048695,1.066124859889611
2003-06-17,0.05,0.12,0.78,0.05,-0.002526352249119255,1.0634314529519868
2003-06-18,0.05,0.12,0.78,0.05,-0.0023655639888800184,1.0609158378022412
2003-06-19,0.05,0.12,0.78,0.05,0.001338212068145128,1.0623355681796744
2003-06-20,0.05,0.12,0.78,0.05,-0.002097393940102192,1.0601074319966193
2003-06-23,0.05,0.12,0.78,0.05,0.002248277408673494,1.062490847586744
2003-06-24,0.05,0.12,0.78,0.05,0.0013091773755591252,1.0638818365661433
2003-06-25,0.05,0.12,0.78,0.05,-0.0035815730681987767,1.0600714660325523
2003-06-26,0.05,0.12,0.78,0.05,-0.005852474661465255,1.0538674246382544
2003-06-27,0.05,0.12,0.78,0.05,-0.0005354193848334754,1.0533031635900585
2003-06-30,0.05,0.12,0.78,0.05,0.0010301122513408812,1.0543881840832487
2003-07-01,0.05,0.12,0.78,0.05,-0.001151756268809603,1.0531737858824721
2003-07-02,0.05,0.12,0.78,0.05,0.0009305669286263441,1.0541538345777106
2003-07-03,0.05,0.12,0.78,0.05,-0.002853462739385257,1.051145845889163
2003-07-07,0.05,0.12,0.78,0.05,-0.0018302754654950283,1.0492219594367749
2003-07-08,0.05,0.12,0.8300000000000001,0.0,-0.0005640072766932892,1.048630190616786
2003-07-09,0.05,0.12,0.8300000000000001,0.0,0.0008296977706752064,1.0495002367482036
2003-07-10,0.05,0.12,0.8300000000000001,0.0,0.0012768653690187117,1.0508403072552843
2003-07-11,0.05,0.12,0.8300000000000001,0.0,0.001614474250746474,1.0525368618729944
2003-07-14,0.05,0.12,0.8300000000000001,0.0,-0.002327175935474224,1.050087423416844
2003-07-15,0.05,0.12,0.8300000000000001,0.0,-0.006486167751352798,1.0432763802349765
2003-07-16,0.05,0.12,0.8300000000000001,0.0,-0.0015816156797007833,1.0416263179537353
2003-07-17,0.05,0.12,0.8300000000000001,0.0,-0.0003482124097387685,1.0412636107435131
2003-07-18,0.05,0.12,0.8300000000000001,0.0,-0.0007257157947101268,1.0405079492947396
2003-07-21,0.05,0.12,0.8300000000000001,0.0,-0.006542635255776859,1.0337002853017678
2003-07-22,0.05,0.12,0.8300000000000001,0.0,0.0010734988328521778,1.0348099613515582
2003-07-23,0.05,0.12,0.8300000000000001,0.0,0.0017777816313890573,1.0366496274928274
2003-07-24,0.05,0.12,0.8300000000000001,0.0,-0.0015575522280932008,1.035034991555774
2003-07-25,0.05,0.12,0.8300000000000001,0.0,-0.00032118763414466404,1.0347025511155792
2003-07-28,0.05,0.12,0.8300000000000001,0.0,-0.004209006655048973,1.0303474811919375
2003-07-29,0.88,0.12,0.0,0.0,-0.00426256734359302,1.0259555556660556
2003-07-30,0.88,0.12,0.0,0.0,-0.0006210937499999947,1.0253183410826536
2003-07-31,0.88,0.12,0.0,0.0,-0.0005418670855011331,1.0247627548214604
2003-08-01,0.88,0.12,0.0,0.0,-0.000591657627452915,1.0241564461212407
2003-08-04,0.88,0.12,0.0,0.0,3.567535427609236e-05,1.02419298326529
2003-08-05,0.88,0.12,0.0,0.0,-0.0004279770160491436,1.0237546522084537
2003-08-06,0.88,0.12,0.0,0.0,-0.0005249552594949281,1.0232172268193445
2003-08-07,0.88,0.12,0.0,0.0,-0.00014379868184542397,1.0230700895308862
2003-08-08,0.88,0.12,0.0,0.0,4.79904019196109e-05,1.0231191870756748
2003-08-11,0.88,0.12,0.0,0.0,-0.00010793523885668676,1.023008756461839
2003-08-12,0.88,0.12,0.0,0.0,-3.601080324097783e-05,1.0229719170947964
2003-08-13,0.88,0.12,0.0,0.0,-0.0003241945167100235,1.022640275208526
2003-08-14,0.88,0.12,0.0,0.0,-0.00048158924450687475,1.022147782650986
2003-08-15,0.88,0.12,0.0,0.0,1.2088244182546502e-05,1.0221601386229733
2003-08-18,0.88,0.12,0.0,0.0,0.0002538275584206229,1.0224195910352747
2003-08-19,0.88,0.12,0.0,0.0,0.0007598753643582423,1.0231965024945398
2003-08-20,0.88,0.12,0.0,0.0,0.0005633240111865855,1.0237728936525572
2003-08-21,0.88,0.12,0.0,0.0,0.00035788845809721966,1.0241392901549082
2003-08-22,0.88,0.12,0.0,0.0,0.0001903062741599726,1.0243341902874383
2003-08-25,0.88,0.12,0.0,0.0,0.00014250371103413428,1.0244801617108934
2003-08-26,0.88,0.12,0.0,0.0,9.488978946328608e-05,1.0245773744177473
2003-08-27,0.88,0.12,0.0,0.0,0.00017777777777779668,1.0247595215065328
2003-08-28,0.88,0.12,0.0,0.0,0.00034319526627217377,1.0251112141233814
2003-08-29,0.88,0.12,0.0,0.0,0.00023601140721802414,1.0253531520635815
2003-09-02,0.88,0.12,0.0,0.0,0.0006242025714005184,1.0259931801376931
2003-09-03,0.88,0.12,0.0,0.0,0.00022261277094317577,1.0262215793224925
2003-09-04,0.88,0.12,0.0,0.0,5.847383295975561e-05,1.0262815864317014
2003-09-05,0.88,0.12,0.0,0.0,0.00010520163646991598,1.026389552934073
2003-09-08,0.88,0.12,0.0,0.0,0.00010510948905110061,1.0264974362155492
2003-09-09,0.88,0.12,0.0,0.0,0.00016336056009335742,1.0266651254116637
2003-09-10,0.88,0.12,0.0,0.0,0.00012818022917072014,1.0267967235827207
2003-09-11,0.88,0.12,0.0,0.0,-4.656125715394754e-05,1.026748914636429
2003-09-12,0.88,0.12,0.0,0.0,1.1644832605544052e-05,1.026760870955668
2003-09-15,0.88,0.12,0.0,0.0,1.1643702697456958e-05,1.0267728262539906
2003-09-16,0.88,0.12,0.0,0.0,-1.1642573008621148e-05,1.0267608719763976
2003-09-17,0.88,0.12,0.0,0.0,0.00027944886473899364,1.02704779913643
2003-09-18,0.88,0.12,0.0,0.0,0.0002555663117134621,1.0273102779544085
2003-09-19,0.88,0.12,0.0,0.0,6.955177743430241e-05,1.0273817292102168
2003-09-22,0.88,0.12,0.0,0.0,-0.00016219347364355483,1.0272150945987983
2003-09-23,0.05,0.12,0.83,0.0,-0.0001276102088167086,1.0270840114660769
2003-09-24,0.05,0.12,0.83,0.0,0.0025046838423537967,1.0296565321943358
2003-09-25,0.05,0.12,0.83,0.0,0.0009594068350762442,1.030644391709104
2003-09-26,0.05,0.12,0.83,0.0,0.003051609973892735,1.03378951641438
2003-09-29,0.05,0.12,0.83,0.0,-0.0014217067362678438,1.0323197708950105
2003-09-30,0.05,0.12,0.83,0.0,0.004650718252381376,1.037120799295806
2003-10-01,0.05,0.12,0.83,0.0,0.00020285395635341705,1.0373311833531595
2003-10-02,0.05,0.12,0.83,0.0,-0.0023444627653157655,1.034899199018487
2003-10-03,0.05,0.12,0.83,0.0,-0.006965461968923345,1.0276906480060546
2003-10-06,0.05,0.12,0.83,0.0,0.002071314488910283,1.029819318535387
2003-10-07,0.05,0.12,0.83,0.0,-0.00295135094220598,1.0267799603193257
2003-10-08,0.05,0.12,0.83,0.0,0.0006085716487304028,1.0274048294926605
2003-10-09,0.05,0.12,0.83,0.0,-0.0013464555823916413,1.026021474524614
2003-10-10,0.05,0.12,0.83,0.0,0.002050185834387068,1.0281250092174612
2003-10-13,0.05,0.12,0.83,0.0,0.0,1.0281250092174612
2003-10-14,0.05,0.12,0.83,0.0,-0.003142343733452736,1.0248942870375406
2003-10-15,0.88,0.12,0.0,0.0,-0.0013898220958116357,1.0234698663115447
2003-10-16,0.88,0.12,0.0,0.0,8.04289544235992e-05,1.0235521829227763
2003-10-17,0.88,0.12,0.0,0.0,8.037508372404467e-05,1.0236344510151745
2003-10-20,0.88,0.12,0.0,0.0,1.1474469305809975e-05,1.023646196677263
2003-10-21,0.88,0.12,0.0,0.0,2.2946744430623055e-05,1.0236696860249255
2003-10-22,0.05,0.12,0.83,0.0,-0.000137654143963295,1.0235287736505945
2003-10-23,0.88,0.12,0.0,0.0,-0.0016408448639851714,1.0218493217192088
2003-10-24,0.05,0.12,0.83,0.0,1.1509687320154782e-05,1.02186108288539
2003-10-27,0.88,0.12,0.0,0.0,-0.0019025312591066886,1.019916960232736
2003-10-28,0.05,0.12,0.8300000000000001,0.0,0.0001265094882116191,1.0200459894053935
2003-10-29,0.88,0.12,0.0,0.0,-0.002988707270037682,1.0169973705410849
2003-10-30,0.88,0.12,0.0,0.0,4.593301435407149e-05,1.0170440842959039
2003-10-31,0.88,0.12,0.0,0.0,0.0006887315859957876,1.0177445546811086
2003-11-03,0.88,0.12,0.0,0.0,3.424006087121789e-05,1.0177794023166122
2003-11-04,0.88,0.12,0.0,0.0,9.128078349339929e-05,1.0178723060178791
2003-11-05,0.88,0.12,0.0,0.0,-1.1401425178156898e-05,1.0178607008229412
2003-11-06,0.88,0.12,0.0,0.0,-1.140250855186764e-05,1.0178490946575953
2003-11-07,0.88,0.12,0.0,0.0,-4.561436852609457e-05,1.0178026661138877
2003-11-10,0.88,0.12,0.0,0.0,0.0,1.0178026661138877
2003-11-11,0.88,0.12,0.0,0.0,0.0,1.0178026661138877
2003-11-12,0.88,0.12,0.0,0.0,-4.56317140412521e-05,1.017756222033677
2003-11-13,0.88,0.12,0.0,0.0,0.00017118402282452648,1.0179304456380194
2003-11-14,0.05,0.12,0.8300000000000001,0.0,0.00011396011396011652,1.0180464491076078
2003-11-17,0.05,0.12,0.8300000000000001,0.0,0.0016938402146174903,1.0197708571234547
2003-11-18,0.05,0.12,0.8300000000000001,0.0,0.0004150034079576992,1.020194065504497
2003-11-19,0.88,0.12,0.0,0.0,-0.0026001266549252468,1.017541431721582
2003-11-20,0.05,0.12,0.8300000000000001,0.0,3.4123222748814184e-05,1.0175761535145127
2003-11-21,0.88,0.12,0.0,0.0,0.00014438082001818844,1.017723071993988
2003-11-24,0.88,0.12,0.0,0.0,1.1364712567472069e-05,1.0177346381241745
2003-11-25,0.88,0.12,0.0,0.0,7.954545454546213e-05,1.0178155942885707
2003-11-26,0.88,0.12,0.0,0.0,5.6780543200520834e-05,1.0178733864108924
2003-11-28,0.88,0.12,0.0,0.0,-3.405221339387143e-05,1.0178387255691304
2003-12-01,0.88,0.12,0.0,0.0,-0.00015895543570819902,1.0176769345710268
2003-12-02,0.88,0.12,0.0,0.0,0.00021601136901940876,1.017896764358883
2003-12-03,0.88,0.12,0.0,0.0,0.0002610175903158751,1.0181624533195064
2003-12-04,0.88,0.12,0.0,0.0,0.00026045107105786335,1.0184276348209842
2003-12-05,0.88,0.12,0.0,0.0,0.0002259887005649741,1.0186577879587968
2003-12-08,0.88,0.12,0.0,0.0,0.00012406015037594642,1.0187841627971528
2003-12-09,0.88,0.12,0.0,0.0,5.633273870996547e-05,1.0188415536991975
2003-12-10,0.88,0.12,0.0,0.0,6.756756756757021e-05,1.0189103943447178
2003-12-11,0.88,0.12,0.0,0.0,-6.752954417557522e-05,1.018841587790232
2003-12-12,0.88,0.12,0.0,0.0,1.126126126125726e-05,1.0188530612315359
2003-12-15,0.88,0.12,0.0,0.0,5.6301022801932273e-05,1.018910423700968
2003-12-16,0.88,0.12,0.0,0.0,0.0,1.018910423700968
2003-12-17,0.88,0.12,0.0,0.0,4.501969611703238e-05,1.0189562947386135
2003-12-18,0.88,0.12,0.0,0.0,9.000562535157463e-05,1.0190480065371275
2003-12-19,0.88,0.12,0.0,0.0,0.00014614952220349584,1.0191969399163854
2003-12-22,0.88,0.12,0.0,0.0,1.1228595489836124e-05,1.0192083840665482
2003-12-23,0.88,0.12,0.0,0.0,1.1227544910186181e-05,1.0192198272744533
2003-12-24,0.88,0.12,0.0,0.0,2.245298905417137e-05,1.019242711806079
2003-12-26,0.88,0.12,0.0,0.0,1.122439435039979e-05,1.019254152188215
2003-12-29,0.88,0.12,0.0,0.0,2.244668911336234e-05,1.0192770310692967
2003-12-30,0.88,0.12,0.0,0.0,0.0,1.0192770310692967
2003-12-31,0.88,0.12,0.0,0.0,8.976996446604879e-05,1.0193685315321568
2004-01-02,0.88,0.12,0.0,0.0,-5.606428704914456e-05,1.0193113813621961
2004-01-05,0.88,0.12,0.0,0.0,0.0003253248574366818,1.0196429886920213
2004-01-06,0.88,0.12,0.0,0.0,0.00040275964944992633,1.0200536597447112
2004-01-07,0.88,0.12,0.0,0.0,0.0003122096264634866,1.0203721303167927
2004-01-08,0.88,0.12,0.0,0.0,0.00018906394810008109,1.0205650459002817
2004-01-09,0.05,0.12,0.83,0.0,0.0002220782825946088,1.0207916912329513
2004-01-12,0.05,0.12,0.83,0.0,0.00030475287215069757,1.0211027804327222
2004-01-13,0.05,0.12,0.83,0.0,0.002012564725060302,1.0231578158692822
2004-01-14,0.05,0.12,0.83,0.0,0.0006927628515648875,1.0238666215954049
2004-01-15,0.05,0.12,0.83,0.0,-5.136065340641481e-05,1.0238140351367186
2004-01-16,0.05,0.12,0.83,0.0,-0.001434157875591101,1.0223457241750866
2004-01-20,0.05,0.12,0.83,0.0,-0.0010364673977879023,1.0212860961627113
2004-01-21,0.05,0.12,0.83,0.0,0.0007383069536036512,1.0220401187891268
2004-01-22,0.05,0.12,0.83,0.0,0.0024777607932468214,1.024572489724588
2004-01-23,0.05,0.12,0.83,0.0,-0.0032973396771181526,1.0211941262021353
2004-01-26,0.05,0.12,0.83,0.0,-0.002426681665447622,1.018716013139218
2004-01-27,0.05,0.12,0.83,0.0,0.0016682723724180226,1.020415508919278
2004-01-28,0.05,0.12,0.83,0.0,-0.004780864214146209,1.015537040929126
2004-01-29,0.05,0.12,0.83,0.0,-0.000900510436323858,1.0146225392252959
2004-01-30,0.05,0.12,0.83,0.0,0.0013434946720726159,1.0159856792009097
2004-02-02,0.05,0.12,0.83,0.0,-0.001583471137708009,1.0143768952015704
2004-02-03,0.05,0.12,0.83,0.0,0.0015604838970485035,1.0159598140120705
2004-02-04,0.05,0.12,0.83,0.0,-0.0010269165150294235,1.0149165081004552
2004-02-05,0.05,0.12,0.83,0.0,-0.0026537959218335904,1.0122231268102566
2004-02-06,0.05,0.12,0.83,0.0,0.003115435604896326,1.0153766427796207
2004-02-09,0.05,0.12,0.83,0.0,0.0013038893517071837,1.0167005815721133
2004-02-10,0.05,0.12,0.83,0.0,-0.0015075166060966037,1.0151678885619653
2004-02-11,0.05,0.12,0.83,0.0,0.003330090445263105,1.0185484894480035
2004-02-12,0.05,0.12,0.83,0.0,-0.0009571715611143172,1.0175735638002879
2004-02-13,0.05,0.12,0.83,0.0,0.0014531031546416173,1.019052203155926
2004-02-17,0.05,0.12,0.83,0.0,-0.0004097149698158475,1.018634682213269
2004-02-18,0.05,0.12,0.83,0.0,-0.0002610075674348644,1.0183688108527598
2004-02-19,0.05,0.12,0.83,0.0,-6.461328479849926e-05,1.0183030106987543
2004-02-20,0.05,0.12,0.83,0.0,-0.0020835517176596543,1.016181323711715
2004-02-23,0.05,0.12,0.83,0.0,0.0016360084832138311,1.017843804977791
2004-02-24,0.05,0.12,0.83,0.0,0.00012376638273250862,1.0179697798237197
2004-02-25,0.05,0.12,0.7799999999999999,0.05,0.0005785957229714444,1.0185587727844398
2004-02-26,0.05,0.12,0.7799999999999999,0.05,-0.0007587322031576636,1.0177859594427194
2004-02-27,0.05,0.12,0.7799999999999999,0.05,0.0019704891106894435,1.019791495592814
2004-03-01,0.05,0.12,0.7799999999999999,0.05,-0.0008422591224096053,1.0189325669026952
2004-03-02,0.05,0.12,0.83,0.0,-0.00202243320784115,1.0168718438428404
2004-03-03,0.05,0.12,0.83,0.0,-0.0006748834156582362,1.016185573899581
2004-03-04,0.05,0.12,0.83,0.0,0.0011962576455223717,1.017401193661628
2004-03-05,0.05,0.12,0.7596962457399771,0.07030375426002287,0.0073534338836167,1.0248825860723316
2004-03-08,0.05,0.12,0.7596962457399771,0.07030375426002287,0.0021542449760032327,1.0270904342343712
2004-03-09,0.05,0.12,0.7596962457399771,0.07030375426002287,0.0016500050106751818,1.0287851385972744
2004-03-10,0.05,0.12,0.7596962457399771,0.07030375426002287,-0.0008762659298309503,1.0278836492312051
2004-03-11,0.05,0.12,0.7596962457399771,0.07030375426002287,-0.0006545309977788029,1.0272108675206733
2004-03-12,0.05,0.12,0.7596962457399771,0.07030375426002287,-0.0005962108745267441,1.0265984332310254
2004-03-15,0.05,0.12,0.7596962457399771,0.07030375426002287,-0.0007592056870132897,1.0258190338622375
2004-03-16,0.05,0.12,0.7596962457399771,0.07030375426002287,0.0025363767739075937,1.028420897433958
2004-03-17,0.05,0.12,0.7596962457399771,0.07030375426002287,-1.0209735088008133e-05,1.0284103975290362
2004-03-18,0.05,0.12,0.7596962457399771,0.07030375426002287,-0.002293450581606535,1.026051789104693
2004-03-19,0.05,0.12,0.7596962457399771,0.07030375426002287,-0.0011228000709651968,1.0248997380830722
2004-03-22,0.05,0.12,0.7596962457399771,0.07030375426002287,0.0018300708668339796,1.0267753772351638
2004-03-23,0.05,0.12,0.7596962457399771,0.07030375426002287,0.0002851872243889987,1.0270682004550684
2004-03-24,0.05,0.12,0.7596962457399771,0.07030375426002287,-0.00033991283984195905,1.0267190867863405
2004-03-25,0.05,0.12,0.7596962457399771,0.07030375426002287,-0.0005671406627526013,1.0261367926429996
2004-03-26,0.05,0.12,0.7596962457399771,0.07030375426002287,-0.003384478155558177,1.0226638550836848
2004-03-29,0.05,0.12,0.7596962457399771,0.07030375426002287,-0.0012487269906957775,1.021386827125433
2004-03-30,0.05,0.12,0.7596962457399771,0.07030375426002287,-0.00035680542377861677,1.0210223907657385
2004-03-31,0.05,0.12,0.7596962457399771,0.07030375426002287,0.0013280727770644642,1.0223783828076878
2004-04-01,0.05,0.12,0.8299999999999998,0.0,-0.0022900235360310177,1.020037112248329
2004-04-02,0.88,0.12,0.0,0.0,-0.009259256478596524,1.0105923270083348
2004-04-05,0.88,0.12,0.0,0.0,-0.0001237461329333511,1.0104672701158954
2004-04-06,0.88,0.12,0.0,0.0,7.882882882882747e-05,1.0105469240673686
2004-04-07,0.88,0.12,0.0,0.0,0.00010128481665572231,1.0106492771272948
2004-04-08,0.88,0.12,0.0,0.0,1.1244377811099327e-05,1.0106606412496013
2004-04-12,0.88,0.12,0.0,0.0,-2.248664855243998e-05,1.0106379148789557
2004-04-13,0.88,0.12,0.0,0.0,-0.00023615406241213498,1.0103992486297293
2004-04-14,0.88,0.12,0.0,0.0,-0.00032676056338029277,1.010069090002008
2004-04-15,0.88,0.12,0.0,0.0,-2.2596742302982697e-05,1.010046265731073
2004-04-16,0.88,0.12,0.0,0.0,0.00011300499105377781,1.0101604060002958
2004-04-19,0.88,0.12,0.0,0.0,0.0,1.0101604060002958
2004-04-20,0.88,0.12,0.0,0.0,-3.386960203217271e-05,1.0101261922693558
2004-04-21,0.88,0.12,0.0,0.0,-0.00020327498588368798,1.0099208588818815
2004-04-22,0.88,0.12,0.0,0.0,0.00018099547511312152,1.0101036499875615
2004-04-23,0.88,0.12,0.0,0.0,-3.388554216867679e-05,1.010069422077735
2004-04-26,0.88,0.12,0.0,0.0,1.1298371151511332e-05,1.0100808342169545
2004-04-27,0.88,0.12,0.0,0.0,5.64865373752621e-05,1.0101378901857485
2004-04-28,0.88,0.12,0.0,0.0,-0.00016937988143407077,1.0099667931496767
2004-04-29,0.88,0.12,0.0,0.0,-0.0003844704108556396,1.009578490801764
2004-04-30,0.1,0.0,0.0,0.9,-0.00023823028927964616,1.0093379786258498
2004-05-03,0.88,0.12,0.0,0.0,-8.771074943967339e-05,1.0092494488353065
2004-05-04,0.1,0.0,0.0,0.9,-0.00035280728376327895,1.0088933782786234
2004-05-05,0.1,0.0,0.0,0.9,-0.0007022334926363283,1.008184899557897
2004-05-06,0.1,0.0,0.0,0.9,-0.0011420204978038419,1.0070335317370256
2004-05-07,0.1,0.0,0.0,0.9,-0.006333072713057097,1.0006559151560483
2004-05-10,0.1,0.0,0.0,0.9,0.00017716535433078828,1.0008331967158202
2004-05-11,0.1,0.0,0.0,0.9,0.0003542609722495316,1.0011877528571482
2004-05-12,0.1,0.0,0.0,0.9,-0.0001770607908714972,1.0010104817618164
2004-05-13,0.1,0.0,0.0,0.9,-0.0016824085005902824,0.9993263732181203
2004-05-14,0.1,0.0,0.0,0.9,0.0022178413011334944,1.0015427205219556
2004-05-17,0.1,0.0,0.0,0.9,0.0026548672566371057,1.0042016834967926
2004-05-18,0.1,0.0,0.0,0.9,-0.001411764705882368,1.0027839870024442
2004-05-19,0.1,0.0,0.0,0.9,-0.0017674783974863106,1.001011587968072
2004-05-20,0.1,0.0,0.0,0.9,0.002036599763872515,1.0030502479317616
2004-05-21,0.1,0.0,0.0,0.9,-0.001501914204378141,1.0015437525166877
2004-05-24,0.1,0.0,0.0,0.9,0.000619469026548658,1.0021641778501051
2004-05-25,0.1,0.0,0.0,0.9,0.0001768694114180125,1.0023414300383857
2004-05-26,0.1,0.0,0.0,0.9,0.002033598585322638,1.004379790152522
2004-05-27,0.1,0.0,0.0,0.9,0.002205449911782087,1.0065948994721095
2004-05-28,0.1,0.0,0.0,0.9,-0.002376063361689573,1.0042031662114101
2004-06-01,0.1,0.0,0.0,0.9,-0.0015882352941177015,1.0026082553003686
2004-06-02,0.1,0.0,0.0,0.9,-0.0011490866234531438,1.0014561715656392
2004-06-03,0.1,0.0,0.0,0.9,0.00035401711082707623,1.0018107041861168
2004-06-04,0.1,0.0,0.0,0.9,-0.0023002064287821478,0.9995063327639252
2004-06-07,0.1,0.0,0.0,0.9,0.0007095693308367235,1.0002155518036315
2004-06-08,0.1,0.0,0.0,0.9,-0.0004431314623338234,0.9997723248235117
2004-06-09,0.1,0.0,0.0,0.9,-0.0015960591133005186,0.9981766290932516
2004-06-10,0.1,0.0,0.0,0.9,0.0,0.9981766290932516
2004-06-14,0.1,0.0,0.0,0.9,-0.003020134228187865,0.9951620016899498
2004-06-15,0.1,0.0,0.0,0.9,0.005525846702317283,1.0006611143552597
2004-06-16,0.1,0.0,0.0,0.9,-0.001417322834645607,0.9992428545081421
2004-06-17,0.1,0.0,0.0,0.9,0.0008872239747635514,1.0001294067252728
2004-06-18,0.1,0.0,0.0,0.9,-0.00044317510340757815,0.9996861742720264
2004-06-21,0.1,0.0,0.0,0.9,0.0007094295004434593,1.0003953811352406
2004-06-22,0.1,0.0,0.0,0.9,-0.00026582652357971527,1.0001294495088682
2004-06-23,0.1,0.0,0.0,0.9,0.000265905062044447,1.0003953889921922
2004-06-24,0.1,0.0,0.0,0.9,0.001594959141478891,1.0019909787629586
2004-06-25,0.1,0.0,0.0,0.9,0.0,1.0019909787629586
2004-06-28,0.1,0.0,0.0,0.9,-0.0031842751842751428,0.9988003637544162
2004-06-29,0.1,0.0,0.0,0.9,0.0011539599566031677,0.9999529393788293
2004-06-30,0.1,0.0,0.0,0.9,0.002393617021276762,1.0023464437550023
2004-07-01,0.1,0.0,0.0,0.9,0.0021220159151193354,1.0044734388611136
2004-07-02,0.1,0.0,0.0,0.9,0.0030873272566891877,1.0075745770875297
2004-07-06,0.1,0.0,0.0,0.9,-0.0005274467669466931,1.0070431351343871
2004-07-07,0.1,0.0,0.0,0.9,0.0002638780297106624,1.00730887169272
2004-07-08,0.1,0.0,0.0,0.9,0.0002638006839276841,1.0075746004619992
2004-07-09,0.1,0.0,0.0,0.9,8.790779449114882e-05,1.007663174122911
2004-07-12,0.1,0.0,0.0,0.9,0.0004394960445355256,1.008106038102162
2004-07-13,0.1,0.0,0.0,0.9,-0.0012299882858258337,1.006866079484426
2004-07-14,0.1,0.0,0.0,0.9,-0.0005278592375366764,1.0063345959234078
2004-07-15,0.1,0.0,0.0,0.9,-0.0002640845070422948,1.0060688385477237
2004-07-16,0.1,0.0,0.0,0.9,0.003522160258291729,1.0096123742279621
2004-07-19,0.1,0.0,0.0,0.9,-0.00035084299775859365,1.0092581587960139
2004-07-20,0.1,0.0,0.0,0.9,-0.003071073413278691,1.006158652897401
2004-07-21,0.1,0.0,0.0,0.9,-0.0013206808843671425,1.0048298383978789
2004-07-22,0.1,0.0,0.0,0.9,0.0006172234740864813,1.0054500429616005
2004-07-23,0.1,0.0,0.0,0.9,0.0005286861170942014,1.005981610440746
2004-07-26,0.1,0.0,0.0,0.9,-0.0013209393346380273,1.0046527697615923
2004-07-27,0.1,0.0,0.0,0.9,-0.003086722195002434,1.0015516857588986
2004-07-28,0.1,0.0,0.0,0.9,0.0007079646017698948,1.0022607488992588
2004-07-29,0.1,0.0,0.0,0.9,0.0007074081351934769,1.0029697563066151
2004-07-30,0.88,0.12,0.0,0.0,0.0024739838994699117,1.0054510873353728
2004-08-02,0.1,0.0,0.0,0.9,-0.00012627953697503359,1.005324119437613
2004-08-03,0.1,0.0,0.0,0.9,0.0006161369193153244,1.0059435367434768
2004-08-04,0.1,0.0,0.0,0.9,-0.00017591868647374165,1.0057665724778262
2004-08-05,0.88,0.12,0.0,0.0,0.000703812316715502,1.006474443379277
2004-08-06,0.88,0.12,0.0,0.0,0.00034453057708873304,1.0068212046000795
2004-08-09,0.88,0.12,0.0,0.0,-5.725737188664315e-05,1.0067635566639443
2004-08-10,0.88,0.12,0.0,0.0,-4.5827763987009716e-05,1.0067174189412789
2004-08-11,0.88,0.12,0.0,0.0,-3.4383954154733054e-05,1.0066828040156992
2004-08-12,0.88,0.12,0.0,0.0,0.0,1.0066828040156992
2004-08-13,0.88,0.12,0.0,0.0,5.732301519059568e-05,1.0067405101093658
2004-08-16,0.88,0.12,0.0,0.0,-2.2918258212372145e-05,1.0067174373704024
2004-08-17,0.88,0.12,0.0,0.0,9.169054441259482e-05,1.0068097438403045
2004-08-18,0.88,0.12,0.0,0.0,0.00010307310555449866,1.0069135188473046
2004-08-19,0.88,0.12,0.0,0.0,0.0001373128635453291,1.00705178102592
2004-08-20,0.88,0.12,0.0,0.0,3.4288979902843405e-05,1.0070863118042008
2004-08-23,0.88,0.12,0.0,0.0,4.57055798895567e-05,1.0071323412680806
2004-08-24,0.88,0.12,0.0,0.0,5.7110222729876975e-05,1.007189858820409
2004-08-25,0.88,0.12,0.0,0.0,0.00011416611169250856,1.0073048457703266
2004-08-26,0.88,0.12,0.0,0.0,9.124607927003758e-05,1.007396758388133
2004-08-27,0.88,0.12,0.0,0.0,3.419128122327031e-05,1.0074312025740022
2004-08-30,0.88,0.12,0.0,0.0,7.975693125712446e-05,1.0075115521951723
2004-08-31,0.88,0.12,0.0,0.0,2.27725590663308e-05,1.0075344958115047
2004-09-01,0.88,0.12,0.0,0.0,5.692059576889008e-05,1.007591845275264
2004-09-02,0.88,0.12,0.0,0.0,-3.413616537074837e-05,1.0075574499534075
2004-09-03,0.88,0.12,0.0,0.0,-6.829175756426054e-05,1.0074886420843032
2004-09-07,0.88,0.12,0.0,0.0,0.0,1.0074886420843032
2004-09-08,0.88,0.12,0.0,0.0,0.0002163803739204706,1.007706642853398
2004-09-09,0.88,0.12,0.0,0.0,0.00014778325123153023,1.0078555650173666
2004-09-10,0.88,0.12,0.0,0.0,0.00011353959693443549,1.0079699965319868
2004-09-13,0.88,0.12,0.0,0.0,0.00014746195292559603,1.0081186337561658
2004-09-14,0.88,0.12,0.0,0.0,0.0001359516616314238,1.0082556891595467
2004-09-15,0.88,0.12,0.0,0.0,-0.00011316484345530675,1.0081415900623198
2004-09-16,0.88,0.12,0.0,0.0,2.2654332641121042e-05,1.0081644288372504
2004-09-17,0.88,0.12,0.0,0.0,0.00010192525481313551,1.0082671862535533
2004-09-20,0.05,0.12,0.83,0.0,6.789250353607557e-05,1.0083356400370613
2004-09-21,0.05,0.12,0.83,0.0,2.2618037885200337e-05,1.0083584466107687
2004-09-22,0.05,0.12,0.83,0.0,0.0009934918842957874,1.0093602425439376
2004-09-23,0.05,0.12,0.83,0.0,-0.0017927362716472148,1.0075507258259704
2004-09-24,0.05,0.12,0.83,0.0,-0.0005311131014567793,1.0070156024351018
2004-09-27,0.05,0.12,0.83,0.0,0.0012362688512380247,1.008260544457103
2004-09-28,0.05,0.12,0.83,0.0,-0.00017690690070148782,1.0080821762090835
2004-09-29,0.88,0.12,0.0,0.0,-0.002693433685424108,1.0053669737180062
2004-09-30,0.88,0.12,0.0,0.0,2.263510327265017e-05,1.0053897303032833
2004-10-01,0.88,0.12,0.0,0.0,-4.5261669024037056e-05,1.00534422468607
2004-10-04,0.88,0.12,0.0,0.0,3.395906046600672e-05,1.0053783652313852
2004-10-05,0.88,0.12,0.0,0.0,5.658242172764005e-05,1.0054352519740426
2004-10-06,0.88,0.12,0.0,0.0,5.655575454802886e-05,1.0054921151233671
2004-10-07,0.88,0.12,0.0,0.0,3.391746749576541e-05,1.0055262188694989
2004-10-08,0.05,0.12,0.8300000000000001,0.0,0.0001921446736366228,1.0057194253766566
2004-10-11,0.88,0.12,0.0,0.0,0.0,1.0057194253766566
2004-10-12,0.05,0.12,0.83,0.0,0.0001241301485800328,1.0058442654783584
2004-10-13,0.05,0.12,0.83,0.0,0.0011838180655262807,1.0070350020909378
2004-10-14,0.05,0.12,0.6466630487937095,0.18333695120629043,0.0021872211437155365,1.0092376103399727
2004-10-15,0.05,0.12,0.6466630487937095,0.18333695120629043,-0.0018550272078949686,1.0073654471135611
2004-10-18,0.05,0.12,0.7147473902243524,0.11525260977564758,-8.367617843912174e-05,1.007281154622655
2004-10-19,0.05,0.12,0.7147473902243524,0.11525260977564758,-0.00017914735056561657,1.0071007028725296
2004-10-20,0.05,0.12,0.6025828688606538,0.22741713113934614,0.0009877354239880693,1.00809545191228
2004-10-21,0.05,0.12,0.6025828688606538,0.22741713113934614,-0.0004895424366382023,1.007601946408387
2004-10-22,0.05,0.12,0.6025828688606538,0.22741713113934614,0.0005820864706430914,1.008188457869185
2004-10-25,0.05,0.12,0.6025828688606538,0.22741713113934614,0.0006259571261115584,1.0088195406188518
2004-10-26,0.05,0.12,0.6697723203855859,0.16022767961441395,-0.0001882361744355959,1.0086296442878298
2004-10-27,0.05,0.12,0.7429113076018249,0.08708869239817515,-0.0029022760832932816,1.0057023225943125
2004-10-28,0.05,0.12,0.7429113076018249,0.08708869239817515,0.0007319917255222558,1.00643848837279
2004-10-29,0.05,0.12,0.7429113076018249,0.08708869239817515,0.0019124310051295173,1.0083632325427097
2004-11-01,0.05,0.12,0.7429113076018249,0.08708869239817515,-0.002479173936821034,1.005863324697741
2004-11-02,0.05,0.12,0.7429113076018249,0.08708869239817515,0.0008207540930681708,1.006688891138554
2004-11-03,0.05,0.12,0.7429113076018249,0.08708869239817515,0.0006293016290090729,1.007322402097653
2004-11-04,0.05,0.12,0.7429113076018249,0.08708869239817515,-5.757137949476946e-05,1.0072644091573681
2004-11-05,0.05,0.12,0.83,0.0,-0.004509208987563432,1.002722443430743
2004-11-08,0.88,0.12,0.0,0.0,-0.0011123863286061685,1.0016070286932839
2004-11-09,0.05,0.12,0.83,0.0,-4.4651162790709796e-05,1.0015623057747933
2004-11-10,0.88,0.12,0.0,0.0,-0.001414335471052359,1.000145760679267
2004-11-11,0.88,0.12,0.0,0.0,0.0,1.000145760679267
2004-11-12,0.05,0.12,0.8300000000000001,0.0,3.354766564161338e-05,1.000179313234839
2004-11-15,0.05,0.12,0.8300000000000001,0.0,0.0001114286799375952,1.0002907618954138
2004-11-16,0.05,0.12,0.8300000000000001,0.0,-0.0008347123465804208,0.9994558068462893
2004-11-17,0.05,0.12,0.8300000000000001,0.0,0.0023278198016579623,1.001782359864348
2004-11-18,0.05,0.12,0.8300000000000001,0.0,0.000700665030875034,1.0024842737324524
2004-11-19,0.88,0.12,0.0,0.0,-0.0029193035329829575,0.9995577178503854
2004-11-22,0.05,0.12,0.83,0.0,-6.698920729437674e-05,0.9994907582712216
2004-11-23,0.88,0.12,0.0,0.0,-0.000612068993538597,0.9988790009687554
2004-11-24,0.88,0.12,0.0,0.0,0.0,0.9988790009687554
2004-11-26,0.88,0.12,0.0,0.0,-1.1170064227878917e-05,0.9988678434261586
2004-11-29,0.88,0.12,0.0,0.0,-0.00022342208154906728,0.998644674293388
2004-11-30,0.88,0.12,0.0,0.0,-0.000526021264689418,0.9981193659588409
2004-12-01,0.88,0.12,0.0,0.0,-2.2482435597188652e-05,0.9980969258044774
2004-12-02,0.88,0.12,0.0,0.0,-6.745994565726665e-05,0.998029594240102
2004-12-03,0.88,0.12,0.0,0.0,0.00023624261741820972,0.9982653713637062
2004-12-06,0.88,0.12,0.0,0.0,8.982035928143616e-05,0.9983550359180202
2004-12-07,0.88,0.12,0.0,0.0,0.00010097232610322138,0.9984558421482737
2004-12-08,0.05,0.12,0.83,0.0,0.00012330686595049656,0.998578958608959
2004-12-09,0.05,0.12,0.83,0.0,-0.0007219637809492296,0.9978580207684252
2004-12-10,0.05,0.12,0.83,0.0,0.0,0.9978580207684252
2004-12-13,0.05,0.12,0.83,0.0,-5.54824965034939e-05,0.997802657114277
2004-12-14,0.88,0.12,0.0,0.0,0.0005339395203954544,0.9983354233864657
2004-12-15,0.05,0.12,0.8300000000000001,0.0,0.00013430330162282899,0.9984695031299535
2004-12-16,0.88,0.12,0.0,0.0,-0.003252809587894294,0.9952216719569523
2004-12-17,0.88,0.12,0.0,0.0,-0.00012304250559283858,0.9950992173888145
2004-12-20,0.88,0.12,0.0,0.0,1.119716338529031e-05,0.9951103596773362
2004-12-21,0.88,0.12,0.0,0.0,2.239223735772455e-05,0.9951326424247071
2004-12-22,0.88,0.12,0.0,0.0,2.2388059701476947e-05,0.9951549215137165
2004-12-23,0.88,0.12,0.0,0.0,-2.2383883603795952e-05,0.9951326460817856
2004-12-27,0.88,0.12,0.0,0.0,-5.597014925373233e-05,0.9950769483590571
2004-12-28,0.88,0.12,0.0,0.0,-6.719552029864406e-05,0.9950100836457749
2004-12-29,0.88,0.12,0.0,0.0,0.0,0.9950100836457749
2004-12-30,0.88,0.12,0.0,0.0,3.361658418152835e-05,0.9950435324860132
2004-12-31,0.88,0.12,0.0,0.0,-0.000235250186706506,0.9948094483092147
2005-01-03,0.88,0.12,0.0,0.0,0.00010101954915349154,0.9949099435111766
2005-01-04,0.88,0.12,0.0,0.0,1.1214953271041493e-05,0.9949211013797018
2005-01-05,0.88,0.12,0.0,0.0,-0.0002467059153350126,0.9946756484586998
2005-01-06,0.88,0.12,0.0,0.0,-0.0001123700721041354,0.9945638766843622
2005-01-07,0.88,0.12,0.0,0.0,-5.623769800355393e-05,0.99450794470142
2005-01-10,0.88,0.12,0.0,0.0,-0.00014628657164290624,0.994362461543718
2005-01-11,0.88,0.12,0.0,0.0,-0.0002253309548399285,0.9941384009008014
2005-01-12,0.88,0.12,0.0,0.0,-5.64387169598346e-05,0.9940822930049741
2005-01-13,0.88,0.12,0.0,0.0,1.1293054771295274e-05,0.9940935192307562
2005-01-14,0.88,0.12,0.0,0.0,-0.00012421191305166611,0.9939700409729803
2005-01-18,0.88,0.12,0.0,0.0,-0.00015825169555388818,0.9938127435286666
2005-01-19,0.88,0.12,0.0,0.0,5.6593095642325506e-05,0.9938689864683118
2005-01-20,0.1,0.0,0.0,0.9,-0.0001923258225699831,0.9936778397979624
2005-01-21,0.1,0.0,0.0,0.9,0.0009724950884086426,0.9946441866166265
2005-01-24,0.1,0.0,0.0,0.9,-0.00017662643508975506,0.9944685061597616
2005-01-25,0.1,0.0,0.0,0.9,-0.0015016193934635602,0.9929751929647233
2005-01-26,0.1,0.0,0.0,0.9,-0.0006193472276837642,0.9923601965318019
2005-01-27,0.1,0.0,0.0,0.9,-0.0004426955238565067,0.9919208831147438
2005-01-28,0.1,0.0,0.0,0.9,0.001594488188976495,0.9935024892472694
2005-01-31,0.1,0.0,0.0,0.9,-0.0007074081351935768,0.9927996775040409
2005-02-01,0.1,0.0,0.0,0.9,-8.849557522123685e-05,0.9927118191255007
2005-02-02,0.1,0.0,0.0,0.9,-0.0005310256662405144,0.9921846636703647
2005-02-03,0.1,0.0,0.0,0.9,-0.0008855652858407393,0.9913060193750747
2005-02-04,0.88,0.12,0.0,0.0,0.0022160937653895817,0.9935028464642051
2005-02-07,0.88,0.12,0.0,0.0,0.00013526207026112402,0.9936372297160281
2005-02-08,0.88,0.12,0.0,0.0,0.00013510977669358047,0.9937714798202494
2005-02-09,0.88,0.12,0.0,0.0,3.373945641985898e-05,0.9938050091297841
2005-02-10,0.88,0.12,0.0,0.0,-5.621662138105332e-05,0.9937491407698593
2005-02-11,0.88,0.12,0.0,0.0,1.1248593925756722e-05,0.9937603190504078
2005-02-14,0.88,0.12,0.0,0.0,6.748523760427005e-05,0.9938273832016608
2005-02-15,0.88,0.12,0.0,0.0,6.744730679156597e-05,0.9938944141820735
2005-02-16,0.88,0.12,0.0,0.0,6.740941859376015e-05,0.9939614120266771
2005-02-17,0.88,0.12,0.0,0.0,-2.2457190979712214e-05,0.9939390904454207
2005-02-18,0.88,0.12,0.0,0.0,-7.861488067383514e-05,0.9938609520424283
2005-02-22,0.88,0.12,0.0,0.0,-0.00010114253605544743,0.9937604304252523
2005-02-23,0.88,0.12,0.0,0.0,1.124753960072944e-05,0.9937716077850473
2005-02-24,0.88,0.12,0.0,0.0,3.373945641985898e-05,0.9938051370988994
2005-02-25,0.88,0.12,0.0,0.0,7.870326993346666e-05,0.9938833528128657
2005-02-28,0.88,0.12,0.0,0.0,-0.00028089887640449175,0.9936041720957834
2005-03-01,0.88,0.12,0.0,0.0,-0.00012388549976537265,0.9934810789463544
2005-03-02,0.1,0.0,0.0,0.9,-6.764374295378239e-05,0.9934138761676208
2005-03-03,0.1,0.0,0.0,0.9,-0.0003563650762224868,0.9930598581559198
2005-03-04,0.1,0.0,0.0,0.9,0.001336898395721775,0.9943874782871441
2005-03-07,0.1,0.0,0.0,0.9,-0.0002669830910708937,0.9941219936444688
2005-03-08,0.1,0.0,0.0,0.9,-0.0016023738872402715,0.9925290385211217
2005-03-09,0.1,0.0,0.0,0.9,-0.002942925089179549,0.9896080999119187
2005-03-10,0.1,0.0,0.0,0.9,0.0007157769161944661,0.9903164385459148
2005-03-11,0.1,0.0,0.0,0.9,-0.0022350253302871217,0.988103056220765
2005-03-14,0.1,0.0,0.0,0.9,0.0002688707428799564,0.988368728223533
2005-03-15,0.1,0.0,0.0,0.9,-0.0005375808860130116,0.9878374000869071
2005-03-16,0.1,0.0,0.0,0.9,0.0008068532722383504,0.9886344399256066
2005-03-17,0.1,0.0,0.0,0.9,0.0012539808917196638,0.9898741686221693
2005-03-18,0.1,0.0,0.0,0.9,-0.0009838998211090689,0.9889002316047415
2005-03-21,0.1,0.0,0.0,0.9,-0.00017908665804411417,0.9887231327671243
2005-03-22,0.1,0.0,0.0,0.9,-0.0026868345108965962,0.9860665973322839
2005-03-23,0.1,0.0,0.0,0.9,-0.0005389759457031795,0.9855351311554603
2005-03-24,0.1,0.0,0.0,0.9,8.988315190259222e-05,0.9856237141593592
2005-03-28,0.1,0.0,0.0,0.9,-0.0009886159376872317,0.9846493108469787
2005-03-29,0.1,0.0,0.0,0.9,0.0009897030890732462,0.9856238213115779
2005-03-30,0.1,0.0,0.0,0.9,0.0006291192330735385,0.9862438962141405
2005-03-31,0.1,0.0,0.0,0.9,0.0020656621095699102,0.9882811428613446
2005-04-01,0.1,0.0,0.0,0.9,0.0014336917562724593,0.9896980333887445
2005-04-04,0.1,0.0,0.0,0.9,8.946322067600043e-05,0.9897865749623083
2005-04-05,0.1,0.0,0.0,0.9,-0.0004472716429778423,0.9893438714947275
2005-04-06,0.1,0.0,0.0,0.9,0.0011634844868734452,0.990494957741395
2005-04-07,0.1,0.0,0.0,0.9,-0.0008938325553679016,0.9896096211022379
2005-04-08,0.1,0.0,0.0,0.9,-0.0008947211452431825,0.9887241964487017
2005-04-11,0.1,0.0,0.0,0.9,0.0009851726539953588,0.9896982604893865
2005-04-12,0.1,0.0,0.0,0.9,0.0021471172962228115,0.9918232587425249
2005-04-13,0.1,0.0,0.0,0.9,0.00026775089250292706,0.9920888203052582
2005-04-14,0.1,0.0,0.0,0.9,0.001159908793496456,0.9932395528518597
2005-04-15,0.1,0.0,0.0,0.9,0.0022277227722772297,0.9954522152220742
2005-04-18,0.1,0.0,0.0,0.9,0.0005333333333334301,0.9959831230701928
2005-04-19,0.1,0.0,0.0,0.9,0.00142137992300857,0.9973987934849801
2005-04-20,0.1,0.0,0.0,0.9,-0.0003547846654182618,0.9970449316877449
2005-04-21,0.1,0.0,0.0,0.9,-0.002839396628216584,0.9942139256705304
2005-04-22,0.1,0.0,0.0,0.9,0.000979131638809272,0.9951873919808991
2005-04-25,0.1,0.0,0.0,0.9,-0.00035566093657369847,0.9948334427010008
2005-04-26,0.1,0.0,0.0,0.9,-0.0004447519272584688,0.9943909886100584
2005-04-27,0.1,0.0,0.0,0.9,0.0008899436369030456,0.9952759405429655
2005-04-28,0.1,0.0,0.0,0.9,0.0020448483651091644,0.9973111289228174
2005-04-29,0.1,0.0,0.0,0.9,-0.0014192785334121384,0.9958956666464042
2005-05-02,0.1,0.0,0.0,0.9,0.0007107601184600298,0.9966035095684035
2005-05-03,0.1,0.0,0.0,0.9,-0.000798974156638288,0.9958072491198433
2005-05-04,0.1,0.0,0.0,0.9,0.0011550992200611398,0.9969575052966329
2005-05-05,0.1,0.0,0.0,0.9,0.0014198382961939648,0.9983730237423312
2005-05-06,0.1,0.0,0.0,0.9,-0.003987005316007076,0.9943925051893124
2005-05-09,0.1,0.0,0.0,0.9,-0.0007119549095224165,0.9936845425632506
2005-05-10,0.1,0.0,0.0,0.9,0.0017812963879268785,0.9954545892496572
2005-05-11,0.1,0.0,0.0,0.9,0.00035555555555568665,0.9958085286591684
2005-05-12,0.1,0.0,0.0,0.9,0.0006219765031098446,0.9964278981655909
2005-05-13,0.1,0.0,0.0,0.9,0.0014206787687451206,0.9978435021251001
2005-05-16,0.1,0.0,0.0,0.9,0.0,0.9978435021251001
2005-05-17,0.1,0.0,0.0,0.9,0.0001773049645391822,0.9980204247318601
2005-05-18,0.1,0.0,0.0,0.9,0.0012408902895410191,0.9992588585856736
2005-05-19,0.1,0.0,0.0,0.9,-0.0017702596380802405,0.9974899109603254
2005-05-20,0.1,0.0,0.0,0.9,-0.0008868742609381531,0.9966052628327492
2005-05-23,0.1,0.0,0.0,0.9,0.001509173406983666,0.9981093129926764
2005-05-24,0.1,0.0,0.0,0.9,0.0012407680945347055,0.9993477351830957
2005-05-25,0.1,0.0,0.0,0.9,-0.0007080342216540525,0.9986401627872535
2005-05-26,0.1,0.0,0.0,0.9,-0.0005314437555358986,0.9981094417087129
2005-05-27,0.1,0.0,0.0,0.9,8.86262924668646e-05,0.9981979004480077
2005-05-31,0.1,0.0,0.0,0.9,0.0017723513194171758,0.9999670578139063
2005-06-01,0.1,0.0,0.0,0.9,0.0031839622641510303,1.0031509151913798
2005-06-02,0.05,0.0,0.2159117157925124,0.7340882842074875,-8.813160987077851e-05,1.0030625058862805
2005-06-03,0.05,0.0,0.0,0.95,-0.0027193632010702757,1.0003348146194
2005-06-06,0.05,0.0,0.08804857815776178,0.8619514218422383,0.0001865671641791633,1.0005214442489934
2005-06-07,0.05,0.0,0.31873678988317855,0.6312632101168215,0.0012676593395918015,1.0017897646022573
2005-06-08,0.05,0.0,0.09552346356128223,0.8544765364387177,-0.0012574129845857444,1.0005301011444214
2005-06-09,0.05,0.0,0.16457032745965958,0.7854296725403405,-0.0010953413444513597,0.9994341791582698
2005-06-10,0.05,0.0,0.0,0.95,-0.002555783545658748,0.9968798417282081
2005-06-13,0.05,0.0,0.0,0.95,-0.0008423645320197182,0.9960401055068508
2005-06-14,0.05,0.0,0.0,0.95,-0.000655753870426945,0.9953869483525642
2005-06-15,0.05,0.0,0.0,0.95,-9.37438326426343e-05,0.9952936369650632
2005-06-16,0.05,0.0,0.0,0.95,0.0010312839238133752,0.996320067292339
2005-06-17,0.05,0.0,0.0,0.95,-0.0003746056782333307,0.9959468401377934
2005-06-20,0.05,0.0,0.0,0.95,-0.0005621301775147747,0.9953869883637516
2005-06-21,0.05,0.0,0.10470090953802079,0.8452990904619792,0.001218669824353613,0.9966000364500248
2005-06-22,0.05,0.0,0.36502419061585745,0.5849758093841424,0.0034294475313440616,1.000017823984766
2005-06-23,0.05,0.0,0.36502419061585745,0.5849758093841424,-0.0007497000751929184,0.9992681105469302
2005-06-24,0.05,0.0,0.36502419061585745,0.5849758093841424,0.0015233110558712615,1.000790306707506
2005-06-27,0.05,0.0,0.4203166806649868,0.5296833193350131,0.0003458427885267649,1.0011364228179083
2005-06-28,0.05,0.0,0.21930372445477198,0.730696275545228,-0.0022742568200660703,0.998859581480498
2005-06-29,0.05,0.0,0.0,0.95,-0.0006192186172276272,0.9982410690316491
2005-06-30,0.05,0.0,0.17038894525717554,0.7796110547428243,0.0009345794392522032,0.9991740046101831
2005-07-01,0.05,0.0,0.0,0.95,-0.0031943038513733207,0.9959823392390648
2005-07-05,0.05,0.0,0.0,0.95,-0.0020607375271149307,0.9939298810562511
2005-07-06,0.05,0.0,0.0,0.95,0.0009387351778655017,0.9948629179999304
2005-07-07,0.05,0.0,0.0,0.95,0.0012191510365251901,0.9960758061576105
2005-07-08,0.05,0.0,0.0,0.95,-0.002247855664004822,0.9938367715149609
2005-07-11,0.05,0.0,0.0,0.95,-9.388279474252248e-05,0.9937434673413331
2005-07-12,0.05,0.0,0.0,0.95,-0.0011267048823878467,0.9926238117248386
2005-07-13,0.05,0.0,0.0,0.95,-0.0006580249356818612,0.9919706405049721
2005-07-14,0.05,0.0,0.0,0.95,-0.00047034359837606616,0.9915040734644336
2005-07-15,0.05,0.0,0.0,0.95,0.0,0.9915040734644336
2005-07-18,0.05,0.0,0.0,0.95,-0.0011293837923519068,0.9903842848338119
2005-07-19,0.05,0.0,0.0,0.95,0.0007538186867686369,0.9911308550148016
2005-07-20,0.05,0.0,0.0,0.95,0.00028245787908813823,0.9914108077340078
2005-07-21,0.05,0.0,0.0,0.95,-0.0028237392252056844,0.9886113221479164
2005-07-22,0.05,0.0,0.0,0.95,0.0013216734572194966,0.9899179434919059
2005-07-25,0.05,0.0,0.0,0.95,-0.0008484668055968369,0.9890780309765883
2005-07-26,0.05,0.0,0.0,0.95,0.0,0.9890780309765883
2005-07-27,0.05,0.0,0.0,0.95,-0.0008492252681764789,0.9882380809204848
2005-07-28,0.05,0.0,0.0,0.95,0.0016055273884083676,0.9898247242256708
2005-07-29,0.05,0.0,0.0,0.95,-0.002545653036919526,0.9873049739104277
2005-08-01,0.05,0.0,0.0,0.95,-0.0012289780077618772,0.9860915978105379
2005-08-02,0.05,0.0,0.0,0.95,-0.00047329613391790536,0.9856248844696053
2005-08-03,0.05,0.0,0.0,0.95,0.0011364769215431835,0.9867450244041036
2005-08-04,0.05,0.0,0.0,0.95,-0.0005675594941751128,0.986184987897173
2005-08-05,0.05,0.0,0.0,0.95,-0.0025555444854040653,0.9836647482897641
2005-08-08,0.05,0.0,0.0,0.95,-0.001138861138861058,0.9825444907342693
2005-08-09,0.05,0.0,0.0,0.95,0.0009501900380076033,0.9834780947212642
2005-08-10,0.05,0.0,0.0,0.95,9.492406075143344e-05,0.9835714504556753
2005-08-11,0.05,0.0,0.0,0.95,0.0017084623838544255,0.9852518452806118
2005-08-12,0.05,0.0,0.0,0.95,0.0020843721950733252,0.9873054768320595
2005-08-15,0.05,0.0,0.0,0.95,-0.0010399044681063173,0.986278773455316
2005-08-16,0.05,0.0,0.0,0.95,0.001514245865710395,0.9877722420104588
2005-08-17,0.05,0.0,0.0,0.95,-0.0013228565744976828,0.9864655610060089
2005-08-18,0.05,0.0,0.0,0.95,0.00198705179282862,0.9884257191675696
2005-08-19,0.05,0.0,0.0,0.95,-9.442401351760776e-05,0.9883323880441018
2005-08-22,0.05,0.0,0.0,0.95,9.443339960244489e-05,0.9884257196314421
2005-08-23,0.05,0.0,0.0,0.95,0.0007553921081402292,0.9891723686195345
2005-08-24,0.05,0.0,0.0,0.95,9.43489919556062e-05,0.9892656960353841
2005-08-25,0.05,0.0,0.0,0.95,0.00018867924528306323,0.9894523499402964
2005-08-26,0.05,0.0,0.0,0.95,-0.001509134233518683,0.987959133526566
2005-08-29,0.05,0.0,0.0,0.95,0.00037788385043739935,0.9883324673280177
2005-08-30,0.05,0.0,0.0,0.95,0.003305168986083673,0.9915990731469698
2005-08-31,0.05,0.0,0.0,0.95,0.004517087667161945,0.9960782130910512
2005-09-01,0.05,0.0,0.0,0.95,0.001592231095336516,0.997664199795322
2005-09-02,0.05,0.0,0.0,0.95,-0.0004675196850393692,0.9971977721428587
2005-09-06,0.05,0.0,0.0,0.95,-0.0016838995568684233,0.9955185912562371
2005-09-07,0.05,0.0,0.0,0.95,-0.001593173522738489,0.9939325573952538
2005-09-08,0.05,0.0,0.0,0.95,-0.00037549407114634834,0.9935593416128325
2005-09-09,0.05,0.0,0.0,0.95,0.00018782127323064833,0.9937459531934045
2005-09-12,0.05,0.0,0.0,0.95,-0.0013144890294524703,0.9924396850398689
2005-09-13,0.05,0.0,0.0,0.95,0.0013163103721298363,0.9937460436910002
2005-09-14,0.05,0.0,0.0,0.95,-0.0009389207353232231,0.9928129949249332
2005-09-15,0.05,0.0,0.0,0.95,-0.0011278195488721998,0.9916932810208825
2005-09-16,0.05,0.0,0.0,0.95,-0.001693740095087115,0.9900136103487889
2005-09-19,0.05,0.0,0.0,0.95,0.000848382615598442,0.9908535206850146
2005-09-20,0.05,0.0,0.0,0.95,-0.0008476256567859608,0.9900136478187653
2005-09-21,0.05,0.0,0.0,0.95,0.0014139710259972625,0.9914134984321229
2005-09-22,0.05,0.0,0.0,0.95,0.000376498563360772,0.991786764189979
2005-09-23,0.05,0.0,0.0,0.95,-0.002540358522333286,0.9892672702312317
2005-09-26,0.05,0.0,0.0,0.95,-0.0012264150943397001,0.9880540179186839
2005-09-27,0.05,0.0,0.0,0.95,-0.0006612309833945839,0.9874006859887685
2005-09-28,0.05,0.0,0.0,0.95,0.0006616915422884339,0.988054040671537
2005-09-29,0.05,0.0,0.0,0.95,-0.0010390772596201357,0.9870273761865994
2005-09-30,0.05,0.0,0.0,0.95,-0.0015130400159267142,0.985533964269614
2005-10-03,0.05,0.0,0.0,0.95,-0.0016101694915253983,0.983947087547485
2005-10-04,0.05,0.0,0.0,0.95,9.487666034162511e-05,0.9840404411611045
2005-10-05,0.05,0.0,0.0,0.95,0.0003794687437587929,0.9844138537511198
2005-10-06,0.05,0.0,0.0,0.95,9.482930724682425e-05,0.9845072050349153
2005-10-07,0.05,0.0,0.0,0.95,0.0,0.9845072050349153
2005-10-10,0.05,0.0,0.0,0.95,0.0,0.9845072050349153
2005-10-11,0.05,0.0,0.0,0.95,-0.0006637388960973988,0.9838537493094455
2005-10-12,0.05,0.0,0.0,0.95,-0.0014232920495405865,0.9824534380901426
2005-10-13,0.05,0.0,0.0,0.95,-0.0006651995598678517,0.9817999104955344
2005-10-14,0.05,0.0,0.0,0.95,-0.0006656656656657878,0.9811463600045637
2005-10-17,0.05,0.0,0.0,0.95,-9.516177501755485e-05,0.9810529923753937
2005-10-18,0.05,0.0,0.0,0.95,0.0003806852334201638,0.9814264647627935
2005-10-19,0.05,0.0,0.0,0.95,0.0004756659323053025,0.981893295897144
2005-10-20,0.05,0.0,0.0,0.95,-0.0001901711540385542,0.9817065681159206
2005-10-21,0.05,0.0,0.0,0.95,0.0019971969166083124,0.9836672294467759
2005-10-24,0.05,0.0,0.0,0.95,-0.001708291708291587,0.9819868388749938
2005-10-25,0.05,0.0,0.0,0.95,-0.001901521216973645,0.9801195700660842
2005-10-26,0.05,0.0,0.0,0.95,-0.0023816686722823778,0.9777852499909669
2005-10-27,0.05,0.0,0.0,0.95,0.0009550618276867428,0.9787190953589086
2005-10-28,0.05,0.0,0.0,0.95,-0.0005724615848145765,0.9781588162744911
2005-10-31,0.05,0.0,0.0,0.95,0.0,0.9781588162744911
2005-11-01,0.05,0.0,0.0,0.95,-0.0006682745452718797,0.9775051376363416
2005-11-02,0.05,0.0,0.0,0.95,-0.000764279967819792,0.9767580500412052
2005-11-03,0.05,0.0,0.0,0.95,-0.001242954911433125,0.9755439838256247
2005-11-04,0.05,0.0,0.0,0.95,-0.00038294870502877384,0.9751704005203201
2005-11-07,0.05,0.0,0.0,0.95,0.0002873273515475727,0.9754505936488091
2005-11-08,0.05,0.0,0.0,0.95,0.002010683329973961,0.9774119158966721
2005-11-09,0.05,0.0,0.0,0.95,-0.002006436689128127,0.975450800768226
2005-11-10,0.05,0.0,0.0,0.95,0.002010683329973961,0.9774121234325405
2005-11-11,0.05,0.0,0.0,0.95,0.0,0.9774121234325405
2005-11-14,0.05,0.0,0.0,0.95,-0.0017198028763955374,0.9757311672512373
2005-11-15,0.05,0.0,0.0,0.95,0.0012443324937028266,0.9769453012477666
2005-11-16,0.05,0.0,0.0,0.95,0.002294224189977889,0.9791866327901745
2005-11-17,0.05,0.0,0.0,0.95,0.0010489861473599647,0.9802137860036514
2005-11-18,0.05,0.0,0.0,0.95,-0.001238343527524416,0.9789999446061636
2005-11-21,0.05,0.0,0.0,0.95,0.0012399598393575296,0.9802138652202085
2005-11-22,0.05,0.0,0.0,0.95,0.0016193723052240982,0.9818011964067427
2005-11-23,0.05,0.0,0.0,0.95,-0.0015215215215216348,0.9803073647565541
2005-11-25,0.05,0.0,0.0,0.95,0.0012382193703629918,0.9815212003245053
2005-11-28,0.05,0.0,0.0,0.95,0.0004756183037948558,0.9819880297729423
2005-11-29,0.05,0.0,0.0,0.95,-0.002376901521216951,0.9796539409311582
2005-11-30,0.05,0.0,0.0,0.95,0.0011437744557038275,0.980774444084225
2005-12-01,0.05,0.0,0.0,0.95,-0.0007615993586533087,0.9800274868966269
2005-12-02,0.05,0.0,0.0,0.95,9.527630127368346e-05,0.9801208602907249
2005-12-05,0.05,0.0,0.0,0.95,-0.001238467709586849,0.9789070122537624
2005-12-06,0.05,0.0,0.0,0.95,0.0021939953810622193,0.9810547297171365
2005-12-07,0.05,0.0,0.0,0.95,-0.0005710278501301402,0.9804945201439661
2005-12-08,0.05,0.0,0.0,0.95,0.001904570970328756,0.9823619415435987
2005-12-09,0.05,0.0,0.0,0.95,-0.002280912364945925,0.9801212600442797
2005-12-12,0.05,0.0,0.0,0.95,-0.0004763337344564966,0.9796543952242626
2005-12-13,0.05,0.0,0.0,0.95,0.0004765726898765421,0.980121271754544
2005-12-14,0.05,0.0,0.0,0.95,0.002476935419173698,0.9825489688476383
2005-12-15,0.05,0.0,0.0,0.95,-0.0003800760152030624,0.9821755255508168
2005-12-16,0.05,0.0,0.0,0.95,0.0005703422053232599,0.982735701706074
2005-12-19,0.05,0.0,0.0,0.95,-0.00018999999999997906,0.9825489819227499
2005-12-20,0.05,0.0,0.0,0.95,-0.0008551710342068641,0.9817087344937201
2005-12-21,0.05,0.0,0.0,0.95,-0.0007608369206126452,0.9809618142432294
2005-12-22,0.05,0.0,0.0,0.95,0.0016180743412484875,0.9825490833846008
2005-12-23,0.05,0.0,0.0,0.95,0.001425285057011405,0.9839494959109291
2005-12-27,0.05,0.0,0.0,0.95,0.0011385199240986576,0.9850697420163306
2005-12-28,0.05,0.0,0.0,0.95,-0.0011371571072319674,0.9839495629580776
2005-12-29,0.05,0.0,0.0,0.95,-9.487666034151964e-05,0.9838562091095997
2005-12-30,0.05,0.0,0.0,0.95,-0.0006642029564523089,0.9832027289067852
2006-01-03,0.05,0.0,0.0,0.95,0.0018040979510245525,0.9849765229354477
2006-01-04,0.05,0.0,0.0,0.95,0.000568635275339191,0.9855366153317696
2006-01-05,0.05,0.0,0.0,0.95,-9.471585244253399e-05,0.9854432693911351
2006-01-06,0.05,0.0,0.0,0.95,-0.0010419782630371633,0.9844164589249732
2006-01-09,0.05,0.0,0.0,0.95,9.482930724682425e-05,0.9845098104558155
2006-01-10,0.05,0.0,0.0,0.95,-0.0015171174767940998,0.9830161934162978
2006-01-11,0.05,0.0,0.0,0.95,-0.0011396581025693074,0.981895891046514
2006-01-12,0.05,0.0,0.0,0.95,0.0016164548093284491,0.983483081381856
2006-01-13,0.05,0.0,0.0,0.95,0.0018035571542766027,0.9852568493293924
2006-01-17,0.05,0.0,0.0,0.95,0.00047372095342572694,0.985723586143426
2006-01-18,0.05,0.0,0.0,0.95,-0.00028409090909081166,0.9854435510337264
2006-01-19,0.05,0.0,0.0,0.95,-0.001326154152956399,0.9841367009760189
2006-01-20,0.05,0.0,0.0,0.95,0.0004742885671493058,0.9846034657618039
2006-01-23,0.05,0.0,0.0,0.95,0.00018962075848293346,0.9847901670177865
2006-01-24,0.05,0.0,0.0,0.95,-0.0008531231291159291,0.9839500197489778
2006-01-25,0.05,0.0,0.0,0.95,-0.0027514231499050188,0.9812427568862909
2006-01-26,0.05,0.0,0.0,0.95,-0.0012369791666668073,0.98002898003858
2006-01-27,0.05,0.0,0.0,0.95,0.0002858289038210504,0.9803091006476572
2006-01-30,0.05,0.0,0.0,0.95,-0.0008572287948665324,0.9794687514587124
2006-01-31,0.05,0.0,0.0,0.95,0.0,0.9794687514587124
2006-02-01,0.05,0.0,0.0,0.95,-0.0014300050175615419,0.9780681062295817
2006-02-02,0.05,0.0,0.0,0.95,-9.547738693473917e-05,0.9779747228425547
2006-02-03,0.05,0.0,0.0,0.95,0.00047743491808224233,0.9784416421242416
2006-02-06,0.05,0.0,0.0,0.95,-0.0004771950974484018,0.9779747345694806
2006-02-07,0.05,0.0,0.0,0.95,-0.0002864609508493876,0.9776945829971091
2006-02-08,0.05,0.0,0.0,0.95,-0.0009551578524028769,0.9767607303389076
2006-02-09,0.05,0.0,0.0,0.95,9.561191626403786e-05,0.9768541203040668
2006-02-10,0.05,0.0,0.0,0.95,-0.0011472275334608371,0.9757334463610793
2006-02-13,0.05,0.0,0.0,0.95,0.00028715365239305734,0.9760136317839638
2006-02-14,0.05,0.0,0.0,0.95,-0.0008612006446414743,0.9751730882150926
2006-02-15,0.05,0.0,0.0,0.95,9.577578384926121e-05,0.9752664861820052
2006-02-16,0.05,0.0,0.0,0.95,0.00019153225806455286,0.9754532811743183
2006-02-17,0.05,0.0,0.0,0.95,0.0014362023785527088,0.9768542294969079
2006-02-21,0.05,0.0,0.0,0.95,-0.0008604206500956279,0.9760137239457155
2006-02-22,0.05,0.0,0.0,0.95,0.0007655116841257081,0.9767608738552629
2006-02-23,0.05,0.0,0.0,0.95,-0.0014341787439614117,0.9753600241720465
2006-02-24,0.05,0.0,0.0,0.95,0.0,0.9753600241720465
2006-02-27,0.05,0.0,0.0,0.95,-0.0006702953331317041,0.9747062448997208
2006-02-28,0.05,0.0,0.0,0.95,0.002970546701633969,0.9776016553205696
2006-03-01,0.05,0.0,0.0,0.95,-0.000955253896430469,0.9766677975301677
2006-03-02,0.05,0.0,0.0,0.95,-0.0011474584801206555,0.975547111783631
2006-03-03,0.05,0.0,0.0,0.95,-0.0013403204676004975,0.9742395660225989
2006-03-06,0.05,0.0,0.0,0.95,-0.0011504692703603657,0.9731187333399207
2006-03-07,0.05,0.0,0.0,0.95,0.0,0.9731187333399207
2006-03-08,0.05,0.0,0.0,0.95,0.0001919773668787372,0.9733055501120078
2006-03-09,0.05,0.0,0.0,0.95,0.0001919385796546824,0.9734923649968663
2006-03-10,0.05,0.0,0.0,0.95,-0.0006716493283507374,0.9728385195037615
2006-03-13,0.05,0.0,0.0,0.95,-0.000384071154234783,0.9724648802906917
2006-03-14,0.05,0.0,0.0,0.95,0.002785642062689442,0.9751738193657177
2006-03-15,0.05,0.0,0.0,0.95,-0.0005746547030950399,0.974613431144084
2006-03-16,0.05,0.0,0.0,0.95,0.002875012609704597,0.9774154570482108
2006-03-17,0.05,0.0,0.0,0.95,-0.0006688122297093757,0.9767617496370299
2006-03-20,0.05,0.0,0.0,0.95,0.00038244766505636236,0.9771353098874951
2006-03-21,0.05,0.0,0.0,0.95,-0.0022937625754527735,0.9748939934825217
2006-03-22,0.05,0.0,0.0,0.95,9.580475998399729e-05,0.9749873929675771
2006-03-23,0.05,0.0,0.0,0.95,-0.0011495411918927055,0.9738666047977848
2006-03-24,0.05,0.0,0.0,0.95,0.002110045431600205,0.9759215075782264
2006-03-27,0.05,0.0,0.0,0.95,-0.000765588798226996,0.9751743530040757
2006-03-28,0.05,0.0,0.0,0.95,-0.0024901703800785766,0.9727460027148127
2006-03-29,0.05,0.0,0.0,0.95,-0.0007682199535025802,0.9719987198258373
2006-03-30,0.05,0.0,0.0,0.95,-0.00115326251896809,0.9708777501337772
2006-03-31,0.05,0.0,0.0,0.95,0.00048111009824767235,0.9713448492235305
2006-04-03,0.05,0.0,0.0,0.95,-0.0008655598299251665,0.9705040921410378
2006-04-04,0.05,0.0,0.0,0.95,0.0003850440774141761,0.970877778993823
2006-04-05,0.05,0.0,0.0,0.95,0.001154664235794456,0.9719988168425547
2006-04-06,0.05,0.0,0.0,0.95,-0.00115326251896809,0.9708778470386089
2006-04-07,0.05,0.0,0.0,0.95,-0.0020206624126405614,0.9689160306658327
2006-04-10,0.05,0.0,0.0,0.95,9.642712139681375e-05,0.969009460449545
2006-04-11,0.05,0.0,0.0,0.95,0.0008677560133969364,0.9698503242358886
2006-04-12,0.05,0.0,0.0,0.95,-0.0012522814844859898,0.9686357986321252
2006-04-13,0.05,0.0,0.0,0.95,-0.0015433038887196103,0.9671408992373433
2006-04-17,0.05,0.0,0.0,0.95,0.0010627478897589414,0.9681687261871073
2006-04-18,0.05,0.0,0.0,0.95,0.001737098740349463,0.9698505308618127
2006-04-19,0.05,0.0,0.0,0.95,-0.001155952139525529,0.968729430065643
2006-04-20,0.05,0.0,0.0,0.95,-0.00038578680203054657,0.9683557070367852
2006-04-21,0.05,0.0,0.0,0.95,0.0001929717651840135,0.9685425723468981
2006-04-24,0.05,0.0,0.0,0.95,0.0007717303005685294,0.9692900259973688
2006-04-25,0.05,0.0,0.0,0.95,-0.0023133116883118144,0.967047756050865
2006-04-26,0.05,0.0,0.0,0.95,-0.0011594792514238116,0.9659264842425881
2006-04-27,0.05,0.0,0.0,0.95,0.0016446028513238285,0.9675150496927426
2006-04-28,0.05,0.0,0.0,0.95,0.0009657415878823849,0.9684494192131329
2006-05-01,0.05,0.0,0.0,0.95,-0.0019295216817304783,0.9665807750611018
2006-05-02,0.05,0.0,0.0,0.95,0.0003866897323699714,0.9669545419223241
2006-05-03,0.05,0.0,0.0,0.95,-0.0009663309937952169,0.9660201437788736
2006-05-04,0.05,0.0,0.0,0.95,-0.00048365746868947457,0.9655529209214304
2006-05-05,0.05,0.0,0.0,0.95,0.0012581499592503875,0.9667677312895417
2006-05-08,0.05,0.0,0.0,0.95,-0.0005799165734052536,0.9662070866595335
2006-05-09,0.05,0.0,0.0,0.95,-9.671179883951052e-05,0.9661136430341312
2006-05-10,0.05,0.0,0.0,0.95,-0.00038688658114426896,0.9657398666297808
2006-05-11,0.05,0.0,0.0,0.95,-0.00029028315339170164,0.9654595286159394
2006-05-12,0.05,0.0,0.0,0.95,-0.0010646968925114464,0.9644316068559765
2006-05-15,0.05,0.0,0.0,0.95,0.0010658914728682522,0.965459586281889
2006-05-16,0.05,0.0,0.0,0.95,0.001355068772287238,0.9667678504181649
2006-05-17,0.05,0.0,0.0,0.95,-0.0011598331468105072,0.9656465610199791
2006-05-18,0.05,0.0,0.0,0.95,0.002032189059794265,0.9676089373969119
2006-05-19,0.05,0.0,0.0,0.95,9.656434234596167e-05,0.9677023739175998
2006-05-22,0.05,0.0,0.0,0.95,0.0006758816952941449,0.9683564262386234
2006-05-23,0.05,0.0,0.0,0.95,-0.0009648588259191181,0.9674220989941316
2006-05-24,0.05,0.0,0.0,0.95,0.0010624237494916476,0.9684499112078859
2006-05-25,0.05,0.0,0.0,0.95,-0.0010612369249517473,0.9674221564021459
2006-05-26,0.05,0.0,0.0,0.95,0.0006760878405856708,0.9680762187588025
2006-05-30,0.05,0.0,0.0,0.95,-0.0011581834806462354,0.9669550088742296
2006-05-31,0.05,0.0,0.0,0.95,0.0006764316956566096,0.9676090878905061
2006-06-01,0.05,0.0,0.0,0.95,0.00019312868469213427,0.9677959609609466
2006-06-02,0.05,0.0,0.0,0.95,0.004054878048780386,0.9717202555587454
2006-06-05,0.05,0.0,0.0,0.95,-0.0015381501720299394,0.9702256038804927
2006-06-06,0.05,0.0,0.0,0.95,0.000288870869653457,0.9705058737944459
2006-06-07,0.05,0.0,0.0,0.95,-0.0008663491741817907,0.9696650768321454
2006-06-08,0.05,0.0,0.0,0.95,0.0009634888438134204,0.9705993383159087
2006-06-09,0.05,0.0,0.0,0.95,0.0,0.9705993383159087
2006-06-12,0.05,0.0,0.0,0.95,-0.0002887537993921052,0.9703190740692825
2006-06-13,0.05,0.0,0.0,0.95,0.0007702442485050919,0.9710664567552992
2006-06-14,0.05,0.0,0.0,0.95,-0.003078481012658185,0.9680770471061488
2006-06-15,0.05,0.0,0.0,0.95,-0.0013512140607538359,0.9667689677882059
2006-06-16,0.05,0.0,0.0,0.95,-0.0008698748601078276,0.9659279997675946
2006-06-19,0.05,0.0,0.0,0.95,-0.0005804480651731781,0.9653673287290329
2006-06-20,0.05,0.0,0.0,0.95,-0.0004840024454860425,0.9649000885811356
2006-06-21,0.05,0.0,0.0,0.95,0.0,0.9649000885811356
2006-06-22,0.05,0.0,0.0,0.95,-0.0013558976450198433,0.963591782823349
2006-06-23,0.05,0.0,0.0,0.95,-0.0008728943338438655,0.962750669015984
2006-06-26,0.05,0.0,0.0,0.95,-9.707745759247599e-05,0.9626572076287405
2006-06-27,0.05,0.0,0.0,0.95,0.0006796116504854677,0.9633114406824688
2006-06-28,0.05,0.0,0.0,0.95,-0.0010671977124182442,0.9622833969166261
2006-06-29,0.05,0.0,0.0,0.95,0.001845414579286264,0.9640592087267013
2006-06-30,0.05,0.0,0.0,0.95,0.0023265306122449256,0.9663021219878205
2006-07-03,0.05,0.0,0.0,0.95,-0.00038680781758952394,0.9659283487728824
2006-07-05,0.05,0.0,0.0,0.95,-0.002321792260692501,0.963685663808318
2006-07-06,0.05,0.0,0.0,0.95,0.0011637403021641957,0.9648071436539096
2006-07-07,0.05,0.0,0.0,0.95,0.0015497553017943643,0.9663023586399965
2006-07-10,0.05,0.0,0.0,0.95,0.0,0.9663023586399965
2006-07-11,0.05,0.0,0.0,0.95,0.0008703175895765081,0.9671433485795702
2006-07-12,0.05,0.0,0.0,0.95,-9.661344452356889e-05,0.9670499095293158
2006-07-13,0.05,0.0,0.0,0.95,0.0011594792514240226,0.9681711838345065
2006-07-14,0.05,0.0,0.0,0.95,0.0006755383990249553,0.9688252206460161
2006-07-17,0.05,0.0,0.0,0.95,-0.00048218454979196963,0.9683580680931717
2006-07-18,0.05,0.0,0.0,0.95,-0.0021226894170221443,0.9663025446701424
2006-07-19,0.05,0.0,0.0,0.95,0.0025142508143322748,0.9687320716299708
2006-07-20,0.05,0.0,0.0,0.95,0.0013502538071066494,0.9700401057977555
2006-07-21,0.05,0.0,0.0,0.95,-0.00038523925385240964,0.9696664082711911
2006-07-24,0.05,0.0,0.0,0.95,-9.634888438123656e-05,0.9695729819945322
2006-07-25,0.05,0.0,0.0,0.95,-0.0006745105994523659,0.9689189947412343
2006-07-26,0.05,0.0,0.0,0.95,0.0011571254567600774,0.9700401555755879
2006-07-27,0.05,0.0,0.0,0.95,9.630981346310241e-05,0.9701335799620232
2006-07-28,0.05,0.0,0.0,0.95,0.001926001013684564,0.9720020582204395
2006-07-31,0.05,0.0,0.0,0.95,0.0005766312594841505,0.9725625449914923
2006-08-01,0.05,0.0,0.0,0.95,0.00019209382266727193,0.9727493682485426
2006-08-02,0.05,0.0,0.0,0.95,0.00048013747093911263,0.9732164216700712
2006-08-03,0.05,0.0,0.0,0.95,-9.597898565373851e-05,0.9731230133450978
2006-08-04,0.05,0.0,0.0,0.95,0.0019197736687886378,0.9749911892826099
2006-08-07,0.05,0.0,0.0,0.95,-0.0008621558939196083,0.9741505948822502
2006-08-08,0.05,0.0,0.0,0.95,0.00047941057731117894,0.9746176129813306
2006-08-09,0.05,0.0,0.0,0.95,-0.0001916675073135976,0.9744308104528666
2006-08-10,0.05,0.0,0.0,0.95,-0.00019170618504685266,0.9742440060396026
2006-08-11,0.05,0.0,0.0,0.95,-0.0013422141487536897,0.9729363619503578
2006-08-14,0.05,0.0,0.0,0.95,-0.0012481051035878044,0.9717220351115414
2006-08-15,0.05,0.0,0.0,0.95,0.00230722525804512,0.9739640167347499
2006-08-16,0.05,0.0,0.0,0.95,0.0019180294770845484,0.9758321084284669
2006-08-17,0.05,0.0,0.0,0.95,-0.00019141648196662752,0.9756453180792815
2006-08-18,0.05,0.0,0.0,0.95,0.0010530028214430275,0.9766726753519467
2006-08-21,0.05,0.0,0.0,0.95,0.0003824861600402185,0.9770462391331584
2006-08-22,0.05,0.0,0.0,0.95,9.558305664564282e-05,0.9771396281991788
2006-08-23,0.05,0.0,0.0,0.95,-0.00028672032193164944,0.9768594624104093
2006-08-24,0.05,0.0,0.0,0.95,9.560229445499946e-05,0.9769528524163757
2006-08-25,0.05,0.0,0.0,0.95,0.00047796337291206026,0.9774198000968929
2006-08-28,0.05,0.0,0.0,0.95,-0.0003821784169767861,0.9770462513449701
2006-08-29,0.05,0.0,0.0,0.95,0.0002867491699367175,0.9773264185465331
2006-08-30,0.05,0.0,0.0,0.95,0.0008599879299939772,0.9781669074701473
2006-08-31,0.05,0.0,0.1959424471192779,0.7540575528807221,0.0017184202592703368,0.9798478093008919
2006-09-01,0.05,0.0,0.05,0.9,0.000456203766689229,0.9802948195622773
2006-09-05,0.05,0.0,0.05,0.9,-0.0014480277053006696,0.9788753255041884
2006-09-06,0.05,0.0,0.05,0.9,-0.0005820915489378576,0.9783055304497487
2006-09-07,0.05,0.0,0.05,0.9,0.00010040005983232846,0.9784037523835402
2006-09-08,0.05,0.0,0.05,0.9,0.0008785681913804799,0.9792633467987117
2006-09-11,0.05,0.0,0.11552097414167514,0.8344790258583248,-0.0010633977189705378,0.9782220003894545
2006-09-12,0.05,0.0,0.25685525746922905,0.6931447425307709,0.0008929191380866815,0.9790954735348997
2006-09-13,0.05,0.0,0.25685525746922905,0.6931447425307709,0.0002855224480427815,0.9793750272713709
2006-09-14,0.05,0.0,0.17215344827508494,0.777846551724915,-0.0010977623734635565,0.9782999062169225
2006-09-15,0.05,0.0,0.17215344827508494,0.777846551724915,-0.0003812769835290731,0.9779269029796933
2006-09-18,0.05,0.0,0.2812720868058885,0.6687279131941113,-0.0005721451043204051,0.9773673868897703
2006-09-19,0.05,0.05,0.3690205081103881,0.530979491889612,0.0027143695488699117,0.9800203231628024
2006-09-20,0.05,0.05,0.3690205081103881,0.530979491889612,9.355157056198519e-05,0.980112005603217
2006-09-21,0.05,0.07055785435550642,0.4052482327795851,0.4741939128649084,0.0029725908944270643,0.9830254776265919
2006-09-22,0.05,0.07055785435550642,0.4052482327795851,0.4741939128649084,0.0016354599159586574,0.9846331763916163
2006-09-25,0.05,0.07055785435550642,0.4052482327795851,0.4741939128649084,0.001204650777131111,0.9858193155127455
2006-09-26,0.05,0.07055785435550642,0.4052482327795851,0.4741939128649084,-0.0010850201067795352,0.9847496817337624
2006-09-27,0.05,0.07055785435550642,0.4052482327795851,0.4741939128649084,-9.461441071942028e-06,0.9847403645826781
2006-09-28,0.05,0.07055785435550642,0.4052482327795851,0.4741939128649084,-0.0008597657075685504,0.9838937185863514
2006-09-29,0.05,0.07055785435550642,0.4052482327795851,0.4741939128649084,-0.0003358907509679981,0.9835632377863428
2006-10-02,0.05,0.07055785435550642,0.4052482327795851,0.4741939128649084,0.00088747814707429,0.9844361286661437
2006-10-03,0.05,0.07055785435550642,0.4052482327795851,0.4741939128649084,0.0001488108216608438,0.984582623415323
2006-10-04,0.05,0.07055785435550642,0.4052482327795851,0.4741939128649084,0.0019399556524244467,0.9864926700408965
2006-10-05,0.05,0.07055785435550642,0.4052482327795851,0.4741939128649084,-0.001622367573383628,0.9848922163216415
2006-10-06,0.05,0.07055785435550642,0.4052482327795851,0.4741939128649084,-0.0031133019859726926,0.9818259494285982
2006-10-09,0.05,0.07055785435550642,0.4052482327795851,0.4741939128649084,0.0,0.9818259494285982
2006-10-10,0.05,0.07055785435550642,0.4052482327795851,0.4741939128649084,-0.0019579948496800297,0.9799035392763348
2006-10-11,0.05,0.07055785435550642,0.4052482327795851,0.4741939128649084,-0.0014065560515132925,0.9785252500232664
2006-10-12,0.05,0.12,0.4133128959585367,0.41668710404146336,0.0004634361282146084,0.9789787339764974
2006-10-13,0.05,0.12,0.4133128959585367,0.41668710404146336,-0.000805778985216101,0.9781898934856857
2006-10-16,0.05,0.12,0.4133128959585367,0.41668710404146336,0.0006706173962337605,0.9788458846450774
2006-10-17,0.05,0.12,0.4133128959585367,0.41668710404146336,0.0004685715916282161,0.9793045440192042
2006-10-18,0.05,0.12,0.4133128959585367,0.41668710404146336,0.00033766777249209383,0.9796352236031745
2006-10-19,0.05,0.12,0.4133128959585367,0.41668710404146336,-0.0005802913138275733,0.979066749792198
2006-10-20,0.05,0.12,0.4133128959585367,0.41668710404146336,-5.38702817425573e-05,0.979014007190542
2006-10-23,0.05,0.12,0.4133128959585367,0.41668710404146336,-0.0013704795969741337,0.9776722884685355
2006-10-24,0.05,0.12,0.4133128959585367,0.41668710404146336,1.7219578366706624e-05,0.9776891235731238
2006-10-25,0.05,0.12,0.4133128959585367,0.41668710404146336,0.0015079718747150615,0.9791634512736869
2006-10-26,0.05,0.12,0.4133128959585367,0.41668710404146336,0.001980990211372976,0.9811031644859942
2006-10-27,0.05,0.12,0.4133128959585367,0.41668710404146336,0.001622691577307461,0.9826951923274753
2006-10-30,0.05,0.12,0.4133128959585367,0.41668710404146336,0.00010027232974915667,0.9827937294638432
2006-10-31,0.05,0.12,0.4822828368329619,0.34771716316703805,0.0026413960419814555,0.9853896769309334
2006-11-01,0.05,0.12,0.4822828368329619,0.34771716316703805,0.0018781330784560018,0.9872403698783465
2006-11-02,0.05,0.12,0.4822828368329619,0.34771716316703805,-0.0009528399976509958,0.9862996877666307
2006-11-03,0.05,0.12,0.5512962353073083,0.27870376469269165,-0.004227840647436705,0.9821297698561368
2006-11-06,0.05,0.12,0.5512962353073083,0.27870376469269165,0.00028678019008222935,0.9824114252182216
2006-11-07,0.05,0.12,0.5512962353073083,0.27870376469269165,0.001967207031361707,0.9843440318816009
2006-11-08,0.05,0.12,0.5512962353073083,0.27870376469269165,0.0010054484951726229,0.9853337391071885
2006-11-09,0.05,0.12,0.5512962353073083,0.27870376469269165,0.00012199115965884298,0.9854539411126731
2006-11-10,0.05,0.12,0.5512962353073083,0.27870376469269165,0.0012235316107914217,0.9866596751606035
2006-11-13,0.05,0.12,0.5512962353073083,0.27870376469269165,-0.0005254386673744183,0.986141246015735
2006-11-14,0.05,0.12,0.5512962353073083,0.27870376469269165,0.0011334109738730324,0.9872589493257581
2006-11-15,0.05,0.12,0.5512962353073083,0.27870376469269165,-0.0019163668324293794,0.9853669990202512
2006-11-16,0.05,0.12,0.6034253073839878,0.2265746926160121,-0.0013005494028832433,0.9840854805580544
2006-11-17,0.05,0.12,0.6034253073839878,0.2265746926160121,0.0022200142073111225,0.986270164306102
2006-11-20,0.05,0.12,0.6034253073839878,0.2265746926160121,0.00022443376623642656,0.9864915166336039
2006-11-21,0.05,0.12,0.6034253073839878,0.2265746926160121,0.0003641028898196937,0.9868507010455927
2006-11-22,0.05,0.12,0.6034253073839878,0.2265746926160121,0.0003168690353113129,0.9871634034752292
2006-11-24,0.05,0.12,0.6034253073839878,0.2265746926160121,0.0006953864235820608,0.9878498635038631
2006-11-27,0.05,0.12,0.6034253073839878,0.2265746926160121,0.00024508626056555084,0.9880919719329095
2006-11-28,0.05,0.12,0.6034253073839878,0.2265746926160121,0.0010811302898014246,0.989160228092876
2006-11-29,0.05,0.12,0.6034253073839878,0.2265746926160121,-0.0002667735071862603,0.9888963463496584
2006-11-30,0.05,0.12,0.533021601714903,0.29697839828509687,0.003432108592516603,0.9922903459970733
2006-12-01,0.05,0.12,0.533021601714903,0.29697839828509687,0.001911591323610392,0.9941871996129836
2006-12-04,0.05,0.12,0.533021601714903,0.29697839828509687,-3.509008673799933e-05,0.9941523134979154
2006-12-05,0.05,0.12,0.533021601714903,0.29697839828509687,0.0001550657551155607,0.9943064724771078
2006-12-06,0.05,0.12,0.533021601714903,0.29697839828509687,-0.0014090535208188127,0.992905441441291
2006-12-07,0.05,0.12,0.533021601714903,0.29697839828509687,0.00011132209082949304,0.9930159737510282
2006-12-08,0.05,0.12,0.533021601714903,0.29697839828509687,-0.0026978578628124917,0.9903369577983456
2006-12-11,0.05,0.12,0.533021601714903,0.29697839828509687,0.0010128763854250242,0.9913400467165133
2006-12-12,0.05,0.12,0.533021601714903,0.29697839828509687,0.001199088159573454,0.992528750828642
2006-12-13,0.05,0.12,0.533021601714903,0.29697839828509687,-0.003125181969357269,0.9894269178724836
2006-12-14,0.05,0.12,0.5888048415852953,0.24119515841470449,-0.0008562726872434229,0.9885796986266859
2006-12-15,0.05,0.12,0.5888048415852953,0.24119515841470449,0.00010680749376610412,0.9886852863466842
2006-12-18,0.05,0.12,0.5888048415852953,0.24119515841470449,0.0002449320254511083,0.9889274470364029
2006-12-19,0.05,0.12,0.5888048415852953,0.24119515841470449,-0.00029247471667479794,0.9886382107615189
2006-12-20,0.05,0.12,0.5888048415852953,0.24119515841470449,0.0001874831356290595,0.9888235637532752
2006-12-21,0.05,0.12,0.5888048415852953,0.24119515841470449,0.0018045219687014224,0.9906079175972377
2006-12-22,0.05,0.12,0.5888048415852953,0.24119515841470449,-0.002524976890039264,0.9881066554982147
2006-12-26,0.05,0.12,0.5888048415852953,0.24119515841470449,0.0005625559171103552,0.9886625207440013
2006-12-27,0.05,0.12,0.648950683793312,0.1810493162066878,-0.001886537747128962,0.986797371579446
2006-12-28,0.05,0.12,0.648950683793312,0.1810493162066878,-0.001197610498168951,0.985615572687677
2006-12-29,0.05,0.12,0.7159456852061207,0.11405431479387923,-0.0005403982933496294,0.9850829477142977
2007-01-03,0.05,0.12,0.7159456852061207,0.11405431479387923,0.001472087677162269,0.9865330761826107
2007-01-04,0.05,0.12,0.6343336201795096,0.19566637982049034,0.001716409276175275,0.9882263707058242
2007-01-05,0.05,0.12,0.6343336201795096,0.19566637982049034,-0.0011662223705048004,0.9870738790051843
2007-01-08,0.05,0.12,0.6343336201795096,0.19566637982049034,-0.0004933662643135422,0.986586890052898
2007-01-09,0.05,0.12,0.6343336201795096,0.19566637982049034,0.00015321257870172042,0.9867380475744364
2007-01-10,0.05,0.12,0.6343336201795096,0.19566637982049034,-0.0007327003596956795,0.9860150642520532
2007-01-11,0.05,0.12,0.6343336201795096,0.19566637982049034,-0.0018510813619277986,0.9841898701440361
2007-01-12,0.05,0.12,0.6886749360745472,0.14132506392545285,-0.0010612941240258971,0.9831453552179265
2007-01-16,0.05,0.12,0.6886749360745472,0.14132506392545285,0.0009251752301248768,0.9840549369481865
2007-01-17,0.05,0.12,0.6886749360745472,0.14132506392545285,-0.0011028648290725258,0.9829696573683512
2007-01-18,0.05,0.12,0.6886749360745472,0.14132506392545285,0.0011566140429047442,0.9841065738778126
2007-01-19,0.05,0.12,0.6886749360745472,0.14132506392545285,-0.0007967895607669073,0.9833224480330647
2007-01-22,0.05,0.12,0.6886749360745472,0.14132506392545285,0.0004719143178028675,0.9837864919753085
2007-01-23,0.05,0.12,0.6886749360745472,0.14132506392545285,-0.0011415151313406238,0.9826634848087102
2007-01-24,0.05,0.12,0.7538825296153844,0.07611747038461562,8.251473477408843e-05,0.9827445690255314
2007-01-25,0.88,0.12,0.0,0.0,-0.0018499454559359532,0.9809265451757169
2007-01-26,0.88,0.12,0.0,0.0,-0.00011778563015311327,0.9808110061244595
2007-01-29,0.88,0.12,0.0,0.0,2.3580271173102573e-05,0.9808341339139534
2007-01-30,0.88,0.12,0.0,0.0,-0.0001178781925343797,0.9807185149590716
2007-01-31,0.88,0.12,0.0,0.0,-0.00014159292035399227,0.9805796521604933
2007-02-01,0.88,0.12,0.0,0.0,0.00017720023626699444,0.9807534111065347
2007-02-02,0.05,0.12,0.7799999999999999,0.05,4.7183721616042005e-05,0.9807996867024583
2007-02-05,0.05,0.12,0.7799999999999999,0.05,0.0008650298427705394,0.981648107701236
2007-02-06,0.05,0.12,0.7085020172779615,0.12149798272203852,0.0016255414775935503,0.9832438174167056
2007-02-07,0.05,0.12,0.7085020172779615,0.12149798272203852,0.0011766062801385493,0.9844007082671856
2007-02-08,0.05,0.12,0.7085020172779615,0.12149798272203852,0.00014040864393137558,0.9845389266357185
2007-02-09,0.05,0.12,0.7799999999999998,0.05,-0.001726994044876633,0.9828386337724694
2007-02-12,0.05,0.12,0.0,0.8299999999999998,-0.0006004431840053846,0.9822484950138435
2007-02-13,0.88,0.12,0.0,0.0,-0.00032124235938932647,0.9819329551897986
2007-02-14,0.05,0.12,0.7202287999786086,0.10977120002139147,0.00021159874608151164,0.982140730971853
2007-02-15,0.05,0.12,0.7202287999786086,0.10977120002139147,0.0012131616119374223,0.9833322264041883
2007-02-16,0.05,0.12,0.7202287999786086,0.10977120002139147,0.0005767848645637937,0.983899397549216
2007-02-20,0.05,0.12,0.7202287999786086,0.10977120002139147,0.0004123046444114695,0.9843050638404592
2007-02-21,0.05,0.12,0.7202287999786086,0.10977120002139147,-0.0003286991698006665,0.9839815235831443
2007-02-22,0.05,0.12,0.7202287999786086,0.10977120002139147,-0.0013522393935954241,0.9826509450043851
2007-02-23,0.05,0.12,0.7202287999786086,0.10977120002139147,0.0018256278477307337,0.9844448999341839
2007-02-26,0.05,0.12,0.7202287999786086,0.10977120002139147,0.001728915619616422,0.986146922098332
2007-02-27,0.05,0.12,0.6203775432671732,0.20962245673282673,0.0035370142398900213,0.9896349378044176
2007-02-28,0.05,0.12,0.6203775432671732,0.20962245673282673,-0.0011295820995388356,0.9885170638935955
2007-03-01,0.05,0.12,0.6203775432671732,0.20962245673282673,-0.0001718824075024088,0.9883471552007962
2007-03-02,0.05,0.12,0.6203775432671732,0.20962245673282673,0.0012986636370603609,0.9896306857120476
2007-03-05,0.05,0.12,0.5579592856784268,0.27204071432157334,-0.00102670960305067,0.9886146223835535
2007-03-06,0.05,0.12,0.5579592856784268,0.27204071432157334,-0.000505803386330004,0.9881145777597765
2007-03-07,0.05,0.12,0.5579592856784268,0.27204071432157334,0.0012692894816409338,0.989368781199983
2007-03-08,0.05,0.12,0.5579592856784268,0.27204071432157334,0.00014676939714261788,0.9895139902595514
2007-03-09,0.05,0.12,0.6103727266059529,0.21962727339404714,-0.003014523610589832,0.9865310769729051
2007-03-12,0.05,0.12,0.6103727266059529,0.21962727339404714,0.001401724842101871,0.9879139220910036
2007-03-13,0.05,0.12,0.5365857796406618,0.29341422035933823,0.0020191545349789587,0.9899086729669626
2007-03-14,0.05,0.12,0.5365857796406618,0.29341422035933823,-0.001011515796553926,0.9889073647071108
2007-03-15,0.05,0.12,0.5365857796406618,0.29341422035933823,-0.0006481832007559005,0.9882663715662039
2007-03-16,0.05,0.12,0.5365857796406618,0.29341422035933823,-0.0005563274154113723,0.9877165718899725
2007-03-19,0.05,0.12,0.5365857796406618,0.29341422035933823,-0.0008601159997042888,0.9868670210633169
2007-03-20,0.05,0.12,0.5365857796406618,0.29341422035933823,0.0006205045386316803,0.9874793765289126
2007-03-21,0.05,0.12,0.5365857796406618,0.29341422035933823,0.0015516873403252749,0.9890116357763047
2007-03-22,0.05,0.12,0.5365857796406618,0.29341422035933823,-0.0019861682648054354,0.9870472922518024
2007-03-23,0.05,0.12,0.5365857796406618,0.29341422035933823,-0.0008436962031847376,0.9862145241989658
2007-03-26,0.05,0.12,0.5365857796406618,0.29341422035933823,0.000979555880466062,0.987180576435546
2007-03-27,0.05,0.12,0.5365857796406618,0.29341422035933823,-0.000680087872747333,0.9865092068973005
2007-03-28,0.05,0.12,0.5365857796406618,0.29341422035933823,-0.00021777726134286323,0.9862943676239329
2007-03-29,0.05,0.12,0.5365857796406618,0.29341422035933823,-0.000714933611910487,0.9855892326292806
2007-03-30,0.05,0.12,0.5365857796406618,0.29341422035933823,-0.0005400814300364271,0.9850569341870936
2007-04-02,0.05,0.12,0.5365857796406618,0.29341422035933823,7.602704568583697e-05,0.9851318251556322
2007-04-03,0.05,0.12,0.5365857796406618,0.29341422035933823,-0.0009512901800675169,0.9841946789242897
2007-04-04,0.05,0.12,0.5365857796406618,0.29341422035933823,0.000475802729370789,0.9846629614387541
2007-04-05,0.05,0.12,0.5365857796406618,0.29341422035933823,-0.0008165785304474817,0.9838589068047163
2007-04-09,0.05,0.12,0.5365857796406618,0.29341422035933823,-0.002745423584327645,0.9811577973583239
2007-04-10,0.05,0.12,0.5365857796406618,0.29341422035933823,0.0010206199399863086,0.9821591865705808
2007-04-11,0.05,0.12,0.5365857796406618,0.29341422035933823,-0.00047112066348260295,0.9816964710829581
2007-04-12,0.05,0.12,0.5365857796406618,0.29341422035933823,-8.250087496294831e-05,0.9816154802651457
2007-04-13,0.05,0.12,0.5365857796406618,0.29341422035933823,-0.0008786315829758381,0.9807530019018467
2007-04-16,0.05,0.12,0.5365857796406618,0.29341422035933823,0.0007375779982830116,0.9814763837377994
2007-04-17,0.05,0.12,0.5365857796406618,0.29341422035933823,0.0018989128923750551,0.9833401218964407
2007-04-18,0.05,0.12,0.5365857796406618,0.29341422035933823,0.0013890312773771618,0.9847060120820548
2007-04-19,0.05,0.12,0.5365857796406618,0.29341422035933823,-0.00029395253494443347,0.9844165552536281
2007-04-20,0.05,0.12,0.5365857796406618,0.29341422035933823,0.00017056884120637171,0.9845844660447222
2007-04-23,0.05,0.12,0.5365857796406618,0.29341422035933823,0.0008346255926453027,0.985406225438204
2007-04-24,0.05,0.12,0.5365857796406618,0.29341422035933823,0.0011394297622156655,0.9865290266193408
2007-04-25,0.05,0.12,0.5365857796406618,0.29341422035933823,-0.0008975105684258819,0.9856436063918911
2007-04-26,0.05,0.12,0.5365857796406618,0.29341422035933823,-0.0014445162423337944,0.9842198281933056
2007-04-27,0.05,0.12,0.5873241725289639,0.24267582747103608,-0.00030596235551048597,0.9839186939763314
2007-04-30,0.05,0.12,0.5873241725289639,0.24267582747103608,0.0023702877517923944,0.986250864405423
2007-05-01,0.05,0.12,0.5873241725289639,0.24267582747103608,-0.0005752103093225556,0.9856835627406387
2007-05-02,0.05,0.12,0.5873241725289639,0.24267582747103608,-0.0002913133063731008,0.9853964200029391
2007-05-03,0.05,0.12,0.5873241725289639,0.24267582747103608,-0.0011503059423855757,0.9842629126454043
2007-05-04,0.05,0.12,0.5873241725289639,0.24267582747103608,0.0012202302763582458,0.9854639400513108
2007-05-07,0.05,0.12,0.5873241725289639,0.24267582747103608,2.3430635555978794e-05,0.9854870300977436
2007-05-08,0.05,0.12,0.5873241725289639,0.24267582747103608,0.00022233490308006023,0.9857061382610671
2007-05-09,0.05,0.12,0.5873241725289639,0.24267582747103608,-0.001558667969265225,0.9841697496762515
2007-05-10,0.05,0.12,0.5873241725289639,0.24267582747103608,0.0009396390246460485,0.9850945139799235
2007-05-11,0.05,0.12,0.5873241725289639,0.24267582747103608,-0.000691554930492329,0.9844132670117798
2007-05-14,0.05,0.12,0.5873241725289639,0.24267582747103608,-0.0005759511975821798,0.9838462930117287
2007-05-15,0.05,0.12,0.5873241725289639,0.24267582747103608,-0.0006340875486976139,0.9832224483274976
2007-05-16,0.05,0.12,0.5873241725289639,0.24267582747103608,0.00014140830047720137,0.9833614841429066
2007-05-17,0.05,0.12,0.0,0.83,-0.001761686634218892,0.9816291093596863
2007-05-18,0.05,0.12,0.0,0.83,-0.0011848384941018709,0.980466037403986
2007-05-21,0.88,0.12,0.0,0.0,0.0004739332742821256,0.9809307128834152
2007-05-22,0.88,0.12,0.0,0.0,-2.3412350014644366e-05,0.980907746990225
2007-05-23,0.88,0.12,0.0,0.0,-1.1708459361874368e-05,0.9808962620717316
2007-05-24,0.88,0.12,0.0,0.0,-2.3419203747079288e-05,0.9808732902623155
2007-05-25,0.88,0.12,0.0,0.0,-5.855943782938855e-05,0.9808158508738559
2007-05-29,0.88,0.12,0.0,0.0,-3.515281710770424e-05,0.9807813724336337
2007-05-30,0.88,0.12,0.0,0.0,-0.0001054893533893253,0.9806779104408394
2007-05-31,0.88,0.12,0.0,0.0,-3.519405611496662e-05,0.9806433964074287
2007-06-01,0.88,0.12,0.0,0.0,-4.6939174652855796e-05,0.9805973658157726
2007-06-04,0.88,0.12,0.0,0.0,-4.695754255526818e-05,0.9805513193732378
2007-06-05,0.88,0.12,0.0,0.0,-9.395184967706083e-05,0.9804591947630794
2007-06-06,0.88,0.12,0.0,0.0,-0.00019980411361409268,0.980263294982735
2007-06-07,0.88,0.12,0.0,0.0,-0.0005062297655253633,0.9797670565247627
2007-06-08,0.88,0.12,0.0,0.0,-0.0002364532019704457,0.9795353874670623
2007-06-11,0.88,0.12,0.0,0.0,0.0,0.9795353874670623
2007-06-12,0.1,0.0,0.0,0.9,-0.00040276406712735024,0.9791408658105109
2007-06-13,0.1,0.0,0.0,0.9,0.0009106546595163634,0.9800325250022841
2007-06-14,0.1,0.0,0.0,0.9,-0.0005458404932780492,0.9794975835654083
2007-06-15,0.1,0.0,0.0,0.9,0.0016385152220085963,0.9811025052660008
2007-06-18,0.1,0.0,0.0,0.9,0.000817768803634511,0.9819048202879751
2007-06-19,0.1,0.0,0.0,0.9,0.0019063949969738258,0.9837767187248765
2007-06-20,0.1,0.0,0.0,0.9,-0.0010870659285353579,0.9827072885726643
2007-06-21,0.1,0.0,0.0,0.9,-0.0006348886425477041,0.9820833788762007
2007-06-22,0.1,0.0,0.0,0.9,0.0009983864461476255,0.9830638776106575
2007-06-25,0.1,0.0,0.0,0.9,0.0019038984587488761,0.9849355314120922
2007-06-26,0.1,0.0,0.0,0.9,-0.0008142340168878049,0.984133563397975
2007-06-27,0.1,0.0,0.0,0.9,0.0009055236945366696,0.9850247196582206
2007-06-28,0.1,0.0,0.0,0.9,-0.001809227057995666,0.9832425862826203
2007-06-29,0.1,0.0,0.0,0.9,0.0025380199415852233,0.9857380755740214
2007-07-02,0.1,0.0,0.0,0.9,0.0008134980415789083,0.9865399715680105
2007-07-03,0.1,0.0,0.0,0.9,-0.0014449127031907927,0.9851145074308865
2007-07-05,0.1,0.0,0.0,0.9,-0.0030753768844221318,0.9820849090462246
2007-07-06,0.1,0.0,0.0,0.9,-0.0010891488503427915,0.9810152723965978
2007-07-09,0.1,0.0,0.0,0.9,0.00099959612277869,0.9819958914592721
2007-07-10,0.1,0.0,0.0,0.9,0.003721633888048448,0.9856505206468512
2007-07-11,0.1,0.0,0.0,0.9,-0.0009943752511048065,0.9846704141628815
2007-07-12,0.1,0.0,0.0,0.9,-0.0014479638009049724,0.9832446470473516
2007-07-13,0.1,0.0,0.0,0.9,0.00027193070802682405,0.9835120214603867
2007-07-16,0.1,0.0,0.0,0.9,0.0018123238018526112,0.9852944637062876
2007-07-17,0.1,0.0,0.0,0.9,-0.0011756430868167024,0.9841361090815525
2007-07-18,0.1,0.0,0.0,0.9,0.002354361605795341,0.9864531213516509
2007-07-19,0.1,0.0,0.0,0.9,-0.0005418966382338075,0.9859185657214152
2007-07-20,0.1,0.0,0.0,0.9,0.002259262978210619,0.98814601503648
2007-07-23,0.1,0.0,0.0,0.9,-0.0004507211538460898,0.9877006367244144
2007-07-24,0.1,0.0,0.0,0.9,0.000992083375087738,0.9886805181056724
2007-07-25,0.1,0.0,0.0,0.9,0.0011711711711711148,0.9898384322259762
2007-07-26,0.1,0.0,0.0,0.9,0.004948515445366431,0.9947366629962636
2007-07-27,0.1,0.0,0.0,0.9,-0.00026844303042350415,0.9944696328719755
2007-07-30,0.1,0.0,0.0,0.9,-0.0007160616608652082,0.9937575312949812
2007-07-31,0.1,0.0,0.0,0.9,0.0006270528515976093,0.9943806697887765
2007-08-01,0.1,0.0,0.0,0.9,0.00017903322060863758,0.9945586969625998
2007-08-02,0.1,0.0,0.0,0.9,-8.949880668264187e-05,0.9944696851460458
2007-08-03,0.1,0.0,0.0,0.9,0.002237692690203863,0.9966950026911265
2007-08-06,0.1,0.0,0.0,0.9,-0.0010714285714284678,0.9956271151882433
2007-08-07,0.1,0.0,0.0,0.9,-0.0007151370679380876,0.9949151053323279
2007-08-08,0.1,0.0,0.0,0.9,-0.00366799204771372,0.9912657646378186
2007-08-09,0.1,0.0,0.0,0.9,0.003233855674219077,0.9944713750554517
2007-08-10,0.1,0.0,0.0,0.9,0.0006265539532571696,0.9950944650268937
2007-08-13,0.1,0.0,0.0,0.9,8.944543828264262e-05,0.9951834716874507
2007-08-14,0.1,0.0,0.0,0.9,0.0016098578952599806,0.9967855756565789
2007-08-15,0.1,0.0,0.0,0.9,0.0018748140065468545,0.9986543632153436
2007-08-16,0.1,0.0,0.0,0.9,0.004810928529004221,1.003458817981951
2007-08-17,0.1,0.0,0.0,0.9,-0.0018609688853880146,1.0015914123439185
2007-08-20,0.1,0.0,0.0,0.9,0.001420818944252722,1.0030144923969777
2007-08-21,0.1,0.0,0.0,0.9,0.0017732243128754988,1.0047930620810623
2007-08-22,0.1,0.0,0.0,0.9,-0.0018582243633860518,1.0029259311329422
2007-08-23,0.1,0.0,0.0,0.9,-0.0007093596059112973,1.0022144959896755
2007-08-24,0.1,0.0,0.0,0.9,-0.001774797870242606,1.0004357678366667
2007-08-27,0.1,0.0,0.0,0.9,0.0009780675755779455,1.001414261622636
2007-08-28,0.1,0.0,0.0,0.9,0.0035527484456725268,1.0049720345840902
2007-08-29,0.1,0.0,0.0,0.9,-0.0008846947803008876,1.0040829410707455
2007-08-30,0.1,0.0,0.0,0.9,0.0018596871002656723,1.0059502211638516
2007-08-31,0.1,0.0,0.0,0.9,0.0005302435192458433,1.0064836197493077
2007-09-04,0.1,0.0,0.0,0.9,-0.00017664376840044184,1.0063058306898818
2007-09-05,0.1,0.0,0.0,0.9,0.0035335689045935983,1.0098616816817187
2007-09-06,0.1,0.0,0.0,0.9,-0.001231912397340651,1.0086176205564557
2007-09-07,0.05,0.0,0.11220085493825754,0.8377991450617425,0.005110632465243681,1.0137722945130883
2007-09-10,0.05,0.0,0.11220085493825754,0.8377991450617425,0.0012792429696114507,1.0150691555936309
2007-09-11,0.05,0.0,0.0,0.95,-0.0022190979197378564,1.012816617742063
2007-09-12,0.05,0.0,0.0,0.95,-0.0014809041309430393,1.011316733428961
2007-09-13,0.05,0.0,0.0,0.95,-0.0027810304449648214,1.0085042308037928
2007-09-14,0.05,0.0,0.0,0.95,0.0005578391074572586,1.0090668139037713
2007-09-17,0.05,0.0,0.0,0.95,-0.0004645931142409687,1.0085980084102226
2007-09-18,0.05,0.0,0.0,0.95,0.0010226049515608237,1.0096294057277575
2007-09-19,0.05,0.0,0.0,0.95,-0.0008357771260997903,1.0087855805646124
2007-09-20,0.05,0.0,0.0,0.95,-0.004368457098131301,1.0043787440347025
2007-09-21,0.05,0.0,0.0,0.95,0.0012138785138589901,1.005597937811863
2007-09-24,0.05,0.0,0.0,0.95,0.00018651222145872335,1.0057854941171387
2007-09-25,0.05,0.0,0.0,0.95,0.0010256158602415133,1.0068170436719062
2007-09-26,0.05,0.0,0.0,0.95,0.00027941176470583915,1.0070983601988144
2007-09-27,0.05,0.0,0.0,0.95,0.0012104283054002794,1.0083173805603212
2007-09-28,0.05,0.0,0.0,0.95,-0.00018598277212209522,1.0081298508987055
2007-10-01,0.05,0.0,0.0,0.95,-0.0002790287840219396,1.007848553652273
2007-10-02,0.05,0.0,0.058155207509155926,0.891844792490844,0.0009303692096758187,1.0087862249146073
2007-10-03,0.05,0.0,0.0,0.95,-0.0006340409672545075,1.0081466131208094
2007-10-04,0.05,0.0,0.05,0.8999999999999999,0.00046504797336975877,1.0086154496601007
2007-10-05,0.05,0.0,0.0,0.95,-0.00400677768475301,1.0045741517839055
2007-10-08,0.05,0.0,0.0,0.95,0.0,1.0045741517839055
2007-10-09,0.05,0.0,0.0,0.95,-0.0007468553459119231,1.0038238802082808
2007-10-10,0.05,0.0,0.0,0.95,-0.00018686073957528414,1.0036363049356218
2007-10-11,0.05,0.0,0.0,0.95,-0.00037379500295093844,1.0032611507000566
2007-10-12,0.05,0.0,0.0,0.95,-0.0013087974808108748,1.0019480850334248
2007-10-15,0.05,0.0,0.0,0.95,0.0005616870319275602,1.0025108662794529
2007-10-16,0.05,0.0,0.0,0.95,0.0014033878274570142,1.0039177778260828
2007-10-17,0.05,0.0,0.05,0.8999999999999999,0.004203953191070897,1.0081382011717477
2007-10-18,0.05,0.0,0.05,0.8999999999999999,0.001935138724155094,1.0100890884441351
2007-10-19,0.05,0.0,0.1963484465722351,0.7536515534277648,0.0033547005638203003,1.0134776348786474
2007-10-22,0.05,0.0,0.1963484465722351,0.7536515534277648,-0.0004537390421783384,1.0130177805073284
2007-10-23,0.05,0.0,0.1963484465722351,0.7536515534277648,3.898122822560002e-05,1.013057269184627
2007-10-24,0.05,0.0,0.1963484465722351,0.7536515534277648,0.002635199892216652,1.0157268775911916
2007-10-25,0.05,0.0,0.1963484465722351,0.7536515534277648,-0.0007844518811882013,1.0149300887312918
2007-10-26,0.05,0.0,0.1396935655666203,0.8103064344333797,-0.0011513838538157932,1.0137615146143748
2007-10-29,0.05,0.0,0.1396935655666203,0.8103064344333797,-0.00035695591369357425,1.0133996464466584
2007-10-30,0.05,0.0,0.1396935655666203,0.8103064344333797,-0.0001204822360332582,1.0132775497912592
2007-10-31,0.05,0.0,0.0,0.95,-0.0036728397201083876,1.0095559437588917
2007-11-01,0.05,0.0,0.18203764254368002,0.7679623574563199,0.004177252296267275,1.013773113643169
2007-11-02,0.05,0.0,0.18203764254368002,0.7679623574563199,0.003309335559425312,1.0171280290573377
2007-11-05,0.05,0.0,0.18203764254368002,0.7679623574563199,-0.001342002912429658,1.0157630402800288
2007-11-06,0.05,0.0,0.09928204974257197,0.8507179502574279,-0.0011996377780307196,1.0145444925633815
2007-11-07,0.05,0.0,0.09928204974257197,0.8507179502574279,0.0016922363892666542,1.0162613416722273
2007-11-08,0.05,0.0,0.09928204974257197,0.8507179502574279,0.0028269733142677373,1.0191342853654566
2007-11-09,0.05,0.0,0.09928204974257197,0.8507179502574279,0.001302344380709965,1.020461549175191
2007-11-12,0.05,0.0,0.16024942571920606,0.7897505742807939,0.0,1.020461549175191
2007-11-13,0.05,0.0,0.05999092526175522,0.8900090747382448,-0.0024020726039809728,1.0180103264445013
2007-11-14,0.05,0.0,0.0,0.95,-0.0003981730050879152,1.0176049822136104
2007-11-15,0.05,0.0,0.12429769999262477,0.8257023000073751,0.004780336752467651,1.0224694767095803
2007-11-16,0.05,0.0,0.12429769999262477,0.8257023000073751,0.00028098314632550955,1.022756773400168
2007-11-19,0.05,0.0,0.12429769999262477,0.8257023000073751,0.0028941196160723105,1.0257167538405363
2007-11-20,0.05,0.0,0.1799413569827613,0.7700586430172386,0.0009999017823975427,1.0267423698509366
2007-11-21,0.05,0.0,0.1799413569827613,0.7700586430172386,0.0023871273796616022,1.0291933346738664
2007-11-23,0.05,0.0,0.1799413569827613,0.7700586430172386,-0.0009672926079974687,1.0281978035690362
2007-11-26,0.05,0.0,0.2359114554057091,0.7140885445942909,0.005323925637411418,1.0336718522157875
2007-11-27,0.05,0.0,0.2359114554057091,0.7140885445942909,-0.0035638503765177505,1.0299880003960724
2007-11-28,0.05,0.0,0.1532779960680102,0.7967220039319898,-0.0036172183128343476,1.0262623089390401
2007-11-29,0.05,0.0,0.1532779960680102,0.7967220039319898,0.0029299568038473754,1.0292692131736483
2007-11-30,0.05,0.0,0.1532779960680102,0.7967220039319898,0.0008368928612730955,1.0301306012304816
2007-12-03,0.05,0.0,0.21296391201099865,0.7370360879890013,0.003617428915653138,1.033857025454272
2007-12-04,0.05,0.0,0.21296391201099865,0.7370360879890013,8.393309964292736e-05,1.033943800279006
2007-12-05,0.05,0.0,0.21296391201099865,0.7370360879890013,-0.00041361130065163145,1.033516149438972
2007-12-06,0.05,0.0,0.13946259282231913,0.8105374071776807,-0.003420447135507891,1.0299810620861223
2007-12-07,0.05,0.0,0.05,0.8999999999999998,-0.004535006639470957,1.0253100911310324
2007-12-10,0.05,0.0,0.05,0.8999999999999998,-0.0010232233987932935,1.0242609698547684
2007-12-11,0.05,0.0,0.17860967449830278,0.7713903255016972,0.006162258409661813,1.0305727306299444
2007-12-12,0.05,0.0,0.11627901377841633,0.8337209862215836,-0.0036113499669220075,1.0268509718332732
2007-12-13,0.05,0.0,0.05,0.8999999999999999,-0.00309495058418098,1.023672918818131
2007-12-14,0.05,0.0,0.0,0.95,-0.002669068622395104,1.020940665550918
2007-12-17,0.05,0.0,0.0,0.95,0.0015536315536315735,1.0225268311833033
2007-12-18,0.05,0.0,0.06461218277789528,0.8853878172221047,0.002372262773722489,1.024952533520052
2007-12-19,0.05,0.0,0.06461218277789528,0.8853878172221047,0.0015582435094128055,1.0265496591528658
2007-12-20,0.05,0.0,0.06461218277789528,0.8853878172221047,0.0017121684275702288,1.0283072850686004
2007-12-21,0.05,0.0,0.0,0.95,-0.004970201588971856,1.023196390566401
2007-12-24,0.05,0.0,0.0,0.95,-0.0015499040307101418,1.021610534356454
2007-12-26,0.05,0.0,0.0,0.95,-0.002648274536191558,1.0189050291924129
2007-12-27,0.05,0.0,0.0,0.95,0.0027472527472528485,1.0217042188330514
2007-12-28,0.05,0.0,0.05,0.8999999999999998,0.0038350634371393743,1.0256225193262691
2007-12-31,0.05,0.0,0.10518483685115762,0.8448151631488424,0.0012698961004534157,1.0269249533640987
2008-01-02,0.05,0.0,0.22621506965338142,0.7237849303466186,0.005639620661683064,1.0327164205490889
2008-01-03,0.05,0.0,0.22621506965338142,0.7237849303466186,0.00011688332639456795,1.0328371278795447
2008-01-04,0.05,0.0,0.22621506965338142,0.7237849303466186,0.002533598996022217,1.0354539229897948
2008-01-07,0.05,0.0,0.22621506965338142,0.7237849303466186,2.390124542118728e-05,1.0354786716281306
2008-01-08,0.05,0.0,0.22621506965338142,0.7237849303466186,0.00011635104220741704,1.035599150650758
2008-01-09,0.05,0.0,0.22621506965338142,0.7237849303466186,0.0016215844401770605,1.0372784621197138
2008-01-10,0.05,0.0,0.17577760189179567,0.7742223981082043,-0.002833249792114124,1.0343395931325488
2008-01-11,0.05,0.0,0.17577760189179567,0.7742223981082043,0.0033004556490850677,1.0377533850857754
2008-01-14,0.05,0.0,0.17577760189179567,0.7742223981082043,0.0003793495307476664,1.0381470563454394
2008-01-15,0.05,0.0,0.23976630147146347,0.7102336985285365,0.00245979921660092,1.0407006896613544
2008-01-16,0.05,0.0,0.23976630147146347,0.7102336985285365,5.9065528821131814e-05,1.0407621591979337
2008-01-17,0.05,0.0,0.23976630147146347,0.7102336985285365,0.002368526372426252,1.0432272318194173
2008-01-18,0.05,0.0,0.23976630147146347,0.7102336985285365,0.0007808502752362506,1.0440418360905175
2008-01-22,0.05,0.0,0.23976630147146347,0.7102336985285365,0.006854139783389589,1.0511978447747887
2008-01-23,0.05,0.0,0.23976630147146347,0.7102336985285365,0.0019852495406716734,1.0532847348132828
2008-01-24,0.05,0.0,0.23976630147146347,0.7102336985285365,-0.008113085581736738,1.0447393456178058
2008-01-25,0.05,0.0,0.23976630147146347,0.7102336985285365,0.001877812171962287,1.0467011698775348
2008-01-28,0.05,0.0,0.23976630147146347,0.7102336985285365,-6.641422279112313e-05,1.0466316540328429
2008-01-29,0.05,0.0,0.23976630147146347,0.7102336985285365,-0.0027460028062601715,1.043757600573748
2008-01-30,0.05,0.0,0.23976630147146347,0.7102336985285365,-0.0022168796441396944,1.0414437155956198
2008-01-31,0.05,0.0,0.23976630147146347,0.7102336985285365,0.003826326629176948,1.0454286194173923
2008-02-01,0.05,0.0,0.23976630147146347,0.7102336985285365,0.0020330064865068482,1.0475539825818478
2008-02-04,0.05,0.0,0.23976630147146347,0.7102336985285365,-0.0009541996085455499,1.0465544069817379
2008-02-05,0.05,0.0,0.23976630147146347,0.7102336985285365,0.003063289823167483,1.0497603064460361
2008-02-06,0.05,0.0,0.23976630147146347,0.7102336985285365,-0.0005892413549359106,1.049141744260708
2008-02-07,0.05,0.0,0.1856795520376445,0.7643204479623554,-0.0035830298275513414,1.0453826380976927
2008-02-08,0.05,0.0,0.1856795520376445,0.7643204479623554,0.002622881060785482,1.0481245524204332
2008-02-11,0.05,0.0,0.1856795520376445,0.7643204479623554,0.0008758213570615264,1.0490425222883035
2008-02-12,0.05,0.0,0.1856795520376445,0.7643204479623554,-0.002276835482476253,1.046654025050931
2008-02-13,0.05,0.0,0.1856795520376445,0.7643204479623554,0.000554747008658762,1.0472346532404286
2008-02-14,0.05,0.0,0.11556021419633006,0.8344397858036698,-0.003071607743329679,1.0440179591704521
2008-02-15,0.05,0.0,0.11556021419633006,0.8344397858036698,0.0005145559702985929,1.0445551648444422
2008-02-19,0.05,0.0,0.0,0.95,-0.004041783785841233,1.0403332987157572
2008-02-20,0.05,0.0,0.0,0.95,-0.00241048773611498,1.0378255880577307
2008-02-21,0.05,0.0,0.0,0.95,0.005370265686828679,1.0433989872021898
2008-02-22,0.05,0.0,0.0,0.95,-0.0002670039347948239,1.0431203955670458
2008-02-25,0.05,0.0,0.0,0.95,-0.004362290319557599,1.0385700015633306
2008-02-26,0.05,0.0,0.0,0.95,0.001878177367727507,1.0405206202350674
2008-02-27,0.05,0.0,0.0,0.95,0.0006248238278680152,1.0411707623119784
2008-02-28,0.05,0.0,0.05939088743786256,0.8906091125621373,0.004727699530516538,1.0460931048361481
2008-02-29,0.05,0.0,0.12480559907913845,0.8251944009208614,0.0080907408535133,1.0545567730560246
2008-03-03,0.05,0.0,0.12480559907913845,0.8251944009208614,0.00017077780890041745,1.0547368679510882
2008-03-04,0.05,0.0,0.05962344240985386,0.8903765575901462,-0.0011818372877365137,1.0534903405917933
2008-03-05,0.05,0.0,0.0,0.95,-0.0030766929418454135,1.0502490742965922
2008-03-06,0.05,0.0,0.0,0.95,0.0027380066939382774,1.0531246632923186
2008-03-07,0.05,0.0,0.08658812681632055,0.8634118731836794,0.002906276073050917,1.0561853343031848
2008-03-10,0.05,0.0,0.08658812681632055,0.8634118731836794,0.002505615379835029,1.0588317285207711
2008-03-11,0.05,0.0,0.0,0.95,-0.007716422585811032,1.05066133545624
2008-03-12,0.05,0.0,0.0,0.95,0.004059451927542945,1.0549264446396527
2008-03-13,0.05,0.0,0.0,0.95,-0.0005272407732865303,1.0543702444052203
2008-03-14,0.05,0.0,0.0,0.95,0.005890791300323983,1.060581319468283
2008-03-17,0.05,0.0,0.0,0.95,0.0037573583517292227,1.064566303546675
2008-03-18,0.05,0.0,0.0,0.95,-0.006266605588639462,1.0578950863993921
2008-03-19,0.05,0.0,0.0,0.95,0.0032417227704509386,1.061324488989721
2008-03-20,0.05,0.0,0.0,0.95,-8.731617647050882e-05,1.061231818193348
2008-03-24,0.05,0.0,0.0,0.95,-0.008121150841070028,1.0526133945204568
2008-03-25,0.05,0.0,0.0,0.95,0.0003523085481179522,1.0529842392172097
2008-03-26,0.05,0.0,0.0,0.95,0.0008804448563484168,1.0539113337744446
2008-03-27,0.05,0.0,0.0,0.95,-0.0008796296296295913,1.052984282138254
2008-03-28,0.05,0.0,0.0,0.95,0.0016728452270619919,1.0547457618688003
2008-03-31,0.05,0.0,0.0,0.95,-0.0011425663798686812,1.0535406448219802
2008-04-01,0.05,0.0,0.0,0.95,-0.005367728788440184,1.0478855243729774
2008-04-02,0.05,0.0,0.0,0.95,-0.002389380530973373,1.0453817271023518
2008-04-03,0.05,0.0,0.0,0.95,-0.000887187149794516,1.0444542778674366
2008-04-04,0.05,0.0,0.0,0.95,0.003552065806692772,1.0481642481945035
2008-04-07,0.05,0.0,0.0,0.95,-0.0033618923449431626,1.0446404328322552
2008-04-08,0.05,0.0,0.0,0.95,0.0003551401869158921,1.0450114266308312
2008-04-09,0.05,0.0,0.0,0.95,0.004082585949177775,1.0492777755979246
2008-04-10,0.05,0.0,0.0,0.95,-0.0025627906976744552,1.0465886962753457
2008-04-11,0.05,0.0,0.0,0.95,0.00212666728849934,1.0488144422202277
2008-04-14,0.05,0.0,0.0,0.95,-0.0007073057235923719,1.048072609762259
2008-04-15,0.05,0.0,0.0,0.95,-0.0015926236378877522,1.046403424549729
2008-04-16,0.05,0.0,0.0,0.95,-0.00558354324097397,1.0405607857812522
2008-04-17,0.05,0.0,0.0,0.95,-0.0025853978978979284,1.0378705221130584
2008-04-18,0.05,0.0,0.0,0.95,-0.0015197139362002898,1.0362932558166318
2008-04-21,0.05,0.0,0.0,0.95,0.0007163053722904489,1.0370355582430417
2008-04-22,0.05,0.0,0.0,0.95,-0.0008947071011490892,1.0361077151649376
2008-04-23,0.05,0.0,0.0,0.95,-0.00026866515837103977,1.0358293491215533
2008-04-24,0.05,0.0,0.0,0.95,-0.004479019330504458,1.0311898494437342
2008-04-25,0.05,0.0,0.0,0.95,-0.0014400757934627305,1.0297048579030859
2008-04-28,0.05,0.0,0.0,0.95,0.0013521206945630749,1.0310971431507487
2008-04-29,0.05,0.0,0.0,0.95,0.0006300928557892438,1.0317468300942727
2008-04-30,0.05,0.0,0.0,0.95,0.0008995360287850751,1.0326749235405273
2008-05-01,0.05,0.0,0.0,0.95,-0.000898685081827566,1.0317468739923639
2008-05-02,0.05,0.0,0.0,0.95,-0.0034182369093835596,1.028220118746542
2008-05-05,0.05,0.0,0.0,0.95,0.0004513921885393457,1.0286842492762434
2008-05-06,0.05,0.0,0.0,0.95,-0.0006316489361703092,1.0280344819645328
2008-05-07,0.05,0.0,0.0,0.95,0.001354433989164594,1.029426886808939
2008-05-08,0.05,0.0,0.0,0.95,0.0027951784358390295,1.0323043186442202
2008-05-09,0.05,0.0,0.0,0.95,0.0009889277940758224,1.0333251930768719
2008-05-12,0.05,0.0,0.0,0.95,-0.0008980903762525138,1.0323971736654303
2008-05-13,0.05,0.0,0.0,0.95,-0.0058431112793338735,1.0263647620952334
2008-05-14,0.05,0.0,0.0,0.95,-0.0018090069503951976,1.0245080611069624
2008-05-15,0.05,0.0,0.0,0.95,0.0032624248783745032,1.027850441693613
2008-05-16,0.05,0.0,0.0,0.95,-0.0002709383021199607,1.0275719576401072
2008-05-19,0.05,0.0,0.0,0.95,0.0008130467858501244,1.028407421717496
2008-05-20,0.05,0.0,0.0,0.95,0.002617577197149745,1.0310993575339633
2008-05-21,0.05,0.0,0.0,0.95,-0.0025203714231570805,1.0285006041787992
2008-05-22,0.05,0.0,0.0,0.95,-0.004151624548736482,1.0242306558221002
2008-05-23,0.05,0.0,0.0,0.95,0.0031727099236641076,1.027480242587948
2008-05-27,0.05,0.0,0.0,0.95,-0.0030718021873514852,1.0243240265313058
2008-05-28,0.05,0.0,0.0,0.95,-0.0034443278313137145,1.0207959187784408
2008-05-29,0.05,0.0,0.0,0.95,-0.0020923106387053746,1.0186600966176336
2008-05-30,0.05,0.0,0.0,0.95,0.000729366602687076,1.0194030732715964
2008-06-02,0.05,0.0,0.0,0.95,0.005374952052167181,1.024882315912263
2008-06-03,0.05,0.0,0.0,0.95,0.003080003814246135,1.0280389573544264
2008-06-04,0.05,0.0,0.0,0.95,-0.0009029559927762553,1.0271106834170758
2008-06-05,0.05,0.0,0.0,0.95,-0.002801826657787065,1.02423289732378
2008-06-06,0.05,0.12,0.0,0.8299999999999998,0.003263358778625891,1.027575336740619
2008-06-09,0.88,0.12,0.0,0.0,-0.005475336608205258,1.0219490158816744
2008-06-10,0.1,0.0,0.0,0.9,-0.0003175275190516524,1.0216245189460642
2008-06-11,0.88,0.12,0.0,0.0,0.00181835674427564,1.023482196780207
2008-06-12,0.1,0.0,0.0,0.9,-0.0001784197111299912,1.0232995873823107
2008-06-13,0.1,0.0,0.0,0.9,-0.0019128586609989395,1.02134215990379
2008-06-16,0.1,0.0,0.0,0.9,0.000435666569851767,1.0217871245392403
2008-06-17,0.1,0.0,0.0,0.9,0.0016547319527772332,1.0234779083431518
2008-06-18,0.1,0.0,0.0,0.9,0.0027818023761227773,1.02632502162049
2008-06-19,0.1,0.0,0.0,0.9,-0.002599903707270057,1.023656675391915
2008-06-20,0.1,0.0,0.0,0.9,0.002955094157411842,1.0266816772525613
2008-06-23,0.1,0.0,0.0,0.9,-0.0017326017903552039,1.0249028467404286
2008-06-24,0.1,0.0,0.0,0.9,0.0026907127013211965,1.0276605658477733
2008-06-25,0.1,0.0,0.0,0.9,0.0,1.0276605658477733
2008-06-26,0.1,0.0,0.0,0.9,0.004153846153846219,1.0319293097366795
2008-06-27,0.1,0.0,0.0,0.9,0.0011198315467074282,1.0330848967316946
2008-06-30,0.1,0.0,0.0,0.9,-0.0009463722397476282,1.0321072138641252
2008-07-01,0.1,0.0,0.0,0.9,-0.00034449760765553616,1.031751655398105
2008-07-02,0.1,0.0,0.0,0.9,0.0013785180930500963,1.0331739437226057
2008-07-03,0.1,0.0,0.0,0.9,0.0005161536991016291,1.0337072202754736
2008-07-07,0.1,0.0,0.0,0.9,0.001891478792510437,1.0356624555602896
2008-07-08,0.1,0.0,0.0,0.9,0.0012011439466159013,1.0369064352495232
2008-07-09,0.1,0.0,0.0,0.9,0.0016279512566641063,1.0385944683838308
2008-07-10,0.1,0.0,0.0,0.9,0.0005131616459184141,1.0391274352306685
2008-07-11,0.1,0.0,0.0,0.9,-0.005727039604900808,1.0331763112545636
2008-07-14,0.1,0.0,0.0,0.9,0.002838845345058361,1.0361093390163931
2008-07-15,0.1,0.0,0.0,0.9,0.0020581229156741323,1.0382417793901668
2008-07-16,0.1,0.0,0.0,0.9,-0.0021389865956839673,1.0360209941409722
2008-07-17,0.1,0.0,0.0,0.9,-0.004373927958833546,1.0314895129487605
2008-07-18,0.1,0.0,0.0,0.9,-0.0017236426314277686,1.0297115936503713
2008-07-21,0.1,0.0,0.0,0.9,0.0,1.0297115936503713
2008-07-22,0.1,0.0,0.0,0.9,-0.0014679075122325802,1.028200072266619
2008-07-23,0.1,0.0,0.0,0.9,-0.002162214107245808,1.025976883565293
2008-07-24,0.1,0.0,0.0,0.9,0.005375204700895875,1.0314917193328437
2008-07-25,0.1,0.0,0.0,0.9,-0.0029301924734272066,1.0284692500604522
2008-07-28,0.1,0.0,0.0,0.9,0.003545009126717225,1.0321151829384645
2008-07-29,0.1,0.0,0.0,0.9,-0.0011196172248803427,1.030959609001586
2008-07-30,0.1,0.0,0.0,0.9,-0.00025869502730669903,1.0306929048773832
2008-07-31,0.1,0.0,0.0,0.9,0.002070155261644513,1.0328265992175547
2008-08-01,0.1,0.0,0.0,0.9,0.001032702237521499,1.0338932015575384
2008-08-04,0.1,0.0,0.0,0.9,-0.0008595988538682265,1.0330044681464574
2008-08-05,0.1,0.0,0.0,0.9,-0.0007743785850859553,1.0322045316080266
2008-08-06,0.1,0.0,0.0,0.9,-0.0011195100947278935,1.0310489682150676
2008-08-07,0.1,0.0,0.0,0.9,0.004569840965702232,1.035760698027662
2008-08-08,0.1,0.0,0.0,0.9,-0.001458392908207029,1.0342501519710587
2008-08-11,0.1,0.0,0.0,0.9,-0.0017185411495129644,1.0324727505260065
2008-08-12,0.1,0.0,0.0,0.9,0.003357566481729535,1.0359393464264717
2008-08-13,0.1,0.0,0.0,0.9,-0.0012008005336891058,1.0346953899064133
2008-08-14,0.1,0.0,0.0,0.9,0.0015459490409389653,1.036294976252103
2008-08-15,0.1,0.0,0.0,0.9,0.0012860817376392885,1.0376277362958681
2008-08-18,0.1,0.0,0.0,0.9,0.0012842465753423627,1.0389603061626864
2008-08-19,0.1,0.0,0.0,0.9,-0.00034197777144474585,1.0386050048325655
2008-08-20,0.1,0.0,0.0,0.9,0.0017960657607146492,1.040470407720652
2008-08-21,0.1,0.0,0.0,0.9,-0.0017924886191198143,1.0386053763562817
2008-08-22,0.1,0.0,0.0,0.9,-0.0018815927017010515,1.0366511440601822
2008-08-25,0.1,0.0,0.0,0.9,0.0029140081896960267,1.0396719539838315
2008-08-26,0.1,0.0,0.0,0.9,-0.0002562885619364241,1.0394054979538594
2008-08-27,0.1,0.0,0.0,0.9,0.0007690846942650431,1.0402048888134705
2008-08-28,0.1,0.0,0.0,0.9,-0.0011099516174935765,1.0390503117146073
2008-08-29,0.1,0.0,0.0,0.9,-0.0004274316109421861,1.0386061887660212
2008-09-02,0.1,0.0,0.0,0.9,0.0036776584624155007,1.0424258276052536
2008-09-03,0.1,0.0,0.0,0.9,0.0015332197614992495,1.0440240954840352
2008-09-04,0.1,0.0,0.0,0.9,0.00170068027210879,1.0457996466668311
2008-09-05,0.1,0.0,0.0,0.9,-0.001357978121463721,1.044379473627223
2008-09-08,0.1,0.0,0.0,0.9,-0.0011050245561011974,1.0432254086629769
2008-09-09,0.1,0.0,0.0,0.9,0.0023829787234043386,1.0457113926155357
2008-09-10,0.1,0.0,0.0,0.9,-0.0012732245590870717,1.0443799671887404
2008-09-11,0.1,0.0,0.0,0.9,0.0009350207782394593,1.0453564841584388
2008-09-12,0.1,0.0,0.0,0.9,-0.0028021511463345197,1.042427237288026
2008-09-15,0.1,0.0,0.0,0.9,0.011158432708688238,1.0540590914690082
2008-09-16,0.1,0.0,0.0,0.9,-0.002187529213798323,1.0517533064133502
2008-09-17,0.1,0.0,0.0,0.9,0.0055664886140007535,1.0576078792182377
2008-09-18,0.1,0.0,0.0,0.9,-0.00033528918692380397,1.0572532747323304
2008-09-19,0.1,0.0,0.0,0.9,-0.014758222305040536,1.0416500958710986
2008-09-22,0.1,0.0,0.0,0.9,-0.0011935208866153625,1.0404068647251314
2008-09-23,0.1,0.0,0.0,0.9,0.0002560940908657772,1.0406733067752838
2008-09-24,0.1,0.0,0.0,0.9,0.003925659017636996,1.0447586353264404
2008-09-25,0.1,0.0,0.0,0.9,-0.004503398791540813,1.0400536705506596
2008-09-26,0.1,0.0,0.0,0.9,0.0018787361229718913,1.0420076569513526
2008-09-29,0.1,0.0,0.0,0.9,0.008948016286336546,1.0513315584362406
2008-09-30,0.1,0.0,0.0,0.9,-0.0102943933995875,1.0405087377802966
2008-10-01,0.1,0.0,0.0,0.9,0.0030728376327768814,1.043706052186981
2008-10-02,0.1,0.0,0.0,0.9,0.0054442344045368745,1.0493882325845207
2008-10-03,0.1,0.0,0.0,0.9,0.00025366403607658406,1.0496544246390094
2008-10-06,0.1,0.0,0.0,0.9,0.00870667793744726,1.0587934276599575
2008-10-07,0.1,0.0,0.0,0.9,-0.002846511627907,1.055779559856572
2008-10-08,0.1,0.0,0.0,0.9,-0.007726763717805152,1.047621800659472
2008-10-09,0.1,0.0,0.0,0.9,-0.004405120481927716,1.0430069004080729
2008-10-10,0.1,0.0,0.0,0.9,0.002128263337116865,1.0452266937545713
2008-10-13,0.1,0.0,0.0,0.9,0.0,1.0452266937545713
2008-10-14,0.1,0.0,0.0,0.9,-0.006369727281306037,1.0385688847682135
2008-10-15,0.1,0.0,0.0,0.9,0.0018817715263257596,1.0405232341236983
2008-10-16,0.1,0.0,0.0,0.9,0.00196320182094083,1.0425659912316612
2008-10-17,0.1,0.0,0.0,0.9,-0.0004258540740039063,1.0421220102568773
2008-10-20,0.1,0.0,0.0,0.9,0.000596477939784057,1.0427436130465588
2008-10-21,0.1,0.0,0.0,0.9,0.00630144762986109,1.0493144073155438
2008-10-22,0.1,0.0,0.0,0.9,0.0015221272197688985,1.0509115973370144
2008-10-23,0.1,0.0,0.0,0.9,0.002194916049151119,1.0532182600682485
2008-10-24,0.1,0.0,0.0,0.9,-0.0038738654439974597,1.0491382342455828
2008-10-27,0.1,0.0,0.0,0.9,-0.0013532562729066666,1.0477184813489437
2008-10-28,0.1,0.0,0.0,0.9,-0.002032941176470582,1.0455885313068602
2008-10-29,0.1,0.0,0.0,0.9,-0.0005093859069899009,1.0450559232445022
2008-10-30,0.1,0.0,0.0,0.9,-0.0012741859367626396,1.0437243276839736
2008-10-31,0.1,0.0,0.0,0.9,-0.0011058601134215308,1.0425701145805801
2008-11-03,0.1,0.0,0.0,0.9,0.003832686666035756,1.0465659591571403
2008-11-04,0.1,0.0,0.0,0.9,0.003986053524312117,1.0507376270870639
2008-11-05,0.1,0.0,0.0,0.9,0.00160427807486625,1.0524233024246366
2008-11-06,0.1,0.0,0.0,0.9,0.0001685708934256347,1.0526007103609882
2008-11-07,0.1,0.0,0.0,0.9,-0.002191011235954932,1.0502944503776133
2008-11-10,0.1,0.0,0.0,0.9,0.001267129716538218,1.051625309686802
2008-11-11,0.1,0.0,0.0,0.9,0.0,1.051625309686802
2008-11-12,0.1,0.0,0.0,0.9,0.004302183897272416,1.0561495951601005
2008-11-13,0.1,0.0,0.0,0.9,-0.0015951492537313317,1.0544648789215523
2008-11-14,0.1,0.0,0.0,0.9,0.0015138772077375685,1.0560612092681114
2008-11-17,0.1,0.0,0.0,0.9,0.0016792611251049473,1.0578346118025665
2008-11-18,0.1,0.0,0.0,0.9,0.003938914237824664,1.0620013316162595
2008-11-19,0.1,0.0,0.0,0.9,0.0031707769330612703,1.0653687009414288
2008-11-20,0.1,0.0,0.0,0.9,0.005903547671840381,1.0716581558555232
2008-11-21,0.1,0.0,0.0,0.9,-0.0021477742083525044,1.069356476108206
2008-11-24,0.1,0.0,0.0,0.9,-0.005879105713497002,1.063069616339753
2008-11-25,0.1,0.0,0.0,0.9,0.006501203926653188,1.0699808487038067
2008-11-26,0.1,0.0,0.0,0.9,0.002151526296432338,1.0722829406364718
2008-11-28,0.1,0.0,0.0,0.9,0.0018161805173361855,1.0742304000223277
2008-12-01,0.1,0.0,0.0,0.9,0.008403515195899037,1.083257711512812
2008-12-02,0.1,0.0,0.0,0.9,0.000734627244694197,1.0840535021407143
2008-12-03,0.1,0.0,0.0,0.9,0.0010602628001813664,1.0852028837424406
2008-12-04,0.1,0.0,0.0,0.9,0.0027697320782040127,1.0882086049809017
2008-12-05,0.1,0.0,0.0,0.9,-0.004385489983757418,1.0834362770435193
2008-12-08,0.1,0.0,0.0,0.9,-0.002203482045701799,1.081048944659392
2008-12-09,0.1,0.0,0.0,0.9,0.0029451868011998172,1.0842328357426538
2008-12-10,0.1,0.0,0.0,0.9,-0.00032617559119332287,1.0838791854564642
2008-12-11,0.1,0.0,0.0,0.9,0.0025287773044503806,1.0866200745414127
2008-12-12,0.1,0.0,0.0,0.9,0.0010574837310195707,1.0877691575920396
2008-12-15,0.1,0.0,0.0,0.9,0.001624988715356235,1.0895367701980394
2008-12-16,0.1,0.0,0.0,0.9,0.005190592051905929,1.0951921110976885
2008-12-17,0.1,0.0,0.0,0.9,0.0012095690350328204,1.0965168215626846
2008-12-18,0.1,0.0,0.0,0.9,0.0024964209019326723,1.0992541890753544
2008-12-19,0.1,0.0,0.0,0.9,-0.0025698224324082197,1.09642930100135
2008-12-22,0.1,0.0,0.0,0.9,-0.0013691275167785123,1.0949281494751468
2008-12-23,0.1,0.0,0.0,0.9,-0.0006452769313496809,1.094221617598805
2008-12-24,0.1,0.0,0.0,0.9,-0.0012914798206277946,1.0928084524603816
2008-12-26,0.1,0.0,0.0,0.9,0.0014550026944494033,1.0943984917032283
2008-12-29,0.1,0.0,0.0,0.9,0.0016947632711621808,1.0962532380709822
2008-12-30,0.1,0.0,0.0,0.9,0.0,1.0962532380709822
2008-12-31,0.1,0.0,0.0,0.9,-0.008457889555177667,1.086981249258872
2009-01-02,0.1,0.0,0.0,0.9,-0.006017347307553367,1.080440505565283
2009-01-05,0.1,0.0,0.0,0.9,0.0001637256685465216,1.0806174014093815
2009-01-06,0.1,0.0,0.0,0.9,-0.00040923972353580363,1.0801751698427806
2009-01-07,0.1,0.0,0.0,0.9,0.0007369666090438321,1.080971222874873
2009-01-08,0.1,0.0,0.0,0.9,0.0014727272727272922,1.0825631986758342
2009-01-09,0.1,0.0,0.0,0.9,0.0015520058086767152,1.0842433430484386
2009-01-12,0.05,0.0,0.12681573887137393,0.823184261128626,0.002609404729545983,1.087072572755768
2009-01-13,0.05,0.0,0.12681573887137393,0.823184261128626,7.5097946134406785e-06,1.0870807364475192
2009-01-14,0.05,0.0,0.12681573887137393,0.823184261128626,0.001927566814768929,1.08917615720007
2009-01-15,0.05,0.0,0.12681573887137393,0.823184261128626,-0.0004876535059793139,1.0886450166283823
2009-01-16,0.05,0.0,0.12681573887137393,0.823184261128626,-0.002672435152009247,1.085735683417885
2009-01-20,0.05,0.0,0.05,0.9,-0.0008079990177267086,1.0848584100521725
2009-01-21,0.05,0.0,0.05,0.9,-0.005689820501119581,1.0786857604298457
2009-01-22,0.05,0.0,0.05,0.9,-0.0012289936799768808,1.0773600624475963
2009-01-23,0.05,0.0,0.05,0.9,-0.0014386626127851853,1.075810104805245
2009-01-26,0.05,0.0,0.05,0.9,-0.0010630423712234328,1.0746664730804467
2009-01-27,0.05,0.0,0.05,0.9,0.0032294802192608164,1.0781370871975626
2009-01-28,0.05,0.0,0.05,0.9,-0.004001990870339189,1.073822392417624
2009-01-29,0.05,0.0,0.05,0.9,-0.004418504688081976,1.0690777031425593
2009-01-30,0.05,0.0,0.05,0.9,-0.0006185141057367228,1.068416463503037
2009-02-02,0.05,0.0,0.05,0.9,0.0036224591111357124,1.0722867584557412
2009-02-03,0.05,0.0,0.05,0.9,-0.0040018068606880956,1.067995673949128
2009-02-04,0.05,0.0,0.05,0.9,-0.0022308741515618736,1.065613110006135
2009-02-05,0.05,0.0,0.05,0.9,0.000823810542059622,1.066490973319915
2009-02-06,0.05,0.0,0.05,0.9,-0.0023064092622903155,1.064031208660901
2009-02-09,0.05,0.0,0.05,0.9,-0.00165348667854206,1.062271847231827
2009-02-10,0.05,0.0,0.05,0.9,0.006509925851856547,1.069187158191821
2009-02-11,0.05,0.0,0.05,0.9,0.0015640358881217065,1.070859405278352
2009-02-12,0.05,0.0,0.05,0.9,0.001800781236508886,1.0727877888023163
2009-02-13,0.05,0.0,0.05,0.9,-0.005262494937822426,1.0671422484943864
2009-02-17,0.05,0.0,0.05,0.9,0.006327394561703314,1.0738944785540736
2009-02-18,0.05,0.0,0.05,0.9,-0.0034542507290541593,1.070184977768601
2009-02-19,0.05,0.0,0.05,0.9,-0.0036559828017053153,1.0662723998952357
2009-02-20,0.05,0.0,0.05,0.9,0.002299112466952863,1.0687238800630026
2009-02-23,0.05,0.0,0.05,0.9,-0.0008486682570422289,1.0678168880304502
2009-02-24,0.05,0.0,0.05,0.9,-0.001548570684598233,1.0661632981011273
2009-02-25,0.05,0.0,0.05,0.9,-0.0048497160113139814,1.0609927088836508
2009-02-26,0.05,0.0,0.05,0.9,-0.0006611537100727872,1.0602912296178122
2009-02-27,0.05,0.0,0.05,0.9,0.00016140089874794317,1.060462361575207
2009-03-02,0.05,0.0,0.05,0.9,0.004387585999636801,1.065115231385996
2009-03-03,0.05,0.0,0.05,0.9,-0.0015929722138778469,1.06341853241782
2009-03-04,0.05,0.0,0.05,0.9,-0.0029713434841441622,1.0602587506906023
2009-03-05,0.05,0.0,0.05,0.9,0.0054066946255097335,1.0659912459796108
2009-03-06,0.05,0.0,0.05,0.9,-0.0013722842148627514,1.064528403019571
2009-03-09,0.05,0.0,0.05,0.9,-0.0020062580884430583,1.0623926843006357
2009-03-10,0.05,0.0,0.05,0.9,-0.0032200543589807175,1.0589717221066042
2009-03-11,0.05,0.0,0.05,0.9,0.0015873818084712777,1.0606527145539617
2009-03-12,0.05,0.0,0.05,0.9,0.0011623302394440428,1.0618855432776362
2009-03-13,0.05,0.0,0.05,0.9,0.0010832594631150826,1.063035840841137
2009-03-16,0.05,0.0,0.05,0.9,-0.001802471118770299,1.061119749439803
2009-03-17,0.05,0.0,0.05,0.9,-0.0019229100621961871,1.0590793115964101
2009-03-18,0.05,0.0,0.05,0.9,0.015867283209772556,1.0758840229751214
2009-03-19,0.05,0.0,0.05,0.9,-0.002629479650014177,1.0730550078309329
2009-03-20,0.05,0.0,0.05,0.9,-0.0003571083520186702,1.072671810925461
2009-03-23,0.05,0.0,0.05,0.9,-0.001137503515329702,1.071451642969738
2009-03-24,0.05,0.0,0.05,0.9,-0.0001649711300522494,1.071274884381401
2009-03-25,0.05,0.0,0.05,0.9,-0.0036099269675462565,1.0674076602866176
2009-03-26,0.05,0.0,0.05,0.9,0.0019722969369903366,1.069512905145521
2009-03-27,0.05,0.0,0.05,0.9,-0.0007549115295730158,1.0687055175223996
2009-03-30,0.05,0.0,0.05,0.9,0.001914140630091099,1.0707511701750918
2009-03-31,0.05,0.0,0.05,0.9,-0.003909743526870513,1.0665648077186107
2009-04-01,0.05,0.0,0.05,0.9,0.0006965547788533533,1.067307728532384
2009-04-02,0.05,0.0,0.05,0.9,-0.0034252212961801143,1.0636519633710373
2009-04-03,0.88,0.12,0.0,0.0,-0.00542217255215855,1.0578846588901973
2009-04-06,0.88,0.12,0.0,0.0,0.0003167062549485422,1.058219697578682
2009-04-07,0.05,0.12,0.0,0.83,0.0001579362990260602,1.0583868288812739
2009-04-08,0.05,0.12,0.0,0.83,0.0017214329271867256,1.0602087708182109
2009-04-09,0.05,0.12,0.83,0.0,-0.001298210520182007,1.0588323966383455
2009-04-13,0.05,0.12,0.7799999999999998,0.05,0.005064667464467267,1.0641950306279235
2009-04-14,0.05,0.12,0.7799999999999998,0.05,0.004911690980030328,1.069422027760852
2009-04-15,0.05,0.12,0.7799999999999998,0.05,0.00334858477064714,1.0730030780764066
2009-04-16,0.05,0.12,0.8300000000000001,0.0,0.0008049443414974022,1.0738667858325135
2009-04-17,0.05,0.12,0.8300000000000001,0.0,0.0009076116948220224,1.0748414398860162
2009-04-20,0.05,0.12,0.78,0.05,0.004442096236037337,1.0796159890004708
2009-04-21,0.05,0.12,0.8300000000000001,0.0,-0.0020798793521252966,1.0773705179967243
2009-04-22,0.05,0.12,0.8300000000000001,0.0,-0.0005959942362843852,1.0767284113776556
2009-04-23,0.05,0.12,0.8300000000000001,0.0,0.0024284328842897264,1.079343174059294
2009-04-24,0.05,0.12,0.8300000000000001,0.0,0.00020414942318441984,1.0795635213456962
2009-04-27,0.05,0.12,0.78,0.05,0.003973596727741295,1.0838532714215043
2009-04-28,0.05,0.12,0.78,0.05,-0.0011668617052368847,1.0825885645449869
2009-04-29,0.05,0.12,0.78,0.05,0.0010183142945410374,1.0836909799553698
2009-04-30,0.05,0.12,0.78,0.05,0.009607355986621716,1.094102384979292
2009-05-01,0.05,0.12,0.8300000000000001,0.0,0.0016744116086356222,1.095934362713737
2009-05-04,0.05,0.12,0.8300000000000001,0.0,0.0018520701963701503,1.0979641100840971
2009-05-05,0.05,0.12,0.8300000000000001,0.0,0.002949023748077453,1.1012020323192717
2009-05-06,0.05,0.12,0.8300000000000001,0.0,0.003817165045850808,1.1054055022254605
2009-05-07,0.05,0.12,0.8300000000000001,0.0,0.002166309953629526,1.1078001531677284
2009-05-08,0.05,0.12,0.8300000000000001,0.0,0.00405745117193649,1.1122949981974701
2009-05-11,0.05,0.12,0.8300000000000001,0.0,0.003987978866309413,1.1167308071433832
2009-05-12,0.05,0.12,0.8300000000000001,0.0,0.0006940989642655416,1.117505928839985
2009-05-13,0.05,0.12,0.8300000000000001,0.0,0.0016293892663314894,1.1193267810054985
2009-05-14,0.05,0.12,0.8300000000000001,0.0,-0.0009639923681885676,1.1182477585311001
2009-05-15,0.05,0.12,0.8300000000000001,0.0,-2.930638405655104e-05,1.1182149867328184
2009-05-18,0.05,0.12,0.8300000000000001,0.0,-0.0023162757481337143,1.1156248924778494
2009-05-19,0.05,0.12,0.8300000000000001,0.0,0.001818889567634725,1.117654090956171
2009-05-20,0.05,0.12,0.8300000000000001,0.0,0.005127459144373911,1.123384816645091
2009-05-21,0.05,0.12,0.8300000000000001,0.0,-0.0024924806240882048,1.1205848017562083
2009-05-22,0.05,0.12,0.8300000000000001,0.0,-0.0011939755158016665,1.119246850939532
2009-05-26,0.05,0.12,0.8300000000000001,0.0,0.0006902843985611363,1.1200194495788742
2009-05-27,0.05,0.12,0.8300000000000001,0.0,-0.0018733217429723558,1.1179212927914262
2009-05-28,0.05,0.12,0.8300000000000001,0.0,0.0023034484982763126,1.1204963669144976
2009-05-29,0.05,0.12,0.8300000000000001,0.0,0.008843146812736725,1.1304050807902608
2009-06-01,0.05,0.12,0.8300000000000001,0.0,-0.0002388789857600505,1.1301350507710637
2009-06-02,0.05,0.12,0.8300000000000001,0.0,0.006476682376237709,1.137454576537161
2009-06-03,0.05,0.12,0.8300000000000001,0.0,0.00536369452491184,1.1435555354216693
2009-06-04,0.05,0.12,0.8300000000000001,0.0,-0.0037789179830033837,1.1392341328443014
2009-06-05,0.05,0.12,0.8300000000000001,0.0,-0.0056090029216427795,1.1328441652647425
2009-06-08,0.05,0.12,0.8300000000000001,0.0,-0.00033103994149837784,1.1324691485985465
2009-06-09,0.05,0.12,0.8300000000000001,0.0,0.003130644106731717,1.136014506464662
2009-06-10,0.05,0.12,0.8300000000000001,0.0,0.00023148239217554045,1.1362774738201646
2009-06-11,0.05,0.12,0.8300000000000001,0.0,0.004228617954853738,1.1410823571476563
2009-06-12,0.05,0.12,0.8300000000000001,0.0,0.0031877161093272835,1.144719803759605
2009-06-15,0.05,0.12,0.8300000000000001,0.0,0.0029581307519130308,1.1481060346134302
2009-06-16,0.05,0.12,0.8300000000000001,0.0,0.001253099092771457,1.1495447252438098
2009-06-17,0.05,0.12,0.8300000000000001,0.0,-0.00029464896663674575,1.1492060130784139
2009-06-18,0.05,0.12,0.8300000000000001,0.0,-0.005613220245906448,1.1427552666190846
2009-06-19,0.05,0.12,0.8300000000000001,0.0,0.002252564145501912,1.1453293961597544
2009-06-22,0.05,0.12,0.8300000000000001,0.0,0.00276304724950575,1.1484939953975917
2009-06-23,0.05,0.12,0.8300000000000001,0.0,0.0010140175577830802,1.1496585884739332
2009-06-24,0.05,0.12,0.8300000000000001,0.0,-0.001272008482757069,1.1481962129971197
2009-06-25,0.05,0.12,0.8300000000000001,0.0,0.004527330052724082,1.1533944762186454
2009-06-26,0.05,0.12,0.8300000000000001,0.0,0.001435888845156812,1.1550506224811135
2009-06-29,0.05,0.12,0.8300000000000001,0.0,0.00020788355308537732,1.1552907385085083
2009-06-30,0.05,0.12,0.8300000000000001,0.0,0.0011200195438931004,1.1565846867145166
2009-07-01,0.05,0.12,0.8300000000000001,0.0,0.000762786029207394,1.1574669133551376
2009-07-02,0.05,0.12,0.8300000000000001,0.0,0.0029035155007577362,1.1608276364796786
2009-07-06,0.05,0.12,0.8300000000000001,0.0,0.00010069039970589833,1.1609445206783853
2009-07-07,0.05,0.12,0.8300000000000001,0.0,0.001606433112463044,1.1628095003981356
2009-07-08,0.05,0.12,0.8300000000000001,0.0,0.0049146831644232844,1.1685243406731738
2009-07-09,0.05,0.12,0.8300000000000001,0.0,-0.003849321734774477,1.1640263145310075
2009-07-10,0.05,0.12,0.8300000000000001,0.0,0.0038530579265698764,1.1685113753489471
2009-07-13,0.05,0.12,0.8300000000000001,0.0,-0.00145675713433855,1.1668091380663517
2009-07-14,0.05,0.12,0.8300000000000001,0.0,-0.002010686024824547,1.1644630512388041
2009-07-15,0.05,0.12,0.8300000000000001,0.0,-0.0032327333903621794,1.1606986526512213
2009-07-16,0.05,0.12,0.8300000000000001,0.0,0.002831897681969611,1.1639856324751297
2009-07-17,0.05,0.12,0.8300000000000001,0.0,-0.0003211041316939845,1.1636118718793096
2009-07-20,0.05,0.12,0.8300000000000001,0.0,0.0042657384179197,1.1685755357447325
2009-07-21,0.05,0.12,0.8300000000000001,0.0,0.0054300807316239675,1.174920995244827
2009-07-22,0.05,0.12,0.8300000000000001,0.0,-0.001739549678773167,1.172877161804965
2009-07-23,0.05,0.12,0.8300000000000001,0.0,-0.003613308739255499,1.1686391945061418
2009-07-24,0.05,0.12,0.8300000000000001,0.0,0.002663763672570605,1.1717521731388094
2009-07-27,0.05,0.12,0.8300000000000001,0.0,0.0008150004160821657,1.1727071516474625
2009-07-28,0.05,0.12,0.8300000000000001,0.0,0.0013503384444680069,1.1742907031984346
2009-07-29,0.05,0.12,0.8300000000000001,0.0,0.0018020669606636554,1.1764068536768832
2009-07-30,0.05,0.12,0.8300000000000001,0.0,0.003562008560386321,1.1805972249601773
2009-07-31,0.05,0.12,0.8300000000000001,0.0,0.009225804054851664,1.1914891836253614
2009-08-03,0.05,0.12,0.8300000000000001,0.0,-0.003364578840527225,1.1874803243294185
2009-08-04,0.05,0.12,0.8300000000000001,0.0,0.0011234620168701715,1.1888144133695833
2009-08-05,0.05,0.12,0.8300000000000001,0.0,-0.00030766766725394363,1.1884486536122238
2009-08-06,0.05,0.12,0.8300000000000001,0.0,0.0026654177944781666,1.1916163658013856
2009-08-07,0.05,0.12,0.8300000000000001,0.0,-0.0025018144244477983,1.1886351627890157
2009-08-10,0.05,0.12,0.8300000000000001,0.0,0.004360774900977485,1.1938185331733253
2009-08-11,0.05,0.12,0.8300000000000001,0.0,0.0016398987756315187,1.1957762747242024
2009-08-12,0.05,0.12,0.8300000000000001,0.0,-0.0004885365331047842,1.1951920943285796
2009-08-13,0.05,0.12,0.8300000000000001,0.0,0.003822664618301994,1.1997609128596438
2009-08-14,0.05,0.12,0.8300000000000001,0.0,0.0009574679484596628,1.2009096454795216
2009-08-17,0.05,0.12,0.8300000000000001,0.0,0.00042318292351167363,1.201417849934169
2009-08-18,0.05,0.12,0.8300000000000001,0.0,-0.002254463618382686,1.198709297101017
2009-08-19,0.05,0.12,0.8300000000000001,0.0,0.0017080627336825338,1.200756767779914
2009-08-20,0.05,0.12,0.8300000000000001,0.0,0.00017614663381430032,1.2009682770425882
2009-08-21,0.05,0.12,0.8300000000000001,0.0,-0.0036877053006084595,1.1965394599614756
2009-08-24,0.05,0.12,0.8300000000000001,0.0,0.0030093067119161846,1.2001402141894102
2009-08-25,0.05,0.12,0.8300000000000001,0.0,0.0018724823149592008,1.2023874555159513
2009-08-26,0.05,0.12,0.8300000000000001,0.0,0.0006272516360740178,1.2031416550146183
2009-08-27,0.05,0.12,0.8300000000000001,0.0,1.056171560041895e-05,1.2031543622546055
2009-08-28,0.05,0.12,0.8300000000000001,0.0,0.0011474611136874713,1.2045349350990562
2009-08-31,0.05,0.12,0.8300000000000001,0.0,0.00262408465245183,1.2076957367355918
2009-09-01,0.05,0.12,0.8300000000000001,0.0,0.0011227136109918036,1.2090516331771615
2009-09-02,0.05,0.12,0.8300000000000001,0.0,0.0022213284483034346,1.2117373339654056
2009-09-03,0.05,0.12,0.8300000000000001,0.0,-0.0007323622648906703,1.21084990326705
2009-09-04,0.05,0.12,0.8300000000000001,0.0,-0.002593255777412924,1.207709859759823
2009-09-08,0.05,0.12,0.8300000000000001,0.0,0.00031447214311330245,1.2080896508676806
2009-09-09,0.05,0.12,0.8300000000000001,0.0,0.0005670744650318339,1.208774727660157
2009-09-10,0.05,0.12,0.8300000000000001,0.0,0.0056847993872481024,1.2156463694912807
2009-09-11,0.05,0.12,0.8300000000000001,0.0,0.0012164674768075435,1.217125163763066
2009-09-14,0.05,0.12,0.8300000000000001,0.0,-0.0011318968122922747,1.2157475036700418
2009-09-15,0.05,0.12,0.8300000000000001,0.0,0.0005580805411690193,1.216425988694815
2009-09-16,0.05,0.12,0.8300000000000001,0.0,0.0005605412328063875,1.217107845618136
2009-09-17,0.05,0.12,0.8300000000000001,0.0,0.0027967617514077126,1.220511806288099
2009-09-18,0.05,0.12,0.8300000000000001,0.0,-0.001845041512080252,1.2182599113395136
2009-09-21,0.05,0.12,0.8300000000000001,0.0,-4.197455200615763e-05,1.218208775425508
2009-09-22,0.05,0.12,0.8300000000000001,0.0,0.002036829536015827,1.2206900590403282
2009-09-23,0.05,0.12,0.8300000000000001,0.0,0.0019860562788777104,1.2231144181966487
2009-09-24,0.05,0.12,0.8300000000000001,0.0,0.0012997692554790065,1.2247041847133537
2009-09-25,0.05,0.12,0.8300000000000001,0.0,0.0004620441031661305,1.2252700520600235
2009-09-28,0.05,0.12,0.8300000000000001,0.0,0.000619836875465143,1.2260295196206934
2009-09-29,0.05,0.12,0.8300000000000001,0.0,-0.00018721749090049315,1.2257999854502601
2009-09-30,0.05,0.12,0.8300000000000001,0.0,-0.000866486048265729,1.224737846864903
2009-10-01,0.05,0.12,0.8300000000000001,0.0,0.002862683620650568,1.2282438838387142
2009-10-02,0.05,0.12,0.8300000000000001,0.0,-0.001674830117850641,1.2261867839899954
2009-10-05,0.05,0.12,0.8300000000000001,0.0,0.0006602470583159192,1.2269963702070705
2009-10-06,0.05,0.12,0.8300000000000001,0.0,0.0005843966357943065,1.2277134227579514
2009-10-07,0.05,0.12,0.8300000000000001,0.0,0.0026232856998403215,1.2309340658233743
2009-10-08,0.05,0.12,0.8300000000000001,0.0,-0.0019793283047029268,1.2284976431856671
2009-10-09,0.05,0.12,0.8300000000000001,0.0,-0.003942618278548316,1.2236541459224897
2009-10-12,0.05,0.12,0.8300000000000001,0.0,0.0,1.2236541459224897
2009-10-13,0.05,0.12,0.8300000000000001,0.0,0.0032380984543036555,1.2276164585210037
2009-10-14,0.05,0.12,0.8300000000000001,0.0,-0.002523456189195833,1.2245186221707902
2009-10-15,0.05,0.12,0.8300000000000001,0.0,-0.001193155460666857,1.2230575810900588
2009-10-16,0.05,0.12,0.8300000000000001,0.0,0.001660093575696915,1.225087971123134
2009-10-19,0.05,0.12,0.8300000000000001,0.0,0.0009568774508115375,1.2262602301779622
2009-10-20,0.05,0.12,0.8300000000000001,0.0,0.002843124245768818,1.229746640370003
2009-10-21,0.05,0.12,0.8300000000000001,0.0,-0.0021038698877825337,1.227159413443727
2009-10-22,0.05,0.12,0.8300000000000001,0.0,0.0005355262714520871,1.227816589548886
2009-10-23,0.05,0.12,0.8300000000000001,0.0,-0.0013604743360925721,1.226146176589376
2009-10-26,0.05,0.12,0.8300000000000001,0.0,-0.0015635532549514697,1.2242290317439233
2009-10-27,0.05,0.12,0.8300000000000001,0.0,0.0042141731547683265,1.2293881448647865
2009-10-28,0.05,0.12,0.8300000000000001,0.0,0.0011804621061744292,1.2308393909835795
2009-10-29,0.05,0.12,0.8300000000000001,0.0,-0.0029523048571465063,1.2272055778712114
2009-10-30,0.05,0.12,0.8300000000000001,0.0,0.004115191787362729,1.2322557641866727
2009-11-02,0.05,0.12,0.8300000000000001,0.0,-0.0010539697331065736,1.230957003907774
2009-11-03,0.05,0.12,0.8300000000000001,0.0,-0.00154708557118849,1.2290526080882747
2009-11-04,0.05,0.12,0.8300000000000001,0.0,-0.0014915458217901437,1.2272194198059203
2009-11-05,0.05,0.12,0.8300000000000001,0.0,0.0012344553615706833,1.2287343673985234
2009-11-06,0.05,0.12,0.8300000000000001,0.0,0.0014081572111632591,1.2304646185585797
2009-11-09,0.05,0.12,0.8300000000000001,0.0,0.0008981708309495118,1.2315697859874843
2009-11-10,0.05,0.12,0.8300000000000001,0.0,0.0007347433094231249,1.2324746736478263
2009-11-11,0.05,0.12,0.8300000000000001,0.0,0.0,1.2324746736478263
2009-11-12,0.05,0.12,0.8300000000000001,0.0,0.0013195907200574467,1.2341010357898776
2009-11-13,0.05,0.12,0.8300000000000001,0.0,0.000490497153082079,1.2347063588345484
2009-11-16,0.05,0.12,0.8300000000000001,0.0,0.0033160309054566465,1.2388006832796077
2009-11-17,0.05,0.12,0.8300000000000001,0.0,0.0005179874817180052,1.2394423665258902
2009-11-18,0.05,0.12,0.8300000000000001,0.0,-0.0011233858279599553,1.2380499945367618
2009-11-19,0.05,0.12,0.8300000000000001,0.0,0.0010346058539378645,1.2393308883085772
2009-11-20,0.05,0.12,0.8300000000000001,0.0,-0.00046400984548469856,1.2387558265745888
2009-11-23,0.05,0.12,0.8300000000000001,0.0,-0.0003787424536070461,1.238286657153412
2009-11-24,0.05,0.12,0.78,0.05,0.0017576554000015455,1.2404631383831075
2009-11-25,0.05,0.12,0.78,0.05,0.0010716620637496745,1.2417924956699926
2009-11-27,0.05,0.12,0.78,0.05,0.0018959087163606747,1.2441468208864446
2009-11-30,0.05,0.12,0.78,0.05,-0.0008021021756553881,1.243148888014577
2009-12-01,0.05,0.12,0.78,0.05,-0.0015687919521820027,1.2411986460436957
2009-12-02,0.05,0.12,0.8300000000000001,0.0,-0.0015395510699618275,1.239287757340144
2009-12-03,0.05,0.12,0.8300000000000001,0.0,-0.0005334048476138832,1.23862671524279
2009-12-04,0.05,0.12,0.8300000000000001,0.0,-0.0032435942904720117,1.2346091127012024
2009-12-07,0.05,0.12,0.8300000000000001,0.0,0.002696476021356871,1.2379382065693498
2009-12-08,0.05,0.12,0.8300000000000001,0.0,0.002838799688740983,1.2414524651648393
2009-12-09,0.05,0.12,0.8300000000000001,0.0,-0.0006058660554950269,1.2407003112566852
2009-12-10,0.05,0.12,0.8300000000000001,0.0,-0.0008530788493281728,1.2396418960627973
2009-12-11,0.05,0.12,0.8300000000000001,0.0,-0.0012453765936552075,1.2380980750609263
2009-12-14,0.05,0.12,0.8300000000000001,0.0,0.0004162972162735202,1.2386134918430478
2009-12-15,0.05,0.12,0.8300000000000001,0.0,-0.001006204419659912,1.2373671934733048
2009-12-16,0.05,0.12,0.8300000000000001,0.0,0.000862644210571062,1.2384346011191052
2009-12-17,0.05,0.12,0.8300000000000001,0.0,0.004365025132478909,1.2438403992779217
2009-12-18,0.05,0.12,0.8300000000000001,0.0,-0.00155971060791132,1.2419003682126193
2009-12-21,0.05,0.12,0.8300000000000001,0.0,-0.003930651363381942,1.2370188908371198
2009-12-22,0.05,0.12,0.8300000000000001,0.0,-0.0014554773497805853,1.2352184378602558
2009-12-23,0.05,0.12,0.8300000000000001,0.0,-8.519261509557286e-05,1.2351132063713202
2009-12-24,0.05,0.12,0.8300000000000001,0.0,-0.0013491956689622644,1.2334467969826057
2009-12-28,0.05,0.12,0.8300000000000001,0.0,-0.0012845792533409195,1.231862336817102
2009-12-29,0.05,0.12,0.8300000000000001,0.0,0.0010309421504401596,1.2331323156236664
2009-12-30,0.05,0.12,0.8300000000000001,0.0,0.0012422419157614973,1.234664164273814
2009-12-31,0.05,0.12,0.8300000000000001,0.0,-0.0021024179385628187,1.2320683841867441
2010-01-04,0.05,0.12,0.8300000000000001,0.0,0.00152133186837113,1.23394276908362
2010-01-05,0.05,0.12,0.8300000000000001,0.0,0.004909831731926575,1.240001220446648
2010-01-06,0.05,0.12,0.8300000000000001,0.0,0.00013441890987448186,1.2401679000589434
2010-01-07,0.05,0.12,0.8300000000000001,0.0,0.0003873627045809491,1.2406482948508446
2010-01-08,0.05,0.12,0.8300000000000001,0.0,0.0022394653076802996,1.2434266836661958
2010-01-11,0.05,0.12,0.8300000000000001,0.0,0.000798386369709323,1.2444194185821678
2010-01-12,0.05,0.12,0.8300000000000001,0.0,0.003160471475022291,1.2483523706575603
2010-01-13,0.05,0.12,0.8300000000000001,0.0,-0.0019457989497373965,1.2459233279258328
2010-01-14,0.05,0.12,0.8300000000000001,0.0,0.0015602970203967327,1.2478673383820382
2010-01-15,0.05,0.12,0.8300000000000001,0.0,0.0014085789054499355,1.249625057991683
2010-01-19,0.05,0.12,0.8300000000000001,0.0,-0.0017860833257922304,1.2473931235121118
2010-01-20,0.05,0.12,0.8300000000000001,0.0,0.0012647999121304899,1.248970826225122
2010-01-21,0.05,0.12,0.8300000000000001,0.0,0.0014722424245653088,1.2508096140625349
2010-01-22,0.05,0.12,0.8300000000000001,0.0,-0.00039774008482767244,1.2503121169405345
2010-01-25,0.05,0.12,0.8300000000000001,0.0,-0.0019929772270092794,1.2478202733648183
2010-01-26,0.05,0.12,0.8300000000000001,0.0,-2.9468353704613636e-05,1.247783502155643
2010-01-27,0.05,0.12,0.8300000000000001,0.0,-0.0010888305847076576,1.2464248773154023
2010-01-28,0.05,0.12,0.8300000000000001,0.0,-0.0002694090536374949,1.2460890791687746
2010-01-29,0.05,0.12,0.8300000000000001,0.0,0.0019832349193074817,1.2485603665431497
2010-02-01,0.05,0.12,0.8300000000000001,0.0,-0.003005914762644454,1.2448073005053049
2010-02-02,0.05,0.12,0.8300000000000001,0.0,0.0010073023953557935,1.2460611978808602
2010-02-03,0.05,0.12,0.8300000000000001,0.0,-0.0015754172888034757,1.2440981315268116
2010-02-04,0.05,0.12,0.8300000000000001,0.0,0.0020530815580325637,1.2466523664570321
2010-02-05,0.05,0.12,0.8300000000000001,0.0,0.00082010188485939,1.2476747484125281
2010-02-08,0.05,0.12,0.8300000000000001,0.0,-0.0024343312486485593,1.2446374947843177
2010-02-09,0.05,0.12,0.8300000000000001,0.0,-0.002278314707112204,1.2418018188749274
2010-02-10,0.05,0.12,0.8300000000000001,0.0,-0.0026388554017466592,1.2385248834372904
2010-02-11,0.05,0.12,0.8300000000000001,0.0,-0.001266740631150065,1.23695599364475
2010-02-12,0.05,0.12,0.8300000000000001,0.0,0.0011690683549085469,1.2384020797533346
2010-02-16,0.05,0.12,0.8300000000000001,0.0,0.000897396219441169,1.2395134170978535
2010-02-17,0.05,0.12,0.8300000000000001,0.0,-0.0022744762943095634,1.2366941732141858
2010-02-18,0.05,0.12,0.8300000000000001,0.0,-0.0006443360981299895,1.235897326516037
2010-02-19,0.05,0.12,0.8300000000000001,0.0,0.0006521841114818284,1.2367033591158136
2010-02-22,0.05,0.12,0.8300000000000001,0.0,0.0007359031306537412,1.237613452989477
2010-02-23,0.05,0.12,0.8300000000000001,0.0,0.003754295418504261,1.2422598195059147
2010-02-24,0.05,0.12,0.8300000000000001,0.0,-1.8044222821709257e-05,1.2422374038929291
2010-02-25,0.05,0.12,0.8300000000000001,0.0,0.0017606842693852621,1.2444245917488055
2010-02-26,0.05,0.12,0.8300000000000001,0.0,0.0020568200523972393,1.2469841492028106
2010-03-01,0.05,0.12,0.8300000000000001,0.0,-0.001418027546144477,1.2452158913296354
2010-03-02,0.05,0.12,0.8300000000000001,0.0,0.0014027152653053186,1.2469625746690043
2010-03-03,0.05,0.12,0.8300000000000001,0.0,2.4100199771687192e-05,1.2469926267161615
2010-03-04,0.05,0.12,0.8300000000000001,0.0,0.0005564612967681893,1.2476865298502842
2010-03-05,0.05,0.12,0.8300000000000001,0.0,-0.001573635954488093,1.2457231254669812
2010-03-08,0.05,0.12,0.8300000000000001,0.0,0.0003521518579934746,1.2461618091801598
2010-03-09,0.05,0.12,0.8300000000000001,0.0,0.0012152708777535184,1.2476762333358251
2010-03-10,0.05,0.12,0.8300000000000001,0.0,-0.0002651114906386565,1.247345460029771
2010-03-11,0.05,0.12,0.8300000000000001,0.0,-0.0002336273221992702,1.247054046050087
2010-03-12,0.05,0.12,0.8300000000000001,0.0,0.0004961867840223055,1.2476728177866985
2010-03-15,0.05,0.12,0.8300000000000001,0.0,0.0005213384772056884,1.2483232776335742
2010-03-16,0.05,0.12,0.8300000000000001,0.0,0.0022260706021413213,1.251102133383883
2010-03-17,0.05,0.12,0.8300000000000001,0.0,0.00042885038063416485,1.251638669009997
2010-03-18,0.05,0.12,0.8300000000000001,0.0,-0.0006219727860746715,1.250860183819874
2010-03-19,0.05,0.12,0.8300000000000001,0.0,-0.0006397709069970858,1.250059919865545
2010-03-22,0.05,0.12,0.8300000000000001,0.0,0.0011843963867131714,1.2515404863178088
2010-03-23,0.05,0.12,0.8300000000000001,0.0,-0.00010793550308523694,1.2514054006657866
2010-03-24,0.05,0.12,0.8300000000000001,0.0,-0.0048356661841433305,1.2453540218871328
2010-03-25,0.05,0.12,0.8300000000000001,0.0,-0.0013579384772512237,1.2436629077430128
2010-03-26,0.05,0.12,0.8300000000000001,0.0,0.002163059435820749,1.2463530245305867
2010-03-29,0.05,0.12,0.8300000000000001,0.0,0.00022679062001800256,1.2466356857057812
2010-03-30,0.05,0.12,0.8300000000000001,0.0,4.715590922487855e-05,1.2466944719450128
2010-03-31,0.05,0.12,0.8300000000000001,0.0,0.0006592959072613969,1.2475164125079714
2010-04-01,0.05,0.12,0.8300000000000001,0.0,-0.0009161813738639224,1.2463734612072421
2010-04-05,0.05,0.12,0.8300000000000001,0.0,-0.004657317738333621,1.2405687039777733
2010-04-06,0.05,0.12,0.8300000000000001,0.0,0.0016085325656471428,1.2425641991380443
2010-04-07,0.05,0.12,0.8300000000000001,0.0,0.0038533821309862893,1.2473522738196061
2010-04-08,0.05,0.12,0.8300000000000001,0.0,-0.0011503075243771744,1.2459174351134825
2010-04-09,0.05,0.12,0.8300000000000001,0.0,0.000586090504221164,1.2466476554912462
2010-04-12,0.05,0.12,0.8300000000000001,0.0,0.0018030749305424944,1.248895454626082
2010-04-13,0.05,0.12,0.8300000000000001,0.0,0.0015969177210111353,1.2508898379092646
2010-04-14,0.05,0.12,0.8300000000000001,0.0,-0.0003916167151580564,1.2503999685399179
2010-04-15,0.05,0.12,0.8300000000000001,0.0,0.0016034429523208039,1.2524049135570554
2010-04-16,0.05,0.12,0.8300000000000001,0.0,0.0028039753623172146,1.2559166260783146
2010-04-19,0.05,0.12,0.8300000000000001,0.0,-0.0019014647553168753,1.2535285448782103
2010-04-20,0.05,0.12,0.8300000000000001,0.0,0.0002369796257311463,1.2538256056036188
2010-04-21,0.05,0.12,0.8300000000000001,0.0,0.0021566460888977758,1.2565296636921037
2010-04-22,0.05,0.12,0.8300000000000001,0.0,-0.0016670787554852052,1.2544349297841257
2010-04-23,0.05,0.12,0.8300000000000001,0.0,-0.0018064449586947318,1.2521688621292066
2010-04-26,0.05,0.12,0.8300000000000001,0.0,0.0001710424232613672,1.2523830361257176
2010-04-27,0.05,0.12,0.8300000000000001,0.0,0.00376391909590744,1.2570969045507816
2010-04-28,0.05,0.12,0.8300000000000001,0.0,-0.0031910553505721142,1.2530854387473271
2010-04-29,0.05,0.12,0.8300000000000001,0.0,0.0018202995450312654,1.255366429601364
2010-04-30,0.05,0.12,0.8300000000000001,0.0,0.001641411347408852,1.2574270023040677
2010-05-03,0.05,0.12,0.8300000000000001,0.0,-0.002501090455182854,1.2542820636305159
2010-05-04,0.05,0.12,0.8300000000000001,0.0,0.0018208672416604136,1.2565659447519828
2010-05-05,0.05,0.12,0.8300000000000001,0.0,0.00016465421694740413,1.2567728436336587
2010-05-06,0.05,0.12,0.7799999999999999,0.05,-0.0005078195925116201,1.2561346297603249
2010-05-07,0.05,0.12,0.83,0.0,-0.00553803159882622,1.2491781164883322
2010-05-10,0.05,0.12,0.83,0.0,-5.269126038565022e-06,1.2491715344113918
2010-05-11,0.05,0.12,0.83,0.0,-0.0006981870840315451,1.2482993789803258
2010-05-12,0.05,0.12,0.83,0.0,0.0002801994150640763,1.2486491517361409
2010-05-13,0.05,0.12,0.83,0.0,0.0010456604417481818,1.2499548147597337
2010-05-14,0.05,0.12,0.83,0.0,0.002285214523728085,1.2528112296564264
2010-05-17,0.05,0.12,0.83,0.0,-0.0014652500517419443,1.2509755479373494
2010-05-18,0.05,0.12,0.7799999999999998,0.05,0.0024459938184387205,1.254035426394622
2010-05-19,0.05,0.12,0.7799999999999998,0.05,-0.0026503870489904898,1.2507117471415305
2010-05-20,0.05,0.12,0.7164122234038228,0.11358777659617715,-0.0012001747411437113,1.2492106744941596
2010-05-21,0.05,0.12,0.7164122234038228,0.11358777659617715,-6.534645187647105e-05,1.249129043008935
2010-05-24,0.05,0.12,0.7164122234038228,0.11358777659617715,-0.0011370867188002514,1.2477086749640618
2010-05-25,0.05,0.12,0.6320248071625776,0.19797519283742215,-0.0019031483338021874,1.2453341002782334
2010-05-26,0.05,0.12,0.6919322719644989,0.13806772803550119,-0.001464941332969443,1.2435097588813795
2010-05-27,0.05,0.12,0.83,0.0,-0.002639799954028308,1.2402271418770507
2010-05-28,0.05,0.12,0.6920914777328799,0.13790852226711997,0.002704366377162009,1.2435811704595867
2010-06-01,0.05,0.12,0.6310813365847119,0.19891866341528816,-0.0014138611348804922,1.2418229193746047
2010-06-02,0.05,0.12,0.6310813365847119,0.19891866341528816,-0.0020116975235604977,1.2393247472829982
2010-06-03,0.05,0.12,0.7553519131500968,0.07464808684990315,-7.493798505558394e-05,1.2392318747836073
2010-06-04,0.05,0.12,0.5555372457520265,0.27446275424797345,0.005214735958413965,1.2456941418018541
2010-06-07,0.05,0.12,0.5555372457520265,0.27446275424797345,-0.00022572952724740267,1.2454129518521304
2010-06-08,0.05,0.05,0.5155061643602399,0.38449383563976003,-0.0007838211309209557,1.244436770863746
2010-06-09,0.05,0.05,0.5155061643602399,0.38449383563976003,-0.0008119730091741269,1.2434263217941808
2010-06-10,0.05,0.0,0.5128729355344679,0.43712706446553207,-0.004688404755916847,1.2375966359134487
2010-06-11,0.05,0.0,0.5128729355344679,0.43712706446553207,0.003624427922225334,1.2420822157171054
2010-06-14,0.05,0.0,0.4572342988995176,0.49276570110048235,-0.0013840469267393186,1.2403631156436845
2010-06-15,0.05,0.0,0.4572342988995176,0.49276570110048235,-0.0011246804332223034,1.2389681035174294
2010-06-16,0.05,0.12,0.43575277937301105,0.39424722062698897,0.001200511918726053,1.2404554994926233
2010-06-17,0.05,0.12,0.5052227601431678,0.32477723985683216,0.0033999551255460923,1.2446729925261353
2010-06-18,0.05,0.12,0.5052227601431678,0.32477723985683216,-0.0006222193597850034,1.2438985328935839
2010-06-21,0.05,0.12,0.5786130063212827,0.2513869936787173,0.0008272061277372593,1.2449274933822767
2010-06-22,0.05,0.12,0.5786130063212827,0.2513869936787173,0.0021078137635996293,1.2475515686875116
2010-06-23,0.05,0.12,0.5786130063212827,0.2513869936787173,0.0015014723825442018,1.2494247329136956
2010-06-24,0.05,0.12,0.507479462457203,0.3225205375427971,-0.0006726582964294172,1.2485842970013372
2010-06-25,0.05,0.12,0.507479462457203,0.3225205375427971,0.0005351972885573107,1.2492525359316276
2010-06-28,0.05,0.12,0.507479462457203,0.3225205375427971,0.0026203087739750126,1.25252596331244
2010-06-29,0.05,0.12,0.4247534793000066,0.40524652069999345,0.000905095575183731,1.2536596190196367
2010-06-30,0.05,0.12,0.4247534793000066,0.40524652069999345,-0.0011500323487292896,1.2522178699034685
2010-07-01,0.05,0.12,0.4247534793000066,0.40524652069999345,-3.064043692034966e-05,1.2521795014008152
2010-07-02,0.05,0.12,0.4247534793000066,0.40524652069999345,-0.001055466847021318,1.250857867450567
2010-07-06,0.05,0.12,0.4247534793000066,0.40524652069999345,0.0020048860151960675,1.2533656948960166
2010-07-07,0.05,0.12,0.4247534793000066,0.40524652069999345,-0.0008123873682364685,1.252347476437702
2010-07-08,0.05,0.12,0.4247534793000066,0.40524652069999345,-0.00022036080010060595,1.2520715081457903
2010-07-09,0.05,0.12,0.4247534793000066,0.40524652069999345,-0.0004727407590111676,1.2514796029106932
2010-07-12,0.05,0.12,0.4247534793000066,0.40524652069999345,0.0007698243970917863,1.2524430224414764
2010-07-13,0.05,0.12,0.5126506218203667,0.3173493781796332,-0.0008706772352737324,1.2513525488133592
2010-07-14,0.05,0.12,0.5126506218203667,0.3173493781796332,0.0027720830666528836,1.2548214020243376
2010-07-15,0.05,0.12,0.5126506218203667,0.3173493781796332,0.002394262016317684,1.257825773244467
2010-07-16,0.05,0.12,0.5126506218203667,0.3173493781796332,0.0018097605918212657,1.260102136760262
2010-07-19,0.05,0.12,0.5126506218203667,0.3173493781796332,-0.0006948416896194154,1.2592265652624626
2010-07-20,0.05,0.12,0.4572047850065507,0.3727952149934494,0.0010171958722979802,1.2605074453269356
2010-07-21,0.05,0.12,0.4572047850065507,0.3727952149934494,0.0016288620399426057,1.2625606380556935
2010-07-22,0.05,0.12,0.4572047850065507,0.3727952149934494,-0.0006185206482121873,1.261779718231436
2010-07-23,0.05,0.12,0.5215231462157482,0.3084768537842517,-0.0013255946738710983,1.26010710975735
2010-07-26,0.05,0.12,0.5215231462157482,0.3084768537842517,0.0006839845711293786,1.2609690035783943
2010-07-27,0.05,0.12,0.5809424630472528,0.24905753695274715,-0.0006368408966435788,1.2601659669475156
2010-07-28,0.05,0.12,0.5809424630472528,0.24905753695274715,0.0024294054220281597,1.2632274209802732
2010-07-29,0.05,0.12,0.5809424630472528,0.24905753695274715,0.0010077188893321699,1.2645003991139174
2010-07-30,0.05,0.12,0.5809424630472528,0.24905753695274715,0.0027517211227955428,1.2679799515719428
2010-08-02,0.05,0.12,0.6375779774362864,0.19242202256371352,-0.0016059064873353473,1.2659436943419022
2010-08-03,0.05,0.12,0.6375779774362864,0.19242202256371352,0.002738952721890048,1.2694110542692794
2010-08-04,0.05,0.12,0.6375779774362864,0.19242202256371352,-0.0014473783309376742,1.2675737362162773
2010-08-05,0.05,0.12,0.6375779774362864,0.19242202256371352,0.0013532838676134622,1.2692891233045092
2010-08-06,0.05,0.12,0.6375779774362864,0.19242202256371352,0.0025971969313042602,1.2725857171204935
2010-08-09,0.05,0.12,0.6375779774362864,0.19242202256371352,-0.00013651437121175428,1.2724119908815077
2010-08-10,0.05,0.12,0.6375779774362864,0.19242202256371352,0.0009753867536051778,1.2736530846825418
2010-08-11,0.05,0.12,0.5679672995806289,0.26203270041937116,0.0013914892692217724,1.2754253592825886
2010-08-12,0.05,0.12,0.5679672995806289,0.26203270041937116,-0.0017290298350849023,1.2732201107839651
2010-08-13,0.05,0.12,0.5679672995806289,0.26203270041937116,0.00094127178544312,1.2744185569509048
2010-08-16,0.05,0.12,0.5679672995806289,0.26203270041937116,0.002713148266311113,1.277876243449251
2010-08-17,0.05,0.12,0.5679672995806289,0.26203270041937116,-0.0018360913761143159,1.2755299458989124
2010-08-18,0.05,0.12,0.5679672995806289,0.26203270041937116,0.00027424732036686306,1.275879756568623
2010-08-19,0.05,0.12,0.5679672995806289,0.26203270041937116,0.0016877164492576223,1.2780330798210588
2010-08-20,0.05,0.12,0.5679672995806289,0.26203270041937116,-0.001752344675364495,1.2757935253586947
2010-08-23,0.05,0.12,0.5679672995806289,0.26203270041937116,0.0005284701367253777,1.2764677441374743
2010-08-24,0.05,0.12,0.5679672995806289,0.26203270041937116,0.0025361930010263344,1.2797051126961918
2010-08-25,0.05,0.12,0.5679672995806289,0.26203270041937116,-0.0022090770809461576,1.276878145461365
2010-08-26,0.05,0.12,0.5679672995806289,0.26203270041937116,0.0010113662615785423,1.2781695369378314
2010-08-27,0.05,0.12,0.5679672995806289,0.26203270041937116,-0.00432537378032973,1.2726409759359443
2010-08-30,0.05,0.12,0.5679672995806289,0.26203270041937116,0.0033041890697370568,1.276846022338331
2010-08-31,0.05,0.12,0.5679672995806289,0.26203270041937116,4.6504767764459946e-05,1.276905401766071
2010-09-01,0.05,0.12,0.5679672995806289,0.26203270041937116,-0.002475554233693924,1.2737443531927024
2010-09-02,0.05,0.12,0.5679672995806289,0.26203270041937116,-0.00048418114818308655,1.273127630189282
2010-09-03,0.05,0.12,0.5679672995806289,0.26203270041937116,-0.001708932794201118,1.270951940630848
2010-09-07,0.05,0.12,0.5679672995806289,0.26203270041937116,0.003110065915187269,1.274904684941245
2010-09-08,0.05,0.12,0.5679672995806289,0.26203270041937116,-0.0012166007870601388,1.273353634898119
2010-09-09,0.05,0.12,0.6207221488228685,0.20927785117713138,-0.003197232454988367,1.2692824273299452
2010-09-10,0.05,0.12,0.6207221488228685,0.20927785117713138,-0.0002788860074804458,1.268928442221422
2010-09-13,0.05,0.12,0.6207221488228685,0.20927785117713138,0.0030815348401288813,1.272838689425758
2010-09-14,0.05,0.12,0.6207221488228685,0.20927785117713138,0.002660088442827388,1.276224552913083
2010-09-15,0.05,0.12,0.6207221488228685,0.20927785117713138,-0.001071431831704802,1.2748571653026886
2010-09-16,0.05,0.12,0.6207221488228685,0.20927785117713138,-0.0005581556083100012,1.2741455966260806
2010-09-17,0.05,0.12,0.6207221488228685,0.20927785117713138,0.000708760690739992,1.2750486609392484
2010-09-20,0.05,0.12,0.6207221488228685,0.20927785117713138,0.0011553774246858778,1.2765218233774738
2010-09-21,0.05,0.12,0.6207221488228685,0.20927785117713138,0.003835391621841697,1.2814177844839538
2010-09-22,0.05,0.12,0.6207221488228685,0.20927785117713138,0.00026122665196175643,1.2817525249615587
2010-09-23,0.05,0.12,0.6207221488228685,0.20927785117713138,-0.0005117363172760371,1.2810966056447755
2010-09-24,0.05,0.12,0.6207221488228685,0.20927785117713138,-0.0012225225615711305,1.2795304361408224
2010-09-27,0.05,0.12,0.6207221488228685,0.20927785117713138,0.002824168116101846,1.2831440452021532
2010-09-28,0.05,0.12,0.5662665347407319,0.26373346525926794,0.00180536377102972,1.2854605869743738
2010-09-29,0.05,0.12,0.5662665347407319,0.26373346525926794,-0.0012086902669692684,1.2839068632743253
2010-09-30,0.05,0.12,0.5662665347407319,0.26373346525926794,-0.0012584528092690667,1.282291127075398
2010-10-01,0.05,0.12,0.5662665347407319,0.26373346525926794,0.00033865206205020953,1.282725377609731
2010-10-04,0.05,0.12,0.5662665347407319,0.26373346525926794,0.0015478110468621939,1.284710794119286
2010-10-05,0.05,0.12,0.5662665347407319,0.26373346525926794,0.0009309318606172139,1.2859067723292104
2010-10-06,0.05,0.12,0.5662665347407319,0.26373346525926794,0.0025288487950304935,1.2891586361209366
2010-10-07,0.05,0.12,0.5662665347407319,0.26373346525926794,0.000857005332092447,1.2902634519460052
2010-10-08,0.05,0.12,0.5662665347407319,0.26373346525926794,0.0009497463086921964,1.2914888748967315
2010-10-11,0.05,0.12,0.5662665347407319,0.26373346525926794,0.0,1.2914888748967315
2010-10-12,0.05,0.12,0.5662665347407319,0.26373346525926794,-0.0011108575283437939,1.2900542147572802
2010-10-13,0.05,0.12,0.5662665347407319,0.26373346525926794,0.0005784423841200022,1.2908004367929085
2010-10-14,0.05,0.12,0.5662665347407319,0.26373346525926794,-0.002393473067723347,1.2877109407116392
2010-10-15,0.05,0.12,0.5662665347407319,0.26373346525926794,-0.0017668174065779123,1.2854357906069491
2010-10-18,0.05,0.12,0.5662665347407319,0.26373346525926794,0.0023271956797376943,1.2884272512254298
2010-10-19,0.05,0.12,0.5662665347407319,0.26373346525926794,0.0005687400757824323,1.2891600314379317
2010-10-20,0.05,0.12,0.5662665347407319,0.26373346525926794,-4.770803574292481e-05,1.2890985281450735
2010-10-21,0.05,0.12,0.5662665347407319,0.26373346525926794,-0.0012665107097018437,1.287465871053317
2010-10-22,0.05,0.12,0.5662665347407319,0.26373346525926794,-0.0004970068500589553,1.2868259916961864
2010-10-25,0.05,0.12,0.5662665347407319,0.26373346525926794,0.00024335161551933537,1.287139142880158
2010-10-26,0.05,0.12,0.6424727846418282,0.18752721535817177,-0.002296827672366503,1.2841828060786047
2010-10-27,0.05,0.12,0.6424727846418282,0.18752721535817177,-0.0016600497624453228,1.2820509987164377
2010-10-28,0.05,0.12,0.6424727846418282,0.18752721535817177,0.002581870509519459,1.2853610883817237
2010-10-29,0.05,0.12,0.6424727846418282,0.18752721535817177,0.0017729697472978127,1.2876399947057784
2010-11-01,0.05,0.12,0.6424727846418282,0.18752721535817177,-0.0017085642934934581,1.28543997898795
2010-11-02,0.05,0.12,0.6424727846418282,0.18752721535817177,0.0010336734312251547,1.2867687041416644
2010-11-03,0.05,0.12,0.6424727846418282,0.18752721535817177,0.0001496517403928063,1.286961271317722
2010-11-04,0.05,0.12,0.6424727846418282,0.18752721535817177,0.004881735094066776,1.2932438753206188
2010-11-05,0.05,0.12,0.6424727846418282,0.18752721535817177,-0.001464693711860452,1.2913496691485347
2010-11-08,0.05,0.12,0.6424727846418282,0.18752721535817177,-0.0007133743598027008,1.2904284534050243
2010-11-09,0.05,0.12,0.7335020599086017,0.09649794009139821,-0.003361226695203311,1.2860910308391893
2010-11-10,0.05,0.12,0.7335020599086017,0.09649794009139821,0.000812719193994683,1.2871362617051767
2010-11-11,0.05,0.12,0.7335020599086017,0.09649794009139821,0.0,1.2871362617051767
2010-11-12,0.05,0.12,0.7335020599086017,0.09649794009139821,-0.0051562986289599225,1.2804994027636616
2010-11-15,0.05,0.12,0.7335020599086017,0.09649794009139821,-0.0057739770547767365,1.273105828593449
2010-11-16,0.05,0.12,0.7335020599086017,0.09649794009139821,0.0003173020598021995,1.2735097876952077
2010-11-17,0.05,0.12,0.7335020599086017,0.09649794009139821,-0.0006044767483753831,1.2727399806397175
2010-11-18,0.05,0.12,0.7335020599086017,0.09649794009139821,-0.0006925866289032626,1.2718584979470557
2010-11-19,0.05,0.12,0.7335020599086017,0.09649794009139821,-5.1923366684084935e-05,1.2717924587718965
2010-11-22,0.05,0.12,0.7335020599086017,0.09649794009139821,0.0021446826452933927,1.2745200499866396
2010-11-23,0.05,0.12,0.7335020599086017,0.09649794009139821,0.0003660814600868565,1.2749866281474485
2010-11-24,0.05,0.12,0.8299999999999998,0.0,-0.00503963168083225,1.268561165143599
2010-11-26,0.05,0.12,0.8299999999999998,0.0,0.0012182368590036628,1.2701065731128776
2010-11-29,0.05,0.12,0.7502206629371247,0.07977933706287511,-0.00023092466082941243,1.2698132741832642
2010-11-30,0.05,0.12,0.7502206629371247,0.07977933706287511,-0.0016253205544755108,1.2677494205683884
2010-12-01,0.05,0.12,0.83,0.0,-0.0051099889372105325,1.2612712350541289
2010-12-02,0.05,0.12,0.83,0.0,-0.00071070126428462,1.26037484799277
2010-12-03,0.05,0.12,0.83,0.0,0.0010826327776748833,1.2617393711153642
2010-12-06,0.05,0.12,0.7682439171885185,0.06175608281148149,0.0032803858600198074,1.2658783631074013
2010-12-07,0.88,0.12,0.0,0.0,-0.006681057352195038,1.257420957162578
2010-12-08,0.88,0.12,0.0,0.0,-0.00013848817080208686,1.2572468192342925
2010-12-09,0.88,0.12,0.0,0.0,-1.155401502022535e-05,1.257232292985659
2010-12-10,0.88,0.12,0.0,0.0,0.0,1.257232292985659
2010-12-13,0.88,0.12,0.0,0.0,1.1555127587863367e-05,1.257246820465212
2010-12-14,0.88,0.12,0.0,0.0,-4.621606008088808e-05,1.257188715470621
2010-12-15,0.88,0.12,0.0,0.0,-0.00012714313234443608,1.2570288725593879
2010-12-16,0.88,0.12,0.0,0.0,-8.099508244141073e-05,1.2569270594022237
2010-12-17,0.88,0.12,0.0,0.0,2.315708220763213e-05,1.2569561661654671
2010-12-20,0.88,0.12,0.0,0.0,3.472892147404316e-05,1.256999818897458
2010-12-21,0.88,0.12,0.0,0.0,9.258366284116803e-05,1.2571161965448823
2010-12-22,0.88,0.12,0.0,0.0,5.782017924254923e-05,1.257188883228695
2010-12-23,0.88,0.12,0.0,0.0,4.6233866307074934e-05,1.2572470079314448
2010-12-27,0.88,0.12,0.0,0.0,1.155401502022535e-05,1.2572615341822586
2010-12-28,0.88,0.12,0.0,0.0,4.621161066718393e-05,1.257319634262783
2010-12-29,0.88,0.12,0.0,0.0,0.00011548455394092549,1.257464835259907
2010-12-30,0.88,0.12,0.0,0.0,0.00011537352177674264,1.2576099134064613
2010-12-31,0.88,0.12,0.0,0.0,9.221016232830336e-05,1.2577258778207223
2011-01-03,0.88,0.12,0.0,0.0,0.000264900662251657,1.2580590502386881
2011-01-04,0.88,0.12,0.0,0.0,0.00022984102662325866,1.2583482038223477
2011-01-05,0.88,0.12,0.0,0.0,0.00010323073982029918,1.25847810403838
2011-01-06,0.88,0.12,0.0,0.0,0.00017190335211537898,1.258694440643028
2011-01-07,0.88,0.12,0.0,0.0,4.5775319473584375e-05,1.2587520577831681
2011-01-10,0.88,0.12,0.0,0.0,-9.151572926598295e-05,1.258636862170635
2011-01-11,0.88,0.12,0.0,0.0,9.158557527190857e-05,1.2587521351517152
2011-01-12,0.88,0.12,0.0,0.0,0.0001601525262154535,1.2589537274860387
2011-01-13,0.88,0.12,0.0,0.0,0.0001256664127951268,1.259111935684847
2011-01-14,0.88,0.12,0.0,0.0,2.282453637659998e-05,1.2591406743310254
2011-01-18,0.88,0.12,0.0,0.0,2.28201958733365e-05,1.2591694081678457
2011-01-19,0.88,0.12,0.0,0.0,3.4223785530942404e-05,1.2592125017116178
2011-01-20,0.88,0.12,0.0,0.0,-9.123740733701257e-05,1.2590976144276753
2011-01-21,0.88,0.12,0.0,0.0,4.565341449496607e-05,1.2591550965329565
2011-01-24,0.88,0.12,0.0,0.0,0.00010268111808326985,1.2592843879861089
2011-01-25,0.88,0.12,0.0,0.0,0.00011399259048161525,1.2594279370756485
2011-01-26,0.88,0.12,0.0,0.0,4.555376293060576e-05,1.2594853087573223
2011-01-27,0.88,0.12,0.0,0.0,0.00010245707238402346,1.2596143519347682
2011-01-28,0.88,0.12,0.0,0.0,4.549763033177001e-05,1.259671661402913
2011-01-31,0.88,0.12,0.0,0.0,-0.00017055144968733504,1.2594568225749307
2011-02-01,0.88,0.12,0.0,0.0,0.00010247651579847527,1.2595858873219068
2011-02-02,0.88,0.12,0.0,0.0,0.00010238907849827504,1.2597148551601993
2011-02-03,0.88,0.12,0.0,0.0,4.5467462347259514e-05,1.2597721311979446
2011-02-04,0.88,0.12,0.0,0.0,9.090048290880226e-05,1.2598866450930255
2011-02-07,0.88,0.12,0.0,0.0,0.00013624751632131726,1.260058301519266
2011-02-08,0.88,0.12,0.0,0.0,6.804649844061039e-05,1.2601440440745153
2011-02-09,0.88,0.12,0.0,0.0,1.1334655709829277e-05,1.2601583273733996
2011-02-10,0.88,0.12,0.0,0.0,-9.066868152626028e-05,1.2600440704793423
2011-02-11,0.88,0.12,0.0,0.0,1.1342155009463894e-05,1.2600583620945083
2011-02-14,0.88,0.12,0.0,0.0,4.5364332293722494e-05,1.2601155238007558
2011-02-15,0.88,0.12,0.0,0.0,3.401039206423206e-05,1.2601583808237664
2011-02-16,0.88,0.12,0.0,0.0,1.1333585190795859e-05,1.2601726629361294
2011-02-17,0.88,0.12,0.0,0.0,0.00014732269336102275,1.260358314966933
2011-02-18,0.88,0.12,0.0,0.0,0.00010186757215619125,1.2604867046085257
2011-02-22,0.88,0.12,0.0,0.0,-1.130901894261349e-05,1.2604724497405064
2011-02-23,0.88,0.12,0.0,0.0,-0.00014703110273325937,1.260287121086256
2011-02-24,0.88,0.12,0.0,0.0,-0.00012456355572331378,1.2601301352412213
2011-02-25,0.88,0.12,0.0,0.0,6.80143585868187e-05,1.2602158421841054
2011-02-28,0.88,0.12,0.0,0.0,-7.930513595166388e-05,1.2601159005954126
2011-03-01,0.88,0.12,0.0,0.0,0.00013604156825698153,1.260287328738715
2011-03-02,0.88,0.12,0.0,0.0,-2.2647919222418268e-05,1.2602587858530967
2011-03-03,0.88,0.12,0.0,0.0,4.530438886265031e-05,1.2603158811071986
2011-03-04,0.88,0.12,0.0,0.0,4.528729125390818e-05,1.2603729573995783
2011-03-07,0.88,0.12,0.0,0.0,-1.1317551636338407e-05,1.260358693063552
2011-03-08,0.88,0.12,0.0,0.0,-1.1318619128459772e-05,1.2603444275435398
2011-03-09,0.88,0.12,0.0,0.0,-1.131968682200668e-05,1.2603301608393322
2011-03-10,0.88,0.12,0.0,0.0,-0.00020377358490566432,1.2600733388442933
2011-03-11,0.88,0.12,0.0,0.0,-0.00011340011340011279,1.2599304463847758
2011-03-14,0.88,0.12,0.0,0.0,-3.405221339387143e-05,1.259887542964354
2011-03-15,0.88,0.12,0.0,0.0,-0.0005336361055918281,1.2592152214824426
2011-03-16,0.88,0.12,0.0,0.0,7.983273141988434e-05,1.259315748073019
2011-03-17,0.88,0.12,0.0,0.0,3.419128122327031e-05,1.2593588056919103
2011-03-18,0.88,0.12,0.0,0.0,0.00014812001519179496,1.2595453419373412
2011-03-21,0.88,0.12,0.0,0.0,0.00011379800853484667,1.259688675688913
2011-03-22,0.88,0.12,0.0,0.0,2.2738038844156703e-05,1.2597173185389523
2011-03-23,0.88,0.12,0.0,0.0,-1.1366865586808216e-05,1.2597029995015152
2011-03-24,0.88,0.12,0.0,0.0,2.273588480483646e-05,1.2597316399638
2011-03-25,0.88,0.12,0.0,0.0,0.0,1.2597316399638
2011-03-28,0.88,0.12,0.0,0.0,1.1365788975181701e-05,1.2597459578077852
2011-03-29,0.88,0.12,0.0,0.0,-4.545885026991492e-05,1.259688691204911
2011-03-30,0.88,0.12,0.0,0.0,5.6845097110365114e-05,1.2597602983308913
2011-03-31,0.88,0.12,0.0,0.0,-6.818181818180946e-05,1.2596744055832778
2011-04-01,0.88,0.12,0.0,0.0,7.959067652074658e-05,1.259774663921414
2011-04-04,0.88,0.12,0.0,0.0,0.00013635072436321671,1.259946435109374
2011-04-05,0.88,0.12,0.0,0.0,1.1349664239101998e-05,1.259960735078372
2011-04-06,0.88,0.12,0.0,0.0,0.00013618309059959977,1.2601323204253092
2011-04-07,0.88,0.12,0.0,0.0,9.068581144907383e-05,1.2602465965473202
2011-04-08,0.88,0.12,0.0,0.0,5.663583160280261e-05,1.2603179716613402
2011-04-11,0.88,0.12,0.0,0.0,2.2643645626967412e-05,1.2603465098548678
2011-04-12,0.88,0.12,0.0,0.0,-6.791812093198679e-05,1.2602609094881954
2011-04-13,0.88,0.12,0.0,0.0,3.3978291647001057e-05,1.2603037310009293
2011-04-14,0.88,0.12,0.0,0.0,-3.396867333458786e-05,1.2602609201551886
2011-04-15,0.88,0.12,0.0,0.0,4.530438886265031e-05,1.2603180155059837
2011-04-18,0.88,0.12,0.0,0.0,-6.793093688082229e-05,1.2602324009224226
2011-04-19,0.88,0.12,0.0,0.0,-1.1328235627310334e-05,1.2602181247128397
2011-04-20,0.88,0.12,0.0,0.0,0.00010196374622356785,1.2603466212738943
2011-04-21,0.88,0.12,0.0,0.0,4.527874728797343e-05,1.2604036881900542
2011-04-25,0.88,0.12,0.0,0.0,2.263083451202519e-05,1.26043221217734
2011-04-26,0.88,0.12,0.0,0.0,3.3939851041768776e-05,1.2604749910588695
2011-04-27,0.88,0.12,0.0,0.0,2.262016965127067e-05,1.2605035032170087
2011-04-28,0.88,0.12,0.0,0.0,6.784771956277246e-05,1.2605890255052028
2011-04-29,0.88,0.12,0.0,0.0,0.00011301563382934532,1.2607314917729187
2011-05-02,0.88,0.12,0.0,0.0,-0.00011290929619871104,1.2605891434674872
2011-05-03,0.88,0.12,0.0,0.0,1.1301563382923874e-05,1.260603390095592
2011-05-04,0.88,0.12,0.0,0.0,3.390149731613334e-05,1.260646126438038
2011-05-05,0.05,0.12,0.8300000000000001,0.0,-3.389192242515993e-05,1.260603400717315
2011-05-06,0.05,0.12,0.7799999999999999,0.05,0.0006591073218653242,1.261434273648696
2011-05-09,0.05,0.12,0.6809494856024305,0.14905051439756953,0.000725468522816357,1.26234940450783
2011-05-10,0.05,0.12,0.7492034502098475,0.08079654979015245,-0.0018360698179352456,1.2600316428665246
2011-05-11,0.05,0.12,0.7492034502098475,0.08079654979015245,0.001216355849264104,1.2615642897255832
2011-05-12,0.05,0.12,0.7492034502098475,0.08079654979015245,-0.0013370851485244798,1.2598774708498823
2011-05-13,0.05,0.12,0.7492034502098475,0.08079654979015245,0.0011439533771691948,1.2613187119374802
2011-05-16,0.05,0.12,0.7492034502098475,0.08079654979015245,0.0006569100651117585,1.2621472848946658
2011-05-17,0.05,0.12,0.7492034502098475,0.08079654979015245,0.0003886132345139279,1.2626377720334816
2011-05-18,0.05,0.12,0.7492034502098475,0.08079654979015245,-0.0017396393056075138,1.2604412377365075
2011-05-19,0.05,0.12,0.7492034502098475,0.08079654979015245,0.00046566427583113427,1.261028180192706
2011-05-20,0.05,0.12,0.7492034502098475,0.08079654979015245,0.0006814625176132009,1.2618875236311613
2011-05-23,0.05,0.12,0.7492034502098475,0.08079654979015245,-0.00014216756145071517,1.2617081241591017
2011-05-24,0.05,0.12,0.7492034502098475,0.08079654979015245,-2.9834092513812877e-05,1.2616704822422002
2011-05-25,0.05,0.12,0.6922775621735557,0.13772243782644414,-0.0004975273451946265,1.26104276667666
2011-05-26,0.05,0.12,0.6329647193407272,0.1970352806592727,0.0022773821627546827,1.2639146429799601
2011-05-27,0.05,0.12,0.6329647193407272,0.1970352806592727,-0.00023164368336310668,1.2636218651366036
2011-05-31,0.05,0.12,0.5722906257429591,0.25770937425704094,-0.000776062467054841,1.2626412156345213
2011-06-01,0.05,0.12,0.5722906257429591,0.25770937425704094,0.002170425011481816,1.2653816837094622
2011-06-02,0.05,0.12,0.5033612663770524,0.32663873362294765,-0.0022261163597969602,1.262564796841969
2011-06-03,0.05,0.12,0.5033612663770524,0.32663873362294765,0.0008184158960651857,1.2635980999415168
2011-06-06,0.05,0.12,0.5033612663770524,0.32663873362294765,-0.00017653903024903144,1.2633750255583287
2011-06-07,0.05,0.12,0.5033612663770524,0.32663873362294765,-0.00016346180481714161,1.26316851199649
2011-06-08,0.05,0.12,0.44443099384556284,0.3855690061544371,0.0011954168507951985,1.2646785249211245
2011-06-09,0.05,0.12,0.44443099384556284,0.3855690061544371,-0.0020953242827310803,1.2620286132980088
2011-06-10,0.05,0.12,0.44443099384556284,0.3855690061544371,0.0005247671632741984,1.26269088447338
2011-06-13,0.05,0.12,0.44443099384556284,0.3855690061544371,-0.0011363082978980805,1.2612560783436726
2011-06-14,0.05,0.12,0.44443099384556284,0.3855690061544371,-0.0031712168268951133,1.2572563618450054
2011-06-15,0.05,0.12,0.344066494220048,0.485933505779952,0.0037810485570568407,1.26201010919781
2011-06-16,0.05,0.05,0.3495638689612236,0.5504361310387763,0.0007818825291330665,1.262996852853781
2011-06-17,0.05,0.05,0.3495638689612236,0.5504361310387763,-0.0010718586650149686,1.261643098733163
2011-06-20,0.05,0.05,0.3495638689612236,0.5504361310387763,-0.00069380896340797,1.26076775944264
2011-06-21,0.05,0.0,0.33109450817716835,0.6189054918228316,-0.0005018014200918838,1.2601351043905455
2011-06-22,0.05,0.0,0.33109450817716835,0.6189054918228316,-0.0001837542363392144,1.259903549226754
2011-06-23,0.05,0.0,0.33109450817716835,0.6189054918228316,0.0026757193262167958,1.2632746975025892
2011-06-24,0.05,0.0,0.33109450817716835,0.6189054918228316,0.0015108141573241226,1.2651832708001656
2011-06-27,0.05,0.0,0.33109450817716835,0.6189054918228316,-0.002260716255213331,1.2623230504140437
2011-06-28,0.05,0.0,0.22430061985435243,0.7256993801456475,-0.0048113015000584725,1.2562496336280282
2011-06-29,0.05,0.0,0.0688219335560041,0.881178066443996,-0.001670394964708641,1.2541512005655988
2011-06-30,0.05,0.0,0.0,0.95,-0.001741188894987529,1.2519674864225387
2011-07-01,0.05,0.0,0.0,0.95,-0.0019021739130434588,1.2495860265298873
2011-07-05,0.05,0.0,0.17107205617397517,0.7789279438260248,0.0029951275437087085,1.2533286960561805
2011-07-06,0.05,0.0,0.24745250864796164,0.7025474913520383,0.0014094809139818213,1.2550952389322172
2011-07-07,0.05,0.0,0.0,0.95,-0.0026012702610337703,1.2518303970124178
2011-07-08,0.05,0.0,0.30152418348144394,0.6484758165185559,0.005254625214571873,1.258408296580927
2011-07-11,0.05,0.0,0.30152418348144394,0.6484758165185559,0.002899813559729301,1.2620574460230283
2011-07-12,0.05,0.0,0.30152418348144394,0.6484758165185559,-1.6458193498799974e-05,1.262036674837375
2011-07-13,0.05,0.0,0.30152418348144394,0.6484758165185559,0.0006181910298817541,1.2628168545891412
2011-07-14,0.05,0.0,0.30152418348144394,0.6484758165185559,-0.0016530511130448495,1.260729353782091
2011-07-15,0.05,0.0,0.30152418348144394,0.6484758165185559,0.00137737374369141,1.2624658492918917
2011-07-18,0.05,0.0,0.23884864935629688,0.7111513506437029,-1.662786016521156e-05,1.2624448571862863
2011-07-19,0.05,0.0,0.23884864935629688,0.7111513506437029,-0.00013332884756395207,1.2622765368683646
2011-07-20,0.05,0.0,0.17079006479799508,0.7792099352020049,-0.0011159028124072296,1.2608679589308376
2011-07-21,0.05,0.0,0.0,0.95,-0.0024317943660179353,1.257801787332017
2011-07-22,0.05,0.0,0.15994848722202,0.7900515127779799,0.0011709490850477565,1.259274609184065
2011-07-25,0.05,0.0,0.0,0.95,-0.0009405251195517852,1.2580902297817136
2011-07-26,0.05,0.0,0.22840780724832332,0.7215921927516766,0.0016208530805688847,1.2601294092062887
2011-07-27,0.05,0.0,0.22840780724832332,0.7215921927516766,-0.0014091405401843418,1.2583537097698976
2011-07-28,0.05,0.0,0.29508829978938356,0.6549117002106165,0.0012483616401504035,1.2599245902709153
2011-07-29,0.05,0.0,0.3647436460157573,0.5852563539842427,0.004859464494289317,1.266047149082819
2011-08-01,0.05,0.0,0.3647436460157573,0.5852563539842427,0.0014950112772609868,1.2679399038482417
2011-08-02,0.05,0.0,0.3647436460157573,0.5852563539842427,0.0031980239191634996,1.2719948059888104
2011-08-03,0.05,0.0,0.3647436460157573,0.5852563539842427,-0.00018827310089369252,1.2717553235823662
2011-08-04,0.05,0.0,0.3647436460157573,0.5852563539842427,0.003448056909138405,1.276140408312578
2011-08-05,0.05,0.0,0.3647436460157573,0.5852563539842427,-0.004157793890283478,1.2708344795197521
2011-08-08,0.05,0.0,0.266512239054928,0.683487760945072,0.0032666438960228398,1.2749858432151309
2011-08-09,0.05,0.0,0.266512239054928,0.683487760945072,0.004509877241150546,1.2807358728522358
2011-08-10,0.05,0.0,0.266512239054928,0.683487760945072,0.00015102326002340333,1.280929293758983
2011-08-11,0.05,0.0,0.09351806490726584,0.8564819350927342,-0.00453755228066833,1.2751170101207119
2011-08-12,0.05,0.0,0.1471781965376702,0.8028218034623298,0.0023888875720798055,1.278163121299137
2011-08-15,0.05,0.0,0.1471781965376702,0.8028218034623298,-0.0014684166017068776,1.2762862453521318
2011-08-16,0.05,0.0,0.1471781965376702,0.8028218034623298,0.0020061320483343702,1.2788466440917812
2011-08-17,0.05,0.0,0.1471781965376702,0.8028218034623298,0.000994172535255662,1.2801180383021409
2011-08-18,0.05,0.0,0.1471781965376702,0.8028218034623298,0.0010740613310930693,1.281492963586316
2011-08-19,0.05,0.0,0.1471781965376702,0.8028218034623298,-0.0003242012850774002,1.2810775019207037
2011-08-22,0.05,0.0,0.1471781965376702,0.8028218034623298,-0.0008103659254752875,1.280039360365254
2011-08-23,0.05,0.0,0.05288871509862722,0.8971112849013727,-0.0014407019114119459,1.2781952052120933
2011-08-24,0.05,0.0,0.0,0.95,-0.003108557826630154,1.2742218615029701
2011-08-25,0.05,0.0,0.0,0.95,0.0017651430694908708,1.276471045390796
2011-08-26,0.05,0.0,0.0,0.95,0.0010571216617210387,1.2778204305834382
2011-08-29,0.05,0.0,0.0,0.95,-0.0020238977399036294,1.2752342527019778
2011-08-30,0.05,0.0,0.0,0.95,0.0024691358024691358,1.278382979251859
2011-08-31,0.05,0.0,0.0,0.95,-0.0019350060179612548,1.2759093004937474
2011-09-01,0.05,0.0,0.0,0.95,0.001762686705631211,1.278158328855319
2011-09-02,0.05,0.0,0.05071852928529746,0.8992814707147025,0.0021113066024632254,1.2808569129740246
2011-09-06,0.05,0.0,0.0,0.95,-0.00026422712368587834,1.2805184758360562
2011-09-07,0.05,0.0,0.0,0.95,-0.001316883836983551,1.2788321817522688
2011-09-08,0.05,0.0,0.05,0.8999999999999998,0.001406625948547102,1.2806310202829585
2011-09-09,0.05,0.0,0.05,0.8999999999999998,0.001871096307632125,1.283027204256449
2011-09-12,0.05,0.0,0.0,0.95,-0.0015997715433701486,1.2809746538457099
2011-09-13,0.05,0.0,0.0,0.95,-0.0014038976632492982,1.2791762965224942
2011-09-14,0.05,0.0,0.0,0.95,-0.0005272407732865303,1.2785018626227458
2011-09-15,0.05,0.0,0.0,0.95,-0.0017584451642758347,1.2762536872048993
2011-09-16,0.05,0.0,0.0,0.95,0.0004404265183126088,1.2768157831728386
2011-09-19,0.05,0.0,0.0,0.95,0.003521779425393878,1.2813124467280348
2011-09-20,0.05,0.0,0.0,0.95,-0.0003508771929823684,1.2808628634133936
2011-09-21,0.05,0.0,0.0,0.95,0.00026325512654723493,1.2812000571285913
2011-09-22,0.05,0.0,0.0,0.95,0.0032459137501153587,1.2853587220106735
2011-09-23,0.05,0.0,0.0,0.95,-0.0028851463279955746,1.2816502740137075
2011-09-26,0.05,0.0,0.0,0.95,-0.002455460168005141,1.278503232816554
2011-09-27,0.05,0.0,0.0,0.95,-0.0026376677464136464,1.2751309660756682
2011-09-28,0.05,0.0,0.0,0.95,0.00026450116009284485,1.2754682396954655
2011-09-29,0.05,0.0,0.0,0.95,0.0007932826127297287,1.276480046473105
2011-09-30,0.05,0.0,0.0,0.95,8.806897191049323e-05,1.276592464758462
2011-10-03,0.05,0.0,0.0,0.95,0.0035224323322210704,1.2810891753313973
2011-10-04,0.05,0.0,0.0,0.95,-0.0004386775027705958,1.2805271903311366
2011-10-05,0.05,0.0,0.0,0.95,-0.002896609073269851,1.2768180036530548
2011-10-06,0.05,0.0,0.0,0.95,-0.0020250231696015697,1.274232417612293
2011-10-07,0.05,0.0,0.0,0.95,-0.0025587443113216646,1.270971982662426
2011-10-10,0.05,0.0,0.0,0.95,0.0,1.270971982662426
2011-10-11,0.05,0.0,0.0,0.95,-0.0024771838331160865,1.267823551414631
2011-10-12,0.05,0.0,0.0,0.95,-0.001153127917833796,1.2663615886826076
2011-10-13,0.05,0.0,0.0,0.95,0.001953818827708742,1.268835829797263
2011-10-14,0.05,0.0,0.0,0.95,-0.0008862767049164998,1.2677112901589505
2011-10-17,0.05,0.0,0.0,0.95,0.001774208609580663,1.269960474444413
2011-10-18,0.05,0.0,0.0,0.95,0.0005312703886661385,1.270635166839262
2011-10-19,0.05,0.0,0.0,0.95,-8.849557522118134e-05,1.2705227212492762
2011-10-20,0.05,0.0,0.0,0.95,-0.0006195267374698166,1.2697355984528995
2011-10-21,0.05,0.0,0.0,0.95,-0.00035424629439723685,1.2692857993222832
2011-10-24,0.05,0.0,0.0,0.95,-0.0010631353166092206,1.2679363767621532
2011-10-25,0.05,0.0,0.0,0.95,0.002926897581925125,1.2716474966773335
2011-10-26,0.05,0.0,0.0,0.95,-0.002210536113179473,1.268836473962694
2011-10-27,0.05,0.0,0.0,0.95,-0.004520011195074086,1.2631013188956643
2011-10-28,0.05,0.0,0.0,0.95,0.0026715410573678543,1.2664757459287097
2011-10-31,0.05,0.0,0.0,0.95,0.0024864460646850882,1.2696247695631935
2011-11-01,0.05,0.0,0.0,0.95,0.004074212194667126,1.2747974902819992
2011-11-02,0.05,0.0,0.0,0.95,0.00017638321574453553,1.2750223431627583
2011-11-03,0.05,0.0,0.0,0.95,-0.0011462780768516367,1.273560813003295
2011-11-04,0.05,0.0,0.0,0.95,0.000706254065607359,1.2744602705052768
2011-11-07,0.05,0.0,0.0,0.95,0.0007057294084872323,1.2753596945981212
2011-11-08,0.05,0.0,0.0,0.95,-0.0015867124431659218,1.27333606550119
2011-11-09,0.05,0.0,0.0,0.95,0.0023840505623198617,1.2763717630641702
2011-11-10,0.05,0.0,0.0,0.95,-0.0019376970146486316,1.273898541309299
2011-11-11,0.05,0.0,0.0,0.95,0.0,1.273898541309299
2011-11-14,0.05,0.0,0.0,0.95,0.00026477146042365175,1.274235833286513
2011-11-15,0.05,0.0,0.0,0.95,-0.0005293953747561919,1.2735612587300225
2011-11-16,0.05,0.0,0.0,0.95,0.0005296905492055193,1.274235852092606
2011-11-17,0.05,0.0,0.0,0.95,0.0011470233119717842,1.2756974303199065
2011-11-18,0.05,0.0,0.0,0.95,-0.0021150278293134536,1.2729992947529962
2011-11-21,0.05,0.0,0.0,0.95,0.0009715507623651475,1.2742360781883038
2011-11-22,0.05,0.0,0.0,0.95,0.0007058604996749928,1.2751355111031577
2011-11-23,0.05,0.0,0.0,0.95,0.0013225058004640133,1.2768218852129694
2011-11-25,0.05,0.0,0.0,0.95,-0.0021130676552364113,1.2741238741858278
2011-11-28,0.05,0.0,0.0,0.95,0.00044120378970831093,1.2746860224676766
2011-11-29,0.05,0.0,0.0,0.95,-0.0008819979574783143,1.273561751999434
2011-11-30,0.05,0.0,0.0,0.95,-0.00017656351640173428,1.2733368874581463
2011-12-01,0.05,0.0,0.0,0.95,-0.0008829816897482023,1.2722125543016398
2011-12-02,0.05,0.0,0.0,0.95,0.0017676062889570353,1.2744613252135135
2011-12-05,0.05,0.0,0.0,0.95,-0.00035286470424361616,1.2740116127949221
2011-12-06,0.05,0.0,0.0,0.95,-0.0008824895494659035,1.2728873108607324
2011-12-07,0.05,0.0,0.0,0.95,0.002384937238493656,1.2759230672088102
2011-12-08,0.05,0.0,0.0,0.95,0.0014978668150620877,1.2778342300297545
2011-12-09,0.05,0.0,0.0,0.95,-0.0020233354940271783,1.2752487426766523
2011-12-12,0.05,0.0,0.0,0.95,0.0009697475872307959,1.276485412067982
2011-12-13,0.05,0.0,0.0,0.95,0.0008806897191061979,1.2776095996469794
2011-12-14,0.05,0.0,0.0,0.95,0.0007038992312679348,1.2785089080620315
2011-12-15,0.05,0.0,0.0,0.95,-0.0003516890328550404,1.2780592705006588
2011-12-16,0.05,0.0,0.0,0.95,0.001495231922970075,1.2799702655213592
2011-12-19,0.05,0.0,0.0,0.95,0.0006147162137177364,1.2807570839966518
2011-12-20,0.05,0.0,0.0,0.95,-0.002545034642032423,1.277497512849852
2011-12-21,0.05,0.0,0.0,0.95,-0.0012319377547240218,1.2759237154322063
2011-12-22,0.05,0.0,0.0,0.95,0.0,1.2759237154322063
2011-12-23,0.05,0.0,0.0,0.95,-0.0025551845668706883,1.2726634948460296
2011-12-27,0.05,0.0,0.0,0.95,0.0002650423137730118,1.273000804523358
2011-12-28,0.05,0.0,0.0,0.95,0.0025613611007809013,1.276261419265327
2011-12-29,0.05,0.12,0.0,0.83,0.0005285118219749196,1.2769359385133392
2011-12-30,0.05,0.12,0.0,0.83,0.000840595143055336,1.2780093246612463
2012-01-03,0.05,0.12,0.0,0.83,0.0001353929062462699,1.278182358057922
2012-01-04,0.05,0.12,0.0,0.83,-0.0003095037432130787,1.277786755833594
2012-01-05,0.05,0.12,0.0,0.83,0.00034328834043029,1.2782254051284279
2012-01-06,0.05,0.12,0.0,0.83,0.0008101745119623826,1.2792609907722057
2012-01-09,0.05,0.12,0.0,0.83,0.00036626881468754474,1.2797295441789718
2012-01-10,0.05,0.12,0.0,0.83,-0.00014396896782800314,1.2795453028373973
2012-01-11,0.05,0.12,0.2510986220349958,0.5789013779650041,0.0014502683744094002,1.2814009869237264
2012-01-12,0.05,0.12,0.0,0.8299999999999998,-0.000540972573314849,1.2807077841343821
2012-01-13,0.05,0.12,0.18744585534240615,0.6425541446575939,0.0014858951635420856,1.2826107816367383
2012-01-17,0.05,0.12,0.12387953470542144,0.7061204652945785,0.000264742514072671,1.2829503432396456
2012-01-18,0.05,0.12,0.12387953470542144,0.7061204652945785,-0.0008360907506166132,1.2818776803241625
2012-01-19,0.05,0.12,0.0,0.83,-0.0010913633790904005,1.2804786859673833
2012-01-20,0.05,0.12,0.0,0.83,-0.001415487580105793,1.2786661842908063
2012-01-23,0.05,0.12,0.0,0.83,-0.0005496436154985928,1.2779633735862568
2012-01-24,0.05,0.12,0.0,0.83,0.00028958855779706913,1.2783334571565312
2012-01-25,0.05,0.12,0.15421265661603917,0.6757873433839607,0.0025464594047007716,1.281588681410851
2012-01-26,0.05,0.12,0.2912128899232215,0.5387871100767784,0.002618266982079386,1.2849442227399956
2012-01-27,0.05,0.12,0.35555394802852464,0.4744460519714754,0.0009153389078805914,1.286120382181526
2012-01-30,0.05,0.12,0.4759375554767302,0.35406244452326974,0.0006161087145679316,1.2869127721569715
2012-01-31,0.05,0.12,0.5731384387039506,0.2568615612960494,0.0004958657643985183,1.2875509081424514
2012-02-01,0.05,0.12,0.5731384387039506,0.2568615612960494,-0.0001228701332050086,1.2873927065908597
2012-02-02,0.05,0.12,0.5731384387039506,0.2568615612960494,0.0011296243282136183,1.2888469767121893
2012-02-03,0.05,0.12,0.6721892497466472,0.1578107502533529,-0.0016862296241865434,1.286673684759014
2012-02-06,0.05,0.12,0.6721892497466472,0.1578107502533529,0.0016899905415185346,1.2888481511162775
2012-02-07,0.05,0.12,0.6721892497466472,0.1578107502533529,-0.001308838038167114,1.2871612576306752
2012-02-08,0.05,0.12,0.6721892497466472,0.1578107502533529,0.0004237145938737194,1.287706646640202
2012-02-09,0.05,0.12,0.774786114567935,0.055213885432064846,-0.0007435494894452819,1.2867491730205374
2012-02-10,0.05,0.12,0.774786114567935,0.055213885432064846,0.001189110443915207,1.2882792599008754
2012-02-13,0.05,0.12,0.774786114567935,0.055213885432064846,-0.0008087687828600219,1.2872373398518615
2012-02-14,0.05,0.12,0.774786114567935,0.055213885432064846,0.001441590323464374,1.2890930087449939
2012-02-15,0.05,0.12,0.7246633590798511,0.10533664092014877,-0.0002038370826457311,1.2888302437868324
2012-02-16,0.05,0.12,0.7246633590798511,0.10533664092014877,-0.0026634749469479314,1.2853974767216374
2012-02-17,0.05,0.12,0.7246633590798511,0.10533664092014877,0.0005480075346397952,1.2861018842238878
2012-02-21,0.05,0.12,0.78,0.05,-0.0005810671778207849,1.2853545726316318
2012-02-22,0.05,0.12,0.78,0.05,0.0017032260836168846,1.2875438220664344
2012-02-23,0.05,0.12,0.78,0.05,0.0007007615509141796,1.2884460832720557
2012-02-24,0.05,0.12,0.78,0.05,0.0006709945496543412,1.2893106235714547
2012-02-27,0.05,0.12,0.78,0.05,0.0015601422588998237,1.2913221315601369
2012-02-28,0.05,0.12,0.78,0.05,0.0009259353597102571,1.2925178123825247
2012-02-29,0.05,0.12,0.78,0.05,-0.0009420464748316736,1.2913002005337126
2012-03-01,0.05,0.12,0.78,0.05,-0.0005379597087791821,1.290605533053887
2012-03-02,0.05,0.12,0.78,0.05,0.002209493215037464,1.2934571172224594
2012-03-05,0.05,0.12,0.78,0.05,-0.001116472031309539,1.2920130085273822
2012-03-06,0.05,0.12,0.78,0.05,-0.0002926563222556599,1.2916348927520003
2012-03-07,0.05,0.12,0.78,0.05,-0.0004610116079458892,1.2910394340732136
2012-03-08,0.05,0.12,0.78,0.05,-0.0005797990213686388,1.2902908906727897
2012-03-09,0.05,0.12,0.78,0.05,-0.00040171609786605834,1.2897725600510763
2012-03-12,0.05,0.12,0.78,0.05,6.713083982164414e-05,1.2898591435662115
2012-03-13,0.05,0.12,0.78,0.05,-0.0016253292011400456,1.2877626978348158
2012-03-14,0.05,0.12,0.78,0.05,-0.003647637314368869,1.283065406566141
2012-03-15,0.05,0.12,0.78,0.05,0.0004119439946665527,1.2835939576551405
2012-03-16,0.05,0.12,0.78,0.05,-1.5893729963898374e-05,1.2835735565593942
2012-03-19,0.05,0.12,0.78,0.05,-0.001964052866618837,1.2810525502361176
2012-03-20,0.05,0.12,0.78,0.05,-0.00028484294906572,1.2806876514498002
2012-03-21,0.05,0.12,0.78,0.05,0.002334916712966757,1.2836779504512605
2012-03-22,0.05,0.12,0.78,0.05,0.00012810507058947043,1.2838423961057173
2012-03-23,0.05,0.12,0.8300000000000001,0.0,0.0006598988719557175,1.2846896022546763
2012-03-26,0.05,0.12,0.8300000000000001,0.0,9.966312490528929e-05,1.2848176384349703
2012-03-27,0.05,0.12,0.8300000000000001,0.0,0.0019864145082846354,1.2873698188324576
2012-03-28,0.05,0.12,0.8300000000000001,0.0,-0.0004055653206610688,1.2868477062790735
2012-03-29,0.05,0.12,0.8300000000000001,0.0,0.0005399397569402999,1.287542526516821
2012-03-30,0.05,0.12,0.8300000000000001,0.0,-0.0012430390666449366,1.2859420608563938
2012-04-02,0.05,0.12,0.8300000000000001,0.0,-0.00091166832152765,1.284769708216191
2012-04-03,0.05,0.12,0.8300000000000001,0.0,-0.002661375797642035,1.2813504532092008
2012-04-04,0.05,0.12,0.8300000000000001,0.0,0.0006546121660707761,1.282189240804872
2012-04-05,0.05,0.12,0.8300000000000001,0.0,0.0008535129489993243,1.2832836059249666
2012-04-09,0.05,0.12,0.78,0.05,0.002035397844032574,1.2858955986097487
2012-04-10,0.05,0.12,0.78,0.05,0.0004193569642211604,1.286434847884287
2012-04-11,0.05,0.12,0.78,0.05,-0.0013545611749668385,1.2846922931852187
2012-04-12,0.05,0.12,0.78,0.05,7.337237366444425e-05,1.284786554108198
2012-04-13,0.05,0.12,0.78,0.05,0.0013359859375912996,1.2865030108772928
2012-04-16,0.05,0.12,0.6886522754877351,0.14134772451226482,0.00031562525420716805,1.2869090637171392
2012-04-17,0.05,0.12,0.6886522754877351,0.14134772451226482,-0.0004259761932424495,1.2863608710931278
2012-04-18,0.05,0.12,0.6886522754877351,0.14134772451226482,0.0004312006536668965,1.2869155507415946
2012-04-19,0.05,0.12,0.6886522754877351,0.14134772451226482,0.000698099854853096,1.2878139463007756
2012-04-20,0.05,0.12,0.6123115837598341,0.21768841624016586,-0.00045224035905585777,1.2872315448593035
2012-04-23,0.05,0.12,0.6123115837598341,0.21768841624016586,0.0005348285212848522,1.2879199930029919
2012-04-24,0.05,0.12,0.6123115837598341,0.21768841624016586,-0.0005937626390191046,1.287155274229101
2012-04-25,0.05,0.12,0.78,0.05,0.00012703253782742015,1.2873187848301642
2012-04-26,0.05,0.12,0.78,0.05,0.0009087022531223621,1.2884885743104262
2012-04-27,0.05,0.12,0.7174564318282354,0.11254356817176445,0.0010735910273856964,1.289871884082695
2012-04-30,0.05,0.12,0.78,0.05,-1.0172265740050946e-05,1.2898587631631195
2012-05-01,0.05,0.12,0.78,0.05,-0.00040118446792461904,1.2893412918615221
2012-05-02,0.05,0.12,0.78,0.05,0.0010770053251973133,1.290729919298854
2012-05-03,0.05,0.12,0.78,0.05,0.0005673441616173225,1.291462207382793
2012-05-04,0.05,0.12,0.78,0.05,0.0011439984869139287,1.2929396381939455
2012-05-07,0.05,0.12,0.78,0.05,-0.0003433499514271254,1.2924957074319734
2012-05-08,0.05,0.12,0.78,0.05,0.0006569152350775353,1.2933447675534577
2012-05-09,0.05,0.12,0.78,0.05,-0.0007367932572245406,1.2923918398494576
2012-05-10,0.05,0.12,0.78,0.05,-0.0003844097451135331,1.2918950318317142
2012-05-11,0.05,0.12,0.78,0.05,0.0006571581745919698,1.2927440112125972
2012-05-14,0.05,0.12,0.7018093091900951,0.12819069080990478,-0.001021793483846605,1.2914230938056586
2012-05-15,0.05,0.12,0.7018093091900951,0.12819069080990478,-0.0008292990275385044,1.2903521178898247
2012-05-16,0.05,0.12,0.7018093091900951,0.12819069080990478,-0.0014596311419697392,1.288468679754446
2012-05-17,0.05,0.12,0.7018093091900951,0.12819069080990478,-0.0015147291988018945,1.2865169986234801
2012-05-18,0.05,0.12,0.5944917415704046,0.23550825842959533,-0.002205694373497961,1.2836793353182068
2012-05-21,0.05,0.12,0.5173864305676286,0.3126135694323714,-0.001406717104409977,1.281873561640637
2012-05-22,0.05,0.12,0.6432979107861008,0.18670208921389916,-0.0006819559186909375,1.2809993803782627
2012-05-23,0.05,0.12,0.46792791652619614,0.36207208347380393,0.0007841638616630222,1.282003893799168
2012-05-24,0.05,0.08400252124996402,0.4403080747741241,0.42568940397591176,-0.0010003461710847812,1.2807214461126901
2012-05-25,0.05,0.0,0.4217262505605432,0.5282737494394568,0.0004999125911351773,1.2813616948893387
2012-05-29,0.05,0.0,0.354329423961912,0.595670576038088,0.0002834843692507611,1.2817249409011964
2012-05-30,0.05,0.0,0.354329423961912,0.595670576038088,0.0025261263874978533,1.284962740095921
2012-05-31,0.05,0.0,0.42516442182519626,0.5248355781748036,0.00020665939883765416,1.285228289723318
2012-06-01,0.05,0.0,0.42516442182519626,0.5248355781748036,0.0017356298946118037,1.2874589703643626
2012-06-04,0.05,0.0,0.3570257388672125,0.5929742611327874,-0.00234068780401809,1.284445430854257
2012-06-05,0.05,0.0,0.3570257388672125,0.5929742611327874,-0.0004397890668832885,1.2838805457967593
2012-06-06,0.05,0.0,0.2913272264374287,0.6586727735625711,-0.0019027175565484965,1.2814376837417607
2012-06-07,0.05,0.0,0.4645088949106589,0.485491105089341,0.0006964157092182895,1.2823300970751026
2012-06-08,0.05,0.0,0.4645088949106589,0.485491105089341,0.0003007086159599113,1.2827157047837978
2012-06-11,0.05,0.0,0.4645088949106589,0.485491105089341,0.0010949490705601844,1.284120213152544
2012-06-12,0.05,0.0,0.4645088949106589,0.485491105089341,-0.002451063023193474,1.2809727535807505
2012-06-13,0.05,0.0,0.4645088949106589,0.485491105089341,0.0017136571933683076,1.2831679017544328
2012-06-14,0.05,0.0,0.4645088949106589,0.485491105089341,-0.00048506728182401936,1.282545478988205
2012-06-15,0.05,0.0,0.4645088949106589,0.485491105089341,0.0014858490740204669,1.2844511480005485
2012-06-18,0.05,0.0,0.5158196967759089,0.4341803032240911,-0.0001329617796083059,1.2842803650900905
2012-06-19,0.05,0.12,0.4796571617654532,0.3503428382345469,-0.000490913844590032,1.2836498940785326
2012-06-20,0.05,0.12,0.5467952088685764,0.2832047911314235,-0.00039817687412702476,1.2831387743762348
2012-06-21,0.05,0.12,0.6036510583185165,0.22634894168148356,0.0010544059206066673,1.2844917234968969
2012-06-22,0.05,0.12,0.6036510583185165,0.22634894168148356,-0.0010529680691429774,1.2831391947269761
2012-06-25,0.05,0.0,0.6093262494124864,0.3406737505875136,0.001308290182337935,1.2848179131380106
2012-06-26,0.05,0.0,0.6093262494124864,0.3406737505875136,-0.0006635512924628264,1.2839653705511684
2012-06-27,0.05,0.0,0.6093262494124864,0.3406737505875136,0.00020023082758784897,1.2842224599999081
2012-06-28,0.05,0.0660409568377874,0.5477542419697244,0.33620480119248813,0.001285962476879121,1.2858739218954334
2012-06-29,0.05,0.12,0.6448901654871011,0.1851098345128989,-0.0009247047719410307,1.2846848681437422
2012-07-02,0.05,0.12,0.5647630043562754,0.2652369956437246,0.0023580919003792725,1.2877142731258515
2012-07-03,0.05,0.12,0.6795383466848619,0.15046165331513806,-0.0007737842477482605,1.286717860105706
2012-07-05,0.05,0.12,0.6795383466848619,0.15046165331513806,0.0012366084575555448,1.2883090262940005
2012-07-06,0.05,0.12,0.6795383466848619,0.15046165331513806,0.0013136881461680147,1.2900014625904441
2012-07-09,0.05,0.12,0.6109297551278934,0.2190702448721066,0.0006444454077785984,1.2908327981090382
2012-07-10,0.05,0.12,0.6109297551278934,0.2190702448721066,0.0006940415137578748,1.2917286896582463
2012-07-11,0.05,0.12,0.6109297551278934,0.2190702448721066,0.00015183889702745606,1.2919248243177426
2012-07-12,0.05,0.12,0.6109297551278934,0.2190702448721066,0.0003930160371174741,1.2924325714924496
2012-07-13,0.05,0.12,0.6109297551278934,0.2190702448721066,0.00014229882550277617,1.2926164831294147
2012-07-16,0.05,0.12,0.6109297551278934,0.2190702448721066,0.001379566869974293,1.2943997340051228
2012-07-17,0.05,0.12,0.6109297551278934,0.2190702448721066,-0.00018655845842056588,1.2941582527861668
2012-07-18,0.05,0.12,0.6611333691873967,0.16886663081260334,0.0016018549088837324,1.2962313065362645
2012-07-19,0.05,0.12,0.6611333691873967,0.16886663081260334,0.0001263797199839424,1.2963951238858191
2012-07-20,0.05,0.12,0.6611333691873967,0.16886663081260334,0.0008967539842404647,1.2975576713783135
2012-07-23,0.05,0.12,0.6611333691873967,0.16886663081260334,-0.00039917412190206545,1.2970397199342238
2012-07-24,0.05,0.12,0.6611333691873967,0.16886663081260334,0.00047021736701590176,1.2976496105362463
2012-07-25,0.05,0.12,0.6611333691873967,0.16886663081260334,-0.0002805341380616686,1.2972855755212485
2012-07-26,0.05,0.12,0.604899526196289,0.22510047380371098,-0.00011859429245319752,1.2971317248563097
2012-07-27,0.05,0.12,0.7406094123432788,0.08939058765672116,-0.001698414188428942,1.2949286579305523
2012-07-30,0.05,0.12,0.6675756634333969,0.16242433656660327,0.002260700103777838,1.2978561032819207
2012-07-31,0.05,0.12,0.7560057237257642,0.07399427627423565,0.0004591167715098416,1.2984519707859437
2012-08-01,0.05,0.12,0.7560057237257642,0.07399427627423565,-0.00113372815408986,1.29697987922993
2012-08-02,0.05,0.12,0.7560057237257642,0.07399427627423565,0.0012063105527382971,1.2985444397449344
2012-08-03,0.05,0.12,0.8299999999999998,0.0,-0.0017637650634490221,1.2962541124287763
2012-08-06,0.05,0.12,0.8299999999999998,0.0,0.0014975058381489668,1.298195260529863
2012-08-07,0.05,0.12,0.8299999999999998,0.0,-0.0015993574189015298,1.2961189823087518
2012-08-08,0.05,0.12,0.8299999999999998,0.0,-0.00022689994532536724,1.295824892982531
2012-08-09,0.05,0.12,0.8299999999999998,0.0,-0.0002724337603123905,1.2954718665342293
2012-08-10,0.05,0.12,0.8299999999999998,0.0,0.00117274721306557,1.296991127555312
2012-08-13,0.05,0.12,0.8299999999999998,0.0,-0.0007141673244597923,1.2960648588718977
2012-08-14,0.05,0.12,0.8299999999999998,0.0,-0.0014823162551589949,1.2941436808638516
2012-08-15,0.05,0.12,0.8299999999999998,0.0,-0.0022121433489908113,1.2912808495275903
2012-08-16,0.05,0.12,0.8299999999999998,0.0,-0.0005240639594495499,1.2906041357728253
2012-08-17,0.05,0.12,0.8299999999999998,0.0,0.000718095335205373,1.2915309125823204
2012-08-20,0.05,0.12,0.8299999999999998,0.0,0.0002733817136806471,1.2918839935164736
2012-08-21,0.05,0.12,0.8299999999999998,0.0,0.0005580019679705493,1.2926048673272454
2012-08-22,0.05,0.12,0.8299999999999998,0.0,0.0026248426761926397,1.2959977517464603
2012-08-23,0.05,0.12,0.8299999999999998,0.0,0.0012555592556584047,1.2976249537189781
2012-08-24,0.05,0.12,0.8299999999999998,0.0,-0.0006155104532054222,1.296826251995624
2012-08-27,0.05,0.12,0.8299999999999998,0.0,0.0008654273531020039,1.2979485609063215
2012-08-28,0.05,0.12,0.8299999999999998,0.0,0.0004643519925768302,1.2985512659068406
2012-08-29,0.05,0.12,0.8299999999999998,0.0,-0.000494052125348967,1.2979097138940447
2012-08-30,0.05,0.12,0.8299999999999998,0.0,0.0009060311107067464,1.2990856604737213
2012-08-31,0.05,0.12,0.761100318376382,0.06889968162361786,0.0013048911388663417,1.3007808258407019
2012-09-04,0.05,0.12,0.761100318376382,0.06889968162361786,-0.0006740424033907749,1.2999040444065677
2012-09-05,0.05,0.12,0.761100318376382,0.06889968162361786,-7.142734538669574e-05,1.2998111957114182
2012-09-06,0.05,0.12,0.761100318376382,0.06889968162361786,-0.0012865753337086379,1.2981388906885376
2012-09-07,0.05,0.12,0.761100318376382,0.06889968162361786,0.0019391461340683034,1.3006561716999
2012-09-10,0.05,0.12,0.761100318376382,0.06889968162361786,-0.00013417002915279728,1.3004816626234252
2012-09-11,0.05,0.12,0.761100318376382,0.06889968162361786,0.00029490467711043556,1.3008651807482292
2012-09-12,0.05,0.12,0.761100318376382,0.06889968162361786,-0.0003684414652595752,1.300385888074929
2012-09-13,0.05,0.12,0.761100318376382,0.06889968162361786,0.0012850138493521247,1.3020569019506074
2012-09-14,0.05,0.12,0.83,0.0,-0.0003644636022544073,1.3015823496017822
2012-09-17,0.05,0.12,0.83,0.0,0.0009156723350437001,1.3027741725510937
2012-09-18,0.05,0.12,0.83,0.0,0.0008618033405426616,1.3038969076849711
2012-09-19,0.05,0.12,0.83,0.0,0.0006017217942910769,1.3046814908718338
2012-09-20,0.05,0.12,0.7799999999999999,0.05,-0.0002959253533851891,1.3042954025405924
2012-09-21,0.05,0.12,0.7799999999999999,0.05,0.0006606157578415404,1.3051570406363908
2012-09-24,0.05,0.12,0.7799999999999999,0.05,0.0005299108496548509,1.3058486575127275
2012-09-25,0.05,0.12,0.7799999999999999,0.05,0.00015072211654076684,1.3060454777862696
2012-09-26,0.05,0.12,0.7799999999999999,0.05,0.000267483421956205,1.3063948232998983
2012-09-27,0.05,0.12,0.7799999999999999,0.05,-0.00012380748509335682,1.3062330818422867
2012-09-28,0.05,0.12,0.7799999999999999,0.05,0.0005841350765295216,1.3069960984035138
2012-10-01,0.05,0.12,0.83,0.0,-0.0007245069542115234,1.306049170641093
2012-10-02,0.05,0.12,0.83,0.0,0.0006110667155825089,1.306847253818186
2012-10-03,0.05,0.12,0.83,0.0,0.00018373451473643554,1.307087366764201
2012-10-04,0.05,0.12,0.83,0.0,-2.553559196444066e-05,1.3070539895145414
2012-10-05,0.05,0.12,0.83,0.0,-0.0007748562818944349,1.306041210519991
2012-10-08,0.05,0.12,0.83,0.0,0.0,1.306041210519991
2012-10-09,0.05,0.12,0.83,0.0,0.0003823427032375304,1.3065405658469607
2012-10-10,0.05,0.12,0.83,0.0,0.000498133980263049,1.307191398099401
2012-10-11,0.05,0.12,0.83,0.0,0.0007685719069211382,1.308196068684949
2012-10-12,0.05,0.12,0.83,0.0,0.000812064486343671,1.3092584082535024
2012-10-15,0.05,0.12,0.83,0.0,0.0008943229615032443,1.3104293081105447
2012-10-16,0.05,0.12,0.83,0.0,-5.5203493322328876e-05,1.3103569678349851
2012-10-17,0.05,0.12,0.83,0.0,-0.0010679522691317066,1.3089575691378132
2012-10-18,0.05,0.12,0.83,0.0,0.00020581687299608075,1.309226974691578
2012-10-19,0.05,0.12,0.83,0.0,0.0010214393705742018,1.3105642706685459
2012-10-22,0.05,0.12,0.83,0.0,-0.001315292825870029,1.308840494885494
2012-10-23,0.05,0.12,0.83,0.0,-0.00015365798331126832,1.3086393810945738
2012-10-24,0.05,0.12,0.83,0.0,-5.230195485708466e-05,1.3085709366967395
2012-10-25,0.05,0.12,0.83,0.0,-0.0014106123299388207,1.3067250503988355
2012-10-26,0.05,0.12,0.83,0.0,0.0015777864158595166,1.3087867834326181
2012-10-31,0.05,0.12,0.83,0.0,-0.00012095802724541472,1.3086284751652093
2012-11-01,0.05,0.12,0.83,0.0,-0.0005714599914773366,1.3078806463479444
2012-11-02,0.05,0.12,0.83,0.0,2.6753106240868797e-05,1.3079156362178264
2012-11-05,0.05,0.12,0.83,0.0,0.0008983494182375828,1.3090906014687265
2012-11-06,0.05,0.12,0.83,0.0,-0.0017383547051056866,1.3068149376622538
2012-11-07,0.05,0.12,0.83,0.0,0.0017495639839154563,1.3091012940108302
2012-11-08,0.05,0.12,0.83,0.0,0.0005079047444735885,1.309766192769055
2012-11-09,0.05,0.12,0.83,0.0,-0.0008393115132477524,1.308666890923801
2012-11-12,0.05,0.12,0.83,0.0,0.0,1.308666890923801
2012-11-13,0.05,0.12,0.83,0.0,-0.0006524587431187622,1.3078130397689878
2012-11-14,0.05,0.12,0.83,0.0,-0.0003719013102180135,1.3073266623859774
2012-11-15,0.05,0.12,0.83,0.0,-0.0013115208703219205,1.3056120761839298
2012-11-16,0.05,0.12,0.7799999999999998,0.05,-0.00011404675917125573,1.3054631753579062
2012-11-19,0.05,0.12,0.8299999999999998,0.0,-0.00048586339846115026,1.304828898582961
2012-11-20,0.05,0.12,0.8299999999999998,0.0,-0.001051466523077725,1.3034569146777566
2012-11-21,0.05,0.12,0.8299999999999998,0.0,-0.0006484121246077888,1.3026117374103756
2012-11-23,0.05,0.12,0.8299999999999998,0.0,-0.00019134400926278157,1.3023624904580267
2012-11-26,0.05,0.12,0.8299999999999998,0.0,0.001038361229706528,1.3037148131751422
2012-11-27,0.05,0.12,0.8299999999999998,0.0,0.0008573681034903611,1.3048325766720066
2012-11-28,0.05,0.12,0.8299999999999998,0.0,0.0007318862930717039,1.305787565749626
2012-11-29,0.05,0.12,0.8299999999999998,0.0,0.0005080707765110514,1.3064509982521149
2012-11-30,0.05,0.12,0.8299999999999998,0.0,-0.0007946376623356708,1.3054128430849077
2012-12-03,0.05,0.12,0.8299999999999998,0.0,-0.0004870428008690718,1.3047770511575212
2012-12-04,0.05,0.12,0.8299999999999998,0.0,0.0006609883970229279,1.305639493649038
2012-12-05,0.05,0.12,0.8299999999999998,0.0,0.000829723697368303,1.3067228136771385
2012-12-06,0.05,0.12,0.8299999999999998,0.0,0.0002624694200829891,1.3070657884562535
2012-12-07,0.05,0.12,0.8299999999999998,0.0,-0.0009782070207388159,1.3057872075254182
2012-12-10,0.05,0.12,0.8299999999999998,0.0,0.0003563781013415345,1.3062525614911922
2012-12-11,0.05,0.12,0.8299999999999998,0.0,-0.0004319029504348136,1.305688387155871
2012-12-12,0.05,0.12,0.8299999999999998,0.0,-0.00085283340962072,1.3045748524767509
2012-12-13,0.05,0.12,0.8299999999999998,0.0,-0.0008269178516438268,1.3034960762424324
2012-12-14,0.05,0.12,0.8299999999999998,0.0,0.00047076464685957603,1.3041097161124475
2012-12-17,0.05,0.12,0.8299999999999998,0.0,-0.0013872327359360057,1.302300612423004
2012-12-18,0.05,0.12,0.8299999999999998,0.0,-0.0013110219857067936,1.3005932676881182
2012-12-19,0.05,0.12,0.8299999999999998,0.0,0.0012631644785562664,1.3022361309049113
2012-12-20,0.05,0.12,0.8299999999999998,0.0,0.00016187130181551042,1.302446925562692
2012-12-21,0.05,0.12,0.8299999999999998,0.0,0.0009090197664007892,1.3036308755627164
2012-12-24,0.05,0.12,0.8299999999999998,0.0,-0.0009363691700822117,1.3024101958016723
2012-12-26,0.05,0.12,0.8299999999999998,0.0,0.0003124538437219803,1.3028171388734533
2012-12-27,0.05,0.12,0.8299999999999998,0.0,0.001321472895557116,1.3045387764103418
2012-12-28,0.05,0.12,0.8299999999999998,0.0,0.00010547004097549048,1.3046763661685439
2012-12-31,0.05,0.12,0.8299999999999998,0.0,-0.0017687794818881204,1.3023686813815605
2013-01-02,0.05,0.12,0.8299999999999998,0.0,-0.000660842252204009,1.3015080211289565
2013-01-03,0.05,0.12,0.8299999999999998,0.0,-0.0005410941697102432,1.3008037827268923
2013-01-04,0.05,0.12,0.8299999999999998,0.0,0.00012016809925057935,1.3009600978449607
2013-01-07,0.05,0.12,0.8299999999999998,0.0,0.0007907714270470521,1.3019888599180647
2013-01-08,0.05,0.12,0.8299999999999998,0.0,0.0009827789569424737,1.3032684271717658
2013-01-09,0.05,0.12,0.8299999999999998,0.0,0.0005857023908165892,1.3040317546054363
2013-01-10,0.05,0.12,0.8299999999999998,0.0,-0.0008892655248479495,1.3028721241227588
2013-01-11,0.05,0.12,0.8299999999999998,0.0,0.0005189259028231929,1.3035482182160323
2013-01-14,0.05,0.12,0.8299999999999998,0.0,0.0001394918801498268,1.3037300526078572
2013-01-15,0.05,0.12,0.8299999999999998,0.0,0.00020101218823322938,1.3039921182385974
2013-01-16,0.05,0.12,0.8299999999999998,0.0,-0.0001393995920824953,1.3038103422692362
2013-01-17,0.05,0.12,0.8299999999999998,0.0,-0.0012548514142499464,1.302174254017326
2013-01-18,0.05,0.12,0.8299999999999998,0.0,0.0007985842368031146,1.303214149850155
2013-01-22,0.05,0.12,0.8299999999999998,0.0,0.0002816420069646152,1.3035811896988236
2013-01-23,0.05,0.12,0.8299999999999998,0.0,1.3645420387079513e-05,1.303598977612166
2013-01-24,0.05,0.12,0.8299999999999998,0.0,-0.0001704126187481447,1.3033768278965936
2013-01-25,0.88,0.12,0.0,0.0,-0.002506193408019912,1.3001103134823533
2013-01-28,0.88,0.12,0.0,0.0,-6.661115736886547e-05,1.3000237116296651
2013-01-29,0.88,0.12,0.0,0.0,-0.0002443765620660887,1.2997060163044127
2013-01-30,0.88,0.12,0.0,0.0,-0.00023374455059828935,1.2994022171057218
2013-01-31,0.88,0.12,0.0,0.0,-0.00040148698884758357,1.2988805240222743
2013-02-01,0.88,0.12,0.0,0.0,3.356956359567675e-05,1.2989241268746285
2013-02-04,0.88,0.12,0.0,0.0,-0.00023492122681084915,1.298618982025209
2013-02-05,0.88,0.12,0.0,0.0,-0.00013450401643938292,1.2984443125563023
2013-02-06,0.88,0.12,0.0,0.0,-2.2442491116505536e-05,1.2984151722313526
2013-02-07,0.88,0.12,0.0,0.0,-0.0001234567901234529,1.2982548740619413
2013-02-08,0.88,0.12,0.0,0.0,-3.3704709296880075e-05,1.2982111167588177
2013-02-11,0.88,0.12,0.0,0.0,-1.1238059561722302e-05,1.2981965273849638
2013-02-12,0.88,0.12,0.0,0.0,1.1239112110157378e-05,1.298211117961276
2013-02-13,0.88,0.12,0.0,0.0,0.0001348567147405877,1.298386190447684
2013-02-14,0.88,0.12,0.0,0.0,4.490177736200529e-05,1.2984444902953376
2013-02-15,0.88,0.12,0.0,0.0,3.3663736674771626e-05,1.2984882007887455
2013-02-19,0.88,0.12,0.0,0.0,1.121809853229294e-05,1.298502767357325
2013-02-20,0.88,0.12,0.0,0.0,4.4868199663490315e-05,1.2985610288387543
2013-02-21,0.88,0.12,0.0,0.0,-0.00014576714632778652,1.298371741303248
2013-02-22,0.88,0.12,0.0,0.0,5.6132472635415096e-05,1.2984446221194872
2013-02-25,0.88,0.12,0.0,0.0,0.00012343370114082042,1.298604893944922
2013-02-26,0.88,0.12,0.0,0.0,-0.00011209715086407446,1.2984593240362126
2013-02-27,0.88,0.12,0.0,0.0,0.00011220196353436406,1.2986050137219391
2013-02-28,0.88,0.12,0.0,0.0,0.000100887435777679,1.2987360266518617
2013-03-01,0.88,0.12,0.0,0.0,-1.1200298674638454e-05,1.2987214804204636
2013-03-04,0.88,0.12,0.0,0.0,3.360403248390042e-05,1.2987651226992794
2013-03-05,0.88,0.12,0.0,0.0,0.00013437849944008206,1.2989396488075928
2013-03-06,0.88,0.12,0.0,0.0,7.829977628635909e-05,1.299041355491504
2013-03-07,0.88,0.12,0.0,0.0,7.824871914299258e-05,1.299143003813685
2013-03-08,0.88,0.12,0.0,0.0,0.0,1.299143003813685
2013-03-11,0.88,0.12,0.0,0.0,0.0,1.299143003813685
2013-03-12,0.88,0.12,0.0,0.0,5.585552038726682e-05,1.2992155681222206
2013-03-13,0.88,0.12,0.0,0.0,2.233181352935709e-05,1.2992445819620222
2013-03-14,0.88,0.12,0.0,0.0,4.465531677366741e-05,1.2993026001403962
2013-03-15,0.88,0.12,0.0,0.0,6.695805821631318e-05,1.299389598919537
2013-03-18,0.88,0.12,0.0,0.0,-8.922762338507084e-05,1.2992736574737742
2013-03-19,0.88,0.12,0.0,0.0,2.2323504790247027e-05,1.2993026618154906
2013-03-20,0.88,0.12,0.0,0.0,2.2319352738771058e-05,1.299331661409914
2013-03-21,0.88,0.12,0.0,0.0,-1.1157601115749926e-05,1.299317163985519
2013-03-22,0.88,0.12,0.0,0.0,-2.2317277292183135e-05,1.2992881667640799
2013-03-25,0.88,0.12,0.0,0.0,0.0,1.2992881667640799
2013-03-26,0.88,0.12,0.0,0.0,-1.1160714285698424e-05,1.2992736657800759
2013-03-27,0.88,0.12,0.0,0.0,-4.4647009580507375e-05,1.299215657096272
2013-03-28,0.88,0.12,0.0,0.0,0.0,1.299215657096272
2013-04-01,0.88,0.12,0.0,0.0,-0.00010049316088210691,1.2990850948082229
2013-04-02,0.88,0.12,0.0,0.0,5.587632706276935e-05,1.2991576829118627
2013-04-03,0.88,0.12,0.0,0.0,0.0,1.2991576829118627
2013-04-04,0.88,0.12,0.0,0.0,0.0,1.2991576829118627
2013-04-05,0.88,0.12,0.0,0.0,-8.936051382296472e-05,1.2990415895137808
2013-04-08,0.88,0.12,0.0,0.0,3.353516534700063e-05,1.2990851530882779
2013-04-09,0.88,0.12,0.0,0.0,7.822685788789307e-05,1.2991867764379328
2013-04-10,0.88,0.12,0.0,0.0,0.0002010237319683483,1.2994479438122561
2013-04-11,0.88,0.12,0.0,0.0,0.00018953823283471394,1.299694238879187
2013-04-12,0.88,0.12,0.0,0.0,4.4526901669756925e-05,1.2997521102367624
2013-04-15,0.88,0.12,0.0,0.0,-0.00018916913946587233,1.29950623724855
2013-04-16,0.88,0.12,0.0,0.0,0.0,1.29950623724855
2013-04-17,0.88,0.12,0.0,0.0,-7.801616049039061e-05,1.2994048547613866
2013-04-18,0.88,0.12,0.0,0.0,1.1152416356887684e-05,1.299419346265343
2013-04-19,0.88,0.12,0.0,0.0,2.230275996654818e-05,1.2994483269031187
2013-04-22,0.88,0.12,0.0,0.0,7.804515469665318e-05,1.2995497425488123
2013-04-23,0.05,0.12,0.0,0.8299999999999998,0.00017827298050139716,1.2997814171547262
2013-04-24,0.05,0.12,0.0,0.8299999999999998,0.00031150901151123507,1.300186310779165
2013-04-25,0.05,0.12,0.0,0.8299999999999998,-4.46946007921289e-05,1.3001281994710492
2013-04-26,0.05,0.12,0.7431765748882626,0.08682342511173735,0.0010455334673719683,1.3014875270154702
2013-04-29,0.05,0.12,0.7431765748882626,0.08682342511173735,4.2334155590348756e-05,1.3015426243909378
2013-04-30,0.05,0.12,0.8300000000000001,0.0,-0.0006371047663728634,1.3007134053813008
2013-05-01,0.05,0.12,0.78,0.05,0.0012132528120966236,1.3022914995781116
2013-05-02,0.05,0.12,0.8300000000000001,0.0,0.0005401877411263012,1.302994981481557
2013-05-03,0.88,0.12,0.0,0.0,-0.002373815073300577,1.299901912354081
2013-05-06,0.88,0.12,0.0,0.0,4.403669724771575e-05,1.2999591557410468
2013-05-07,0.88,0.12,0.0,0.0,0.00018708730741010093,1.3002023615992375
2013-05-08,0.05,0.12,0.83,0.0,4.395201904587864e-05,1.300259508118198
2013-05-09,0.05,0.12,0.83,0.0,-0.0001401449330918203,1.300077283336431
2013-05-10,0.88,0.12,0.0,0.0,-0.002680791822392995,1.2965920467867837
2013-05-13,0.88,0.12,0.0,0.0,-0.00035200293335778453,1.2961356425829464
2013-05-14,0.88,0.12,0.0,0.0,-0.00013238944561919208,1.2959640479037775
2013-05-15,0.88,0.12,0.0,0.0,-8.835710998621238e-05,1.2958495402658587
2013-05-16,0.88,0.12,0.0,0.0,-3.3158331030662676e-05,1.2958065720578367
2013-05-17,0.88,0.12,0.0,0.0,-2.21116639027219e-05,1.2957779196184323
2013-05-20,0.88,0.12,0.0,0.0,3.317360855143114e-05,1.2958209052479073
2013-05-21,0.88,0.12,0.0,0.0,-1.1054813450011024e-05,1.295806580189535
2013-05-22,0.88,0.12,0.0,0.0,-2.21116639027219e-05,1.295777927749951
2013-05-23,0.88,0.12,0.0,0.0,-0.0004533726502027191,1.2951904574767727
2013-05-24,0.88,0.12,0.0,0.0,-0.00011099805753399306,1.2950466938518563
2013-05-28,0.88,0.12,0.0,0.0,-0.00011110082399778509,1.2949028130970537
2013-05-29,0.88,0.12,0.0,0.0,-0.0006338615512927381,1.2940820239911706
2013-05-30,0.88,0.12,0.0,0.0,-4.471771939632329e-05,1.294024155594346
2013-05-31,0.88,0.12,0.0,0.0,-0.0005591798695246997,1.293300563335859
2013-06-03,0.1,0.0,0.0,0.9,-0.0004943820224719087,1.292661178787693
2013-06-04,0.1,0.0,0.0,0.9,-0.0003425635169855168,1.2922183602280168
2013-06-05,0.1,0.0,0.0,0.9,0.0007710613993336723,1.293214739925099
2013-06-06,0.1,0.0,0.0,0.9,0.0005136009130682684,1.2938789361963179
2013-06-07,0.1,0.0,0.0,0.9,-0.002480988593155897,1.2906688373146902
2013-06-10,0.1,0.0,0.0,0.9,-0.0013726050900771392,1.2888972586989882
2013-06-11,0.1,0.0,0.0,0.9,0.0001718377088304246,1.2891187398508408
2013-06-12,0.1,0.0,0.0,0.9,-0.0008590245299226251,1.288011355231326
2013-06-13,0.1,0.0,0.0,0.9,0.00146173688736031,1.2898940889406065
2013-06-14,0.1,0.0,0.0,0.9,0.0021461274322778,1.292662366029615
2013-06-17,0.1,0.0,0.0,0.9,-0.0008564087924636921,1.2915553186136604
2013-06-18,0.1,0.0,0.0,0.9,-0.00017144489951425036,1.2913338880418435
2013-06-19,0.1,0.0,0.0,0.9,-0.0048871106030293765,1.285022996505543
2013-06-20,0.1,0.0,0.0,0.9,-0.002758620689655256,1.2814781054807
2013-06-21,0.1,0.0,0.0,0.9,-0.003112990007686434,1.2774888769432697
2013-06-24,0.1,0.0,0.0,0.9,-0.0012148091014269168,1.2759369718285873
2013-06-25,0.1,0.0,0.0,0.9,-0.0009557829696852483,1.2747174530005219
2013-06-26,0.1,0.0,0.0,0.9,0.0015656712090462044,1.2767132414163533
2013-06-27,0.1,0.0,0.0,0.9,0.001910274963820635,1.2791521147574094
2013-06-28,0.1,0.0,0.0,0.9,-0.00025994031000285965,1.2788196115601584
2013-07-01,0.1,0.0,0.0,0.9,-0.0006933744221879979,1.2779329107509103
2013-07-02,0.1,0.0,0.0,0.9,0.00043369313801082664,1.2784871414851413
2013-07-03,0.1,0.0,0.0,0.9,-0.0010403622001734726,1.2771570517897324
2013-07-05,0.1,0.0,0.0,0.9,-0.005902208506123963,1.2696190045750029
2013-07-08,0.1,0.0,0.0,0.9,0.0025337345888747365,1.2728358821615873
2013-07-09,0.1,0.0,0.0,0.9,0.0005227492739592999,1.2735012561948564
2013-07-10,0.1,0.0,0.0,0.9,-0.0009578173374612864,1.2722814746123943
2013-07-11,0.1,0.0,0.0,0.9,0.0035738498789346543,1.2768284176064084
2013-07-12,0.1,0.0,0.0,0.9,-0.0011286899479066026,1.2753872742062546
2013-07-15,0.1,0.0,0.0,0.9,0.0013909011880614886,1.2771612118811866
2013-07-16,0.1,0.0,0.0,0.9,0.0006075802873951153,1.2779371898573513
2013-07-17,0.1,0.0,0.0,0.9,0.0015612952968388162,1.279932427181531
2013-07-18,0.1,0.0,0.0,0.9,-0.0008658841639407333,1.2788241539619203
2013-07-19,0.1,0.0,0.0,0.9,0.000953389830508522,1.2800433719053161
2013-07-22,0.1,0.0,0.0,0.9,0.0,1.2800433719053161
2013-07-23,0.1,0.0,0.0,0.9,-0.0006060606060606432,1.2792675880435553
2013-07-24,0.1,0.0,0.0,0.9,-0.001906045437042725,1.2768292458946082
2013-07-25,0.1,0.0,0.0,0.9,-0.00043411151842563943,1.2762749596119027
2013-07-26,0.1,0.0,0.0,0.9,0.0015635556413473807,1.2782704865249144
2013-07-29,0.1,0.0,0.0,0.9,-0.0005202813373157534,1.277605426246734
2013-07-30,0.1,0.0,0.0,0.9,-0.00034705485394775915,1.2771620270821251
2013-07-31,0.1,0.0,0.0,0.9,-0.0009547690230494954,1.275942632341252
2013-08-01,0.1,0.0,0.0,0.9,-0.00356246379609958,1.2713971329076361
2013-08-02,0.1,0.0,0.0,0.9,0.004012794416981702,1.2764989882243343
2013-08-05,0.1,0.0,0.0,0.9,-0.000955321818006405,1.2752795208902206
2013-08-06,0.1,0.0,0.0,0.9,-8.693972179284471e-05,1.2751686484434663
2013-08-07,0.1,0.0,0.0,0.9,0.000869481209544909,1.2762773836222887
2013-08-08,0.1,0.0,0.0,0.9,0.000434321011485439,1.2768316977064795
2013-08-09,0.1,0.0,0.0,0.9,-8.682230368500798e-05,1.2767208402370667
2013-08-12,0.1,0.0,0.0,0.9,-0.0006078147612156748,1.275944830464419
2013-08-13,0.1,0.0,0.0,0.9,-0.003214906352577762,1.2718427873234202
2013-08-14,0.1,0.0,0.0,0.9,0.0002616025578916936,1.27217550464982
2013-08-15,0.1,0.0,0.0,0.9,-0.0013076327005035581,1.2705119663591602
2013-08-16,0.1,0.0,0.0,0.9,-0.0019206518576001864,1.2680717551908693
2013-08-19,0.1,0.0,0.0,0.9,-0.0014873140857392664,1.266185734207646
2013-08-20,0.1,0.0,0.0,0.9,0.0020155793573515047,1.2687378320360878
2013-08-21,0.1,0.0,0.0,0.9,-0.0017487612940833342,1.266519112423084
2013-08-22,0.1,0.0,0.0,0.9,-0.002102599046043152,1.2638561305455076
2013-08-23,0.1,0.0,0.0,0.9,0.0016684554590691957,1.2659648182059942
2013-08-26,0.1,0.0,0.0,0.9,0.000701207635372092,1.2668525224026326
2013-08-27,0.1,0.0,0.0,0.9,0.00218956792526277,1.2696263820517237
2013-08-28,0.1,0.0,0.0,0.9,-0.0016600330065043134,1.2675187603515892
2013-08-29,0.1,0.0,0.0,0.9,0.0007002528690916555,1.2684063440001527
2013-08-30,0.1,0.0,0.0,0.9,-0.00026239067055392476,1.2680735260090157
2013-09-03,0.1,0.0,0.0,0.9,-0.0016622922134733153,1.2659656172606193
2013-09-04,0.1,0.0,0.0,0.9,-0.002103622906116176,1.2633025029897944
2013-09-05,0.1,0.0,0.0,0.9,-0.0028992581023037367,1.2596398629723407
2013-09-06,0.1,0.0,0.0,0.9,0.0019390853001664432,1.2620824121141339
2013-09-09,0.1,0.0,0.0,0.9,0.0017590149516270692,1.2643024339472282
2013-09-10,0.1,0.0,0.0,0.9,-0.0017555837315907708,1.2620828451623798
2013-09-11,0.1,0.0,0.0,0.9,0.001495162708882969,1.2639698643679875
2013-09-12,0.1,0.0,0.0,0.9,0.00017560975609756113,1.264191829807584
2013-09-13,0.1,0.0,0.0,0.9,0.00017557549746403112,1.2644137909169924
2013-09-16,0.1,0.0,0.0,0.9,0.0016676418958454064,1.2665223803284102
2013-09-17,0.1,0.0,0.0,0.9,0.0007884746422660571,1.2675210011091615
2013-09-18,0.1,0.0,0.0,0.9,0.005076833300914352,1.273955993937201
2013-09-19,0.1,0.0,0.0,0.9,-0.0012185686653771732,1.2724035910819196
2013-09-20,0.1,0.0,0.0,0.9,8.71586287041426e-05,1.2725144920340765
2013-09-23,0.1,0.0,0.0,0.9,0.00043575094412693364,1.2730689914253954
2013-09-24,0.1,0.0,0.0,0.9,0.0014808362369338024,1.274954198120015
2013-09-25,0.1,0.0,0.0,0.9,0.0010435790897671772,1.2762847136615838
2013-09-26,0.1,0.0,0.0,0.9,-0.0006949136183766025,1.2753978060331346
2013-09-27,0.1,0.0,0.0,0.9,0.0008693132425384054,1.2765065262354236
2013-09-30,0.1,0.0,0.0,0.9,-0.0004342371900028841,1.2759522196284507
2013-10-01,0.1,0.0,0.0,0.9,-0.0009557829696852483,1.2747326862267978
2013-10-02,0.1,0.0,0.0,0.9,0.0009567990721948805,1.275952349278276
2013-10-03,0.1,0.0,0.0,0.9,0.0005213361652828263,1.2766175493831322
2013-10-04,0.1,0.0,0.0,0.9,-0.0013894249324585273,1.2748437851308052
2013-10-07,0.1,0.0,0.0,0.9,8.697332817921844e-05,1.2749546625377066
2013-10-08,0.1,0.0,0.0,0.9,-0.0006087544690307368,1.2741785281890752
2013-10-09,0.1,0.0,0.0,0.9,0.0,1.2741785281890752
2013-10-10,0.1,0.0,0.0,0.9,-0.0006091665055115714,1.2734023413076603
2013-10-11,0.1,0.0,0.0,0.9,0.0003483309143687885,1.2738459067095673
2013-10-14,0.1,0.0,0.0,0.9,0.0,1.2738459067095673
2013-10-15,0.1,0.0,0.0,0.9,-0.0006963923009962514,1.2729588102274791
2013-10-16,0.1,0.0,0.0,0.9,0.001306746684735205,1.2746222449325484
2013-10-17,0.1,0.0,0.0,0.9,0.002261743669050964,1.2775051137254563
2013-10-18,0.1,0.0,0.0,0.9,-0.00034708831469333347,1.2770617066285213
2013-10-21,0.1,0.0,0.0,0.9,-0.0005208333333333482,1.2763965703229856
2013-10-22,0.1,0.0,0.0,0.9,0.002431962941517063,1.2795007194806904
2013-10-23,0.1,0.0,0.0,0.9,0.00043310875842150764,1.2800548824487041
2013-10-24,0.1,0.0,0.0,0.9,-0.0009523809523809823,1.2788357825606576
2013-10-25,0.1,0.0,0.0,0.9,0.0006067026194144232,1.279611655579738
2013-10-28,0.1,0.0,0.0,0.9,-0.00017322683091128833,1.279389992507845
2013-10-29,0.1,0.0,0.0,0.9,8.663008951772523e-05,1.2795008261774239
2013-10-30,0.1,0.0,0.0,0.9,-0.00017324350336870298,1.2792791609717338
2013-10-31,0.1,0.0,0.0,0.9,-0.0005198305737389886,1.2786141525515136
2013-11-01,0.1,0.0,0.0,0.9,-0.0018204584858408257,1.276286488567385
2013-11-04,0.1,0.0,0.0,0.9,0.0005211852137825268,1.2769516702137769
2013-11-05,0.1,0.0,0.0,0.9,-0.0011285810745634618,1.2755105267256415
2013-11-06,0.1,0.0,0.0,0.9,0.0012169209967162642,1.2770627222671467
2013-11-07,0.1,0.0,0.0,0.9,0.0006944444444443976,1.2779495713798321
2013-11-08,0.1,0.0,0.0,0.9,-0.003382806476484168,1.2736265152931483
2013-11-11,0.1,0.0,0.0,0.9,0.0,1.2736265152931483
2013-11-12,0.1,0.0,0.0,0.9,-0.0009577246783399107,1.272406731748464
2013-11-13,0.1,0.0,0.0,0.9,0.0015688553166763653,1.2744029538145423
2013-11-14,0.1,0.0,0.0,0.9,0.0016531322505801249,1.2765097104377277
2013-11-15,0.1,0.0,0.0,0.9,-0.00034738975200224734,1.2760662640459903
2013-11-18,0.1,0.0,0.0,0.9,0.0008688097306690069,1.277174922833172
2013-11-19,0.1,0.0,0.0,0.9,-0.0011283633908765855,1.2757338054065013
2013-11-20,0.88,0.12,0.0,0.0,-0.000608342989571331,1.274957721689423
2013-11-21,0.1,0.0,0.0,0.9,-0.00013683010262257155,1.2747832690935248
2013-11-22,0.88,0.12,0.0,0.0,0.00026086956521733653,1.2751158212506795
2013-11-25,0.88,0.12,0.0,0.0,0.000125463358996285,1.2752758015647228
2013-11-26,0.88,0.12,0.0,0.0,7.975693125712446e-05,1.275377513649162
2013-11-27,0.88,0.12,0.0,0.0,4.55451181326616e-05,1.2754356008686851
2013-11-29,0.88,0.12,0.0,0.0,0.0,1.2754356008686851
2013-12-02,0.88,0.12,0.0,0.0,-0.0001252015555344954,1.2752759143474723
2013-12-03,0.88,0.12,0.0,0.0,-2.2787694644881283e-05,1.2752468537493482
2013-12-04,0.88,0.12,0.0,0.0,-9.116809116808788e-05,1.2751305919279239
2013-12-05,0.88,0.12,0.0,0.0,-2.280935183424315e-05,1.275101507025618
2013-12-06,0.88,0.12,0.0,0.0,2.281368821292595e-05,1.275130596793839
2013-12-09,0.88,0.12,0.0,0.0,7.983273141988434e-05,1.2752323939522983
2013-12-10,0.88,0.12,0.0,0.0,6.838256244656726e-05,1.2753195976111116
2013-12-11,0.88,0.12,0.0,0.0,1.1390602752747724e-05,1.275334124270031
2013-12-12,0.88,0.12,0.0,0.0,-0.00011389521640090993,1.2751888698139637
2013-12-13,0.88,0.12,0.0,0.0,-6.840205206156913e-05,1.2751016442785024
2013-12-16,0.88,0.12,0.0,0.0,1.1406844106449654e-05,1.2751161891641785
2013-12-17,0.88,0.12,0.0,0.0,-5.7028799543763496e-05,1.2750434708186316
2013-12-18,0.88,0.12,0.0,0.0,-2.2822365918599985e-05,1.2750143713099784
2013-12-19,0.88,0.12,0.0,0.0,2.2826707247469714e-05,1.2750434756897686
2013-12-20,0.88,0.12,0.0,0.0,3.4233548877899974e-05,1.275087124952915
2013-12-23,0.88,0.12,0.0,0.0,2.281585702061939e-05,1.2751162171584467
2013-12-24,0.88,0.12,0.0,0.0,-1.1405759908744706e-05,1.275101673489018
2013-12-26,0.88,0.12,0.0,0.0,-2.281368821292595e-05,1.2750725837169992
2013-12-27,0.88,0.12,0.0,0.0,-2.2818026240742917e-05,1.275043489077325
2013-12-30,0.88,0.12,0.0,0.0,3.4233548877899974e-05,1.2750871383409297
2013-12-31,0.88,0.12,0.0,0.0,2.281585702061939e-05,1.275116230546767
2014-01-02,0.88,0.12,0.0,0.0,9.124607927003758e-05,1.275232579903418
2014-01-03,0.88,0.12,0.0,0.0,2.2794187482189088e-05,1.2752616477939278
2014-01-06,0.88,0.12,0.0,0.0,0.00010255436330832701,1.275392431440269
2014-01-07,0.88,0.12,0.0,0.0,0.0001593927893738023,1.2755957197974623
2014-01-08,0.88,0.12,0.0,0.0,-1.1370096645828553e-05,1.275581216150847
2014-01-09,0.88,0.12,0.0,0.0,1.1371174073735446e-05,1.275595721006901
2014-01-10,0.88,0.12,0.0,0.0,0.00011370096645820559,1.2757407574731896
2014-01-13,0.88,0.12,0.0,0.0,5.67966679288201e-05,1.2758132152973551
2014-01-14,0.88,0.12,0.0,0.0,2.270791938688177e-05,1.2758421863610008
2014-01-15,0.88,0.12,0.0,0.0,9.081449247943851e-05,1.2759580513216389
2014-01-16,0.88,0.12,0.0,0.0,4.537290859248699e-05,1.2760159452496693
2014-01-17,0.88,0.12,0.0,0.0,4.535575923652502e-05,1.2760738199216641
2014-01-21,0.88,0.12,0.0,0.0,3.400396712948783e-05,1.2761172114938915
2014-01-22,0.88,0.12,0.0,0.0,0.0,1.2761172114938915
2014-01-23,0.88,0.12,0.0,0.0,-0.00010198300283286166,1.2759870692286968
2014-01-24,0.88,0.12,0.0,0.0,-0.00040827899064360907,1.2754661105159977
2014-01-27,0.88,0.12,0.0,0.0,-0.00014793741109531133,1.2752774213616682
2014-01-28,0.88,0.12,0.0,0.0,3.418154196733525e-05,1.2753210123103664
2014-01-29,0.88,0.12,0.0,0.0,-5.695301376364536e-05,1.2752483789351994
2014-01-30,0.88,0.12,0.0,0.0,5.6980056980044936e-05,1.2753210426604948
2014-01-31,0.1,0.0,0.0,0.9,-0.0001139060275272774,1.2751757759067035
2014-02-03,0.1,0.0,0.0,0.9,0.0023560209424082546,1.2781801167399913
2014-02-04,0.1,0.0,0.0,0.9,-0.0008703220191470518,1.2770676884399565
2014-02-05,0.1,0.0,0.0,0.9,-0.0009582809021392302,1.2758438988633853
2014-02-06,0.88,0.12,0.0,0.0,-0.0009593023255813571,1.2746199788441268
2014-02-07,0.05,0.12,0.83,0.0,0.00018245747410435163,1.2748525427859096
2014-02-10,0.05,0.12,0.83,0.0,2.397467147801979e-05,1.2748831069568058
2014-02-11,0.88,0.12,0.0,0.0,-0.0007487096445114316,1.2739285896790025
2014-02-12,0.88,0.12,0.0,0.0,0.00012494084240415759,1.2740877553901597
2014-02-13,0.05,0.12,0.8300000000000001,0.0,1.1346444780615528e-05,1.274102211756522
2014-02-14,0.05,0.12,0.8300000000000001,0.0,-0.00016750014244332537,1.2738887994545653
2014-02-18,0.05,0.12,0.8300000000000001,0.0,0.0012583950106446486,1.2754918547639151
2014-02-19,0.05,0.12,0.8300000000000001,0.0,-0.0005474469867642862,1.2747935905913823
2014-02-20,0.05,0.12,0.8300000000000001,0.0,-0.000661347352152405,1.2739505092257037
2014-02-21,0.05,0.12,0.8300000000000001,0.0,0.000685690223551232,1.274824044635168
2014-02-24,0.88,0.12,0.0,0.0,-0.00011136046159361814,1.2746820796411067
2014-02-25,0.05,0.12,0.8299999999999997,0.0,0.00018048505358152055,1.2749121407045503
2014-02-26,0.05,0.12,0.8299999999999997,0.0,0.0008853507305864225,1.2760408850997564
2014-02-27,0.05,0.12,0.8299999999999997,0.0,0.000951595541891441,1.2772551599172886
2014-02-28,0.05,0.12,0.8299999999999997,0.0,-0.0006146972532227576,1.276470034678823
2014-03-03,0.05,0.12,0.8299999999999997,0.0,0.0007376325987948814,1.277411600587787
2014-03-04,0.05,0.12,0.8299999999999997,0.0,-0.001809761266037216,1.2750997905522565
2014-03-05,0.05,0.12,0.8299999999999997,0.0,-8.964768377490381e-05,1.2749854808094516
2014-03-06,0.05,0.12,0.8299999999999997,0.0,-0.0011764310982642142,1.273485548239992
2014-03-07,0.05,0.12,0.8299999999999997,0.0,-0.002300177124328597,1.2705563059137672
2014-03-10,0.88,0.12,0.0,0.0,-3.412154434791816e-05,1.2705129525704284
2014-03-11,0.05,0.12,0.8300000000000001,0.0,2.2586109542617192e-05,1.2705416485151506
2014-03-12,0.88,0.12,0.0,0.0,0.00028034380718427126,1.2708978369980817
2014-03-13,0.05,0.12,0.83,0.0,2.2603126765874392e-05,1.2709265632629978
2014-03-14,0.05,0.12,0.83,0.0,-0.0006514014310623262,1.270098679880913
2014-03-17,0.88,0.12,0.0,0.0,-0.0012888868614076543,1.2684616663797235
2014-03-18,0.88,0.12,0.0,0.0,0.00016968325791855143,1.2686769030878196
2014-03-19,0.88,0.12,0.0,0.0,7.907370799209446e-05,1.2687772220747906
2014-03-20,0.88,0.12,0.0,0.0,-0.00020319849482596018,1.2685194084529956
2014-03-21,0.88,0.12,0.0,0.0,0.00010177157934411872,1.2686485076766225
2014-03-24,0.88,0.12,0.0,0.0,1.1298371151511332e-05,1.2686628413383232
2014-03-25,0.88,0.12,0.0,0.0,1.129730747505775e-05,1.268677173812524
2014-03-26,0.88,0.12,0.0,0.0,7.907370799209446e-05,1.2687774928209024
2014-03-27,0.88,0.12,0.0,0.0,-5.644402634054302e-05,1.2687058779106772
2014-03-28,0.88,0.12,0.0,0.0,2.2588235294112022e-05,1.2687345357375666
2014-03-31,0.88,0.12,0.0,0.0,-1.1291992095601166e-05,1.2687202091972176
2014-04-01,0.88,0.12,0.0,0.0,2.2586109542617192e-05,1.2687488646508416
2014-04-02,0.88,0.12,0.0,0.0,0.0,1.2687488646508416
2014-04-03,0.88,0.12,0.0,0.0,2.2581859239734213e-05,1.2687775153591137
2014-04-04,0.88,0.12,0.0,0.0,0.00010159924741299341,1.2689064221998085
2014-04-07,0.88,0.12,0.0,0.0,-6.76755334147927e-05,1.2688205482808328
2014-04-08,0.88,0.12,0.0,0.0,-1.1285620238878913e-05,1.2688062288539736
2014-04-09,0.88,0.12,0.0,0.0,5.643340857790058e-05,1.2688778319142928
2014-04-10,0.88,0.12,0.0,0.0,7.896963429536719e-05,1.2689780347326445
2014-04-11,0.88,0.12,0.0,0.0,-0.00018038331454340637,1.2687491322686566
2014-04-14,0.88,0.12,0.0,0.0,2.2581859239734213e-05,1.2687777829829718
2014-04-15,0.88,0.12,0.0,0.0,0.0,1.2687777829829718
2014-04-16,0.88,0.12,0.0,0.0,-1.1288805268092616e-05,1.2687634599976512
2014-04-17,0.88,0.12,0.0,0.0,-4.5159469376239156e-05,1.2687061633130337
2014-04-21,0.1,0.0,0.0,0.9,-2.2588235294112022e-05,1.2686775054796977
2014-04-22,0.88,0.12,0.0,0.0,-0.000526932084309184,1.268008998597419
2014-04-23,0.88,0.12,0.0,0.0,1.1294117647056011e-05,1.2680233196402269
2014-04-24,0.88,0.12,0.0,0.0,2.2586109542617192e-05,1.2680519593538269
2014-04-25,0.88,0.12,0.0,0.0,-3.3872788859614645e-05,1.2680090068975447
2014-04-28,0.88,0.12,0.0,0.0,-2.2588235294112022e-05,1.2679803648117418
2014-04-29,0.88,0.12,0.0,0.0,3.388873199661191e-05,1.268023335058502
2014-04-30,0.88,0.12,0.0,0.0,7.905138339920015e-05,1.268123574057321
2014-05-01,0.88,0.12,0.0,0.0,2.2571240477757825e-05,1.2681521971794665
2014-05-02,0.88,0.12,0.0,0.0,2.2566995768693586e-05,1.2681808155647343
2014-05-05,0.88,0.12,0.0,0.0,-1.128137632792292e-05,1.268166508739702
2014-05-06,0.88,0.12,0.0,0.0,5.641218503196654e-05,1.2682380487834444
2014-05-07,0.05,0.12,0.83,0.0,5.638567803776695e-05,1.2683095592457383
2014-05-08,0.05,0.12,0.83,0.0,0.0011076193151105574,1.2697143634110981
2014-05-09,0.05,0.12,0.83,0.0,-0.00046901488039180147,1.2691188484808111
2014-05-12,0.88,0.12,0.0,0.0,-0.0011950966178670929,1.2676021288373203
2014-05-13,0.05,0.12,0.83,0.0,5.629045876724525e-05,1.267673482742687
2014-05-14,0.05,0.12,0.83,0.0,0.002089427812012428,1.2703221949740804
2014-05-15,0.05,0.12,0.83,0.0,0.0008018450087634088,1.2713407964856418
2014-05-16,0.05,0.12,0.83,0.0,-0.0005792471261183106,1.2706043759829604
2014-05-19,0.05,0.12,0.83,0.0,1.1255979739237532e-05,1.270618677880073
2014-05-20,0.05,0.12,0.83,0.0,0.0008915250125988593,1.2717514662128784
2014-05-21,0.05,0.12,0.83,0.0,-0.0007573380959264675,1.270788320378965
2014-05-22,0.05,0.12,0.83,0.0,-0.0008134066508080673,1.2697546527073995
2014-05-23,0.05,0.12,0.83,0.0,0.0007578481504881029,1.2707169339225275
2014-05-27,0.05,0.12,0.83,0.0,0.0003569034901885715,1.271170457231286
2014-05-28,0.05,0.12,0.83,0.0,0.0022271919914269088,1.27400159789337
2014-05-29,0.05,0.12,0.83,0.0,-0.00011044434986783868,1.2738608916151601
2014-05-30,0.05,0.12,0.83,0.0,-0.00033247412568574884,1.2734373658289753
2014-06-02,0.05,0.12,0.83,0.0,-0.0032677276065369086,1.2692761193934603
2014-06-03,0.05,0.12,0.83,0.0,-0.001472966804402762,1.2674065178039726
2014-06-04,0.05,0.12,0.83,0.0,-0.000413582900431253,1.2668823401403138
2014-06-05,0.05,0.12,0.83,0.0,0.0008613235531634799,1.2679735357389634
2014-06-06,0.05,0.12,0.83,0.0,5.6857249067777675e-05,1.2680456292260962
2014-06-09,0.05,0.12,0.83,0.0,-0.0003122382130029133,1.2676496969248203
2014-06-10,0.05,0.12,0.83,0.0,-0.0006478224303006086,1.2668284850173888
2014-06-11,0.05,0.12,0.83,0.0,-0.00010074220545887246,1.26670086192187
2014-06-12,0.05,0.12,0.83,0.0,0.0013534658013522227,1.2684152982190249
2014-06-13,0.05,0.12,0.83,0.0,-0.0010274264524257582,1.2671120947889731
2014-06-16,0.05,0.12,0.83,0.0,-0.00012284415223854704,1.2669564374778977
2014-06-17,0.05,0.12,0.83,0.0,-0.0016997032186470962,1.2648029875432307
2014-06-18,0.05,0.12,0.83,0.0,0.0011766373688686116,1.2662912020026307
2014-06-19,0.05,0.12,0.83,0.0,0.0008284398025809868,1.2673402480360278
2014-06-20,0.05,0.12,0.83,0.0,-8.92590800703108e-05,1.2672271264113522
2014-06-23,0.05,0.12,0.83,0.0,0.00016776499236300645,1.2674397227605367
2014-06-24,0.05,0.12,0.83,0.0,0.001073300607371601,1.2688000665847825
2014-06-25,0.05,0.12,0.7799999999999998,0.05,0.0006807586840751466,1.2696638132484652
2014-06-26,0.05,0.12,0.7799999999999998,0.05,0.0009053274071049476,1.2708132746964085
2014-06-27,0.05,0.12,0.7799999999999998,0.05,-0.0002535615863817497,1.2704910452664815
2014-06-30,0.05,0.12,0.7268854231978332,0.10311457680216676,-0.0006243471797004761,1.2696978177655347
2014-07-01,0.05,0.12,0.7268854231978332,0.10311457680216676,-0.0013383988676215733,1.2679984556440158
2014-07-02,0.05,0.12,0.83,0.0,-0.0017970444820880542,1.2657198060160046
2014-07-03,0.05,0.12,0.83,0.0,-0.0008173984389060196,1.2646852086224747
2014-07-07,0.05,0.12,0.83,0.0,0.000549097438805266,1.265379644031424
2014-07-08,0.05,0.12,0.83,0.0,0.001354825267259454,1.2670940123458336
2014-07-09,0.05,0.12,0.83,0.0,0.0004133131128937273,1.2676177189164055
2014-07-10,0.05,0.12,0.83,0.0,0.00019923786621633299,1.2678702763659004
2014-07-11,0.05,0.12,0.83,0.0,0.0003352308581428676,1.2682953056066604
2014-07-14,0.05,0.12,0.83,0.0,-0.0010158162304650564,1.2670069506502024
2014-07-15,0.05,0.12,0.83,0.0,-0.00039255661157260534,1.2665095786948164
2014-07-16,0.05,0.12,0.83,0.0,-0.00020244613082810446,1.266253178730953
2014-07-17,0.05,0.12,0.83,0.0,0.0011488334905658815,1.2677078927902146
2014-07-18,0.05,0.0,0.95,0.0,-0.0008402546817018574,1.2666426952982672
2014-07-21,0.05,0.0,0.95,0.0,-0.0004474799811588159,1.2660758980488402
2014-07-22,0.05,0.07615724988697303,0.8738427501130269,0.0,0.0006267672007540636,1.2668694328954024
2014-07-23,0.05,0.07615724988697303,0.8738427501130269,0.0,0.00022221414576085582,1.2671509492042239
2014-07-24,0.05,0.07615724988697303,0.8738427501130269,0.0,-0.0014668392272328007,1.2652922424851059
2014-07-25,0.05,0.07615724988697303,0.8738427501130269,0.0,0.0007811413782154356,1.266280614611246
2014-07-28,0.05,0.07615724988697303,0.8738427501130269,0.0,-0.0009562607186337333,1.2650697202007257
2014-07-29,0.05,0.0,0.95,0.0,0.0005730762151730986,1.2657947015679083
2014-07-30,0.05,0.0,0.95,0.0,-0.0029553167420814375,1.2620538772943266
2014-07-31,0.05,0.0,0.95,0.0,-0.00044917257683215194,1.2614869973021612
2014-08-01,0.05,0.0,0.95,0.0,0.0017975402081361835,1.263754570901853
2014-08-04,0.05,0.0,0.95,0.0,0.00044853635505182066,1.2643214107707654
2014-08-05,0.05,0.0,0.95,0.0,-8.966493629076755e-05,1.2642080454720175
2014-08-06,0.05,0.0,0.95,0.0,-0.0002690202001133124,1.2638679479706398
2014-08-07,0.05,0.0,0.829869462733538,0.12013053726646182,0.0015248796147673493,1.2657951944402581
2014-08-08,0.05,0.0,0.95,0.0,-0.0002813668838807991,1.2654390415907673
2014-08-11,0.05,0.0,0.95,0.0,-8.958038660999423e-05,1.2653256830721902
2014-08-12,0.05,0.0,0.95,0.0,-0.0002687665032063746,1.2649856059129336
2014-08-13,0.05,0.0,0.8999999999999999,0.05,0.0011649844354305716,1.266459294454866
2014-08-14,0.05,0.0,0.8999999999999999,0.05,0.0007874172200335039,1.2674565263117914
2014-08-15,0.05,0.0,0.771527800761425,0.17847219923857496,0.0013193522945932456,1.2691287479880782
2014-08-18,0.05,0.0,0.8395576333821329,0.11044236661786724,-0.001133176031514253,1.2676906017099523
2014-08-19,0.05,0.0,0.95,0.0,-0.0004594025713179497,1.2671082213878913
2014-08-20,0.05,0.0,0.95,0.0,-0.0013418079096045865,1.265408005554108
2014-08-21,0.05,0.0,0.95,0.0,0.0006270627062706979,1.2662014957226073
2014-08-22,0.05,0.0,0.95,0.0,-0.0005371277798718432,1.2655213837243395
2014-08-25,0.05,0.0,0.95,0.0,0.00017914388082215237,1.2657480941362833
2014-08-26,0.05,0.0,0.95,0.0,0.00044777526395173295,1.2663148648232316
2014-08-27,0.05,0.0,0.7603352082282486,0.1896647917717513,0.0008951286158484617,1.2674483794954092
2014-08-28,0.05,0.06258432265378329,0.684750526708828,0.20266515063738857,0.0006485196582019708,1.2682703446852683
2014-08-29,0.05,0.12,0.703530782205621,0.12646921779437892,-0.00021293616825457165,1.2680002840577602
2014-09-02,0.05,0.0,0.95,0.0,-0.002394344875584732,1.2649642540753865
2014-09-03,0.05,0.0,0.95,0.0,0.0002689440407662169,1.2653044586733022
2014-09-04,0.05,0.0,0.95,0.0,-0.0011650943396226464,1.2638302596106026
2014-09-05,0.05,0.0,0.95,0.0,8.973269103614844e-05,1.2639436665008104
2014-09-08,0.1,0.0,0.0,0.9,-0.0007177937287495606,1.2630364156635032
2014-09-09,0.1,0.0,0.0,0.9,-0.001316046012867944,1.2613742016245622
2014-09-10,0.1,0.0,0.0,0.9,-0.0007029190666797636,1.2604875576480223
2014-09-11,0.1,0.0,0.0,0.9,8.793356130922803e-05,1.2605983968079524
2014-09-12,0.1,0.0,0.0,0.9,-0.001494724501758482,1.2587141494973662
2014-09-15,0.1,0.0,0.0,0.9,0.0007045699187787857,1.2596010016234434
2014-09-16,0.1,0.0,0.0,0.9,0.0004400117336461396,1.2601552408438699
2014-09-17,0.1,0.0,0.0,0.9,-0.000879593432369008,1.2590468165702582
2014-09-18,0.1,0.0,0.0,0.9,-0.001144590099784737,1.2576057240488463
2014-09-19,0.1,0.0,0.0,0.9,0.0006171025565676836,1.258381795756311
2014-09-22,0.1,0.0,0.0,0.9,0.0010571652310102043,1.2597121132381208
2014-09-23,0.1,0.0,0.0,0.9,0.0007919436840047256,1.2607097342898639
2014-09-24,0.1,0.0,0.0,0.9,-0.0010549965810296104,1.2593796898305174
2014-09-25,0.1,0.0,0.0,0.9,0.001584352078239748,1.2613749906593932
2014-09-26,0.1,0.0,0.0,0.9,-0.0012301083666894864,1.2598233627298503
2014-09-29,0.1,0.0,0.0,0.9,0.0010558216834489988,1.2611535115535362
2014-09-30,0.1,0.0,0.0,0.9,-0.0010545845132310272,1.2598235185914448
2014-10-01,0.1,0.0,0.0,0.9,0.003167465050346996,1.2638139655561884
2014-10-02,0.1,0.0,0.0,0.9,-0.0007014125669752791,1.2629275105584283
2014-10-03,0.1,0.0,0.0,0.9,-0.0010529394559812056,1.2615977243525174
2014-10-06,0.1,0.0,0.0,0.9,0.0012298682284040297,1.2631493233107254
2014-10-07,0.1,0.0,0.0,0.9,0.0018422848230821964,1.2654764041383473
2014-10-08,0.1,0.0,0.0,0.9,0.0018385214007782037,1.2678030095895354
2014-10-09,0.1,0.0,0.0,0.9,8.737015823703232e-05,1.2679137777390967
2014-10-10,0.1,0.0,0.0,0.9,0.00034944670937677726,1.2683568460365011
2014-10-13,0.1,0.0,0.0,0.9,0.0,1.2683568460365011
2014-10-14,0.05,0.0,0.2778431624926074,0.6721568375073926,0.0033184552687754334,1.2725658314949184
2014-10-15,0.05,0.0,0.2778431624926074,0.6721568375073926,0.003891821280161302,1.2775184302783364
2014-10-16,0.05,0.0,0.2778431624926074,0.6721568375073926,-0.0023877006915298048,1.2744680986389187
2014-10-17,0.05,0.0,0.22697238600209815,0.7230276139979017,-0.0015335646870040247,1.272513619368133
2014-10-20,0.05,0.0,0.22697238600209815,0.7230276139979017,0.000821511001417066,1.273559003305897
2014-10-21,0.05,0.0,0.22697238600209815,0.7230276139979017,-0.0005472007615760877,1.2728621108493758
2014-10-22,0.05,0.0,0.10695032399312947,0.8430496760068705,-0.0008911184893438833,1.2717278398880127
2014-10-23,0.05,0.0,0.10695032399312947,0.8430496760068705,-0.0015162960659586499,1.2697995239674205
2014-10-24,0.05,0.0,0.10695032399312947,0.8430496760068705,-6.141064157169567e-05,1.2697215447639862
2014-10-27,0.05,0.0,0.10695032399312947,0.8430496760068705,0.00046894327528991775,1.270316972143894
2014-10-28,0.05,0.0,0.0,0.95,-0.0006622609887576269,1.2694756907698863
2014-10-29,0.05,0.0,0.0,0.95,-0.0025767703187057956,1.2662045434895919
2014-10-30,0.05,0.0,0.0,0.95,0.0006459446333170416,1.2670224415191407
2014-10-31,0.05,0.0,0.0,0.95,-0.0011065812463597945,1.2656203782466386
2014-11-03,0.05,0.0,0.0,0.95,-0.0005539358600582855,1.2649193057339074
2014-11-04,0.05,0.0,0.0,0.95,0.0,1.2649193057339074
2014-11-05,0.05,0.0,0.0,0.95,-9.237650719572387e-05,1.2648024569065592
2014-11-06,0.05,0.0,0.0,0.95,-0.0008314694155402202,1.2637508123469412
2014-11-07,0.05,0.0,0.0,0.95,0.0021267276620596798,1.2664384661575097
2014-11-10,0.05,0.0,0.0,0.95,-0.0016606778673398824,1.264335319826414
2014-11-11,0.05,0.0,0.0,0.95,0.0,1.264335319826414
2014-11-12,0.05,0.0,0.0,0.95,0.0001848428835489968,1.2645690232127034
2014-11-13,0.05,0.0,0.0,0.95,0.0006468242388872224,1.2653869771086634
2014-11-14,0.05,0.0,0.0,0.95,0.0005540435458787795,1.2660880565963697
2014-11-17,0.05,0.0,0.0,0.95,-0.0006460073829414658,1.2652701543643543
2014-11-18,0.05,0.0,0.0,0.95,0.0005540974044910496,1.2659712372728675
2014-11-19,0.05,0.0,0.0,0.95,-0.0009229573496551457,1.2648027998149745
2014-11-20,0.05,0.0,0.0,0.95,0.0006466984343092008,1.2656207458053248
2014-11-21,0.05,0.0,0.0,0.95,0.00027696793002924825,1.2659712821634925
2014-11-24,0.05,0.0,0.0,0.95,0.0002768872048964699,1.2663218134132899
2014-11-25,0.05,0.0,0.0,0.95,0.0011994949494949835,1.2678407600329142
2014-11-26,0.05,0.0,0.0,0.95,0.0007372199049375028,1.2687754374775018
2014-11-28,0.05,0.0,0.0,0.95,0.001197053406998183,1.27029422943765
2014-12-01,0.05,0.0,0.0,0.95,-0.00018393030009679066,1.2700605838388184
2014-12-02,0.05,0.0,0.0,0.95,-0.00211560805577079,1.267373633436332
2014-12-03,0.05,0.0,0.0,0.95,-0.0005531295487627097,1.2666726116303555
2014-12-04,0.05,0.0,0.0,0.95,0.0008301776871540989,1.26772417496946
2014-12-05,0.05,0.0,0.0,0.95,-0.0031334885525805653,1.2637517757793637
2014-12-08,0.05,0.0,0.0,0.95,0.0007397313607163002,1.2646866126000686
2014-12-09,0.05,0.0,0.0,0.95,0.0012011281851779688,1.26620566333588
2014-12-10,0.05,0.0,0.0,0.95,0.001845556095191969,1.2685425169156161
2014-12-11,0.05,0.0,0.0,0.95,-0.0010130877363063394,1.2672573720487457
2014-12-12,0.05,0.0,0.0,0.95,0.00248932453416153,1.2704119869160837
2014-12-15,0.05,0.0,0.0,0.95,-0.001471299970961204,1.2685428297966252
2014-12-16,0.05,0.0,0.0,0.95,0.001473582161900111,1.27041213188222
2014-12-17,0.05,0.0,0.0,0.95,-0.002850643693737359,1.2667906395500224
2014-12-18,0.05,0.0,0.0,0.95,-0.001475728155339767,1.2649212009363175
2014-12-19,0.05,0.0,0.0,0.95,0.0001847530143912368,1.2651548989411578
2014-12-22,0.05,0.0,0.0,0.95,-9.235854559596078e-05,1.265038051074738
2014-12-23,0.05,0.0,0.0,0.95,-0.002493923189110292,1.2618831433440558
2014-12-24,0.05,0.0,0.0,0.95,-0.0002778319360498993,1.2615325519072718
2014-12-26,0.05,0.0,0.0,0.95,0.0,1.2615325519072718
2014-12-29,0.05,0.0,0.0,0.95,0.0014822038030228412,1.263402400253346
2014-12-30,0.05,0.0,0.0,0.95,0.0008324408528867732,1.264454108024952
2014-12-31,0.05,0.0,0.0,0.95,0.0002772373540856021,1.2648046619362237
2015-01-02,0.05,0.0,0.0,0.95,0.0011086258873869604,1.2662068571269338
2015-01-05,0.05,0.0,0.0,0.95,0.0017532782904321807,1.2684268701207309
2015-01-06,0.05,0.0,0.0,0.95,0.0023026953655225333,1.271347670796062
2015-01-07,0.05,0.0,0.0,0.95,0.0005513105716220323,1.2720485782071789
2015-01-08,0.05,0.0,0.0,0.95,-0.0009183180280329162,1.2708804330652776
2015-01-09,0.05,0.0,0.0,0.95,0.0017464925012095954,1.2731000162115602
2015-01-12,0.05,0.0,0.0,0.95,0.001743287618311806,1.2753193957066944
2015-01-13,0.05,0.0,0.0,0.95,0.0010074231177094938,1.2766041819483926
2015-01-14,0.05,0.0,0.0,0.95,0.0019212249614792174,1.2790568257686807
2015-01-15,0.05,0.0,0.0,0.95,0.00237385872176844,1.2820931259701693
2015-01-16,0.05,0.0,0.0,0.95,-0.0020947176684882438,1.2794075028465524
2015-01-20,0.05,0.0,0.0,0.95,-0.00018255188316671498,1.27917394459757
2015-01-21,0.05,0.0,0.0,0.95,-0.001460695752450497,1.2773054606500511
2015-01-22,0.05,0.0,0.0,0.95,-0.0013715110683349852,1.275553622073125
2015-01-23,0.05,0.0,0.05,0.8999999999999999,0.0018313253012048336,1.2778895756942708
2015-01-26,0.05,0.0,0.05,0.8999999999999999,-0.0006344670069696468,1.2770787969199422
2015-01-27,0.05,0.0,0.10960114020689285,0.8403988597931071,0.0004474034190601217,1.2776501663400932
2015-01-28,0.05,0.0,0.2172330637567189,0.732766936243281,0.0027684287142727463,1.2811872497473846
2015-01-29,0.05,0.0,0.16302605747298032,0.7869739425270196,-0.000899370240033848,1.280034988063051
2015-01-30,0.05,0.0,0.24518973335637925,0.7048102666436208,0.002607615173721531,1.2833728267208186
2015-02-02,0.05,0.0,0.24518973335637925,0.7048102666436208,0.0003605760407915152,1.283835580213537
2015-02-03,0.05,0.0,0.1581740961978387,0.7918259038021612,-0.003100837106097036,1.2798546152082833
2015-02-04,0.05,0.0,0.1581740961978387,0.7918259038021612,-0.0003191269901553808,1.2794461790570955
2015-02-05,0.05,0.0,0.08221166727866337,0.8677883327213365,-0.0003803563761178602,1.2789595335449915
2015-02-06,0.05,0.0,0.0,0.95,-0.0052187336655400976,1.272284984370417
2015-02-09,0.05,0.0,0.0,0.95,-0.0005509375604097366,1.271584034784982
2015-02-10,0.05,0.0,0.0,0.95,-0.0010106382978723682,1.2702989232604653
2015-02-11,0.05,0.0,0.0,0.95,0.0,1.2702989232604653
2015-02-12,0.05,0.0,0.0,0.95,0.00045987026817686513,1.27088309596697
2015-02-13,0.05,0.0,0.0,0.95,-0.0007354364234565536,1.2699484422482405
2015-02-17,0.05,0.0,0.0,0.95,-0.003496029440248055,1.2655086651065435
2015-02-18,0.05,0.0,0.0,0.95,0.0030472395023328656,1.2693649731014007
2015-02-19,0.05,0.0,0.0,0.95,-0.001472725511093803,1.2674955469226254
2015-02-20,0.05,0.0,0.0,0.95,-0.001014070839398301,1.266210216649424
2015-02-23,0.05,0.0,0.0,0.95,0.0021225956868079596,1.2688978689938764
2015-02-24,0.05,0.0,0.0,0.95,0.0026703499079188454,1.2722862703015025
2015-02-25,0.05,0.0,0.0,0.95,0.0,1.2722862703015025
2015-02-26,0.05,0.0,0.0,0.95,-0.001928281461434289,1.2698329442728427
2015-02-27,0.05,0.0,0.0,0.95,0.0007360774818400916,1.2707676397088206
2015-03-02,0.05,0.0,0.0,0.95,-0.00239039969031265,1.2677299971364013
2015-03-03,0.05,0.0,0.0,0.95,-0.0011982148054719643,1.2662109842844915
2015-03-04,0.05,0.0,0.0,0.95,0.00046143384495811457,1.2667952568874983
2015-03-05,0.05,0.0,0.16338627176830064,0.7866137282316992,0.0008301776871540989,1.2678469220439588
2015-03-06,0.1,0.0,0.0,0.9,-0.0041634670268258225,1.2625682831889662
2015-03-09,0.1,0.0,0.0,0.9,0.001227711195556891,1.2641183524053925
2015-03-10,0.1,0.0,0.0,0.9,0.0015763355064707385,1.2661110270486702
2015-03-11,0.1,0.0,0.0,0.9,8.742107819328383e-05,1.2662217118397674
2015-03-12,0.05,0.0,0.11541897190448383,0.8345810280955162,0.0009615384615384581,1.2674392327165365
2015-03-13,0.05,0.0,0.05,0.8999999999999998,-0.00035268278556318,1.2669922287174098
2015-03-16,0.05,0.0,0.0,0.95,0.0003350999671849985,1.2674167977716766
2015-03-17,0.05,0.0,0.17574063098394685,0.7742593690160531,0.00046080714008528423,1.268000832481554
2015-03-18,0.05,0.0,0.33162242554506244,0.6183775744549376,0.00435668140260423,1.273525108126913
2015-03-19,0.05,0.0,0.26445411239741357,0.6855458876025864,-0.0015459326877155246,1.2715563240336332
2015-03-20,0.05,0.0,0.33813020905028585,0.611869790949714,0.0018117525570241289,1.2738600694551012
2015-03-23,0.05,0.0,0.33813020905028585,0.611869790949714,0.0006426393334980806,1.2746787020411057
2015-03-24,0.05,0.0,0.39082121722739677,0.5591787827726032,0.0010062927486763048,1.2759614019758616
2015-03-25,0.05,0.0,0.39082121722739677,0.5591787827726032,-0.0012547591306885293,1.2743603777563264
2015-03-26,0.05,0.0,0.22771835575299088,0.722281644247009,-0.002297054894730822,1.2714331020129501
2015-03-27,0.05,0.0,0.3214081971030422,0.6285918028969577,0.0018241683152447224,1.2737524099925954
2015-03-30,0.05,0.0,0.3214081971030422,0.6285918028969577,-0.00015178003235629805,1.273559079810593
2015-03-31,0.05,0.0,0.3214081971030422,0.6285918028969577,0.0007899647887611514,1.2745651466400505
2015-04-01,0.05,0.0,0.3214081971030422,0.6285918028969577,0.0017607154506311513,1.2768092931865755
2015-04-02,0.05,0.0,0.3214081971030422,0.6285918028969577,-0.0007572584115108693,1.2758424186094148
2015-04-06,0.05,0.0,0.3214081971030422,0.6285918028969577,0.0010611363085241026,1.2771962613237564
2015-04-07,0.05,0.0,0.38265454971742396,0.5673454502825759,-0.00030232704146277995,1.276810130356703
2015-04-08,0.05,0.12,0.35209595799708443,0.47790404200291553,-3.70232060750901e-05,1.276762858752128
2015-04-09,0.05,0.12,0.0,0.83,-0.0016753910641379407,1.2746237816675514
2015-04-10,0.05,0.12,0.6395035483872326,0.19049645161276746,-0.00015835707990719873,1.2744219359675062
2015-04-13,0.05,0.12,0.5233005795436323,0.3066994204563678,0.000743412608499964,1.2753693573032534
2015-04-14,0.05,0.12,0.4727102387322414,0.35728976126775863,0.0009870870763006617,1.2766282579133574
2015-04-15,0.05,0.12,0.4727102387322414,0.35728976126775863,0.0006058743118085126,1.277401734180556
2015-04-16,0.05,0.12,0.41500936405452393,0.4149906359454761,0.0008808069571183657,1.2785268785150574
2015-04-17,0.05,0.0,0.4728937797491777,0.4771062202508223,-7.360236933242622e-05,1.2784327759075436
2015-04-20,0.05,0.0,0.4728937797491777,0.4771062202508223,-0.0013097315974519665,1.2767583721057192
2015-04-21,0.05,0.0,0.34664413305320957,0.6033558669467904,-0.00045294405093586625,1.2761800719965912
2015-04-22,0.05,0.0,0.0,0.95,-0.0017593910459731328,1.273934772204871
2015-04-23,0.05,0.0,0.3688311633866142,0.5811688366133857,0.0010088820235567564,1.2752200220957324
2015-04-24,0.05,0.0,0.3688311633866142,0.5811688366133857,0.0011044996753025436,1.2766285021960764
2015-04-27,0.05,0.0,0.43138232666285387,0.5186176733371461,-0.0005099783840368413,1.275977449255511
2015-04-28,0.05,0.0,0.0,0.95,-0.0015145094751033606,1.2740449693185953
2015-04-29,0.05,0.0,0.0,0.95,-0.0012837837837837707,1.2724093710471729
2015-04-30,0.05,0.0,0.0,0.95,-0.0004591146336748508,1.2718251892849002
2015-05-01,0.05,0.0,0.0,0.95,-0.0022048157818391977,1.2690210490358242
2015-05-04,0.05,0.0,0.0,0.95,-9.208103130763367e-05,1.2689041962688778
2015-05-05,0.05,0.0,0.0,0.95,-0.0013813493602170435,1.2671513962691852
2015-05-06,0.05,0.0,0.0,0.95,-0.0012911367828366716,1.2655153304920392
2015-05-07,0.05,0.0,0.0,0.95,0.0008311461067364689,1.266567158631993
2015-05-08,0.05,0.0,0.0,0.95,0.0019376456876456615,1.26902131702503
2015-05-11,0.05,0.0,0.0,0.95,-0.0032228360957643307,1.2649314693182272
2015-05-12,0.05,0.0,0.0,0.95,0.0004619723789147656,1.2655158327182723
2015-05-13,0.05,0.0,0.0,0.95,0.00027704870224563025,1.2658664422373982
2015-05-14,0.05,0.0,0.0,0.95,0.0015694849368318442,1.2678532005505307
2015-05-15,0.05,0.0,0.0,0.95,0.0017512370233823127,1.2700735120155486
2015-05-18,0.05,0.0,0.0,0.95,-0.0023000193685841774,1.2671523183383873
2015-05-19,0.05,0.0,0.0,0.95,-0.0015678089505873792,1.2651656655919388
2015-05-20,0.05,0.0,0.0,0.95,0.000923765071956395,1.266334381444051
2015-05-21,0.05,0.0,0.0,0.95,0.0014765883038663885,1.2682042359804753
2015-05-22,0.05,0.0,0.0,0.95,-0.0021193016488845304,1.2655165286520396
2015-05-26,0.05,0.0,0.0,0.95,0.0020316904831341295,1.2680876665395509
2015-05-27,0.05,0.0,0.0,0.95,-0.0001843049762344284,1.2678539516723062
2015-05-28,0.05,0.0,0.0,0.95,0.000829533326865206,1.2689056787788162
2015-05-29,0.05,0.0,0.0,0.95,0.001105079488173677,1.270307920416862
2015-06-01,0.05,0.0,0.0,0.95,-0.0031274206041828566,1.2663351332528936
2015-06-02,0.05,0.0,0.0,0.95,-0.0018457353798329856,1.2639978136947232
2015-06-03,0.05,0.0,0.0,0.95,-0.002589059762507262,1.260725247815389
2015-06-04,0.05,0.0,0.0,0.95,0.0014835057583448051,1.2625955409802139
2015-06-05,0.05,0.0,0.0,0.95,-0.0032401091405185045,1.258504593627106
2015-06-08,0.05,0.0,0.0,0.95,0.0010218050259117595,1.2597905399460074
2015-06-09,0.05,0.0,0.0,0.95,-0.0010207071693690284,1.2585046627099812
2015-06-10,0.88,0.12,0.0,0.0,-0.0016720445878556254,1.2564003867999058
2015-06-11,0.88,0.12,0.0,0.0,0.00017765495459928893,1.2566235925535814
2015-06-12,0.1,0.0,0.0,0.9,-0.00013008771065339264,1.256460121267273
2015-06-15,0.1,0.0,0.0,0.9,0.000967836543161682,1.2576761692876608
2015-06-16,0.1,0.0,0.0,0.9,0.0009667968749999201,1.25889208667789
2015-06-17,0.1,0.0,0.0,0.9,0.0011413520632132634,1.2603289257583827
2015-06-18,0.1,0.0,0.0,0.9,-0.000526110678098235,1.259665853252625
2015-06-19,0.1,0.0,0.0,0.9,0.0019302008188729848,1.2620972613140797
2015-06-22,0.1,0.0,0.0,0.9,-0.0020136186770427947,1.2595558786964531
2015-06-23,0.1,0.0,0.0,0.9,-0.0016671541386369837,1.25745600490044
2015-06-24,0.1,0.0,0.0,0.9,0.0008790779449112885,1.2585614067410442
2015-06-25,0.1,0.0,0.0,0.9,-0.000526932084309184,1.257898230355759
2015-06-26,0.1,0.0,0.0,0.9,-0.0018453427065026728,1.2555769770308494
2015-06-29,0.1,0.0,0.0,0.9,0.004050484297035628,1.2606626718600324
2015-06-30,0.1,0.0,0.0,0.9,-0.0007012759325995655,1.2597785994691302
2015-07-01,0.1,0.0,0.0,0.9,-0.0025441076128278283,1.2565735871437431
2015-07-02,0.1,0.0,0.0,0.9,0.0017595307917888548,1.258784567062471
2015-07-06,0.1,0.0,0.0,0.9,0.0028975609756097588,1.2624319721006911
2015-07-07,0.1,0.0,0.0,0.9,0.0010502771564718572,1.263757875562588
2015-07-08,0.1,0.0,0.0,0.9,0.0010490529383194059,1.2650836244752712
2015-07-09,0.1,0.0,0.0,0.9,-0.0025322596293779974,1.2618801042852252
2015-07-10,0.1,0.0,0.0,0.9,-0.0034150612959719883,1.2575707063809236
2015-07-13,0.1,0.0,0.0,0.9,-0.0006152944623499357,1.2567969300892738
2015-07-14,0.1,0.0,0.0,0.9,0.0011434714620798703,1.2582340415124607
2015-07-15,0.1,0.0,0.0,0.9,0.0013177159590043175,1.2598920365891242
2015-07-16,0.1,0.0,0.0,0.9,-0.0007894736842104288,1.2588973849812908
2015-07-17,0.1,0.0,0.0,0.9,-0.000438981562774432,1.258344752239859
2015-07-20,0.1,0.0,0.0,0.9,-0.0011419090376732167,1.2569078369947677
2015-07-21,0.1,0.0,0.0,0.9,0.0010554089709762017,1.2582343888016223
2015-07-22,0.1,0.0,0.0,0.9,0.0,1.2582343888016223
2015-07-23,0.1,0.0,0.0,0.9,0.0009663250366031662,1.2594502521934365
2015-07-24,0.1,0.0,0.0,0.9,0.0003510140405616147,1.2598923369153452
2015-07-27,0.1,0.0,0.0,0.9,0.0015789473684210576,1.2618816406052116
2015-07-28,0.1,0.0,0.0,0.9,-0.0006129597197899517,1.261108157988378
2015-07-29,0.1,0.0,0.0,0.9,-0.000701002823483543,1.2602241176089102
2015-07-30,0.1,0.0,0.0,0.9,-0.0003507746273018975,1.259782062963739
2015-07-31,0.1,0.0,0.0,0.9,0.002280924066673129,1.2626555301899163
2015-08-03,0.1,0.0,0.0,0.9,0.0011375789985415663,1.2640919006034526
2015-08-04,0.1,0.0,0.0,0.9,-0.002447077102349948,1.2609985702582198
2015-08-05,0.1,0.0,0.0,0.9,-0.0015774099318404122,1.259009458589458
2015-08-06,0.1,0.0,0.0,0.9,0.0009656652360515716,1.2602252402554779
2015-08-07,0.1,0.0,0.0,0.9,0.0008769365682548936,1.2613303778528957
2015-08-10,0.1,0.0,0.0,0.9,-0.0013141244037768952,1.259672832822134
2015-08-11,0.1,0.0,0.0,0.9,0.0029830376291675397,1.2634304842828825
2015-08-12,0.1,0.0,0.0,0.9,0.0005246793626118018,1.2640933801840806
2015-08-13,0.1,0.0,0.0,0.9,-0.0020974946591571842,1.2614419510704684
2015-08-14,0.1,0.0,0.0,0.9,-0.000700798131205016,1.2605579349085345
2015-08-17,0.1,0.0,0.0,0.9,0.0013150204558738166,1.2622155943787534
2015-08-18,0.1,0.0,0.0,0.9,-0.0008754012255618116,1.261110649300511
2015-08-19,0.1,0.0,0.0,0.9,0.002365884529257145,1.2640942914753726
2015-08-20,0.1,0.0,0.0,0.9,0.00043697805399105504,1.2646466729389225
2015-08-21,0.1,0.0,0.0,0.9,0.0013976511695622308,1.2664142078404386
2015-08-24,0.1,0.0,0.0,0.9,0.00200600833414093,1.268954645295841
2015-08-25,0.1,0.0,0.0,0.9,-0.0037420228195707674,1.2642061880561435
2015-08-26,0.1,0.0,0.0,0.9,-0.00017477424992711212,1.2639852373678728
2015-08-27,0.1,0.0,0.0,0.9,-0.0002622122948431227,1.2636538048981347
2015-08-28,0.1,0.0,0.0,0.9,-0.0012240139887312984,1.262107074964026
2015-08-31,0.1,0.0,0.0,0.9,-0.00043774319066147704,1.2615545961860748
2015-09-01,0.1,0.0,0.0,0.9,0.0009635036496351113,1.262770108643714
2015-09-02,0.1,0.0,0.0,0.9,-0.0005249854170717771,1.2621071727515618
2015-09-03,0.1,0.0,0.0,0.9,0.0010505836575875449,1.2634331219213786
2015-09-04,0.1,0.0,0.0,0.9,0.0007870190439176029,1.264427467849047
2015-09-08,0.1,0.0,0.0,0.9,-0.001834773322978378,1.2621075300621964
2015-09-09,0.1,0.0,0.0,0.9,0.00035019455252918166,1.2625495132439304
2015-09-10,0.1,0.0,0.0,0.9,-0.0007001166861143604,1.2616655812626627
2015-09-11,0.1,0.0,0.0,0.9,0.0012261580381472072,1.2632125826565817
2015-09-14,0.1,0.0,0.0,0.9,-8.746355685137487e-05,1.263102097591043
2015-09-15,0.1,0.0,0.0,0.9,-0.0031489940713382847,1.259124596574234
2015-09-16,0.1,0.0,0.0,0.9,-0.0005266751194772712,1.2584614469768964
2015-09-17,0.1,0.0,0.0,0.9,0.003601053967014667,1.2629932345628676
2015-09-18,0.1,0.0,0.0,0.9,0.001924572317262796,1.2654239563789975
2015-09-21,0.1,0.0,0.0,0.9,-0.002095053346265741,1.262772825684741
2015-09-22,0.1,0.0,0.0,0.9,0.0023624343768227974,1.2657560436182562
2015-09-23,0.1,0.0,0.0,0.9,-0.0005236109764375718,1.2650932798603254
2015-09-24,0.1,0.0,0.0,0.9,0.0005239157853885512,1.265756082199633
2015-09-25,0.1,0.0,0.0,0.9,-0.0011344904489478892,1.2643200940136798
2015-09-28,0.1,0.0,0.0,0.9,0.0019223300970874658,1.2667505345827548
2015-09-29,0.1,0.0,0.0,0.9,0.0013078860685914685,1.2684072999593166
2015-09-30,0.1,0.0,0.0,0.9,-0.0002611976395472393,1.2680759949665827
2015-10-01,0.1,0.0,0.0,0.9,8.709115540919133e-05,1.268186433170131
2015-10-02,0.1,0.0,0.0,0.9,0.0025253991291728675,1.2713891100840877
2015-10-05,0.1,0.0,0.0,0.9,-0.00191045928213045,1.2689601729575282
2015-10-06,0.1,0.0,0.0,0.9,0.0005221427190098326,1.2696227512725515
2015-10-07,0.1,0.0,0.0,0.9,-0.0009567066099729016,1.268408094794237
2015-10-08,0.1,0.0,0.0,0.9,-0.0011318564380382035,1.2669724389260844
2015-10-09,0.1,0.0,0.0,0.9,-0.00017435102673382107,1.2667515409805141
2015-10-12,0.1,0.0,0.0,0.9,0.0,1.2667515409805141
2015-10-13,0.1,0.0,0.0,0.9,0.001395078473164113,1.2685187587861835
2015-10-14,0.1,0.0,0.0,0.9,0.0026117237376669157,1.271831779340181
2015-10-15,0.1,0.0,0.0,0.9,-0.0016493055555556692,1.2697341401207831
2015-10-16,0.1,0.0,0.0,0.9,-0.0004348246207362405,1.2691820284548694
2015-10-19,0.1,0.0,0.0,0.9,0.0,1.2691820284548694
2015-10-20,0.1,0.0,0.0,0.9,-0.0014791183294663225,1.2673047580531525
2015-10-21,0.1,0.0,0.0,0.9,0.0009586520770794139,1.2685196623917527
2015-10-22,0.1,0.0,0.0,0.9,0.00043528728961115263,1.2690718328774138
2015-10-23,0.1,0.0,0.0,0.9,-0.0021753843178961675,1.2663111139138885
2015-10-26,0.1,0.0,0.0,0.9,0.0005233572397749909,1.2669738470031628
2015-10-27,0.1,0.0,0.0,0.9,0.001133281673769937,1.2684096852451172
2015-10-28,0.1,0.0,0.0,0.9,-0.003047305794718125,1.2645444530611931
2015-10-29,0.1,0.0,0.0,0.9,-0.0018345952242282304,1.2622245258467828
2015-10-30,0.1,0.0,0.0,0.9,0.0,1.2622245258467828
2015-11-02,0.1,0.0,0.0,0.9,-0.0010504814706741139,1.2608985823705503
2015-11-03,0.1,0.0,0.0,0.9,-0.0010517090271691676,1.2595724839491265
2015-11-04,0.1,0.0,0.0,0.9,-0.0012284293653113565,1.2580251881221052
2015-11-05,0.1,0.0,0.0,0.9,-0.0002635946500048614,1.2576935794129447
2015-11-06,0.1,0.0,0.0,0.9,-0.00298828124999998,1.2539352372713397
2015-11-09,0.1,0.0,0.0,0.9,-8.818342151675208e-05,1.2538246609717567
2015-11-10,0.1,0.0,0.0,0.9,0.0009701126898580048,1.2550410121862223
2015-11-11,0.1,0.0,0.0,0.9,0.0,1.2550410121862223
2015-11-12,0.1,0.0,0.0,0.9,-0.0004404855129208518,1.2544881848022327
2015-11-13,0.1,0.0,0.0,0.9,0.0013221036137498476,1.2561467481647661
2015-11-16,0.1,0.0,0.0,0.9,0.0005280657148444279,1.2568100761952852
2015-11-17,0.1,0.0,0.0,0.9,0.0,1.2568100761952852
2015-11-18,0.1,0.0,0.0,0.9,-0.000439796716184504,1.2562573352509068
2015-11-19,0.1,0.0,0.0,0.9,0.00017600469345857572,1.2564784424381028
2015-11-20,0.1,0.0,0.0,0.9,-0.0005279108417244994,1.2558151338459465
2015-11-23,0.1,0.0,0.0,0.9,0.00017607355962034887,1.2560362496867878
2015-11-24,0.1,0.0,0.0,0.9,0.00026405867970662466,1.256367916960544
2015-11-25,0.1,0.0,0.0,0.9,0.00017598748533425025,1.2565890219909044
2015-11-27,0.1,0.0,0.0,0.9,0.0002639296187682883,1.256920673052427
2015-11-30,0.1,0.0,0.0,0.9,-0.0007915567282322011,1.255925749036818
2015-12-01,0.1,0.0,0.0,0.9,0.0017605633802817656,1.2581368859189253
2015-12-02,0.1,0.0,0.0,0.9,-0.001054275673565086,1.256810462806086
2015-12-03,0.1,0.0,0.0,0.9,-0.003518373729476032,1.2523885338908185
2015-12-04,0.1,0.0,0.0,0.9,0.0010596546310832845,1.2537156332006716
2015-12-07,0.1,0.0,0.0,0.9,0.0011466091728732587,1.255153155045874
2015-12-08,0.1,0.0,0.0,0.9,-0.0002642654399530486,1.2548214614451474
2015-12-09,0.1,0.0,0.0,0.9,0.0012336009398863368,1.2563694103793757
2015-12-10,0.1,0.0,0.0,0.9,-0.001319906140007876,1.254711120680498
2015-12-11,0.1,0.0,0.0,0.9,0.0030843043180261986,1.2585810316078883
2015-12-14,0.1,0.0,0.0,0.9,-0.0026346604215456205,1.255265097976603
2015-12-15,0.1,0.0,0.0,0.9,-0.0012331180270111486,1.25371720795561
2015-12-16,0.1,0.0,0.0,0.9,-0.001411211289690395,1.251947948077664
2015-12-17,0.1,0.0,0.0,0.9,0.0007950530035335746,1.252943313054051
2015-12-18,0.1,0.0,0.0,0.9,0.0015004413062665646,1.2548232809553677
2015-12-21,0.1,0.0,0.0,0.9,0.00017622870569793393,1.25504441683805
2015-12-22,0.1,0.0,0.0,0.9,-0.0013214565387626553,1.2533859301869816
2015-12-23,0.1,0.0,0.0,0.9,-0.0005293598666797239,1.2527224379780797
2015-12-24,0.1,0.0,0.0,0.9,0.0001765571358508078,1.252943615063745
2015-12-28,0.1,0.0,0.0,0.9,8.826125330976265e-05,1.253054201437537
2015-12-29,0.1,0.0,0.0,0.9,-0.0020298097666209603,1.2505107397813537
2015-12-30,0.1,0.0,0.0,0.9,8.845208845205121e-05,1.250621350067919
2015-12-31,0.1,0.0,0.0,0.9,0.0010613207547169434,1.2519486604630383
2016-01-04,0.1,0.0,0.0,0.9,0.0008833922261485494,1.2530546221772285
2016-01-05,0.1,0.0,0.0,0.9,8.825259854865486e-05,1.253165207503759
2016-01-06,0.1,0.0,0.0,0.9,0.0022060986371213345,1.2559298135601207
2016-01-07,0.1,0.0,0.0,0.9,0.0010563380281689795,1.2572564999828955
2016-01-08,0.1,0.0,0.0,0.9,0.0009671746776085177,1.2584724866329378
2016-01-11,0.1,0.0,0.0,0.9,0.0,1.2584724866329378
2016-01-12,0.1,0.0,0.0,0.9,0.0013174587684200878,1.2601304722452678
2016-01-13,0.1,0.0,0.0,0.9,0.0008770220229973758,1.261235634421277
2016-01-14,0.1,0.0,0.0,0.9,-0.0003504672897195138,1.2607936125867836
2016-01-15,0.1,0.0,0.0,0.9,0.0020159719516945397,1.2633353371466343
2016-01-19,0.1,0.0,0.0,0.9,-0.0004372752890874909,1.262782911821869
2016-01-20,0.1,0.0,0.0,0.9,0.0018374489597510202,1.2651032109695874
2016-01-21,0.1,0.0,0.0,0.9,-0.0006112350829533098,1.2643299355034858
2016-01-22,0.1,0.0,0.0,0.9,-0.001223300970873742,1.2627832794658798
2016-01-25,0.1,0.0,0.0,0.9,0.0004374878475598143,1.263335731804748
2016-01-26,0.1,0.0,0.0,0.9,0.0009620056359925799,1.264551067898895
2016-01-27,0.1,0.0,0.0,0.9,0.00017472335468848854,1.2647720145036532
2016-01-28,0.1,0.0,0.0,0.9,0.0006987577639751442,1.2656557837684461
2016-01-29,0.1,0.0,0.0,0.9,0.0020073700543055575,1.2681964232878415
2016-02-01,0.1,0.0,0.0,0.9,-0.0013062409288824074,1.2665398532138807
2016-02-02,0.1,0.0,0.0,0.9,0.0032267441860463378,1.2706266533216346
2016-02-03,0.1,0.0,0.0,0.9,8.689775031385238e-05,1.270737067919297
2016-02-04,0.1,0.0,0.0,0.9,0.0006951148870438351,1.271620376172726
2016-02-05,0.1,0.0,0.0,0.9,0.0,1.271620376172726
2016-02-08,0.1,0.0,0.0,0.9,0.003212425236349592,1.2757053615601999
2016-02-09,0.1,0.0,0.0,0.9,-0.00034605402287803957,1.2752638985878249
2016-02-10,0.1,0.0,0.0,0.9,0.0003461871333782618,1.2757053785411778
2016-02-11,0.1,0.0,0.0,0.9,0.0018167836201095078,1.278023059176997
2016-02-12,0.1,0.0,0.0,0.9,-0.0031945510360705145,1.2739403492891812
2016-02-16,0.1,0.0,0.0,0.9,-0.0006931741600076591,1.2730572867576628
2016-02-17,0.1,0.0,0.0,0.9,-0.0013874168995087089,1.2712910255639724
2016-02-18,0.1,0.0,0.0,0.9,0.0017369487600115364,1.2734991929344397
2016-02-19,0.1,0.0,0.0,0.9,-0.0004334007512279414,1.2729472574275338
2016-02-22,0.1,0.0,0.0,0.9,-0.000433609558681769,1.2723952953290154
2016-02-23,0.1,0.0,0.0,0.9,0.0006941097078955183,1.2732784772557837
2016-02-24,0.1,0.0,0.0,0.9,8.669685001445604e-05,1.273388866488953
2016-02-25,0.1,0.0,0.0,0.9,0.0016470814871893946,1.2754862417169401
2016-02-26,0.1,0.0,0.0,0.9,-0.0029420248053071973,1.2717337295549809
2016-02-29,0.1,0.0,0.0,0.9,0.0006945114305006994,1.2726169631667101
2016-03-01,0.1,0.0,0.0,0.9,-0.0031228915662650848,1.2686427183853508
2016-03-02,0.1,0.0,0.0,0.9,-0.0007834413386207828,1.2676488112358275
2016-03-03,0.1,0.0,0.0,0.9,0.0006098741529526164,1.2684219174808213
2016-03-04,0.1,0.0,0.0,0.9,-0.001828383476830875,1.2661027558052493
2016-03-07,0.1,0.0,0.0,0.9,-0.0008724311748739222,1.2649981682904912
2016-03-08,0.1,0.0,0.0,0.9,0.0020085387153115255,1.2675389660863008
2016-03-09,0.1,0.0,0.0,0.9,-0.001394133023526134,1.2657718481550737
2016-03-10,0.1,0.0,0.0,0.9,-0.0014835644332395705,1.263893994060555
2016-03-11,0.88,0.12,0.0,0.0,-0.0013111888111887794,1.262236790397014
2016-03-14,0.88,0.12,0.0,0.0,0.000174545454545445,1.2624571080913378
2016-03-15,0.88,0.12,0.0,0.0,-0.00048552754435107645,1.2618441503917976
2016-03-16,0.05,0.12,0.0,0.8300000000000001,-0.0002250000000000085,1.2615602354579594
2016-03-17,0.05,0.12,0.7244834134115751,0.1055165865884249,0.0015745113132914312,1.2635465763210865
2016-03-18,0.05,0.12,0.7244834134115751,0.1055165865884249,0.0024537782409421323,1.2666470394164802
2016-03-21,0.05,0.12,0.7244834134115751,0.1055165865884249,-0.0008397931173361705,1.265583317950684
2016-03-22,0.05,0.12,0.78,0.05,-0.000582175784647917,1.2648465259895187
2016-03-23,0.05,0.12,0.7145587192620124,0.1154412807379877,0.001779097154491647,1.267096810844775
2016-03-24,0.05,0.12,0.7145587192620124,0.1154412807379877,-0.0015978408848934416,1.2650721917552892
2016-03-28,0.05,0.12,0.7145587192620124,0.1154412807379877,0.00030818233956141723,1.2654620646630583
2016-03-29,0.05,0.09331370228049306,0.4773241117449914,0.3793621859745156,0.002043085473022897,1.268047511824033
2016-03-30,0.05,0.09331370228049306,0.4773241117449914,0.3793621859745156,0.0010446210034631353,1.2693721408882737
2016-03-31,0.05,0.09331370228049306,0.4773241117449914,0.3793621859745156,0.0024980255297883916,1.2725430649030147
2016-04-01,0.05,0.09331370228049306,0.4773241117449914,0.3793621859745156,-0.0006438691625978595,1.271723713665446
2016-04-04,0.05,0.0,0.5328173972745411,0.4171826027254587,0.0009248805990518305,1.2728999062555693
2016-04-05,0.05,0.0,0.5328173972745411,0.4171826027254587,0.001373090873316505,1.2746477134994942
2016-04-06,0.05,0.08506452450358556,0.4896757795452888,0.37525969595112557,-0.0005996908762135087,1.2738833188953222
2016-04-07,0.05,0.08506452450358556,0.4896757795452888,0.37525969595112557,0.0018270871610047259,1.2762108147518938
2016-04-08,0.05,0.08506452450358556,0.4896757795452888,0.37525969595112557,-0.000685748613162079,1.2753356549555752
2016-04-11,0.05,0.12,0.5091473091877663,0.3208526908122336,0.00028307148563787976,1.2756966661141105
2016-04-12,0.05,0.12,0.5959994724334354,0.23400052756656456,-0.0011813300843478624,1.2741896472639276
2016-04-13,0.05,0.12,0.6665505430983064,0.16344945690169346,0.0013469981854699238,1.2759059784067366
2016-04-14,0.05,0.12,0.6665505430983064,0.16344945690169346,-2.382609049904539e-05,1.2758755785554268
2016-04-15,0.05,0.12,0.6665505430983064,0.16344945690169346,0.0011264460127966113,1.2773127835137152
2016-04-18,0.05,0.12,0.6665505430983064,0.16344945690169346,-0.0004277704170085862,1.2767663868916612
2016-04-19,0.05,0.12,0.6665505430983064,0.16344945690169346,0.0007455933280233818,1.277718335391172
2016-04-20,0.05,0.12,0.7656995441073052,0.06430045589269488,-0.001147006013897691,1.276252784776411
2016-04-21,0.05,0.12,0.7656995441073052,0.06430045589269488,0.00039885778332630336,1.2767618281331108
2016-04-22,0.05,0.12,0.7656995441073052,0.06430045589269488,-0.0003497691375340107,1.2763152562496483
2016-04-25,0.05,0.12,0.7656995441073052,0.06430045589269488,-0.0004964786878096149,1.275681592925994
2016-04-26,0.05,0.12,0.7656995441073052,0.06430045589269488,-0.0003517293481228096,1.2752328982709018
2016-04-27,0.05,0.12,0.7656995441073052,0.06430045589269488,0.0022488797727669542,1.27810074374139
2016-04-28,0.05,0.12,0.7656995441073052,0.06430045589269488,0.0017450825475530242,1.2803311350433078
2016-04-29,0.05,0.12,0.7656995441073052,0.06430045589269488,0.0004671865284404836,1.2809292885015429
2016-05-02,0.05,0.12,0.7656995441073052,0.06430045589269488,-0.0012991544962689667,1.2792651634569836
2016-05-03,0.05,0.12,0.7656995441073052,0.06430045589269488,0.0013420941659463073,1.2809820577695576
2016-05-04,0.05,0.12,0.7656995441073052,0.06430045589269488,-0.00021800743236348254,1.2807027941602396
2016-05-05,0.05,0.12,0.7656995441073052,0.06430045589269488,0.0008202588197550705,1.2817533019226344
2016-05-06,0.05,0.12,0.7656995441073052,0.06430045589269488,-0.001545567857389717,1.2797722652180796
2016-05-09,0.05,0.12,0.7656995441073052,0.06430045589269488,0.00047765311875274687,1.2803835524318543
2016-05-10,0.05,0.12,0.7656995441073052,0.06430045589269488,0.00017173999357123352,1.2806034454949176
2016-05-11,0.05,0.12,0.7656995441073052,0.06430045589269488,0.0006117346568514492,1.2813868350042101
2016-05-12,0.05,0.12,0.7656995441073052,0.06430045589269488,-0.0012536221763409874,1.2797804600513776
2016-05-13,0.05,0.12,0.7656995441073052,0.06430045589269488,0.0009924891134326368,1.2810506282255623
2016-05-16,0.05,0.12,0.7656995441073052,0.06430045589269488,-0.0014009395373861325,1.2792559537510877
2016-05-17,0.05,0.12,0.7656995441073052,0.06430045589269488,-0.00031341582704263896,1.2788550146883437
2016-05-18,0.05,0.12,0.7656995441073052,0.06430045589269488,-0.003997191555390845,1.2737431862230624
2016-05-19,0.05,0.12,0.7656995441073052,0.06430045589269488,0.00019734021192279288,1.273994546973367
2016-05-20,0.05,0.12,0.7656995441073052,0.06430045589269488,0.00032434664033885327,1.2744077628244876
2016-05-23,0.05,0.12,0.7656995441073052,0.06430045589269488,-3.118056873393916e-05,1.2743680260656438
2016-05-24,0.05,0.12,0.7656995441073052,0.06430045589269488,-0.00014409684174081122,1.2741843936578723
2016-05-25,0.05,0.12,0.7656995441073052,0.06430045589269488,0.00033520819654458674,1.2746115107105356
2016-05-26,0.05,0.12,0.702987947696727,0.12701205230327284,0.0019513885414106445,1.2770987730072862
2016-05-27,0.05,0.12,0.702987947696727,0.12701205230327284,-0.0002889561984682258,1.2767297474007695
2016-05-31,0.05,0.12,0.702987947696727,0.12701205230327284,-3.9264833573874336e-05,1.276679616819719
2016-06-01,0.05,0.12,0.7589610446254687,0.07103895537453132,-0.0010109396686009296,1.2753889707509818
2016-06-02,0.05,0.12,0.7589610446254687,0.07103895537453132,0.0009772186756971802,1.2766353046719778
2016-06-03,0.05,0.12,0.6820630182855834,0.14793698171441652,0.003872136897265767,1.2815786113395504
2016-06-06,0.05,0.12,0.6820630182855834,0.14793698171441652,0.00010875801601157395,1.2817179932866825
2016-06-07,0.05,0.12,0.6820630182855834,0.14793698171441652,0.0008774551164231082,1.2828426432977034
2016-06-08,0.05,0.12,0.6820630182855834,0.14793698171441652,0.0005142850715764461,1.2835023901183331
2016-06-09,0.05,0.12,0.6820630182855834,0.14793698171441652,0.0005816923758915261,1.2842489936731034
2016-06-10,0.05,0.12,0.6820630182855834,0.14793698171441652,0.0005729458041339214,1.2849847987454917
2016-06-13,0.05,0.12,0.6820630182855834,0.14793698171441652,9.153314701912301e-05,1.2851024174479924
2016-06-14,0.05,0.12,0.6820630182855834,0.14793698171441652,-0.0013679490207399816,1.2833444628544939
2016-06-15,0.05,0.12,0.6192603949150886,0.2107396050849114,0.0009767241329928316,1.2845979363623066
2016-06-16,0.05,0.12,0.6192603949150886,0.2107396050849114,-0.00022336057339374639,1.2843110078306603
2016-06-17,0.05,0.12,0.6192603949150886,0.2107396050849114,-0.0008814845391177045,1.283178907533839
2016-06-20,0.05,0.12,0.6730007291542524,0.15699927084574772,-7.617966524532584e-05,1.2830811553942132
2016-06-21,0.05,0.12,0.6730007291542524,0.15699927084574772,-0.0006344581938843474,1.2822670940417549
2016-06-22,0.05,0.12,0.6730007291542524,0.15699927084574772,0.0009501361492012012,1.2834854223607353
2016-06-23,0.05,0.12,0.6730007291542524,0.15699927084574772,-0.000712940642357648,1.2825703734392608
2016-06-24,0.05,0.12,0.6135977367866576,0.2164022632133423,0.002109967634621585,1.2852765554163423
2016-06-27,0.05,0.12,0.546522743221708,0.2834772567782921,0.001567105905096911,1.287290719896018
2016-06-28,0.05,0.12,0.546522743221708,0.2834772567782921,0.00019997855945680604,1.287548150439785
2016-06-29,0.05,0.12,0.6225034065750823,0.20749659342491747,0.0007540839616741955,1.288519069849915
2016-06-30,0.05,0.12,0.6225034065750823,0.20749659342491747,0.0004974849525710349,1.289160088698266
2016-07-01,0.05,0.12,0.6225034065750823,0.20749659342491747,0.001336403891406903,1.290882927257449
2016-07-05,0.05,0.12,0.6225034065750823,0.20749659342491747,0.0026158083142909312,1.294259629551345
2016-07-06,0.05,0.12,0.6225034065750823,0.20749659342491747,-0.0006578271261973093,1.293408230458684
2016-07-07,0.05,0.12,0.6225034065750823,0.20749659342491747,0.0007647441655023806,1.29439735685654
2016-07-08,0.05,0.12,0.6931859799871273,0.13681402001287257,0.0012366333432893655,1.2959980517874943
2016-07-11,0.05,0.12,0.6931859799871273,0.13681402001287257,-0.0009192430806118739,1.2948067145459021
2016-07-12,0.05,0.12,0.7600568094630615,0.06994319053693843,-0.0008254299115130087,1.293737942354088
2016-07-13,0.05,0.12,0.7600568094630615,0.06994319053693843,0.0009348941566034004,1.294947450396571
2016-07-14,0.05,0.12,0.7600568094630615,0.06994319053693843,-0.0007480770532398425,1.293978729923778
2016-07-15,0.05,0.12,0.7600568094630615,0.06994319053693843,-0.0016619637417859556,1.2918281841920023
2016-07-18,0.05,0.12,0.7600568094630615,0.06994319053693843,0.00042688661697587275,1.292379648355266
2016-07-19,0.05,0.12,0.7600568094630615,0.06994319053693843,0.0007629429363128786,1.2933656602790133
2016-07-20,0.05,0.12,0.7600568094630615,0.06994319053693843,-0.00043061156645150827,1.292808722066046
2016-07-21,0.05,0.12,0.7600568094630615,0.06994319053693843,0.001102577732524276,1.294234144175409
2016-07-22,0.05,0.12,0.7600568094630615,0.06994319053693843,-0.00019137342766252635,1.2939864621510404
2016-07-25,0.05,0.12,0.7600568094630615,0.06994319053693843,-0.00044333736361232366,1.2934127896043603
2016-07-26,0.05,0.12,0.7600568094630615,0.06994319053693843,-0.0002767574489766388,1.2930548279802356
2016-07-27,0.05,0.12,0.7600568094630615,0.06994319053693843,0.0010423170661100105,1.2944026010948555
2016-07-28,0.05,0.12,0.7600568094630615,0.06994319053693843,-4.991202181584258e-05,1.2943379948439913
2016-07-29,0.05,0.12,0.7600568094630615,0.06994319053693843,0.0014287615081609627,1.2961872951495745
2016-08-01,0.05,0.12,0.7600568094630615,0.06994319053693843,-0.001549228664121478,1.2941792046378588
2016-08-02,0.05,0.12,0.7600568094630615,0.06994319053693843,-0.0014635211918976956,1.292285145945758
2016-08-03,0.05,0.12,0.7600568094630615,0.06994319053693843,-0.0001263775931337574,1.2921218300593709
2016-08-04,0.05,0.12,0.7600568094630615,0.06994319053693843,0.0019790578357828047,1.294679013891936
2016-08-05,0.05,0.12,0.7600568094630615,0.06994319053693843,-0.002282240868701197,1.291724244534582
2016-08-08,0.05,0.12,0.7600568094630615,0.06994319053693843,0.0003979381896028533,1.2922382709419182
2016-08-09,0.05,0.12,0.7600568094630615,0.06994319053693843,0.0017768551539033822,1.2945343911737126
2016-08-10,0.05,0.12,0.7600568094630615,0.06994319053693843,0.0014518142774778712,1.2964138146855049
2016-08-11,0.05,0.12,0.7600568094630615,0.06994319053693843,-0.0021463270759844453,1.293631286613365
2016-08-12,0.05,0.12,0.7600568094630615,0.06994319053693843,0.0017991291895878953,1.2959586964216752
2016-08-15,0.05,0.12,0.7600568094630615,0.06994319053693843,-0.00043871688849146185,1.2953901374547676
2016-08-16,0.05,0.12,0.7600568094630615,0.06994319053693843,-0.000521813735724599,1.2947141850879216
2016-08-17,0.05,0.12,0.7600568094630615,0.06994319053693843,0.000520437263309199,1.2953880025951763
2016-08-18,0.05,0.12,0.7600568094630615,0.06994319053693843,0.001384097871223064,1.2971809463719761
2016-08-19,0.05,0.12,0.7600568094630615,0.06994319053693843,-0.0012867046391707659,1.2955118576304354
2016-08-22,0.05,0.12,0.7600568094630615,0.06994319053693843,0.0008926689362513644,1.2966683208222873
2016-08-23,0.05,0.12,0.7600568094630615,0.06994319053693843,0.00011382756759383317,1.2968159174232226
2016-08-24,0.05,0.12,0.7600568094630615,0.06994319053693843,-6.736318071552924e-06,1.2968071816587226
2016-08-25,0.05,0.12,0.7600568094630615,0.06994319053693843,-0.0006887698144714216,1.2959139800168062
2016-08-26,0.05,0.12,0.7600568094630615,0.06994319053693843,-0.0021856500216484486,1.2930815655983279
2016-08-29,0.05,0.12,0.7600568094630615,0.06994319053693843,0.002034880100571105,1.2957128315445794
2016-08-30,0.05,0.12,0.7600568094630615,0.06994319053693843,-3.5669899418077752e-06,1.2957082097499417
2016-08-31,0.05,0.12,0.7600568094630615,0.06994319053693843,-0.000362343547056804,1.2952387182412703
2016-09-01,0.05,0.12,0.7600568094630615,0.06994319053693843,-0.00018924189528615604,1.2949936048113824
2016-09-02,0.05,0.12,0.7600568094630615,0.06994319053693843,-0.0005473914803740854,1.2942847363449697
2016-09-06,0.05,0.12,0.7600568094630615,0.06994319053693843,0.0021917583960971306,1.2971214957827941
2016-09-07,0.05,0.12,0.7600568094630615,0.06994319053693843,-8.55626526890128e-05,1.297010510626755
2016-09-08,0.05,0.12,0.8300000000000001,0.0,-0.00231308974340553,1.2940104089175353
2016-09-09,0.05,0.12,0.8300000000000001,0.0,-0.0023290581129660195,1.2909965834763835
2016-09-12,0.05,0.12,0.8300000000000001,0.0,-0.0005424943889476019,1.290296225073697
2016-09-13,0.05,0.12,0.8300000000000001,0.0,-0.002365784175783391,1.2872436626823445
2016-09-14,0.05,0.12,0.8300000000000001,0.0,0.0014034506758506683,1.2890502456707205
2016-09-15,0.05,0.12,0.8300000000000001,0.0,-7.914560884913603e-05,1.2889482230041898
2016-09-16,0.05,0.12,0.8300000000000001,0.0,-0.0006048529881652742,1.2881685988199154
2016-09-19,0.05,0.12,0.8300000000000001,0.0,0.0001501484141574605,1.2883620152921957
2016-09-20,0.05,0.12,0.8300000000000001,0.0,0.0002730267589642588,1.2887137725976037
2016-09-21,0.05,0.12,0.8300000000000001,0.0,0.0002091278901408211,1.2889832785898625
2016-09-22,0.05,0.12,0.8300000000000001,0.0,0.0021177434175006574,1.2917130144433646
2016-09-23,0.05,0.12,0.8300000000000001,0.0,0.0007228993372014325,1.2926467929253602
2016-09-26,0.05,0.12,0.8300000000000001,0.0,0.00028585068241647086,1.2930162968932413
2016-09-27,0.05,0.12,0.8300000000000001,0.0,0.0004146343247018037,1.293552425832332
2016-09-28,0.05,0.12,0.8300000000000001,0.0,-0.0001624982534582409,1.2933422258223777
2016-09-29,0.05,0.12,0.8300000000000001,0.0,0.0005270545107117287,1.2940238876763912
2016-09-30,0.05,0.12,0.8300000000000001,0.0,-0.0017199442521460373,1.2917982387286424
2016-10-03,0.05,0.12,0.8300000000000001,0.0,-0.0006526936144262131,1.2909550902670972
2016-10-04,0.05,0.12,0.8300000000000001,0.0,-0.001397479132348163,1.2891510074676504
2016-10-05,0.05,0.12,0.8300000000000001,0.0,-0.0007780511284848424,1.288147982071503
2016-10-06,0.88,0.12,0.0,0.0,-0.0004525733837615942,1.287565000580471
2016-10-07,0.05,0.12,0.8300000000000001,0.0,1.1692487576739907e-05,1.2875800554182446
2016-10-10,0.05,0.12,0.8300000000000001,0.0,0.0,1.2875800554182446
2016-10-11,0.05,0.12,0.8300000000000001,0.0,-0.0007047653130069798,1.2866726136574662
2016-10-12,0.05,0.12,0.8300000000000001,0.0,-0.00044373201063447004,1.2861016758315795
2016-10-13,0.05,0.12,0.8300000000000001,0.0,0.001333549656896549,1.2878167562801186
2016-10-14,0.05,0.12,0.8300000000000001,0.0,-0.0010017070195970968,1.286526741195398
2016-10-17,0.05,0.12,0.8300000000000001,0.0,0.0008733499139086365,1.2876503292140622
2016-10-18,0.05,0.12,0.8300000000000001,0.0,0.0010154504940081055,1.2889578743769723
2016-10-19,0.05,0.12,0.8300000000000001,0.0,0.00044794826991034764,1.289535260826787
2016-10-20,0.05,0.12,0.8300000000000001,0.0,0.00012825495530509377,1.2897006501140285
2016-10-21,0.05,0.12,0.8300000000000001,0.0,-4.658837231875434e-05,1.2896405650599612
2016-10-24,0.05,0.12,0.8300000000000001,0.0,-0.0006663158467713593,1.2887812571148225
2016-10-25,0.05,0.12,0.8300000000000001,0.0,-0.00010257587495479449,1.2886490592497486
2016-10-26,0.05,0.12,0.8300000000000001,0.0,-0.0015482127065879583,1.2866539564018855
2016-10-27,0.88,0.12,0.0,0.0,-0.001732982046005247,1.2844242081960193
2016-10-28,0.88,0.12,0.0,0.0,-0.0002809482001755992,1.2840633515264648
2016-10-31,0.88,0.12,0.0,0.0,-0.00037547667937810837,1.2835812156831226
2016-11-01,0.88,0.12,0.0,0.0,-0.0004943599803825415,1.2829466644985181
2016-11-02,0.88,0.12,0.0,0.0,-0.0003427558357135929,1.282506927042352
2016-11-03,0.88,0.12,0.0,0.0,0.0,1.282506927042352
2016-11-04,0.05,0.12,0.8300000000000001,0.0,-0.0001303832477281652,1.2823397096239701
2016-11-07,0.05,0.12,0.8300000000000001,0.0,-0.00044003119092502667,1.2817754401543737
2016-11-08,0.88,0.12,0.0,0.0,-0.0012410167052950506,1.2801847354207052
2016-11-09,0.88,0.12,0.0,0.0,-0.0003189290284476964,1.279776447346804
2016-11-10,0.88,0.12,0.0,0.0,-0.000402684563758382,1.279261101126396
2016-11-11,0.88,0.12,0.0,0.0,0.0,1.279261101126396
2016-11-14,0.1,0.0,0.0,0.9,-0.00121212121212122,1.277710481609879
2016-11-15,0.88,0.12,0.0,0.0,-0.0007965384993608215,1.2766927360202398
2016-11-16,0.88,0.12,0.0,0.0,3.5828025477719906e-05,1.2767384774001131
2016-11-17,0.88,0.12,0.0,0.0,0.00016714754750770666,1.2769518811054195
2016-11-18,0.88,0.12,0.0,0.0,-0.0002146050670640953,1.2766778407613373
2016-11-21,0.88,0.12,0.0,0.0,0.0001433263660794193,1.2768608223569078
2016-11-22,0.88,0.12,0.0,0.0,0.0003936773039069496,1.2773634934829179
2016-11-23,0.88,0.12,0.0,0.0,0.0,1.2773634934829179
2016-11-25,0.88,0.12,0.0,0.0,0.0,1.2773634934829179
2016-11-28,0.88,0.12,0.0,0.0,9.51248513674141e-05,1.2774850024953777
2016-11-29,0.88,0.12,0.0,0.0,-7.128712871287135e-05,1.277393934257576
2016-11-30,0.88,0.12,0.0,0.0,0.0004517535169407605,1.2779710014598957
2016-12-01,0.88,0.12,0.0,0.0,-5.9218318199758536e-05,1.2778953221664813
2016-12-02,0.88,0.12,0.0,0.0,4.739804483065768e-05,1.2779558919062501
2016-12-05,0.88,0.12,0.0,0.0,0.00014213799230086365,1.2781375379909747
2016-12-06,0.88,0.12,0.0,0.0,0.00031943212067434777,1.2785458161752485
2016-12-07,0.88,0.12,0.0,0.0,0.00043657817109143515,1.279104001369331
2016-12-08,0.88,0.12,0.0,0.0,0.000152836288821403,1.2792994948779168
2016-12-09,0.88,0.12,0.0,0.0,0.00017612524461839028,1.2795248118143925
2016-12-12,0.88,0.12,0.0,0.0,0.00010552027357107362,1.2796598276225761
2016-12-13,0.88,0.12,0.0,0.0,0.00014057008980867812,1.2798397095194696
2016-12-14,0.88,0.12,0.0,0.0,-3.510140405616813e-05,1.2797947853486986
2016-12-15,0.88,0.12,0.0,0.0,-0.0005266751194772245,1.2791207492772187
2016-12-16,0.88,0.12,0.0,0.0,-5.8777429467076203e-05,1.2790455658475983
2016-12-19,0.88,0.12,0.0,0.0,8.2328726845029e-05,1.2791508680406112
2016-12-20,0.88,0.12,0.0,0.0,3.5259549461326145e-05,1.2791959703239113
2016-12-21,0.88,0.12,0.0,0.0,9.399784588269177e-05,1.2793162119895836
2016-12-22,0.88,0.12,0.0,0.0,7.044320516582658e-05,1.2794063311239767
2016-12-23,0.88,0.12,0.0,0.0,8.213552361396203e-05,1.2795114158328986
2016-12-27,0.88,0.12,0.0,0.0,8.207934336524224e-05,1.2796164372897387
2016-12-28,0.88,0.12,0.0,0.0,4.687042281029008e-05,1.2796764134531895
2016-12-29,0.88,0.12,0.0,0.0,3.513909224011513e-05,1.2797213801207195
2016-12-30,0.88,0.12,0.0,0.0,1.1709601873519659e-05,1.2797363651485896
2017-01-03,0.88,0.12,0.0,0.0,0.00021075226851400506,1.2800060724906444
2017-01-04,0.88,0.12,0.0,0.0,0.00036232589850977877,1.2804698518409574
2017-01-05,0.88,0.12,0.0,0.0,0.00019809671780927294,1.2807235087158608
2017-01-06,0.88,0.12,0.0,0.0,3.490063015028077e-05,1.2807682067733634
2017-01-09,0.88,0.12,0.0,0.0,-1.1630160883893126e-05,1.2807533112330638
2017-01-10,0.88,0.12,0.0,0.0,5.815644082582061e-05,1.280827795287221
2017-01-11,0.88,0.12,0.0,0.0,-6.975392365820898e-05,1.2807384525229693
2017-01-12,0.88,0.12,0.0,0.0,-6.979449398991644e-05,1.280649064030742
2017-01-13,0.88,0.12,0.0,0.0,5.819592628517611e-05,1.2807235925892693
2017-01-17,0.88,0.12,0.0,0.0,-4.653417353369438e-05,1.280663995175363
2017-01-18,0.88,0.12,0.0,0.0,-4.65522257783002e-05,1.2806043774159133
2017-01-19,0.88,0.12,0.0,0.0,-0.00015135344911224814,1.2804105535264432
2017-01-20,0.88,0.12,0.0,0.0,-0.00011657276083155032,1.2802612925332209
2017-01-23,0.88,0.12,0.0,0.0,-8.168028004667871e-05,1.2801567204323139
2017-01-24,0.88,0.12,0.0,0.0,9.341247445751933e-05,1.280276303039263
2017-01-25,0.88,0.12,0.0,0.0,0.00022168206125425802,1.2805601173290957
2017-01-26,0.88,0.12,0.0,0.0,6.987577639750774e-05,1.2806495974615177
2017-01-27,0.88,0.12,0.0,0.0,4.655674102814089e-05,1.2807092203331745
2017-01-30,0.88,0.12,0.0,0.0,-0.00015125072716695164,1.2805155121323097
2017-01-31,0.88,0.12,0.0,0.0,-0.00010484418988447875,1.2803812575208058
2017-02-01,0.88,0.12,0.0,0.0,0.00010493587252234704,1.2805156154452249
2017-02-02,0.88,0.12,0.0,0.0,8.15454810212568e-05,1.2806200357070416
2017-02-03,0.88,0.12,0.0,0.0,0.00023282887077998637,1.2809182010238536
2017-02-06,0.88,0.12,0.0,0.0,3.4856700232390734e-05,1.280962849605609
2017-02-07,0.88,0.12,0.0,0.0,0.0,1.280962849605609
2017-02-08,0.88,0.12,0.0,0.0,-0.00012777078695189737,1.2807991799742586
2017-02-09,0.88,0.12,0.0,0.0,0.0,1.2807991799742586
2017-02-10,0.88,0.12,0.0,0.0,3.4883720930229954e-05,1.2808438590154205
2017-02-13,0.88,0.12,0.0,0.0,4.64981110142304e-05,1.280903415835369
2017-02-14,0.88,0.12,0.0,0.0,1.1620025176739546e-05,1.28091829996531
2017-02-15,0.88,0.12,0.0,0.0,-1.1618900077459137e-05,1.2809034171035751
2017-02-16,0.88,0.12,0.0,0.0,-4.648010070687824e-05,1.2808438805837523
2017-02-17,0.88,0.12,0.0,0.0,-4.6498111014243724e-05,1.2807843237628012
2017-02-21,0.88,0.12,0.0,0.0,0.00020932260877994045,1.2810524208787357
2017-02-22,0.88,0.12,0.0,0.0,0.0001160878397987819,1.2812011354869446
2017-02-23,0.88,0.12,0.0,0.0,0.00013917077413744928,1.281379441240796
2017-02-24,0.88,0.12,0.0,0.0,-1.1584129742261417e-05,1.2813645975750996
2017-02-27,0.88,0.12,0.0,0.0,4.6340992469602324e-05,1.2814239772822666
2017-02-28,0.88,0.12,0.0,0.0,5.79038795599196e-05,1.2814981767019122
2017-03-01,0.88,0.12,0.0,0.0,0.00024307900067522148,1.2818096819980722
2017-03-02,0.88,0.12,0.0,0.0,-6.931074316519847e-05,1.2817208388164165
2017-03-03,0.88,0.12,0.0,0.0,-0.0001733769986514977,1.2814986179042736
2017-03-06,0.88,0.12,0.0,0.0,-0.0002893797627085881,1.281127778138313
2017-03-07,0.88,0.12,0.0,0.0,-0.0004061110036743409,1.2806074980504982
2017-03-08,0.88,0.12,0.0,0.0,-0.00041913262831085426,1.2800707536640057
2017-03-09,0.88,0.12,0.0,0.0,-0.000549118878395487,1.2793678426474868
2017-03-10,0.88,0.12,0.0,0.0,4.6948356807519076e-05,1.2794279068654515
2017-03-13,0.88,0.12,0.0,0.0,-0.00030504497457959354,1.2790376238121253
2017-03-14,0.88,0.12,0.0,0.0,-0.0004469711821211408,1.2784659308534325
2017-03-15,0.88,0.12,0.0,0.0,0.0004722550177095641,1.2790696928042489
2017-03-16,0.88,0.12,0.0,0.0,0.0005880047040376279,1.2798217918004098
2017-03-17,0.88,0.12,0.0,0.0,-2.340550029257482e-05,1.2797918369310874
2017-03-20,0.88,0.12,0.0,0.0,-0.0001404603979711183,1.2796120768603518
2017-03-21,0.88,0.12,0.0,0.0,-0.000210937500000008,1.279342158687889
2017-03-22,0.88,0.12,0.0,0.0,-0.0003756603404421721,1.2788615605770144
2017-03-23,0.88,0.12,0.0,0.0,0.00018842001962708464,1.2791025236973588
2017-03-24,0.88,0.12,0.0,0.0,0.0001646090534979372,1.2793130755531115
2017-03-27,0.88,0.12,0.0,0.0,-0.00015264187866929292,1.279117798801853
2017-03-28,0.88,0.12,0.0,0.0,0.00032918585284609665,1.279538866285342
2017-03-29,0.88,0.12,0.0,0.0,0.0003986321446018603,1.2800489316077108
2017-03-30,0.88,0.12,0.0,0.0,0.00029214139643588764,1.2804228868900969
2017-03-31,0.88,0.12,0.0,0.0,0.0001282300369147027,1.2805870755641493
2017-04-03,0.88,0.12,0.0,0.0,-2.328966521106146e-05,1.280557251119886
2017-04-04,0.88,0.12,0.0,0.0,-2.329418615937051e-05,1.2805274215808906
2017-04-05,0.88,0.12,0.0,0.0,0.00022133773420056178,1.280810850618965
2017-04-06,0.88,0.12,0.0,0.0,-2.3255813953477756e-05,1.2807810643201134
2017-04-07,0.88,0.12,0.0,0.0,5.8150804419465627e-05,1.280855542769289
2017-04-10,0.88,0.12,0.0,0.0,3.48735832606728e-05,1.2809002107917047
2017-04-11,0.88,0.12,0.0,0.0,-6.972690296339401e-05,1.280810897587001
2017-04-12,0.88,0.12,0.0,0.0,-5.813953488372103e-05,1.2807364318371413
2017-04-13,0.88,0.12,0.0,0.0,-5.8167716917121304e-05,1.2806619343229286
2017-04-17,0.88,0.12,0.0,0.0,-5.819592628516279e-05,1.2805874050154025
2017-04-18,0.88,0.12,0.0,0.0,-4.65793304221096e-05,1.28052775611153
2017-04-19,0.88,0.12,0.0,0.0,0.000139792253179305,1.2807067639718157
2017-04-20,0.88,0.12,0.0,0.0,6.981479685832959e-05,1.2807961762543774
2017-04-21,0.88,0.12,0.0,0.0,4.65161352844401e-05,1.2808557539425838
2017-04-24,0.88,0.12,0.0,0.0,0.0002557396105783205,1.2811833194943039
2017-04-25,0.88,0.12,0.0,0.0,0.00016239729337843122,1.2813913801977113
2017-04-26,0.88,0.12,0.0,0.0,0.00010425716768028613,1.2815249744337007
2017-04-27,0.88,0.12,0.0,0.0,2.3148148148139924e-05,1.2815546393636643
2017-04-28,0.88,0.12,0.0,0.0,8.10028929604556e-05,1.2816584489969398
2017-05-01,0.88,0.12,0.0,0.0,-4.6256143394036715e-05,1.281599164419941
2017-05-02,0.88,0.12,0.0,0.0,3.470548539477924e-05,1.2816436429410238
2017-05-03,0.88,0.12,0.0,0.0,-2.3130300693918746e-05,1.2816139981381802
2017-05-04,0.88,0.12,0.0,0.0,-0.00027761711972237976,1.2812582001514212
2017-05-05,0.88,0.12,0.0,0.0,-0.00010434782608696124,1.2811245036435794
2017-05-08,0.88,0.12,0.0,0.0,1.1604293588627357e-05,1.2811393701884435
2017-05-09,0.88,0.12,0.0,0.0,9.28253722684147e-05,1.281258292427409
2017-05-10,0.88,0.12,0.0,0.0,3.4782608695644866e-05,1.2813028579332326
2017-05-11,0.88,0.12,0.0,0.0,4.636337293537629e-05,1.281362263455478
2017-05-12,0.05,0.12,0.83,0.0,3.475910012551431e-05,1.2814068024546905
2017-05-15,0.05,0.12,0.83,0.0,0.00019657727022249995,1.2816586979059617
2017-05-16,0.05,0.12,0.83,0.0,0.0005654386906258235,1.2823833973219347
2017-05-17,0.05,0.12,0.83,0.0,0.0029275352836035905,1.286137619964702
2017-05-18,0.05,0.12,0.83,0.0,-0.001080516588158612,1.2847479269316753
2017-05-19,0.05,0.12,0.83,0.0,2.507165148476489e-05,1.284780137683945
2017-05-22,0.05,0.12,0.83,0.0,-5.6958053573796786e-05,1.2847069591080322
2017-05-23,0.05,0.12,0.83,0.0,-0.0008970161437158985,1.2835545562257682
2017-05-24,0.05,0.12,0.83,0.0,0.0005874440930862513,1.2843085727679768
2017-05-25,0.05,0.12,0.83,0.0,0.00037998757858975774,1.2847965940727049
2017-05-26,0.05,0.12,0.83,0.0,0.00013799429757124226,1.2849738886762259
2017-05-30,0.05,0.12,0.83,0.0,0.0011160038836160035,1.2864079245263336
2017-05-31,0.05,0.12,0.83,0.0,3.428246259332912e-05,1.286452025757886
2017-06-01,0.05,0.12,0.7799999999999998,0.05,-0.0004359523348187443,1.2858911939936246
2017-06-02,0.05,0.12,0.7799999999999998,0.05,0.0016785425942630655,1.2880496171343307
2017-06-05,0.05,0.12,0.7799999999999998,0.05,-0.0006431669274307582,1.2872211862197
2017-06-06,0.05,0.12,0.71250846879482,0.11749153120518001,0.0009851029516737238,1.2884892316097019
2017-06-07,0.05,0.12,0.71250846879482,0.11749153120518001,-0.001057847798468989,1.2871262061126927
2017-06-08,0.05,0.12,0.71250846879482,0.11749153120518001,-0.0007481427263986748,1.2861632520036324
2017-06-09,0.05,0.12,0.71250846879482,0.11749153120518001,-0.00020728279644875554,1.2858966524880673
2017-06-12,0.05,0.12,0.7718827323694304,0.058117267630569416,-0.0004033083715038296,1.2853780396032302
2017-06-13,0.05,0.12,0.7718827323694304,0.058117267630569416,0.0002766532176693378,1.2857336435738078
2017-06-14,0.05,0.12,0.7718827323694304,0.058117267630569416,0.002020275733724556,1.2883311800539534
2017-06-15,0.05,0.12,0.7718827323694304,0.058117267630569416,-0.0011144190773478932,1.286895439208959
2017-06-16,0.05,0.12,0.7718827323694304,0.058117267630569416,0.0002756710113947748,1.287250198976245
2017-06-19,0.05,0.12,0.8299999999999998,0.0,-0.001097307352667155,1.2858376898681863
2017-06-20,0.05,0.12,0.8299999999999998,0.0,0.0007576446814866087,1.28681189795517
2017-06-21,0.05,0.12,0.8299999999999998,0.0,-0.0005069904077238329,1.2861594966663616
2017-06-22,0.05,0.12,0.8299999999999998,0.0,-1.2320259875762149e-05,1.2861436508471211
2017-06-23,0.05,0.12,0.8299999999999998,0.0,0.0002990977412032025,1.2865283335079523
2017-06-26,0.05,0.12,0.8299999999999998,0.0,0.00044889327363617054,1.2871058474232064
2017-06-27,0.05,0.12,0.8299999999999998,0.0,-0.0015600338131345956,1.285097918780143
2017-06-28,0.05,0.12,0.8299999999999998,0.0,-0.00010362129144859565,1.2849647552741612
2017-06-29,0.05,0.12,0.8299999999999998,0.0,-0.0010694049172346376,1.2835906076463979
2017-06-30,0.88,0.12,0.0,0.0,-0.0013124774705571129,1.2819059238924433
2017-07-03,0.88,0.12,0.0,0.0,2.3161551823962512e-05,1.281935614822933
2017-07-05,0.88,0.12,0.0,0.0,-2.315708220763213e-05,1.2819059289345156
2017-07-06,0.88,0.12,0.0,0.0,-0.00019687319050376128,1.2816535560243605
2017-07-07,0.88,0.12,0.0,0.0,-0.0002435959400676735,1.2813413504215396
2017-07-10,0.88,0.12,0.0,0.0,2.3246803564509476e-05,1.281371137512212
2017-07-11,0.88,0.12,0.0,0.0,-2.3242300987811327e-05,1.2813413554985569
2017-07-12,0.05,0.12,0.83,0.0,0.0002905850445563818,1.2817136941334364
2017-07-13,0.88,0.12,0.0,0.0,-0.00034517084844426613,1.2812712839301696
2017-07-14,0.88,0.12,0.0,0.0,0.0001622561328955019,1.2814791780538903
2017-07-17,0.05,0.12,0.8299999999999998,0.0,0.0001736111111110894,1.2817016570778579
2017-07-18,0.05,0.12,0.8299999999999998,0.0,0.0014845460765927473,1.2836044022442352
2017-07-19,0.05,0.12,0.8299999999999998,0.0,0.00015010102953910476,1.2837970725865329
2017-07-20,0.05,0.12,0.8299999999999998,0.0,0.00026457666846898983,1.284136735338988
2017-07-21,0.05,0.12,0.8299999999999998,0.0,0.0009299899605087389,1.2853309696107738
2017-07-24,0.05,0.12,0.8299999999999998,0.0,-0.0006653409049947455,1.2844757863402352
2017-07-25,0.05,0.12,0.8299999999999998,0.0,-0.001951075600291253,1.2819696769743418
2017-07-26,0.05,0.12,0.8299999999999998,0.0,0.0019331516914613029,1.284447918823787
2017-07-27,0.05,0.12,0.8299999999999998,0.0,-0.0004936984579929081,1.2838137888668915
2017-07-28,0.05,0.12,0.8299999999999998,0.0,0.0006317709751750344,1.284624865156227
2017-07-31,0.05,0.12,0.8299999999999998,0.0,-0.0002755944428857082,1.2842708296821972
2017-08-01,0.05,0.12,0.8299999999999998,0.0,0.0013092542944310502,1.2859522667811711
2017-08-02,0.05,0.12,0.8299999999999998,0.0,-0.00047002193132224636,1.2853478410131505
2017-08-03,0.05,0.12,0.7799999999999998,0.05,0.0008142689325255168,1.286394459827576
2017-08-04,0.05,0.12,0.8300000000000001,0.0,-0.001414775314601908,1.2845745007009715
2017-08-07,0.05,0.12,0.8300000000000001,0.0,0.00012613146854705492,1.284736525969203
2017-08-08,0.05,0.12,0.8300000000000001,0.0,-0.0010907721502437695,1.2833351711462748
2017-08-09,0.05,0.12,0.8300000000000001,0.0,4.413875678318309e-05,1.2833918159652653
2017-08-10,0.05,0.0,0.95,0.0,-0.00027858978615301615,1.283034276113705
2017-08-11,0.05,0.0,0.95,0.0,0.0005519511958942846,1.2837424484167792
2017-08-14,0.05,0.0,0.95,0.0,-0.000827446046646646,1.2826802208029242
2017-08-15,0.1,0.0,0.0,0.9,-0.0014722975590856,1.2807917338447488
2017-08-16,0.1,0.0,0.0,0.9,0.0011560122517537909,1.2822723447810183
2017-08-17,0.05,0.0,0.95,0.0,0.0007104795737121972,1.2831833730899214
2017-08-18,0.05,0.0,0.95,0.0,-9.192955293213512e-05,1.2830654106161032
2017-08-21,0.05,0.0,0.8156154273235224,0.13438457267647752,0.0003677537985097845,1.2835372627945938
2017-08-22,0.05,0.0,0.8156154273235224,0.13438457267647752,-0.0011714143699211555,1.2820337088006268
2017-08-23,0.05,0.0,0.6786665125706389,0.27133348742936103,0.0013573841306309474,1.2837739210118868
2017-08-24,0.05,0.0,0.8825138013727006,0.0674861986272994,-0.000831387643423392,1.2827066072370084
2017-08-25,0.05,0.05443910255030578,0.6704324028569036,0.22512849459279055,0.0007955108561509235,1.2837270142683217
2017-08-28,0.05,0.12,0.6378795868307228,0.1921204131692773,0.0004889709397548228,1.2843547194728773
2017-08-29,0.05,0.12,0.6378795868307228,0.1921204131692773,0.0006832294676836716,1.2852322284641797
2017-08-30,0.05,0.12,0.6378795868307228,0.1921204131692773,-0.0003098327049761175,1.2848340214863123
2017-08-31,0.05,0.12,0.6378795868307228,0.1921204131692773,0.0007408469225252047,1.2857858868170862
2017-09-01,0.05,0.12,0.6917385348949859,0.1382614651050141,-0.0008814553416891494,1.2846525239788826
2017-09-05,0.05,0.12,0.6180396741635173,0.21196032583648264,0.0025374120692176795,1.2879122167979775
2017-09-06,0.05,0.12,0.6180396741635173,0.21196032583648264,-0.0011793424116366372,1.2863933272982426
2017-09-07,0.05,0.12,0.6180396741635173,0.21196032583648264,0.0013572742731506157,1.2881393158665373
2017-09-08,0.05,0.12,0.6180396741635173,0.21196032583648264,-0.00021161048957821715,1.287866732075262
2017-09-11,0.05,0.12,0.7606731843836141,0.06932681561638586,-0.0019128268116421882,1.2854032660603263
2017-09-12,0.05,0.12,0.8299999999999998,0.0,-0.0011751195754316857,1.283892763520055
2017-09-13,0.05,0.12,0.8299999999999998,0.0,-0.0005738913169478276,1.2831559486111785
2017-09-14,0.05,0.12,0.8299999999999998,0.0,-0.00014921301090596524,1.2829644850486244
2017-09-15,0.05,0.12,0.8299999999999998,0.0,-0.00016080596725763892,1.282758176703649
2017-09-18,0.05,0.12,0.8299999999999998,0.0,-0.000505126480440261,1.2821102215805946
2017-09-19,0.88,0.12,0.0,0.0,-5.736288812467571e-05,1.2820366760353907
2017-09-20,0.88,0.12,0.0,0.0,5.7764513333973254e-05,1.2821107322600582
2017-09-21,0.88,0.12,0.0,0.0,-5.7736720554268925e-05,1.28203670739099
2017-09-22,0.88,0.12,0.0,0.0,-1.1552902666802643e-05,1.2820218961456942
2017-09-25,0.05,0.12,0.8300000000000001,0.0,3.4662045060649407e-05,1.282066333646427
2017-09-26,0.05,0.12,0.8300000000000001,0.0,-9.154864156401434e-05,1.2819489622151867
2017-09-27,0.88,0.12,0.0,0.0,-0.0019078848183326227,1.2795031512522992
2017-09-28,0.05,0.12,0.8299999999999998,0.0,3.4648700673720613e-05,1.279547484373998
2017-09-29,0.05,0.12,0.8299999999999998,0.0,-0.00035657127901435044,1.279091234490935
2017-10-02,0.88,0.12,0.0,0.0,-0.00034524278838148564,1.2786496374665453
2017-10-03,0.88,0.12,0.0,0.0,3.460872909055723e-05,1.27869388990545
2017-10-04,0.88,0.12,0.0,0.0,1.1532916866894282e-05,1.2787086369757805
2017-10-05,0.88,0.12,0.0,0.0,4.6127234287913764e-05,1.2787676202686644
2017-10-06,0.88,0.12,0.0,0.0,-3.45821325648421e-05,1.2787233977573007
2017-10-09,0.88,0.12,0.0,0.0,0.0,1.2787233977573007
2017-10-10,0.88,0.12,0.0,0.0,0.0,1.2787233977573007
2017-10-11,0.88,0.12,0.0,0.0,1.1530700490052226e-05,1.2787381423338098
2017-10-12,0.88,0.12,0.0,0.0,-0.00010376633358955444,1.2786054523651587
2017-10-13,0.05,0.12,0.83,0.0,-2.3079142225204128e-05,1.2785759432480737
2017-10-16,0.88,0.12,0.0,0.0,-0.001194853557935983,1.2770482322331922
2017-10-17,0.88,0.12,0.0,0.0,8.0784766301214e-05,1.2771513982761884
2017-10-18,0.88,0.12,0.0,0.0,6.919750120133905e-05,1.2772397739616048
2017-10-19,0.88,0.12,0.0,0.0,-1.1526270291044583e-05,1.2772250521507438
2017-10-20,0.88,0.12,0.0,0.0,1.1527377521618476e-05,1.2772397752061
2017-10-23,0.88,0.12,0.0,0.0,4.610508116415168e-05,1.277298662449602
2017-10-24,0.88,0.12,0.0,0.0,0.0,1.277298662449602
2017-10-25,0.88,0.12,0.0,0.0,-0.00021891502640423608,1.2770190425791859
2017-10-26,0.88,0.12,0.0,0.0,-1.1542901115801918e-05,1.2770043020746544
2017-10-27,0.88,0.12,0.0,0.0,-4.617604617605853e-05,1.2769453350650348
2017-10-30,0.05,0.12,0.83,0.0,0.0,1.2769453350650348
2017-10-31,0.88,0.12,0.0,0.0,-0.0007256654361764192,1.2760186999714913
2017-11-01,0.88,0.12,0.0,0.0,3.4645366182264325e-05,1.2760629081066073
2017-11-02,0.88,0.12,0.0,0.0,-5.772561092938222e-05,1.2759892465956524
2017-11-03,0.88,0.12,0.0,0.0,-3.465203580710341e-05,1.27594503097059
2017-11-06,0.88,0.12,0.0,0.0,-8.087810514152416e-05,1.2758418349542202
2017-11-07,0.88,0.12,0.0,0.0,-0.00013874168995086755,1.2756648225019287
2017-11-08,0.88,0.12,0.0,0.0,-0.00039355647728369633,1.27516277634819
2017-11-09,0.1,0.0,0.0,0.9,-0.0004413045582115549,1.274600041202526
2017-11-10,0.1,0.0,0.0,0.9,-0.001700139192682426,1.272433043717483
2017-11-13,0.1,0.0,0.0,0.9,-0.00044825181791016135,1.2718626732924676
2017-11-14,0.1,0.0,0.0,0.9,0.0002690851106239123,1.272204912600609
2017-11-15,0.1,0.0,0.0,0.9,0.0008070140480222366,1.2732315998370407
2017-11-16,0.1,0.0,0.0,0.9,-0.0008062910611187912,1.272205004579358
2017-11-17,0.1,0.0,0.0,0.9,-8.966822755807069e-05,1.272090928211507
2017-11-20,0.1,0.0,0.0,0.9,-0.0008967716221601419,1.2709501531662795
2017-11-21,0.1,0.0,0.0,0.9,-0.0003590664272891231,1.2704937976355195
2017-11-22,0.1,0.0,0.0,0.9,0.0017960486928757069,1.2727756663600693
2017-11-24,0.1,0.0,0.0,0.9,-0.0007169886476797172,1.2718631006562462
2017-11-27,0.1,0.0,0.0,0.9,0.0005381702212478246,1.2725475795025234
2017-11-28,0.1,0.0,0.0,0.9,-0.00044820717131484057,1.2719772145515509
2017-11-29,0.1,0.0,0.0,0.9,-0.0008071748878922591,1.2709505064859936
2017-11-30,0.1,0.0,0.0,0.9,-0.0008976660682226579,1.2698096173419309
2017-12-01,0.1,0.0,0.0,0.9,0.001078274760383513,1.2711788210028028
2017-12-04,0.1,0.0,0.0,0.9,-0.0009872357399281495,1.2699238678388691
2017-12-05,0.1,0.0,0.0,0.9,8.984725965861528e-05,1.2700379670183695
2017-12-06,0.1,0.0,0.0,0.9,0.0008983829107605867,1.2711789474239559
2017-12-07,0.1,0.0,0.0,0.9,-0.0008974870362982723,1.2700380807978275
2017-12-08,0.1,0.0,0.0,0.9,8.983829107593877e-05,1.2701521788486076
2017-12-11,0.1,0.0,0.0,0.9,-0.00044914662141924965,1.2695816942887894
2017-12-12,0.1,0.0,0.0,0.9,-0.0003594967046135933,1.269125283853455
2017-12-13,0.1,0.0,0.0,0.9,0.001888111888111954,1.2715215343894022
2017-12-14,0.1,0.0,0.0,0.9,-0.00044860931113548385,1.270951117989766
2017-12-15,0.1,0.0,0.0,0.9,-0.0008078994614003521,1.2699243172660757
2017-12-18,0.1,0.0,0.0,0.9,-0.0004492362982928766,1.269353821166675
2017-12-19,0.1,0.0,0.0,0.9,-0.0017079504594486373,1.2671858277246106
2017-12-20,0.1,0.0,0.0,0.9,-0.0007205043530472466,1.2662728148196152
2017-12-21,0.1,0.0,0.0,0.9,9.013520280434229e-05,1.2663869505765848
2017-12-22,0.1,0.0,0.0,0.9,-0.0003605047065892819,1.2659304121205386
2017-12-26,0.1,0.0,0.0,0.9,0.0003606491685033131,1.266386968871053
2017-12-27,0.1,0.0,0.0,0.9,0.001261766473062287,1.2679848534902975
2017-12-28,0.1,0.0,0.0,0.9,-0.0006299999999999306,1.2671860230325989
2017-12-29,0.1,0.0,0.0,0.9,0.0008105673971779526,1.2682131627090285
2018-01-02,0.1,0.0,0.0,0.9,-0.001439712057588427,1.266387300927084
2018-01-03,0.1,0.0,0.0,0.9,9.012617664732048e-05,1.2665014355726714
2018-01-04,0.1,0.0,0.0,0.9,-0.000540702913787916,1.2658166345561406
2018-01-05,0.1,0.0,0.0,0.9,-0.0006311992786294352,1.2650176520095315
2018-01-08,0.1,0.0,0.0,0.9,0.0,1.2650176520095315
2018-01-09,0.1,0.0,0.0,0.9,-0.0012632845398034998,1.2634195747671693
2018-01-10,0.1,0.0,0.0,0.9,-0.00018072289156618738,1.2631912459283559
2018-01-11,0.1,0.0,0.0,0.9,0.0004518979714801308,1.2637620794899822
2018-01-12,0.1,0.0,0.0,0.9,-0.0009033423667569651,1.262620469662078
2018-01-16,0.1,0.0,0.0,0.9,-0.0001808499949763842,1.2623921247564824
2018-01-17,0.1,0.0,0.0,0.9,-0.0011757612300272169,1.2609078530391022
2018-01-18,0.1,0.0,0.0,0.9,-0.0005433688871000264,1.2602227149422607
2018-01-19,0.1,0.0,0.0,0.9,-0.0008155457108335651,1.2591949457123945
2018-01-22,0.1,0.0,0.0,0.9,-0.000725587020054419,1.2582812902040674
2018-01-23,0.1,0.0,0.0,0.9,0.0011800302571860933,1.2597661001985594
2018-01-24,0.1,0.0,0.0,0.9,-0.000815874294923502,1.2587382894197914
2018-01-25,0.1,0.0,0.0,0.9,0.0006351446718420695,1.2595377703375599
2018-01-26,0.1,0.0,0.0,0.9,-0.0015414064074149249,1.2575963107479804
2018-01-29,0.1,0.0,0.0,0.9,-0.0008174386920981047,1.2565683028645351
2018-01-30,0.1,0.0,0.0,0.9,-0.0003636363636364659,1.2561113689362207
2018-01-31,0.1,0.0,0.0,0.9,-0.0007275666936136016,1.2551974641407133
2018-02-01,0.1,0.0,0.0,0.9,-0.0011832524271844114,1.253712248694673
2018-02-02,0.1,0.0,0.0,0.9,-0.001367088607595024,1.2519983129622803
2018-02-05,0.1,0.0,0.0,0.9,0.0023732251521298986,1.2549695868490265
2018-02-06,0.1,0.0,0.0,0.9,0.0002731134938297242,1.2553123359775407
2018-02-07,0.1,0.0,0.0,0.9,-0.001911214480736101,1.2529131648631737
2018-02-08,0.1,0.0,0.0,0.9,-0.0001824077827321746,1.2526846237508151
2018-02-09,0.1,0.0,0.0,0.9,0.0015507804581390784,1.2546272625855392
2018-02-12,0.1,0.0,0.0,0.9,-0.0012749165233228888,1.2530277175578575
2018-02-13,0.1,0.0,0.0,0.9,9.119464991398374e-05,1.2531419869818927
2018-02-14,0.1,0.0,0.0,0.9,-0.0027355623100303707,1.2497139389931884
2018-02-15,0.1,0.0,0.0,0.9,0.00018292682926832616,1.249942545201541
2018-02-16,0.1,0.0,0.0,0.9,0.000457224141434609,1.2505140491086133
2018-02-20,0.1,0.0,0.0,0.9,-0.0006397887681526826,1.2497139842655764
2018-02-21,0.1,0.0,0.0,0.9,-0.001006097560975594,1.2484566500740897
2018-02-22,0.1,0.0,0.0,0.9,0.0009156577474818795,1.2495998090781253
2018-02-23,0.1,0.0,0.0,0.9,0.0010976725276959254,1.2509714604591644
2018-02-26,0.1,0.0,0.0,0.9,0.0003654451324738739,1.251428621890253
2018-02-27,0.1,0.0,0.0,0.9,-0.0017351598173515283,1.2492571932312655
2018-02-28,0.1,0.0,0.0,0.9,0.0006405042700285302,1.250057347797894
2018-03-01,0.1,0.0,0.0,0.9,0.002285888448643636,1.2529148394493672
2018-03-02,0.1,0.0,0.0,0.9,-0.0014592622618565976,1.2510865081068387
2018-03-05,0.1,0.0,0.0,0.9,-0.0006394640682094499,1.2502864832386829
2018-03-06,0.1,0.0,0.0,0.9,0.0,1.2502864832386829
2018-03-07,0.1,0.0,0.0,0.9,-0.00018283392585066727,1.2500578884525142
2018-03-08,0.1,0.0,0.0,0.9,0.0003657421517828219,1.25051508731449
2018-03-09,0.1,0.0,0.0,0.9,-0.0005483903727023564,1.2498293168796875
2018-03-12,0.1,0.0,0.0,0.9,0.0005487247230973269,1.2505151291255112
2018-03-13,0.1,0.0,0.0,0.9,0.0003655935818017042,1.2509723094306653
2018-03-14,0.1,0.0,0.0,0.9,0.0007308902649477478,1.2518866329133473
2018-03-15,0.1,0.0,0.0,0.9,-0.00045643574399027996,1.251315227106662
2018-03-16,0.1,0.0,0.0,0.9,-0.000639334280495274,1.2505152183862671
2018-03-19,0.1,0.0,0.0,0.9,9.139839545042605e-05,1.250629513470714
2018-03-20,0.1,0.0,0.0,0.9,-0.0011880584890334057,1.2491436924605994
2018-03-21,0.1,0.0,0.0,0.9,-0.00036603965429584664,1.2486864563352453
2018-03-22,0.1,0.0,0.0,0.9,0.0019224900823924696,1.2510870436635675
2018-03-23,0.1,0.0,0.0,0.9,0.0005481120584652999,1.2517727795583893
2018-03-26,0.1,0.0,0.0,0.9,-0.0007303712720632794,1.250858520681049
2018-03-27,0.1,0.0,0.0,0.9,0.0016446700507614543,1.252915770227753
2018-03-28,0.1,0.0,0.0,0.9,-9.12038913660873e-05,1.2528014994339542
2018-03-29,0.1,0.0,0.0,0.9,0.0008209182122226322,1.2538299470011396
2018-04-02,0.1,0.0,0.0,0.9,0.0006379100850546938,1.2546297777692752
2018-04-03,0.1,0.0,0.0,0.9,-0.0017302438530810704,1.2524589623083975
2018-04-04,0.1,0.0,0.0,0.9,-9.124087591241282e-05,1.252344686855632
2018-04-05,0.1,0.0,0.0,0.9,-0.001095001520835337,1.2509733675189152
2018-04-06,0.1,0.0,0.0,0.9,0.0017358643792507512,1.2531448876269826
2018-04-09,0.1,0.0,0.0,0.9,-0.0004559270516717118,1.2525735449730493
2018-04-10,0.1,0.0,0.0,0.9,-0.0006386213887481396,1.2517736247162494
2018-04-11,0.1,0.0,0.0,0.9,9.12964090079349e-05,1.2518879071530769
2018-04-12,0.1,0.0,0.0,0.9,-0.001551881529566912,1.249945125432878
2018-04-13,0.1,0.0,0.0,0.9,-9.144482828700173e-05,1.2498308244155145
2018-04-16,0.1,0.0,0.0,0.9,-0.0001829082410323757,1.2496022200578325
2018-04-17,0.1,0.0,0.0,0.9,0.00018294542128265425,1.2498308290624167
2018-04-18,0.1,0.0,0.0,0.9,-0.001646174169291681,1.2477733898356298
2018-04-19,0.1,0.0,0.0,0.9,-0.0010078387458007155,1.2465158354673744
2018-04-20,0.1,0.0,0.0,0.9,-0.0009172441907869033,1.245372476058568
2018-04-23,0.1,0.0,0.0,0.9,-0.0008263619669454325,1.2443433476096726
2018-04-24,0.1,0.0,0.0,0.9,0.00018380475850083845,1.244572063838172
2018-04-25,0.1,0.0,0.0,0.9,-0.0008269525267994515,1.2435428618251971
2018-04-26,0.1,0.0,0.0,0.9,0.0006437768240343145,1.2443434258993336
2018-04-27,0.1,0.0,0.0,0.9,0.0006433166547532343,1.2451439327494473
2018-04-30,0.1,0.0,0.0,0.9,0.0005510204081633719,1.2458300324674931
2018-05-01,0.1,0.0,0.0,0.9,-0.0011013665102998283,1.2444579169922076
2018-05-02,0.1,0.0,0.0,0.9,0.0004594649785582661,1.2450297018223553
2018-05-03,0.1,0.0,0.0,0.9,0.0006429227472192434,1.2458301597386205
2018-05-04,0.1,0.0,0.0,0.9,0.0,1.2458301597386205
2018-05-07,0.1,0.0,0.0,0.9,-9.178054252501067e-05,1.2457158167706657
2018-05-08,0.1,0.0,0.0,0.9,-0.000642529321774521,1.244915407831792
2018-05-09,0.1,0.0,0.0,0.9,-0.0009185548071035777,1.243771884799491
2018-05-10,0.1,0.0,0.0,0.9,0.00018389865140988615,1.2440006127717673
2018-05-11,0.1,0.0,0.0,0.9,0.0,1.2440006127717673
2018-05-14,0.1,0.0,0.0,0.9,-0.0004596527068437828,1.2434288045227915
2018-05-15,0.1,0.0,0.0,0.9,-0.0022994379151762947,1.2405696171848495
2018-05-16,0.1,0.0,0.0,0.9,-0.00027663934426234163,1.2402264268194396
2018-05-17,0.1,0.0,0.0,0.9,9.224146766426689e-05,1.2403408271252854
2018-05-18,0.1,0.0,0.0,0.9,0.0012912482065997378,1.2419424149938831
2018-05-21,0.1,0.0,0.0,0.9,-0.0001841997544003271,1.241713649506062
2018-05-22,0.1,0.0,0.0,0.9,0.0,1.241713649506062
2018-05-23,0.1,0.0,0.0,0.9,0.002118730808597724,1.2443445064707266
2018-05-24,0.1,0.0,0.0,0.9,0.0006433166547532343,1.2451450140159899
2018-05-25,0.1,0.0,0.0,0.9,0.0014693877551020585,1.2469746148529113
2018-05-29,0.1,0.0,0.0,0.9,0.0056845965770172535,1.2540631624801315
2018-05-30,0.1,0.0,0.0,0.9,-0.0029155699534319625,1.2504068536038986
2018-05-31,0.1,0.0,0.0,0.9,0.0006398537477149135,1.2512069311153453
2018-06-01,0.1,0.0,0.0,0.9,-0.00237491119456007,1.2482354257679282
2018-06-04,0.1,0.0,0.0,0.9,-0.001465350564770518,1.2464063232818128
2018-06-05,0.1,0.0,0.0,0.9,0.0007338701457546559,1.2473210236719492
2018-06-06,0.1,0.0,0.0,0.9,-0.0015582034830431302,1.2453774437083907
2018-06-07,0.1,0.0,0.0,0.9,0.0011018159559274432,1.2467496204470208
2018-06-08,0.1,0.0,0.0,0.9,9.170572651322484e-05,1.246863954526744
2018-06-11,0.1,0.0,0.0,0.9,-0.0008252674477840283,1.2458349582932577
2018-06-12,0.1,0.0,0.0,0.9,-0.00018356108504992142,1.2456062714765204
2018-06-13,0.1,0.0,0.0,0.9,-0.00100979192166466,1.2443484683260086
2018-06-14,0.1,0.0,0.0,0.9,0.0007352190340039533,1.2452633370048556
2018-06-15,0.1,0.0,0.0,0.9,0.000642791551882449,1.2460637817577513
2018-06-18,0.1,0.0,0.0,0.9,0.0,1.2460637817577513
2018-06-19,0.1,0.0,0.0,0.9,0.0009176182707993696,1.2472071926504735
2018-06-20,0.1,0.0,0.0,0.9,-0.0009166836422897839,1.2460638982184247
2018-06-21,0.1,0.0,0.0,0.9,0.0010093800978791868,1.247321650317972
2018-06-22,0.1,0.0,0.0,0.9,-0.00018331805682857418,1.2470929937367956
2018-06-25,0.1,0.0,0.0,0.9,0.0009167770194559833,1.2482362999345782
2018-06-26,0.1,0.0,0.0,0.9,-9.15844102980512e-05,1.2481219809491362
2018-06-27,0.1,0.0,0.0,0.9,0.0015570934256054602,1.2500654234800257
2018-06-28,0.1,0.0,0.0,0.9,-0.0007314843035661434,1.2491510202443192
2018-06-29,0.1,0.0,0.0,0.9,-9.150991357386174e-05,1.249036710542416
2018-07-02,0.1,0.0,0.0,0.9,-0.0006406345332520381,1.248236534492343
2018-07-03,0.1,0.0,0.0,0.9,0.000732675282385209,1.2491510865477358
2018-07-05,0.1,0.0,0.0,0.9,-0.00036603965429584664,1.2486938477158527
2018-07-06,0.1,0.0,0.0,0.9,0.0005492828806834771,1.2493797338696178
2018-07-09,0.1,0.0,0.0,0.9,-0.0009149130832571961,1.248236660005144
2018-07-10,0.1,0.0,0.0,0.9,-0.0006410908720870578,1.2474364268762101
2018-07-11,0.1,0.0,0.0,0.9,0.0008248472505091531,1.248465371383104
2018-07-12,0.1,0.0,0.0,0.9,-0.00036626309899279175,1.248008104587196
2018-07-13,0.1,0.0,0.0,0.9,0.0008244274809160679,1.2490369967650239
2018-07-16,0.1,0.0,0.0,0.9,-0.0008236729713239632,1.2480081987506049
2018-07-17,0.1,0.0,0.0,0.9,-0.0001832061068701707,1.2477795560271696
2018-07-18,0.1,0.0,0.0,0.9,-0.00018324340832749365,1.2475509086484817
2018-07-19,0.1,0.0,0.0,0.9,0.0008247632623968881,1.248579842805905
2018-07-20,0.1,0.0,0.0,0.9,-0.0007324516785350732,1.2476653184042568
2018-07-23,0.1,0.0,0.0,0.9,-0.002015882712278583,1.245150171458176
2018-07-24,0.1,0.0,0.0,0.9,0.00036734693877551463,1.245607573561977
2018-07-25,0.1,0.0,0.0,0.9,9.179926560569651e-05,1.245721919422463
2018-07-26,0.1,0.0,0.0,0.9,-0.0011014788373278073,1.2443497830910237
2018-07-27,0.1,0.0,0.0,0.9,0.0002757071377513576,1.2446928592080813
2018-07-30,0.1,0.0,0.0,0.9,-9.187423438128395e-05,1.2445785040046016
2018-07-31,0.1,0.0,0.0,0.9,0.0005513016845329677,1.2452646422303928
2018-08-01,0.1,0.0,0.0,0.9,-0.0009182736455464413,1.2441211485277017
2018-08-02,0.1,0.0,0.0,0.9,0.0007353692166274906,1.245036036922084
2018-08-03,0.1,0.0,0.0,0.9,0.001010307174201497,1.246293905762326
2018-08-06,0.1,0.0,0.0,0.9,0.00036697247706427575,1.2467512613240737
2018-08-07,0.1,0.0,0.0,0.9,-0.001100468718157799,1.2453792505616628
2018-08-08,0.1,0.0,0.0,0.9,9.181799632727028e-05,1.2454935987891167
2018-08-09,0.1,0.0,0.0,0.9,0.0009180863001120754,1.2466370693990423
2018-08-10,0.1,0.0,0.0,0.9,0.002384591867930297,1.2496097900169918
2018-08-13,0.1,0.0,0.0,0.9,-0.0004573635532066356,1.249038264043308
2018-08-14,0.1,0.0,0.0,0.9,-0.0006406345332520381,1.2482380869980088
2018-08-15,0.1,0.0,0.0,0.9,0.0013737661544724667,1.24995287423465
2018-08-16,0.1,0.0,0.0,0.9,-0.0006401137980086125,1.2491527621529919
2018-08-17,0.1,0.0,0.0,0.9,-9.150991357386174e-05,1.2490384522916866
2018-08-20,0.1,0.0,0.0,0.9,0.001555826723611964,1.250981739694581
2018-08-21,0.1,0.0,0.0,0.9,-0.0007308902649477478,1.2500674093194108
2018-08-22,0.1,0.0,0.0,0.9,0.0006400487656201382,1.2508675134216878
2018-08-23,0.1,0.0,0.0,0.9,-0.0001827411167512616,1.2506389284953774
2018-08-24,0.1,0.0,0.0,0.9,-0.0003655564581641402,1.2501817493582343
2018-08-27,0.1,0.0,0.0,0.9,-0.0006399837464444946,1.2493816533585436
2018-08-28,0.1,0.0,0.0,0.9,-0.0009149130832571961,1.2482385777379044
2018-08-29,0.1,0.0,0.0,0.9,-0.0002747532308944534,1.2478956201557438
2018-08-30,0.1,0.0,0.0,0.9,0.0008245114006514287,1.2489245243213851
2018-08-31,0.1,0.0,0.0,0.9,0.0008237567375166454,1.2499533343129448
2018-09-04,0.1,0.0,0.0,0.9,-0.0012802275960170251,1.248353109560624
2018-09-05,0.1,0.0,0.0,0.9,9.157509157515786e-05,1.24846742761095
2018-09-06,0.1,0.0,0.0,0.9,0.0008240919727336316,1.2494962795962634
2018-09-07,0.1,0.0,0.0,0.9,-0.002287050213457986,1.2466386188632979
2018-09-10,0.1,0.0,0.0,0.9,-9.171507184343453e-05,1.246524283312806
2018-09-11,0.1,0.0,0.0,0.9,-0.001284141867101485,1.2449235692922453
2018-09-12,0.1,0.0,0.0,0.9,0.00027556644213100334,1.2452666284509601
2018-09-13,0.1,0.0,0.0,0.9,-9.182736455466411e-05,1.2451522788983016
2018-09-14,0.1,0.0,0.0,0.9,-0.0010102040816326152,1.2438944209839042
2018-09-17,0.1,0.0,0.0,0.9,-0.00018387986515473466,1.2436656938455068
2018-09-18,0.1,0.0,0.0,0.9,-0.0010115459282722173,1.2424076688767656
2018-09-19,0.1,0.0,0.0,0.9,-0.0008285597381342713,1.241378259903985
2018-09-20,0.1,0.0,0.0,0.9,0.0,1.241378259903985
2018-09-21,0.1,0.0,0.0,0.9,0.00027644107709625667,1.241721427847237
2018-09-24,0.1,0.0,0.0,0.9,-0.00018423746161717603,1.2414926562433348
2018-09-25,0.1,0.0,0.0,0.9,-0.0007371007371008931,1.2405775510913126
2018-09-26,0.1,0.0,0.0,0.9,0.0011065573770491666,1.2419503213322745
2018-09-27,0.1,0.0,0.0,0.9,0.0,1.2419503213322745
2018-09-28,0.1,0.0,0.0,0.9,0.0002762996316005406,1.2422934717485248
2018-10-01,0.1,0.0,0.0,0.9,-0.00036828644501282206,1.2418359519021518
2018-10-02,0.1,0.0,0.0,0.9,0.000552655818237735,1.2425222597662675
2018-10-03,0.1,0.0,0.0,0.9,-0.002669530530837561,1.2392053086585761
2018-10-04,0.1,0.0,0.0,0.9,-0.0009232663110382733,1.2380611921446318
2018-10-05,0.1,0.0,0.0,0.9,-0.0006469500924213723,1.2372602283419507
2018-10-08,0.1,0.0,0.0,0.9,0.0,1.2372602283419507
2018-10-09,0.1,0.0,0.0,0.9,0.00046243962593768285,1.2378323864991327
2018-10-10,0.1,0.0,0.0,0.9,-9.244042728024926e-05,1.2377179607444233
2018-10-11,0.1,0.0,0.0,0.9,0.002218798151001633,1.2404642070671845
2018-10-12,0.1,0.0,0.0,0.9,0.0,1.2404642070671845
2018-10-15,0.1,0.0,0.0,0.9,-0.000737780510298125,1.239549016751488
2018-10-16,0.1,0.0,0.0,0.9,0.0,1.239549016751488
2018-10-17,0.1,0.0,0.0,0.9,-0.000646087580760979,1.2387481595260204
2018-10-18,0.1,0.0,0.0,0.9,0.00036945812807889224,1.2392058251022
2018-10-19,0.1,0.0,0.0,0.9,-0.000830939679934406,1.2381761198105168
2018-10-22,0.1,0.0,0.0,0.9,0.00018482390389151782,1.2384049643546855
2018-10-23,0.1,0.0,0.0,0.9,0.0011087157376040492,1.2397780034281924
2018-10-24,0.1,0.0,0.0,0.9,0.0013841894801600364,1.2414940910982717
2018-10-25,0.1,0.0,0.0,0.9,-0.00036855036855044655,1.2410365379934443
2018-10-26,0.1,0.0,0.0,0.9,0.002120032773453451,1.2436675761270435
2018-10-29,0.1,0.0,0.0,0.9,-0.0003678348830081335,1.2432101118096777
2018-10-30,0.1,0.0,0.0,0.9,-0.0006439742410302651,1.242409516521484
2018-10-31,0.1,0.0,0.0,0.9,-0.001012684124386276,1.2411513481281162
2018-11-01,0.1,0.0,0.0,0.9,0.0006451612903225268,1.24195209093336
2018-11-02,0.1,0.0,0.0,0.9,-0.002210397052803925,1.239206883691837
2018-11-05,0.1,0.0,0.0,0.9,0.00036930652441526937,1.2396645308790848
2018-11-06,0.1,0.0,0.0,0.9,-0.0006460213289581351,1.238863681151384
2018-11-07,0.1,0.0,0.0,0.9,-0.0002770651616213149,1.2385204351853392
2018-11-08,0.1,0.0,0.0,0.9,-0.000831451447341458,1.2374906655769424
2018-11-09,0.1,0.0,0.0,0.9,0.001479502722695969,1.2393215363859742
2018-11-12,0.1,0.0,0.0,0.9,0.0,1.2393215363859742
2018-11-13,0.1,0.0,0.0,0.9,0.0016617088932198154,1.2413809280045456
2018-11-14,0.1,0.0,0.0,0.9,0.0009214702569877887,1.2425248236072937
2018-11-15,0.1,0.0,0.0,0.9,0.0002761583307762994,1.242867957188529
2018-11-16,0.1,0.0,0.0,0.9,0.001564417177914068,1.244812321170634
2018-11-19,0.1,0.0,0.0,0.9,0.0008267837092988728,1.245841511718912
2018-11-20,0.1,0.0,0.0,0.9,-9.178054252501067e-05,1.2457271677090664
2018-11-21,0.1,0.0,0.0,0.9,-0.0005507394186640036,1.2450410966529084
2018-11-23,0.1,0.0,0.0,0.9,0.00027553832023679,1.245384153185306
2018-11-26,0.1,0.0,0.0,0.9,-0.000642725974290892,1.2445837124420835
2018-11-27,0.1,0.0,0.0,0.9,0.0004594180704440731,1.2451554966897598
2018-11-28,0.1,0.0,0.0,0.9,0.0007346938775510293,1.2460703048097768
2018-11-29,0.1,0.0,0.0,0.9,0.0,1.2460703048097768
2018-11-30,0.1,0.0,0.0,0.9,0.0008258564437193527,1.2470993800003312
2018-12-03,0.1,0.0,0.0,0.9,0.00018335540389111671,1.2473280424108433
2018-12-04,0.1,0.0,0.0,0.9,0.001374885426214556,1.2490429755580628
2018-12-06,0.1,0.0,0.0,0.9,0.001555826723611964,1.2509862699983758
2018-12-07,0.1,0.0,0.0,0.9,0.001553141813013914,1.2529292290818166
2018-12-10,0.1,0.0,0.0,0.9,-0.0004560194568302367,1.2523578689753239
2018-12-11,0.1,0.0,0.0,0.9,-0.0010037513940991173,1.251100813018429
2018-12-12,0.1,0.0,0.0,0.9,-0.0005481120584652999,1.2504150695764578
2018-12-13,0.1,0.0,0.0,0.9,0.00018281535649011804,1.250643664653163
2018-12-14,0.1,0.0,0.0,0.9,0.0010052802599512356,1.2519009120414717
2018-12-17,0.1,0.0,0.0,0.9,0.0011867329343745682,1.253386584084365
2018-12-18,0.1,0.0,0.0,0.9,0.0011851701782820358,1.2548720604856807
2018-12-19,0.1,0.0,0.0,0.9,0.00091047040971175,1.256014584364727
2018-12-20,0.1,0.0,0.0,0.9,-0.0005457301667509351,1.25532913931616
2018-12-21,0.1,0.0,0.0,0.9,0.0002730306401052429,1.2556718826346105
2018-12-24,0.1,0.0,0.0,0.9,0.0016376870198139715,1.2577282801779466
2018-12-26,0.1,0.0,0.0,0.9,-0.0013622603430877179,1.2560149268194802
2018-12-27,0.1,0.0,0.0,0.9,0.0020919656392117017,1.2586424668887237
2018-12-28,0.1,0.0,0.0,0.9,0.00045372050816689936,1.259213538788401
2018-12-31,0.1,0.0,0.0,0.9,0.002086062682656342,1.261840337161163
2019-01-02,0.1,0.0,0.0,0.9,0.0004524431932436679,1.2624112482326717
2019-01-03,0.1,0.0,0.0,0.9,0.0039794995477840265,1.267435013224131
2019-01-04,0.1,0.0,0.0,0.9,-0.0036018009004502695,1.262869964652238
2019-01-07,0.1,0.0,0.0,0.9,-0.0010848819688597522,1.2614998997985722
2019-01-08,0.1,0.0,0.0,0.9,-0.0015387709946695916,1.2595587403429835
2019-01-09,0.1,0.0,0.0,0.9,0.00018134193028407353,1.2597871511562635
2019-01-10,0.1,0.0,0.0,0.9,0.0,1.2597871511562635
2019-01-11,0.1,0.0,0.0,0.9,0.0010878323932312695,1.2611575884278678
2019-01-14,0.1,0.0,0.0,0.9,-9.054325955742959e-05,1.261043399108996
2019-01-15,0.1,0.0,0.0,0.9,0.0,1.261043399108996
2019-01-16,0.1,0.0,0.0,0.9,-0.0006338665861757687,1.2602440658345833
2019-01-17,0.1,0.0,0.0,0.9,-0.0008155457108335651,1.2592162791920885
2019-01-18,0.1,0.0,0.0,0.9,-0.001360475662602123,1.2575031460902952
2019-01-22,0.05,0.0,0.07566732316814634,0.8743326768318536,0.0015442067016553152,1.2594449908758405
2019-01-23,0.05,0.0,0.07566732316814634,0.8743326768318536,-0.000624317218529521,1.258658697682246
2019-01-24,0.05,0.0,0.200285673522022,0.7497143264779779,0.0014985265131085789,1.2605448311116778
2019-01-25,0.05,0.0,0.200285673522022,0.7497143264779779,-0.001198281641386578,1.259034343382412
2019-01-28,0.05,0.0,0.200285673522022,0.7497143264779779,0.0003684529936897273,1.2594982383553897
2019-01-29,0.05,0.0,0.26197789268171573,0.6880221073182842,0.0011346013683148116,1.260927266780018
2019-01-30,0.05,0.0,0.32694074958010344,0.6230592504198965,0.0013231772717699434,1.2625956970807763
2019-01-31,0.05,0.0,0.38800882414353277,0.5619911758564672,0.0029454659689850337,1.2663146297391146
2019-02-01,0.05,0.0,0.38800882414353277,0.5619911758564672,-0.001879856538994406,1.2639341399019752
2019-02-04,0.05,0.0,0.38800882414353277,0.5619911758564672,-0.0007421955012689434,1.2629960536694398
2019-02-05,0.05,0.0,0.38800882414353277,0.5619911758564672,0.0009241092300510074,1.2641631999801537
2019-02-06,0.05,0.0,0.38800882414353277,0.5619911758564672,0.00017330400693330305,1.264382284528128
2019-02-07,0.05,0.0,0.38800882414353277,0.5619911758564672,0.0014451110102053067,1.2662094572886082
2019-02-08,0.05,0.0,0.38800882414353277,0.5619911758564672,0.0006105295099825594,1.2669825155281018
2019-02-11,0.05,0.0,0.38800882414353277,0.5619911758564672,-0.0011037161098538801,1.2655841265148102
2019-02-12,0.05,0.0,0.38800882414353277,0.5619911758564672,-0.0005330540381995743,1.26490950178549
2019-02-13,0.05,0.0,0.38800882414353277,0.5619911758564672,-0.0008935056337951818,1.2637792980194036
2019-02-14,0.05,0.05,0.4263677560363857,0.4736322439636143,0.0015840156828729642,1.2657811442471565
2019-02-15,0.05,0.05,0.4263677560363857,0.4736322439636143,-0.000252147864531339,1.2654619802346705
2019-02-19,0.05,0.05,0.4263677560363857,0.4736322439636143,0.0008381683668722752,1.2665226504359828
2019-02-20,0.05,0.12,0.42877874479879574,0.4012212552012044,-0.00012978368945892473,1.2663582764536259
2019-02-21,0.05,0.12,0.42877874479879574,0.4012212552012044,-0.0010108086967057475,1.2650782304946413
2019-02-22,0.05,0.12,0.42877874479879574,0.4012212552012044,0.001404853539453316,1.266855480124437
2019-02-25,0.05,0.12,0.42877874479879574,0.4012212552012044,-0.0002649702826525875,1.2665198010697885
2019-02-26,0.05,0.12,0.42877874479879574,0.4012212552012044,0.001348140107850821,1.2682272472109979
2019-02-27,0.05,0.12,0.4920734807163102,0.33792651928368994,-0.0011899303568307725,1.2667181451101817
2019-02-28,0.05,0.12,0.4920734807163102,0.33792651928368994,-1.7830353919004492e-06,1.2667158865068975
2019-03-01,0.05,0.12,0.5442079729245068,0.28579202707549306,-0.0010247863526176458,1.2654177733537613
2019-03-04,0.05,0.12,0.5442079729245068,0.28579202707549306,0.0009149990634665258,1.2665756294312738
2019-03-05,0.05,0.12,0.5442079729245068,0.28579202707549306,-7.712327237387137e-05,1.266477946974023
2019-03-06,0.05,0.12,0.5442079729245068,0.28579202707549306,0.000839811342123682,1.2675415495184414
2019-03-07,0.05,0.12,0.4774818495440658,0.3525181504559341,0.0015396299778901055,1.2694930944863012
2019-03-08,0.05,0.12,0.4774818495440658,0.3525181504559341,-0.00018534772174216583,1.2692577968334708
2019-03-11,0.05,0.12,0.4774818495440658,0.3525181504559341,-0.0001491399701535153,1.269068499763534
2019-03-12,0.05,0.12,0.4774818495440658,0.3525181504559341,0.0013941808257979154,1.2708378107325284
2019-03-13,0.05,0.12,0.4774818495440658,0.3525181504559341,0.00032636478687320624,1.2712525674437785
2019-03-14,0.05,0.12,0.4774818495440658,0.3525181504559341,-0.00035376605376225456,1.2708028414396588
2019-03-15,0.05,0.12,0.4774818495440658,0.3525181504559341,0.0012354626395508143,1.2723728708724924
2019-03-18,0.05,0.12,0.5370763937115475,0.2929236062884523,-0.00021189839809077781,1.2721032570993804
2019-03-19,0.05,0.12,0.5370763937115475,0.2929236062884523,-0.00012768080860969404,1.271940833926879
2019-03-20,0.05,0.12,0.5370763937115475,0.2929236062884523,0.002372385753270351,1.2749583682402899
2019-03-21,0.05,0.12,0.5370763937115475,0.2929236062884523,0.000342653476806103,1.2753952371579504
2019-03-22,0.05,0.12,0.5370763937115475,0.2929236062884523,0.0025684264773149015,1.2786709960541083
2019-03-25,0.05,0.12,0.5370763937115475,0.2929236062884523,0.001407014185975711,1.280470104284752
2019-03-26,0.05,0.12,0.5370763937115475,0.2929236062884523,0.0004514097302325048,1.281048120949098
2019-03-27,0.05,0.12,0.5370763937115475,0.2929236062884523,0.0010796176888595247,1.2824311631607548
2019-03-28,0.05,0.12,0.5370763937115475,0.2929236062884523,-0.0006369917246405777,1.2816142651224
2019-03-29,0.05,0.12,0.5370763937115475,0.2929236062884523,-0.0007972521176073707,1.2805924954355754
2019-04-01,0.05,0.12,0.5370763937115475,0.2929236062884523,-0.0017318886495951992,1.2783746518279737
2019-04-02,0.05,0.12,0.5370763937115475,0.2929236062884523,0.000777362601620361,1.2793684124731641
2019-04-03,0.05,0.12,0.5370763937115475,0.2929236062884523,-0.000679107130903584,1.2784995842612008
2019-04-04,0.05,0.12,0.5370763937115475,0.2929236062884523,0.0002710848163252477,1.278846166086172
2019-04-05,0.05,0.12,0.5370763937115475,0.2929236062884523,0.00049190685096952,1.2794752392766058
2019-04-08,0.05,0.12,0.5370763937115475,0.2929236062884523,-0.0003106561624618076,1.2790777624088072
2019-04-09,0.05,0.12,0.5370763937115475,0.2929236062884523,0.0007358496616143558,1.2800189713474541
2019-04-10,0.05,0.12,0.5370763937115475,0.2929236062884523,0.0009835435006605474,1.2812779256874454
2019-04-11,0.05,0.12,0.5370763937115475,0.2929236062884523,-0.0004238455748960382,1.2807348617084306
2019-04-12,0.05,0.12,0.6019829900517533,0.2280170099482467,-0.0010999303211102686,1.2793261426007347
2019-04-15,0.05,0.12,0.6019829900517533,0.2280170099482467,0.00022407665145180513,1.2796128097188835
2019-04-16,0.05,0.12,0.6019829900517533,0.2280170099482467,-0.0009397455262098937,1.2784102993056692
2019-04-17,0.05,0.12,0.6019829900517533,0.2280170099482467,6.939175482117762e-05,1.2784990104397194
2019-04-18,0.05,0.12,0.6019829900517533,0.2280170099482467,0.0008572815564603461,1.279595044061322
2019-04-22,0.05,0.12,0.6019829900517533,0.2280170099482467,-0.0009333181674518362,1.2784007747597184
2019-04-23,0.05,0.12,0.6019829900517533,0.2280170099482467,0.000979855242849187,1.2796534224613292
2019-04-24,0.05,0.12,0.6019829900517533,0.2280170099482467,0.0016487625235132386,1.2817632670673689
2019-04-25,0.05,0.12,0.6019829900517533,0.2280170099482467,-0.0005773512850697879,1.2810232393979724
2019-04-26,0.05,0.12,0.6019829900517533,0.2280170099482467,0.0012930011744456602,1.282679603951006
2019-04-29,0.05,0.12,0.6019829900517533,0.2280170099482467,-0.0007252387809342303,1.2817493549587073
2019-04-30,0.05,0.12,0.6019829900517533,0.2280170099482467,0.0010578027132947475,1.2831051929041466
2019-05-01,0.05,0.12,0.6019829900517533,0.2280170099482467,-0.0004324083331393461,1.2825503675264405
2019-05-02,0.05,0.12,0.6019829900517533,0.2280170099482467,-0.00201230347996091,1.2799694869586418
2019-05-03,0.05,0.12,0.6019829900517533,0.2280170099482467,0.0007904866276934034,1.280981285721938
2019-05-06,0.05,0.12,0.5461596649647942,0.2838403350352058,0.0006998904821457139,1.2818778323316218
2019-05-07,0.05,0.12,0.5461596649647942,0.2838403350352058,0.0010766733850011427,1.2832579960765162
2019-05-08,0.05,0.12,0.5461596649647942,0.2838403350352058,-0.00104726256811638,1.2819140880119893
2019-05-09,0.05,0.12,0.5461596649647942,0.2838403350352058,0.00020743213496801692,1.2821799981881112
2019-05-10,0.05,0.12,0.5461596649647942,0.2838403350352058,2.0456815754532075e-05,1.2822062275080983
2019-05-13,0.05,0.12,0.5461596649647942,0.2838403350352058,0.0009078105470162361,1.28337022784488
2019-05-14,0.05,0.12,0.5461596649647942,0.2838403350352058,-0.0002421814644343608,1.283059419363689
2019-05-15,0.05,0.12,0.5461596649647942,0.2838403350352058,0.0011869287515911715,1.2845823194785315
2019-05-16,0.05,0.12,0.5461596649647942,0.2838403350352058,-0.0006336350201510347,1.283768363134643
2019-05-17,0.05,0.12,0.5461596649647942,0.2838403350352058,8.604981292532989e-05,1.2838788311621303
2019-05-20,0.05,0.12,0.5461596649647942,0.2838403350352058,-0.000876700731708193,1.282753253651426
2019-05-21,0.05,0.12,0.5461596649647942,0.2838403350352058,-0.0004915701605958152,1.2821226904285237
2019-05-22,0.05,0.12,0.5461596649647942,0.2838403350352058,0.0008331995468205245,1.283190954473157
2019-05-23,0.05,0.12,0.48203251222094656,0.34796748777905334,0.0022419927563103663,1.2860678592980488
2019-05-24,0.05,0.12,0.48203251222094656,0.34796748777905334,-0.0011661726765544583,1.2845680821003405
2019-05-28,0.05,0.12,0.48203251222094656,0.34796748777905334,0.0015558407210348284,1.2865666654314136
2019-05-29,0.05,0.08069877757466751,0.4710655151084901,0.3982357073168424,9.772826249909543e-05,1.2866923993562154
2019-05-30,0.05,0.08069877757466751,0.4710655151084901,0.3982357073168424,0.0004698721066670668,1.2872969802245335
2019-05-31,0.05,0.08069877757466751,0.4710655151084901,0.3982357073168424,0.0027223514087818456,1.2908014549721682
2019-06-03,0.05,0.08069877757466751,0.4710655151084901,0.3982357073168424,0.0024391203389465517,1.2939498750545326
2019-06-04,0.05,0.08069877757466751,0.4710655151084901,0.3982357073168424,-0.0007799274355708594,1.292940688046724
2019-06-05,0.05,0.08069877757466751,0.4710655151084901,0.3982357073168424,0.0008396585734829483,1.2940263167804473
2019-06-06,0.05,0.08069877757466751,0.4710655151084901,0.3982357073168424,-0.0004141314848044586,1.2934904197405028
2019-06-07,0.05,0.08069877757466751,0.4710655151084901,0.3982357073168424,0.0015033387976717977,1.2954349740729154
2019-06-10,0.05,0.12,0.5085979408754961,0.3214020591245038,-0.001259799057964077,1.2938029863129248
2019-06-11,0.05,0.12,0.5085979408754961,0.3214020591245038,0.000143893640255541,1.2939891563343988
2019-06-12,0.05,0.12,0.5085979408754961,0.3214020591245038,0.0005812642199423832,1.2947413059319692
2019-06-13,0.05,0.12,0.5085979408754961,0.3214020591245038,0.0015897082682229616,1.2967995668912191
2019-06-14,0.05,0.12,0.5085979408754961,0.3214020591245038,-0.0005023772583743598,1.2961480842801434
2019-06-17,0.05,0.12,0.5085979408754961,0.3214020591245038,-1.7950588308532833e-05,1.2961248176594955
2019-06-18,0.05,0.12,0.5688780433288503,0.2611219566711496,0.0012854332111728408,1.2977908995459404
2019-06-19,0.05,0.12,0.5688780433288503,0.2611219566711496,0.002176069964995025,1.3006149833432863
2019-06-20,0.05,0.12,0.5688780433288503,0.2611219566711496,0.0020479798808253893,1.3032786166618733
2019-06-21,0.05,0.12,0.5688780433288503,0.2611219566711496,-0.001411735600113175,1.3014387318418654
2019-06-24,0.05,0.12,0.5688780433288503,0.2611219566711496,0.0019982865960596575,1.304039379415298
2019-06-25,0.05,0.12,0.5688780433288503,0.2611219566711496,0.0003069962567127413,1.3044397146233846
2019-06-26,0.05,0.12,0.5688780433288503,0.2611219566711496,-0.001906252387166627,1.301953123303469
2019-06-27,0.05,0.12,0.5688780433288503,0.2611219566711496,0.001475016801484448,1.3038735260350869
2019-06-28,0.05,0.12,0.5688780433288503,0.2611219566711496,0.0006471494728588942,1.304717327100135
2019-07-01,0.05,0.12,0.5688780433288503,0.2611219566711496,0.00011984596290559195,1.304873692204521
2019-07-02,0.05,0.12,0.5688780433288503,0.2611219566711496,0.0016629397031500837,1.307043618474884
2019-07-03,0.05,0.12,0.5688780433288503,0.2611219566711496,0.0005567450415876513,1.3077713085286087
2019-07-05,0.05,0.12,0.5688780433288503,0.2611219566711496,-0.00326334549009593,1.303503598926845
2019-07-08,0.05,0.12,0.5688780433288503,0.2611219566711496,-8.270972823947619e-05,1.3033957864984187
2019-07-09,0.05,0.12,0.5688780433288503,0.2611219566711496,-0.0011659755222881117,1.301876058915508
2019-07-10,0.05,0.12,0.5688780433288503,0.2611219566711496,0.0011540308434913023,1.3033784640418993
2019-07-11,0.05,0.12,0.5688780433288503,0.2611219566711496,-0.0014098801256785332,1.3015408566492093
2019-07-12,0.05,0.12,0.5688780433288503,0.2611219566711496,0.00045877920895247997,1.3021379765338421
2019-07-15,0.05,0.12,0.5688780433288503,0.2611219566711496,0.00042515681453254953,1.302691589368027
2019-07-16,0.05,0.12,0.5688780433288503,0.2611219566711496,-0.0009796750062231105,1.3014153749771062
2019-07-17,0.05,0.12,0.5688780433288503,0.2611219566711496,0.0014021301396719957,1.3032401286985942
2019-07-18,0.05,0.12,0.5688780433288503,0.2611219566711496,0.0009073449788495232,1.304422617085604
2019-07-19,0.05,0.12,0.5688780433288503,0.2611219566711496,-0.0004004401425288791,1.3039002739069003
2019-07-22,0.05,0.12,0.5688780433288503,0.2611219566711496,0.00029468880131673967,1.3042845187156544
2019-07-23,0.05,0.12,0.5688780433288503,0.2611219566711496,-0.0004429737811285548,1.3037067548707315
2019-07-24,0.05,0.12,0.5688780433288503,0.2611219566711496,0.0007273632738105074,1.3046550232840433
2019-07-25,0.05,0.12,0.5688780433288503,0.2611219566711496,-0.0006303512634885655,1.3038326323416995
2019-07-26,0.05,0.12,0.5688780433288503,0.2611219566711496,-0.00010589099769227644,1.303694568203437
2019-07-29,0.05,0.12,0.5688780433288503,0.2611219566711496,0.0008803392474783683,1.3048422616985509
2019-07-30,0.05,0.12,0.5688780433288503,0.2611219566711496,-0.0005500197870525014,1.3041245726356343
2019-07-31,0.05,0.12,0.5688780433288503,0.2611219566711496,0.00028245583901835927,1.3044929302359827
2019-08-01,0.05,0.12,0.5688780433288503,0.2611219566711496,0.004423173649770569,1.3102629289913146
2019-08-02,0.05,0.12,0.5040718234507122,0.32592817654928763,-0.0002468661560327865,1.3099394694186424
2019-08-05,0.05,0.10056111667983363,0.46818497865352265,0.3812539046666438,0.002420980135628659,1.3131108068529809
2019-08-06,0.05,0.10056111667983363,0.46818497865352265,0.3812539046666438,-0.00040778920623479756,1.312575334439356
2019-08-07,0.05,0.10056111667983363,0.46818497865352265,0.3812539046666438,0.0008974791059121702,1.313753343376951
2019-08-08,0.05,0.10056111667983363,0.46818497865352265,0.3812539046666438,-0.0004773895616383073,1.3131261712442555
2019-08-09,0.05,0.10056111667983363,0.46818497865352265,0.3812539046666438,-0.0007065480027239905,1.3121983845706382
2019-08-12,0.05,0.10056111667983363,0.46818497865352265,0.3812539046666438,0.0022604575926983873,1.3151645533721674
2019-08-13,0.05,0.10056111667983363,0.46818497865352265,0.3812539046666438,-0.0020995139955752263,1.3124033469858782
2019-08-14,0.05,0.10056111667983363,0.46818497865352265,0.3812539046666438,0.001823467861427118,1.3147964723103363
2019-08-15,0.05,0.10056111667983363,0.46818497865352265,0.3812539046666438,0.001699547656538738,1.3170310315736766
2019-08-16,0.05,0.10056111667983363,0.46818497865352265,0.3812539046666438,0.0003777883491754662,1.317528590552908
2019-08-19,0.05,0.10056111667983363,0.46818497865352265,0.3812539046666438,-0.0013429633691447005,1.3157591979179946
2019-08-20,0.05,0.10056111667983363,0.46818497865352265,0.3812539046666438,0.0013478856922758352,1.3175326909153484
2019-08-21,0.05,0.10056111667983363,0.46818497865352265,0.3812539046666438,-0.0004405488566651835,1.3169522533947466
2019-08-22,0.05,0.12,0.49903464178350754,0.3309653582164925,-0.000545012513869629,1.3162344979364777
2019-08-23,0.05,0.12,0.49903464178350754,0.3309653582164925,0.0023250989009740222,1.3192948733210539
2019-08-26,0.05,0.12,0.49903464178350754,0.3309653582164925,-0.0005684693898813707,1.3185448945693434
2019-08-27,0.05,0.12,0.49903464178350754,0.3309653582164925,0.0014461159376233028,1.320451663355852
2019-08-28,0.05,0.12,0.49903464178350754,0.3309653582164925,0.0005675322698890001,1.3212010622856352
2019-08-29,0.05,0.12,0.49903464178350754,0.3309653582164925,-0.0011521982361255437,1.3196787767521025
2019-08-30,0.05,0.12,0.49903464178350754,0.3309653582164925,0.0005957399364199341,1.3204649621026596
2019-09-03,0.05,0.12,0.49903464178350754,0.3309653582164925,0.0014100165583715376,1.3223268395639738
2019-09-04,0.05,0.12,0.49903464178350754,0.3309653582164925,0.0007370685740344948,1.3233014851220186
2019-09-05,0.05,0.12,0.49903464178350754,0.3309653582164925,-0.0032118291573089933,1.3190512668281935
2019-09-06,0.05,0.12,0.49903464178350754,0.3309653582164925,0.000495949600263478,1.319705449776704
2019-09-09,0.05,0.12,0.49903464178350754,0.3309653582164925,-0.0017946389435074164,1.3173370549825758
2019-09-10,0.05,0.12,0.49903464178350754,0.3309653582164925,-0.002607939199484913,1.3139015200379527
2019-09-11,0.05,0.12,0.49903464178350754,0.3309653582164925,-0.0008734487635848881,1.3127538943798032
2019-09-12,0.05,0.12,0.5643500215056292,0.26564997849437083,-0.0015344299518261818,1.3107395654848903
2019-09-13,0.05,0.12,0.5643500215056292,0.26564997849437083,-0.003105485676336224,1.3066690825388698
2019-09-16,0.05,0.12,0.5643500215056292,0.26564997849437083,0.0017798705970421623,1.308994784418945
2019-09-17,0.05,0.12,0.5643500215056292,0.26564997849437083,0.0009772439677568083,1.3102739916758435
2019-09-18,0.05,0.12,0.5643500215056292,0.26564997849437083,0.00044572429726996585,1.3108580126300142
2019-09-19,0.05,0.12,0.5643500215056292,0.26564997849437083,0.0004828716668346113,1.3114909888235564
2019-09-20,0.05,0.12,0.5643500215056292,0.26564997849437083,0.0008480353454048092,1.3126031795372586
2019-09-23,0.05,0.12,0.5643500215056292,0.26564997849437083,0.0015387890131476891,1.3146229988885534
2019-09-24,0.05,0.12,0.5643500215056292,0.26564997849437083,0.0019631744554391983,1.317203833178504
2019-09-25,0.05,0.12,0.5095838809229853,0.3204161190770146,-0.003369710723624418,1.3127652372966432
2019-09-26,0.05,0.12,0.5095838809229853,0.3204161190770146,0.0011474123972861057,1.3142715204046436
2019-09-27,0.05,0.12,0.5095838809229853,0.3204161190770146,0.0005155599351972749,1.314949106144535
2019-09-30,0.05,0.12,0.5095838809229853,0.3204161190770146,0.00014014718651158913,1.3151333925621673
2019-10-01,0.05,0.12,0.5095838809229853,0.3204161190770146,0.0013870095738848578,1.3169574951685867
2019-10-02,0.05,0.12,0.5095838809229853,0.3204161190770146,0.001029434511838057,1.318313216664737
2019-10-03,0.05,0.11351207659430086,0.440120992613086,0.3963669307926131,0.002168766669259103,1.3211723304286833
2019-10-04,0.05,0.11351207659430086,0.440120992613086,0.3963669307926131,0.0006414829203291957,1.3220198399134648
2019-10-07,0.05,0.11351207659430086,0.440120992613086,0.3963669307926131,-0.001617076493325858,1.3198820327066303
2019-10-08,0.05,0.11351207659430086,0.440120992613086,0.3963669307926131,0.00037576004921065166,1.3203779916441925
2019-10-09,0.05,0.11351207659430086,0.440120992613086,0.3963669307926131,-0.001331156392117767,1.3186203620406036
2019-10-10,0.05,0.11351207659430086,0.440120992613086,0.3963669307926131,-0.0019628620383245034,1.3160320921889923
2019-10-11,0.05,0.12,0.505070225305229,0.32492977469477097,-0.0024754213094982866,1.3127743583040041
2019-10-14,0.05,0.12,0.505070225305229,0.32492977469477097,0.0,1.3127743583040041
2019-10-15,0.05,0.12,0.505070225305229,0.32492977469477097,3.1653809829183046e-05,1.3128159126138907
2019-10-16,0.05,0.12,0.505070225305229,0.32492977469477097,0.0010962263144428503,1.3142550559633175
2019-10-17,0.05,0.12,0.505070225305229,0.32492977469477097,5.716813626636426e-07,1.3142558072984387
2019-10-18,0.05,0.12,0.505070225305229,0.32492977469477097,0.0006246780689078944,1.315076794078193
2019-10-21,0.05,0.12,0.505070225305229,0.32492977469477097,-0.001121516630683873,1.313601913583008
2019-10-22,0.05,0.12,0.505070225305229,0.32492977469477097,0.000798562340645015,1.3146509066017946
2019-10-23,0.05,0.12,0.505070225305229,0.32492977469477097,0.00023845914344376994,1.3149643971309104
2019-10-24,0.05,0.12,0.505070225305229,0.32492977469477097,-8.440253510018131e-05,1.314853410802226
2019-10-25,0.05,0.12,0.5672865186628486,0.2627134813371513,-0.0009165580985447698,1.313648271260156
2019-10-28,0.05,0.12,0.5672865186628486,0.2627134813371513,-0.0010473922264134965,1.3122723662725966
2019-10-29,0.05,0.12,0.6230298951155848,0.20697010488441528,0.0004735591105202783,1.312893804807129
2019-10-30,0.05,0.12,0.6230298951155848,0.20697010488441528,0.0003947209413723463,1.3134120314856845
2019-10-31,0.05,0.12,0.6230298951155848,0.20697010488441528,0.0030603706257446607,1.3174315590863428
2019-11-01,0.05,0.12,0.6230298951155848,0.20697010488441528,-0.0007933085250658385,1.3163864293993288
2019-11-04,0.05,0.12,0.6230298951155848,0.20697010488441528,-0.0011729114035179764,1.31484242474485
2019-11-05,0.05,0.12,0.6787375406672094,0.15126245933279056,-0.0020991361990952313,1.312082391414962
2019-11-06,0.05,0.12,0.6787375406672094,0.15126245933279056,0.0014781461527516165,1.314021840953925
2019-11-07,0.05,0.12,0.6787375406672094,0.15126245933279056,-0.0030415030735278384,1.310025239485981
2019-11-08,0.05,0.12,0.6787375406672094,0.15126245933279056,-0.00010577864838392514,1.3098866667867994
2019-11-11,0.05,0.12,0.6787375406672094,0.15126245933279056,0.0,1.3098866667867994
2019-11-12,0.05,0.12,0.6787375406672094,0.15126245933279056,0.0005448042809449808,1.3106002986504177
2019-11-13,0.05,0.12,0.6787375406672094,0.15126245933279056,0.001009373275440625,1.3119231835666598
2019-11-14,0.05,0.12,0.6787375406672094,0.15126245933279056,0.0013741996592418822,1.3137260279584686
2019-11-15,0.05,0.12,0.6787375406672094,0.15126245933279056,-0.0006519979746550647,1.312869481248988
2019-11-18,0.05,0.12,0.6787375406672094,0.15126245933279056,0.0008003017444592959,1.3139201729850791
2019-11-19,0.05,0.12,0.6787375406672094,0.15126245933279056,0.0001564869681495993,1.3141257843693401
2019-11-20,0.05,0.12,0.6787375406672094,0.15126245933279056,0.0008198996170189232,1.3152032355966594
2019-11-21,0.05,0.12,0.6787375406672094,0.15126245933279056,-0.0013548685581912976,1.313421308085118
2019-11-22,0.05,0.12,0.6787375406672094,0.15126245933279056,-0.00014156380771476176,1.3132353751636117
2019-11-25,0.05,0.12,0.6787375406672094,0.15126245933279056,0.0007317023205787093,1.3141962725350849
2019-11-26,0.05,0.12,0.6787375406672094,0.15126245933279056,0.0011025998930813059,1.31564530520467
2019-11-27,0.05,0.12,0.6787375406672094,0.15126245933279056,-0.0008777289408092295,1.314490525244452
2019-11-29,0.05,0.12,0.6787375406672094,0.15126245933279056,-3.5280282242258205e-05,1.3144441496477166
2019-12-02,0.05,0.12,0.7418333204947545,0.08816667950524555,-0.0013474669259533564,1.3126729796300534
2019-12-03,0.05,0.12,0.655880099222381,0.17411990077761882,0.0035394037215118125,1.3173190592592838
2019-12-04,0.05,0.12,0.655880099222381,0.17411990077761882,-0.0016372438922261688,1.3151622866753985
2019-12-05,0.05,0.12,0.655880099222381,0.17411990077761882,-3.263697522615884e-05,1.3151193637564298
2019-12-06,0.05,0.12,0.7097185658689202,0.12028143413107978,-0.000885042639554917,1.313955427043401
2019-12-09,0.05,0.12,0.7097185658689202,0.12028143413107978,0.00030670458282795315,1.314358423194507
2019-12-10,0.05,0.12,0.7097185658689202,0.12028143413107978,-8.891541470450268e-05,1.3142415564702383
2019-12-11,0.05,0.12,0.7097185658689202,0.12028143413107978,0.0014913907534123381,1.3162016041753084
2019-12-12,0.05,0.12,0.7799999999999998,0.05,-0.002524224431512235,1.3128792159292535
2019-12-13,0.05,0.12,0.7799999999999998,0.05,0.0030809828398199227,1.3169241742642879
2019-12-16,0.05,0.12,0.7799999999999998,0.05,-0.0015587799720757983,1.3148713792367024
2019-12-17,0.05,0.12,0.7799999999999998,0.05,0.0005507041522730137,1.3155954843649529
2019-12-18,0.05,0.12,0.8299999999999998,0.0,-0.00037481157731223064,1.3151023839463531
2019-12-19,0.05,0.12,0.8299999999999998,0.0,0.0007821859508446781,1.3161310385549985
2019-12-20,0.05,0.12,0.8299999999999998,0.0,-0.0002262954676856887,1.315833204066093
2019-12-23,0.05,0.12,0.8299999999999998,0.0,-0.0006694671741911683,1.31495229692926
2019-12-24,0.05,0.12,0.8299999999999998,0.0,0.0008732663797225635,1.3161006005611073
2019-12-26,0.05,0.12,0.7799999999999998,0.05,0.00024953326805845935,1.3164290114450592
2019-12-27,0.05,0.12,0.7799999999999998,0.05,0.001363212757457592,1.3182235842677485
2019-12-30,0.05,0.12,0.7799999999999998,0.05,-0.00033727424876956895,1.3177789813986542
2019-12-31,0.05,0.12,0.7799999999999998,0.05,0.00018843372287980384,1.318027295398052
2020-01-02,0.05,0.12,0.7799999999999998,0.05,0.0005637076823404774,1.3187702775100023
2020-01-03,0.05,0.12,0.7799999999999998,0.05,0.0023332425121774065,1.3218472883852845
2020-01-06,0.05,0.12,0.7799999999999998,0.05,-0.0009732571804194997,1.3205607910204455
2020-01-07,0.05,0.12,0.7799999999999998,0.05,-0.00041384969865612345,1.3200142773350247
2020-01-08,0.05,0.12,0.7799999999999998,0.05,-0.00126686187875055,1.3183420015676626
2020-01-09,0.05,0.12,0.7799999999999998,0.05,0.000786834167849739,1.3193793180994073
2020-01-10,0.05,0.12,0.7799999999999998,0.05,0.0010469444352419496,1.3207606349344647
2020-01-13,0.05,0.12,0.7799999999999998,0.05,-0.0005307807235364158,1.3200596006490357
2020-01-14,0.05,0.12,0.7799999999999998,0.05,0.0006170193068985584,1.320874102908893
2020-01-15,0.05,0.12,0.708451015559306,0.12154898444069395,0.000809557565923644,1.3219434265325356
2020-01-16,0.05,0.12,0.708451015559306,0.12154898444069395,-0.00032907021251149976,1.3215084143282383
2020-01-17,0.05,0.12,0.708451015559306,0.12154898444069395,-0.00014982962123678175,1.3213104132230582
2020-01-21,0.05,0.12,0.708451015559306,0.12154898444069395,0.0017513794952455823,1.3236245291876314
2020-01-22,0.05,0.12,0.708451015559306,0.12154898444069395,0.00016704238015373751,1.3238456305794166
2020-01-23,0.05,0.12,0.708451015559306,0.12154898444069395,0.00018781789916272193,1.324094272484568
2020-01-24,0.05,0.12,0.653286034556815,0.17671396544318488,0.001281304892567277,1.3257908409541226
2020-01-27,0.05,0.12,0.653286034556815,0.17671396544318488,0.00041070742097102677,1.3263353530911577
2020-01-28,0.05,0.12,0.653286034556815,0.17671396544318488,-0.0003674308673020955,1.325848016542038
2020-01-29,0.05,0.12,0.653286034556815,0.17671396544318488,0.0017920254873883858,1.3282239699800849
2020-01-30,0.05,0.12,0.653286034556815,0.17671396544318488,0.00042742635474927006,1.328791687909864
2020-01-31,0.05,0.12,0.5942341773559927,0.23576582264400744,0.0011583690680678634,1.3303309190990444
2020-02-03,0.05,0.12,0.5942341773559927,0.23576582264400744,-0.00024700161871150434,1.330002325208605
2020-02-04,0.05,0.12,0.5942341773559927,0.23576582264400744,-0.002033668374186204,1.3272975415422343
2020-02-05,0.05,0.12,0.6717555918090504,0.15824440819094948,-0.0005366568418035374,1.3265852382354568
2020-02-06,0.05,0.12,0.6717555918090504,0.15824440819094948,0.00041863047162639145,1.327140587239392
2020-02-07,0.05,0.12,0.6717555918090504,0.15824440819094948,0.0017931065815708813,1.3295202917610407
2020-02-10,0.05,0.12,0.6717555918090504,0.15824440819094948,0.0008542922526980146,1.330656090646097
2020-02-11,0.05,0.12,0.6717555918090504,0.15824440819094948,-0.0008928371355076715,1.3294680314737786
2020-02-12,0.05,0.12,0.6717555918090504,0.15824440819094948,-0.0007888941052209871,1.3284192219806692
2020-02-13,0.05,0.12,0.6717555918090504,0.15824440819094948,0.00024051959012350282,1.3287387328274523
2020-02-14,0.05,0.12,0.6717555918090504,0.15824440819094948,0.0009150594684404175,1.3299546077860096
2020-02-18,0.05,0.12,0.6717555918090504,0.15824440819094948,0.0005372209490818968,1.3306690872626403
2020-02-19,0.05,0.12,0.6717555918090504,0.15824440819094948,-0.00039091973456669056,1.3301489024562514
2020-02-20,0.05,0.12,0.6717555918090504,0.15824440819094948,0.0008808952223845129,1.331320624269485
2020-02-21,0.05,0.12,0.6717555918090504,0.15824440819094948,0.0011959871620887423,1.3329128666447354
2020-02-24,0.05,0.12,0.5675871170239797,0.2624128829760201,0.0009286291118201734,1.3341506483362215
2020-02-25,0.05,0.12,0.5675871170239797,0.2624128829760201,0.0007370305093623297,1.335133958068131
2020-02-26,0.05,0.12,0.5067201903842141,0.3232798096157858,0.00022655676273690797,1.335436441695491
2020-02-27,0.05,0.0,0.5243896336288262,0.42561036637117367,-0.001686525809587106,1.3331841936695084
2020-02-28,0.05,0.0,0.5243896336288262,0.42561036637117367,0.004943224007488542,1.3397744217820597
2020-03-02,0.05,0.0,0.46763200877297434,0.4823679912270256,0.0014234256797231158,1.3416814910990607
2020-03-03,0.05,0.0,0.46763200877297434,0.4823679912270256,0.003169017617137641,1.345933303380941
2020-03-04,0.05,0.0,0.46763200877297434,0.4823679912270256,0.0022302471333700306,1.3489350672725136
2020-03-05,0.05,0.0,0.46763200877297434,0.4823679912270256,0.0013947004671413814,1.3508164276409818
2020-03-06,0.05,0.0,0.46763200877297434,0.4823679912270256,0.002319190138118796,1.3539492277783756
2020-03-09,0.05,0.0,0.30985422265484236,0.6401457773451577,-0.002715154342573837,1.3502730466529487
2020-03-10,0.05,0.0,0.228172717729554,0.721827282270446,-0.007696363543294147,1.3398808544031962
2020-03-11,0.05,0.0,0.14818484254724695,0.8018151574527531,-0.0030802264984752695,1.3357537178906638
2020-03-12,0.05,0.0,0.0,0.95,-0.0018668065676881692,1.3332601240772917
2020-03-13,0.05,0.0,0.0,0.95,-0.0023299688708612485,1.330153669491431
2020-03-16,0.05,0.0,0.0,0.95,0.007366430260047207,1.3399521537328856
2020-03-17,0.05,0.0,0.0,0.95,-0.00632917331331509,1.3314713643203604
2020-03-18,0.05,0.0,0.0,0.95,-0.0066408464009067684,1.3226292675027032
2020-03-19,0.05,0.0,0.0,0.95,0.005151255707762481,1.3294424690661801
2020-03-20,0.05,0.0,0.0,0.95,0.004853817768947033,1.3358953405453264
2020-03-23,0.05,0.0,0.0,0.95,0.0053657158994633415,1.3430633754141095
2020-03-24,0.05,0.0,0.0,0.95,-0.0027567162781990673,1.3393609307444525
2020-03-25,0.05,0.0,0.0,0.95,0.0,1.3393609307444525
2020-03-26,0.05,0.0,0.0,0.95,0.002318813368381578,1.3424666587757508
2020-03-27,0.05,0.0,0.0,0.95,0.0016903914590747802,1.3447359529498377
2020-03-30,0.05,0.0,0.0,0.95,0.0016873889875665736,1.3470050455880302
2020-03-31,0.05,0.0,0.0,0.95,-0.00017730496453892685,1.3467662149061885
2020-04-01,0.05,0.0,0.0,0.95,0.0005320141870449047,1.3474827136391514
2020-04-02,0.05,0.0,0.0,0.95,-0.0002658582089552497,1.3471244742983053
2020-04-03,0.05,0.0,0.0,0.95,0.0005318652608006569,1.347840963008159
2020-04-06,0.05,0.0,0.0,0.95,-0.002746432901240381,1.3441392082417138
2020-04-07,0.05,0.0,0.0,0.95,-0.0010662177328843946,1.3427060631824212
2020-04-08,0.05,0.0,0.0,0.95,-0.00017790262172283632,1.342467192253578
2020-04-09,0.05,0.0,0.0,0.95,0.0019572953736653686,1.3450947970782734
2020-04-13,0.05,0.0,0.0,0.95,-0.0008878504672896248,1.3439005540341384
2020-04-14,0.05,0.0,0.0,0.95,0.0003554724041158752,1.3443782735949736
2020-04-15,0.05,0.0,0.0,0.95,0.002665045820086087,1.3479611032936325
2020-04-16,0.05,0.0,0.08193128192530288,0.8680687180746971,8.858634837755064e-05,1.348080514245528
2020-04-17,0.05,0.0,0.08193128192530288,0.8680687180746971,-0.0009633725114617768,1.3467818105348668
2020-04-20,0.05,0.0,0.1427599655310813,0.8072400344689187,0.00035779279238021565,1.347263679359585
2020-04-21,0.05,0.0,0.1427599655310813,0.8072400344689187,0.000554006672018598,1.3480100724269186
2020-04-22,0.05,0.0,0.1427599655310813,0.8072400344689187,-0.000971896951539222,1.3466999455468827
2020-04-23,0.05,0.0,0.1427599655310813,0.8072400344689187,-1.933330007826756e-05,1.34667390939272
2020-04-24,0.05,0.0,0.05,0.8999999999999999,0.000356468600934076,1.3471539563571158
2020-04-27,0.05,0.0,0.0,0.95,-0.0016583651047431367,1.3449198832451765
2020-04-28,0.05,0.0,0.0,0.95,0.001243339253996434,1.3465920749294955
2020-04-29,0.05,0.0,0.0,0.95,-8.869386611894958e-05,1.3464726404722849
2020-04-30,0.05,0.0,0.1824164631108632,0.7675835368891366,-0.0005322128851539543,1.3457560303835183
2020-05-01,0.05,0.0,0.1824164631108632,0.7675835368891366,-0.0009607393355570142,1.3444631096290658
2020-05-04,0.05,0.0,0.1824164631108632,0.7675835368891366,0.00043066216769542916,1.3450421190262454
2020-05-05,0.05,0.0,0.1824164631108632,0.7675835368891366,-0.0002889794772822139,1.3446534294577666
2020-05-06,0.05,0.0,0.1824164631108632,0.7675835368891366,-0.000765776465276562,1.3436237255075345
2020-05-07,0.05,0.0,0.1824164631108632,0.7675835368891366,0.0026624894353369025,1.3472011094817662
2020-05-08,0.05,0.0,0.08743873648914544,0.8625612635108545,-0.0015285770609830098,1.3451418087692815
2020-05-11,0.05,0.0,0.08743873648914544,0.8625612635108545,-0.0014566931612943726,1.343182349895476
2020-05-12,0.05,0.0,0.08743873648914544,0.8625612635108545,0.001233531906790734,1.3448392081807101
2020-05-13,0.05,0.0,0.08743873648914544,0.8625612635108545,0.0008341958017190694,1.3459610674021616
2020-05-14,0.05,0.0,0.08743873648914544,0.8625612635108545,0.0005333829765649276,1.346678980122633
2020-05-15,0.05,0.0,0.08743873648914544,0.8625612635108545,-0.00039419991186113654,1.3461481193873635
2020-05-18,0.05,0.0,0.08743873648914544,0.8625612635108545,-0.002344156773729187,1.3429925371548588
2020-05-19,0.05,0.0,0.08743873648914544,0.8625612635108545,0.00112453929455031,1.3445027850351772
2020-05-20,0.05,0.0,0.16672929858231025,0.7832707014176896,0.0009446436031464261,1.345772860990473
2020-05-21,0.05,0.0,0.16672929858231025,0.7832707014176896,0.0001952177739913846,1.3460355797726937
2020-05-22,0.05,0.0,0.23030092449493897,0.7196990755050611,0.00015764873163983767,1.3462477805745872
2020-05-26,0.05,0.0,0.23030092449493897,0.7196990755050611,-0.000298936084124361,1.345845338534801
2020-05-27,0.05,0.0,0.23030092449493897,0.7196990755050611,0.0006387783597926061,1.3467050354126848
2020-05-28,0.05,0.0,0.23030092449493897,0.7196990755050611,-0.00014124753478286014,1.3465148166463532
2020-05-29,0.05,0.0,0.23030092449493897,0.7196990755050611,0.0016604405705711678,1.348750624476788
2020-06-01,0.05,0.0,0.28683103222591294,0.6631689677740872,0.0007085017120079725,1.3497062166033014
2020-06-02,0.05,0.0,0.28683103222591294,0.6631689677740872,-8.378103357756873e-05,1.3495931368214482
2020-06-03,0.05,0.12,0.4505177062411562,0.37948229375884374,-0.0013072464391637873,1.3478288859990184
2020-06-04,0.05,0.12,0.4505177062411562,0.37948229375884374,-0.00014422817213187504,1.3476344911024443
2020-06-05,0.05,0.12,0.5489168839016694,0.2810831160983305,0.0009643242384342906,1.3489340477067644
2020-06-08,0.05,0.12,0.6119541303269618,0.21804586967303816,0.0016975613481197862,1.3512239460073143
2020-06-09,0.05,0.12,0.6119541303269618,0.21804586967303816,0.00014536794330866852,1.351420370653295
2020-06-10,0.05,0.12,0.6119541303269618,0.21804586967303816,0.0014159486866319273,1.353333912552209
2020-06-11,0.05,0.12,0.6119541303269618,0.21804586967303816,-0.0023828039505888595,1.3501091831589138
2020-06-12,0.05,0.12,0.6119541303269618,0.21804586967303816,-0.0006902041125173141,1.3491773322483502
2020-06-15,0.05,0.12,0.6119541303269618,0.21804586967303816,-0.0005726316168704409,1.3484047506511398
2020-06-16,0.05,0.12,0.6831877355877217,0.1468122644122783,0.004361534170848472,1.3542858640472393
2020-06-17,0.05,0.12,0.6831877355877217,0.1468122644122783,0.0007990255880809635,1.3553679731061894
2020-06-18,0.05,0.12,0.6831877355877217,0.1468122644122783,-9.047790310975764e-05,1.3552453422540405
2020-06-19,0.05,0.12,0.6831877355877217,0.1468122644122783,0.00029397429968796185,1.355643749554435
2020-06-22,0.05,0.12,0.6831877355877217,0.1468122644122783,-0.000554265555312062,1.3548923629187828
2020-06-23,0.05,0.12,0.6831877355877217,0.1468122644122783,0.0003781058719465062,1.3554046556770578
2020-06-24,0.05,0.12,0.6138558948352913,0.21614410516470864,-0.0010340030107404265,1.3540031631823162
2020-06-25,0.05,0.12,0.6138558948352913,0.21614410516470864,-0.0007312002100222631,1.3530131157850265
2020-06-26,0.05,0.12,0.6138558948352913,0.21614410516470864,0.00028190612905130887,1.3533945384750532
2020-06-29,0.05,0.12,0.6138558948352913,0.21614410516470864,-0.00038054816731094405,1.352879506663788
2020-06-30,0.05,0.12,0.6138558948352913,0.21614410516470864,-0.00021617229908457215,1.3525870515904481
2020-07-01,0.05,0.12,0.6138558948352913,0.21614410516470864,0.00025199470015094483,1.3529278963589417
2020-07-02,0.05,0.12,0.6138558948352913,0.21614410516470864,0.0018568957556269776,1.35544014242736
2020-07-06,0.05,0.12,0.6138558948352913,0.21614410516470864,0.0009405309445404292,1.3567149758247854
2020-07-07,0.05,0.12,0.5619835604435244,0.26801643955647547,0.0007608067952772176,1.3577471737976472
2020-07-08,0.05,0.12,0.5619835604435244,0.26801643955647547,-4.699384924461509e-05,1.3576833680316494
2020-07-09,0.05,0.05848815132202122,0.5562932850791873,0.3352185635987915,0.000616812801020254,1.3585208045127835
2020-07-10,0.05,0.11617959350543745,0.5296187412855301,0.3042016652090324,-0.0010465952178260567,1.3570989831354632
2020-07-13,0.05,0.11617959350543745,0.5296187412855301,0.3042016652090324,0.0005519703625937212,1.3578480615532602
2020-07-14,0.05,0.11617959350543745,0.5296187412855301,0.3042016652090324,0.0003989042792403145,1.358389712955572
2020-07-15,0.05,0.11617959350543745,0.5296187412855301,0.3042016652090324,0.0009229389191288956,1.3596434236890031
2020-07-16,0.05,0.12,0.5952372706912585,0.23476272930874134,0.0007522273964594376,1.360666184721718
2020-07-17,0.05,0.12,0.5952372706912585,0.23476272930874134,0.00016687411150751548,1.3608932446823518
2020-07-20,0.05,0.12,0.5952372706912585,0.23476272930874134,0.0010384347895298577,1.362306443572466
2020-07-21,0.05,0.12,0.655562557013768,0.17443744298623207,0.0018975607902701373,1.3648915028641215
2020-07-22,0.05,0.12,0.655562557013768,0.17443744298623207,0.0009095102825111371,1.3661328857204886
2020-07-23,0.05,0.12,0.655562557013768,0.17443744298623207,0.0004710993997970349,1.3667764701029945
2020-07-24,0.05,0.12,0.655562557013768,0.17443744298623207,-0.0004211075749510995,1.3662009101781694
2020-07-27,0.05,0.12,0.655562557013768,0.17443744298623207,-0.0004199291557296772,1.365627202583401
2020-07-28,0.05,0.12,0.655562557013768,0.17443744298623207,0.0006117600284048484,1.366462638719644
2020-07-29,0.05,0.12,0.655562557013768,0.17443744298623207,0.0007623085374002871,1.3675043048551783
2020-07-30,0.05,0.12,0.655562557013768,0.17443744298623207,0.0009716536973825625,1.3688330454691773
2020-07-31,0.05,0.12,0.655562557013768,0.17443744298623207,0.0008165597919846269,1.3699507794960473
2020-08-03,0.05,0.12,0.655562557013768,0.17443744298623207,2.0645409870614272e-05,1.3699790626913924
2020-08-04,0.05,0.12,0.655562557013768,0.17443744298623207,0.0014515875923288822,1.3719677073005456
2020-08-05,0.05,0.12,0.655562557013768,0.17443744298623207,0.00012485558960827976,1.3721390051375641
2020-08-06,0.05,0.12,0.655562557013768,0.17443744298623207,0.0005361425764928367,1.372874667279085
2020-08-07,0.05,0.12,0.655562557013768,0.17443744298623207,-0.00047370260251947593,1.372224332976262
2020-08-10,0.05,0.12,0.655562557013768,0.17443744298623207,-7.925003875682483e-05,1.3721155841446906
2020-08-11,0.05,0.12,0.655562557013768,0.17443744298623207,-0.0018933838274029545,1.3695176426883433
2020-08-12,0.05,0.12,0.655562557013768,0.17443744298623207,-0.00037387006974047793,1.3690056210317607
2020-08-13,0.05,0.12,0.655562557013768,0.17443744298623207,-0.0015018647452578159,1.3669495597534733
2020-08-14,0.05,0.12,0.655562557013768,0.17443744298623207,-0.0003421953235932752,1.3664817960065379
2020-08-17,0.05,0.12,0.655562557013768,0.17443744298623207,0.00014021736534598956,1.366673400483767
2020-08-18,0.05,0.12,0.655562557013768,0.17443744298623207,5.1007528621987554e-05,1.366743111116359
2020-08-19,0.05,0.12,0.655562557013768,0.17443744298623207,-6.470725224754699e-05,1.3666546729251106
2020-08-20,0.05,0.12,0.655562557013768,0.17443744298623207,0.00037657043707017585,1.367169314672618
2020-08-21,0.05,0.12,0.655562557013768,0.17443744298623207,2.267679836990938e-05,1.3672003176955045
2020-08-24,0.05,0.12,0.655562557013768,0.17443744298623207,0.00016064022200552413,1.3674199450580653
2020-08-25,0.05,0.12,0.7305314887240162,0.09946851127598379,-0.00038573547297849806,1.366892482678798
2020-08-26,0.05,0.12,0.7305314887240162,0.09946851127598379,-0.00016349629208699495,1.3666690008261984
2020-08-27,0.05,0.12,0.7305314887240162,0.09946851127598379,-0.0011595876858471025,1.3650842282822113
2020-08-28,0.05,0.12,0.7305314887240162,0.09946851127598379,0.0011002657405046513,1.3665861836914934
2020-08-31,0.05,0.12,0.7305314887240162,0.09946851127598379,0.0007911211866382435,1.367667318974779
2020-09-01,0.05,0.12,0.7305314887240162,0.09946851127598379,0.0010216029910833976,1.3690645319986507
2020-09-02,0.05,0.12,0.7305314887240162,0.09946851127598379,0.000986054003830717,1.3704145035619306
2020-09-03,0.05,0.12,0.7305314887240162,0.09946851127598379,0.00025463051029739277,1.3707634529062913
2020-09-04,0.05,0.12,0.7305314887240162,0.09946851127598379,-0.00334757937866476,1.3661747134383149
2020-09-08,0.05,0.12,0.7305314887240162,0.09946851127598379,-3.789093598194064e-05,1.3661229477997079
2020-09-09,0.05,0.12,0.7305314887240162,0.09946851127598379,-0.0003420468083887413,1.3656556698055464
2020-09-10,0.05,0.12,0.7305314887240162,0.09946851127598379,0.0004721781829786727,1.3663005026182897
2020-09-11,0.05,0.12,0.7305314887240162,0.09946851127598379,0.00020841031982909945,1.366585253743023
2020-09-14,0.05,0.12,0.7305314887240162,0.09946851127598379,-8.562181665382432e-05,1.3664682442309852
2020-09-15,0.05,0.12,0.7305314887240162,0.09946851127598379,4.226367640175825e-05,1.3665259962026726
2020-09-16,0.05,0.12,0.7305314887240162,0.09946851127598379,0.00014192288261427886,1.366719937511221
2020-09-17,0.05,0.12,0.7305314887240162,0.09946851127598379,-0.0001685086423034865,1.3664896333901417
2020-09-18,0.05,0.12,0.83,0.0,-0.00040822939115169044,1.3659317921590877
2020-09-21,0.05,0.12,0.83,0.0,-0.0012482504878568057,1.364226767133146
2020-09-22,0.05,0.12,0.83,0.0,-0.00020082693443591813,1.3639527936536273
2020-09-23,0.05,0.12,0.83,0.0,-0.0011669516669611845,1.3623611266674167
2020-09-24,0.05,0.12,0.83,0.0,-0.002140289785355314,1.3594452790640452
2020-09-25,0.05,0.12,0.83,0.0,-0.0010401050986496218,1.3580313130979556
2020-09-28,0.05,0.12,0.83,0.0,0.0005818656091218188,1.358821504815158
2020-09-29,0.05,0.12,0.83,0.0,0.0009882874346583924,1.3601644110343103
2020-09-30,0.05,0.12,0.83,0.0,-0.0005532841337327597,1.359411853646417
2020-10-01,0.05,0.12,0.83,0.0,0.0003829914930519207,1.3599324968219177
2020-10-02,0.05,0.12,0.83,0.0,-0.0004000941898565846,1.3593883957313422
2020-10-05,0.05,0.12,0.83,0.0,-0.00030896711138388773,1.3589683894254643
2020-10-06,0.05,0.12,0.83,0.0,0.0017890174683097859,1.3613996076130273
2020-10-07,0.05,0.12,0.83,0.0,-0.0007052224405743101,1.3604395180591493
2020-10-08,0.05,0.12,0.83,0.0,0.0012517580921358505,1.3621424592347413
2020-10-09,0.05,0.12,0.83,0.0,0.0001403371991033975,1.36233361849225
2020-10-12,0.05,0.12,0.83,0.0,0.0,1.36233361849225
2020-10-13,0.05,0.12,0.83,0.0,0.001954950130102269,1.364996912776964
2020-10-14,0.05,0.12,0.83,0.0,-8.163265306122991e-05,1.3648854844575538
2020-10-15,0.05,0.12,0.83,0.0,-0.001147128799948711,1.3633197850097005
2020-10-16,0.05,0.12,0.83,0.0,0.00017560975609756113,1.3635591972646293
2020-10-19,0.05,0.12,0.83,0.0,-0.00024663992867552607,1.363222889121471
2020-10-20,0.05,0.12,0.83,0.0,-0.0005987218066784183,1.3624066978503908
2020-10-21,0.05,0.12,0.83,0.0,-0.00027580435873206135,1.362030940144758
2020-10-22,0.05,0.12,0.83,0.0,-0.0008752220739834292,1.3608388606004949
2020-10-23,0.05,0.12,0.83,0.0,0.0005288805885707282,1.3615585818580394
2020-10-26,0.05,0.12,0.83,0.0,0.0003318046692531861,1.3620103533529615
2020-10-27,0.05,0.12,0.83,0.0,0.0006227077957756588,1.3628584878179215
2020-10-28,0.05,0.12,0.83,0.0,-0.0018133830653528347,1.36038710331564
2020-10-29,0.05,0.12,0.83,0.0,-0.0015800003986178599,1.3582376911501268
2020-10-30,0.05,0.12,0.83,0.0,-0.0009007256272540764,1.3570142916538055
2020-11-02,0.05,0.12,0.83,0.0,0.0003074497437918744,1.3574315053500963
2020-11-03,0.05,0.12,0.83,0.0,0.00010063830023812061,1.3575681149494845
2020-11-04,0.05,0.12,0.83,0.0,0.004764894954201151,1.3640367844103918
2020-11-05,0.05,0.12,0.83,0.0,0.001602668955854205,1.3662228838194095
2020-11-06,0.05,0.12,0.83,0.0,-0.0008595066719550793,1.365048606135389
2020-11-09,0.05,0.12,0.83,0.0,-0.0003950534029137265,1.3645093390383927
2020-11-10,0.05,0.12,0.83,0.0,-0.0006196864353097576,1.3636637711101371
2020-11-11,0.05,0.12,0.83,0.0,0.0,1.3636637711101371
2020-11-12,0.05,0.12,0.83,0.0,0.0011817347129131383,1.3652752599251998
2020-11-13,0.05,0.12,0.83,0.0,-0.0003513726382960247,1.3647955395551197
2020-11-16,0.05,0.12,0.83,0.0,0.00046529868227256576,1.3654305771212463
2020-11-17,0.05,0.12,0.83,0.0,0.0012366106297068025,1.3671190830870412
2020-11-18,0.05,0.12,0.83,0.0,0.0004778424888371036,1.3677723506722403
2020-11-19,0.05,0.12,0.83,0.0,0.0006462051869978547,1.3686562122598769
2020-11-20,0.05,0.12,0.83,0.0,0.0004979268985541528,1.3693377030028342
2020-11-23,0.05,0.12,0.83,0.0,-0.00046973753222992573,1.3686944736894362
2020-11-24,0.05,0.12,0.83,0.0,0.0004449600480579274,1.3693034880482255
2020-11-25,0.05,0.12,0.83,0.0,0.0003114326599323802,1.369729933875763
2020-11-27,0.05,0.12,0.83,0.0,0.0011521308160711197,1.3713080419422763
2020-11-30,0.05,0.12,0.83,0.0,0.0006280900669998513,1.3721693469022174
2020-12-01,0.05,0.12,0.83,0.0,-0.0013112634453079498,1.3703700713968523
2020-12-02,0.05,0.12,0.83,0.0,0.0005593629287888757,1.3711366056135132
2020-12-03,0.05,0.12,0.83,0.0,0.0013272916198892016,1.3729565037398674
2020-12-04,0.05,0.12,0.83,0.0,-0.0008038272781008359,1.3718528838505155
2020-12-07,0.05,0.12,0.83,0.0,0.0011208553741251402,1.3733905325278883
2020-12-08,0.05,0.12,0.83,0.0,-0.00037944591752775203,1.3728694050971495
2020-12-09,0.05,0.12,0.83,0.0,-0.0014692624060222515,1.370852299691862
2020-12-10,0.05,0.12,0.83,0.0,0.0008023001626947602,1.371952134714935
2020-12-11,0.05,0.12,0.83,0.0,0.0002999464220440995,1.3723636468489586
2020-12-14,0.05,0.12,0.83,0.0,0.00022042088789061773,1.372666144462506
2020-12-15,0.05,0.12,0.83,0.0,-0.00043270796408411024,1.3720721808897682
2020-12-16,0.05,0.12,0.83,0.0,0.0007596558667399145,1.3731144835715718
2020-12-17,0.05,0.12,0.83,0.0,0.00019745434625036305,1.3733856109942524
2020-12-18,0.05,0.12,0.83,0.0,-0.00019341318727133627,1.3731199801058775
2020-12-21,0.05,0.12,0.83,0.0,-0.0006800738950698593,1.3721861570526086
2020-12-22,0.05,0.12,0.83,0.0,0.0009725651863046836,1.3735206975380871
2020-12-23,0.05,0.12,0.83,0.0,-0.0006442375686081547,1.3726358239034722
2020-12-24,0.05,0.12,0.83,0.0,0.000717574650143764,1.3736207925745845
2020-12-28,0.05,0.12,0.83,0.0,0.0006916105342559176,1.3745708031848018
2020-12-29,0.05,0.12,0.83,0.0,0.00041330797268378515,1.3751389242567764
2020-12-30,0.05,0.12,0.83,0.0,0.0006518989511742168,1.376035375879218
2020-12-31,0.05,0.12,0.83,0.0,0.0007499272499685494,1.3770673023045106
2021-01-04,0.05,0.12,0.83,0.0,-0.0002763868591774732,1.3766866989979505
2021-01-05,0.05,0.12,0.83,0.0,-0.0013852723857265001,1.3747796129300316
2021-01-06,0.05,0.12,0.83,0.0,-0.0019447179940176927,1.3721060542789578
2021-01-07,0.05,0.12,0.83,0.0,-0.0003459263400991696,1.371631406653373
2021-01-08,0.05,0.12,0.83,0.0,-0.0005095612756976764,1.3709324764040118
2021-01-11,0.05,0.12,0.83,0.0,-0.0010415651929179515,1.3695045608547485
2021-01-12,0.05,0.12,0.83,0.0,-0.0003117131733378042,1.369077668242184
2021-01-13,0.05,0.12,0.83,0.0,0.0014966630748623876,1.3711267162348606
2021-01-14,0.05,0.12,0.83,0.0,-0.0003729695189077064,1.370615327763145
2021-01-15,0.05,0.12,0.83,0.0,0.000913258756647719,1.3718670542132203
2021-01-19,0.05,0.12,0.83,0.0,0.0003495740040754746,1.3723466232724209
2021-01-20,0.05,0.12,0.83,0.0,0.00022377665903228203,1.372653722414811
2021-01-21,0.05,0.12,0.83,0.0,-0.0006192455645639016,1.3718037126855234
2021-01-22,0.05,0.12,0.83,0.0,-0.0003258528932710747,1.371356706476745
2021-01-25,0.05,0.12,0.83,0.0,0.0007263549469619756,1.3723527982045438
2021-01-26,0.05,0.12,0.83,0.0,-6.459753509651777e-05,1.372264147596497
2021-01-27,0.05,0.12,0.83,0.0,-9.84064614530977e-05,1.372129107937553
2021-01-28,0.05,0.12,0.83,0.0,-0.0008621915855065209,1.3709460697664608
2021-01-29,0.05,0.12,0.83,0.0,-0.0007871023390250064,1.3698669949082705
2021-02-01,0.05,0.12,0.83,0.0,9.523913109178218e-05,1.3699974598505769
2021-02-02,0.05,0.12,0.83,0.0,-0.00038448005637180315,1.3694707231499843
2021-02-03,0.05,0.12,0.83,0.0,-0.00013373534393465558,1.3692875765118153
2021-02-04,0.05,0.12,0.83,0.0,0.000365097898399771,1.3697875005283047
2021-02-05,0.05,0.12,0.83,0.0,0.00015910597594468888,1.370005441905413
2021-02-08,0.05,0.12,0.83,0.0,0.00029660124321202015,1.3704117872226893
2021-02-09,0.05,0.12,0.83,0.0,0.000132862924731556,1.3705938641408262
2021-02-10,0.05,0.12,0.83,0.0,0.0007954116423194124,1.3716840504572554
2021-02-11,0.05,0.12,0.83,0.0,-0.0002168754075291157,1.3713865659198112
2021-02-12,0.05,0.12,0.83,0.0,-0.0010231830071308003,1.3699833864893547
2021-02-16,0.88,0.12,0.0,0.0,-0.0024069809663808893,1.3666858625538167
2021-02-17,0.88,0.12,0.0,0.0,-7.938758151404101e-05,1.366577364668499
2021-02-18,0.88,0.12,0.0,0.0,-7.944013618308431e-05,1.366468803576545
2021-02-19,0.88,0.12,0.0,0.0,0.0,1.366468803576545
2021-02-22,0.88,0.12,0.0,0.0,-0.00015898552096148765,1.366251554821931
2021-02-23,0.88,0.12,0.0,0.0,-0.00011371174073722123,1.3660961959793472
2021-02-24,0.88,0.12,0.0,0.0,0.0,1.3660961959793472
2021-02-25,0.88,0.12,0.0,0.0,-0.00036422270700939394,1.3655986327248124
2021-02-26,0.88,0.12,0.0,0.0,-0.0002739986680620232,1.3652244605183386
2021-03-01,0.88,0.12,0.0,0.0,0.00020596929531799368,1.3655056548384223
2021-03-02,0.05,0.12,0.83,0.0,9.138505473583969e-05,1.365630441647432
2021-03-03,0.05,0.12,0.83,0.0,-0.002038291276929719,1.3628468890307126
2021-03-04,0.05,0.12,0.83,0.0,-0.002939996509966424,1.3588401239333436
2021-03-05,0.05,0.12,0.83,0.0,-0.0019458758842087784,1.3561959897056863
2021-03-08,0.88,0.12,0.0,0.0,-0.00266240531857765,1.3525852462896601
2021-03-09,0.88,0.12,0.0,0.0,-0.00014935375777884729,1.3523832326004106
2021-03-10,0.88,0.12,0.0,0.0,-4.601226993864671e-05,1.3523210063780517
2021-03-11,0.88,0.12,0.0,0.0,0.0003912543153049519,1.3528501078074746
2021-03-12,0.88,0.12,0.0,0.0,-0.00026381189065188604,1.3524932098627653
2021-03-15,0.88,0.12,0.0,0.0,-6.897212376665074e-05,1.3523999255337011
2021-03-16,0.88,0.12,0.0,0.0,0.0,1.3523999255337011
2021-03-17,0.88,0.12,0.0,0.0,-0.00027604715805616296,1.352026599377702
2021-03-18,0.88,0.12,0.0,0.0,-0.0002536266692285549,1.3516836893745936
2021-03-19,0.88,0.12,0.0,0.0,-5.7764513333986576e-05,1.3516056100240954
2021-03-22,0.88,0.12,0.0,0.0,0.000288961664419185,1.3519961722308065
2021-03-23,0.88,0.12,0.0,0.0,0.00014989910637073223,1.3521988352488403
2021-03-24,0.88,0.12,0.0,0.0,0.0001957773512476102,1.3524635651551653
2021-03-25,0.88,0.12,0.0,0.0,-3.4492670307559866e-05,1.3524169150753094
2021-03-26,0.88,0.12,0.0,0.0,6.900517538814377e-05,1.352510238841732
2021-03-29,0.88,0.12,0.0,0.0,2.2988505747134622e-05,1.352541331031131
2021-03-30,0.88,0.12,0.0,0.0,-3.447615399348347e-05,1.3524947006079198
2021-03-31,0.88,0.12,0.0,0.0,9.196283168886765e-05,1.3526190798504318
2021-04-01,0.88,0.12,0.0,0.0,0.00017229826744520336,1.3528521337744035
2021-04-05,0.88,0.12,0.0,0.0,0.00016058115083157352,1.35306937632695
2021-04-06,0.88,0.12,0.0,0.0,0.0001718213058419238,1.3533018624740851
2021-04-07,0.88,0.12,0.0,0.0,0.00011438375750643992,1.3534566582261554
2021-04-08,0.88,0.12,0.0,0.0,0.00010284734787163074,1.353595857653913
2021-04-09,0.88,0.12,0.0,0.0,-7.992388201711442e-05,1.353487673018287
2021-04-12,0.88,0.12,0.0,0.0,-0.00012567837760640187,1.3533175688834318
2021-04-13,0.88,0.12,0.0,0.0,-0.00012581014105985666,1.3531473078091918
2021-04-14,0.88,0.12,0.0,0.0,0.00010304360270966483,1.3532867409827853
2021-04-15,0.88,0.12,0.0,0.0,0.00022878932316491073,1.3535963585403028
2021-04-16,0.88,0.12,0.0,0.0,4.567078972408822e-05,1.353658178354965
2021-04-19,0.88,0.12,0.0,0.0,-0.00012554688986113672,1.3534882307807374
2021-04-20,0.88,0.12,0.0,0.0,-0.00023993144815767753,1.3531634863894617
2021-04-21,0.88,0.12,0.0,0.0,0.0,1.3531634863894617
2021-04-22,0.88,0.12,0.0,0.0,5.724098454495952e-05,1.353240942799673
2021-04-23,0.88,0.12,0.0,0.0,9.154190903021941e-05,1.3533648210589546
2021-04-26,0.88,0.12,0.0,0.0,3.43020485945722e-05,1.353411244244813
2021-04-27,0.88,0.12,0.0,0.0,0.0,1.353411244244813
2021-04-28,0.88,0.12,0.0,0.0,-5.71537435701952e-05,1.3533338917256144
2021-04-29,0.88,0.12,0.0,0.0,4.5744782235779265e-05,1.3533957996897836
2021-04-30,0.88,0.12,0.0,0.0,-8.002286367533084e-05,1.3532874970822062
2021-05-03,0.88,0.12,0.0,0.0,3.431839847474194e-05,1.353333939741782
2021-05-04,0.88,0.12,0.0,0.0,-0.00010292576003050336,1.3531946468174592
2021-05-05,0.88,0.12,0.0,0.0,0.00010301411674932481,1.353334044968791
2021-05-06,0.88,0.12,0.0,0.0,0.0,1.353334044968791
2021-05-07,0.88,0.12,0.0,0.0,9.148956447155853e-05,1.3534578609111496
2021-05-10,0.88,0.12,0.0,0.0,0.0,1.3534578609111496
2021-05-11,0.88,0.12,0.0,0.0,-0.0003199695267117386,1.3530247956399695
2021-05-12,0.88,0.12,0.0,0.0,-0.00019478659409911446,1.352761244548295
2021-05-13,0.88,0.12,0.0,0.0,-2.295332823259333e-05,1.3527301941754286
2021-05-14,0.88,0.12,0.0,0.0,0.00010330973789936415,1.3528699443772374
2021-05-17,0.88,0.12,0.0,0.0,-4.5875943801960694e-05,1.3528078801916976
2021-05-18,0.88,0.12,0.0,0.0,-1.147337221532485e-05,1.3527923589233524
2021-05-19,0.1,0.0,0.0,0.9,-0.00029833620195065966,1.3523887719889633
2021-05-20,0.88,0.12,0.0,0.0,0.001402005646967286,1.3542848286841869
2021-05-21,0.88,0.12,0.0,0.0,9.198045415350186e-05,1.3544093964177824
2021-05-24,0.88,0.12,0.0,0.0,3.4466251795128854e-05,1.3544560778330728
2021-05-25,0.88,0.12,0.0,0.0,0.00010336906584991645,1.354596086692573
2021-05-26,0.88,0.12,0.0,0.0,3.442669981831514e-05,1.3546427209654246
2021-05-27,0.88,0.12,0.0,0.0,5.736137667306629e-05,1.3547204251367992
2021-05-28,0.88,0.12,0.0,0.0,2.2933588150984006e-05,1.354751493737089
2021-06-01,0.88,0.12,0.0,0.0,2.2929206076227616e-05,1.354782557113271
2021-06-02,0.88,0.12,0.0,0.0,0.00011462412837903279,1.3549378478830232
2021-06-03,0.88,0.12,0.0,0.0,-4.580589750931452e-05,1.3548757837388314
2021-06-04,0.88,0.12,0.0,0.0,0.00010310262529832137,1.355015474989088
2021-06-07,0.88,0.12,0.0,0.0,0.0,1.355015474989088
2021-06-08,0.88,0.12,0.0,0.0,0.000114460129721472,1.3551705702361296
2021-06-09,0.88,0.12,0.0,0.0,0.00017152658662092257,1.3554030180183314
2021-06-10,0.88,0.12,0.0,0.0,2.283756779902113e-05,1.3554339721266504
2021-06-11,0.88,0.12,0.0,0.0,4.566644467701941e-05,1.355495869977152
2021-06-14,0.88,0.12,0.0,0.0,0.0,1.355495869977152
2021-06-15,0.88,0.12,0.0,0.0,-1.1412268188313312e-05,1.3554804006947556
2021-06-16,0.88,0.12,0.0,0.0,-5.706676811870093e-05,1.3554030478090398
2021-06-17,0.88,0.12,0.0,0.0,-0.00014844419069370395,1.355201846100544
2021-06-18,0.88,0.12,0.0,0.0,-9.146341463414309e-05,1.355077894712181
2021-06-21,0.88,0.12,0.0,0.0,8.009153318078609e-05,1.355186424978348
2021-06-22,0.88,0.12,0.0,0.0,1.1434016198172968e-05,1.3552019202018828
2021-06-23,0.88,0.12,0.0,0.0,5.716463414634276e-05,1.3552793898238455
2021-06-24,0.88,0.12,0.0,0.0,0.00010284734787163074,1.3554187767147141
2021-06-25,0.88,0.12,0.0,0.0,7.992388201714106e-05,1.355527107045108
2021-06-28,0.88,0.12,0.0,0.0,3.4230293810031395e-05,1.3555735071362498
2021-06-29,0.88,0.12,0.0,0.0,4.56273764258519e-05,1.3556353583989327
2021-06-30,0.88,0.12,0.0,0.0,-1.140250855186764e-05,1.3556199007551653
2021-07-01,0.88,0.12,0.0,0.0,6.842155278912188e-05,1.3557126543737668
2021-07-02,0.88,0.12,0.0,0.0,5.698546870548604e-05,1.3557899102948063
2021-07-06,0.88,0.12,0.0,0.0,9.113347256503701e-05,1.3559134681374
2021-07-07,0.88,0.12,0.0,0.0,6.829823562890524e-05,1.3560060746349392
2021-07-08,0.88,0.12,0.0,0.0,-0.00014789533560865653,1.3558055276614436
2021-07-09,0.88,0.12,0.0,0.0,5.6953013763658685e-05,1.3558827448723214
2021-07-12,0.88,0.12,0.0,0.0,1.1385199240976362e-05,1.355898181867519
2021-07-13,0.88,0.12,0.0,0.0,-4.5536476615106735e-05,1.355836439041668
2021-07-14,0.88,0.12,0.0,0.0,-6.833064439593527e-05,1.3557437938640928
2021-07-15,0.88,0.12,0.0,0.0,-0.000125344221821293,1.3555738592132618
2021-07-16,0.88,0.12,0.0,0.0,-9.12547528517038e-05,1.355450156655767
2021-07-19,0.1,0.0,0.0,0.9,-0.0006164383561643927,1.3546146051893353
2021-07-20,0.88,0.12,0.0,0.0,0.00017413175969809293,1.3548504866142497
2021-07-21,0.88,0.12,0.0,0.0,0.00028636884306988187,1.355238473580634
2021-07-22,0.88,0.12,0.0,0.0,7.999238167793798e-05,1.3553468823338772
2021-07-23,0.88,0.12,0.0,0.0,5.709935287400824e-05,1.355424271763778
2021-07-26,0.88,0.12,0.0,0.0,0.0,1.355424271763778
2021-07-27,0.88,0.12,0.0,0.0,-0.00012555883192238326,1.3552540862754563
2021-07-28,0.88,0.12,0.0,0.0,-2.2852789944765027e-05,1.3552231149385008
2021-07-29,0.88,0.12,0.0,0.0,9.142857142856897e-05,1.3553470210518668
2021-07-30,0.88,0.12,0.0,0.0,0.0,1.3553470210518668
2021-08-02,0.88,0.12,0.0,0.0,0.00012561857632279683,1.3555172778150746
2021-08-03,0.88,0.12,0.0,0.0,-0.00017111892765471202,1.3552853231520774
2021-08-04,0.1,0.0,0.0,0.9,-0.00011424219345012253,1.3551304923840097
2021-08-05,0.88,0.12,0.0,0.0,-0.0013051044083526198,1.3533619056045063
2021-08-06,0.88,0.12,0.0,0.0,-1.1432926829257894e-05,1.353346432716866
2021-08-09,0.88,0.12,0.0,0.0,-0.00014864221057647508,1.3531452683114313
2021-08-10,0.1,0.0,0.0,0.9,-5.724098454493287e-05,1.3530678129440408
2021-08-11,0.1,0.0,0.0,0.9,0.00026241617261149044,1.3534228798207972
2021-08-12,0.1,0.0,0.0,0.9,-0.0004372328021764016,1.3528311189425235
2021-08-13,0.88,0.12,0.0,0.0,0.001399825021872192,1.3547248457931869
2021-08-16,0.88,0.12,0.0,0.0,-5.7312064189503074e-05,1.3546472037158657
2021-08-17,0.88,0.12,0.0,0.0,-3.440366972477626e-05,1.3546005988808756
2021-08-18,0.88,0.12,0.0,0.0,2.2942357327222493e-05,1.354631676611851
2021-08-19,0.1,0.0,0.0,0.9,-0.0002064417471088564,1.3543520240818423
2021-08-20,0.1,0.0,0.0,0.9,-0.0006108794725103173,1.3535246782317778
2021-08-23,0.88,0.12,0.0,0.0,0.0001746555404618544,1.3537610788159828
2021-08-24,0.88,0.12,0.0,0.0,0.00018343364860990086,1.3540094041500161
2021-08-25,0.88,0.12,0.0,0.0,6.868262901842393e-05,1.3541024010756089
2021-08-26,0.88,0.12,0.0,0.0,2.2881113547521537e-05,1.3541333844464027
2021-08-27,0.88,0.12,0.0,0.0,0.00022876751501287984,1.3544431661757583
2021-08-30,0.88,0.12,0.0,0.0,0.00011416611169250856,1.3545977976855492
2021-08-31,0.88,0.12,0.0,0.0,5.702879954379014e-05,1.354675048771816
2021-09-01,0.88,0.12,0.0,0.0,5.7001710051300944e-05,1.3547522675661599
2021-09-02,0.88,0.12,0.0,0.0,0.00010255436330832701,1.3548912033224008
2021-09-03,0.88,0.12,0.0,0.0,-1.1385199240989684e-05,1.354875777616101
2021-09-07,0.88,0.12,0.0,0.0,-9.109023626529655e-05,1.3547523616614077
2021-09-08,0.88,0.12,0.0,0.0,3.418478776944233e-05,1.3547986735833712
2021-09-09,0.88,0.12,0.0,0.0,6.835010442376443e-05,1.3548912742141839
2021-09-10,0.88,0.12,0.0,0.0,4.554079696393209e-05,1.3549529770426112
2021-09-13,0.88,0.12,0.0,0.0,4.552352048560415e-05,1.3550146592722188
2021-09-14,0.88,0.12,0.0,0.0,3.412969283277611e-05,1.3550609055063236
2021-09-15,0.88,0.12,0.0,0.0,3.411998862667076e-05,1.355107140169008
2021-09-16,0.88,0.12,0.0,0.0,-3.4110289937472336e-05,1.3550609170715604
2021-09-17,0.88,0.12,0.0,0.0,-3.411998862667076e-05,1.3550146824084814
2021-09-20,0.88,0.12,0.0,0.0,-0.00045506257110353496,1.3543980659432215
2021-09-21,0.88,0.12,0.0,0.0,0.0001370384468976038,1.3545836705506593
2021-09-22,0.88,0.12,0.0,0.0,0.0001368821292775557,1.3547690888477688
2021-09-23,0.88,0.12,0.0,0.0,-1.1393847322440641e-05,1.3547536528156134
2021-09-24,0.88,0.12,0.0,0.0,-0.000125344221821293,1.3545838422732417
2021-09-27,0.88,0.12,0.0,0.0,-0.00013688212927756905,1.3543984239526263
2021-09-28,0.1,0.0,0.0,0.9,-0.00034259611724399617,1.3539344123113788
2021-09-29,0.88,0.12,0.0,0.0,0.00017633228840114868,1.3541731546646467
2021-09-30,0.1,0.0,0.0,0.9,-0.00014876978828913588,1.3539716946111204
2021-10-01,0.1,0.0,0.0,0.9,0.0019394651777842054,1.3565976755645242
2021-10-04,0.1,0.0,0.0,0.9,-0.0005278076434366841,1.3558816529422928
2021-10-05,0.1,0.0,0.0,0.9,-0.0011442542787285738,1.354330179559464
2021-10-06,0.1,0.0,0.0,0.9,-0.00017626321974155703,1.3540914609614219
2021-10-07,0.1,0.0,0.0,0.9,-0.0011459353574925669,1.3525397596790274
2021-10-08,0.1,0.0,0.0,0.9,-0.0009708737864077887,1.3512266142812808
2021-10-11,0.1,0.0,0.0,0.9,0.0,1.3512266142812808
2021-10-12,0.1,0.0,0.0,0.9,-0.00044178283919106277,1.350629665551233
2021-10-13,0.1,0.0,0.0,0.9,-8.839996071112744e-05,1.3505102699418632
2021-10-14,0.1,0.0,0.0,0.9,0.0010609037328095372,1.3519430313284422
2021-10-15,0.1,0.0,0.0,0.9,-0.002207613814756693,1.3489584632157174
2021-10-18,0.1,0.0,0.0,0.9,-0.0009737385659486786,1.3476449303362215
2021-10-19,0.1,0.0,0.0,0.9,-0.00026585269791261633,1.3472866552956633
2021-10-20,0.1,0.0,0.0,0.9,0.0002659312518467738,1.3476449409225024
2021-10-21,0.1,0.0,0.0,0.9,-0.0020382040173296924,1.34489816558998
2021-10-22,0.1,0.0,0.0,0.9,0.0,1.34489816558998
2021-10-25,0.1,0.0,0.0,0.9,0.001065824533701898,1.3463315910501965
2021-10-26,0.1,0.0,0.0,0.9,-8.871365204543569e-05,1.3462121530578903
2021-10-27,0.1,0.0,0.0,0.9,0.0014195583596214422,1.3481231797735878
2021-10-28,0.1,0.0,0.0,0.9,-0.0011515748031495244,1.3465707150882187
2021-10-29,0.1,0.0,0.0,0.9,-8.86961663546404e-05,1.346451279428065
2021-11-01,0.1,0.0,0.0,0.9,-0.0007983441750442965,1.3453763478921525
2021-11-02,0.1,0.0,0.0,0.9,0.0015093222846996213,1.347406954395334
2021-11-03,0.1,0.0,0.0,0.9,-0.0009749852274965721,1.3460932525193723
2021-11-04,0.1,0.0,0.0,0.9,0.0023070097604257936,1.3491987027913779
2021-11-05,0.1,0.0,0.0,0.9,0.0016815812764284122,1.3514674900681733
2021-11-08,0.1,0.0,0.0,0.9,-0.002031802120141224,1.348721575556551
2021-11-09,0.88,0.12,0.0,0.0,0.0018593212001966287,1.351229282175146
2021-11-10,0.1,0.0,0.0,0.9,-0.00028730128327906,1.3508410722683728
2021-11-11,0.1,0.0,0.0,0.9,0.0,1.3508410722683728
2021-11-12,0.1,0.0,0.0,0.9,-0.0009764276555873419,1.3495220736871067
2021-11-15,0.1,0.0,0.0,0.9,-0.0008886255924169917,1.3483228538348968
2021-11-16,0.1,0.0,0.0,0.9,-0.0002668511563550413,1.347963052322211
2021-11-17,0.1,0.0,0.0,0.9,0.0008897676717745773,1.349162426268914
2021-11-18,0.1,0.0,0.0,0.9,0.00035555555555568665,1.3496421284649207
2021-11-19,0.1,0.0,0.0,0.9,0.0007108302892683938,1.3506014949695062
2021-11-22,0.1,0.0,0.0,0.9,-0.0033737792246227418,1.3460448637050335
2021-11-23,0.1,0.0,0.0,0.9,-0.0005347064065748364,1.3453251248928733
2021-11-24,0.1,0.0,0.0,0.9,-0.0002675121371247591,1.3449652340935856
2021-11-26,0.1,0.0,0.0,0.9,0.005084241823587687,1.3518033625880357
2021-11-29,0.1,0.0,0.0,0.9,-0.0003547846654182618,1.3513237634843287
2021-11-30,0.1,0.0,0.0,0.9,0.0008873114463175514,1.352522808527349
2021-12-01,0.1,0.0,0.0,0.9,-0.0003545750024623651,1.3520432377491851
2021-12-02,0.1,0.0,0.0,0.9,-0.0015075376884422509,1.3500049816118747
2021-12-03,0.1,0.0,0.0,0.9,0.002753651796288992,1.3537224252544893
2021-12-06,0.1,0.0,0.0,0.9,-0.0028338089146905054,1.3498862345777867
2021-12-07,0.1,0.0,0.0,0.9,-0.0016878886585726895,1.3476077769120793
2021-12-08,0.1,0.0,0.0,0.9,-0.0003560126582279,1.3471280114851722
2021-12-09,0.1,0.0,0.0,0.9,0.0002671151563118368,1.3474878497945322
2021-12-10,0.1,0.0,0.0,0.9,0.00026703590149352864,1.3478476774272536
2021-12-13,0.1,0.0,0.0,0.9,0.001334783468459655,1.3496467622250852
2021-12-14,0.1,0.0,0.0,0.9,-0.0007108302892685936,1.3486873924266825
2021-12-15,0.1,0.0,0.0,0.9,-0.0008892401936566929,1.3474880853886586
2021-12-16,0.1,0.0,0.0,0.9,0.0024923350806052014,1.3508464772145703
2021-12-17,0.1,0.0,0.0,0.9,0.0,1.3508464772145703
2021-12-20,0.1,0.0,0.0,0.9,0.00017753230101582584,1.3510862960979892
2021-12-21,0.1,0.0,0.0,0.9,-0.002307464747066257,1.3479687120994988
2021-12-22,0.1,0.0,0.0,0.9,0.0006228373702422241,1.3488082773873116
2021-12-23,0.1,0.0,0.0,0.9,-0.0009780675755779455,1.3474890517455278
2021-12-27,0.1,0.0,0.0,0.9,-0.00017802393432888585,1.347249166443071
2021-12-28,0.1,0.0,0.0,0.9,0.000178059155208099,1.3474890564915027
2021-12-29,0.1,0.0,0.0,0.9,-0.0011571555731381578,1.345929802020041
2021-12-30,0.1,0.0,0.0,0.9,0.0007130124777183334,1.3468894667630142
2021-12-31,0.1,0.0,0.0,0.9,0.00017811201266570986,1.3471293639567778
2022-01-03,0.1,0.0,0.0,0.9,-0.003561535417490991,1.3423315150151038
2022-01-04,0.1,0.0,0.0,0.9,-0.0003575685339690438,1.3418515395031794
2022-01-05,0.1,0.0,0.0,0.9,-0.0018779809220985544,1.3393315679117037
2022-01-06,0.1,0.0,0.0,0.9,-0.0015234491685751194,1.3372911643481222
2022-01-07,0.1,0.0,0.0,0.9,-0.0008078994614003521,1.3362107675367099
2022-01-10,0.1,0.0,0.0,0.9,-0.0009883198562443685,1.3348901639030257
2022-01-11,0.1,0.0,0.0,0.9,0.0008095142914251507,1.335970776568188
2022-01-12,0.1,0.0,0.0,0.9,0.0004493260109835529,1.3365710629880139
2022-01-13,0.1,0.0,0.0,0.9,0.0004491017964072475,1.3371713194534276
2022-01-14,0.1,0.0,0.0,0.9,-0.0022443890274313817,1.3341701868162503
2022-01-18,0.1,0.0,0.0,0.9,-0.0032400000000000428,1.3298474754109657
2022-01-19,0.1,0.0,0.0,0.9,0.0010839020473704998,1.331288899812254
2022-01-20,0.1,0.0,0.0,0.9,-0.00027064955894150476,1.3309285870586962
2022-01-21,0.1,0.0,0.0,0.9,0.0024365787626591698,1.3341714993885394
2022-01-24,0.1,0.0,0.0,0.9,0.0008999999999999009,1.335372253737989
2022-01-25,0.1,0.0,0.0,0.9,-0.0016183816183815037,1.3332111118288428
2022-01-26,0.1,0.0,0.0,0.9,-0.002431945556445081,1.3299688149896274
2022-01-27,0.1,0.0,0.0,0.9,-0.0006322127446061754,1.3291279917548622
2022-01-28,0.1,0.0,0.0,0.9,0.0009941755372564476,1.3304493782901476
2022-01-31,0.1,0.0,0.0,0.9,-0.00027083960276858,1.3300890399090277
2022-02-01,0.1,0.0,0.0,0.9,-0.00036122817579762326,1.329608574271493
2022-02-02,0.1,0.0,0.0,0.9,0.000813089741015749,1.3306896653627995
2022-02-03,0.1,0.0,0.0,0.9,-0.0018954969411291711,1.3281673471725122
2022-02-04,0.1,0.0,0.0,0.9,-0.004251256281407068,1.3225209673950853
2022-02-07,0.1,0.0,0.0,0.9,0.0007270524083610175,1.323482509449538
2022-02-08,0.1,0.0,0.0,0.9,-0.0013621228937545028,1.321679763623933
2022-02-09,0.1,0.0,0.0,0.9,0.00018189167340350033,1.3219201661678421
2022-02-10,0.1,0.0,0.0,0.9,-0.005182865225298083,1.3150688321079906
2022-02-11,0.1,0.0,0.0,0.9,0.002286353012905096,1.3180755436944585
2022-02-14,0.1,0.0,0.0,0.9,-0.002006892357591672,1.3154303079590897
2022-02-15,0.1,0.0,0.0,0.9,-0.0006399837464444946,1.3145884539424153
2022-02-16,0.1,0.0,0.0,0.9,0.0006404391582799374,1.3154303678653427
2022-02-17,0.1,0.0,0.0,0.9,0.00237708248679398,1.3185572543553923
2022-02-18,0.1,0.0,0.0,0.9,0.0009118541033434236,1.3197595861982696
2022-02-22,0.1,0.0,0.0,0.9,-0.0013663967611335039,1.3179562709742134
2022-02-23,0.1,0.0,0.0,0.9,-0.0008210846426761509,1.3168741173203977
2022-02-24,0.1,0.0,0.0,0.9,0.0010957792207792806,1.3183171206145394
2022-02-25,0.1,0.0,0.0,0.9,-0.0011856505877585355,1.3167540571456307
2022-02-28,0.1,0.0,0.0,0.9,0.005296803652968096,1.3237286448455803
2022-03-01,0.1,0.0,0.0,0.9,0.005265812569353323,1.330699151782021
2022-03-02,0.1,0.0,0.0,0.9,-0.006589108414401657,1.321931030803977
2022-03-03,0.1,0.0,0.0,0.9,0.0003637098403716621,1.322411830128173
2022-03-04,0.1,0.0,0.0,0.9,0.003453847707534008,1.3269792391960773
2022-03-07,0.1,0.0,0.0,0.9,-0.0018108651911468933,1.3245762586824426
2022-03-08,0.1,0.0,0.0,0.9,-0.0037197580645161434,1.319649155462142
2022-03-09,0.1,0.0,0.0,0.9,-0.002368660795627142,1.3165233542436163
2022-03-10,0.1,0.0,0.0,0.9,-0.002100882979803143,1.3137574927361726
2022-03-11,0.1,0.0,0.0,0.9,-0.0005493387589013299,1.3130357948256157
2022-03-14,0.1,0.0,0.0,0.9,-0.004305781758957694,1.307382149251397
2022-03-15,0.1,0.0,0.0,0.9,-0.0006443694384780319,1.3065397121500077
2022-03-16,0.1,0.0,0.0,0.9,-0.0025793244626407643,1.3031697223090477
2022-03-17,0.1,0.0,0.0,0.9,0.0005543009648942388,1.3038920705435446
2022-03-18,0.1,0.0,0.0,0.9,0.0007386130488305387,1.3048551422411148
2022-03-21,0.1,0.0,0.0,0.9,-0.006273062730627321,1.2966697040794546
2022-03-22,0.1,0.0,0.0,0.9,-0.0016721717588768837,1.2945014496197016
2022-03-23,0.1,0.0,0.0,0.9,0.0016752843846947751,1.2966701076842142
2022-03-24,0.1,0.0,0.0,0.9,-0.0008360858794383419,1.2955859801168896
2022-03-25,0.1,0.0,0.0,0.9,-0.006136997623721563,1.2876349720355853
2022-03-28,0.1,0.0,0.0,0.9,-9.362321855806988e-05,1.2875144195051753
2022-03-29,0.1,0.0,0.0,0.9,0.0022471910112359605,1.290407710335524
2022-03-30,0.1,0.0,0.0,0.9,0.0012141967621419393,1.2919745191992564
2022-03-31,0.1,0.0,0.0,0.9,0.0010260130583479299,1.2933001019270076
2022-04-01,0.1,0.0,0.0,0.9,-0.003726708074534035,1.2884803499943607
2022-04-04,0.1,0.0,0.0,0.9,-0.00046777546777545533,1.2878776304959225
2022-04-05,0.1,0.0,0.0,0.9,-0.00430577223088926,1.2823323227577497
2022-04-06,0.1,0.0,0.0,0.9,-0.0004702685756087344,1.2817292821628694
2022-04-07,0.1,0.0,0.0,0.9,9.410288582187843e-05,1.2818498965871634
2022-04-08,0.1,0.0,0.0,0.9,-0.0020700470465237486,1.2791964069946462
2022-04-11,0.1,0.0,0.0,0.9,-0.0009430996541968773,1.2779899973055595
2022-04-12,0.1,0.0,0.0,0.9,0.0034931291303892833,1.2824541813934935
2022-04-13,0.1,0.0,0.0,0.9,0.0014106583072099887,1.2842632860380925
2022-04-14,0.1,0.0,0.0,0.9,-0.0038497652582159315,1.2793191738571008
2022-04-18,0.1,0.0,0.0,0.9,-0.0011316010058675886,1.2778714949931385
2022-04-19,0.1,0.0,0.0,0.9,-0.002832563994964299,1.2742518422062297
2022-04-20,0.1,0.0,0.0,0.9,0.0013260366238686317,1.275941546817027
2022-04-21,0.1,0.0,0.0,0.9,-0.003499369482975956,1.2714765559060344
2022-04-22,0.1,0.0,0.0,0.9,0.0003797868973519636,1.2719594460422576
2022-04-25,0.1,0.0,0.0,0.9,0.0029421069281873936,1.275701686740832
2022-04-26,0.1,0.0,0.0,0.9,0.0022703384486020273,1.278597961329186
2022-04-27,0.1,0.0,0.0,0.9,-0.0006605158314111126,1.277753427133718
2022-04-28,0.1,0.0,0.0,0.9,-0.002171860245514656,1.2749783252617564
2022-04-29,0.1,0.0,0.0,0.9,-0.0011358855700463355,1.2735300957799698
2022-05-02,0.1,0.0,0.0,0.9,-0.00331718618365624,1.269305559341778
2022-05-03,0.1,0.0,0.0,0.9,0.0002853820949159758,1.2696677964213914
2022-05-04,0.1,0.0,0.0,0.9,0.0034234995773457346,1.2740145035858095
2022-05-05,0.1,0.0,0.0,0.9,-0.004357894736842083,1.2684624824859723
2022-05-06,0.1,0.0,0.0,0.9,-0.0005711867992384212,1.2677379534606472
2022-05-09,0.1,0.0,0.0,0.9,0.002190939881456222,1.2705154911021197
2022-05-10,0.1,0.0,0.0,0.9,0.0018055115616093075,1.2728094215105084
2022-05-11,0.1,0.0,0.0,0.9,0.0014225500526869217,1.2746200566201387
2022-05-12,0.1,0.0,0.0,0.9,0.00340873224618623,1.2789648951087753
2022-05-13,0.1,0.0,0.0,0.9,-0.003395870453830874,1.2746216960099885
2022-05-16,0.1,0.0,0.0,0.9,0.0020831141504471518,1.277276878501414
2022-05-17,0.1,0.0,0.0,0.9,-0.003967670830271841,1.2722090642884032
2022-05-18,0.1,0.0,0.0,0.9,0.002182393252504067,1.2749855247660806
2022-05-19,0.1,0.0,0.0,0.9,0.0015145140933949808,1.2769165083122134
2022-05-20,0.1,0.0,0.0,0.9,0.0017009659806803913,1.2790884998530216
2022-05-23,0.1,0.0,0.0,0.9,-0.002075036679941289,1.2764343442989357
2022-05-24,0.1,0.0,0.0,0.9,0.0038760504201680534,1.2813818681754725
2022-05-25,0.1,0.0,0.0,0.9,0.0009413241292751895,1.282588063846802
2022-05-26,0.1,0.0,0.0,0.9,9.403406122665547e-05,1.282708670811326
2022-05-27,0.1,0.0,0.0,0.9,-0.00047012118679478075,1.2821056422886923
2022-05-31,0.1,0.0,0.0,0.9,-0.0018814675446849006,1.2796934021338688
2022-06-01,0.1,0.0,0.0,0.9,-0.003959358960930137,1.2746266365948868
2022-06-02,0.1,0.0,0.0,0.9,0.0008521830615465076,1.275712851824389
2022-06-03,0.1,0.0,0.0,0.9,-0.0012297666596594147,1.2741440226919163
2022-06-06,0.1,0.0,0.0,0.9,-0.002747079254815321,1.2706438480795323
2022-06-07,0.1,0.0,0.0,0.9,0.0016152871621622378,1.2726963027750156
2022-06-08,0.1,0.0,0.0,0.9,-0.0016123932975024347,1.270644215786665
2022-06-09,0.1,0.0,0.0,0.9,-0.0010451858108107893,1.2693161564817361
2022-06-10,0.1,0.0,0.0,0.9,-0.005993023993235392,1.2617091143009398
2022-06-13,0.1,0.0,0.0,0.9,-0.007661204511598185,1.252042902742133
2022-06-14,0.1,0.0,0.0,0.9,-0.004443013522215178,1.246480059194856
2022-06-15,0.1,0.0,0.0,0.9,0.004270923209663513,1.251803679810054
2022-06-16,0.1,0.0,0.0,0.9,0.003091455560326328,1.2556735752564399
2022-06-17,0.1,0.0,0.0,0.9,0.0012516046213094211,1.2572451821060868
2022-06-21,0.1,0.0,0.0,0.9,-0.0013460100416622268,1.2555529174661406
2022-06-22,0.1,0.0,0.0,0.9,0.005199529260725333,1.262081201598895
2022-06-23,0.1,0.0,0.0,0.9,0.002872034889905395,1.2657059428437807
2022-06-24,0.1,0.0,0.0,0.9,-0.0012405895451171546,1.264135721283896
2022-06-27,0.1,0.0,0.0,0.9,-0.0024846039498832907,1.2609948446776054
2022-06-28,0.1,0.0,0.0,0.9,-0.0003833049403748623,1.2605114991238533
2022-06-29,0.1,0.0,0.0,0.9,0.003547081380485806,1.2649826359922838
2022-06-30,0.1,0.0,0.0,0.9,0.004870026525198967,1.271143134983482
2022-07-01,0.1,0.0,0.0,0.9,0.003324187420852631,1.2753686530028974
2022-07-05,0.1,0.0,0.0,0.9,0.002365681842077505,1.2783857694672611
2022-07-06,0.1,0.0,0.0,0.9,-0.004247063758389314,1.272956383596516
2022-07-07,0.1,0.0,0.0,0.9,-0.003318933726688422,1.2687315257223943
2022-07-08,0.1,0.0,0.0,0.9,-0.002950507614213205,1.264988123695358
2022-07-11,0.1,0.0,0.0,0.9,0.0030557029177718186,1.2688535515958805
2022-07-12,0.1,0.0,0.0,0.9,0.0011420112086285128,1.270302596573911
2022-07-13,0.1,0.0,0.0,0.9,-0.00019009399091769464,1.270061119683655
2022-07-14,0.1,0.0,0.0,0.9,-0.0013309390514418262,1.2683707457417503
2022-07-15,0.1,0.0,0.0,0.9,0.0006664550936209546,1.2692160578858496
2022-07-18,0.1,0.0,0.0,0.9,-0.00066596194503169,1.2683708082912746
2022-07-19,0.1,0.0,0.0,0.9,-0.002380196762932452,1.2653518361991818
2022-07-20,0.1,0.0,0.0,0.9,-0.0007636826474331837,1.2643855089589788
2022-07-21,0.1,0.0,0.0,0.9,0.005350318471337579,1.2711503741024535
2022-07-22,0.1,0.0,0.0,0.9,0.004463908822287888,1.276824673471864
2022-07-25,0.1,0.0,0.0,0.9,-0.001039588365011024,1.2754973013971636
2022-07-26,0.1,0.0,0.0,0.9,0.0004730866274179402,1.2761007221137621
2022-07-27,0.1,0.0,0.0,0.9,0.0025533256278238436,1.2793590227912197
2022-07-28,0.1,0.0,0.0,0.9,0.0028290025146688216,1.2829783326838604
2022-07-29,0.1,0.0,0.0,0.9,0.00047002297890126333,1.283581361981654
2022-08-01,0.1,0.0,0.0,0.9,0.001315377388036243,1.2852697558809096
2022-08-02,0.1,0.0,0.0,0.9,-0.006004378192432036,1.2775525101873058
2022-08-03,0.1,0.0,0.0,0.9,-0.0003777941022143572,1.2770698583836877
2022-08-04,0.1,0.0,0.0,0.9,0.0030236220472439346,1.2809312349633672
2022-08-05,0.1,0.0,0.0,0.9,-0.006497854975410666,1.2726079295651016
2022-08-08,0.1,0.0,0.0,0.9,0.002086846543001775,1.2752636670235111
2022-08-09,0.1,0.0,0.0,0.9,-0.0019873817034699592,1.2727292313445686
2022-08-10,0.1,0.0,0.0,0.9,0.0018020866266202917,1.2750227996716832
2022-08-11,0.1,0.0,0.0,0.9,-0.0021771140092554098,1.272246929672398
2022-08-12,0.1,0.0,0.0,0.9,0.00037954665260946373,1.272729806735848
2022-08-15,0.1,0.0,0.0,0.9,0.0020866266202971273,1.2753855186310288
2022-08-16,0.1,0.0,0.0,0.9,-0.0015140363789295952,1.2734545385586615
2022-08-17,0.1,0.0,0.0,0.9,-0.002559241706161064,1.2701954605926822
2022-08-18,0.1,0.0,0.0,0.9,0.0008555133079847232,1.2712821297129608
2022-08-19,0.1,0.0,0.0,0.9,-0.0025641025641025216,1.2680224319444662
2022-08-22,0.1,0.0,0.0,0.9,-0.002095238095238061,1.2653656230394397
2022-08-23,0.1,0.0,0.0,0.9,9.546033092919793e-05,1.2654864152605614
2022-08-24,0.1,0.0,0.0,0.9,-0.0017181037225581064,1.2633121783396555
2022-08-25,0.1,0.0,0.0,0.9,0.0017213898629264257,1.265486831117161
2022-08-26,0.1,0.0,0.0,0.9,-0.0008590518612791032,1.2643997122994657
2022-08-29,0.1,0.0,0.0,0.9,-0.0021019108280254774,1.2617420568532312
2022-08-30,0.1,0.0,0.0,0.9,-0.0004788252819748928,1.2611379028570788
2022-08-31,0.1,0.0,0.0,0.9,-0.00019163206643254548,1.2608962283946978
2022-09-01,0.1,0.0,0.0,0.9,-0.003833457565754317,1.256062636208327
2022-09-02,0.1,0.0,0.0,0.9,0.003657362848893109,1.2606565130298781
2022-09-06,0.1,0.0,0.0,0.9,-0.004792842688252197,1.2546143846790054
2022-09-07,0.1,0.0,0.0,0.9,0.002601991647928026,1.2578788808293107
2022-09-08,0.1,0.0,0.0,0.9,-0.0012491992312619771,1.256307539498358
2022-09-09,0.1,0.0,0.0,0.9,-0.0015396129584090202,1.2543733121307994
2022-09-12,0.1,0.0,0.0,0.9,-0.00048195351826080257,1.2537687624998055
2022-09-13,0.1,0.0,0.0,0.9,-0.004147021003000329,1.248569357108813
2022-09-14,0.1,0.0,0.0,0.9,-9.688879319627031e-05,1.248448384730581
2022-09-15,0.1,0.0,0.0,0.9,-0.0025193798449612004,1.2453030690326163
2022-09-16,0.1,0.0,0.0,0.9,0.001263226085078739,1.2468761683532468
2022-09-19,0.1,0.0,0.0,0.9,-0.0019407008086253508,1.2444563547650678
2022-09-20,0.1,0.0,0.0,0.9,-0.002042139384116637,1.2419150014311877
2022-09-21,0.1,0.0,0.0,0.9,0.0002923976608187884,1.242278134472542
2022-09-22,0.1,0.0,0.0,0.9,-0.00565118544982135,1.2352577903543795
2022-09-23,0.1,0.0,0.0,0.9,-0.0010785488615317918,1.2339255044708946
2022-09-26,0.1,0.0,0.0,0.9,-0.006184554973822043,1.226294224354893
2022-09-27,0.1,0.0,0.0,0.9,-0.0017792421746292142,1.2241123499524167
2022-09-28,0.1,0.0,0.0,0.9,0.00931000330141958,1.2355088399717822
2022-09-29,0.1,0.0,0.0,0.9,-0.002352684892713264,1.232602076989167
2022-09-30,0.1,0.0,0.0,0.9,-0.0013759965054056078,1.2309060208386742
2022-10-03,0.1,0.0,0.0,0.9,0.00462649021109045,1.2366007954948566
2022-10-04,0.1,0.0,0.0,0.9,0.001175190424374173,1.2380540369084956
2022-10-05,0.1,0.0,0.0,0.9,-0.0032275592262551614,1.234058144179069
2022-10-06,0.1,0.0,0.0,0.9,-0.0028465481513795464,1.2305453382500613
2022-10-07,0.1,0.0,0.0,0.9,-0.0023632385120351154,1.2276372661159034
2022-10-10,0.1,0.0,0.0,0.9,0.0,1.2276372661159034
2022-10-11,0.1,0.0,0.0,0.9,-0.0007898200965335556,1.2266676535318717
2022-10-12,0.1,0.0,0.0,0.9,0.0015810276679840696,1.2286070490315268
2022-10-13,0.1,0.0,0.0,0.9,-0.003649715037264223,1.2241229834097878
2022-10-14,0.1,0.0,0.0,0.9,-0.0016837240013206302,1.2220618981620524
2022-10-17,0.1,0.0,0.0,0.9,0.0009922822491731376,1.2232745284909892
2022-10-18,0.1,0.0,0.0,0.9,0.001288546255506673,1.224850774304133
2022-10-19,0.1,0.0,0.0,0.9,-0.004354998350379513,1.2195165512025774
2022-10-20,0.1,0.0,0.0,0.9,-0.0029837551110619364,1.2158778124599021
2022-10-21,0.1,0.0,0.0,0.9,0.0029936800088700365,1.2195177615602921
2022-10-24,0.1,0.0,0.0,0.9,-0.00039783401480821825,1.2190325959130808
2022-10-25,0.1,0.0,0.0,0.9,0.0038805970149253357,1.2237631701658778
2022-10-26,0.1,0.0,0.0,0.9,0.0017833553500660626,1.225945574762607
2022-10-27,0.1,0.0,0.0,0.9,0.0034607778510218792,1.2301883000543035
2022-10-28,0.1,0.0,0.0,0.9,-0.0026595162525994034,1.2269165942765514
2022-10-31,0.1,0.0,0.0,0.9,-0.002074643249176622,1.2243711800469328
2022-11-01,0.1,0.0,0.0,0.9,-0.0007921663549345204,1.223401274392148
2022-11-02,0.1,0.0,0.0,0.9,-0.0006937561942517601,1.222552532179983
2022-11-03,0.1,0.0,0.0,0.9,-0.0027771655278819086,1.2191573014315882
2022-11-04,0.1,0.0,0.0,0.9,0.0003979659518019485,1.2196424845274485
2022-11-07,0.1,0.0,0.0,0.9,-0.0014917127071823466,1.2178231283350596
2022-11-08,0.1,0.0,0.0,0.9,0.0025899280575539807,1.2209772026242727
2022-11-09,0.1,0.0,0.0,0.9,0.0017878821322149907,1.2231601659486866
2022-11-10,0.1,0.0,0.0,0.9,0.010210375592025422,1.2356490906522266
2022-11-11,0.1,0.0,0.0,0.9,0.0,1.2356490906522266
2022-11-14,0.1,0.0,0.0,0.9,-0.001862339359616616,1.2333478927160304
2022-11-15,0.1,0.0,0.0,0.9,0.0029466331987341612,1.2369821165622963
2022-11-16,0.1,0.0,0.0,0.9,0.002055912107037972,1.2395252430719264
2022-11-17,0.1,0.0,0.0,0.9,-0.0030280008682440295,1.235771959559694
2022-11-18,0.1,0.0,0.0,0.9,-0.001960143743874554,1.2333496688843075
2022-11-21,0.1,0.0,0.0,0.9,-0.0002946633198734561,1.2329862459763092
2022-11-22,0.1,0.0,0.0,0.9,0.0015720524017468485,1.234924564965617
2022-11-23,0.1,0.0,0.0,0.9,0.0018635571054925527,1.2372259174134062
2022-11-25,0.1,0.0,0.0,0.9,0.00019575856443714292,1.2374681149828834
2022-11-28,0.1,0.0,0.0,0.9,0.0002935739915190361,1.2378314034367766
2022-11-29,0.1,0.0,0.0,0.9,-0.0013695652173912666,1.2361361126016348
2022-11-30,0.1,0.0,0.0,0.9,0.005290659699542877,1.2426760881157257
2022-12-01,0.1,0.0,0.0,0.9,0.0046753246753244776,1.2484860022939288
2022-12-02,0.1,0.0,0.0,0.9,0.00048449612403103084,1.2490908889229473
2022-12-05,0.1,0.0,0.0,0.9,-0.0049392015495534295,1.242921377268846
2022-12-06,0.1,0.0,0.0,0.9,0.002142393421337352,1.2455842038507465
2022-12-07,0.1,0.0,0.0,0.9,0.003983160621761606,1.250545565802613
2022-12-08,0.1,0.0,0.0,0.9,-0.002708221386351406,1.2471588115566994
2022-12-09,0.1,0.0,0.0,0.9,-0.002037296539829647,1.244617979225297
2022-12-12,0.1,0.0,0.0,0.9,-0.0008751080380294596,1.2435288040274008
2022-12-13,0.88,0.12,0.0,0.0,0.004379798853682316,1.2489752100578009
2022-12-14,0.1,0.0,0.0,0.9,3.9656311962978915e-05,1.249024739808365
2022-12-15,0.1,0.0,0.0,0.9,0.00029019776440235566,1.2493872039955405
2022-12-16,0.1,0.0,0.0,0.9,-9.67014075425765e-05,1.2492663864943485
2022-12-19,0.1,0.0,0.0,0.9,-0.002901353965183684,1.2456418225103225
2022-12-20,0.88,0.12,0.0,0.0,-0.0021345407503234105,1.2429829492798672
2022-12-21,0.88,0.12,0.0,0.0,0.0006182795698924615,1.2437514602431314
2022-12-22,0.88,0.12,0.0,0.0,-0.00032092712279919056,1.2433523066655183
2022-12-23,0.88,0.12,0.0,0.0,-0.00013407821229049599,1.2431856002109933
2022-12-27,0.1,0.0,0.0,0.9,-0.0002818791946308874,1.242835172055229
2022-12-28,0.1,0.0,0.0,0.9,-0.0005866376969039244,1.2421060780922635
2022-12-29,0.1,0.0,0.0,0.9,0.0010762039352103737,1.243442837541455
2022-12-30,0.1,0.0,0.0,0.9,-0.00039087947882732177,1.2429568012531653
2023-01-03,0.1,0.0,0.0,0.9,0.0011731479469911487,1.2444149734727543
2023-01-04,0.1,0.0,0.0,0.9,0.0026361466695595803,1.2476954338606245
2023-01-05,0.1,0.0,0.0,0.9,-0.001557598702001084,1.2457520250723506
2023-01-06,0.88,0.12,0.0,0.0,0.0063387149203596675,1.2536484920207451
2023-01-09,0.88,0.12,0.0,0.0,0.0006626905235255265,1.2544792729962395
2023-01-10,0.88,0.12,0.0,0.0,-9.226713532514363e-05,1.2543635257873953
2023-01-11,0.88,0.12,0.0,0.0,0.00046169066725294523,1.2549426537205939
2023-01-12,0.05,0.12,0.83,0.0,0.0005650459921156336,1.2556517540374137
2023-01-13,0.88,0.12,0.0,0.0,-0.0016857295563869356,1.2535350647631038
2023-01-17,0.05,0.12,0.8299999999999998,0.0,-2.615803814713935e-05,1.253502274745061
2023-01-18,0.05,0.12,0.8299999999999998,0.0,0.005977875321181569,1.2609955550583045
2023-01-19,0.05,0.12,0.8299999999999998,0.0,-0.0019530111998411533,1.2585328166163257
2023-01-20,0.05,0.12,0.8299999999999998,0.0,-0.0026589037554362047,1.2551864989838848
2023-01-23,0.88,0.12,0.0,0.0,-0.0008176531612803837,1.2541601917749943
2023-01-24,0.05,0.12,0.83,0.0,-3.936577364680005e-05,1.254110820788768
2023-01-25,0.05,0.0,0.95,0.0,0.00027541372808060683,1.2544562201253477
2023-01-26,0.05,0.0,0.95,0.0,-0.0007091064192792539,1.253566677166952
2023-01-27,0.05,0.12,0.8299999999999998,0.0,-0.000608259524063448,1.2528041832965167
2023-01-30,0.05,0.12,0.8299999999999998,0.0,-0.0016078428307651823,1.2507898710720506
2023-01-31,0.05,0.12,0.8299999999999998,0.0,0.004082973121249606,1.2558968124959689
2023-02-01,0.05,0.12,0.6794950634625627,0.1505049365374373,0.0039016397595606107,1.2607968694335085
2023-02-02,0.05,0.12,0.7327844896582261,0.09721551034177374,0.00263663555090367,1.2641211312819252
2023-02-03,0.05,0.12,0.8300000000000001,0.0,-0.005576296334665426,1.2570720172509846
2023-02-06,0.05,0.12,0.8300000000000001,0.0,-0.005199300736513217,1.2505361217858415
2023-02-07,0.88,0.12,0.0,0.0,-0.0005721423541709458,1.2498206371051472
2023-02-08,0.1,0.0,0.0,0.9,-0.0001962494548626381,1.2495753604864392
2023-02-09,0.1,0.0,0.0,0.9,-0.0021329311644941898,1.2469101022576736
2023-02-10,0.1,0.0,0.0,0.9,-0.0017492711370261983,1.2447289184053278
2023-02-13,0.1,0.0,0.0,0.9,0.0005842259006813899,1.2454561212787874
2023-02-14,0.1,0.0,0.0,0.9,-0.0030165423289002626,1.241699150170162
2023-02-15,0.1,0.0,0.0,0.9,-0.0006834454328488838,1.2408505165570058
2023-02-16,0.1,0.0,0.0,0.9,-0.0011725111279992095,1.2393956055181592
2023-02-17,0.1,0.0,0.0,0.9,0.0015653875421242525,1.2413357399588008
2023-02-21,0.1,0.0,0.0,0.9,-0.004492674986435197,1.2357588219301199
2023-02-22,0.1,0.0,0.0,0.9,0.0005889409968371063,1.2364866109625576
2023-02-23,0.1,0.0,0.0,0.9,0.0012752043596729434,1.2380633840795343
2023-02-24,0.1,0.0,0.0,0.9,-0.0031345232912493803,1.234182645566094
2023-02-27,0.1,0.0,0.0,0.9,0.0011795543905635864,1.2356384311244288
2023-02-28,0.1,0.0,0.0,0.9,0.0005890052356020137,1.236366228629672
2023-03-01,0.1,0.0,0.0,0.9,-0.0034336167429692035,1.2321210208466074
2023-03-02,0.1,0.0,0.0,0.9,-0.0013787066418645578,1.230422287411585
2023-03-03,0.1,0.0,0.0,0.9,0.0025643835616438572,1.2335775620993035
2023-03-06,0.1,0.0,0.0,0.9,-0.0006884493497978817,1.232728306428751
2023-03-07,0.1,0.0,0.0,0.9,-0.0016732283464567122,1.230665670482955
2023-03-08,0.1,0.0,0.0,0.9,-0.0006902596691135354,1.229816191604458
2023-03-09,0.1,0.0,0.0,0.9,0.004046052631578823,1.2347920926428577
2023-03-10,0.1,0.0,0.0,0.9,0.008940072044536552,1.2458312229111088
2023-03-13,0.1,0.0,0.0,0.9,0.009922178988327012,1.2581925832940792
2023-03-14,0.1,0.0,0.0,0.9,-0.005195638229634403,1.251655469808074
2023-03-15,0.1,0.0,0.0,0.9,0.008419354838709814,1.2621936013442003
2023-03-16,0.1,0.0,0.0,0.9,-0.005656759348034535,1.255053675890767
2023-03-17,0.1,0.0,0.0,0.9,0.007043310463121788,1.263893408577948
2023-03-20,0.05,0.0,0.14016288544784347,0.8098371145521565,-0.0022018934155941363,1.2611104500035875
2023-03-21,0.05,0.0,0.2856241509808173,0.6643758490191827,-0.004814598784928376,1.2550387091633397
2023-03-22,0.05,0.08915618139642784,0.36289933342934305,0.49794448517422907,0.007765576364270305,1.2647848080994628
2023-03-23,0.05,0.08915618139642784,0.36289933342934305,0.49794448517422907,0.0032187544540174425,1.2688558398339065
2023-03-24,0.05,0.08915618139642784,0.36289933342934305,0.49794448517422907,-0.0007224723782228443,1.2679391265376796
2023-03-27,0.05,0.08915618139642784,0.36289933342934305,0.49794448517422907,-0.005300841452146342,1.2612179822569305
2023-03-28,0.05,0.0,0.3399801259048117,0.6100198740951883,-0.001396104444809909,1.2594571902260274
2023-03-29,0.05,0.12,0.3562167808553841,0.4737832191446159,-0.0006150987926844208,1.2586824996288817
2023-03-30,0.05,0.12,0.3562167808553841,0.4737832191446159,0.0013128143496800098,1.2603349160760857
2023-03-31,0.05,0.12,0.48919250089004906,0.34080749910995095,0.004708609632142118,1.2662693412016466
2023-04-03,0.05,0.12,0.48919250089004906,0.34080749910995095,0.002927726009560033,1.2699766308869909
2023-04-04,0.05,0.12,0.48919250089004906,0.34080749910995095,0.0031829441003833675,1.2740188955118974
2023-04-05,0.05,0.12,0.48919250089004906,0.34080749910995095,0.0005515271627685634,1.2747215515386525
2023-04-06,0.05,0.12,0.48919250089004906,0.34080749910995095,-4.124873377057456e-05,1.2746689708887415
2023-04-10,0.05,0.12,0.48919250089004906,0.34080749910995095,-0.004747973973880706,1.2686168757896485
2023-04-11,0.05,0.12,0.48919250089004906,0.34080749910995095,0.00030299902239843286,1.269001265462811
2023-04-12,0.05,0.12,0.48919250089004906,0.34080749910995095,0.0019828684177067317,1.271517527994127
2023-04-13,0.05,0.12,0.5538313968050361,0.27616860319496384,-8.816807907421095e-05,1.2714054207361747
2023-04-14,0.05,0.12,0.5538313968050361,0.27616860319496384,-0.0024297529068475895,1.2683162197193592
2023-04-17,0.05,0.12,0.6293491846729367,0.20065081532706347,-0.002676195558474904,1.2649219574854045
2023-04-18,0.05,0.12,0.6293491846729367,0.20065081532706347,0.0007594268565481193,1.2658825731913563
2023-04-19,0.05,0.12,0.6293491846729367,0.20065081532706347,-0.0014004156209872199,1.2641098114615237
2023-04-20,0.05,0.12,0.5352845970065716,0.29471540299342824,0.0019690995555405643,1.266598969529427
2023-04-21,0.05,0.12,0.5864730461835297,0.24352695381647027,-0.0007975516634477248,1.2655887914143578
2023-04-24,0.05,0.12,0.5864730461835297,0.24352695381647027,0.0022619523137826373,1.2684514929093949
2023-04-25,0.05,0.12,0.4826013156950555,0.34739868430494447,0.0048346215665221485,1.274583975853102
2023-04-26,0.05,0.12,0.4826013156950555,0.34739868430494447,-0.0022508547009653023,1.2717150725192778
2023-04-27,0.05,0.12,0.4826013156950555,0.34739868430494447,-0.0031736289976567094,1.2676791206883735
2023-04-28,0.05,0.12,0.4826013156950555,0.34739868430494447,0.0032249341147377727,1.2717673023312221
2023-05-01,0.05,0.12,0.4826013156950555,0.34739868430494447,-0.004369740091841575,1.2662100097627322
2023-05-02,0.05,0.09807990163414058,0.4314502813512154,0.42046981701464403,0.004610389365635639,1.2720477309264038
2023-05-03,0.05,0.09807990163414058,0.4314502813512154,0.42046981701464403,0.0034638929837830807,1.276453968136597
2023-05-04,0.05,0.09807990163414058,0.4314502813512154,0.42046981701464403,-0.0007520816813763511,1.2754939704900414
2023-05-05,0.05,0.09807990163414058,0.4314502813512154,0.42046981701464403,-0.0025162764136127808,1.272284475096392
2023-05-08,0.05,0.10417327388184312,0.37382903049648786,0.4719976956216691,-0.00300414383704323,1.2684623495315652
2023-05-09,0.05,0.10417327388184312,0.37382903049648786,0.4719976956216691,-0.0006397279420840393,1.2676508787230885
2023-05-10,0.05,0.10417327388184312,0.37382903049648786,0.4719976956216691,0.004083254559091849,1.2728270199529714
2023-05-11,0.05,0.05,0.381546830064539,0.5184531699354612,0.0009816683158307873,1.2740765139099925
2023-05-12,0.05,0.05,0.381546830064539,0.5184531699354612,-0.002827669864899335,1.2704738461460332
2023-05-15,0.05,0.05,0.381546830064539,0.5184531699354612,-0.0007804170430704275,1.2694823467037257
2023-05-16,0.05,0.0,0.3747795786701476,0.5752204213298524,-0.001988033033206286,1.2669585738634066
2023-05-17,0.05,0.05115670421675876,0.3537054917364164,0.5451378040468248,-0.0021458116931175205,1.264239919340915
2023-05-18,0.05,0.0,0.33176799589022393,0.618232004109776,-0.003366766625768111,1.2599835185735144
2023-05-19,0.05,0.0,0.33176799589022393,0.618232004109776,-0.001480120488716659,1.2581185911522283
2023-05-22,0.05,0.052419721170739876,0.3102119522137256,0.5873683266155345,-0.0005043503169621997,1.2574840586420046
2023-05-23,0.05,0.0,0.35763153368845435,0.5923684663115455,0.0005121103639567381,1.2581280292609456
2023-05-24,0.05,0.0,0.1967295267170565,0.7532704732829435,-0.0018728571026199224,1.255771735245339
2023-05-25,0.05,0.0,0.0,0.95,-0.004013826872563029,1.2507312849086063
2023-05-26,0.05,0.0,0.0,0.95,-0.001126320327656799,1.2493225608379774
2023-05-30,0.05,0.0,0.4334900984890726,0.5165099015109273,0.00512571490234156,1.2557262321058962
2023-05-31,0.05,0.0,0.4334900984890726,0.5165099015109273,0.002513674300679519,1.25888271886423
2023-06-01,0.05,0.12,0.4179583116239266,0.4120416883760733,0.0017216522422072093,1.2610500771198385
2023-06-02,0.05,0.12,0.5913604655887846,0.23863953441121546,-0.0029038846629881924,1.2573881331416301
2023-06-05,0.05,0.12,0.5913604655887846,0.23863953441121546,0.00033107669882082133,1.2578044250538873
2023-06-06,0.05,0.12,0.7278913805526196,0.10210861944738027,-0.0003203913312387658,1.2574014354197063
2023-06-07,0.88,0.12,0.0,0.0,-0.0027846996422365516,1.2538999500923453
2023-06-08,0.05,0.12,0.8299999999999998,0.0,5.302109797856502e-05,1.2539664332444544
2023-06-09,0.88,0.12,0.0,0.0,-0.0019466928093401833,1.2515253458057034
2023-06-12,0.05,0.12,0.8299999999999998,0.0,-3.97131825703223e-05,1.251475643751154
2023-06-13,0.88,0.12,0.0,0.0,-0.0024828243065586615,1.2483684496037826
2023-06-14,0.88,0.12,0.0,0.0,-7.93213616833821e-05,1.2482694273184773
2023-06-15,0.05,0.12,0.8300000000000001,0.0,0.0002381214860544567,1.2485666670895068
2023-06-16,0.88,0.12,0.0,0.0,-0.001326082941703415,1.2469109641307
2023-06-20,0.88,0.12,0.0,0.0,-0.00019801980198020706,1.2466640510684959
2023-06-21,0.05,0.12,0.8299999999999998,0.0,-0.000383471074380175,1.2461859914654414
2023-06-22,0.05,0.12,0.8299999999999998,0.0,-0.0026625000882870517,1.2428680211531427
2023-06-23,0.05,0.12,0.8299999999999998,0.0,0.0009610499676805226,1.2440624794247028
2023-06-26,0.05,0.12,0.8299999999999998,0.0,0.0011488886326495782,1.2454917686656197
2023-06-27,0.05,0.12,0.8299999999999998,0.0,-0.0014030430800131763,1.2437442900583802
2023-06-28,0.05,0.12,0.8299999999999998,0.0,0.0021711260043617764,1.2464446156293023
2023-06-29,0.88,0.12,0.0,0.0,-0.0040201422074704575,1.2414337310207366
2023-06-30,0.88,0.12,0.0,0.0,0.0004247317774582626,1.2419610073759095
2023-07-03,0.88,0.12,0.0,0.0,2.645211065798847e-05,1.2419938598659095
2023-07-05,0.1,0.0,0.0,0.9,-0.00022479338842975593,1.2417146678577413
2023-07-06,0.1,0.0,0.0,0.9,-0.0035194438409732465,1.2373445228177034
2023-07-07,0.1,0.0,0.0,0.9,0.0005888767720829913,1.2380731662662547
2023-07-10,0.1,0.0,0.0,0.9,0.002844376634699075,1.2415947126524303
2023-07-11,0.1,0.0,0.0,0.9,0.00039109179793601624,1.2420802901609094
2023-07-12,0.1,0.0,0.0,0.9,0.004984254533608268,1.2482711344782493
2023-07-13,0.88,0.12,0.0,0.0,0.004373650107991312,1.2537306356603626
2023-07-14,0.88,0.12,0.0,0.0,-0.00017028708656259716,1.2535171415230817
2023-07-17,0.88,0.12,0.0,0.0,-0.00020988194140796778,1.2532540509118306
2023-07-18,0.88,0.12,0.0,0.0,0.0002890932982917338,1.2536163582590063
2023-07-19,0.88,0.12,0.0,0.0,0.00013109023377757544,1.253780695120478
2023-07-20,0.1,0.0,0.0,0.9,-0.00043212570929724415,1.2532389042482959
2023-07-21,0.88,0.12,0.0,0.0,0.00019444744517678193,1.253482593351423
2023-07-24,0.88,0.12,0.0,0.0,9.192383453711982e-05,1.2535978182779295
2023-07-25,0.88,0.12,0.0,0.0,-0.00017058501913615575,1.2533839732701095
2023-07-26,0.1,0.0,0.0,0.9,-3.942181340339523e-05,1.2533345626009924
2023-07-27,0.1,0.0,0.0,0.9,-0.004279230602982564,1.2479712549849344
2023-07-28,0.1,0.0,0.0,0.9,0.0019543973941368088,1.2504102867536346
2023-07-31,0.88,0.12,0.0,0.0,0.0007800650054171632,1.251385688060745
2023-08-01,0.88,0.12,0.0,0.0,-0.0003797054009820044,1.2509105301562768
2023-08-02,0.1,0.0,0.0,0.9,-0.0004991243432574421,1.2502861702594388
2023-08-03,0.1,0.0,0.0,0.9,-0.002148437500000011,1.247600008565522
2023-08-04,0.88,0.12,0.0,0.0,0.004600826626060562,1.2533399999036037
2023-08-07,0.88,0.12,0.0,0.0,0.00013179571663922472,1.2535051847470835
2023-08-08,0.88,0.12,0.0,0.0,1.3165112451982708e-05,1.2535216872837998
2023-08-09,0.88,0.12,0.0,0.0,0.00015796401930671776,1.2537196986078114
2023-08-10,0.88,0.12,0.0,0.0,0.0001446099912357468,1.253900999002439
2023-08-11,0.88,0.12,0.0,0.0,-0.00028887186781922924,1.2535387822787967
2023-08-14,0.88,0.12,0.0,0.0,-0.00015794669299112218,1.2533407899735998
2023-08-15,0.88,0.12,0.0,0.0,-0.00022405271828665807,1.2530599755626666
2023-08-16,0.88,0.12,0.0,0.0,-7.922535211267512e-05,1.2529607014448843
2023-08-17,0.88,0.12,0.0,0.0,-0.000541730896278354,1.2522819339210889
2023-08-18,0.88,0.12,0.0,0.0,-0.00019909302068354061,1.252032613328117
2023-08-21,0.88,0.12,0.0,0.0,-0.00013294925769999022,1.2518661565215587
2023-08-22,0.88,0.12,0.0,0.0,0.00013309671694766934,1.2520327757970497
2023-08-23,0.88,0.12,0.0,0.0,0.0005317970307999075,1.2526986031096827
2023-08-24,0.88,0.12,0.0,0.0,-0.0001455989410986147,1.2525162115195543
2023-08-25,0.88,0.12,0.0,0.0,-1.325234676972542e-05,1.2524996127403845
2023-08-28,0.88,0.12,0.0,0.0,0.0002783300198807126,1.2528482209824992
2023-08-29,0.05,0.12,0.83,0.0,0.00042314049586776646,1.2533783517999726
2023-08-30,0.05,0.12,0.83,0.0,0.00036637210040356026,1.2538375546593217
2023-08-31,0.05,0.12,0.83,0.0,0.0016794712827658675,1.2559433388256254
2023-09-01,0.88,0.12,0.0,0.0,-0.002276373081292521,1.253084343217494
2023-09-05,0.88,0.12,0.0,0.0,-0.0003943044906900317,1.2525902464337502
2023-09-06,0.88,0.12,0.0,0.0,-0.00035604395604395213,1.2521442692471079
2023-09-07,0.88,0.12,0.0,0.0,6.613027664499782e-05,1.2522270738940324
2023-09-08,0.88,0.12,0.0,0.0,0.00011896893588896339,1.2523760500165049
2023-09-11,0.88,0.12,0.0,0.0,6.602839220864353e-05,1.252458742393528
2023-09-12,0.88,0.12,0.0,0.0,-9.23889133304101e-05,1.252343029091327
2023-09-13,0.88,0.12,0.0,0.0,7.925151348375792e-05,1.2524422791717835
2023-09-14,0.88,0.12,0.0,0.0,0.00015839841601585468,1.2526406640449557
2023-09-15,0.88,0.12,0.0,0.0,-0.00018455454245853265,1.2524094835203379
2023-09-18,0.88,0.12,0.0,0.0,-0.00013202772582241007,1.2522441307444303
2023-09-19,0.88,0.12,0.0,0.0,-0.00021147703491575243,1.2519793098686698
2023-09-20,0.88,0.12,0.0,0.0,5.2962595167169724e-05,1.2520456179420159
2023-09-21,0.88,0.12,0.0,0.0,-0.0006882099922796891,1.2511839476369582
2023-09-22,0.88,0.12,0.0,0.0,7.986688851911338e-05,1.2512838758058211
2023-09-25,0.1,0.0,0.0,0.9,-0.0003724642500831221,1.250817817295378
2023-09-26,0.1,0.0,0.0,0.9,-9.867339107544337e-05,1.250694394859728
2023-09-27,0.1,0.0,0.0,0.9,-0.001973684210526372,1.2482259190803995
2023-09-28,0.1,0.0,0.0,0.9,0.001978021978021971,1.250694937381877
2023-09-29,0.1,0.0,0.0,0.9,0.000493421052631593,1.251312056594401
2023-10-02,0.1,0.0,0.0,0.9,-0.003057534246575322,1.247486127128211
2023-10-03,0.1,0.0,0.0,0.9,-0.00277105784033429,1.244029270914924
2023-10-04,0.1,0.0,0.0,0.9,0.002978160158835119,1.2477341893259877
2023-10-05,0.1,0.0,0.0,0.9,0.001088390501319214,1.2490922113658214
2023-10-06,0.1,0.0,0.0,0.9,-0.0021741517514,1.2463764953468204
2023-10-09,0.1,0.0,0.0,0.9,0.0,1.2463764953468204
2023-10-10,0.1,0.0,0.0,0.9,0.0046560264171711776,1.2521796572348962
2023-10-11,0.1,0.0,0.0,0.9,0.000985545335085547,1.253413737054773
2023-10-12,0.1,0.0,0.0,0.9,-0.003642528987092608,1.248848141184731
2023-10-13,0.1,0.0,0.0,0.9,0.0020757825370675497,1.2514404783476516
2023-10-16,0.1,0.0,0.0,0.9,-0.002169625246548357,1.248725321491276
2023-10-17,0.1,0.0,0.0,0.9,-0.004547451669595837,1.2430468034431938
2023-10-18,0.1,0.0,0.0,0.9,-0.0013910355486862148,1.2413176811509237
2023-10-19,0.1,0.0,0.0,0.9,-0.0005970809376382058,1.2405765140259553
2023-10-20,0.1,0.0,0.0,0.9,0.0030869661429520747,1.2444061317224948
2023-10-23,0.1,0.0,0.0,0.9,0.0015878266622560532,1.2463820329571187
2023-10-24,0.1,0.0,0.0,0.9,0.0,1.2463820329571187
2023-10-25,0.1,0.0,0.0,0.9,-0.0030709961474957195,1.2425543985355996
2023-10-26,0.1,0.0,0.0,0.9,0.0031809145129224393,1.2465068578549972
2023-10-27,0.1,0.0,0.0,0.9,0.0012876953554918247,1.2481119789464459
2023-10-30,0.1,0.0,0.0,0.9,-0.0013847675568744334,1.2463836339706544
2023-10-31,0.1,0.0,0.0,0.9,0.0002971931755640922,1.2467540506808055
2023-11-01,0.1,0.0,0.0,0.9,0.004753521126760508,1.2526805224005908
2023-11-02,0.1,0.0,0.0,0.9,0.0011821366024518999,1.254161361897299
2023-11-03,0.88,0.12,0.0,0.0,0.0045255793616089555,1.259837168672829
2023-11-06,0.88,0.12,0.0,0.0,-7.942636514065793e-05,1.259737104385852
2023-11-07,0.88,0.12,0.0,0.0,-0.00018545093277404055,1.2595034849647937
2023-11-08,0.88,0.12,0.0,0.0,6.63349917081124e-05,1.259587034118025
2023-11-09,0.88,0.12,0.0,0.0,-0.00035801104972374984,1.259136088041722
2023-11-10,0.88,0.12,0.0,0.0,6.649673057739668e-05,1.2592198164749289
2023-11-13,0.88,0.12,0.0,0.0,1.3291980505112377e-05,1.259236554000181
2023-11-14,0.05,0.12,0.7599648898697625,0.07003511013023732,0.0011296932107653123,1.2606591049859828
2023-11-15,0.05,0.12,0.83,0.0,-0.00294757224257986,1.2569432212007705
2023-11-16,0.05,0.12,0.7565608644610122,0.07343913553898775,0.0031305313912564545,1.2608781214117664
2023-11-17,0.05,0.12,0.7565608644610122,0.07343913553898775,0.00046507279803954295,1.261464521527678
2023-11-20,0.05,0.12,0.8299999999999998,0.0,0.0010936427137781207,1.2628441130103365
2023-11-21,0.05,0.12,0.8299999999999998,0.0,0.000897588407050882,1.263977627246087
2023-11-22,0.05,0.12,0.8299999999999998,0.0,0.0005429793072275734,1.2646639409424802
2023-11-24,0.05,0.12,0.8299999999999998,0.0,-0.0016658021666159603,1.2625572610096172
2023-11-27,0.05,0.12,0.8299999999999998,0.0,0.003403694291823491,1.2668546199520159
2023-11-28,0.05,0.12,0.6852187570220711,0.14478124297792874,0.002627750159369979,1.2701835973814932
2023-11-29,0.05,0.12,0.6852187570220711,0.14478124297792874,0.003885874499940074,1.2751193714328002
2023-11-30,0.05,0.12,0.6852187570220711,0.14478124297792874,-0.0005775717588944995,1.2743828984946413
2023-12-01,0.05,0.12,0.6852187570220711,0.14478124297792874,0.004940064043847288,1.2806784316295885
2023-12-04,0.05,0.12,0.6852187570220711,0.14478124297792874,-0.0017286930366419827,1.2784645317426528
2023-12-05,0.05,0.12,0.6327996023025951,0.19720039769740472,0.002599987472559409,1.2817885235092954
2023-12-06,0.05,0.12,0.6327996023025951,0.19720039769740472,0.0011619982219825014,1.283277959494571
2023-12-07,0.05,0.12,0.6327996023025951,0.19720039769740472,-0.0002006097284517989,1.2830205214515884
2023-12-08,0.05,0.12,0.6327996023025951,0.19720039769740472,-0.0032239260980381616,1.2788841581081623
2023-12-11,0.05,0.12,0.6327996023025951,0.19720039769740472,-9.526397374421352e-05,1.2787623265213022
2023-12-12,0.05,0.12,0.6327996023025951,0.19720039769740472,0.0013038001651848666,1.2804295770538527
2023-12-13,0.05,0.12,0.6327996023025951,0.19720039769740472,0.00839976881614975,1.2911848894864655
2023-12-14,0.05,0.12,0.6327996023025951,0.19720039769740472,0.005736690108736328,1.2985920170705323
2023-12-15,0.05,0.12,0.6327996023025951,0.19720039769740472,-0.0009640122078190217,1.2973401585131
2023-12-18,0.05,0.12,0.6327996023025951,0.19720039769740472,-0.0009834709509006652,1.2960642621537655
2023-12-19,0.05,0.12,0.6327996023025951,0.19720039769740472,0.0008628205764073458,1.297182533067498
2023-12-20,0.05,0.12,0.6327996023025951,0.19720039769740472,0.0022329690087165713,1.3000791014624862
2023-12-21,0.05,0.12,0.6327996023025951,0.19720039769740472,-0.00034376580927214485,1.2996321787180543
2023-12-22,0.05,0.12,0.6327996023025951,0.19720039769740472,0.0001558741079442743,1.2998347577245677
2023-12-26,0.05,0.12,0.6327996023025951,0.19720039769740472,8.266864704300841e-05,1.2999422133053682
2023-12-27,0.05,0.12,0.6327996023025951,0.19720039769740472,0.0037658610343614045,1.3048376150333765
2023-12-28,0.05,0.12,0.6327996023025951,0.19720039769740472,-0.0012974639942436232,1.303144635209536
2023-12-29,0.05,0.12,0.6327996023025951,0.19720039769740472,-0.00038222396844540016,1.3026465420956077
2024-01-02,0.05,0.12,0.6327996023025951,0.19720039769740472,-0.0023657798829291154,1.2995647671117507
2024-01-03,0.05,0.12,0.6327996023025951,0.19720039769740472,-0.0005973503850987541,1.2987884715976556
2024-01-04,0.05,0.12,0.6327996023025951,0.19720039769740472,-0.002655464229572171,1.2953395852695473
2024-01-05,0.05,0.12,0.6327996023025951,0.19720039769740472,-0.001126427692146065,1.2938804788899667
2024-01-08,0.05,0.12,0.6327996023025951,0.19720039769740472,0.0016589631864490821,1.2960269789721102
2024-01-09,0.05,0.12,0.6327996023025951,0.19720039769740472,0.00057319428595324,1.2967698542308983
2024-01-10,0.05,0.12,0.6327996023025951,0.19720039769740472,0.0003955332785533917,1.2972827698628715
2024-01-11,0.05,0.12,0.6327996023025951,0.19720039769740472,0.002825134718693488,1.3009477684559738
2024-01-12,0.05,0.12,0.6327996023025951,0.19720039769740472,0.0022335144132196927,1.3038534540476663
2024-01-16,0.05,0.12,0.6327996023025951,0.19720039769740472,-0.0035976249991852335,1.2991626782661103
2024-01-17,0.05,0.12,0.6327996023025951,0.19720039769740472,-0.002835450965613108,1.2954789661955322
2024-01-18,0.05,0.12,0.6327996023025951,0.19720039769740472,-0.00019532279240777928,1.2952259296263493
2024-01-19,0.05,0.12,0.6327996023025951,0.19720039769740472,-0.00033762460243558267,1.294788629486795
2024-01-22,0.05,0.12,0.6327996023025951,0.19720039769740472,0.0013107559422108374,1.2964857813768016
2024-01-23,0.05,0.12,0.6327996023025951,0.19720039769740472,-0.0008062531540752986,1.2954404856263526
2024-01-24,0.05,0.12,0.6327996023025951,0.19720039769740472,-0.0007450823994987785,1.2944752757209144
2024-01-25,0.05,0.12,0.6327996023025951,0.19720039769740472,0.002545018822108019,1.2977697396623777
2024-01-26,0.05,0.12,0.6327996023025951,0.19720039769740472,-0.0004733852129512522,1.297155394657806
2024-01-29,0.05,0.12,0.6327996023025951,0.19720039769740472,0.0020810424584629407,1.2998548301093131
2024-01-30,0.05,0.12,0.6327996023025951,0.19720039769740472,-0.0004997692672237418,1.2992052026133722
2024-01-31,0.05,0.12,0.6327996023025951,0.19720039769740472,0.004340264747655264,1.3048440971542454
2024-02-01,0.05,0.12,0.5813392010368842,0.24866079896311571,0.0020589388938617474,1.307530691416302
2024-02-02,0.05,0.12,0.5813392010368842,0.24866079896311571,-0.005418828678580387,1.3004454066075315
2024-02-05,0.05,0.12,0.5813392010368842,0.24866079896311571,-0.004039862278098035,1.2951917862646518
2024-02-06,0.05,0.12,0.5813392010368842,0.24866079896311571,0.002815604951592822,1.298838534671321
2024-02-07,0.05,0.12,0.5813392010368842,0.24866079896311571,-0.0005836919579339867,1.2980804130639785
2024-02-08,0.05,0.12,0.5813392010368842,0.24866079896311571,-0.0014989398076307088,1.2961346686593311
2024-02-09,0.05,0.12,0.6340276889180332,0.19597231108196675,-0.0005595044137925549,1.2954094755913466
2024-02-12,0.05,0.12,0.6340276889180332,0.19597231108196675,0.0003379246236350824,1.295847226350839
2024-02-13,0.05,0.12,0.6340276889180332,0.19597231108196675,-0.006011855732619831,1.2880567797745022
2024-02-14,0.05,0.12,0.6340276889180332,0.19597231108196675,0.0022014421505849933,1.2908923622618445
2024-02-15,0.05,0.12,0.6340276889180332,0.19597231108196675,0.0016399366349649786,1.2930093439385142
2024-02-16,0.05,0.12,0.6340276889180332,0.19597231108196675,-0.0019342924225553143,1.2905082857622407
2024-02-20,0.05,0.12,0.6340276889180332,0.19597231108196675,0.0013031935650951617,1.292190067855948
2024-02-21,0.05,0.12,0.6340276889180332,0.19597231108196675,-0.0013646177792960505,1.2904267223151218
2024-02-22,0.05,0.12,0.6340276889180332,0.19597231108196675,0.000191701249625994,1.2906740987303404
2024-02-23,0.05,0.12,0.6992576439733921,0.130742356026608,0.0012245827098454703,1.2922546359156908
2024-02-26,0.05,0.12,0.6992576439733921,0.130742356026608,-0.0013454628933634166,1.2905159552542893
2024-02-27,0.05,0.12,0.6992576439733921,0.130742356026608,-0.0008022184919123776,1.2894806794908762
2024-02-28,0.05,0.12,0.6992576439733921,0.130742356026608,0.0009002467666267304,1.2906415303032155
2024-02-29,0.05,0.12,0.6992576439733921,0.130742356026608,0.0009866604273014719,1.2919149552269975
2024-03-01,0.05,0.12,0.6992576439733921,0.130742356026608,0.002502412979611454,1.2951478599795117
2024-03-04,0.05,0.12,0.6992576439733921,0.130742356026608,-0.0007460792240632675,1.294181577069091
2024-03-05,0.05,0.12,0.6992576439733921,0.130742356026608,0.002006627637222962,1.2967785175892228
2024-03-06,0.05,0.12,0.6992576439733921,0.130742356026608,0.0009832057384404921,1.2980535176692027
2024-03-07,0.05,0.12,0.6992576439733921,0.130742356026608,0.0013201693376133318,1.2997671681218106
2024-03-08,0.05,0.12,0.6992576439733921,0.130742356026608,0.0011438764695529758,1.3012539412013227
2024-03-11,0.05,0.12,0.6992576439733921,0.130742356026608,-0.0009253529736152832,1.3000498219974035
2024-03-12,0.05,0.12,0.6992576439733921,0.130742356026608,-0.0014521236870071639,1.2981619888565916
2024-03-13,0.05,0.12,0.6992576439733921,0.130742356026608,-0.0005180638077022094,1.2974894581136303
2024-03-14,0.05,0.12,0.6992576439733921,0.130742356026608,-0.0031632896124462306,1.293385123188521
2024-03-15,0.05,0.12,0.755668188161813,0.0743318118381868,-0.0010176982866757884,1.29206884736464
2024-03-18,0.05,0.12,0.755668188161813,0.0743318118381868,9.057777662160428e-05,1.2921858800880763
2024-03-19,0.05,0.12,0.755668188161813,0.0743318118381868,0.0016106680366277948,1.2942671625825162
2024-03-20,0.05,0.12,0.755668188161813,0.0743318118381868,0.0013588471553015345,1.2960258738345916
2024-03-21,0.05,0.12,0.755668188161813,0.0743318118381868,0.0006467728400623575,1.2968641081698058
2024-03-22,0.05,0.12,0.7053110126235256,0.1246889873764744,0.0018902595766586696,1.2993155179698985
2024-03-25,0.05,0.12,0.7053110126235256,0.1246889873764744,-0.0012207949536244028,1.297729320142395
2024-03-26,0.05,0.12,0.7053110126235256,0.1246889873764744,5.169632858555328e-05,1.297796407983744
2024-03-27,0.05,0.12,0.7053110126235256,0.1246889873764744,0.0011369940684510004,1.2992719948016784
2024-03-28,0.05,0.12,0.7053110126235256,0.1246889873764744,-0.0005390251756027102,1.298571654486525
2024-04-01,0.05,0.12,0.7053110126235256,0.1246889873764744,-0.0028475914210269013,1.2948738529836203
2024-04-02,0.05,0.12,0.7053110126235256,0.1246889873764744,-0.0006280014919320613,1.2940606702720827
2024-04-03,0.05,0.12,0.7053110126235256,0.1246889873764744,0.0008864007883259995,1.2952077266703537
2024-04-04,0.05,0.12,0.7053110126235256,0.1246889873764744,0.0014147170452972024,1.2970400791184749
2024-04-05,0.05,0.12,0.7694017337062382,0.060598266293761756,-0.0031724171611440277,1.2929253269127878
2024-04-08,0.05,0.12,0.7694017337062382,0.060598266293761756,-0.0008273647724392855,1.2918556060439057
2024-04-09,0.05,0.12,0.7694017337062382,0.060598266293761756,0.0019997704423602627,1.2944390207006697
2024-04-10,0.05,0.12,0.83,0.0,-0.007221344024186237,1.2850914312138595
2024-04-11,0.05,0.12,0.83,0.0,-0.0006819751427792474,1.284215030801573
2024-04-12,0.05,0.12,0.83,0.0,0.0010059904971326228,1.2855069389188343
2024-04-15,0.05,0.12,0.83,0.0,-0.003186802637979795,1.2814102820147464
2024-04-16,0.05,0.12,0.83,0.0,-0.00303482376000569,1.2775214276445723
2024-04-17,0.05,0.12,0.83,0.0,0.002519561407848483,1.2807402213313652
2024-04-18,0.05,0.12,0.83,0.0,-0.001667204669819623,1.2786049652535358
2024-04-19,0.05,0.12,0.83,0.0,0.0007480120666821643,1.279561377196065
2024-04-22,0.05,0.12,0.83,0.0,0.000762926240372701,1.2805375881468954
2024-04-23,0.05,0.12,0.83,0.0,0.002038984966529551,1.2831485850382032
2024-04-24,0.05,0.12,0.83,0.0,-0.0011480053412727042,1.2816755236089328
2024-04-25,0.05,0.12,0.83,0.0,-0.0023645053817163073,1.2786449949357455
2024-04-26,0.05,0.12,0.83,0.0,0.001572531142643787,1.2806557040106674
2024-04-29,0.05,0.12,0.83,0.0,0.0018468547898303012,1.283020889131743
2024-04-30,0.05,0.12,0.83,0.0,-0.0018259713769633455,1.2806781297121423
2024-05-01,0.05,0.12,0.83,0.0,0.001959540076912256,1.2831876698329385
2024-05-02,0.05,0.12,0.83,0.0,0.0031556301906733087,1.287236935584163
2024-05-03,0.05,0.12,0.7702060273211173,0.05979397267888247,0.0036616890333450746,1.2919503969545085
2024-05-06,0.05,0.12,0.7702060273211173,0.05979397267888247,0.0007647914610586652,1.2929384695862107
2024-05-07,0.05,0.12,0.7702060273211173,0.05979397267888247,0.0007264751635012103,1.2938777572723004
2024-05-08,0.05,0.12,0.7702060273211173,0.05979397267888247,-0.0012144706193082963,1.2923063807511166
2024-05-09,0.05,0.12,0.7045801550711757,0.12541984492882433,0.0007456199876393256,1.2932699502187583
2024-05-10,0.05,0.12,0.7045801550711757,0.12541984492882433,-0.0015880862915178902,1.291216125939584
2024-05-13,0.05,0.12,0.7565162506028261,0.07348374939717381,0.0002267958332061607,1.2915089683767156
2024-05-14,0.05,0.12,0.7565162506028261,0.07348374939717381,0.0013265391752204647,1.2932222056184157
2024-05-15,0.05,0.12,0.7004494994718544,0.12955050052814546,0.0038709212852975137,1.2982281669807634
2024-05-16,0.05,0.12,0.7004494994718544,0.12955050052814546,-0.0010777373913420129,1.2968290179427149
2024-05-17,0.05,0.12,0.7004494994718544,0.12955050052814546,-0.0011633038324816893,1.2953204117760686
2024-05-20,0.05,0.12,0.7004494994718544,0.12955050052814546,-0.00039083113497694765,1.2948141602293755
2024-05-21,0.05,0.12,0.7004494994718544,0.12955050052814546,0.0009521555369078642,1.2960470247013045
2024-05-22,0.05,0.12,0.7004494994718544,0.12955050052814546,-0.0011631981013950539,1.2945394652628532
2024-05-23,0.05,0.12,0.7671412529992618,0.06285874700073803,-0.0020540092120245918,1.2918804692758739
2024-05-24,0.05,0.12,0.7671412529992618,0.06285874700073803,0.00023213632271452717,1.2921803616573981
2024-05-28,0.05,0.12,0.8299999999999998,0.0,-0.0018360184598977725,1.2898078946598777
2024-05-29,0.05,0.12,0.8299999999999998,0.0,-0.0022479171368133795,1.2869085133902745
2024-05-30,0.05,0.12,0.8299999999999998,0.0,0.002213140277120342,1.2897566224542276
2024-05-31,0.05,0.12,0.8299999999999998,0.0,0.0031793386702707125,1.2938571955592342
2024-06-03,0.05,0.12,0.7709291028328659,0.05907089716713407,0.0029525161866331,1.2976773298723145
2024-06-04,0.05,0.12,0.7709291028328659,0.05907089716713407,0.0020282555648793426,1.300309351138046
2024-06-05,0.05,0.12,0.6859844896470887,0.14401551035291144,0.0013398202109499758,1.302051531887188
2024-06-06,0.05,0.12,0.6859844896470887,0.14401551035291144,-0.00023082146250873328,1.301750990448336
2024-06-07,0.05,0.12,0.8300000000000001,0.0,-0.004806337250785088,1.2954943361716977
2024-06-10,0.05,0.12,0.8300000000000001,0.0,-0.000774652878163461,1.294490777755538
2024-06-11,0.05,0.12,0.7627662026151969,0.06723379738480308,0.002062483775995614,1.2971606439828347
2024-06-12,0.05,0.12,0.6964463111737536,0.13355368882624638,0.0032562536092338723,1.3013845280115601
2024-06-13,0.05,0.12,0.6964463111737536,0.13355368882624638,0.0024350203709446157,1.3045534258477005
2024-06-14,0.05,0.12,0.6258681308151399,0.2041318691848599,-0.0005327726914114776,1.3038583954079215
2024-06-17,0.05,0.12,0.6258681308151399,0.2041318691848599,-0.0024307686340278,1.3006890173171501
2024-06-18,0.05,0.12,0.6258681308151399,0.2041318691848599,0.002228977908872621,1.3035882244030634
2024-06-20,0.05,0.12,0.6258681308151399,0.2041318691848599,-0.0011303906938673043,1.3021146604055631
2024-06-21,0.05,0.12,0.6258681308151399,0.2041318691848599,-3.426893121612093e-05,1.30207003832783
2024-06-24,0.05,0.12,0.6258681308151399,0.2041318691848599,0.0004588561068983232,1.302667501116526
2024-06-25,0.05,0.12,0.6258681308151399,0.2041318691848599,0.00013392850247837806,1.3028419654241779
2024-06-26,0.05,0.12,0.7049052742522955,0.12509472574770442,-0.002739391941596496,1.2992729706429211
2024-06-27,0.05,0.12,0.6534662943740696,0.1765337056259304,0.0010958019518256164,1.300696716500106
2024-06-28,0.05,0.12,0.6534662943740696,0.1765337056259304,-0.0013283825665271563,1.298968893657568
2024-07-01,0.05,0.12,0.7799999999999999,0.05,-0.002105697778828345,1.2962336577434264
2024-07-02,0.05,0.12,0.7154015144876528,0.11459848551234722,0.0017554952000814737,1.2985091897077792
2024-07-03,0.05,0.12,0.6316329527893274,0.19836704721067255,0.0030491141666822356,1.3024684924736842
2024-07-05,0.05,0.12,0.6316329527893274,0.19836704721067255,0.0029201166041470067,1.306271852344935
2024-07-08,0.05,0.12,0.6316329527893274,0.19836704721067255,0.000261259636415374,1.3066131284541382
2024-07-09,0.05,0.12,0.6316329527893274,0.19836704721067255,-0.00038415481663173944,1.3061111867273683
2024-07-10,0.05,0.12,0.6316329527893274,0.19836704721067255,0.0003521781337535061,1.3065711705275844
2024-07-11,0.05,0.12,0.6316329527893274,0.19836704721067255,0.0033927309827186006,1.3110040150189604
2024-07-12,0.05,0.12,0.6316329527893274,0.19836704721067255,0.0015184200533331358,1.3129946698053654
2024-07-15,0.05,0.12,0.6316329527893274,0.19836704721067255,-0.0006375187707658856,1.3121576110574489
2024-07-16,0.05,0.12,0.6316329527893274,0.19836704721067255,0.0014848934541048207,1.3141060253048618
2024-07-17,0.05,0.12,0.6316329527893274,0.19836704721067255,0.0001159049006572778,1.314258336633178
2024-07-18,0.05,0.12,0.6316329527893274,0.19836704721067255,-0.0013414889301448197,1.312495273623234
2024-07-19,0.05,0.12,0.6316329527893274,0.19836704721067255,-0.0014462371816773535,1.3105970941577443
2024-07-22,0.05,0.12,0.6316329527893274,0.19836704721067255,-0.0001696043759880749,1.3103748111554179
2024-07-23,0.05,0.12,0.6316329527893274,0.19836704721067255,0.00043831984144568304,1.310949174434878
2024-07-24,0.05,0.12,0.6316329527893274,0.19836704721067255,-0.0008564674228535427,1.3098263891739579
2024-07-25,0.05,0.12,0.6316329527893274,0.19836704721067255,0.0004387355731530695,1.310401056605543
2024-07-26,0.05,0.12,0.5745604131100679,0.25543958688993207,0.0021303527330813997,1.3131926730779153
2024-07-29,0.05,0.12,0.5745604131100679,0.25543958688993207,0.0005379423732493754,1.3138990950610046
2024-07-30,0.05,0.12,0.5745604131100679,0.25543958688993207,0.0005875070394616656,1.3146710200284952
2024-07-31,0.05,0.12,0.5745604131100679,0.25543958688993207,0.004257610907854054,1.3202683777036082
2024-08-01,0.05,0.12,0.5137742351569854,0.31622576484301457,0.00194299725079226,1.3228336555317943
2024-08-02,0.05,0.12,0.5137742351569854,0.31622576484301457,0.0059649964299229325,1.3307243535644233
2024-08-05,0.05,0.12,0.4330562398293756,0.3969437601706243,-0.0020118948893212652,1.3280470760383916
2024-08-06,0.05,0.12,0.4330562398293756,0.3969437601706243,-0.002526629876612417,1.3246915926185252
2024-08-07,0.05,0.12,0.4330562398293756,0.3969437601706243,-0.0006475566029286843,1.323833779830881
2024-08-08,0.05,0.12,0.4899387292436034,0.3400612707563967,-0.0010198087560239779,1.3224837225506891
2024-08-09,0.05,0.12,0.4899387292436034,0.3400612707563967,0.0011999065834543288,1.324070579475889
2024-08-12,0.05,0.12,0.4899387292436034,0.3400612707563967,0.0012981067931457412,1.325789364489711
2024-08-13,0.05,0.12,0.4899387292436034,0.3400612707563967,0.002310504288192939,1.328852606501605
2024-08-14,0.05,0.12,0.4899387292436034,0.3400612707563967,0.0008456066520351896,1.3299762931052372
2024-08-15,0.05,0.12,0.4899387292436034,0.3400612707563967,-0.0025059444757992376,1.3266434463605863
2024-08-16,0.05,0.12,0.4899387292436034,0.3400612707563967,0.001105365187368611,1.3281098718422442
2024-08-19,0.05,0.12,0.4899387292436034,0.3400612707563967,0.0007065098634670364,1.3290481945664687
2024-08-20,0.05,0.12,0.4899387292436034,0.3400612707563967,0.0017424617073562164,1.3313640101527318
2024-08-21,0.05,0.12,0.4899387292436034,0.3400612707563967,0.0015131942944750518,1.3333786225767643
2024-08-22,0.05,0.12,0.4899387292436034,0.3400612707563967,-0.00206740437534549,1.330621989778457
2024-08-23,0.05,0.12,0.4899387292436034,0.3400612707563967,0.002789500317890252,1.3343337602419356
2024-08-26,0.05,0.12,0.4899387292436034,0.3400612707563967,-0.0003361494557734898,1.33388522467461
2024-08-27,0.05,0.12,0.4899387292436034,0.3400612707563967,0.00021641784737700114,1.334173901243582
2024-08-28,0.05,0.12,0.4899387292436034,0.3400612707563967,-0.0002693161097274909,1.3338145867187992
2024-08-29,0.05,0.12,0.4899387292436034,0.3400612707563967,-0.0007277265249133707,1.3328439344647276
2024-08-30,0.05,0.12,0.5482860525219557,0.28171394747804407,-0.0010154357676782628,1.331490517060939
2024-09-03,0.05,0.12,0.5482860525219557,0.28171394747804407,0.002071626730978413,1.3342488684081266
2024-09-04,0.05,0.12,0.5482860525219557,0.28171394747804407,0.002745830006857473,1.3379124889876173
2024-09-05,0.05,0.12,0.5482860525219557,0.28171394747804407,0.000920149741610048,1.3391435688186561
2024-09-06,0.05,0.12,0.5482860525219557,0.28171394747804407,0.0012293161525354862,1.3407897996383689
2024-09-09,0.05,0.12,0.5482860525219557,0.28171394747804407,0.00034164067289580943,1.341247867967729
2024-09-10,0.05,0.12,0.5482860525219557,0.28171394747804407,0.0016976954144201522,1.3435248983227788
2024-09-11,0.05,0.12,0.5482860525219557,0.28171394747804407,-0.000804117045575762,1.342444547050882
2024-09-12,0.05,0.12,0.5482860525219557,0.28171394747804407,-0.0002778514300240143,1.3420715469137559
2024-09-13,0.05,0.12,0.5482860525219557,0.28171394747804407,0.0016667750987332307,1.34430847834887
2024-09-16,0.05,0.12,0.5482860525219557,0.28171394747804407,0.0013596157359518405,1.3461362213100065
2024-09-17,0.05,0.12,0.5482860525219557,0.28171394747804407,-0.0004992251025076421,1.3454641963169338
2024-09-18,0.05,0.12,0.5482860525219557,0.28171394747804407,-0.00131720180635693,1.3436919484471566
2024-09-19,0.05,0.12,0.5482860525219557,0.28171394747804407,0.0010090356151799974,1.3450477814789703
2024-09-20,0.05,0.12,0.5482860525219557,0.28171394747804407,-0.0001767041128643146,1.3448101060039839
2024-09-23,0.05,0.12,0.5482860525219557,0.28171394747804407,-0.00019548819303352618,1.344547211506388
2024-09-24,0.05,0.12,0.5482860525219557,0.28171394747804407,0.0009401618497100867,1.3458113034997803
2024-09-25,0.05,0.12,0.5482860525219557,0.28171394747804407,-0.0017445794050946668,1.343463428816551
2024-09-26,0.05,0.12,0.5482860525219557,0.28171394747804407,-0.0008183013130969386,1.3423640709286528
2024-09-27,0.05,0.12,0.5482860525219557,0.28171394747804407,0.0019455783166656406,1.3449757453581226
2024-09-30,0.05,0.12,0.5482860525219557,0.28171394747804407,-0.001308357001125816,1.3432160369253388
2024-10-01,0.05,0.12,0.5482860525219557,0.28171394747804407,0.001494707981148907,1.3452237526561384
2024-10-02,0.05,0.12,0.5482860525219557,0.28171394747804407,-0.0008900064553334945,1.3440264948324063
2024-10-03,0.05,0.12,0.5482860525219557,0.28171394747804407,-0.002218357510886103,1.341044963562765
2024-10-04,0.05,0.12,0.5482860525219557,0.28171394747804407,-0.00483888424871311,1.3345558022117652
2024-10-07,0.05,0.12,0.5482860525219557,0.28171394747804407,-0.00198295696709885,1.3319094354857872
2024-10-08,0.05,0.12,0.5482860525219557,0.28171394747804407,0.00022904694575316887,1.3322145052740049
2024-10-09,0.05,0.12,0.5482860525219557,0.28171394747804407,-0.0014719012889422363,1.3302536170265444
2024-10-10,0.05,0.12,0.5482860525219557,0.28171394747804407,0.00048308839064129644,1.3308962471055386
2024-10-11,0.05,0.12,0.5482860525219557,0.28171394747804407,0.00044645731434304913,1.3314904354696904
2024-10-14,0.05,0.12,0.5482860525219557,0.28171394747804407,0.0,1.3314904354696904
2024-10-15,0.05,0.12,0.5482860525219557,0.28171394747804407,0.0012630653322897676,1.3331721948790076
2024-10-16,0.05,0.12,0.5482860525219557,0.28171394747804407,0.0008549158483655368,1.33431194491701
2024-10-17,0.05,0.12,0.5482860525219557,0.28171394747804407,-0.0019658208630888544,1.3316889266578236
2024-10-18,0.05,0.12,0.5482860525219557,0.28171394747804407,0.0004391920866508632,1.3322737938962923
2024-10-21,0.05,0.12,0.5482860525219557,0.28171394747804407,-0.003755044623517459,1.3272710463494688
2024-10-22,0.05,0.12,0.5482860525219557,0.28171394747804407,-0.0009150805836265663,1.3260564863857447
2024-10-23,0.05,0.12,0.5482860525219557,0.28171394747804407,-0.0015014997741345205,1.3240654128709468
2024-10-24,0.05,0.12,0.5482860525219557,0.28171394747804407,0.0007555894048524999,1.3250658626682439
2024-10-25,0.05,0.12,0.6024155559322456,0.22758444406775435,-0.0007891897517506626,1.3240201342690314
2024-10-28,0.05,0.12,0.6608235085368903,0.16917649146310973,-0.0009556378688432975,1.322754850489613
2024-10-29,0.05,0.12,0.6608235085368903,0.16917649146310973,0.00020147372030089301,1.3230213508303872
2024-10-30,0.05,0.12,0.6608235085368903,0.16917649146310973,-0.0008669734876349052,1.3218743263956423
2024-10-31,0.05,0.12,0.6608235085368903,0.16917649146310973,-0.0007982880906931986,1.3208190898634875
2024-11-01,0.05,0.12,0.6608235085368903,0.16917649146310973,-0.002285375179917019,1.317800522698353
2024-11-04,0.05,0.12,0.6608235085368903,0.16917649146310973,0.0022244728661732502,1.3207319342041244
2024-11-05,0.05,0.12,0.6608235085368903,0.16917649146310973,0.0001895134342867293,1.3209822306487475
2024-11-06,0.05,0.12,0.7524409066757067,0.0775590933242933,-0.0027241443281116047,1.3173836843975895
2024-11-07,0.05,0.12,0.6754940834880285,0.1545059165119715,0.004370492085803869,1.3231412993642162
2024-11-08,0.05,0.12,0.6754940834880285,0.1545059165119715,0.0005071091666250973,1.323812276445864
2024-11-11,0.05,0.12,0.6754940834880285,0.1545059165119715,0.0,1.323812276445864
2024-11-12,0.05,0.12,0.7656680976042205,0.06433190239577943,-0.00416380136099057,1.3183001850875027
2024-11-13,0.05,0.12,0.7656680976042205,0.06433190239577943,9.774386220063534e-05,1.318429040839133
2024-11-14,0.05,0.12,0.7656680976042205,0.06433190239577943,-0.0012373270744797781,1.3167977128911224
2024-11-15,0.05,0.12,0.7068344497762405,0.12316555022375947,-0.00014906697208400682,1.3166014218432145
2024-11-18,0.05,0.12,0.7068344497762405,0.12316555022375947,0.0011171945250410445,1.318072321743359
2024-11-19,0.05,0.12,0.7068344497762405,0.12316555022375947,0.0008472262541051464,1.319189027219149
2024-11-20,0.05,0.12,0.7068344497762405,0.12316555022375947,-0.0010043567708341759,1.3178640907876513
2024-11-21,0.05,0.12,0.7671850637250404,0.06281493627495961,-0.00041833923477890237,1.3173127765323687
2024-11-22,0.05,0.12,0.7671850637250404,0.06281493627495961,-0.00019653528009510248,1.31705387809686
2024-11-25,0.05,0.12,0.6721052344906132,0.15789476550938675,0.004788728496633643,1.3233608915345043
2024-11-26,0.05,0.12,0.7366525424969804,0.09334745750301937,-0.001149884030366026,1.321839179978918
2024-11-27,0.05,0.12,0.6690409630728469,0.1609590369271532,0.0014157658732948395,1.3237105947799164
2024-11-29,0.05,0.12,0.6690409630728469,0.1609590369271532,0.0019973615638519,1.3263545234435934
2024-12-02,0.05,0.12,0.6690409630728469,0.1609590369271532,0.0006871781033006809,1.3272659652293175
2024-12-03,0.05,0.12,0.6690409630728469,0.1609590369271532,-0.0005542888937529359,1.3265302764457345
2024-12-04,0.05,0.12,0.7255040219918154,0.10449597800818461,0.0017869534534513125,1.328900724304337
2024-12-05,0.05,0.12,0.7255040219918154,0.10449597800818461,-0.00014620467671504347,1.3287064328035536
2024-12-06,0.05,0.12,0.6737540582662567,0.15624594173374332,0.001411910918933729,1.3305824479240864
2024-12-09,0.05,0.12,0.6737540582662567,0.15624594173374332,-0.0012623339460168899,1.3289028085320975
2024-12-10,0.05,0.12,0.7530026708392044,0.07699732916079555,-0.0006463019917183024,1.328043936000143
2024-12-11,0.05,0.12,0.7530026708392044,0.07699732916079555,-0.000596761281627169,1.3272514107988382
2024-12-12,0.05,0.12,0.7530026708392044,0.07699732916079555,-0.0018289796239845406,1.3248238950125824
2024-12-13,0.05,0.12,0.8300000000000001,0.0,-0.002165782515469721,1.3219546145846877
2024-12-16,0.05,0.12,0.8300000000000001,0.0,6.113455586572281e-05,1.3220354316929248
2024-12-17,0.05,0.12,0.8300000000000001,0.0,-0.0005621696294818646,1.321292223524128
2024-12-18,0.88,0.12,0.0,0.0,-0.004280052414645382,1.3156370235523815
2024-12-19,0.88,0.12,0.0,0.0,-0.0006629156010230197,1.3147648672441852
2024-12-20,0.88,0.12,0.0,0.0,0.0002098549531941174,1.315040777163862
2024-12-23,0.88,0.12,0.0,0.0,-0.00012322858903264232,1.3148787265443715
2024-12-24,0.88,0.12,0.0,0.0,0.0,1.3148787265443715
2024-12-26,0.88,0.12,0.0,0.0,0.0,1.3148787265443715
2024-12-27,0.88,0.12,0.0,0.0,2.4671052631566326e-05,1.3149111659866382
2024-12-30,0.88,0.12,0.0,0.0,-2.4665981500504584e-05,1.3148787324121431
2024-12-31,0.88,0.12,0.0,0.0,0.0001850328947368407,1.3151220282302292
2025-01-02,0.88,0.12,0.0,0.0,0.00016011495432617371,1.3153325989337126
2025-01-03,0.88,0.12,0.0,0.0,0.00015990159901598132,1.31554292271952
2025-01-06,0.88,0.12,0.0,0.0,0.00015968881154673653,1.3157530002053877
2025-01-07,0.88,0.12,0.0,0.0,-0.00024534859946839126,1.315430182049541
2025-01-08,0.88,0.12,0.0,0.0,-0.00011063306699446772,1.315284651974084
2025-01-10,0.88,0.12,0.0,0.0,-0.00035681328821901114,1.314815340932469
2025-01-13,0.1,0.0,0.0,0.9,-0.00025915261209378035,1.3144746031024455
2025-01-14,0.1,0.0,0.0,0.9,0.0003813559322034088,1.3149758857900693
2025-01-15,0.88,0.12,0.0,0.0,0.004383735705209691,1.3207403925320969
2025-01-16,0.88,0.12,0.0,0.0,0.00011056511056509066,1.320886420339625
2025-01-17,0.88,0.12,0.0,0.0,0.00020865296103098174,1.3211620272024145
2025-01-21,0.05,0.12,0.0,0.83,0.00019603839085154283,1.3214210256802814
2025-01-22,0.88,0.12,0.0,0.0,-0.0010474287517089709,1.3200369313048712
2025-01-23,0.88,0.12,0.0,0.0,-8.562691131497767e-05,1.319923900619622
2025-01-24,0.88,0.12,0.0,0.0,0.00011017035601345703,1.3200693171056637
2025-01-27,0.88,0.12,0.0,0.0,3.6689767631461475e-05,1.3201177501421655
2025-01-28,0.88,0.12,0.0,0.0,2.4452368823224544e-05,1.3201500301482822
2025-01-29,0.05,0.12,0.8300000000000001,0.0,-2.444738718549555e-05,1.3201177559293522
2025-01-30,0.05,0.12,0.8300000000000001,0.0,0.0009691599739576008,1.3213971612193096
2025-01-31,0.05,0.12,0.7555815369194399,0.07441846308056001,0.00013468353117228825,1.3215751316550635
2025-02-03,0.05,0.12,0.7555815369194399,0.07441846308056001,-0.0009037828905047124,1.320380714662557
2025-02-04,0.05,0.12,0.7555815369194399,0.07441846308056001,0.0012950259113772356,1.322090641900928
2025-02-05,0.05,0.12,0.668494616871534,0.16150538312846618,0.0023800800370717893,1.3252373234449157
2025-02-06,0.05,0.12,0.668494616871534,0.16150538312846618,-0.0007261105549224806,1.3242750546365851
2025-02-07,0.05,0.12,0.0,0.83,-0.0021680386191319967,1.32140397517578
2025-02-10,0.05,0.12,0.7109647892521708,0.11903521074782936,7.331228999082562e-05,1.321500850327203
2025-02-11,0.05,0.12,0.7109647892521708,0.11903521074782936,-0.0008101162623208466,1.320430280997682
2025-02-12,0.88,0.12,0.0,0.0,-0.002778043914353801,1.316762067691228
2025-02-13,0.88,0.12,0.0,0.0,0.0002204756558130061,1.317052381671652
2025-02-14,0.05,0.12,0.7409819737052704,0.08901802629472967,0.00022007131940904757,1.3173422271270174
2025-02-18,0.88,0.12,0.0,0.0,-0.0017738052699191,1.3150055185422524
2025-02-19,0.88,0.12,0.0,0.0,-0.00010987892969783085,1.3148610271433283
2025-02-20,0.05,0.12,0.8300000000000001,0.0,6.109979633399654e-05,1.3149413648842943
2025-02-21,0.05,0.12,0.6190185936586423,0.21098140634135754,0.002130017959065183,1.3177422136066153
2025-02-24,0.05,0.12,0.6190185936586423,0.21098140634135754,0.0007793418190659311,1.3187691852204275
2025-02-25,0.05,0.12,0.5174886535961706,0.3125113464038295,0.0027817968729770214,1.3224377332160522
2025-02-26,0.05,0.12,0.5174886535961706,0.3125113464038295,0.0011693879797744144,1.3239841760052753
2025-02-27,0.05,0.12,0.5174886535961706,0.3125113464038295,-0.0003749215861876119,1.3234877857579201
2025-02-28,0.05,0.12,0.5174886535961706,0.3125113464038295,0.002185831700840933,1.3263807073157057
2025-03-03,0.05,0.12,0.45067036858666637,0.3793296314133336,0.0010562252883397913,1.3277816641607385
2025-03-04,0.05,0.12,0.45067036858666637,0.3793296314133336,-0.0010777286851266048,1.3263506757736874
2025-03-05,0.05,0.12,0.45067036858666637,0.3793296314133336,-0.0018849050093228783,1.3238506307408027
2025-03-06,0.05,0.12,0.35704865520499524,0.47295134479500467,-0.00030092558049235564,1.3234522502212618
2025-03-07,0.05,0.12,0.0,0.83,-0.0007463847957877379,1.3224644455837455
2025-03-10,0.05,0.0,0.19327891624388593,0.7567210837561141,0.0027486335347686607,1.3260994157074162
2025-03-11,0.05,0.0,0.0,0.95,-0.001846717276972912,1.3236504850054456
2025-03-12,0.05,0.0,0.0,0.95,-0.0014772962886170082,1.3216950610565208
2025-03-13,0.05,0.0,0.0,0.95,0.001775516561104795,1.3240417525261572
2025-03-14,0.05,0.0,0.0,0.95,-0.0021660275676236183,1.321173841589501
2025-03-17,0.05,0.0,0.0,0.95,-0.0001973615872026213,1.3209130926231543
2025-03-18,0.05,0.0,0.05,0.8999999999999999,0.0005922077922079105,1.321695347649435
2025-03-19,0.05,0.054447612810315245,0.2581010466293087,0.637451340560376,0.001717101939350163,1.323964833294114
2025-03-20,0.05,0.12,0.33634700635531084,0.4936529936446892,0.0008488437952683434,1.3250886726280091
2025-03-21,0.05,0.12,0.28094415208046686,0.549055847919533,-0.0002781235656423261,1.3247201342415855
2025-03-24,0.05,0.12,0.338451287702379,0.4915487122976209,-0.002233405975475989,1.3217614963779372
2025-03-25,0.05,0.12,0.338451287702379,0.4915487122976209,0.000805344756592452,1.322825970068511
2025-03-26,0.05,0.08254773350339456,0.20705794084048249,0.6603943256561229,-0.001227183117464405,1.3212026203706995
2025-03-27,0.05,0.0,0.2345338281778787,0.7154661718221212,-0.00016867657716801188,1.32097976443495
2025-03-28,0.05,0.0,0.30340386148028065,0.6465961385197193,0.003422455055779082,1.3255007583083223
2025-03-31,0.05,0.0,0.3547196444693283,0.5952803555306717,0.0014746608977065506,1.3274554224464798
2025-04-01,0.05,0.05,0.3562328888518852,0.5437671111481146,0.0011372519137519289,1.3289650736660776
2025-04-02,0.05,0.05,0.3562328888518852,0.5437671111481146,-0.0005684639335826776,1.3282096049527075
2025-04-03,0.05,0.05,0.3562328888518852,0.5437671111481146,0.004059965213656736,1.3336020897452603
2025-04-04,0.05,0.0,0.31700416617198035,0.6329958338280197,-0.0010381376440869818,1.3322176272136625
2025-04-07,0.05,0.0,0.12841560864388582,0.821584391356114,-0.005967345064831268,1.324267824930628
2025-04-08,0.05,0.0,0.12841560864388582,0.821584391356114,-0.0008809257731403657,1.323101243273106
2025-04-09,0.05,0.0,0.0,0.95,-0.00329424768308512,1.3187426200679664
2025-04-10,0.05,0.0,0.0,0.95,-0.0011792696803558488,1.3171874668799273
2025-04-11,0.05,0.0,0.0,0.95,-0.0033454168824444074,1.3127809256908831
2025-04-14,0.05,0.0,0.0,0.95,0.00404843571354333,1.3180956348745085
2025-04-15,0.05,0.0,0.12040674655699077,0.8295932534430093,0.0009832332850341352,1.3193916303755753
2025-04-16,0.05,0.0,0.18208657482559545,0.7679134251744045,0.002505412445996207,1.3226972505874615
2025-04-17,0.05,0.0,0.18208657482559545,0.7679134251744045,-0.000848229486824477,1.3215752997773715
2025-04-21,0.05,0.0,0.08188400874712347,0.8681159912528764,-0.001224655528506674,1.3199568252801612
2025-04-22,0.05,0.0,0.08188400874712347,0.8681159912528764,-0.0004231503924215137,1.3193982850315646
2025-04-23,0.05,0.0,0.08188400874712347,0.8681159912528764,-0.0004539076058308918,1.3187994001148686
2025-04-24,0.05,0.0,0.24457723818608687,0.7054227618139131,0.002558074928058903,1.3221729877954416
2025-04-25,0.05,0.0,0.30548765299606395,0.6445123470039361,0.0018438361499291541,1.3246108581467986
2025-04-28,0.05,0.0,0.30548765299606395,0.6445123470039361,0.0022790927124631067,1.3276297691004506
2025-04-29,0.05,0.0,0.30548765299606395,0.6445123470039361,0.0012399072076319153,1.329275906820225
2025-04-30,0.05,0.0,0.30548765299606395,0.6445123470039361,0.0018023329752721417,1.3316717046203217
2025-05-01,0.05,0.0,0.30548765299606395,0.6445123470039361,-0.0028807036496396204,1.3278355530807
2025-05-02,0.05,0.0,0.2457505404593964,0.7042494595406036,-0.0033912604439522323,1.323332516893464
2025-05-05,0.05,0.0,0.2457505404593964,0.7042494595406036,-0.0006092077153732554,1.3225263325141683
2025-05-06,0.05,0.0,0.2457505404593964,0.7042494595406036,0.0014686869255098333,1.3244687096473744
2025-05-07,0.05,0.0,0.31400286220211376,0.6359971377978862,0.0008104198453637145,1.325542085374236
2025-05-08,0.05,0.0,0.31400286220211376,0.6359971377978862,-0.0036484533267104225,1.3207059069431577
2025-05-09,0.05,0.05,0.3257325525140843,0.5742674474859157,0.0003263612630276183,1.3211369341910355
2025-05-12,0.05,0.12,0.35362669236300365,0.4763733076369963,-0.0025228461042883046,1.3178039090233802
2025-05-13,0.05,0.12,0.35362669236300365,0.4763733076369963,0.0003644722670934152,1.3182842120016867
2025-05-14,0.05,0.12,0.35362669236300365,0.4763733076369963,-0.0016185113641976534,1.3161505540233196
2025-05-15,0.05,0.12,0.35362669236300365,0.4763733076369963,0.0027011466793345875,1.319705669721824
2025-05-16,0.05,0.12,0.35362669236300365,0.4763733076369963,0.00016941402626906182,1.3199292463728216
2025-05-19,0.05,0.12,0.35362669236300365,0.4763733076369963,0.00015808067942511163,1.320137901684881
2025-05-20,0.05,0.12,0.35362669236300365,0.4763733076369963,-1.3294189416200374e-05,1.3201203515215605
2025-05-21,0.05,0.0,0.14958789083856516,0.8004121091614347,-0.0027867324029351073,1.3164415293622012
2025-05-22,0.05,0.0,0.14958789083856516,0.8004121091614347,0.001348860526694577,1.3182172253768591
2025-05-23,0.05,0.0,0.22685602813201794,0.7231439718679821,0.00092253610421716,1.3194333283604702
2025-05-27,0.05,0.0,0.28647208938345503,0.663527910616545,0.0014588309143723863,1.3213581584893357
2025-05-28,0.05,0.0,0.16349606899197558,0.7865039310080244,-0.001078468504946609,1.3199331153316507
2025-05-29,0.05,0.0,0.3058945537207923,0.6441054462792078,0.0019174911424402917,1.3224640753889128
2025-05-30,0.05,0.0,0.3058945537207923,0.6441054462792078,0.001504276211890971,1.3244534266386006
2025-06-02,0.05,0.09278626571864985,0.30375291310825947,0.5534608211730907,-0.0013415347886537425,1.3226766262908132
2025-06-03,0.05,0.12,0.356287845016218,0.4737121549837819,-0.00022735107222151055,1.3223759143416236
2025-06-04,0.05,0.12,0.4206268689841178,0.4093731310158823,0.0031871311867811506,1.3265904998588698
2025-06-05,0.05,0.12,0.4206268689841178,0.4093731310158823,-0.0015811576270702485,1.324492951172019
2025-06-06,0.05,0.12,0.4776624358389993,0.35233756416100054,-0.0034162625436858153,1.3199681355135542
2025-06-09,0.05,0.12,0.4776624358389993,0.35233756416100054,0.0009170531595280313,1.321178616462703
2025-06-10,0.05,0.12,0.4776624358389993,0.35233756416100054,0.0005128389491505138,1.32185616831601
2025-06-11,0.05,0.12,0.4776624358389993,0.35233756416100054,0.002306767868535053,1.3249053836519062
2025-06-12,0.05,0.12,0.4776624358389993,0.35233756416100054,0.00154590710765685,1.3269535643014667
2025-06-13,0.05,0.12,0.4776624358389993,0.35233756416100054,-0.0019085765953025455,1.3244209717855877
2025-06-16,0.05,0.12,0.4776624358389993,0.35233756416100054,-0.0006933239169041204,1.3235027190497994
2025-06-17,0.05,0.12,0.4776624358389993,0.35233756416100054,0.0014620968869627174,1.325437808255209
2025-06-18,0.05,0.12,0.4776624358389993,0.35233756416100054,0.00014584827070668937,1.3256311210674723
2025-06-20,0.05,0.12,0.4776624358389993,0.35233756416100054,0.0006328196036282904,1.3264700064280635
2025-06-23,0.05,0.12,0.4776624358389993,0.35233756416100054,0.0016290076619469946,1.3286308362318775
2025-06-24,0.05,0.12,0.4776624358389993,0.35233756416100054,0.0020159728045409083,1.3313093198649952
2025-06-25,0.05,0.12,0.4776624358389993,0.35233756416100054,0.0004480989177016482,1.3319058781303528
2025-06-26,0.05,0.12,0.4776624358389993,0.35233756416100054,0.0017069548923505278,1.3341793813851779
2025-06-27,0.05,0.12,0.4776624358389993,0.35233756416100054,-0.0008454166398209169,1.333051443935649
2025-06-30,0.05,0.12,0.4776624358389993,0.35233756416100054,0.002456386563001016,1.3363259335903215
2025-07-01,0.05,0.12,0.5761590270988299,0.25384097290117,-0.0008676936602312745,1.3351664120497424
2025-07-02,0.05,0.12,0.5761590270988299,0.25384097290117,-0.00021656813560120763,1.3348772575491674
2025-07-03,0.05,0.12,0.6385798707557968,0.19142012924420307,-0.0015936080228049244,1.332749986442077
2025-07-07,0.05,0.12,0.6385798707557968,0.19142012924420307,-0.0013543408331305566,1.3309449887150844
2025-07-08,0.05,0.12,0.6385798707557968,0.19142012924420307,-0.0009078217590760267,1.3297367278941956
2025-07-09,0.05,0.12,0.6385798707557968,0.19142012924420307,0.001709066381932634,1.3320093362326606
2025-07-10,0.05,0.12,0.5868663977543122,0.24313360224568772,-9.211433946188447e-05,1.3318866390724964
2025-07-11,0.05,0.12,0.5868663977543122,0.24313360224568772,-0.0019185364669236586,1.3293313659856274
2025-07-14,0.05,0.12,0.5868663977543122,0.24313360224568772,-0.0001816695818375318,1.3290898669122453
2025-07-15,0.05,0.12,0.5868663977543122,0.24313360224568772,-0.0016249495075340804,1.3269301629875376
2025-07-16,0.05,0.12,0.5868663977543122,0.24313360224568772,0.0016373248611414725,1.3291027787323957
2025-07-17,0.05,0.12,0.5868663977543122,0.24313360224568772,-6.441975483444389e-05,1.32901715825724
2025-07-18,0.05,0.12,0.5868663977543122,0.24313360224568772,0.0013810507794214909,1.3308525984395156
2025-07-21,0.05,0.12,0.5868663977543122,0.24313360224568772,0.0015079112144185394,1.3328594059974406
2025-07-22,0.05,0.12,0.5868663977543122,0.24313360224568772,0.0008842078668728384,1.334037930769659
2025-07-23,0.05,0.12,0.5868663977543122,0.24313360224568772,-0.0012690812792444,1.3323449282059172
2025-07-24,0.05,0.12,0.6554707483150841,0.17452925168491581,-0.000655956788198641,1.3314709675060385
2025-07-25,0.05,0.12,0.6554707483150841,0.17452925168491581,0.0008638797966214055,1.332621198374655
2025-07-28,0.05,0.12,0.6554707483150841,0.17452925168491581,-0.0005790599421469068,1.3318495308206204
2025-07-29,0.05,0.12,0.6554707483150841,0.17452925168491581,0.0021068612213250766,1.3346555529497464
2025-07-30,0.05,0.12,0.6554707483150841,0.17452925168491581,-0.0017166203693982118,1.3323644560414223
2025-07-31,0.05,0.12,0.6554707483150841,0.17452925168491581,0.0006281556793014665,1.3332013883413842
2025-08-01,0.05,0.12,0.519834326843355,0.31016567315664484,0.004929808964384366,1.3397738164969593
2025-08-04,0.05,0.12,0.519834326843355,0.31016567315664484,0.0006793414262485666,1.3406839803523087
2025-08-05,0.05,0.12,0.519834326843355,0.31016567315664484,-0.00044737778134529814,1.3400841881276935
2025-08-06,0.05,0.12,0.519834326843355,0.31016567315664484,0.00018478166336741153,1.340331811113028
2025-08-07,0.05,0.12,0.519834326843355,0.31016567315664484,-0.00033530794799169005,1.3398823872038157
2025-08-08,0.05,0.12,0.519834326843355,0.31016567315664484,-0.0013306960532889936,1.3380994109992923
2025-08-11,0.05,0.12,0.519834326843355,0.31016567315664484,1.9701149893778474e-05,1.3381257730963612
2025-08-12,0.05,0.12,0.519834326843355,0.31016567315664484,0.0005067554125017579,1.3388038755744858
2025-08-13,0.05,0.12,0.519834326843355,0.31016567315664484,0.0022486286507144714,1.3418143483267901
2025-08-14,0.05,0.12,0.519834326843355,0.31016567315664484,-0.0015604519560689632,1.3397205115022623
2025-08-15,0.05,0.12,0.519834326843355,0.31016567315664484,-0.0005839124971979037,1.3389382319528438
2025-08-18,0.05,0.12,0.519834326843355,0.31016567315664484,-0.0004133298415850646,1.3383848088255386
2025-08-19,0.05,0.12,0.519834326843355,0.31016567315664484,0.0007572415361642368,1.3393982893941525
2025-08-20,0.05,0.12,0.519834326843355,0.31016567315664484,0.00015089266635774054,1.3396003947733544
2025-08-21,0.05,0.12,0.519834326843355,0.31016567315664484,-0.0015958455885640057,1.3374625993929168
2025-08-22,0.05,0.12,0.519834326843355,0.31016567315664484,0.0033103518740716224,1.3418900712153177
2025-08-25,0.05,0.12,0.5909882872309398,0.23901171276906027,-0.0006029081562015329,1.341081034746656
2025-08-26,0.05,0.12,0.5909882872309398,0.23901171276906027,0.0009744669432576289,1.3423878738832464
2025-08-27,0.05,0.12,0.5909882872309398,0.23901171276906027,0.0008282921794505642,1.343499763260973
2025-08-28,0.05,0.12,0.5909882872309398,0.23901171276906027,0.0004786388205055096,1.3441428144030099
2025-08-29,0.05,0.12,0.5909882872309398,0.23901171276906027,-0.00045087575850856964,1.343536772992022
2025-09-02,0.05,0.12,0.5909882872309398,0.23901171276906027,-0.0015543965032919348,1.341448384130039
2025-09-03,0.05,0.12,0.5909882872309398,0.23901171276906027,0.0016041761737718722,1.3436003036662054
2025-09-04,0.05,0.12,0.5909882872309398,0.23901171276906027,0.002234837252670906,1.3466030316775386
2025-09-05,0.05,0.12,0.5909882872309398,0.23901171276906027,0.002291126933712112,1.3496882701524333
2025-09-08,0.05,0.12,0.5363838686590283,0.29361613134097164,0.001143250712721016,1.3512313022292362
2025-09-09,0.05,0.12,0.5363838686590283,0.29361613134097164,-0.0013400129534393269,1.3494206347811564
2025-09-10,0.05,0.12,0.5363838686590283,0.29361613134097164,0.00099606259880613,1.3507647422055191
2025-09-11,0.05,0.12,0.5363838686590283,0.29361613134097164,0.0008046557521481478,1.3518516428251337
2025-09-12,0.05,0.12,0.5363838686590283,0.29361613134097164,-0.0009644258937932422,1.3505478820962262
2025-09-15,0.05,0.12,0.5363838686590283,0.29361613134097164,0.0010666102311757528,1.351988390284963
2025-09-16,0.05,0.12,0.5363838686590283,0.29361613134097164,0.0004284864069804021,1.3525676989325954
2025-09-17,0.05,0.12,0.5363838686590283,0.29361613134097164,-0.0013026042798353916,1.3508058384591988
2025-09-18,0.05,0.12,0.5907398022490439,0.2392601977509561,-0.0007861941054752534,1.3497438428713606
2025-09-19,0.05,0.12,0.5907398022490439,0.2392601977509561,4.6638959612573604e-05,1.3498067935199356
2025-09-22,0.05,0.12,0.5907398022490439,0.2392601977509561,-0.0007742796349060674,1.3487616656086552
2025-09-23,0.05,0.12,0.5907398022490439,0.2392601977509561,0.0008469518098979702,1.3499040017424633
2025-09-24,0.05,0.12,0.5907398022490439,0.2392601977509561,-0.0015697710407286927,1.3477849615327642
2025-09-25,0.05,0.12,0.6550150768313391,0.1749849231686608,-0.0018592481803620135,1.345279094795515
2025-09-26,0.05,0.12,0.6550150768313391,0.1749849231686608,0.0001433972020717283,1.3454720040537143
2025-09-29,0.05,0.12,0.6550150768313391,0.1749849231686608,0.001110565170216426,1.3469662383989176
2025-09-30,0.05,0.12,0.6550150768313391,0.1749849231686608,0.0002625779240524855,1.3473199219975651
2025-10-01,0.05,0.12,0.6550150768313391,0.1749849231686608,0.0019133150104879764,1.3498977694282526
2025-10-02,0.05,0.12,0.6550150768313391,0.1749849231686608,0.0004641819281438214,1.350524367577663
2025-10-03,0.05,0.12,0.6550150768313391,0.1749849231686608,-0.0010462459900690698,1.3491113868735942
2025-10-06,0.05,0.12,0.6550150768313391,0.1749849231686608,-0.0009282934301798485,1.3478590156365786
2025-10-07,0.05,0.12,0.6550150768313391,0.1749849231686608,0.0007441589070185073,1.3488620369284698
2025-10-08,0.05,0.12,0.6550150768313391,0.1749849231686608,-0.00041118215123435334,1.3483074089344071
2025-10-09,0.05,0.12,0.5997571923592999,0.23024280764069996,-0.0011335994603269178,1.3467789683832845
2025-10-10,0.05,0.12,0.5997571923592999,0.23024280764069996,0.001160419513662862,1.3483417969787874
2025-10-13,0.05,0.12,0.541384595403616,0.288615404596384,0.0,1.3483417969787874
2025-10-14,0.05,0.12,0.541384595403616,0.288615404596384,0.0016838102945391036,1.3506121487770977
2025-10-15,0.05,0.12,0.541384595403616,0.288615404596384,0.00031253528879299355,1.3510342627350629
2025-10-16,0.05,0.12,0.541384595403616,0.288615404596384,0.0018898247760857343,1.3535874807581203
2025-10-17,0.05,0.12,0.541384595403616,0.288615404596384,-0.0011764310019487909,1.3519950784819068
2025-10-20,0.05,0.12,0.541384595403616,0.288615404596384,0.0007589207670904545,1.3530211356239707
2025-10-21,0.05,0.12,0.541384595403616,0.288615404596384,0.0005589205849452539,1.353777366988537
2025-10-22,0.05,0.12,0.541384595403616,0.288615404596384,-0.00025833426035261906,1.353427639913754
2025-10-23,0.05,0.12,0.541384595403616,0.288615404596384,-0.001065612358868353,1.3519854106938278
2025-10-24,0.05,0.12,0.541384595403616,0.288615404596384,0.0008307374163998228,1.353108555560918
2025-10-27,0.05,0.12,0.541384595403616,0.288615404596384,0.00021910369715913276,1.3534050266480988
2025-10-28,0.05,0.12,0.541384595403616,0.288615404596384,0.0002129098085333895,1.3536931798531904
2025-10-29,0.05,0.12,0.541384595403616,0.288615404596384,-0.0031129689359733034,1.3494791750354684
2025-10-30,0.05,0.12,0.541384595403616,0.288615404596384,-0.0009757237056403864,1.3481624562141183
2025-10-31,0.05,0.12,0.541384595403616,0.288615404596384,-0.0001066090714486243,1.3480187298664994
2025-11-03,0.05,0.12,0.541384595403616,0.288615404596384,-0.0009074329934453718,1.3467954931952362
2025-11-04,0.05,0.12,0.47679900678301734,0.35320099321698256,0.00026131836753810956,1.3471474355949258
2025-11-05,0.05,0.12,0.47679900678301734,0.35320099321698256,-0.0016606193190228736,1.3449103365378048
2025-11-06,0.05,0.12,0.47679900678301734,0.35320099321698256,0.002035537599800115,1.3476479520961873
2025-11-07,0.05,0.12,0.47679900678301734,0.35320099321698256,-0.00020320438209046041,1.3473741041268061
2025-11-10,0.05,0.12,0.47679900678301734,0.35320099321698256,-0.0002963991016237059,1.346974743652792
2025-11-11,0.05,0.12,0.47679900678301734,0.35320099321698256,0.0,1.346974743652792
